trop 892 36 68 0 0
tree 1720 88 44 0 0
trop 5204 92 60 0 0
trop 660 100 41 179 179
trop 892 124 68 0 0
tree 1720 104 58 0 0
cliff 5440 96 11 179 179
trop 7852 124 76 0 0
tree 280 136 48 0 0
tree 264 152 1 0 0
tree 280 152 41 0 0
tree 296 152 41 0 0
tree 312 152 33 0 0
tree 376 152 33 0 0
tree 360 152 33 0 0
tree 1624 152 48 0 0
tree 1736 136 58 0 0
tree 1736 152 2 0 0
tree 1816 152 43 0 0
tree 1848 152 43 0 0
tree 1976 152 33 1 0
tree 1992 152 33 1 0
tree 2760 152 50 0 0
tree 2904 152 59 0 179
tree 2920 136 58 0 0
trop 3220 156 77 0 0
trop 3220 148 77 0 0
trop 4020 148 68 0 0
tree 5144 136 48 0 0
tree 5144 152 1 0 0
tree 6008 152 41 0 0
tree 6696 136 58 0 0
tree 6712 152 2 0 0
tree 6744 152 1 0 0
tree 264 168 33 0 0
tree 344 184 41 0 0
tree 328 168 1 0 0
tree 328 184 1 0 0
tree 376 168 1 0 0
trop 620 180 40 179 179
tree 1752 168 4 0 0
tree 1736 168 58 0 0
tree 1784 168 19 0 0
tree 1768 168 11 0 0
tree 1768 184 2 0 0
tree 1832 168 27 0 0
tree 1944 184 13 0 0
tree 1976 184 33 1 0
tree 1960 168 35 0 0
tree 1976 168 51 0 0
tree 2552 184 13 0 0
tree 2568 184 19 0 0
tree 2584 184 59 0 0
tree 2600 184 58 0 0
tree 2808 184 57 0 0
dom 2976 160 27 0 179
tree 3768 184 33 0 0
tree 3784 184 48 0 0
trop 4580 180 37 0 0
tree 5160 168 1 0 0
trop 5220 172 60 0 0
tree 5336 184 1 0 0
cliff 5408 160 0 179 179
tree 6008 168 1 0 0
tree 6024 184 1 0 0
tree 6072 184 48 0 0
tree 6104 184 1 0 0
tree 6712 168 1 0 0
tree 6744 168 48 0 0
tree 6760 168 13 0 0
tree 312 216 48 0 0
tree 328 216 1 0 0
stand 616 216 23 0 179
trop 892 204 68 0 0
tree 1608 216 21 0 0
tree 1752 200 33 0 0
tree 1768 200 21 0 0
tree 1784 200 27 0 0
tree 1768 216 33 0 0
tree 1832 216 33 0 0
tree 1880 216 13 0 0
tree 1912 216 58 0 0
tree 1896 200 13 0 0
tree 1912 200 51 0 0
tree 1944 200 33 1 0
tree 1944 216 33 1 0
tree 1928 200 2 0 0
tree 1960 216 33 1 0
tree 1992 216 33 1 0
tree 1992 200 33 1 0
tree 2584 200 19 0 0
tree 2904 216 11 0 179
tree 3736 200 41 0 0
tree 3800 216 33 0 0
tree 3928 216 33 0 0
tree 3928 200 48 0 0
tree 3944 216 41 0 0
tree 5304 200 48 0 0
cliff 5376 192 2 179 179
cliff 5888 192 35 179 179
tree 6040 200 48 0 0
tree 6024 216 1 0 0
tree 6040 216 13 0 0
tree 6056 216 59 0 0
tree 6104 216 58 0 0
tree 6088 216 57 0 0
tree 6120 200 33 0 0
tree 6120 216 33 0 0
tree 6680 200 41 0 0
tree 6696 200 48 0 0
tree 7416 200 19 0 0
tree 7416 216 13 0 0
trop 7852 196 77 0 0
tree 376 232 56 0 0
tree 360 232 33 0 0
tree 392 232 1 0 0
tree 424 232 56 1 0
tree 440 248 56 1 0
dom 544 224 12 0 179
stand 648 232 22 0 179
tree 1688 232 1 0 0
tree 1704 248 56 0 0
tree 1720 248 1 0 0
tree 1816 232 33 1 0
tree 1800 232 33 1 0
tree 1800 248 33 1 0
tree 1832 248 48 0 0
tree 1848 232 1 0 0
tree 1864 232 56 0 0
tree 1896 248 33 1 0
tree 1912 248 33 1 0
tree 1944 232 33 1 0
tree 1928 248 33 1 0
tree 1960 232 33 1 0
tree 1976 232 33 1 0
tree 1992 232 33 1 0
tree 1992 248 33 1 0
tree 2168 248 35 0 0
tree 2184 248 4 0 0
tree 2184 232 44 0 0
tree 2200 232 43 0 0
tree 2216 232 35 0 0
tree 2216 248 19 0 0
tree 2504 248 35 0 0
tree 2552 232 59 0 0
tree 2600 248 56 1 0
tree 2616 248 56 1 0
tree 3016 232 49 0 179
tree 3064 248 25 0 179
trop 3220 236 76 0 0
tree 3304 248 33 0 0
tree 3320 248 33 0 0
tree 3640 232 41 0 0
tree 3720 232 41 0 0
tree 3784 232 56 0 0
tree 3800 232 56 0 0
tree 3864 248 1 0 0
tree 3864 232 48 0 0
trop 4012 228 61 0 0
tree 4536 248 43 0 0
tree 4536 232 35 0 0
tree 4552 248 19 0 0
cliff 5344 224 7 179 179
tree 6008 248 41 0 0
tree 6056 248 48 0 0
tree 6104 248 11 0 0
tree 6136 248 41 0 0
tree 6120 248 1 0 0
tree 7336 248 51 0 0
tree 7368 248 35 0 0
tree 7400 232 51 0 0
trop 132 284 118 0 0
tree 408 264 56 1 0
tree 424 264 56 1 0
trop 596 276 48 0 0
tree 1816 264 33 1 0
tree 1832 264 33 1 0
tree 1880 280 33 1 0
tree 1880 264 33 1 0
tree 1896 264 33 1 0
tree 1896 280 33 1 0
tree 1944 280 33 1 0
tree 1928 280 33 1 0
tree 1944 264 33 1 0
tree 1928 264 33 1 0
tree 1976 280 33 1 0
tree 1960 280 33 1 0
tree 1992 264 33 1 0
tree 2152 264 2 0 0
tree 2232 264 58 0 0
tree 2248 280 51 0 0
tree 2280 280 43 0 0
tree 2296 280 50 0 0
tree 2424 280 27 0 0
tree 2424 264 43 0 0
tree 2408 280 35 0 0
tree 2488 264 56 1 0
tree 2504 264 56 1 0
tree 2520 264 11 0 0
tree 2616 264 56 1 0
tree 2648 280 56 1 0
tree 2856 280 40 0 179
tree 3064 280 32 0 179
tree 3048 280 35 0 179
tree 3080 280 49 0 179
tree 3080 264 29 0 179
stand 3144 264 33 0 0
tree 3320 264 33 0 0
tree 3656 280 56 0 0
tree 3704 264 48 0 0
tree 3864 264 41 0 0
trop 3860 260 21 0 0
tree 4520 280 51 0 0
tree 4568 280 56 0 0
trop 4700 276 59 0 0
trop 5220 268 61 0 0
tree 5304 264 33 0 0
tree 5320 280 1 0 0
cliff 5376 256 8 179 179
tree 6024 280 1 0 0
tree 6056 280 41 0 0
tree 6104 280 33 0 0
tree 6088 264 1 0 0
tree 6104 264 50 0 0
tree 6120 280 1 0 0
tree 6136 264 33 0 0
tree 6760 280 33 0 0
tree 7336 264 43 0 0
tree 7480 264 2 0 0
trop 7852 284 76 0 0
tree 7960 280 9 0 179
trop 204 308 116 0 0
stand 856 312 24 0 0
trop 892 292 68 0 0
tree 1624 296 56 0 0
tree 1624 312 1 0 0
tree 1656 296 33 0 0
tree 1672 296 33 0 0
tree 1832 296 33 1 0
tree 1848 296 33 1 0
tree 1896 312 33 1 0
tree 1928 296 33 1 0
tree 1928 312 33 1 0
tree 1944 296 33 1 0
tree 1960 312 33 1 0
tree 2264 296 43 0 0
tree 2280 296 4 0 0
tree 2280 312 43 0 0
tree 2296 296 44 0 0
tree 2296 312 21 0 0
tree 2392 296 57 0 0
tree 2376 296 4 0 0
tree 2392 312 4 0 0
tree 2536 312 56 1 0
tree 2824 312 3 0 179
tree 2856 312 58 0 0
tree 3064 312 28 0 179
tree 3064 296 13 0 179
trop 3220 300 77 0 0
tree 3688 296 48 0 0
tree 3816 312 33 0 0
tree 3832 296 48 0 0
tree 3848 312 41 0 0
tree 3864 296 1 0 0
tree 5304 296 1 0 0
tree 5320 296 33 0 0
cliff 5984 288 35 179 179
tree 6024 312 56 0 0
tree 6040 296 33 0 0
tree 6104 296 43 0 0
tree 7944 296 60 0 179
trop 276 332 117 0 0
tree 440 344 56 1 0
tree 1624 328 1 0 0
tree 1640 344 33 0 0
tree 2168 344 33 1 0
tree 2200 328 33 0 0
tree 2296 328 35 0 0
tree 2312 328 11 0 0
tree 2408 328 27 0 0
tree 2456 344 11 0 0
tree 2888 344 13 0 0
tree 3064 328 50 0 179
cliff 3520 320 39 179 179
tree 3816 328 33 0 0
trop 3964 324 62 0 0
tree 4536 344 33 0 0
tree 4520 328 2 0 0
tree 4584 344 57 0 0
dom 4640 320 40 0 179
tree 5288 328 41 0 0
tree 5288 344 1 0 0
cliff 5376 320 10 179 179
tree 6088 328 1 0 0
zabor 6992 336 104 2 8
tree 7208 344 44 0 0
tree 7208 328 11 0 0
tree 7240 328 2 0 0
trop 596 356 48 0 0
trop 876 372 69 0 0
tree 2056 360 56 0 0
tree 2072 360 41 0 0
tree 2152 360 33 1 0
tree 2168 376 48 0 0
tree 2200 360 33 0 0
tree 2408 360 56 1 0
tree 2840 360 1 0 179
tree 2872 376 1 0 179
tree 2872 360 5 0 179
cliff 3552 352 35 179 179
tree 3576 376 13 0 0
tree 3816 360 56 0 0
trop 4756 380 60 0 0
trop 5188 372 39 0 0
tree 5288 360 56 0 0
tree 5304 376 41 0 0
tree 6152 376 56 0 0
zabor 6992 368 105 2 8
trop 7452 364 93 0 0
trop 7524 364 79 0 0
trop 7596 364 78 0 0
trop 7652 364 78 0 0
trop 7708 364 78 0 0
trop 7780 364 78 0 0
trop 7852 364 100 0 0
trop 7932 372 79 0 0
trop 8004 372 78 0 0
trop 8084 372 79 0 0
trop 324 404 118 0 0
trop 804 412 70 0 0
tree 2008 408 56 0 0
tree 2024 408 48 0 0
tree 2072 392 41 0 0
tree 2104 392 48 0 0
tree 2088 408 56 0 0
tree 2136 392 41 0 0
tree 2168 408 33 1 0
tree 2184 408 33 1 0
tree 2216 392 33 0 0
tree 2248 392 1 0 0
tree 2248 408 48 0 0
tree 2856 392 42 0 179
tree 2872 392 13 0 179
tree 2888 408 13 0 179
trop 3220 388 76 0 0
trop 3876 396 56 0 0
tree 4568 392 33 0 0
tree 4600 392 4 0 0
tree 5272 408 48 0 0
tree 5304 392 41 0 0
tree 5288 392 33 0 0
cliff 5376 384 11 179 179
dom 5632 384 1 0 179
zabor 6992 400 104 2 8
stand 7208 408 18 0 0
trop 388 428 127 0 0
trop 396 428 124 0 0
trop 596 436 48 0 0
tree 1544 424 50 0 0
tree 1560 424 48 0 0
tree 1576 424 48 0 0
tree 1592 440 56 0 0
tree 2040 424 56 0 0
tree 2088 440 1 0 0
tree 2152 440 33 1 0
tree 2168 424 33 1 0
tree 2152 424 33 1 0
tree 2232 424 48 0 0
dom 2464 416 40 0 179
tree 2856 424 27 0 179
tree 3752 440 33 0 0
stand 3800 424 25 0 0
tree 4616 424 57 0 0
tree 4648 440 58 0 0
cliff 6048 416 39 179 179
zabor 6992 432 105 2 8
trop 7308 420 93 0 0
trop 7388 420 90 0 0
trop 7852 420 77 0 0
trop 340 468 56 0 0
tree 2104 456 33 0 0
tree 2136 456 33 1 0
tree 2120 456 56 0 0
tree 2152 472 33 1 0
tree 2152 456 33 1 0
tree 2168 456 33 1 0
tree 2184 472 33 1 0
trop 3220 452 77 0 0
tree 4152 456 41 0 0
trop 4764 476 68 0 0
trop 5180 452 38 0 0
tree 5272 456 56 0 0
tree 5272 472 33 0 0
tree 5288 472 56 0 0
cliff 5344 448 2 179 179
zabor 6992 464 105 2 8
tree 7592 472 35 0 0
tree 7592 456 51 0 0
tree 7640 456 44 0 0
tree 7640 472 57 0 0
tree 7672 472 50 0 0
tree 7656 456 59 0 0
trop 7852 468 77 0 0
trop 780 500 67 0 0
tree 1560 504 1 0 0
tree 1544 488 33 0 0
tree 2168 488 33 1 0
tree 2200 488 33 1 0
tree 2216 504 41 1 0
tree 2872 504 35 0 0
trop 3828 492 39 0 0
lay 4168 504 13 0 0
tree 4600 504 11 0 0
tree 5272 504 56 0 0
tree 5272 488 56 0 0
tree 5288 488 33 0 0
tree 5288 504 33 0 0
zabor 6992 496 104 2 8
trop 7236 492 92 0 0
tree 7624 488 4 0 0
tree 7672 488 11 0 0
tree 7752 504 19 0 0
trop 300 540 39 0 0
lay 456 536 8 0 0
trop 596 516 48 0 0
tree 2184 536 33 0 0
tree 2216 520 33 1 0
tree 2216 536 33 1 0
tree 2328 520 33 1 0
tree 2328 536 33 1 0
tree 2312 536 33 1 0
tree 2360 520 48 0 0
tree 2648 536 51 0 0
tree 2664 536 35 0 0
tree 2680 520 13 0 0
trop 3220 540 76 0 0
tree 4040 536 33 0 0
tree 4072 520 56 0 0
lay 4104 520 1 0 0
lay 4152 520 19 0 0
tree 4552 536 13 0 0
tree 4584 520 41 0 0
trop 5212 516 118 0 0
cliff 5344 512 10 179 179
tree 5880 536 8 0 0
tree 5880 520 0 0 0
zabor 6992 528 105 2 8
tree 7384 536 2 0 0
tree 7368 520 21 0 0
tree 7384 520 21 0 0
tree 7672 520 58 0 0
tree 7704 536 21 0 0
tree 7688 536 57 0 0
tree 7752 520 2 0 0
tree 7768 536 27 0 0
trop 7852 540 76 0 0
stand 744 568 24 0 0
tree 2184 552 1 0 0
tree 2328 568 33 1 0
tree 2344 552 41 1 0
tree 2344 568 33 1 0
tree 2360 552 33 1 0
tree 2376 552 33 1 0
tree 2488 552 57 0 0
stand 2776 552 16 0 0
tree 3320 568 56 0 0
tree 3672 568 50 0 0
tree 4024 568 41 0 0
tree 4408 552 3 1 0
tree 4424 568 3 1 0
tree 4504 568 4 0 0
tree 4520 568 33 0 0
tree 4552 552 3 1 0
tree 4552 568 3 1 0
tree 4600 552 13 0 0
trop 4764 564 68 0 0
trop 5276 564 117 0 0
cliff 5344 544 8 179 179
zabor 6992 560 104 2 8
trop 7236 548 104 0 0
trop 7252 548 103 0 0
tree 7688 552 57 0 0
tree 7768 552 50 0 0
tree 7912 552 57 0 0
tree 7912 568 35 0 0
tree 7992 568 58 0 179
trop 596 596 48 0 0
trop 780 580 67 0 0
tree 2264 600 41 1 0
tree 2520 584 27 0 0
tree 2648 600 44 0 0
dom 2976 576 53 0 0
tree 3336 584 56 0 0
tree 3336 600 1 0 0
cliff 3648 576 35 179 179
trop 3820 580 68 0 0
tree 4024 584 48 0 0
tree 4408 584 3 1 0
tree 4408 600 3 1 0
tree 4440 600 3 1 0
tree 4456 600 3 1 0
tree 4504 600 57 0 0
tree 4600 600 3 1 0
tree 4616 600 3 1 0
cliff 5376 576 18 179 179
zabor 6992 592 104 2 8
dom 7328 576 54 0 0
tree 7768 600 35 0 0
tree 7912 584 58 0 0
tree 7928 584 50 0 0
tree 7944 600 59 0 0
tree 7976 600 19 0 179
trop 292 620 66 0 0
tree 2056 616 41 1 0
tree 2072 632 41 1 0
tree 2088 632 33 1 0
tree 2424 632 33 1 0
tree 2408 632 33 1 0
tree 2440 632 33 0 0
tree 2552 616 27 0 0
tree 2568 632 19 0 0
tree 2600 632 4 0 0
tree 2648 616 2 0 0
tree 2664 632 58 0 0
trop 3212 620 91 0 0
cliff 3680 608 32 179 179
tree 4408 616 3 1 0
tree 4408 632 3 1 0
lay 4440 616 5 0 0
tree 4424 616 3 1 0
tree 4424 632 3 1 0
tree 4456 616 3 1 0
tree 4456 632 3 1 0
tree 4536 632 21 0 0
tree 4520 616 41 0 0
tree 4552 616 44 0 0
tree 4600 616 3 1 0
tree 4584 616 41 0 0
tree 4616 632 3 1 0
tree 5928 632 16 0 0
trop 7852 612 77 0 0
tree 7976 632 51 0 0
tree 8008 632 58 0 0
trop 780 668 67 0 0
tree 1544 664 11 0 0
tree 2008 664 13 0 0
tree 2040 648 33 1 0
tree 2072 664 41 1 0
tree 2072 648 41 1 0
tree 2088 648 41 1 0
tree 2104 664 41 1 0
tree 2584 648 50 0 0
tree 2568 664 57 0 0
tree 2680 648 44 0 0
trop 2812 668 35 0 0
trop 2900 668 35 0 0
trop 2996 668 35 0 0
trop 3012 668 35 0 0
trop 3052 652 0 0 0
cliff 3776 640 34 179 179
trop 3820 668 68 0 0
tree 4424 648 3 1 0
tree 4520 664 3 1 0
tree 4536 664 3 1 0
tree 4520 648 3 1 0
trop 4764 652 68 0 0
trop 5300 644 68 0 0
cliff 5440 640 18 179 179
tree 5928 648 24 0 0
tree 6168 648 1 0 0
trop 7276 652 89 0 0
tree 7960 648 58 0 0
tree 7976 648 21 0 0
tree 8024 648 27 0 0
tree 152 696 48 0 0
tree 152 680 41 0 0
tree 136 696 33 0 0
trop 292 700 66 0 0
trop 596 676 48 0 0
tree 888 680 59 0 0
tree 1496 696 27 0 0
tree 2072 680 41 1 0
tree 2072 696 41 1 0
tree 2120 696 41 1 0
tree 2184 696 11 0 0
zabor 2736 688 33 0 9
zabor 2768 688 28 0 8
zabor 2800 688 30 0 8
zabor 2832 688 24 0 8
zabor 2864 688 27 0 8
zabor 2896 688 26 0 8
zabor 2928 688 28 0 8
trop 2988 692 30 0 0
trop 3084 684 0 0 0
trop 3156 692 92 0 0
tree 3320 680 1 0 0
tree 3320 696 33 0 0
tree 3528 680 56 0 0
tree 3560 696 33 0 0
lay 4504 680 17 0 0
tree 4536 680 3 1 0
tree 4536 696 3 1 0
tree 5384 680 33 0 0
tree 5384 696 48 0 0
tree 5896 696 1 0 0
tree 7208 680 59 0 0
tree 7224 696 44 0 0
trop 7852 692 76 0 0
tree 136 712 41 0 0
tree 136 728 41 0 0
tree 2120 728 41 1 0
tree 2152 728 41 1 0
tree 2440 728 33 0 0
tree 2488 728 1 0 0
tree 2824 728 59 1 0
zabor 2928 720 27 0 8
tree 3320 712 1 0 0
tree 3448 712 1 0 0
tree 3480 728 56 0 0
tree 3464 728 56 0 0
tree 3496 712 56 0 0
tree 3528 728 1 0 0
tree 3528 712 56 0 0
tree 3560 712 41 0 0
tree 3672 728 48 0 0
tree 4376 728 58 0 0
tree 4408 728 56 0 0
tree 4440 728 43 0 0
tree 4488 728 50 0 0
tree 4536 728 3 1 0
tree 4552 712 3 1 0
tree 4552 728 3 1 0
tree 4888 712 1 0 0
trop 5300 732 68 0 0
tree 5432 728 48 0 0
tree 5432 712 33 0 0
tree 5880 728 8 0 0
tree 5880 712 1 0 0
tree 5912 712 32 0 0
tree 5896 728 32 0 0
trop 7436 724 88 0 0
dom 7936 704 54 0 0
tree 136 744 56 0 0
tree 152 760 56 0 0
tree 424 760 56 1 0
trop 596 756 48 0 0
trop 780 748 67 0 0
tree 2056 744 44 0 0
tree 2136 744 41 1 0
tree 2136 760 41 1 0
tree 2152 744 41 1 0
tree 2456 744 48 0 0
tree 2472 760 1 0 0
tree 2488 760 41 0 0
tree 2504 744 48 0 0
zabor 2576 752 32 0 9
tree 2712 760 59 1 0
tree 2744 744 59 1 0
tree 2760 744 59 1 0
tree 2776 744 59 1 0
tree 2776 760 59 1 0
tree 2792 744 59 1 0
tree 2808 760 59 1 0
tree 2840 744 59 1 0
tree 2856 760 59 1 0
zabor 2928 752 24 0 8
trop 2972 740 22 0 0
tree 3064 760 48 0 0
tree 3080 760 41 0 0
trop 3164 740 76 0 0
tree 3320 744 33 0 0
tree 3336 744 1 0 0
tree 3464 760 1 0 0
tree 3480 744 1 0 0
tree 3656 744 56 0 0
trop 3796 748 69 0 0
tree 4376 760 3 1 0
tree 4360 744 2 0 0
tree 4392 744 59 0 0
tree 4488 744 3 1 0
tree 4536 744 3 1 0
tree 4552 760 3 1 0
trop 4764 740 68 0 0
tree 4856 760 1 0 0
tree 4888 744 1 0 0
tree 4872 744 1 0 0
tree 5400 760 1 0 0
tree 5448 744 1 0 0
cliff 5504 736 8 179 179
tree 5928 744 0 0 0
tree 5928 760 16 0 0
tree 6312 744 1 0 0
stand 7384 760 116 0 0
tree 152 776 1 0 0
tree 152 792 1 0 0
tree 136 792 56 0 0
trop 292 788 66 0 0
tree 424 792 56 1 0
tree 424 776 1 0 0
tree 456 792 56 1 0
tree 920 792 51 0 0
tree 904 776 2 0 0
tree 1592 792 48 0 0
tree 2472 776 48 0 0
zabor 2576 784 26 0 8
tree 2616 792 59 1 0
tree 2616 776 59 1 0
tree 2648 776 59 1 0
tree 2664 776 59 1 0
tree 2696 792 59 1 0
tree 2696 776 59 1 0
tree 2744 776 59 1 0
tree 2744 792 59 1 0
tree 2808 792 59 1 0
tree 2808 776 59 1 0
tree 2840 792 59 1 0
tree 2824 792 59 1 0
tree 2872 792 59 1 0
tree 2856 776 59 1 0
zabor 2928 784 30 0 8
zabor 2960 784 29 0 8
stand 3256 776 33 0 0
tree 3368 776 56 0 0
tree 3368 792 1 0 0
tree 3448 776 33 0 0
trop 3724 788 70 0 0
tree 4344 776 3 1 0
tree 4344 792 3 1 0
tree 4360 776 3 1 0
tree 4360 792 3 1 0
tree 4488 776 3 1 0
tree 4488 792 3 1 0
tree 4552 776 3 1 0
tree 4568 792 3 1 0
tree 4840 776 41 0 0
tree 4856 792 41 0 0
tree 4872 776 48 0 0
tree 4872 792 1 0 0
tree 5432 792 48 0 0
tree 5448 776 33 0 0
tree 6152 792 52 1 0
tree 120 824 33 0 0
tree 152 808 41 0 0
tree 136 824 48 0 0
tree 184 808 41 0 0
tree 168 808 33 0 0
tree 440 824 56 1 0
tree 648 808 34 0 0
tree 680 824 34 0 0
tree 696 808 42 0 0
tree 1592 808 48 0 0
tree 1608 808 41 0 0
tree 2056 824 57 0 0
tree 2424 824 43 0 0
zabor 2576 816 31 0 8
tree 2616 808 59 1 0
tree 2616 824 59 1 0
tree 2632 824 59 1 0
tree 2632 808 59 1 0
tree 2712 824 59 1 0
tree 2696 824 59 1 0
tree 2696 808 59 1 0
tree 2728 824 59 1 0
tree 2744 808 59 1 0
tree 2824 808 59 1 0
tree 2840 808 59 1 0
tree 2904 824 59 1 0
zabor 2960 816 26 0 8
trop 2996 820 6 0 0
tree 3048 824 56 0 0
tree 3064 824 41 0 0
trop 3164 812 77 0 0
tree 3800 824 33 0 0
tree 4360 808 3 1 0
tree 4440 808 3 1 0
tree 4456 808 3 1 0
trop 4764 828 122 0 0
tree 4952 808 33 0 0
trop 5300 812 68 0 0
tree 5416 808 1 0 0
cliff 5504 800 10 179 179
tree 6152 808 52 1 0
tree 6440 824 33 0 0
zabor 7024 816 104 2 8
zabor 7120 816 105 2 8
trop 7444 812 77 0 0
trop 7884 804 89 0 0
tree 136 840 33 0 0
tree 136 856 33 0 0
tree 440 840 56 1 0
tree 424 856 41 0 0
tree 456 856 56 1 0
lay 504 840 10 0 0
lay 536 840 4 0 0
trop 596 836 48 0 0
tree 680 840 34 0 0
trop 780 836 67 0 0
tree 1064 856 35 0 0
tree 1592 856 11 0 0
tree 1624 856 35 0 0
tree 1640 856 27 0 0
tree 2056 856 2 0 0
tree 2072 840 21 0 0
tree 2088 840 4 0 0
tree 2424 840 21 0 0
tree 2408 840 4 0 0
zabor 2576 848 31 0 8
tree 2616 840 59 1 0
tree 2616 856 59 1 0
tree 2664 856 59 1 0
tree 2696 856 59 1 0
tree 2744 840 59 1 0
tree 2744 856 59 1 0
tree 2760 856 59 1 0
tree 2792 856 59 1 0
tree 2808 856 59 1 0
tree 2808 840 59 1 0
tree 2792 840 59 1 0
tree 2824 856 59 1 0
tree 2824 840 59 1 0
tree 2840 840 59 1 0
tree 2888 856 59 1 0
zabor 2960 848 31 0 8
tree 3064 840 56 0 0
tree 3624 840 1 0 0
tree 3800 856 3 1 0
tree 3800 840 41 0 0
tree 3832 856 48 0 0
tree 3816 840 56 0 0
tree 4408 856 3 1 0
tree 4392 840 3 1 0
tree 4424 840 3 1 0
tree 4488 856 19 0 0
lay 4520 840 1 0 0
tree 5256 840 33 0 0
tree 5752 840 8 0 0
tree 5800 840 32 0 0
tree 5848 856 24 0 0
tree 5864 856 33 0 0
tree 5880 856 33 0 0
tree 6152 856 52 1 0
tree 6248 856 52 1 0
tree 6264 856 27 0 0
zabor 7024 848 104 2 8
zabor 7120 848 105 2 8
stand 7368 840 18 0 0
tree 7576 856 44 0 0
trop 7996 836 79 0 0
trop 8060 836 79 0 0
trop 108 892 113 0 0
trop 196 892 113 0 0
trop 276 876 69 0 0
tree 424 888 56 1 0
tree 664 888 42 0 0
tree 680 872 42 0 0
tree 680 888 42 0 0
tree 728 888 42 0 0
tree 712 888 34 0 0
tree 888 872 11 0 0
tree 904 872 13 0 0
tree 1048 888 4 0 0
tree 1064 872 43 0 0
tree 1192 888 59 0 0
tree 1576 872 43 0 0
tree 1640 872 59 0 0
tree 2008 872 59 0 0
tree 2040 872 59 0 0
zabor 2576 880 28 0 8
tree 2616 872 59 1 0
tree 2680 872 59 1 0
tree 2712 888 59 1 0
tree 2744 888 59 1 0
tree 2760 888 59 1 0
tree 2760 872 59 1 0
tree 2792 888 59 1 0
tree 2808 872 59 1 0
tree 2840 872 59 1 0
tree 2904 872 59 1 0
zabor 2960 880 27 0 8
trop 2996 884 6 0 0
tree 3064 872 48 0 0
tree 3064 888 1 0 0
tree 3608 888 56 0 0
tree 3624 888 33 0 0
trop 3700 876 68 0 0
tree 3768 888 3 1 0
tree 3800 888 3 1 0
trop 5332 884 118 0 0
stand 5496 888 67 0 179
stand 5496 872 112 0 179
stand 5480 888 66 0 179
stand 5512 888 67 0 179
stand 5528 888 67 0 179
cliff 5504 864 13 179 179
stand 5560 888 87 0 179
stand 5544 888 67 0 179
stand 5576 888 67 0 179
stand 5592 888 67 0 179
stand 5608 888 87 0 179
stand 5624 888 67 0 179
stand 5640 888 67 0 179
stand 5656 888 67 0 179
stand 5672 888 67 0 179
stand 5688 888 67 0 179
stand 5720 872 112 0 179
stand 5720 888 67 0 179
stand 5704 888 67 0 179
stand 5736 888 66 0 179
tree 5848 872 41 0 0
tree 5864 872 41 0 0
tree 5944 888 33 0 0
tree 5960 888 56 0 0
tree 5960 872 56 0 0
tree 6280 888 33 0 0
tree 6296 872 57 0 0
zabor 7024 880 104 2 8
zabor 7120 880 104 2 8
tree 7368 888 44 0 0
trop 7444 884 76 0 0
tree 7576 872 50 0 0
tree 7560 888 50 0 0
tree 7576 888 21 0 0
tree 7816 888 19 0 0
tree 424 904 56 1 0
tree 472 904 56 1 0
trop 596 916 48 0 0
tree 680 904 42 0 0
trop 788 916 38 0 0
tree 872 920 43 0 0
tree 2072 904 2 0 0
tree 2056 904 50 0 0
tree 2344 920 41 0 0
tree 2360 920 41 0 0
zabor 2576 912 30 0 8
tree 2616 904 59 1 0
tree 2648 920 59 1 0
tree 2648 904 59 1 0
tree 2680 920 59 1 0
tree 2680 904 59 1 0
tree 2696 920 59 1 0
tree 2776 904 59 1 0
tree 2808 920 59 1 0
tree 2824 920 59 1 0
tree 2856 920 59 1 0
tree 2872 904 59 1 0
tree 2904 920 59 1 0
zabor 2960 912 26 0 8
trop 3164 900 76 0 0
tree 3608 904 33 0 0
tree 3608 920 41 0 0
tree 3624 904 41 0 0
stand 3736 904 24 0 0
tree 4216 920 33 0 0
trop 5196 908 57 0 0
trop 5236 916 127 0 0
trop 5268 916 127 0 0
trop 5284 908 58 0 0
trop 5348 908 113 0 0
trop 5396 908 124 0 0
trop 5396 908 127 0 0
tree 6040 920 60 1 0
tree 6088 904 52 1 0
tree 6168 920 52 1 0
tree 6264 904 52 1 0
tree 6280 904 52 1 0
tree 6312 920 52 1 0
tree 6328 920 13 0 0
tree 6344 920 19 0 0
tree 6360 920 59 0 0
zabor 7024 912 104 2 8
zabor 7120 912 105 2 8
tree 7352 904 2 0 0
tree 7336 920 59 0 0
tree 7528 904 58 0 0
tree 7544 904 35 0 0
zabor 7632 912 105 2 8
zabor 7664 912 104 2 8
zabor 7696 912 104 2 8
zabor 7728 912 105 2 8
tree 7864 920 4 0 0
tree 7896 920 51 0 0
tree 7928 920 35 0 0
stand 8040 904 18 0 0
tree 136 952 48 0 0
tree 152 952 48 0 0
stand 824 952 26 0 0
tree 1624 936 21 0 0
zabor 2576 944 24 0 8
tree 2600 952 59 1 0
tree 2600 936 59 1 0
tree 2616 952 59 1 0
tree 2616 936 59 1 0
tree 2648 952 59 1 0
tree 2648 936 59 1 0
tree 2632 936 59 1 0
tree 2632 952 59 1 0
tree 2664 952 59 1 0
tree 2664 936 59 1 0
tree 2712 952 59 1 0
tree 2696 952 59 1 0
tree 2776 952 59 1 0
tree 2760 952 59 1 0
tree 2808 952 59 1 0
tree 2824 952 59 1 0
tree 2920 952 59 1 0
tree 2936 936 59 1 0
zabor 2960 944 26 0 8
trop 2996 956 26 0 0
tree 3768 952 3 1 0
tree 3768 936 3 1 0
tree 3880 936 41 0 0
trop 4804 956 123 0 0
trop 4940 948 70 0 0
trop 5012 940 64 0 0
trop 5100 940 63 0 0
trop 5220 932 127 0 0
trop 5316 940 127 0 0
trop 5348 932 127 0 0
trop 5380 932 127 0 0
trop 5412 932 127 0 0
most 5600 928 0 0 179
tree 6008 952 60 1 0
tree 6040 952 60 1 0
tree 6088 952 60 1 0
tree 6120 936 52 1 0
tree 6136 936 60 1 0
tree 6184 952 52 1 0
lay 6216 952 22 0 0
lay 6232 936 21 0 0
cliff 6272 928 35 179 179
tree 6312 936 52 1 0
tree 6312 952 52 1 0
tree 6344 952 50 0 0
tree 6392 952 52 1 0
tree 6552 952 48 0 0
zabor 7024 944 104 2 8
tree 7336 936 19 0 0
trop 7444 948 77 0 0
tree 7544 952 57 0 0
tree 7880 936 19 0 0
tree 8024 952 59 0 0
tree 8040 936 57 0 0
tree 152 984 48 0 0
tree 168 968 41 0 0
tree 168 984 33 0 0
tree 424 984 1 0 0
lay 536 984 11 0 0
lay 552 968 13 0 0
tree 648 968 34 0 0
tree 1416 984 50 0 0
dom 2240 960 40 0 179
zabor 2576 976 29 0 8
tree 2600 968 59 1 0
tree 2600 984 59 1 0
tree 2616 984 59 1 0
tree 2616 968 59 1 0
tree 2632 984 59 1 0
tree 2632 968 59 1 0
tree 2664 968 59 1 0
tree 2712 984 59 1 0
tree 2712 968 59 1 0
tree 2760 968 59 1 0
tree 2808 984 59 1 0
tree 2792 984 59 1 0
tree 2888 984 59 1 0
tree 2904 984 59 1 0
tree 2920 968 59 1 0
zabor 2960 976 27 0 8
trop 2996 980 26 0 0
trop 3164 972 77 0 0
trop 3700 964 122 0 0
tree 3768 984 3 1 0
tree 3768 968 3 1 0
tree 3864 968 48 0 0
tree 3896 968 1 0 0
tree 3912 984 3 1 0
trop 4780 972 126 0 0
tree 5016 984 33 0 0
dom 5280 960 109 0 179
stand 5496 984 66 0 179
stand 5496 968 67 0 179
cliff 5472 960 48 179 179
stand 5528 968 87 0 179
stand 5512 984 70 0 179
stand 5528 984 71 0 179
stand 5512 968 67 0 179
stand 5560 984 71 0 179
stand 5560 968 71 0 179
stand 5544 984 67 0 179
stand 5544 968 67 0 179
stand 5592 968 71 0 179
stand 5592 984 71 0 179
stand 5576 984 67 0 179
stand 5576 968 67 0 179
stand 5624 968 87 0 179
stand 5608 984 87 0 179
stand 5624 984 71 0 179
stand 5608 968 67 0 179
stand 5640 968 87 0 179
stand 5640 984 67 0 179
stand 5656 984 67 0 179
stand 5656 968 67 0 179
stand 5672 984 67 0 179
stand 5688 984 67 0 179
stand 5688 968 67 0 179
stand 5672 968 67 0 179
stand 5720 968 64 0 179
stand 5704 984 67 0 179
stand 5704 968 67 0 179
stand 5736 968 66 0 179
tree 5992 984 60 1 0
tree 6056 968 60 1 0
tree 6072 984 60 1 0
tree 6104 968 60 1 0
tree 6104 984 60 1 0
tree 6088 968 60 1 0
tree 6152 984 52 1 0
tree 6152 968 60 1 0
lay 6200 968 21 0 0
tree 6184 984 60 1 0
lay 6248 984 21 0 0
tree 6312 968 52 1 0
tree 6328 968 41 0 0
tree 6360 984 52 1 0
tree 6344 968 48 0 0
tree 6344 984 56 0 0
tree 6376 984 52 1 0
zabor 7024 976 105 2 8
tree 7576 984 43 0 0
tree 8024 968 21 0 0
tree 8008 968 44 0 0
tree 8040 968 51 0 0
tree 152 1000 56 0 0
tree 136 1000 48 0 0
tree 136 1016 33 0 0
tree 152 1016 56 0 0
lay 520 1016 2 0 0
trop 596 996 48 0 0
tree 680 1016 42 0 0
tree 712 1016 44 0 0
trop 836 1020 37 0 0
dom 1216 992 47 0 0
tree 2440 1000 56 0 0
tree 2456 1016 56 0 0
zabor 2576 1008 28 0 8
tree 2600 1000 59 1 0
tree 2616 1016 59 1 0
tree 2600 1016 59 1 0
tree 2632 1000 59 1 0
tree 2680 1000 59 1 0
tree 2680 1016 59 1 0
tree 2712 1000 59 1 0
tree 2696 1000 59 1 0
tree 2744 1000 59 1 0
tree 2744 1016 59 1 0
tree 2808 1016 59 1 0
tree 2824 1000 59 1 0
tree 2872 1000 59 1 0
tree 2904 1016 59 1 0
tree 2920 1016 59 1 0
zabor 2960 1008 27 0 8
tree 3640 1016 48 0 0
tree 3768 1016 3 1 0
tree 3784 1016 3 1 0
tree 3896 1016 41 0 0
tree 3880 1016 13 0 0
tree 3912 1000 3 1 0
tree 3912 1016 3 1 0
tree 4232 1000 59 0 0
tree 4264 1000 44 0 0
tree 4280 1000 1 0 0
dom 4320 992 40 0 179
trop 4820 1004 126 0 0
tree 4984 1000 56 0 0
tree 5000 1000 56 0 0
tree 5336 1000 56 0 0
tree 5352 1000 41 0 0
tree 5384 1016 33 0 0
tree 5400 1000 33 0 0
fre 5508 996 13 179 179
fre 5516 1004 13 179 179
fre 5516 1012 14 179 179
fre 5524 1020 11 179 179
fre 5524 1012 9 179 179
fre 5532 1012 9 179 179
stand 5512 1000 66 0 179
stand 5528 1000 70 0 179
fre 5540 1020 14 179 179
stand 5544 1016 70 0 179
stand 5560 1016 71 0 179
stand 5560 1000 71 0 179
stand 5544 1000 67 0 179
stand 5592 1016 87 0 179
stand 5576 1016 87 0 179
stand 5592 1000 87 0 179
stand 5576 1000 67 0 179
stand 5624 1000 87 0 179
stand 5608 1000 67 0 179
stand 5624 1016 67 0 179
stand 5608 1016 67 0 179
stand 5656 1016 87 0 179
stand 5640 1000 87 0 179
stand 5656 1000 87 0 179
stand 5640 1016 67 0 179
stand 5688 1016 87 0 179
stand 5688 1000 71 0 179
stand 5672 1000 67 0 179
stand 5672 1016 67 0 179
stand 5704 1000 67 0 179
stand 5704 1016 67 0 179
dom 5728 992 16 0 179
tree 5880 1000 60 1 0
tree 5880 1016 60 1 0
tree 5912 1000 60 1 0
tree 5928 1000 60 1 0
tree 5944 1016 60 1 0
tree 5960 1016 60 1 0
tree 5960 1000 60 1 0
tree 6008 1000 60 1 0
tree 6008 1016 60 1 0
tree 5992 1000 60 1 0
tree 5992 1016 0 0 0
tree 6024 1000 60 1 0
tree 6104 1000 60 1 0
tree 6136 1000 52 1 0
tree 6120 1016 60 1 0
tree 6168 1000 52 1 0
tree 6200 1000 60 1 0
tree 6184 1000 60 1 0
tree 6232 1000 52 1 0
tree 6264 1016 52 1 0
tree 6248 1000 52 1 0
tree 6360 1016 52 1 0
cliff 6336 992 35 179 179
tree 6520 1016 56 0 0
zabor 7024 1008 105 2 8
tree 7368 1000 57 0 0
tree 7368 1016 27 0 0
tree 7560 1016 51 0 0
tree 152 1032 41 0 0
tree 152 1048 1 0 0
trop 1212 1044 18 0 0
tree 2472 1032 33 0 0
tree 2504 1048 1 0 0
zabor 2576 1040 31 0 8
tree 2616 1048 59 1 0
tree 2632 1048 59 1 0
tree 2632 1032 59 1 0
tree 2712 1048 59 1 0
tree 2744 1032 59 1 0
tree 2728 1032 59 1 0
tree 2776 1048 59 1 0
tree 2808 1048 59 1 0
tree 2808 1032 59 1 0
tree 2792 1032 59 1 0
tree 2792 1048 59 1 0
tree 2840 1048 59 1 0
tree 2872 1048 59 1 0
tree 2904 1048 59 1 0
zabor 2960 1040 27 0 8
stand 3080 1048 33 0 0
tree 3320 1032 41 0 0
tree 3752 1032 3 1 0
tree 3752 1048 3 1 0
tree 3864 1032 33 0 0
tree 3880 1032 41 0 0
tree 3880 1048 27 0 0
tree 3928 1048 3 1 0
tree 4264 1032 11 0 0
trop 4828 1028 118 0 0
trop 4900 1028 69 0 0
tree 4984 1032 1 0 0
tree 5000 1032 56 0 0
cliff 5248 1024 25 179 179
cliff 5312 1024 25 179 179
cliff 5408 1024 27 179 179
fre 5532 1036 11 179 179
cliff 5504 1040 1 179 179
fre 5548 1036 13 179 179
fre 5556 1028 14 179 179
tree 5864 1032 60 1 0
tree 5928 1048 60 1 0
tree 5944 1032 60 1 0
tree 5976 1048 60 1 0
tree 5960 1032 60 1 0
tree 6008 1032 60 1 0
tree 6024 1048 60 1 0
tree 6040 1032 60 1 0
tree 6168 1032 60 1 0
lay 6232 1048 21 0 0
tree 6216 1032 52 1 0
tree 6232 1048 60 1 0
tree 6424 1032 52 1 0
tree 6408 1032 52 1 0
tree 6520 1048 33 0 0
tree 6520 1032 41 0 0
zabor 7024 1040 104 2 8
trop 7444 1028 76 0 0
trop 596 1076 48 0 0
dom 768 1056 54 0 0
trop 948 1068 115 0 0
trop 1044 1068 115 0 0
trop 1140 1068 115 0 0
trop 1228 1068 115 0 0
trop 1324 1068 115 0 0
trop 1412 1076 58 0 0
tree 1688 1064 13 0 0
tree 1704 1064 58 0 0
tree 2504 1064 33 0 0
zabor 2576 1072 29 0 8
tree 2616 1080 59 1 0
tree 2680 1080 59 1 0
tree 2680 1064 59 1 0
tree 2696 1064 59 1 0
tree 2744 1080 59 1 0
tree 2776 1064 59 1 0
tree 2808 1080 59 1 0
tree 2856 1064 59 1 0
tree 2888 1080 59 1 0
tree 2888 1064 59 1 0
zabor 2960 1072 27 0 8
trop 3164 1060 76 0 0
tree 3736 1064 3 1 0
tree 3784 1080 3 1 0
tree 3848 1080 2 0 0
tree 3864 1080 27 0 0
tree 3864 1064 33 0 0
tree 3896 1064 3 1 0
tree 3880 1064 44 0 0
tree 5784 1064 52 1 0
tree 5784 1080 52 1 0
tree 5800 1064 52 1 0
tree 5880 1064 52 1 0
tree 5864 1064 52 1 0
tree 5912 1080 60 1 0
tree 5960 1080 60 1 0
tree 6008 1080 60 1 0
tree 5992 1080 60 1 0
tree 6040 1064 60 1 0
tree 6024 1064 60 1 0
tree 6040 1080 60 1 0
tree 6056 1080 60 1 0
tree 6072 1080 60 1 0
tree 6088 1080 60 1 0
tree 6120 1064 0 0 0
tree 6136 1080 32 0 0
lay 6168 1080 21 0 0
tree 6168 1080 60 1 0
tree 6232 1064 60 1 0
tree 6264 1080 60 1 0
tree 6408 1064 52 1 0
tree 6408 1080 52 1 0
tree 6616 1064 48 0 0
tree 6616 1080 48 0 0
zabor 7024 1072 105 2 8
trop 868 1092 35 0 0
tree 904 1112 44 0 0
tree 952 1112 2 0 0
stand 1112 1112 24 0 0
tree 1192 1112 43 0 0
stand 1544 1112 26 0 0
zabor 2576 1104 30 0 8
tree 2600 1096 59 1 0
tree 2632 1112 59 1 0
tree 2648 1112 59 1 0
tree 2648 1096 59 1 0
tree 2696 1096 59 1 0
tree 2760 1096 59 1 0
zabor 2960 1104 31 0 8
tree 3032 1112 51 0 0
tree 3048 1096 44 0 0
tree 3816 1112 3 1 0
tree 3848 1096 41 0 0
tree 3864 1096 50 0 0
tree 3912 1112 3 1 0
tree 4936 1112 48 0 0
tree 4952 1112 41 0 0
tree 4952 1096 48 0 0
fre 5236 1108 83 179 179
lay 5272 1112 3 0 179
fre 5284 1108 11 179 179
tree 5864 1096 52 1 0
tree 5896 1096 60 1 0
tree 5912 1096 60 1 0
tree 5976 1112 60 1 0
tree 5960 1112 60 1 0
tree 6056 1096 60 1 0
tree 6056 1112 60 1 0
tree 6072 1096 60 1 0
tree 6072 1112 48 0 0
tree 6088 1112 60 1 0
tree 6104 1112 60 1 0
tree 6104 1096 1 0 0
tree 6136 1096 32 0 0
tree 6168 1096 60 1 0
tree 6200 1112 1 0 0
tree 6248 1096 52 1 0
tree 6264 1112 52 1 0
tree 6392 1112 56 0 0
tree 6424 1096 33 0 0
tree 6584 1096 50 0 0
tree 6584 1112 51 0 0
tree 6616 1096 41 0 0
tree 6616 1112 56 0 0
zabor 7024 1104 104 2 8
tree 7288 1112 57 0 0
tree 7352 1112 4 0 0
trop 7436 1108 91 0 0
tree 7560 1112 50 0 0
cliff 7616 1088 75 179 179
lay 504 1128 3 0 0
tree 936 1128 51 0 0
trop 1516 1124 59 0 0
zabor 2576 1136 29 0 8
tree 2648 1128 59 1 0
zabor 2960 1136 33 0 9
trop 3164 1132 77 0 0
tree 3432 1144 1 0 0
tree 3832 1128 3 1 0
tree 3832 1144 3 1 0
tree 3848 1144 3 1 0
tree 3880 1144 3 1 0
tree 3896 1128 3 1 0
tree 3896 1144 3 1 0
tree 4264 1144 56 0 0
tree 4360 1128 41 0 0
tree 4392 1128 1 0 0
tree 4424 1144 43 0 0
tree 4936 1128 33 0 0
fre 5196 1140 65 179 179
tree 5768 1144 52 1 0
tree 5784 1144 49 1 0
tree 5832 1144 49 1 0
tree 5864 1144 52 1 0
tree 5896 1144 52 1 0
tree 5896 1128 49 1 0
tree 5912 1144 49 1 0
tree 5960 1144 60 1 0
tree 5960 1128 60 1 0
tree 5992 1128 60 1 0
tree 6040 1144 60 1 0
tree 6040 1128 60 1 0
tree 6056 1144 60 1 0
tree 6072 1128 60 1 0
tree 6072 1144 60 1 0
tree 6120 1128 60 1 0
tree 6136 1144 60 1 0
tree 6120 1144 60 1 0
tree 6136 1128 60 1 0
tree 6168 1128 60 1 0
tree 6200 1128 56 0 0
tree 6216 1128 52 1 0
tree 6216 1144 32 0 0
tree 6264 1128 52 1 0
tree 6280 1144 52 1 0
tree 6376 1144 48 0 0
cliff 6400 1120 39 179 179
tree 6408 1128 1 0 0
tree 6424 1128 2 0 0
tree 6584 1144 4 0 0
tree 6584 1128 27 0 0
tree 6616 1144 33 0 0
tree 6776 1144 2 0 0
zabor 7024 1136 104 2 8
tree 7288 1128 50 0 0
tree 7288 1144 58 0 0
tree 7336 1144 50 0 0
tree 7544 1128 4 0 0
tree 7544 1144 57 0 0
tree 7528 1144 21 0 0
tree 7560 1128 4 0 0
trop 596 1156 48 0 0
tree 1208 1160 43 0 0
tree 1240 1160 56 1 0
tree 1240 1176 56 1 0
tree 1224 1160 56 1 0
tree 1224 1176 56 1 0
tree 1272 1160 56 1 0
tree 1288 1176 56 1 0
tree 1336 1160 21 0 0
tree 1352 1160 21 0 0
tree 1384 1176 35 0 0
tree 2120 1176 44 0 0
tree 2136 1176 4 0 0
tree 2408 1176 27 0 0
tree 2424 1176 51 0 0
zabor 2576 1168 38 0 9
zabor 2608 1168 25 0 8
zabor 2640 1168 27 0 8
zabor 2672 1168 29 0 8
zabor 2704 1168 31 0 8
zabor 2736 1168 25 0 8
zabor 2768 1168 26 0 8
zabor 2800 1168 30 0 8
zabor 2832 1168 30 0 8
zabor 2864 1168 27 0 8
zabor 2896 1168 29 0 8
zabor 2928 1168 24 0 8
zabor 2960 1168 26 0 8
tree 3032 1176 57 0 0
tree 3032 1160 4 0 0
tree 3384 1160 56 0 0
tree 3416 1176 1 0 0
tree 3400 1160 41 0 0
tree 3448 1176 41 0 0
tree 3448 1160 48 0 0
tree 3464 1176 1 0 0
tree 3784 1176 59 0 0
tree 3800 1176 13 0 0
tree 3832 1176 3 1 0
tree 3816 1176 13 0 0
tree 3848 1160 3 1 0
tree 3864 1160 3 1 0
tree 3864 1176 3 1 0
tree 3912 1176 3 1 0
tree 4296 1160 44 0 0
tree 4328 1160 27 0 0
tree 4376 1160 33 0 0
tree 4408 1160 56 0 0
lay 5224 1160 11 0 179
lay 5256 1176 4 0 179
fre 5300 1164 83 179 179
fre 5292 1180 74 179 179
lay 5320 1160 10 0 179
fre 5364 1172 13 179 179
tree 5720 1176 49 1 0
tree 5752 1176 49 1 0
tree 5816 1176 49 1 0
tree 5848 1160 60 1 0
tree 5832 1160 49 1 0
tree 5848 1176 49 1 0
tree 5864 1160 52 1 0
tree 5896 1160 52 1 0
tree 5912 1160 52 1 0
tree 5928 1176 49 1 0
tree 5960 1160 60 1 0
tree 5960 1176 60 1 0
tree 5992 1160 52 1 0
tree 5992 1176 52 1 0
lay 6040 1176 21 0 0
tree 6072 1160 60 1 0
tree 6088 1176 60 1 0
tree 6120 1160 0 0 0
tree 6120 1176 0 0 0
tree 6168 1160 60 1 0
tree 6168 1176 60 1 0
tree 6184 1176 60 1 0
tree 6184 1160 60 1 0
tree 6232 1160 60 1 0
tree 6232 1176 60 1 0
tree 6216 1176 60 1 0
tree 6248 1176 60 1 0
tree 6296 1176 60 1 0
tree 6312 1160 60 1 0
tree 6344 1176 1 0 0
tree 6360 1160 56 0 0
tree 6376 1160 41 0 0
tree 6392 1160 1 0 0
zabor 7024 1168 104 2 8
tree 7272 1160 19 0 0
trop 7396 1156 92 0 0
cliff 7616 1152 77 179 179
tree 7928 1176 56 0 0
tree 1080 1208 43 0 0
tree 1096 1192 4 0 0
tree 1240 1192 56 1 0
tree 1240 1208 56 1 0
tree 1288 1192 56 1 0
tree 1400 1192 27 0 0
tree 1736 1208 59 0 0
tree 1752 1192 35 0 0
tree 2168 1208 51 0 0
tree 2200 1208 21 0 0
tree 2184 1192 19 0 0
tree 2184 1208 4 0 0
tree 2344 1208 11 0 0
tree 2360 1208 57 0 0
tree 2520 1192 41 0 0
tree 2536 1192 33 0 0
trop 3164 1212 76 0 0
tree 3416 1208 56 0 0
tree 3448 1192 33 0 0
tree 3784 1192 33 0 0
tree 3816 1192 21 0 0
tree 3816 1208 19 0 0
tree 3848 1208 3 1 0
tree 4152 1208 4 0 0
tree 4168 1208 48 0 0
fre 5292 1212 14 179 179
tree 5720 1192 49 1 0
tree 5768 1192 49 1 0
tree 5896 1208 52 1 0
tree 5960 1208 52 1 0
lay 6008 1192 21 0 0
lay 6024 1208 21 0 0
tree 6056 1192 60 1 0
tree 6088 1192 60 1 0
tree 6088 1208 60 1 0
lay 6136 1192 21 0 0
tree 6136 1208 60 1 0
tree 6136 1192 60 1 0
tree 6152 1208 60 1 0
tree 6168 1192 60 1 0
tree 6152 1192 60 1 0
tree 6184 1192 60 1 0
tree 6200 1208 60 1 0
tree 6200 1192 60 1 0
tree 6232 1192 60 1 0
tree 6216 1192 60 1 0
tree 6296 1192 60 1 0
tree 6312 1208 60 1 0
tree 6344 1192 56 0 0
tree 6392 1192 13 0 0
cliff 6400 1184 39 179 179
tree 6408 1192 50 0 0
tree 6440 1208 43 0 0
zabor 7024 1200 104 2 8
trop 7396 1212 104 0 0
trop 7412 1196 103 0 0
lay 7560 1192 21 0 0
cliff 7584 1184 78 179 179
tree 7912 1208 56 0 0
tree 7960 1208 41 0 0
tree 7944 1192 1 0 0
trop 596 1236 48 0 0
tree 1048 1224 13 0 0
tree 1400 1224 56 1 0
tree 1400 1240 51 0 0
dom 1472 1216 50 0 0
trop 1564 1228 68 0 0
dom 1632 1216 54 0 0
tree 2216 1224 50 0 0
tree 2328 1224 58 0 0
tree 2344 1224 11 0 0
tree 2840 1240 56 0 0
tree 3800 1240 27 0 0
tree 3800 1224 50 0 0
tree 3784 1224 11 0 0
tree 3848 1240 3 1 0
tree 4152 1224 11 0 0
tree 4152 1240 4 0 0
tree 4168 1224 33 0 0
fre 5356 1228 83 179 179
tree 5656 1224 49 1 0
tree 5736 1240 49 1 0
tree 5816 1224 28 1 0
tree 5800 1240 28 1 0
tree 5864 1240 8 0 0
tree 5896 1224 36 1 0
tree 5912 1240 36 1 0
tree 5944 1224 36 1 0
tree 5944 1240 36 1 0
tree 5976 1240 36 1 0
tree 6008 1224 52 1 0
tree 6008 1240 52 1 0
tree 6040 1240 52 1 0
lay 6056 1224 21 0 0
tree 6056 1240 52 1 0
tree 6072 1240 52 1 0
tree 6168 1224 60 1 0
tree 6200 1240 60 1 0
tree 6184 1224 16 0 0
tree 6200 1224 32 0 0
tree 6216 1224 60 1 0
tree 6280 1240 60 1 0
lay 6312 1240 22 0 0
tree 6328 1224 60 1 0
tree 6328 1240 60 1 0
tree 6376 1224 60 1 0
tree 6408 1224 48 0 0
tree 6424 1224 33 0 0
tree 6424 1240 41 0 0
tree 6440 1224 1 0 0
tree 6456 1224 33 0 0
zabor 7024 1232 104 2 8
cliff 7552 1216 78 179 179
tree 7992 1224 48 0 0
tree 8024 1240 33 0 0
tree 8040 1240 33 0 0
dom 896 1248 47 0 0
tree 1032 1256 19 0 0
tree 1096 1256 35 0 0
cliff 1152 1248 11 179 179
tree 1336 1272 58 0 0
tree 1400 1256 4 0 0
tree 1800 1256 2 0 0
tree 2840 1256 1 0 0
tree 2840 1272 33 0 0
tree 2968 1256 1 0 0
tree 2968 1272 56 0 0
tree 3256 1256 35 0 0
tree 3416 1272 33 0 0
tree 3416 1256 33 0 0
tree 3400 1256 41 0 0
tree 5656 1256 49 1 0
tree 5656 1272 49 1 0
tree 5704 1272 49 1 0
tree 5720 1272 49 1 0
tree 5752 1272 49 1 0
tree 5800 1256 28 1 0
tree 5832 1256 28 1 0
tree 5832 1272 28 1 0
tree 5880 1272 28 1 0
tree 5864 1256 0 0 0
tree 5912 1256 36 1 0
tree 5976 1256 60 1 0
tree 5992 1256 36 1 0
tree 6024 1256 52 1 0
tree 6072 1256 60 1 0
tree 6056 1256 52 1 0
tree 6088 1256 60 1 0
tree 6120 1256 60 1 0
lay 6152 1256 22 0 0
tree 6168 1272 60 1 0
tree 6264 1256 60 1 0
tree 6248 1256 60 1 0
lay 6312 1256 22 0 0
tree 6328 1272 60 1 0
tree 6312 1256 60 1 0
tree 6344 1256 60 1 0
cliff 6400 1248 40 179 179
tree 6440 1256 1 0 0
tree 6440 1272 41 0 0
tree 6456 1272 33 0 0
tree 6472 1256 56 0 0
tree 6472 1272 48 0 0
tree 7320 1272 59 0 0
tree 7336 1256 21 0 0
trop 7396 1276 104 0 0
trop 7412 1252 103 0 0
trop 7428 1276 73 0 0
tree 216 1304 56 0 0
trop 916 1308 0 0 0
tree 1016 1288 35 0 0
tree 1048 1304 57 0 0
tree 1064 1288 58 0 0
tree 1288 1288 56 1 0
tree 1288 1304 56 1 0
trop 1532 1284 25 0 0
tree 2856 1288 48 0 0
tree 2872 1288 1 0 0
tree 2904 1288 1 0 0
trop 3164 1284 77 0 0
tree 3432 1288 48 0 0
stand 3880 1304 0 0 0
tree 4616 1288 11 0 0
tree 4616 1304 57 0 0
tree 5288 1288 24 0 0
tree 5288 1304 0 0 0
tree 5432 1304 52 1 0
tree 5448 1304 52 1 0
tree 5544 1304 52 1 0
tree 5656 1304 49 1 0
tree 5640 1304 49 1 0
tree 5688 1304 49 1 0
tree 5752 1288 49 1 0
tree 5784 1288 28 1 0
tree 5784 1304 28 1 0
tree 5816 1304 28 1 0
tree 5816 1288 28 1 0
tree 5800 1288 28 1 0
tree 5832 1304 28 1 0
tree 5880 1304 28 1 0
tree 5896 1288 36 1 0
tree 5944 1288 28 1 0
tree 5928 1304 28 1 0
tree 5992 1288 49 1 0
tree 6008 1304 36 1 0
tree 5992 1304 28 1 0
tree 6040 1288 52 1 0
tree 6040 1304 36 1 0
tree 6072 1288 52 1 0
tree 6088 1288 52 1 0
tree 6104 1288 36 1 0
tree 6104 1304 36 1 0
lay 6152 1304 21 0 0
tree 6200 1304 52 1 0
tree 6232 1304 52 1 0
tree 6248 1304 60 1 0
tree 6296 1288 60 1 0
tree 6312 1304 60 1 0
tree 6360 1304 60 1 0
lay 6392 1288 1 0 0
lay 6424 1288 1 0 0
cliff 6432 1280 35 179 179
dom 6560 1280 31 0 179
tree 7304 1304 4 0 0
tree 7304 1288 35 0 0
tree 7320 1288 2 0 0
tree 152 1336 48 0 0
tree 168 1336 1 0 0
tree 280 1336 56 0 0
tree 280 1320 41 0 0
tree 296 1336 1 0 0
tree 536 1336 34 0 0
trop 596 1316 48 0 0
tree 728 1320 21 0 0
tree 1032 1336 13 0 0
cliff 1120 1312 2 179 179
tree 1224 1320 56 1 0
tree 1224 1336 56 1 0
tree 1304 1320 56 1 0
tree 1336 1320 56 1 0
tree 1336 1336 56 1 0
tree 1352 1336 56 1 0
tree 1368 1320 51 0 0
tree 1384 1320 50 0 0
tree 1400 1320 35 0 0
tree 1400 1336 43 0 0
trop 1572 1316 68 0 0
tree 1816 1336 35 0 0
tree 1832 1320 13 0 0
tree 2168 1320 57 0 0
tree 3528 1336 33 0 0
stand 3640 1320 0 1 0
stand 3720 1336 0 1 0
vor 3796 1340 113 179 179
stand 3864 1336 0 1 0
tree 4616 1320 48 0 0
tree 4728 1336 48 0 0
tree 5320 1320 48 0 0
tree 5464 1336 52 1 0
tree 5640 1320 49 1 0
tree 5640 1336 49 1 0
tree 5688 1320 49 1 0
tree 5720 1320 49 1 0
tree 5720 1336 49 1 0
tree 5768 1336 52 1 0
tree 5832 1320 28 1 0
tree 5848 1336 28 1 0
tree 5880 1320 28 1 0
tree 5864 1320 28 1 0
tree 5896 1320 28 1 0
tree 5944 1336 28 1 0
tree 5976 1336 60 1 0
tree 5960 1320 28 1 0
tree 5992 1336 49 1 0
tree 6008 1336 49 1 0
tree 5992 1320 28 1 0
tree 6040 1336 36 1 0
tree 6072 1320 36 1 0
tree 6072 1336 36 1 0
tree 6104 1320 60 1 0
lay 6120 1336 21 0 0
tree 6136 1336 36 1 0
tree 6168 1336 52 1 0
tree 6152 1320 36 1 0
lay 6200 1336 21 0 0
tree 6184 1320 60 1 0
tree 6200 1320 52 1 0
lay 6216 1336 21 0 0
tree 6296 1320 52 1 0
tree 6312 1336 52 1 0
tree 6376 1336 52 1 0
tree 6392 1336 52 1 0
tree 6392 1320 52 1 0
tree 6616 1320 59 0 0
tree 6632 1320 44 0 0
tree 6664 1320 50 0 0
tree 6680 1336 4 0 0
tree 6696 1336 19 0 0
tree 6968 1320 51 0 0
tree 6968 1336 11 0 0
trop 7396 1324 104 0 0
trop 7412 1316 103 0 0
tree 152 1352 56 0 0
tree 152 1368 1 0 0
tree 168 1368 33 0 0
tree 168 1352 41 0 0
tree 296 1352 56 0 0
tree 296 1368 41 0 0
tree 536 1368 42 0 0
tree 536 1352 42 0 0
tree 552 1368 34 0 0
tree 632 1352 42 0 0
tree 760 1368 21 0 0
tree 808 1352 27 0 0
cliff 1088 1344 0 179 179
tree 1208 1368 56 1 0
tree 1224 1352 56 1 0
tree 1240 1368 56 1 0
tree 1240 1352 56 1 0
tree 1272 1352 56 1 0
tree 1304 1352 56 1 0
tree 1288 1352 56 1 0
tree 1336 1352 56 1 0
tree 1336 1368 56 1 0
tree 1352 1352 56 1 0
tree 1368 1352 56 1 0
tree 1368 1368 56 1 0
tree 1432 1352 51 0 0
tree 1448 1368 11 0 0
tree 1464 1368 50 0 0
tree 1800 1352 4 0 0
tree 2168 1368 50 0 0
tree 2168 1352 50 0 0
cliff 2336 1344 85 179 179
zabor 2800 1360 104 2 8
tree 2984 1352 1 0 0
tree 3000 1368 56 0 0
tree 3016 1368 56 0 0
trop 3164 1364 76 0 0
tree 3272 1368 35 0 0
tree 3368 1368 41 0 0
tree 3480 1368 11 0 0
tree 3464 1352 41 0 0
tree 3512 1352 2 0 0
tree 3496 1368 48 0 0
tree 3528 1352 59 0 0
stand 3624 1352 0 0 0
stand 3672 1352 0 0 0
stand 3768 1352 0 1 0
stand 3816 1352 0 1 0
dom 3936 1344 66 0 179
tree 4712 1352 1 0 0
tree 4744 1352 33 0 0
tree 5112 1368 44 0 179
tree 5256 1352 16 0 0
tree 5592 1368 24 0 0
tree 5608 1352 0 0 0
tree 5656 1352 52 1 0
tree 5640 1368 49 1 0
tree 5672 1352 52 1 0
tree 5704 1352 49 1 0
tree 5752 1352 51 1 0
tree 5816 1352 28 1 0
tree 5800 1368 51 1 0
tree 5848 1368 51 1 0
tree 5848 1352 51 1 0
tree 5896 1368 28 1 0
tree 5944 1352 28 1 0
tree 5928 1368 28 1 0
tree 5960 1368 49 1 0
tree 5960 1352 28 1 0
tree 5992 1368 49 1 0
tree 6008 1352 49 1 0
tree 6040 1368 49 1 0
tree 6040 1352 36 1 0
tree 6072 1352 36 1 0
tree 6056 1368 32 0 0
tree 6136 1368 36 1 0
tree 6152 1352 36 1 0
tree 6200 1368 52 1 0
tree 6184 1368 36 1 0
lay 6248 1352 21 0 0
tree 6296 1368 52 1 0
lay 6328 1368 21 0 0
tree 6312 1368 52 1 0
tree 6344 1368 33 0 0
tree 6392 1352 52 1 0
tree 6392 1368 52 1 0
tree 6408 1352 52 1 0
cliff 6496 1344 32 179 179
cliff 6560 1344 32 179 179
tree 6648 1352 41 0 0
tree 6664 1352 48 0 0
tree 6664 1368 33 0 0
tree 6680 1368 41 0 0
tree 6696 1368 56 0 0
tree 6712 1368 41 0 0
tree 6728 1352 43 0 0
tree 6760 1352 59 0 0
tree 6952 1368 33 0 0
tree 168 1384 48 0 0
tree 536 1384 34 0 0
trop 596 1396 48 0 0
tree 680 1400 42 0 0
tree 920 1384 59 0 0
trop 988 1380 2 0 0
tree 1176 1384 56 1 0
tree 1176 1400 56 1 0
tree 1256 1384 56 1 0
tree 1256 1400 56 1 0
tree 1272 1384 56 1 0
tree 1272 1400 56 1 0
tree 1448 1400 44 0 0
tree 1512 1384 19 0 0
trop 1572 1404 68 0 0
tree 2184 1400 58 0 0
cliff 2304 1376 78 179 179
zabor 2672 1392 105 2 8
zabor 2800 1392 104 2 8
tree 3416 1384 41 0 0
stand 3640 1384 0 1 0
dom 3712 1376 1 0 179
stand 3864 1400 0 0 0
stand 3880 1400 0 1 0
tree 4376 1400 44 0 0
tree 4392 1400 50 0 0
tree 4712 1384 44 0 0
tree 4744 1384 19 0 0
tree 5080 1384 56 0 0
tree 5112 1384 26 0 179
tree 5096 1384 41 0 0
tree 5096 1400 16 0 0
tree 5512 1400 52 1 0
tree 5624 1400 52 1 0
tree 5640 1384 49 1 0
tree 5736 1400 51 1 0
tree 5784 1384 51 1 0
tree 5784 1400 51 1 0
tree 5800 1384 51 1 0
tree 5848 1400 51 1 0
tree 5896 1400 0 0 0
tree 5912 1400 0 0 0
tree 5944 1400 28 1 0
tree 5976 1384 60 1 0
tree 5960 1384 49 1 0
tree 5960 1400 49 1 0
tree 5976 1400 49 1 0
tree 6008 1400 49 1 0
tree 6008 1384 49 1 0
tree 5992 1400 49 1 0
tree 6056 1400 49 1 0
tree 6072 1400 8 0 0
tree 6072 1384 24 0 0
tree 6056 1384 16 0 0
tree 6088 1400 60 1 0
tree 6168 1400 52 1 0
tree 6152 1400 36 1 0
tree 6184 1384 36 1 0
lay 6232 1400 21 0 0
tree 6216 1400 36 1 0
lay 6248 1384 21 0 0
tree 6248 1384 52 1 0
tree 6312 1400 52 1 0
tree 6360 1384 52 1 0
tree 6408 1384 52 1 0
tree 6424 1400 52 1 0
tree 6472 1400 52 1 0
tree 6648 1384 1 0 0
cliff 6656 1376 34 179 179
tree 6664 1384 48 0 0
tree 6728 1384 1 0 0
tree 6968 1384 56 0 0
tree 6952 1384 41 0 0
tree 7000 1400 1 0 0
tree 6984 1384 48 0 0
zabor 7120 1392 105 2 8
trop 7396 1396 91 0 0
stand 7480 1400 18 0 0
tree 184 1432 51 0 0
tree 296 1432 2 0 0
tree 536 1432 34 0 0
tree 552 1416 34 0 0
tree 728 1416 50 0 0
tree 856 1416 51 0 0
tree 904 1416 4 0 0
lay 936 1432 6 0 0
cliff 960 1408 5 179 179
cliff 1024 1408 49 179 179
tree 1144 1416 56 1 0
tree 1208 1416 56 1 0
tree 1240 1416 56 1 0
tree 1224 1432 56 1 0
tree 1288 1416 56 1 0
tree 1304 1416 56 1 0
tree 1304 1432 56 1 0
stand 1528 1432 24 0 0
tree 1640 1432 2 0 0
tree 1656 1432 11 0 0
tree 1688 1432 21 0 0
tree 1896 1432 21 0 0
tree 2184 1416 11 0 0
cliff 2272 1408 77 179 179
zabor 2672 1424 104 2 8
zabor 2800 1424 104 2 8
trop 3164 1428 76 0 0
stand 3720 1416 0 1 0
stand 3800 1416 0 1 0
tree 4424 1416 58 0 0
tree 4472 1432 43 0 0
tree 4504 1432 58 0 0
tree 4728 1432 44 0 0
tree 4728 1416 51 0 0
tree 5080 1416 33 0 0
tree 5080 1432 56 0 0
tree 5544 1432 52 1 0
tree 5656 1416 49 1 0
tree 5672 1416 49 1 0
tree 5720 1416 52 1 0
tree 5736 1416 52 1 0
tree 5752 1432 51 1 0
tree 5816 1432 51 1 0
tree 5800 1432 51 1 0
tree 5848 1416 51 1 0
tree 5864 1416 51 1 0
tree 5864 1432 51 1 0
tree 5896 1432 51 1 0
tree 5944 1432 51 1 0
tree 5928 1432 51 1 0
tree 5976 1416 49 1 0
tree 5960 1432 51 1 0
tree 6008 1416 60 1 0
tree 6008 1432 49 1 0
tree 5992 1416 49 1 0
tree 5992 1432 49 1 0
tree 6024 1432 49 1 0
tree 6024 1416 49 1 0
tree 6072 1432 36 1 0
tree 6056 1432 36 1 0
tree 6104 1432 60 1 0
tree 6136 1416 36 1 0
tree 6120 1432 36 1 0
tree 6200 1416 36 1 0
tree 6216 1432 52 1 0
tree 6216 1416 36 1 0
tree 6280 1416 52 1 0
tree 6296 1416 52 1 0
tree 6296 1432 52 1 0
tree 6312 1432 52 1 0
tree 6360 1416 52 1 0
tree 6344 1416 52 1 0
tree 6440 1432 52 1 0
tree 6440 1416 52 1 0
tree 6472 1416 52 1 0
tree 6472 1432 52 1 0
cliff 6688 1408 32 179 179
dom 6848 1408 40 0 179
tree 7000 1416 1 0 0
zabor 7120 1424 105 2 8
zabor 7152 1424 104 2 8
zabor 7184 1424 105 2 8
zabor 7216 1424 104 2 8
tree 216 1448 43 0 0
tree 248 1448 35 0 0
dom 416 1440 50 0 0
tree 520 1448 34 0 0
tree 536 1448 34 0 0
tree 552 1448 34 0 0
dom 672 1440 16 0 0
vor 724 1460 113 179 179
tree 792 1464 19 0 0
tree 840 1464 51 0 0
tree 888 1448 11 0 0
lay 968 1448 5 0 0
tree 1144 1464 56 1 0
tree 1144 1448 56 1 0
tree 1128 1448 56 1 0
tree 1160 1464 56 1 0
tree 1688 1448 59 0 0
tree 1768 1464 50 0 0
tree 1768 1448 4 0 0
zabor 2192 1456 104 2 8
zabor 2224 1456 104 2 8
zabor 2672 1456 105 2 8
zabor 2800 1456 105 2 8
stand 3720 1448 0 0 0
stand 3784 1464 0 0 0
cliff 4800 1440 5 179 179
tree 5032 1448 16 0 0
lay 5096 1464 22 0 0
tree 5464 1448 0 0 0
tree 5512 1464 52 1 0
tree 5672 1448 52 1 0
tree 5688 1464 51 1 0
tree 5720 1448 51 1 0
tree 5704 1464 51 1 0
tree 5768 1464 52 1 0
tree 5800 1448 51 1 0
tree 5800 1464 51 1 0
tree 5848 1448 51 1 0
tree 5848 1464 51 1 0
tree 5880 1448 51 1 0
tree 5896 1464 51 1 0
tree 5912 1464 51 1 0
tree 5944 1464 51 1 0
tree 5960 1448 51 1 0
tree 5976 1464 51 1 0
tree 6008 1464 49 1 0
tree 6040 1464 60 1 0
tree 6024 1448 49 1 0
tree 6056 1464 36 1 0
tree 6056 1448 36 1 0
tree 6072 1464 49 1 0
tree 6120 1464 52 1 0
tree 6120 1448 36 1 0
tree 6136 1448 0 0 0
tree 6152 1464 36 1 0
tree 6184 1448 36 1 0
tree 6232 1448 36 1 0
lay 6248 1464 21 0 0
tree 6328 1464 52 1 0
tree 6360 1464 52 1 0
tree 6360 1448 52 1 0
tree 6376 1448 52 1 0
tree 6392 1464 52 1 0
tree 6488 1448 52 1 0
tree 6504 1464 52 1 0
tree 6984 1464 1 0 0
tree 7000 1464 41 0 0
trop 7276 1444 93 0 0
trop 7356 1444 90 0 0
lay 7544 1448 21 0 0
stand 344 1496 24 0 0
stand 504 1496 63 0 0
stand 536 1496 63 0 0
stand 520 1496 63 0 0
stand 552 1496 63 0 0
trop 596 1476 48 0 0
stand 648 1496 63 0 0
stand 664 1496 63 0 0
stand 680 1496 63 0 0
stand 696 1496 63 0 0
stand 728 1496 55 0 0
tree 1208 1480 44 0 0
tree 1224 1496 44 0 0
trop 1572 1492 68 0 0
tree 1864 1496 4 0 0
zabor 2096 1488 105 2 8
tree 2184 1496 57 0 0
zabor 2224 1488 104 2 8
zabor 2672 1488 105 2 8
zabor 2800 1488 104 2 8
lay 3080 1496 5 0 0
trop 3164 1500 76 0 0
tree 3272 1480 51 0 0
stand 3784 1480 0 1 0
lay 5000 1480 19 0 0
tree 5416 1480 1 0 0
tree 5432 1480 1 0 0
tree 5464 1496 33 0 0
lay 5480 1496 19 0 0
tree 5480 1496 48 0 0
tree 5512 1496 52 1 0
lay 5512 1496 19 0 0
tree 5592 1496 51 1 0
tree 5608 1496 51 1 0
tree 5640 1496 51 1 0
lay 5640 1480 22 0 0
tree 5640 1480 0 0 0
tree 5704 1496 51 1 0
tree 5880 1496 51 1 0
tree 5912 1480 51 1 0
tree 5912 1496 51 1 0
tree 5928 1496 51 1 0
tree 5944 1496 51 1 0
tree 5960 1496 51 1 0
tree 5992 1496 51 1 0
tree 6056 1496 36 1 0
tree 6056 1480 36 1 0
tree 6120 1496 52 1 0
tree 6136 1480 36 1 0
tree 6248 1496 52 1 0
tree 6296 1496 52 1 0
tree 6312 1480 52 1 0
tree 6328 1496 52 1 0
tree 6360 1496 52 1 0
tree 6424 1496 52 1 0
tree 6456 1496 52 1 0
tree 6440 1496 52 1 0
tree 6472 1496 52 1 0
tree 6504 1480 52 1 0
tree 6504 1496 52 1 0
tree 6632 1496 33 0 0
tree 6632 1480 2 0 0
stand 6744 1480 53 1 0
stand 6744 1496 53 1 0
cliff 6816 1472 35 179 179
tree 6952 1480 56 0 0
tree 6952 1496 33 0 0
tree 6968 1480 33 0 0
tree 6984 1480 33 0 0
tree 7000 1480 1 0 0
stand 7144 1480 18 0 0
tree 7800 1480 48 0 0
tree 152 1528 4 0 0
dom 192 1504 49 0 0
tree 312 1512 13 0 0
tree 1144 1512 58 0 0
tree 1240 1512 59 0 0
tree 1272 1512 44 0 0
tree 1256 1528 57 0 0
tree 1336 1528 21 0 0
tree 1400 1512 57 0 0
tree 1400 1528 11 0 0
tree 1640 1528 59 0 0
tree 1688 1512 11 0 0
zabor 2096 1520 104 2 8
tree 2152 1528 51 0 0
tree 2168 1512 27 0 0
zabor 2224 1520 105 2 8
cliff 2272 1504 75 179 179
tree 2600 1528 35 0 0
tree 2616 1528 11 0 0
tree 2648 1528 51 0 0
zabor 2672 1520 105 2 8
zabor 2800 1520 104 2 8
tree 4248 1528 11 0 0
tree 4232 1528 50 0 0
tree 5400 1528 52 1 0
tree 5432 1528 1 0 0
tree 5432 1512 48 0 0
tree 5448 1512 33 0 0
tree 5480 1512 1 0 0
tree 5688 1512 51 1 0
tree 5704 1512 51 1 0
tree 5784 1512 52 1 0
tree 5784 1528 51 1 0
tree 5800 1512 51 1 0
tree 5848 1528 51 1 0
tree 5880 1512 51 1 0
tree 5880 1528 51 1 0
tree 5864 1512 51 1 0
tree 5912 1512 51 1 0
tree 5912 1528 51 1 0
tree 5896 1512 51 1 0
tree 5896 1528 51 1 0
tree 5928 1528 51 1 0
tree 5928 1512 51 1 0
tree 5944 1512 51 1 0
tree 5944 1528 51 1 0
tree 5960 1528 51 1 0
tree 5960 1512 51 1 0
tree 5976 1512 51 1 0
tree 6008 1512 51 1 0
tree 6008 1528 51 1 0
tree 6024 1512 51 1 0
tree 6024 1528 51 1 0
tree 6040 1528 51 1 0
tree 6072 1528 36 1 0
tree 6072 1512 36 1 0
tree 6120 1512 52 1 0
tree 6120 1528 52 1 0
tree 6136 1528 36 1 0
tree 6232 1512 52 1 0
tree 6264 1528 41 0 0
tree 6280 1512 52 1 0
tree 6280 1528 52 1 0
lay 6312 1512 19 0 0
tree 6376 1528 52 1 0
tree 6456 1512 52 1 0
tree 6456 1528 52 1 0
tree 6440 1512 52 1 0
tree 6472 1528 52 1 0
tree 6504 1528 48 0 0
tree 6648 1512 4 0 0
tree 6680 1528 43 0 0
stand 6744 1512 53 1 0
stand 6744 1528 53 1 0
tree 6952 1512 48 0 0
trop 7196 1524 92 0 0
lay 7496 1512 21 0 0
cliff 7552 1504 75 179 179
tree 152 1560 11 0 0
tree 152 1544 13 0 0
trop 380 1556 93 0 0
trop 460 1556 79 0 0
trop 532 1556 78 0 0
trop 596 1556 48 0 0
trop 604 1556 49 0 0
trop 660 1556 79 0 0
trop 740 1556 78 0 0
trop 812 1556 79 0 0
trop 884 1556 78 0 0
trop 964 1556 79 0 0
trop 1036 1556 78 0 0
tree 1256 1560 19 0 0
tree 1256 1544 2 0 0
zabor 2096 1552 105 2 8
zabor 2192 1552 105 2 8
zabor 2224 1552 104 2 8
zabor 2672 1552 104 2 8
tree 2728 1560 51 0 0
tree 2760 1560 43 0 0
trop 3164 1564 76 0 0
tree 3544 1560 43 0 179
tree 3560 1560 21 0 179
tree 3608 1560 20 0 179
dom 3776 1536 115 0 179
tree 4216 1560 1 0 0
tree 4232 1544 19 0 0
tree 4920 1544 48 0 0
tree 4904 1560 41 0 0
lay 4984 1544 19 0 0
tree 4968 1560 1 0 0
tree 4984 1544 48 0 0
tree 5400 1544 52 1 0
tree 5464 1560 52 1 0
tree 5528 1560 52 1 0
lay 5544 1560 19 0 0
tree 5592 1560 16 0 0
tree 5608 1560 51 1 0
lay 5608 1544 21 0 0
tree 5656 1560 52 1 0
tree 5688 1544 51 1 0
tree 5672 1560 51 1 0
tree 5832 1544 32 0 0
tree 5880 1560 51 1 0
tree 5912 1544 51 1 0
tree 5896 1560 51 1 0
tree 5896 1544 51 1 0
tree 5944 1544 51 1 0
tree 5928 1560 51 1 0
tree 5928 1544 51 1 0
tree 5976 1560 51 1 0
tree 5976 1544 51 1 0
tree 5992 1544 51 1 0
tree 5992 1560 51 1 0
tree 6024 1544 51 1 0
tree 6120 1544 52 1 0
tree 6120 1560 52 1 0
tree 6200 1560 52 1 0
tree 6264 1560 52 1 0
tree 6280 1544 44 0 0
tree 6376 1560 52 1 0
tree 6424 1544 52 1 0
tree 6456 1544 52 1 0
tree 6456 1560 35 0 0
tree 6472 1544 52 1 0
tree 6488 1560 13 0 0
tree 6488 1544 13 0 0
tree 6680 1544 13 0 0
tree 6696 1560 21 0 0
stand 6744 1544 53 1 0
cliff 6880 1536 35 179 179
cliff 7008 1536 28 179 179
tree 7304 1544 57 0 0
tree 7352 1560 51 0 0
tree 7384 1560 13 0 0
tree 7384 1544 51 0 0
tree 168 1576 19 0 0
trop 1164 1596 88 0 0
tree 1256 1576 2 0 0
trop 1572 1580 68 0 0
zabor 2096 1584 104 2 8
zabor 2192 1584 105 2 8
cliff 2272 1568 83 179 179
tree 2504 1592 57 0 0
tree 2520 1592 35 0 0
tree 2552 1576 58 0 0
zabor 2672 1584 104 2 8
tree 2696 1592 57 0 0
tree 2776 1576 35 0 0
tree 3256 1592 43 0 0
tree 4200 1592 35 0 0
tree 4632 1592 43 0 0
tree 4648 1592 2 0 0
lay 4936 1592 19 0 0
tree 4936 1576 41 0 0
tree 5464 1592 52 1 0
tree 5480 1576 52 1 0
lay 5560 1592 21 0 0
tree 5576 1592 51 1 0
lay 5640 1592 16 0 0
tree 5656 1576 52 1 0
tree 5656 1592 51 1 0
lay 5752 1592 5 0 0
tree 5752 1576 51 1 0
tree 5752 1592 51 1 0
tree 5736 1592 51 1 0
tree 5768 1576 51 1 0
tree 5800 1576 52 1 0
tree 5816 1592 8 0 0
lay 5832 1576 5 0 0
tree 5832 1576 0 0 0
tree 5880 1576 51 1 0
tree 5864 1576 51 1 0
tree 5864 1592 51 1 0
tree 5896 1576 51 1 0
tree 5912 1576 51 1 0
tree 5912 1592 51 1 0
lay 5928 1592 22 0 0
tree 5944 1576 51 1 0
tree 5976 1576 51 1 0
tree 5960 1592 51 1 0
tree 5992 1576 51 1 0
tree 6008 1576 51 1 0
tree 5992 1592 51 1 0
tree 6024 1592 51 1 0
tree 6072 1592 51 1 0
tree 6088 1592 51 1 0
tree 6200 1592 52 1 0
tree 6232 1592 52 1 0
tree 6264 1592 0 0 0
tree 6248 1592 2 0 0
tree 6344 1592 52 1 0
tree 6456 1576 4 0 0
tree 6440 1576 44 0 0
stand 6744 1576 53 1 0
tree 6776 1592 41 0 0
cliff 6912 1568 32 179 179
trop 7196 1588 91 0 0
tree 7320 1592 21 0 0
tree 7336 1592 57 0 0
tree 7384 1576 44 0 0
tree 152 1608 21 0 0
trop 236 1620 93 0 0
trop 316 1612 90 0 0
stand 488 1624 47 0 0
stand 536 1608 63 0 0
stand 520 1608 63 0 0
stand 568 1608 63 0 0
stand 552 1608 63 0 0
stand 648 1608 63 0 0
stand 664 1608 63 0 0
stand 680 1608 63 0 0
stand 696 1608 63 0 0
stand 872 1624 24 0 0
zabor 2096 1616 104 2 8
zabor 2192 1616 104 2 8
tree 2824 1608 19 0 0
trop 3164 1620 76 0 0
lay 4968 1608 19 0 0
tree 5384 1608 16 0 0
tree 5560 1608 52 1 0
tree 5576 1624 51 1 0
tree 5608 1608 51 1 0
tree 5640 1624 51 1 0
tree 5736 1624 51 1 0
lay 5784 1608 5 0 0
tree 5800 1608 51 1 0
tree 5800 1624 51 1 0
lay 5832 1608 5 0 0
tree 5864 1624 51 1 0
tree 5864 1608 51 1 0
tree 5880 1624 51 1 0
tree 5944 1608 51 1 0
tree 5928 1624 51 1 0
tree 5960 1608 51 1 0
tree 5976 1624 51 1 0
tree 5992 1624 51 1 0
tree 6040 1624 51 1 0
tree 6024 1624 51 1 0
tree 6072 1624 51 1 0
tree 6104 1608 51 1 0
tree 6168 1608 41 0 0
tree 6184 1624 33 0 0
tree 6216 1608 52 1 0
tree 6216 1624 52 1 0
tree 6232 1608 58 0 0
tree 6248 1624 52 1 0
tree 6296 1608 52 1 0
tree 6296 1624 52 1 0
tree 6280 1608 11 0 0
tree 6376 1624 52 1 0
tree 6536 1608 52 1 0
tree 6776 1624 11 0 0
tree 7352 1624 44 0 0
tree 7368 1608 21 0 0
tree 7384 1608 33 0 0
tree 7800 1608 41 0 0
tree 7832 1608 27 0 0
tree 7816 1608 58 0 0
tree 7816 1624 41 0 0
trop 596 1636 48 0 0
tree 664 1656 42 0 0
tree 744 1656 57 0 0
tree 776 1656 43 0 0
tree 792 1656 58 0 0
tree 808 1640 58 0 0
tree 824 1640 19 0 0
tree 952 1656 21 0 0
dom 1312 1632 48 0 0
dom 1440 1632 53 0 0
trop 1572 1660 122 0 0
dom 1664 1632 55 0 0
dom 1792 1632 49 0 0
zabor 2096 1648 105 2 8
zabor 2192 1648 104 2 8
cliff 2272 1632 84 179 179
dom 2560 1632 1 0 179
tree 2712 1656 44 0 0
tree 2728 1656 59 0 0
dom 3040 1632 30 0 179
tree 5272 1640 24 0 0
tree 5288 1640 8 0 0
tree 5336 1656 8 0 0
tree 5352 1656 24 0 0
tree 5432 1640 33 0 0
tree 5624 1656 51 1 0
tree 5704 1656 51 1 0
tree 5720 1640 51 1 0
tree 5736 1640 51 1 0
tree 5752 1656 51 1 0
tree 5928 1640 51 1 0
tree 5944 1640 51 1 0
tree 5976 1640 51 1 0
tree 6040 1656 51 1 0
tree 6152 1656 16 0 0
tree 6232 1656 52 1 0
tree 6264 1640 52 1 0
tree 6376 1640 52 1 0
tree 6376 1656 52 1 0
tree 6520 1640 52 1 0
tree 6504 1656 52 1 0
tree 6600 1656 50 0 0
tree 6648 1656 52 1 0
tree 6632 1656 52 1 0
tree 6776 1656 21 0 0
tree 7272 1656 57 0 0
tree 7352 1640 35 0 0
tree 440 1672 21 0 0
tree 536 1672 34 0 0
tree 536 1688 34 0 0
tree 664 1672 42 0 0
tree 648 1688 34 0 0
dom 1056 1664 54 0 0
stand 1240 1688 26 0 0
trop 1684 1684 111 0 0
stand 1768 1688 113 0 0
stand 1960 1688 26 0 0
zabor 2064 1680 105 2 8
dom 2144 1664 40 0 179
zabor 2192 1680 105 2 8
dom 2784 1664 44 0 179
trop 3164 1668 76 0 0
tree 4152 1688 41 0 0
tree 4168 1688 27 0 0
tree 4536 1672 57 0 0
tree 5128 1688 52 1 0
tree 5208 1688 52 1 0
tree 5224 1688 52 1 0
tree 5656 1672 51 1 0
tree 5688 1672 51 1 0
tree 5704 1672 51 1 0
tree 5720 1672 51 1 0
tree 5832 1672 51 1 0
tree 5976 1672 51 1 0
tree 5992 1688 51 1 0
tree 6008 1672 51 1 0
tree 6024 1688 51 1 0
tree 6040 1672 51 1 0
tree 6056 1672 51 1 0
tree 6136 1672 51 1 0
tree 6152 1672 51 1 0
tree 6168 1688 51 1 0
tree 6152 1688 24 0 0
tree 6248 1672 52 1 0
tree 6312 1672 52 1 0
tree 6312 1688 52 1 0
tree 6328 1672 52 1 0
tree 6392 1672 57 0 0
tree 6376 1672 59 0 0
tree 6392 1688 48 0 0
tree 6440 1672 56 0 0
tree 6440 1688 35 0 0
tree 6488 1688 21 0 0
tree 6520 1672 52 1 0
tree 6552 1688 52 1 0
tree 6536 1672 13 0 0
tree 6600 1688 44 0 0
tree 6696 1688 33 0 0
tree 6712 1688 41 0 0
tree 6712 1672 35 0 0
tree 6776 1688 59 0 0
tree 6776 1672 41 0 0
tree 6792 1688 41 0 0
tree 6792 1672 4 0 0
tree 6872 1672 21 0 0
tree 6856 1688 59 0 0
trop 7140 1668 92 0 0
tree 7256 1672 2 0 0
tree 7256 1688 2 0 0
trop 156 1700 92 0 0
tree 344 1720 43 0 0
tree 376 1720 51 0 0
tree 392 1720 43 0 0
tree 392 1704 4 0 0
tree 504 1704 42 0 0
tree 504 1720 34 0 0
tree 536 1704 34 0 0
tree 536 1720 42 0 0
tree 520 1720 34 0 0
tree 520 1704 42 0 0
trop 596 1716 48 0 0
tree 664 1704 42 0 0
tree 648 1720 34 0 0
tree 744 1704 19 0 0
trop 1116 1700 110 0 0
trop 1324 1700 112 0 0
trop 1484 1700 112 0 0
trop 1852 1708 112 0 0
zabor 2192 1712 104 2 8
tree 2952 1704 32 0 0
trop 3156 1700 104 0 0
tree 4152 1704 48 0 0
tree 5160 1720 52 1 0
tree 5208 1704 52 1 0
tree 5224 1720 52 1 0
tree 5304 1704 51 1 0
tree 5288 1720 51 1 0
tree 5320 1704 51 1 0
tree 5544 1720 1 0 0
tree 5672 1704 51 1 0
tree 5912 1704 48 0 0
tree 5912 1720 48 0 0
tree 5896 1720 33 0 0
tree 5896 1704 41 0 0
tree 5928 1720 1 0 0
tree 5960 1720 51 1 0
tree 5976 1720 51 1 0
tree 6024 1704 51 1 0
tree 6040 1704 51 1 0
tree 6136 1704 4 0 0
tree 6168 1704 51 1 0
tree 6184 1704 51 1 0
tree 6216 1704 51 1 0
tree 6232 1720 51 1 0
tree 6216 1720 51 1 0
tree 6296 1704 52 1 0
tree 6392 1704 52 1 0
stand 6680 1704 2 1 0
tree 6968 1704 19 0 0
tree 7016 1704 21 0 0
tree 7032 1704 51 0 0
tree 7256 1704 58 0 0
tree 7288 1704 13 0 0
trop 156 1756 104 0 0
trop 172 1748 103 0 0
tree 312 1736 43 0 0
tree 504 1736 34 0 0
tree 664 1736 34 0 0
tree 888 1752 27 0 0
trop 1204 1732 89 0 0
trop 1540 1748 101 0 0
trop 1588 1748 101 0 0
trop 1644 1756 101 0 0
trop 1836 1756 101 0 0
trop 1868 1756 101 0 0
trop 3172 1732 103 0 0
tree 3960 1736 56 0 0
tree 4088 1752 44 0 0
tree 4104 1752 58 0 0
lay 4952 1752 19 0 0
tree 4952 1736 1 0 0
tree 5160 1752 52 1 0
tree 5320 1752 51 1 0
tree 5368 1736 1 0 0
tree 5400 1752 51 1 0
tree 5384 1736 56 0 0
tree 5512 1752 56 0 0
tree 5576 1736 51 1 0
tree 5592 1736 56 0 0
tree 5624 1736 41 0 0
tree 5608 1752 1 0 0
tree 5656 1752 51 1 0
tree 5752 1752 51 1 0
tree 5768 1736 51 1 0
tree 5784 1752 51 1 0
tree 5832 1752 16 0 0
tree 5896 1752 56 0 0
tree 5944 1736 41 0 0
tree 5960 1736 48 0 0
tree 6024 1736 51 1 0
tree 6024 1752 51 1 0
tree 6296 1752 48 0 0
stand 6616 1736 18 0 0
trop 7140 1732 91 0 0
tree 7240 1736 59 0 0
tree 7256 1736 19 0 0
stand 248 1784 26 0 0
tree 520 1768 34 0 0
tree 536 1784 34 0 0
tree 648 1784 42 0 0
tree 920 1768 57 0 0
tree 936 1768 27 0 0
trop 1316 1764 79 0 0
trop 1396 1764 78 0 0
trop 1476 1764 79 0 0
trop 1516 1764 102 0 0
trop 1580 1764 102 0 0
trop 1644 1764 102 0 0
trop 1652 1764 102 0 0
trop 1716 1764 78 0 0
trop 1772 1764 78 0 0
trop 1932 1764 79 0 0
trop 2004 1764 78 0 0
trop 2084 1764 79 0 0
trop 2156 1764 78 0 0
most 2336 1760 32 0 179
trop 2532 1764 79 0 0
trop 2612 1764 78 0 0
trop 2692 1764 79 0 0
trop 2764 1764 78 0 0
trop 2844 1764 79 0 0
trop 2924 1764 78 0 0
trop 3004 1764 79 0 0
trop 3068 1764 78 0 0
trop 3084 1764 78 0 0
trop 3132 1764 100 0 0
trop 3172 1764 103 0 0
tree 3512 1784 57 0 179
tree 3496 1784 9 0 179
tree 3544 1784 0 0 179
tree 3528 1784 9 0 179
tree 3544 1768 25 0 179
dom 4064 1760 115 0 179
tree 4104 1784 56 0 0
tree 4632 1784 27 0 0
tree 4824 1768 48 0 0
tree 4808 1784 56 0 0
tree 4984 1768 52 1 0
tree 5048 1768 52 1 0
tree 5032 1768 52 1 0
tree 5048 1784 52 1 0
tree 5128 1768 56 0 0
tree 5256 1784 51 1 0
tree 5288 1784 51 1 0
tree 5304 1784 51 1 0
tree 5352 1768 51 1 0
tree 5352 1784 51 1 0
tree 5400 1768 51 1 0
tree 5432 1784 51 1 0
tree 5416 1768 51 1 0
tree 5416 1784 51 1 0
tree 5464 1784 51 1 0
tree 5480 1784 51 1 0
tree 5496 1768 56 0 0
tree 5528 1784 51 1 0
tree 5512 1784 51 1 0
tree 5576 1768 51 1 0
tree 5656 1768 51 1 0
tree 5640 1768 51 1 0
tree 5688 1784 51 1 0
tree 5672 1784 51 1 0
tree 5704 1768 51 1 0
tree 5704 1784 51 1 0
tree 5816 1768 32 0 0
tree 5896 1784 1 0 0
tree 5944 1784 51 1 0
tree 5976 1784 51 1 0
tree 5960 1768 1 0 0
tree 5960 1784 1 0 0
tree 6008 1768 51 1 0
tree 6024 1784 51 1 0
tree 6136 1768 1 0 0
tree 6184 1784 59 0 0
tree 6232 1784 51 1 0
tree 6280 1784 51 1 0
trop 6844 1780 86 0 0
trop 6932 1788 79 0 0
trop 7012 1788 78 0 0
trop 7092 1780 90 0 0
trop 156 1820 104 0 0
trop 172 1812 103 0 0
tree 536 1800 42 0 0
tree 536 1816 34 0 0
tree 552 1816 34 0 0
trop 596 1796 48 0 0
zabor 752 1808 27 0 8
zabor 784 1808 26 0 8
zabor 816 1808 24 0 8
zabor 848 1808 25 0 8
zabor 880 1808 25 0 8
zabor 912 1808 30 0 8
zabor 944 1808 29 0 8
zabor 976 1808 24 0 8
zabor 1008 1808 28 0 8
zabor 1040 1808 27 0 8
tree 1176 1816 58 0 0
stand 2200 1816 114 0 0
tree 3544 1800 41 0 179
tree 3640 1800 18 0 179
tree 3656 1800 36 0 179
tree 3656 1816 42 0 179
tree 4216 1816 58 0 0
tree 4632 1800 13 0 0
tree 4616 1816 51 0 0
tree 4856 1800 33 0 0
tree 4920 1800 56 0 0
tree 4936 1816 56 0 0
tree 4968 1816 52 1 0
tree 5016 1816 52 1 0
tree 5144 1800 52 1 0
tree 5144 1816 52 1 0
tree 5176 1816 52 1 0
tree 5240 1800 52 1 0
tree 5224 1800 51 1 0
tree 5256 1800 51 1 0
tree 5256 1816 51 1 0
tree 5288 1816 51 1 0
tree 5336 1816 51 1 0
tree 5384 1800 51 1 0
tree 5432 1800 51 1 0
tree 5464 1800 51 1 0
tree 5496 1800 51 1 0
tree 5576 1816 51 1 0
tree 5688 1800 51 1 0
tree 5704 1800 51 1 0
tree 5784 1800 51 1 0
tree 5800 1816 16 0 0
tree 5832 1816 56 0 0
tree 5944 1800 51 1 0
lay 5976 1800 5 0 0
tree 5960 1800 51 1 0
tree 5976 1800 51 1 0
tree 5976 1816 51 1 0
tree 6008 1816 51 1 0
tree 6072 1816 51 1 0
tree 6056 1816 51 1 0
tree 6088 1816 1 0 0
tree 6152 1816 50 0 0
tree 6200 1800 11 0 0
tree 6216 1800 59 0 0
trop 6420 1796 93 0 0
trop 6492 1796 79 0 0
trop 6572 1796 78 0 0
trop 6644 1796 79 0 0
trop 6716 1796 78 0 0
trop 6780 1796 84 0 0
stand 632 1832 23 0 0
tree 680 1832 42 0 0
zabor 752 1840 27 0 8
lay 760 1832 1 0 0
tree 776 1832 51 0 0
zabor 1040 1840 25 0 8
tree 1144 1832 43 0 0
tree 1240 1848 27 0 0
tree 1256 1848 21 0 0
stand 1608 1832 24 0 0
trop 1844 1836 77 0 0
trop 1844 1828 77 0 0
zabor 2096 1840 105 2 8
dom 2144 1824 40 0 179
zabor 2224 1840 105 2 8
tree 2648 1848 27 0 0
tree 2776 1848 19 0 0
dom 2816 1824 49 0 179
trop 3164 1828 77 0 0
tree 3544 1848 37 0 179
tree 3560 1832 59 0 179
tree 3576 1848 57 0 179
tree 3592 1848 12 0 179
tree 4200 1832 11 0 0
tree 4232 1832 57 0 0
tree 4264 1832 27 0 0
tree 4616 1832 51 0 0
tree 4936 1832 56 0 0
tree 4984 1848 52 1 0
tree 5048 1848 52 1 0
lay 5032 1832 19 0 0
lay 5096 1832 19 0 0
tree 5144 1832 52 1 0
tree 5160 1832 52 1 0
tree 5192 1832 52 1 0
tree 5208 1848 52 1 0
tree 5224 1848 51 1 0
tree 5256 1848 52 1 0
tree 5256 1832 51 1 0
tree 5272 1832 51 1 0
tree 5288 1848 51 1 0
tree 5288 1832 51 1 0
tree 5336 1832 51 1 0
lay 5336 1832 21 0 0
tree 5432 1832 51 1 0
tree 5416 1848 51 1 0
tree 5576 1832 51 1 0
tree 5624 1832 51 1 0
tree 5720 1832 51 1 0
tree 5720 1848 51 1 0
lay 5752 1832 22 0 0
tree 5752 1848 51 1 0
tree 5736 1848 51 1 0
tree 5848 1832 56 0 0
tree 5912 1832 48 0 0
tree 5976 1848 51 1 0
tree 5976 1832 51 1 0
tree 6008 1832 51 1 0
tree 6008 1848 51 1 0
tree 6056 1832 51 1 0
tree 6056 1848 51 1 0
tree 6104 1832 27 0 0
tree 6152 1848 0 0 0
tree 536 1880 42 0 0
tree 568 1880 34 0 0
tree 552 1880 34 0 0
trop 596 1876 48 0 0
tree 648 1880 34 0 0
zabor 752 1872 26 0 8
lay 760 1880 1 0 0
tree 952 1880 19 0 0
tree 968 1880 44 0 0
tree 1000 1864 4 0 0
zabor 1040 1872 28 0 8
tree 1112 1864 21 0 0
trop 1756 1884 22 0 0
dom 2016 1856 8 0 179
zabor 2096 1872 105 2 8
zabor 2224 1872 105 2 8
dom 2592 1856 3 0 179
tree 2712 1864 51 0 0
tree 2728 1864 21 0 0
tree 2952 1880 11 0 0
tree 3528 1864 3 0 179
tree 3576 1864 3 0 179
tree 3576 1880 32 0 179
tree 4408 1880 57 0 0
tree 4424 1880 44 0 0
tree 4856 1880 48 0 0
tree 4872 1880 48 0 0
dom 4928 1856 40 0 179
tree 5048 1864 52 1 0
tree 5080 1864 52 1 0
tree 5064 1880 52 1 0
tree 5144 1864 52 1 0
tree 5160 1880 52 1 0
lay 5160 1880 21 0 0
tree 5256 1880 51 1 0
tree 5560 1880 1 0 0
tree 5592 1864 51 1 0
tree 5608 1864 51 1 0
tree 5720 1880 56 0 0
tree 5752 1864 51 1 0
tree 5752 1880 51 1 0
tree 5784 1880 51 1 0
tree 5816 1864 51 1 0
tree 5800 1880 51 1 0
tree 5880 1864 41 0 0
tree 5896 1864 41 0 0
tree 5928 1880 51 1 0
tree 5928 1864 51 1 0
tree 5960 1880 51 1 0
tree 6072 1880 51 1 0
tree 6056 1880 51 1 0
tree 6088 1864 51 1 0
tree 6136 1864 50 0 0
tree 6120 1864 33 0 0
tree 6200 1864 51 1 0
tree 6200 1880 51 1 0
trop 6340 1876 92 0 0
tree 6520 1880 56 0 0
tree 6504 1880 1 0 0
tree 6536 1880 2 0 0
tree 6840 1880 2 0 0
tree 6856 1880 4 0 0
tree 6856 1864 56 0 0
tree 6888 1880 19 0 0
stand 7064 1864 18 0 0
lay 7096 1880 19 0 0
trop 156 1892 91 0 0
tree 408 1912 19 0 0
tree 520 1896 42 0 0
tree 552 1896 34 0 0
zabor 752 1904 27 0 8
tree 984 1896 27 0 0
zabor 1040 1904 25 0 8
trop 1844 1916 76 0 0
zabor 2096 1904 104 2 8
zabor 2224 1904 105 2 8
cliff 2240 1888 79 179 179
tree 2536 1896 4 0 0
dom 3072 1888 37 0 0
trop 3164 1908 76 0 0
tree 3576 1912 42 0 179
tree 4408 1896 11 0 0
trop 4492 1916 33 0 0
tree 4824 1896 48 0 0
tree 4888 1896 1 0 0
tree 4888 1912 41 0 0
tree 5080 1896 52 1 0
lay 5224 1896 21 0 0
lay 5272 1896 21 0 0
tree 5416 1912 51 1 0
tree 5480 1912 51 1 0
tree 5512 1912 51 1 0
tree 5560 1896 33 0 0
tree 5560 1912 56 0 0
tree 5576 1896 56 0 0
tree 5624 1912 51 1 0
tree 5640 1896 51 1 0
tree 5640 1912 51 1 0
tree 5784 1896 51 1 0
tree 5832 1896 51 1 0
tree 5912 1912 51 1 0
tree 5944 1912 51 1 0
tree 6088 1912 51 1 0
tree 6136 1912 51 1 0
tree 6120 1896 51 1 0
tree 6152 1912 51 1 0
tree 6152 1896 51 1 0
tree 6232 1912 51 1 0
tree 6216 1912 51 1 0
tree 6264 1896 43 0 0
tree 6264 1912 41 0 0
tree 6472 1896 27 0 0
tree 6504 1912 13 0 0
tree 6504 1896 2 0 0
tree 6536 1912 1 0 0
tree 6552 1896 58 0 0
tree 6536 1896 56 0 0
tree 6568 1896 56 0 0
tree 6600 1896 33 0 0
tree 6616 1896 57 0 0
tree 6648 1912 35 0 0
tree 6680 1912 58 0 0
tree 6664 1912 43 0 0
tree 6856 1896 56 0 0
tree 6872 1912 35 0 0
tree 6904 1896 56 0 0
tree 6888 1896 41 0 0
tree 6904 1912 1 0 0
tree 6936 1896 21 0 0
tree 6984 1896 41 0 0
tree 7016 1896 58 0 0
tree 7016 1912 33 0 0
trop 108 1948 90 0 0
tree 520 1928 34 0 0
tree 520 1944 42 0 0
zabor 752 1936 25 0 8
lay 760 1928 1 0 0
dom 864 1920 53 0 0
tree 1000 1944 43 0 0
zabor 1040 1936 28 0 8
tree 1368 1944 32 0 0
dom 1696 1920 54 0 0
zabor 2224 1936 104 2 8
tree 2776 1928 58 0 0
tree 2840 1944 13 0 0
tree 2984 1928 35 0 0
tree 3288 1944 44 0 0
tree 3288 1928 51 0 0
tree 3576 1944 37 0 179
tree 3576 1928 58 0 179
tree 4392 1944 59 0 0
tree 4408 1944 19 0 0
trop 4476 1924 33 0 0
tree 4792 1928 33 0 0
tree 4856 1944 48 0 0
tree 4856 1928 56 0 0
tree 4920 1944 48 0 0
tree 5032 1928 52 1 0
tree 5096 1928 52 1 0
tree 5112 1928 52 1 0
tree 5144 1944 52 1 0
tree 5272 1928 51 1 0
tree 5448 1928 51 1 0
tree 5512 1928 51 1 0
tree 5528 1944 51 1 0
tree 5544 1928 41 0 0
tree 5880 1928 27 1 0
tree 5864 1944 35 1 0
tree 5912 1928 51 1 0
tree 5928 1944 51 1 0
tree 5944 1928 51 1 0
tree 5944 1944 51 1 0
tree 6040 1944 44 0 0
tree 6056 1944 11 0 0
tree 6152 1928 51 1 0
tree 6152 1944 51 1 0
tree 6200 1944 51 1 0
tree 6216 1928 51 1 0
trop 6348 1932 77 0 0
tree 6488 1928 11 0 0
tree 6616 1944 1 0 0
tree 6648 1928 50 0 0
tree 6632 1944 21 0 0
tree 6792 1928 44 0 0
tree 6808 1944 4 0 0
vor 420 1956 0 0 0
tree 536 1960 34 0 0
trop 596 1956 48 0 0
zabor 752 1968 27 0 8
tree 1000 1960 44 0 0
zabor 1040 1968 31 0 8
tree 1112 1976 21 0 0
lay 1400 1976 19 0 0
trop 1764 1956 23 0 0
zabor 2224 1968 104 2 8
tree 2792 1976 58 0 0
tree 2984 1976 50 0 0
tree 3064 1976 50 0 0
trop 3164 1980 77 0 0
tree 3224 1976 44 0 0
tree 3240 1976 44 0 0
tree 5080 1976 52 1 0
tree 5144 1960 52 1 0
tree 5160 1960 52 1 0
tree 5176 1976 52 1 0
tree 5208 1976 52 1 0
tree 5208 1960 56 0 0
tree 5368 1976 33 0 0
tree 5368 1960 0 0 0
tree 5416 1976 33 0 0
tree 5448 1960 51 1 0
tree 5496 1976 51 1 0
tree 5512 1960 51 1 0
tree 5528 1960 51 1 0
tree 5528 1976 51 1 0
tree 5576 1960 51 1 0
tree 5576 1976 51 1 0
tree 5864 1976 27 1 0
tree 6072 1976 43 0 0
tree 6168 1960 51 1 0
tree 6200 1960 51 1 0
tree 6216 1976 51 1 0
tree 6232 1976 51 1 0
tree 6472 1960 4 0 0
tree 6760 1976 56 0 0
tree 6760 1960 58 0 0
tree 6792 1960 41 0 0
tree 6792 1976 44 0 0
tree 6824 1960 59 0 0
tree 6824 1976 51 0 0
lay 7000 1960 19 0 0
zabor 752 2000 27 0 8
zabor 1040 2000 25 0 8
lay 1240 2008 20 0 0
lay 1240 1992 20 0 0
tree 1224 1992 0 0 0
tree 1320 1992 58 0 0
trop 1476 2004 1 0 0
trop 1844 1988 77 0 0
tree 2152 2008 51 0 0
tree 2168 1992 58 0 0
tree 2184 1992 19 0 0
zabor 2224 2000 105 2 8
tree 2824 1992 4 0 0
lay 2920 1992 21 0 0
tree 3240 1992 50 0 0
tree 3272 1992 58 0 0
tree 3288 1992 27 0 0
tree 4504 2008 57 0 0
tree 5144 1992 52 1 0
tree 5224 1992 52 1 0
tree 5240 1992 52 1 0
tree 5336 2008 51 1 0
tree 5400 2008 8 0 0
tree 5464 2008 51 1 0
tree 5464 1992 51 1 0
tree 5448 1992 51 1 0
tree 5448 2008 51 1 0
tree 5496 1992 51 1 0
tree 5592 2008 51 1 0
tree 5704 2008 51 1 0
tree 5912 2008 19 1 0
tree 5928 1992 21 1 0
tree 5928 2008 58 1 0
tree 6120 2008 44 0 0
tree 6152 2008 33 0 0
tree 6456 2008 1 0 0
tree 6488 2008 21 0 0
tree 6472 1992 50 0 0
tree 6472 2008 21 0 0
tree 6536 2008 19 0 0
lay 7000 2008 4 0 0
tree 7704 2008 33 0 0
tree 152 2040 43 0 0
trop 596 2036 48 0 0
zabor 752 2032 24 0 8
trop 916 2036 6 0 0
zabor 1040 2032 25 0 8
lay 1176 2040 19 0 0
lay 1208 2024 20 0 0
trop 1460 2020 1 0 0
cliff 2272 2016 74 179 179
tree 2568 2040 4 0 0
tree 2632 2024 44 0 0
tree 4520 2024 59 0 0
tree 4536 2040 43 0 0
tree 4680 2040 43 0 0
tree 4696 2040 13 0 0
tree 4712 2040 21 0 0
tree 4728 2040 51 0 0
tree 4824 2040 43 0 0
tree 5000 2024 56 0 0
tree 5096 2040 52 1 0
tree 5160 2040 52 1 0
tree 5240 2024 52 1 0
tree 5320 2024 52 1 0
tree 5432 2024 51 1 0
tree 5432 2040 0 0 0
tree 5416 2024 8 0 0
tree 5448 2040 51 1 0
tree 5480 2024 51 1 0
tree 5560 2024 51 1 0
tree 5576 2040 51 1 0
tree 5592 2040 51 1 0
tree 5592 2024 51 1 0
tree 5784 2040 51 1 0
tree 5768 2040 51 1 0
tree 5800 2040 51 1 0
tree 5880 2040 21 1 0
tree 5880 2024 2 1 0
tree 5912 2024 51 1 0
tree 5896 2040 21 1 0
tree 5928 2024 50 1 0
tree 5944 2024 2 1 0
tree 6040 2040 2 0 0
tree 6056 2040 19 0 0
tree 6136 2040 27 0 0
tree 6136 2024 44 0 0
tree 6168 2040 56 0 0
tree 6168 2024 48 0 0
stand 6296 2024 18 0 0
trop 6348 2020 76 0 0
tree 6504 2024 41 0 0
dom 6656 2016 53 0 0
lay 6728 2024 1 0 0
tree 7528 2040 56 0 0
tree 7544 2024 41 0 0
tree 7736 2024 1 0 0
zabor 752 2064 25 0 8
tree 840 2072 13 0 0
zabor 1040 2064 24 0 8
trop 1844 2076 76 0 0
trop 3164 2060 76 0 0
zabor 3600 2064 36 0 9
zabor 3632 2064 39 0 9
zabor 3664 2064 28 0 8
tree 4552 2056 57 0 0
tree 4568 2072 57 0 0
tree 4856 2072 19 0 0
tree 4840 2056 58 0 0
tree 5272 2072 52 1 0
tree 5432 2072 51 1 0
tree 5416 2056 51 1 0
tree 5496 2056 51 1 0
tree 5512 2072 51 1 0
tree 5592 2056 51 1 0
tree 5608 2056 51 1 0
tree 5656 2056 11 1 0
tree 5720 2072 51 1 0
tree 5752 2056 51 1 0
tree 5736 2072 51 1 0
tree 5784 2056 51 1 0
tree 5768 2056 51 1 0
tree 5816 2072 51 1 0
tree 5800 2056 51 1 0
tree 5832 2072 2 1 0
tree 5848 2056 51 1 0
tree 5848 2072 35 1 0
tree 5896 2056 43 1 0
tree 5928 2056 27 1 0
tree 6008 2072 33 0 0
tree 6040 2056 57 0 0
tree 6024 2056 56 0 0
tree 6120 2072 48 0 0
tree 6152 2056 13 0 0
tree 6152 2072 43 0 0
trop 6468 2076 5 0 0
trop 6564 2076 5 0 0
trop 6652 2076 5 0 0
tree 6824 2056 3 1 0
tree 6824 2072 3 1 0
tree 7496 2072 1 0 0
tree 7512 2056 41 0 0
tree 7832 2072 44 0 0
tree 7848 2056 13 0 0
trop 140 2084 58 0 0
trop 220 2092 64 0 0
zabor 752 2096 28 0 8
tree 824 2088 27 0 0
zabor 1040 2096 26 0 8
trop 1476 2092 22 0 0
trop 1508 2092 22 0 0
tree 2680 2104 21 0 0
tree 2680 2088 50 0 0
tree 2664 2088 21 0 0
dom 2912 2080 17 0 0
dom 3072 2080 126 0 0
tree 3368 2088 27 0 0
tree 3384 2104 11 0 0
zabor 3664 2096 72 1 9
zabor 3696 2096 72 1 9
tree 4808 2088 57 0 0
tree 5032 2088 33 0 0
tree 5320 2104 33 0 0
tree 5336 2104 33 0 0
tree 5352 2104 48 0 0
tree 5464 2088 51 1 0
tree 5480 2088 51 1 0
tree 5480 2104 51 1 0
tree 5496 2104 51 1 0
tree 5528 2088 51 1 0
tree 5528 2104 51 1 0
tree 5608 2088 51 1 0
tree 5656 2104 51 1 0
tree 5720 2104 51 1 0
tree 5704 2088 13 1 0
tree 5800 2104 51 1 0
tree 5928 2088 1 0 0
tree 5976 2104 41 0 0
tree 5992 2104 33 0 0
trop 6348 2084 77 0 0
tree 6456 2104 59 0 0
stand 6648 2104 6 0 0
tree 6840 2104 3 1 0
trop 284 2124 117 0 0
tree 408 2136 51 0 0
trop 596 2116 48 0 0
zabor 752 2128 31 0 8
zabor 784 2128 30 0 8
zabor 816 2128 27 0 8
zabor 848 2128 26 0 8
zabor 880 2128 28 0 8
trop 916 2140 6 0 0
lay 904 2136 3 0 0
zabor 944 2128 25 0 8
zabor 976 2128 29 0 8
zabor 1008 2128 24 0 8
zabor 1040 2128 25 0 8
dom 1184 2112 54 0 0
dom 1440 2112 37 0 0
stand 1448 2136 141 0 179
lay 1752 2136 12 0 0
tree 2776 2136 58 0 0
tree 2792 2136 2 0 0
lay 2888 2120 21 0 0
lay 3000 2120 21 0 0
trop 3164 2124 77 0 0
dom 3264 2112 125 0 0
tree 3432 2120 2 0 0
tree 3464 2120 59 0 0
tree 3496 2120 57 0 0
tree 3512 2120 4 0 0
dom 3584 2112 0 0 179
zabor 3664 2128 74 1 9
zabor 3696 2128 73 1 9
tree 5272 2120 1 0 0
tree 5288 2136 56 0 0
tree 5336 2120 33 0 0
tree 5464 2136 51 1 0
tree 5496 2136 51 1 0
tree 5496 2120 51 1 0
tree 5544 2136 51 1 0
tree 5592 2120 48 0 0
tree 5576 2136 56 0 0
tree 5624 2136 13 1 0
tree 5608 2120 33 0 0
tree 5656 2120 4 1 0
tree 5640 2136 50 1 0
tree 5656 2136 59 1 0
tree 5672 2120 2 1 0
tree 5688 2120 4 1 0
tree 5720 2120 51 1 0
tree 5784 2136 51 1 0
tree 5816 2120 51 1 0
tree 5848 2136 11 1 0
tree 5864 2120 43 1 0
tree 5928 2120 33 0 0
tree 5928 2136 1 0 0
tree 5960 2136 48 0 0
tree 5976 2120 48 0 0
tree 6024 2136 34 1 0
tree 6552 2120 19 0 0
tree 6824 2120 3 1 0
tree 6840 2136 3 1 0
tree 6920 2120 57 0 0
tree 6936 2120 44 0 0
trop 1268 2172 34 0 0
trop 1292 2164 34 0 0
lay 1736 2168 8 0 0
lay 1768 2168 10 0 0
trop 1844 2148 77 0 0
tree 2568 2168 44 0 0
tree 2600 2168 19 0 0
tree 2632 2168 19 0 0
tree 2808 2152 50 0 0
stand 3224 2152 5 0 0
stand 3400 2152 5 0 0
zabor 3664 2160 65 1 8
tree 5400 2152 51 1 0
tree 5432 2168 51 1 0
tree 5448 2152 51 1 0
tree 5496 2152 51 1 0
tree 5512 2152 51 1 0
tree 5528 2168 51 1 0
tree 5528 2152 51 1 0
tree 5544 2152 51 1 0
tree 5592 2168 58 1 0
tree 5576 2168 4 1 0
tree 5624 2152 27 1 0
tree 5624 2168 44 1 0
tree 5608 2168 57 1 0
tree 5656 2168 51 1 0
tree 5656 2152 50 1 0
tree 5640 2168 35 1 0
tree 5672 2152 21 1 0
tree 5720 2152 51 1 0
tree 5720 2168 51 1 0
tree 5736 2152 51 1 0
tree 5752 2168 51 1 0
tree 5768 2152 51 1 0
tree 5784 2152 59 1 0
tree 5784 2168 4 1 0
tree 5800 2152 51 1 0
tree 5816 2168 51 1 0
tree 5880 2152 34 1 0
tree 5880 2168 34 1 0
tree 5864 2168 34 1 0
tree 5896 2152 34 1 0
tree 5944 2168 4 0 0
tree 5944 2152 1 0 0
tree 5976 2168 34 1 0
tree 5960 2152 56 0 0
tree 6008 2168 34 1 0
tree 6024 2152 34 1 0
tree 6024 2168 34 1 0
tree 6072 2168 35 1 0
tree 6056 2168 58 1 0
trop 6348 2164 76 0 0
tree 6840 2152 3 1 0
tree 6840 2168 3 1 0
tree 6904 2168 21 0 0
tree 6920 2152 3 1 0
tree 7880 2168 43 0 0
trop 332 2196 118 0 0
trop 604 2204 51 0 0
tree 2568 2184 43 0 0
tree 2584 2184 2 0 0
tree 2600 2184 2 0 0
trop 2780 2204 93 0 0
trop 2852 2204 79 0 0
trop 2932 2204 78 0 0
trop 3012 2204 79 0 0
trop 3092 2204 78 0 0
trop 3164 2180 100 0 0
trop 3244 2204 79 0 0
trop 3316 2204 78 0 0
trop 3396 2204 79 0 0
trop 3460 2204 78 0 0
zabor 3664 2192 73 1 9
tree 5400 2184 51 1 0
tree 5528 2200 51 1 0
tree 5544 2184 51 1 0
tree 5544 2200 51 1 0
tree 5608 2184 19 1 0
tree 5608 2200 57 1 0
tree 5624 2200 2 1 0
tree 5624 2184 50 1 0
tree 5672 2184 21 1 0
tree 5720 2184 51 1 0
tree 5736 2184 51 1 0
tree 5752 2200 51 1 0
tree 5752 2184 51 1 0
tree 5768 2200 51 1 0
tree 5816 2184 51 1 0
tree 5800 2200 51 1 0
tree 5864 2200 44 1 0
tree 5864 2184 34 1 0
tree 5912 2200 34 1 0
tree 5896 2184 34 1 0
tree 5896 2200 34 1 0
tree 5928 2184 34 1 0
tree 5928 2200 34 1 0
tree 5960 2184 34 1 0
tree 5960 2200 34 1 0
tree 5976 2184 34 1 0
tree 5976 2200 34 1 0
tree 6008 2184 34 1 0
tree 6008 2200 34 1 0
tree 5992 2184 34 1 0
tree 6040 2200 44 1 0
tree 6024 2200 51 1 0
tree 6072 2184 44 1 0
tree 6088 2184 59 1 0
tree 6872 2200 3 1 0
tree 6904 2200 3 1 0
tree 6888 2184 44 0 0
tree 6904 2184 51 0 0
tree 6920 2200 3 1 0
tree 6936 2184 3 1 0
tree 7432 2184 50 0 0
tree 7528 2200 33 0 0
tree 7528 2184 1 0 0
tree 7864 2184 43 0 0
tree 7944 2200 58 0 0
dom 1184 2208 55 0 0
trop 1356 2236 8 0 0
trop 1844 2228 76 0 0
tree 2296 2216 18 0 179
tree 2312 2232 42 0 179
trop 3164 2212 100 0 0
tree 3672 2232 59 0 0
tree 5544 2216 51 1 0
tree 5560 2232 51 1 0
tree 5560 2216 51 1 0
tree 5624 2216 51 1 0
tree 5624 2232 51 1 0
tree 5656 2216 4 1 0
tree 5688 2232 51 1 0
tree 5688 2216 59 1 0
tree 5736 2216 51 1 0
tree 5736 2232 51 1 0
tree 5752 2216 51 1 0
tree 5784 2216 51 1 0
tree 5784 2232 51 1 0
tree 5768 2232 51 1 0
tree 5816 2232 51 1 0
tree 5800 2216 51 1 0
tree 5800 2232 51 1 0
tree 5864 2232 59 1 0
tree 5880 2232 34 1 0
tree 5896 2216 4 1 0
tree 5896 2232 11 1 0
tree 5928 2232 19 1 0
tree 5976 2232 44 1 0
tree 5960 2216 34 1 0
tree 5960 2232 34 1 0
tree 6008 2216 19 1 0
tree 5992 2216 34 1 0
tree 5992 2232 34 1 0
tree 6024 2216 27 1 0
tree 6104 2232 44 1 0
trop 6348 2236 77 0 0
tree 7512 2232 1 0 0
tree 7528 2232 1 0 0
tree 7528 2216 1 0 0
tree 7608 2216 4 0 0
tree 7928 2216 43 0 0
tree 7944 2216 58 0 0
stand 376 2264 26 0 0
trop 396 2244 117 0 0
trop 596 2268 48 0 0
trop 916 2244 6 0 0
trop 1276 2268 35 0 0
trop 1340 2252 8 0 0
trop 1348 2268 25 0 0
zabor 1552 2256 105 2 8
most 2176 2240 62 0 179
tree 2296 2264 43 0 179
tree 2616 2264 57 0 0
trop 3164 2268 77 0 0
dom 3232 2240 20 0 0
trop 3588 2244 88 0 0
tree 3672 2248 21 0 0
tree 5528 2248 33 0 0
tree 5592 2264 35 1 0
tree 5656 2248 51 1 0
tree 5640 2264 51 1 0
tree 5672 2264 51 1 0
tree 5768 2248 51 1 0
tree 5768 2264 51 1 0
tree 5816 2264 51 1 0
tree 5896 2248 21 1 0
tree 5896 2264 43 1 0
tree 5928 2248 57 1 0
tree 5976 2248 19 1 0
tree 5992 2248 59 1 0
tree 6072 2248 51 1 0
tree 6232 2248 43 0 0
tree 6248 2248 44 0 0
lay 6872 2264 3 0 0
tree 712 2280 42 0 0
tree 744 2296 42 0 0
dom 800 2272 49 0 0
tree 1176 2296 58 0 0
trop 1284 2292 35 0 0
trop 1356 2292 25 0 0
trop 1412 2300 28 0 0
zabor 1552 2288 104 2 8
trop 1844 2300 77 0 0
trop 2700 2284 92 0 0
tree 3384 2296 59 0 0
tree 3400 2296 35 0 0
dom 3488 2272 22 0 0
tree 3704 2280 11 0 0
tree 3784 2296 57 0 0
tree 3800 2296 44 0 0
tree 3800 2280 11 0 0
trop 5420 2276 30 0 0
dom 5408 2272 27 0 0
tree 5496 2296 48 0 0
tree 5528 2296 33 0 0
tree 5528 2280 56 0 0
tree 5512 2280 56 0 0
tree 5512 2296 41 0 0
tree 5592 2296 52 1 0
tree 5608 2280 52 1 0
tree 5640 2280 51 1 0
tree 5672 2296 52 1 0
tree 5720 2280 51 1 0
tree 5752 2280 51 1 0
tree 5736 2296 51 1 0
tree 5768 2296 51 1 0
tree 5768 2280 51 1 0
tree 5784 2280 51 1 0
tree 5848 2280 44 1 0
tree 5928 2280 13 1 0
tree 6264 2296 41 0 0
tree 6408 2296 56 0 0
tree 6440 2296 11 0 0
tree 7512 2280 13 0 0
tree 7512 2296 19 0 0
tree 7528 2280 51 0 0
tree 7544 2280 13 0 0
lay 392 2312 7 0 0
lay 408 2312 5 0 0
lay 408 2328 10 0 0
trop 452 2316 118 0 0
trop 916 2316 6 0 0
lay 936 2328 6 0 0
trop 1396 2316 28 0 0
zabor 1424 2320 104 2 8
zabor 1456 2320 112 2 9
zabor 1488 2320 112 2 9
zabor 1520 2320 104 2 8
zabor 1552 2320 104 2 8
tree 1704 2328 24 0 0
most 2240 2304 61 0 179
dom 2816 2304 126 0 0
dom 2944 2304 125 0 0
dom 3072 2304 123 0 0
trop 3540 2316 110 0 0
tree 3704 2312 58 0 0
tree 3768 2312 35 0 0
tree 5528 2328 56 0 0
tree 5688 2312 51 1 0
tree 5768 2312 52 1 0
tree 5768 2328 52 1 0
tree 5816 2312 52 1 0
tree 5800 2312 52 1 0
tree 5800 2328 52 1 0
tree 5848 2312 52 1 0
tree 6088 2328 56 0 0
trop 6348 2324 76 0 0
tree 7864 2312 13 0 0
tree 7880 2328 13 0 0
tree 7912 2328 44 0 0
tree 7944 2328 35 0 0
tree 7960 2328 58 0 0
tree 8008 2328 57 0 0
tree 8024 2328 57 0 0
tree 8024 2312 59 0 0
trop 540 2348 114 0 0
trop 516 2340 114 0 0
trop 596 2340 48 0 0
trop 668 2356 113 0 0
trop 708 2356 113 0 0
trop 796 2364 58 0 0
stand 968 2344 26 0 0
lay 1240 2360 1 0 0
zabor 1424 2352 104 2 8
zabor 1456 2352 104 2 8
trop 1468 2356 27 0 0
zabor 1488 2352 113 2 9
dom 1504 2336 40 0 0
lay 1592 2344 8 0 0
cliff 2080 2336 80 179 179
lay 2424 2344 21 0 0
tree 2408 2344 42 0 179
trop 2708 2340 77 0 0
trop 2788 2348 109 0 0
trop 2852 2348 109 0 0
tree 3064 2360 19 0 0
trop 3164 2356 76 0 0
dom 3232 2336 21 0 0
stand 3288 2360 141 0 179
dom 3360 2336 23 0 0
tree 3448 2360 21 0 0
tree 3464 2360 2 0 0
tree 3480 2360 58 0 0
trop 3628 2364 89 0 0
tree 5528 2360 56 0 0
tree 5544 2344 56 0 0
tree 5624 2360 52 1 0
tree 5672 2344 52 1 0
tree 5912 2344 52 1 0
tree 6056 2360 48 0 0
tree 6200 2360 58 0 0
tree 6216 2360 57 0 0
tree 6216 2344 19 0 0
tree 6232 2360 51 0 0
tree 6392 2360 35 0 0
tree 6408 2360 21 0 0
tree 6408 2344 11 0 0
tree 6440 2344 44 0 0
tree 6536 2360 41 0 0
zabor 624 2384 113 2 9
zabor 688 2384 105 2 8
stand 728 2392 24 0 0
trop 876 2372 64 0 0
trop 956 2372 115 0 0
trop 1052 2372 115 0 0
trop 1132 2396 117 0 0
trop 1452 2372 27 0 0
lay 1608 2376 2 0 0
tree 1672 2392 56 0 0
tree 1688 2376 1 0 0
trop 1844 2388 76 0 0
tree 1928 2376 13 0 0
tree 2200 2376 52 0 179
most 2304 2368 60 0 179
tree 2440 2376 57 0 179
lay 2472 2376 21 0 0
tree 2856 2392 44 0 0
tree 2904 2392 21 0 0
tree 2968 2376 2 0 0
stand 3320 2392 5 0 0
trop 3740 2396 79 0 0
trop 3820 2396 78 0 0
trop 3852 2396 78 0 0
trop 3900 2396 78 0 0
stand 4280 2392 0 1 0
stand 4328 2392 0 0 0
stand 4392 2376 0 1 0
tree 5528 2376 33 0 0
tree 5864 2376 52 1 0
tree 5896 2392 52 1 0
tree 6104 2392 19 0 0
tree 6088 2376 4 0 0
tree 6104 2376 59 0 0
vor 6268 2372 25 0 0
tree 6248 2376 44 0 0
trop 6348 2396 77 0 0
tree 7752 2392 59 0 0
tree 7768 2392 11 0 0
tree 7784 2376 4 0 0
trop 596 2412 48 0 0
tree 968 2424 33 0 0
lay 1272 2408 20 0 0
dom 1312 2400 40 0 0
lay 1432 2424 19 0 0
zabor 1488 2416 104 2 8
cliff 2048 2400 80 179 179
lay 2488 2408 21 0 0
trop 2708 2420 76 0 0
trop 3156 2428 104 0 0
stand 4280 2424 0 0 0
tree 5768 2408 52 1 0
tree 5944 2424 52 1 0
tree 5960 2408 52 1 0
tree 5960 2424 52 1 0
tree 6024 2424 48 0 0
tree 6104 2424 4 0 0
tree 7256 2408 48 0 0
tree 7256 2424 48 0 0
zabor 1456 2448 104 2 8
zabor 1488 2448 105 2 8
tree 2264 2440 11 0 179
dom 2816 2432 53 0 0
dom 2944 2432 55 0 0
trop 3156 2460 104 0 0
trop 3244 2444 79 0 0
trop 3324 2444 78 0 0
trop 3396 2444 84 0 0
trop 3484 2436 85 0 0
zabor 3760 2448 30 0 8
zabor 3792 2448 29 0 8
zabor 3824 2448 25 0 8
zabor 3856 2448 27 0 8
zabor 3888 2448 26 0 8
trop 4028 2436 88 0 0
stand 4232 2456 0 1 0
stand 4392 2440 0 0 0
stand 4424 2440 0 1 0
tree 5816 2440 52 1 0
tree 6424 2456 48 0 0
tree 6440 2440 1 0 0
tree 6456 2456 59 0 0
tree 7272 2440 56 0 0
tree 7272 2456 33 0 0
cliff 7840 2432 28 179 179
trop 596 2476 48 0 0
tree 872 2488 58 0 0
tree 920 2488 11 0 0
tree 1080 2488 1 0 0
tree 1096 2472 33 0 0
trop 1180 2468 118 0 0
lay 1560 2488 6 0 0
trop 1836 2476 91 0 0
tree 1928 2472 19 0 0
cliff 2016 2464 81 179 179
most 2400 2464 61 0 179
tree 2520 2488 48 0 0
tree 2504 2488 41 0 0
tree 2504 2472 33 0 0
tree 2616 2488 4 0 0
trop 2852 2492 111 0 0
trop 2964 2484 111 0 0
dom 3040 2464 51 0 0
trop 3100 2484 110 0 0
zabor 3760 2480 24 0 8
vor 3836 2468 32 0 0
dom 3904 2464 17 0 0
stand 4248 2488 0 0 0
dom 4320 2464 9 0 179
stand 4360 2488 0 1 0
tree 5944 2472 52 1 0
tree 6024 2472 52 1 0
tree 6024 2488 52 1 0
tree 6120 2472 13 0 0
trop 6348 2476 76 0 0
dom 6432 2464 40 0 0
tree 6568 2472 11 0 0
tree 6648 2488 27 0 0
tree 6664 2488 51 0 0
tree 6680 2488 1 0 0
tree 6728 2488 27 0 0
lay 7176 2488 6 0 0
tree 7272 2488 1 0 0
tree 7384 2488 33 0 0
tree 7656 2488 44 0 0
cliff 7776 2464 2 179 179
tree 856 2520 4 0 0
tree 872 2504 43 0 0
trop 1244 2516 117 0 0
lay 1304 2504 2 0 0
lay 1336 2520 3 0 0
lay 1384 2520 3 0 0
lay 1432 2520 4 0 0
lay 1480 2520 2 0 0
lay 1592 2504 12 0 0
tree 2504 2520 41 0 0
tree 2504 2504 41 0 0
tree 2616 2504 43 0 0
stand 2904 2504 5 0 0
trop 3156 2508 77 0 0
dom 3200 2496 49 0 0
stand 3384 2504 44 0 0
zabor 3760 2512 27 0 8
trop 4036 2524 77 0 0
stand 4328 2504 0 0 0
stand 4392 2504 0 0 0
stand 4424 2520 0 1 0
dom 5696 2496 115 0 179
tree 6056 2520 52 1 0
tree 6136 2520 4 0 0
tree 6136 2504 43 0 0
tree 6680 2504 2 0 0
tree 6696 2520 19 0 0
tree 6728 2504 1 0 0
tree 7256 2520 1 0 0
tree 7288 2504 56 0 0
tree 7640 2504 35 0 0
lay 7768 2520 6 0 0
cliff 7744 2496 2 179 179
lay 7800 2520 5 0 0
lay 7928 2520 5 0 0
lay 7976 2520 5 0 0
trop 596 2548 48 0 0
stand 1032 2552 0 1 0
lay 1304 2536 10 0 0
tree 1448 2552 32 0 0
tree 1448 2536 24 0 0
trop 1724 2556 74 0 0
trop 1780 2556 92 0 0
tree 1912 2552 11 0 0
tree 2520 2552 1 0 0
tree 2504 2536 41 0 0
tree 2520 2536 1 0 0
trop 2740 2532 89 0 0
trop 3164 2556 103 0 0
tree 3368 2552 44 0 0
tree 3608 2552 1 0 0
tree 3624 2552 1 0 0
zabor 3760 2544 24 0 8
trop 3948 2540 18 0 0
trop 4036 2548 77 0 0
vor 4244 2540 112 179 179
stand 4312 2552 0 1 0
stand 4296 2552 0 0 0
stand 4360 2552 0 0 0
tree 6216 2536 35 0 0
tree 6232 2536 44 0 0
trop 6340 2548 104 0 0
trop 6388 2556 100 0 0
trop 6388 2548 100 0 0
trop 6436 2556 79 0 0
trop 6492 2556 79 0 0
trop 6564 2556 78 0 0
tree 6712 2536 48 0 0
tree 7272 2536 41 0 0
tree 7288 2552 56 0 0
cliff 7712 2528 7 179 179
lay 7768 2536 6 0 0
stand 984 2584 0 1 0
stand 1016 2568 0 0 0
trop 1292 2580 118 0 0
trop 1396 2564 2 0 0
stand 1624 2568 26 0 0
trop 1700 2588 74 0 0
trop 1772 2588 73 0 0
trop 1820 2580 73 0 0
tree 2520 2568 41 0 0
lay 2584 2568 1 0 0
lay 2664 2568 21 0 0
trop 2852 2564 79 0 0
trop 2932 2564 78 0 0
trop 2980 2564 78 0 0
trop 3044 2564 78 0 0
trop 3084 2564 78 0 0
trop 3164 2572 103 0 0
tree 3496 2568 44 0 0
zabor 3760 2576 28 0 8
tree 3784 2584 34 1 0
tree 3800 2584 34 1 0
tree 3832 2584 34 1 0
zabor 3984 2576 30 0 8
tree 6120 2584 57 0 0
tree 6136 2584 58 0 0
trop 6340 2564 104 0 0
tree 7320 2584 1 0 0
lay 7672 2584 5 0 0
tree 7912 2584 41 0 0
tree 7928 2584 56 0 0
trop 596 2620 48 0 0
stand 1032 2600 0 1 0
stand 1128 2600 0 0 0
trop 1364 2604 116 0 0
trop 1444 2604 116 0 0
trop 1532 2604 116 0 0
trop 1620 2604 124 0 0
trop 1644 2596 74 0 0
trop 1796 2596 77 0 0
tree 2392 2600 33 0 0
tree 2728 2616 50 0 0
stand 2776 2600 44 0 0
stand 3096 2600 44 0 0
zabor 3760 2608 24 0 8
tree 3784 2616 34 1 0
tree 3800 2616 34 1 0
tree 3800 2600 34 1 0
tree 3816 2616 34 1 0
tree 3816 2600 34 1 0
tree 3832 2600 34 1 0
tree 3832 2616 34 1 0
trop 3812 2596 5 0 0
zabor 3984 2608 31 0 8
tree 4184 2616 13 0 0
tree 4200 2616 58 0 0
tree 6136 2616 50 0 0
tree 6120 2616 2 0 0
tree 6120 2600 21 0 0
trop 6348 2620 77 0 0
trop 6692 2596 88 0 0
lay 7672 2616 5 0 0
lay 7896 2616 6 0 0
tree 7896 2616 1 0 0
tree 7912 2600 33 0 0
tree 8024 2600 33 0 0
stand 1064 2632 0 1 0
stand 1096 2632 0 1 0
stand 1128 2632 0 1 0
stand 1384 2648 24 0 0
trop 1796 2628 77 0 0
tree 1880 2632 11 0 0
lay 2696 2648 21 0 0
tree 2728 2632 11 0 0
trop 3156 2628 77 0 0
dom 3232 2624 50 0 0
zabor 3760 2640 31 0 8
zabor 3792 2640 27 0 8
zabor 3824 2640 29 0 8
zabor 3856 2640 30 0 8
zabor 3888 2640 31 0 8
vor 3932 2644 33 0 0
zabor 3920 2640 27 0 8
zabor 3952 2640 26 0 8
zabor 3984 2640 30 0 8
trop 4036 2636 76 0 0
tree 4184 2648 11 0 0
tree 4184 2632 48 0 0
zabor 5360 2640 105 2 8
zabor 5392 2640 104 2 8
tree 6136 2632 51 0 0
tree 6504 2648 21 0 0
lay 7032 2632 19 0 0
tree 7512 2632 58 0 0
tree 7528 2648 50 0 0
tree 7624 2648 27 0 0
tree 7640 2648 13 0 0
cliff 7744 2624 11 179 179
tree 7864 2648 1 0 0
tree 7864 2632 1 0 0
tree 7880 2632 56 0 0
tree 7960 2632 41 0 0
stand 1016 2664 0 0 0
stand 1032 2680 8 1 0
stand 1096 2680 0 1 0
stand 1128 2680 0 0 0
stand 2152 2680 100 0 179
lay 2696 2664 21 0 0
tree 2728 2680 27 0 0
tree 2904 2664 50 0 0
tree 2920 2664 2 0 0
tree 2968 2664 13 0 0
tree 2984 2680 44 0 0
dom 3040 2656 51 0 0
trop 3100 2676 110 0 0
trop 3156 2668 77 0 0
tree 3352 2680 59 0 0
tree 3368 2680 59 0 0
tree 3368 2664 57 0 0
tree 3384 2664 57 0 0
lay 3496 2680 21 0 0
tree 3624 2680 2 0 0
tree 4184 2664 33 0 0
tree 4184 2680 21 0 0
zabor 5136 2672 104 2 8
zabor 5392 2672 104 2 8
zabor 5424 2672 112 2 9
tree 6120 2680 21 0 0
dom 6592 2656 54 0 0
trop 6700 2684 77 0 0
tree 6856 2680 27 0 0
tree 6856 2664 43 0 0
tree 7560 2680 21 0 0
lay 7800 2664 21 0 0
lay 7848 2680 6 0 0
tree 7976 2664 56 0 0
tree 7976 2680 41 0 0
tree 7992 2680 56 0 0
tree 8008 2664 48 0 0
trop 596 2692 48 0 0
stand 1144 2712 0 1 0
stand 1240 2696 0 0 0
trop 1796 2692 76 0 0
tree 1880 2712 11 0 0
tree 2856 2696 21 0 0
trop 3212 2692 110 0 0
trop 3244 2692 110 0 0
zabor 3760 2704 105 2 8
zabor 3792 2704 104 2 8
zabor 3824 2704 105 2 8
zabor 3856 2704 105 2 8
zabor 3888 2704 105 2 8
zabor 3920 2704 104 2 8
zabor 3952 2704 104 2 8
trop 4036 2708 77 0 0
tree 4168 2712 27 0 0
tree 4184 2712 21 0 0
zabor 5104 2704 105 2 8
zabor 5136 2704 105 2 8
zabor 5168 2704 104 2 8
zabor 5424 2704 113 2 9
zabor 5584 2704 104 2 8
zabor 5616 2704 105 2 8
dom 5984 2688 27 0 0
tree 6120 2696 27 0 0
trop 6348 2692 76 0 0
tree 6504 2712 43 0 0
tree 7624 2696 59 0 0
lay 7768 2696 3 0 0
lay 7848 2696 22 0 0
lay 2680 2744 19 0 0
trop 3148 2740 91 0 0
tree 3608 2728 13 0 0
tree 3592 2728 2 0 0
tree 3592 2744 13 0 0
tree 4152 2744 35 0 0
zabor 5168 2736 105 2 8
zabor 5200 2736 104 2 8
zabor 5616 2736 113 2 9
zabor 5648 2736 112 2 9
zabor 5680 2736 105 2 8
zabor 5712 2736 105 2 8
zabor 5744 2736 105 2 8
tree 6136 2728 19 0 0
tree 6168 2728 35 0 0
tree 6184 2728 27 0 0
tree 6936 2728 56 0 0
lay 7640 2744 1 0 0
lay 7784 2744 5 0 0
lay 7800 2728 3 0 0
lay 7832 2728 21 0 0
lay 7848 2744 5 0 0
trop 596 2764 48 0 0
zabor 880 2768 105 2 8
zabor 912 2768 105 2 8
zabor 944 2768 104 2 8
zabor 976 2768 105 2 8
zabor 1008 2768 104 2 8
zabor 1040 2768 105 2 8
zabor 1072 2768 105 2 8
zabor 1104 2768 104 2 8
trop 1796 2756 77 0 0
zabor 1872 2768 25 0 8
zabor 1904 2768 26 0 8
zabor 1936 2768 27 0 8
zabor 1968 2768 28 0 8
zabor 2000 2768 27 0 8
zabor 2032 2768 27 0 8
zabor 2064 2768 30 0 8
zabor 2096 2768 30 0 8
zabor 2128 2768 25 0 8
zabor 2160 2768 27 0 8
zabor 2192 2768 27 0 8
zabor 2224 2768 31 0 8
zabor 2256 2768 31 0 8
zabor 2288 2768 31 0 8
tree 2616 2760 33 0 0
tree 2600 2760 56 0 0
tree 2632 2776 56 0 0
tree 2776 2760 27 0 0
tree 2872 2776 59 0 0
tree 2888 2776 21 0 0
vor 3428 2756 24 0 0
tree 3512 2776 33 0 0
tree 3512 2760 41 0 0
trop 4036 2780 76 0 0
tree 4136 2776 1 0 0
tree 4184 2760 33 0 0
tree 4696 2776 56 0 0
tree 4712 2776 44 0 0
zabor 5200 2768 105 2 8
zabor 5232 2768 113 2 9
zabor 5264 2768 112 2 9
trop 6348 2764 77 0 0
trop 6700 2764 76 0 0
zabor 1104 2800 105 2 8
zabor 1136 2800 104 2 8
zabor 1168 2800 105 2 8
zabor 1200 2800 105 2 8
zabor 1232 2800 105 2 8
zabor 1264 2800 105 2 8
zabor 1296 2800 104 2 8
zabor 1328 2800 104 2 8
zabor 1360 2800 105 2 8
zabor 1392 2800 105 2 8
tree 1880 2808 11 0 0
zabor 1872 2800 30 0 8
zabor 1936 2800 27 0 8
tree 1960 2808 3 1 0
tree 1976 2808 3 1 0
tree 1960 2792 3 1 0
tree 2008 2792 3 1 0
tree 1992 2792 3 1 0
tree 2024 2792 3 1 0
tree 2040 2792 3 1 0
zabor 2064 2800 27 0 8
zabor 2288 2800 25 0 8
trop 3020 2796 93 0 0
trop 3100 2796 90 0 0
zabor 3696 2800 105 2 8
vor 3852 2804 40 0 0
tree 4136 2792 4 0 0
tree 4136 2808 50 0 0
tree 4184 2792 35 0 0
tree 4184 2808 57 0 0
tree 4280 2792 58 0 0
tree 4680 2808 13 0 0
zabor 5232 2800 113 2 9
zabor 5264 2800 113 2 9
zabor 5776 2800 105 2 8
zabor 5808 2800 104 2 8
tree 6120 2808 35 0 0
tree 6136 2808 59 0 0
dom 6592 2784 50 0 0
tree 6808 2792 11 0 0
tree 6808 2808 1 0 0
tree 6920 2808 50 0 0
tree 7784 2792 57 0 179
tree 7992 2808 48 0 0
trop 596 2836 48 0 0
trop 1796 2836 76 0 0
zabor 1872 2832 24 0 8
zabor 1936 2832 24 0 8
tree 1976 2840 3 1 0
tree 1960 2840 3 1 0
tree 2008 2840 3 1 0
tree 1992 2840 3 1 0
tree 2024 2840 3 1 0
tree 2024 2824 3 1 0
zabor 2064 2832 24 0 8
zabor 2288 2832 25 0 8
tree 2584 2840 56 0 0
tree 2712 2840 41 0 0
tree 3192 2824 2 0 0
tree 3208 2840 58 0 0
trop 3340 2820 33 0 0
zabor 3728 2832 104 2 8
zabor 3760 2832 105 2 8
zabor 3792 2832 105 2 8
zabor 3824 2832 105 2 8
zabor 3856 2832 105 2 8
zabor 3888 2832 105 2 8
zabor 3920 2832 105 2 8
zabor 3952 2832 104 2 8
zabor 4112 2832 28 0 8
zabor 4144 2832 26 0 8
tree 4136 2824 2 0 0
zabor 4176 2832 24 0 8
zabor 4208 2832 31 0 8
zabor 4240 2832 29 0 8
zabor 4272 2832 31 0 8
zabor 4304 2832 26 0 8
tree 4664 2840 1 0 0
tree 4648 2824 2 0 0
tree 4664 2824 56 0 0
zabor 5264 2832 105 2 8
tree 5304 2840 34 1 0
tree 5304 2824 34 1 0
zabor 5296 2832 104 2 8
tree 5320 2840 34 1 0
zabor 5808 2832 113 2 9
zabor 5840 2832 104 2 8
tree 6136 2824 11 0 0
trop 6700 2836 77 0 0
tree 6808 2840 48 0 0
tree 6808 2824 44 0 0
tree 6824 2824 50 0 0
tree 6936 2824 56 0 0
tree 6952 2840 13 0 0
tree 7768 2840 58 0 179
tree 7768 2824 21 0 179
tree 7784 2824 3 0 179
tree 7800 2824 20 0 179
tree 7832 2824 13 0 179
tree 7816 2824 44 0 179
tree 8008 2824 56 0 0
zabor 1872 2864 26 0 8
zabor 1936 2864 27 0 8
tree 1960 2856 3 1 0
zabor 2064 2864 27 0 8
zabor 2288 2864 29 0 8
tree 2328 2872 33 0 0
tree 2344 2872 33 0 0
tree 2712 2872 56 0 0
tree 2712 2856 56 0 0
trop 2940 2876 92 0 0
stand 3064 2856 44 0 0
tree 3192 2872 2 0 0
dom 3392 2848 109 0 179
trop 4036 2852 77 0 0
zabor 4112 2864 24 0 8
tree 4152 2872 40 1 0
tree 4136 2856 40 1 0
tree 4136 2872 40 1 0
tree 4152 2856 40 1 0
tree 4248 2872 40 1 0
tree 4280 2872 40 1 0
tree 4264 2856 40 1 0
zabor 4304 2864 31 0 8
zabor 4336 2864 31 0 8
zabor 4368 2864 25 0 8
zabor 4400 2864 28 0 8
lay 4520 2872 20 0 0
lay 4584 2872 18 0 0
lay 4584 2856 18 0 0
tree 4680 2872 50 0 0
tree 4680 2856 44 0 0
tree 4696 2872 44 0 0
dom 4800 2848 48 1 0
tree 4920 2856 21 0 0
tree 4952 2872 41 0 0
tree 4936 2872 21 0 0
tree 4936 2856 27 0 0
tree 4984 2872 1 0 0
tree 4968 2872 21 0 0
tree 5016 2872 41 0 0
tree 5032 2872 4 0 0
tree 5096 2856 56 0 0
tree 5304 2856 34 1 0
tree 5288 2872 34 1 0
tree 5336 2856 34 1 0
tree 5320 2872 34 1 0
zabor 5328 2864 105 2 8
tree 5352 2856 34 1 0
tree 5352 2872 34 1 0
zabor 5360 2864 105 2 8
zabor 5392 2864 105 2 8
zabor 5424 2864 104 2 8
zabor 5520 2864 105 2 8
zabor 5840 2864 113 2 9
zabor 5872 2864 105 2 8
trop 6348 2852 76 0 0
tree 7800 2856 56 0 179
tree 7992 2872 41 0 0
tree 8008 2856 56 0 0
tree 8008 2872 1 0 0
tree 8056 2856 41 0 0
tree 8040 2856 48 0 0
trop 596 2908 48 0 0
trop 1796 2908 77 0 0
tree 1880 2888 11 0 0
zabor 1872 2896 27 0 8
tree 1976 2888 3 1 0
tree 1992 2904 48 0 0
zabor 2064 2896 30 0 8
zabor 2288 2896 26 0 8
tree 2712 2888 56 0 0
tree 3048 2888 57 0 0
tree 3048 2904 59 0 0
tree 3192 2888 59 0 0
tree 3176 2904 4 0 0
tree 3544 2888 59 0 0
vor 3676 2884 8 0 0
zabor 4112 2896 29 0 8
tree 4152 2904 40 1 0
tree 4152 2888 40 1 0
tree 4136 2888 40 1 0
tree 4168 2904 40 1 0
tree 4168 2888 40 1 0
tree 4216 2888 41 0 0
tree 4232 2888 19 0 0
tree 4248 2888 57 0 0
tree 4264 2904 44 0 0
zabor 4400 2896 27 0 8
lay 4504 2888 20 0 0
lay 4568 2904 21 0 0
lay 4632 2904 18 0 0
tree 5112 2888 51 0 0
tree 5096 2888 58 0 0
tree 5128 2904 43 0 0
tree 5304 2904 34 1 0
tree 5320 2888 34 1 0
tree 5352 2888 34 1 0
tree 5368 2888 34 1 0
zabor 5424 2896 104 2 8
zabor 5520 2896 104 2 8
zabor 5552 2896 104 2 8
zabor 5584 2896 112 2 9
dom 6432 2880 48 0 0
dom 6560 2880 49 0 0
dom 6752 2880 20 0 0
tree 6888 2904 4 0 0
tree 6936 2904 48 0 0
tree 2008 2920 56 0 0
zabor 2064 2928 30 0 8
zabor 2288 2928 31 0 8
dom 2848 2912 123 0 0
trop 2948 2932 77 0 0
dom 3456 2912 40 0 0
tree 3544 2936 51 0 0
trop 4036 2940 76 0 0
tree 4280 2920 13 0 0
zabor 4400 2928 29 0 8
tree 5144 2920 59 0 0
tree 5160 2920 44 0 0
tree 5208 2936 48 0 0
tree 5192 2920 2 0 0
zabor 5328 2928 104 2 8
zabor 5360 2928 104 2 8
zabor 5392 2928 112 2 9
zabor 5584 2928 105 2 8
trop 6700 2924 76 0 0
tree 7096 2936 59 0 0
trop 1796 2956 76 0 0
zabor 1872 2960 24 0 8
zabor 2064 2960 26 0 8
dom 2208 2944 47 0 0
zabor 2288 2960 24 0 8
lay 2472 2968 20 0 0
tree 3512 2952 4 0 0
tree 3544 2952 43 0 0
tree 4280 2952 27 0 0
zabor 4400 2960 26 0 8
tree 4536 2952 33 0 0
lay 4616 2968 21 0 0
trop 4660 2948 7 0 0
trop 4804 2948 86 0 0
trop 4876 2956 78 0 0
trop 4956 2956 79 0 0
trop 5028 2956 78 0 0
tree 5224 2952 48 0 0
zabor 5392 2960 104 2 8
zabor 5424 2960 112 2 9
zabor 5456 2960 113 2 9
zabor 5488 2960 112 2 9
trop 6380 2964 89 0 0
trop 596 2980 48 0 0
zabor 944 2992 105 2 8
zabor 1872 2992 31 0 8
dom 1920 2976 53 0 0
tree 2040 2984 16 0 0
zabor 2064 2992 31 0 8
stand 2184 3000 14 0 0
zabor 2288 2992 30 0 8
lay 2488 3000 20 0 0
lay 2504 2984 20 0 0
tree 2776 3000 33 0 0
tree 2760 2984 33 0 0
tree 2856 3000 33 0 0
tree 3080 3000 50 0 0
tree 3112 3000 11 0 0
dom 4128 2976 53 0 0
tree 4264 2984 11 0 0
tree 4296 2984 11 0 0
tree 4328 2984 50 0 0
tree 4344 3000 41 0 0
zabor 4400 2992 29 0 8
tree 4520 3000 27 0 0
lay 4584 2984 20 0 0
lay 4616 2984 21 0 0
trop 4724 2980 87 0 0
trop 5156 2996 88 0 0
trop 5572 2988 123 0 0
tree 6232 3000 51 0 0
tree 6264 3000 51 0 0
tree 6296 3000 59 0 0
tree 6280 3000 13 0 0
trop 6476 2996 78 0 0
trop 6556 2996 79 0 0
trop 6628 2996 78 0 0
trop 6700 2996 100 0 0
trop 6692 2996 102 0 0
trop 6700 2996 102 0 0
trop 6780 2996 79 0 0
trop 6860 2996 78 0 0
trop 6940 2996 79 0 0
trop 7012 2996 78 0 0
zabor 944 3024 104 2 8
zabor 976 3024 105 2 8
zabor 1008 3024 104 2 8
zabor 1040 3024 105 2 8
zabor 1072 3024 104 2 8
zabor 1104 3024 104 2 8
zabor 1136 3024 104 2 8
zabor 1168 3024 105 2 8
zabor 1200 3024 105 2 8
zabor 1232 3024 105 2 8
zabor 1264 3024 104 2 8
zabor 1296 3024 104 2 8
zabor 1328 3024 105 2 8
tree 1720 3032 21 0 0
zabor 1872 3024 31 0 8
stand 2024 3016 6 0 0
zabor 2064 3024 28 0 8
zabor 2096 3024 29 0 8
zabor 2128 3024 25 0 8
zabor 2160 3024 28 0 8
zabor 2288 3024 31 0 8
tree 2776 3016 33 0 0
tree 2792 3016 56 0 0
tree 2824 3016 48 0 0
tree 2840 3032 48 0 0
tree 2856 3032 48 0 0
trop 2948 3012 76 0 0
tree 4008 3032 11 0 0
zabor 4208 3024 28 0 8
zabor 4240 3024 24 0 8
zabor 4272 3024 27 0 8
zabor 4304 3024 28 0 8
tree 4328 3016 51 0 0
tree 4328 3032 44 0 0
tree 4360 3016 44 0 0
tree 4360 3032 41 0 0
zabor 4400 3024 29 0 8
tree 4536 3032 1 0 0
tree 4520 3032 48 0 0
tree 4552 3016 44 0 0
trop 4716 3028 32 0 0
stand 4744 3032 18 0 0
dom 5056 3008 55 0 0
zabor 5712 3024 104 2 8
zabor 5744 3024 105 2 8
tree 6232 3016 11 0 0
tree 6248 3016 2 0 0
tree 6264 3016 11 0 0
tree 6264 3032 43 0 0
tree 6312 3016 4 0 0
trop 6324 3028 21 0 0
trop 6692 3012 100 0 0
trop 7140 3036 88 0 0
trop 596 3052 48 0 0
trop 1828 3068 89 0 0
zabor 2288 3056 29 0 8
trop 2948 3060 76 0 0
tree 3992 3064 35 0 0
tree 4008 3048 44 0 0
trop 4068 3052 89 0 0
zabor 4304 3056 25 0 8
tree 4328 3064 58 0 0
tree 4360 3048 35 0 0
zabor 4400 3056 30 0 8
trop 4748 3068 34 0 0
tree 4888 3048 1 0 0
tree 4920 3048 1 0 0
tree 4904 3048 1 0 0
tree 4920 3064 4 0 0
tree 4952 3048 1 0 0
tree 4936 3048 1 0 0
tree 5272 3048 48 0 0
tree 5256 3048 48 0 0
zabor 5744 3056 104 2 8
zabor 5776 3056 112 2 9
trop 6332 3068 3 0 0
trop 6628 3068 3 0 0
stand 6664 3064 18 0 0
trop 1932 3100 79 0 0
trop 2004 3100 78 0 0
trop 2084 3100 79 0 0
trop 2164 3100 78 0 0
tree 2296 3080 58 0 0
tree 2312 3080 11 0 0
lay 2488 3096 5 0 0
lay 2504 3096 8 0 0
lay 2520 3080 7 0 0
tree 2664 3096 41 0 0
tree 2680 3096 1 0 0
tree 2680 3080 56 0 0
trop 2796 3092 83 0 0
tree 2872 3080 48 0 0
tree 3224 3080 44 0 0
tree 3240 3096 21 0 0
tree 3928 3096 58 0 0
tree 3944 3096 21 0 0
tree 3976 3080 59 0 0
tree 4008 3080 43 0 0
zabor 4304 3088 25 0 8
zabor 4400 3088 31 0 8
tree 4632 3096 43 0 0
tree 4648 3096 41 0 0
tree 4664 3096 13 0 0
tree 4856 3080 56 0 0
tree 4840 3080 35 0 0
trop 5164 3084 77 0 0
tree 5288 3096 44 0 0
trop 5564 3076 65 0 0
zabor 5648 3088 104 2 8
zabor 5680 3088 105 2 8
zabor 5712 3088 105 2 8
zabor 5744 3088 104 2 8
zabor 5776 3088 104 2 8
trop 6636 3092 3 0 0
trop 6668 3084 2 0 0
tree 6936 3080 18 0 0
tree 6920 3096 13 0 0
tree 6968 3080 13 0 0
tree 7240 3080 58 0 0
trop 596 3124 48 0 0
stand 792 3128 0 1 0
stand 824 3128 0 1 0
stand 888 3128 0 1 0
zabor 1360 3120 104 2 8
zabor 1392 3120 104 2 8
zabor 1424 3120 105 2 8
zabor 1456 3120 104 2 8
zabor 1488 3120 104 2 8
zabor 1520 3120 105 2 8
lay 2408 3112 22 0 0
lay 2472 3112 20 0 0
dom 3104 3104 122 0 0
tree 3256 3112 57 0 0
tree 3928 3112 27 0 0
tree 4024 3112 35 0 0
tree 4040 3128 35 0 0
trop 4228 3124 88 0 0
zabor 4304 3120 30 0 8
tree 4344 3112 1 0 0
tree 4344 3128 2 0 0
zabor 4400 3120 25 0 8
tree 4632 3128 21 0 0
tree 4648 3112 13 0 0
tree 4664 3112 58 0 0
tree 5288 3128 44 0 0
tree 5304 3128 11 0 0
tree 6808 3112 28 0 0
tree 6808 3128 2 0 0
tree 6888 3112 43 0 0
tree 6936 3112 17 0 0
tree 6952 3112 40 0 0
tree 6968 3128 50 0 0
tree 6984 3128 3 0 0
tree 7016 3112 48 0 0
stand 7224 3128 11 0 0
stand 7896 3128 11 0 0
stand 808 3160 0 0 0
stand 872 3144 0 0 0
zabor 1552 3152 105 2 8
zabor 1584 3152 105 2 8
zabor 1616 3152 104 2 8
zabor 1648 3152 104 2 8
zabor 1680 3152 105 2 8
zabor 1712 3152 104 2 8
zabor 1744 3152 104 2 8
zabor 1776 3152 104 2 8
trop 2292 3140 88 0 0
trop 2796 3164 82 0 0
trop 2988 3164 89 0 0
stand 3176 3160 5 0 0
tree 3336 3160 21 0 0
tree 3352 3160 2 0 0
tree 4056 3144 44 0 0
tree 4088 3160 56 0 0
zabor 4304 3152 30 0 8
zabor 4336 3152 24 0 8
zabor 4368 3152 26 0 8
zabor 4400 3152 27 0 8
tree 4600 3160 27 0 0
tree 4616 3160 56 0 0
tree 4616 3144 43 0 0
tree 4632 3144 50 0 0
trop 4780 3164 22 0 0
tree 4920 3160 56 0 0
tree 5064 3144 11 0 0
tree 5272 3160 59 0 0
tree 5304 3144 50 0 0
tree 5304 3160 48 0 0
dom 5472 3136 54 0 0
trop 5564 3164 65 0 0
zabor 6480 3152 104 2 8
zabor 6512 3152 104 2 8
zabor 6544 3152 105 2 8
zabor 6576 3152 105 2 8
dom 6592 3136 118 0 179
zabor 6608 3152 105 2 8
dom 6688 3136 114 0 179
tree 6808 3144 3 0 0
tree 6808 3160 2 0 0
tree 6824 3144 19 0 0
tree 6840 3160 17 0 0
tree 6856 3144 49 0 0
tree 7000 3144 29 0 0
tree 7016 3144 48 0 0
tree 7032 3144 18 0 0
tree 7048 3144 50 0 0
trop 7180 3164 89 0 0
trop 7660 3148 72 0 0
trop 7708 3156 72 0 0
trop 596 3196 48 0 0
stand 776 3176 0 1 0
stand 824 3192 0 1 0
stand 856 3176 0 1 0
zabor 1808 3184 104 2 8
dom 2368 3168 49 0 0
tree 2504 3192 11 0 0
tree 2536 3176 56 0 0
tree 2552 3176 1 0 0
tree 2584 3192 56 0 0
dom 2688 3168 55 0 0
dom 2848 3168 49 0 0
trop 3092 3196 78 0 0
tree 3368 3176 51 0 0
tree 3416 3192 21 0 0
tree 4104 3192 4 0 0
tree 4104 3176 57 0 0
tree 4520 3192 13 0 0
tree 4600 3176 59 0 0
zabor 4656 3184 25 0 8
tree 4680 3192 34 1 0
tree 4680 3176 34 1 0
zabor 4880 3184 26 0 8
tree 4920 3192 27 0 0
tree 4920 3176 57 0 0
tree 5016 3176 56 0 0
tree 5048 3192 1 0 0
tree 5048 3176 1 0 0
tree 5064 3176 1 0 0
cliff 5088 3168 4 179 179
trop 5164 3172 76 0 0
tree 6808 3176 2 0 0
tree 6824 3176 37 0 0
tree 7000 3192 20 0 0
tree 7016 3176 17 0 0
trop 7284 3196 79 0 0
trop 7356 3196 78 0 0
trop 7436 3196 79 0 0
trop 7516 3196 78 0 0
trop 7596 3196 79 0 0
trop 7652 3196 79 0 0
trop 7676 3172 72 0 0
trop 7724 3172 72 0 0
stand 888 3224 0 1 0
tree 1816 3208 1 0 0
tree 1816 3224 48 0 0
tree 1832 3224 1 0 0
dom 2176 3200 50 0 0
tree 2520 3208 11 0 0
tree 2536 3208 11 0 0
tree 3432 3208 4 0 0
tree 3448 3224 57 0 0
tree 4120 3224 21 0 0
tree 4120 3208 43 0 0
trop 4236 3212 77 0 0
tree 4392 3224 57 0 0
tree 4408 3224 59 0 0
tree 4440 3224 44 0 0
tree 4536 3208 19 0 0
tree 4552 3224 1 0 0
tree 4568 3224 41 0 0
tree 4664 3208 34 1 0
tree 4664 3224 34 1 0
zabor 4656 3216 27 0 8
tree 4680 3208 34 1 0
tree 4680 3224 34 1 0
dom 4736 3200 54 0 0
trop 4788 3228 29 0 0
zabor 4880 3216 26 0 8
tree 5272 3208 51 0 0
tree 5304 3224 2 0 0
stand 5448 3208 6 0 0
trop 5500 3204 33 0 0
tree 6824 3224 51 0 0
trop 7668 3220 72 0 0
trop 7716 3204 78 0 0
trop 7716 3204 72 0 0
trop 7796 3204 79 0 0
trop 7868 3204 78 0 0
trop 7948 3204 79 0 0
trop 8020 3204 78 0 0
trop 8044 3204 78 0 0
stand 760 3240 0 1 0
stand 824 3256 0 1 0
stand 808 3256 0 0 0
stand 888 3240 0 0 0
stand 920 3256 0 1 0
tree 1288 3256 13 0 0
tree 1816 3240 56 0 0
tree 1832 3256 33 0 0
tree 1896 3256 35 0 0
tree 1912 3256 13 0 0
tree 1928 3256 35 0 0
trop 2788 3244 91 0 0
stand 3032 3256 44 0 0
trop 3220 3236 88 0 0
dom 3296 3232 53 0 0
tree 3416 3240 43 0 0
tree 3432 3256 11 0 0
tree 3464 3256 57 0 0
tree 4376 3240 44 0 0
tree 4360 3256 33 0 0
tree 4360 3240 2 0 0
tree 4408 3240 48 0 0
tree 4440 3240 58 0 0
tree 4424 3240 19 0 0
tree 4456 3256 48 0 0
tree 4504 3256 13 0 0
tree 4536 3256 57 0 0
tree 4568 3256 33 0 0
tree 4584 3240 41 0 0
tree 4584 3256 41 0 0
zabor 4656 3248 25 0 8
tree 4680 3256 34 1 0
tree 4680 3240 34 1 0
trop 4780 3236 29 0 0
zabor 4880 3248 30 0 8
cliff 5056 3232 7 179 179
trop 5164 3244 77 0 0
tree 5272 3256 19 0 0
tree 5256 3256 27 0 0
tree 5304 3240 1 0 0
tree 5288 3240 11 0 0
tree 5384 3256 1 0 0
stand 5448 3240 6 0 0
trop 5564 3252 65 0 0
tree 6808 3256 20 0 0
trop 7636 3260 72 0 0
trop 7732 3244 72 0 0
trop 596 3268 48 0 0
stand 760 3272 0 1 0
tree 1304 3272 59 0 0
tree 1320 3272 50 0 0
tree 1832 3272 41 0 0
tree 1960 3272 27 0 0
tree 2008 3288 21 0 0
tree 2056 3288 58 0 0
trop 2332 3276 89 0 0
tree 2872 3288 33 0 0
stand 3400 3288 5 0 0
tree 3656 3288 41 0 0
tree 3960 3288 43 0 0
tree 3976 3272 56 0 0
tree 4008 3288 19 0 0
tree 4344 3288 57 0 0
tree 4568 3272 1 0 0
zabor 4656 3280 24 0 8
tree 4680 3272 34 1 0
zabor 4880 3280 29 0 8
tree 4936 3288 1 0 0
cliff 5024 3264 2 179 179
stand 5096 3272 18 0 0
tree 5272 3272 43 0 0
tree 5256 3272 51 0 0
zabor 6352 3280 104 2 8
zabor 6384 3280 104 2 8
zabor 6416 3280 105 2 8
zabor 6448 3280 105 2 8
zabor 6480 3280 105 2 8
zabor 6512 3280 105 2 8
zabor 6544 3280 105 2 8
zabor 6576 3280 104 2 8
zabor 6608 3280 104 2 8
zabor 6640 3280 105 2 8
zabor 6672 3280 105 2 8
zabor 6704 3280 105 2 8
zabor 6736 3280 105 2 8
zabor 6768 3280 104 2 8
zabor 6800 3280 105 2 8
tree 6792 3272 17 0 0
zabor 6832 3280 104 2 8
tree 6840 3288 50 0 0
tree 6840 3272 25 0 0
tree 7000 3288 3 0 0
tree 7032 3288 27 0 0
dom 7552 3264 25 0 179
trop 924 3316 23 0 0
trop 1124 3308 57 0 0
trop 1220 3308 58 0 0
trop 2444 3308 79 0 0
trop 2516 3308 78 0 0
trop 2596 3308 79 0 0
trop 2668 3308 78 0 0
trop 2748 3300 90 0 0
tree 2872 3320 33 0 0
tree 2952 3320 51 0 0
tree 3000 3304 13 0 0
tree 3032 3304 58 0 0
dom 3104 3296 51 0 0
trop 3156 3308 109 0 0
trop 3228 3316 104 0 0
tree 3672 3304 48 0 0
tree 3704 3304 48 0 0
tree 3736 3320 56 0 0
tree 3928 3304 43 0 0
tree 3912 3320 48 0 0
trop 4236 3300 76 0 0
tree 4328 3320 48 0 0
tree 4344 3320 21 0 0
tree 4344 3304 50 0 0
zabor 4368 3312 25 0 8
zabor 4400 3312 31 0 8
fre 4412 3324 3 0 0
fre 4388 3324 3 0 0
zabor 4432 3312 27 0 8
fre 4436 3324 3 0 0
zabor 4464 3312 28 0 8
zabor 4496 3312 25 0 8
zabor 4528 3312 26 0 8
zabor 4560 3312 27 0 8
fre 4572 3324 3 0 0
zabor 4592 3312 24 0 8
fre 4596 3324 3 0 0
zabor 4624 3312 27 0 8
zabor 4656 3312 26 0 8
zabor 4720 3312 29 0 8
zabor 4752 3312 27 0 8
zabor 4880 3312 30 0 8
tree 4936 3304 43 0 0
cliff 5024 3296 8 179 179
trop 5164 3324 76 0 0
tree 5400 3304 33 0 0
tree 5384 3304 43 0 0
tree 6792 3304 44 0 0
tree 6824 3304 18 0 0
tree 7016 3304 52 0 0
tree 7048 3320 13 0 0
tree 7064 3320 40 0 0
tree 7096 3320 17 0 0
tree 7192 3304 33 1 0
tree 7240 3304 56 0 0
tree 7256 3320 2 0 0
tree 7288 3304 3 0 0
tree 7272 3304 17 0 0
tree 7352 3320 12 0 0
tree 7336 3304 13 0 0
tree 7368 3320 26 0 0
tree 7448 3320 48 0 0
tree 7784 3320 48 0 0
tree 7800 3320 41 0 0
trop 596 3340 48 0 0
tree 936 3352 44 0 0
trop 1316 3356 59 0 0
tree 1384 3336 44 0 0
tree 1400 3336 11 0 0
tree 1896 3352 1 0 0
tree 2264 3336 50 0 0
tree 2824 3352 41 0 0
tree 2872 3352 56 0 0
tree 2872 3336 33 0 0
tree 2952 3336 50 0 0
tree 2968 3336 59 0 0
tree 3000 3336 19 0 0
trop 3220 3348 104 0 0
trop 3316 3340 79 0 0
stand 3304 3336 131 0 179
trop 3388 3340 78 0 0
tree 3736 3352 33 0 0
dom 4128 3328 37 0 0
tree 4344 3352 41 0 0
tree 4328 3352 35 0 0
tree 4328 3336 13 0 0
zabor 4368 3344 24 0 8
fre 4388 3332 3 0 0
fre 4412 3348 3 0 0
fre 4388 3348 3 0 0
fre 4436 3348 3 0 0
fre 4476 3340 3 0 0
fre 4460 3340 3 0 0
fre 4516 3356 3 0 0
fre 4516 3340 3 0 0
fre 4540 3340 3 0 0
fre 4572 3348 3 0 0
fre 4596 3356 3 0 0
fre 4620 3348 3 0 0
fre 4628 3332 3 0 0
fre 4660 3332 3 0 0
fre 4660 3356 3 0 0
fre 4684 3332 3 0 0
fre 4684 3348 3 0 0
fre 4708 3332 3 0 0
fre 4732 3340 3 0 0
fre 4708 3348 3 0 0
zabor 4752 3344 29 0 8
zabor 4784 3344 24 0 8
zabor 4816 3344 27 0 8
zabor 4848 3344 29 0 8
zabor 4880 3344 24 0 8
tree 5304 3352 33 0 0
trop 5564 3332 38 0 0
tree 5704 3352 51 0 0
tree 5720 3352 11 0 0
tree 6840 3336 58 0 0
tree 7160 3352 41 0 0
tree 7208 3352 33 1 0
tree 7288 3336 50 0 0
tree 7336 3336 19 0 0
tree 7384 3336 50 0 0
tree 7416 3352 57 0 0
tree 7400 3336 49 0 0
tree 7448 3352 40 0 0
tree 7480 3352 33 1 0
tree 456 3384 48 0 0
tree 488 3384 1 0 0
trop 908 3380 22 0 0
trop 1036 3364 56 0 0
tree 1208 3384 58 0 0
stand 1304 3368 32 0 0
tree 1400 3368 57 0 0
tree 1896 3368 48 0 0
tree 1896 3384 41 0 0
tree 2808 3368 33 0 0
tree 3000 3384 11 0 0
trop 3516 3380 88 0 0
tree 3736 3368 59 0 179
tree 3832 3384 41 0 0
trop 4236 3372 77 0 0
zabor 4368 3376 27 0 8
fre 4412 3372 3 0 0
fre 4388 3372 3 0 0
fre 4436 3372 3 0 0
fre 4460 3372 3 0 0
fre 4484 3372 3 0 0
fre 4516 3380 3 0 0
fre 4540 3364 3 0 0
fre 4572 3372 3 0 0
fre 4604 3388 3 0 0
fre 4628 3372 3 0 0
fre 4660 3380 3 0 0
fre 4692 3372 3 0 0
fre 4732 3372 3 0 0
fre 4708 3380 3 0 0
zabor 4752 3376 29 0 8
tree 4904 3384 58 0 0
tree 4920 3368 44 0 0
cliff 5024 3360 9 179 179
tree 5464 3384 51 0 0
tree 5688 3368 13 0 0
tree 5720 3368 43 0 0
tree 5736 3368 35 0 0
cliff 5824 3360 19 179 179
tree 6888 3384 56 0 0
tree 7272 3368 33 1 0
tree 7272 3384 33 1 0
tree 7384 3368 33 1 0
tree 7368 3384 33 1 0
tree 7400 3384 33 1 0
tree 7432 3368 19 0 0
tree 7448 3368 59 0 0
tree 7480 3384 33 1 0
tree 7496 3368 33 1 0
dom 7520 3360 108 2 179
dom 7680 3360 108 1 179
trop 596 3420 48 0 0
tree 712 3400 59 0 0
tree 744 3416 33 0 0
tree 776 3416 50 0 0
tree 808 3416 35 0 0
tree 856 3400 35 0 0
tree 840 3400 21 0 0
tree 840 3416 56 0 0
tree 872 3416 13 0 0
tree 872 3400 2 0 0
tree 920 3416 21 0 0
tree 1208 3400 50 0 0
tree 1224 3416 59 0 0
tree 1240 3416 43 0 0
cliff 1280 3392 19 179 179
tree 1432 3400 27 0 0
tree 1912 3400 48 0 0
tree 1928 3416 33 0 0
tree 3016 3416 11 0 0
trop 3228 3404 76 0 0
dom 3264 3392 17 0 0
tree 3624 3400 11 0 0
tree 3832 3400 11 0 0
tree 4024 3416 35 0 0
tree 4136 3416 11 0 0
zabor 4368 3408 26 0 8
fre 4412 3396 3 0 0
fre 4412 3420 3 0 0
fre 4388 3420 3 0 0
fre 4388 3396 3 0 0
fre 4436 3420 3 0 0
fre 4436 3396 3 0 0
fre 4460 3404 3 0 0
fre 4484 3420 3 0 0
fre 4484 3396 3 0 0
fre 4524 3412 3 0 0
fre 4548 3396 3 0 0
fre 4548 3420 3 0 0
fre 4572 3420 3 0 0
fre 4572 3396 3 0 0
fre 4596 3404 3 0 0
fre 4628 3420 3 0 0
fre 4636 3396 3 0 0
fre 4652 3420 3 0 0
fre 4660 3404 3 0 0
fre 4692 3412 3 0 0
fre 4700 3396 3 0 0
fre 4676 3396 3 0 0
fre 4724 3412 3 0 0
fre 4724 3396 3 0 0
zabor 4752 3408 28 0 8
trop 5164 3396 77 0 0
tree 5256 3400 35 0 0
tree 5256 3416 51 0 0
tree 5272 3416 2 0 0
tree 5288 3416 50 0 0
tree 5304 3400 27 0 0
zabor 5424 3408 28 0 8
zabor 5456 3408 30 0 8
zabor 5488 3408 27 0 8
zabor 5520 3408 28 0 8
zabor 5552 3408 29 0 8
zabor 5648 3408 24 0 8
zabor 5680 3408 27 0 8
zabor 5712 3408 27 0 8
cliff 5728 3392 17 179 179
zabor 5744 3408 30 0 8
zabor 5776 3408 24 0 8
cliff 5856 3392 19 179 179
zabor 6864 3408 104 2 8
zabor 6896 3408 105 2 8
tree 6888 3400 3 0 0
tree 7144 3400 18 0 0
tree 7144 3416 12 0 0
tree 7160 3416 43 0 0
tree 7192 3416 19 0 0
tree 7208 3416 27 0 0
tree 7208 3400 3 0 0
tree 7256 3400 33 1 0
tree 7256 3416 33 1 0
tree 7272 3400 33 1 0
tree 7288 3400 33 1 0
tree 7320 3416 21 0 0
tree 7352 3400 1 0 0
tree 7384 3416 33 1 0
tree 7416 3416 33 1 0
tree 7448 3416 33 1 0
vor 7684 3404 112 179 179
stand 712 3432 32 0 0
trop 980 3444 62 0 0
cliff 1248 3424 15 179 179
tree 1256 3448 27 0 0
tree 1928 3432 33 0 0
lay 2008 3448 20 0 0
tree 2120 3448 48 0 0
tree 2136 3448 48 0 0
tree 2600 3448 41 0 0
tree 2632 3448 48 0 0
tree 3032 3432 2 0 0
dom 3104 3424 50 0 0
tree 3640 3448 27 0 0
tree 3992 3432 43 0 0
stand 4296 3432 11 0 0
zabor 4368 3440 31 0 8
fre 4412 3444 3 0 0
fre 4388 3444 3 0 0
fre 4436 3444 3 0 0
fre 4460 3428 3 0 0
fre 4460 3452 3 0 0
fre 4492 3452 3 0 0
fre 4524 3436 3 0 0
fre 4548 3452 3 0 0
fre 4596 3428 3 0 0
fre 4636 3444 3 0 0
fre 4620 3444 3 0 0
fre 4660 3452 3 0 0
fre 4684 3452 3 0 0
fre 4676 3428 3 0 0
fre 4692 3428 3 0 0
fre 4732 3452 3 0 0
fre 4708 3452 3 0 0
fre 4716 3428 3 0 0
zabor 4752 3440 31 0 8
cliff 5024 3424 10 179 179
zabor 5424 3440 39 0 9
trop 5612 3436 37 0 0
zabor 5776 3440 30 0 8
zabor 5808 3440 38 0 9
tree 6248 3448 51 0 0
zabor 6416 3440 105 2 8
zabor 6448 3440 104 2 8
zabor 6480 3440 105 2 8
zabor 6512 3440 104 2 8
zabor 6544 3440 105 2 8
zabor 6576 3440 104 2 8
zabor 6608 3440 105 2 8
zabor 6640 3440 104 2 8
zabor 6672 3440 105 2 8
zabor 6704 3440 104 2 8
zabor 6736 3440 105 2 8
zabor 6768 3440 104 2 8
zabor 6800 3440 105 2 8
zabor 6832 3440 105 2 8
zabor 6864 3440 105 2 8
tree 7304 3448 33 1 0
tree 7336 3448 33 1 0
tree 7384 3432 33 1 0
tree 7368 3448 33 1 0
tree 7368 3432 33 1 0
tree 7400 3432 33 1 0
tree 7448 3432 33 1 0
dom 7616 3424 109 1 179
zabor 7664 3440 104 2 8
zabor 7696 3440 105 2 8
tree 7880 3448 48 0 0
trop 164 3468 116 0 0
trop 252 3468 116 0 0
trop 340 3468 116 0 0
trop 428 3468 116 0 0
trop 524 3468 124 0 0
trop 644 3468 125 0 0
trop 716 3484 58 0 0
trop 1372 3460 60 0 0
lay 1976 3480 20 0 0
lay 2040 3464 18 0 0
lay 2072 3480 18 0 0
tree 2280 3480 33 0 0
tree 2312 3480 41 0 0
tree 2344 3480 41 0 0
tree 2664 3464 33 0 0
tree 2728 3480 1 0 0
tree 2872 3464 58 0 0
tree 2888 3464 58 0 0
tree 2904 3464 44 0 0
tree 2968 3464 19 0 0
trop 3156 3484 109 0 0
trop 3228 3476 77 0 0
trop 3300 3468 109 0 0
dom 3424 3456 19 0 0
trop 3524 3476 76 0 0
trop 4236 3460 76 0 0
zabor 4368 3472 28 0 8
fre 4412 3468 3 0 0
fre 4388 3468 3 0 0
fre 4436 3468 3 0 0
fre 4468 3476 3 0 0
fre 4492 3476 3 0 0
fre 4532 3468 3 0 0
fre 4556 3476 3 0 0
fre 4596 3484 3 0 0
fre 4580 3484 3 0 0
fre 4580 3460 3 0 0
fre 4604 3460 3 0 0
fre 4620 3484 3 0 0
fre 4628 3468 3 0 0
fre 4660 3476 3 0 0
fre 4684 3476 3 0 0
fre 4708 3484 3 0 0
fre 4724 3476 3 0 0
zabor 4752 3472 30 0 8
trop 5164 3476 76 0 0
stand 5224 3464 133 0 179
tree 5288 3464 2 0 0
tree 5304 3480 4 0 0
cliff 5440 3456 39 179 179
tree 5864 3464 19 0 0
tree 5864 3480 19 0 0
tree 7352 3464 33 1 0
tree 7352 3480 33 1 0
tree 7336 3464 33 1 0
tree 7400 3464 33 1 0
zabor 7536 3472 104 2 8
zabor 7568 3472 105 2 8
zabor 7600 3472 104 2 8
zabor 7632 3472 104 2 8
tree 7880 3464 1 0 0
tree 7896 3480 56 0 0
trop 596 3500 48 0 0
trop 788 3492 64 0 0
trop 876 3492 63 0 0
tree 1256 3496 43 0 0
tree 1448 3512 50 0 0
lay 2040 3512 14 0 0
tree 2280 3496 56 0 0
tree 3000 3512 44 0 0
tree 3000 3496 59 0 0
tree 3016 3496 35 0 0
trop 3308 3516 109 0 0
trop 3340 3516 109 0 0
trop 3396 3516 109 0 0
tree 3624 3512 58 0 0
tree 3656 3496 13 0 0
tree 3736 3512 35 0 0
tree 3720 3512 11 0 0
zabor 4368 3504 27 0 8
fre 4412 3492 3 0 0
fre 4412 3516 3 0 0
fre 4388 3508 3 0 0
fre 4388 3492 3 0 0
fre 4436 3516 3 0 0
fre 4436 3492 3 0 0
fre 4460 3500 3 0 0
fre 4484 3500 3 0 0
fre 4508 3508 3 0 0
fre 4532 3492 3 0 0
fre 4564 3492 3 0 0
fre 4564 3508 3 0 0
fre 4596 3508 3 0 0
fre 4612 3508 3 0 0
fre 4644 3516 3 0 0
fre 4668 3516 3 0 0
fre 4668 3492 3 0 0
fre 4644 3492 3 0 0
fre 4700 3500 3 0 0
fre 4724 3500 3 0 0
zabor 4752 3504 26 0 8
tree 4856 3512 43 0 0
tree 4840 3512 43 0 0
tree 4920 3512 43 0 0
tree 4936 3512 44 0 0
cliff 5024 3488 11 179 179
dom 5248 3488 127 0 179
cliff 5440 3488 39 179 179
tree 5544 3512 13 0 0
cliff 5952 3488 21 179 179
tree 7304 3512 52 0 0
tree 7320 3496 26 0 0
tree 7384 3496 33 1 0
tree 7496 3512 59 0 0
tree 7928 3512 41 0 0
tree 7960 3512 41 0 0
tree 7976 3512 1 0 0
tree 152 3544 33 0 0
tree 440 3544 33 0 0
tree 1160 3528 56 1 0
cliff 1312 3520 13 179 179
tree 1464 3528 13 0 0
tree 1464 3544 57 0 0
tree 2168 3544 33 0 0
tree 2408 3544 41 0 0
tree 2440 3528 1 0 0
tree 2680 3528 33 0 0
tree 2680 3544 33 0 0
tree 3128 3544 44 0 0
tree 3144 3528 19 0 0
trop 3452 3524 109 0 0
trop 3524 3548 77 0 0
tree 3640 3544 21 0 0
tree 3672 3544 27 0 0
tree 3720 3528 59 0 0
tree 4008 3528 44 0 0
dom 4128 3520 37 0 0
trop 4236 3524 77 0 0
zabor 4368 3536 30 0 8
fre 4388 3532 3 0 0
fre 4412 3540 3 0 0
fre 4436 3540 3 0 0
fre 4460 3548 3 0 0
fre 4460 3524 3 0 0
fre 4484 3524 3 0 0
fre 4484 3548 3 0 0
fre 4508 3532 3 0 0
fre 4548 3532 3 0 0
fre 4572 3532 3 0 0
fre 4604 3532 3 0 0
fre 4628 3532 3 0 0
fre 4660 3540 3 0 0
fre 4684 3540 3 0 0
fre 4692 3524 3 0 0
fre 4708 3540 3 0 0
fre 4716 3524 3 0 0
zabor 4752 3536 26 0 8
tree 4872 3528 21 0 0
tree 4904 3528 2 0 0
tree 4920 3528 44 0 0
tree 4952 3528 27 0 0
tree 4936 3544 50 0 0
trop 5164 3548 77 0 0
tree 5416 3544 13 0 0
trop 5732 3524 59 0 0
tree 6168 3544 56 0 0
tree 7288 3544 29 0 0
tree 7288 3528 40 0 0
tree 7352 3528 33 1 0
tree 7512 3528 19 0 0
tree 7496 3528 49 0 0
tree 7528 3544 60 0 0
tree 7992 3528 56 0 0
tree 184 3560 56 0 0
tree 216 3560 56 0 0
tree 440 3560 33 0 0
tree 424 3560 48 0 0
tree 472 3576 56 0 0
tree 456 3576 48 0 0
tree 488 3576 56 0 0
trop 596 3572 48 0 0
tree 856 3576 43 0 0
tree 872 3576 33 0 0
tree 1160 3560 56 1 0
tree 1176 3560 56 1 0
tree 1192 3576 56 1 0
tree 1208 3576 56 1 0
trop 1380 3556 67 0 0
tree 1464 3560 11 0 0
tree 2104 3576 1 0 0
tree 2312 3576 48 0 0
tree 2360 3560 56 0 0
tree 2376 3560 33 0 0
tree 2696 3560 56 0 0
tree 2712 3560 1 0 0
tree 3128 3560 56 0 0
tree 3112 3560 27 0 0
trop 3228 3564 76 0 0
tree 3448 3560 59 0 0
tree 3656 3560 35 0 0
tree 3672 3560 57 0 0
tree 3768 3560 2 0 0
tree 3784 3560 50 0 0
tree 3816 3576 44 0 0
tree 3896 3576 4 0 0
zabor 4368 3568 24 0 8
fre 4412 3564 3 0 0
fre 4388 3564 3 0 0
fre 4436 3564 3 0 0
fre 4460 3572 3 0 0
fre 4484 3580 3 0 0
fre 4516 3564 3 0 0
fre 4572 3556 3 0 0
fre 4548 3556 3 0 0
fre 4596 3556 3 0 0
fre 4620 3556 3 0 0
fre 4652 3556 3 0 0
fre 4700 3556 3 0 0
fre 4676 3564 3 0 0
fre 4732 3556 3 0 0
zabor 4752 3568 30 0 8
tree 4824 3576 50 0 0
tree 4840 3576 21 0 0
cliff 5440 3552 39 179 179
tree 5544 3576 3 1 0
tree 5560 3560 58 0 0
tree 5624 3576 56 0 0
tree 5944 3560 21 0 0
tree 5944 3576 11 0 0
tree 6152 3576 58 0 0
tree 6168 3560 50 0 0
tree 6376 3576 33 0 0
trop 7340 3572 57 0 0
trop 7428 3572 58 0 0
tree 7544 3560 56 0 0
tree 472 3592 1 0 0
tree 504 3592 48 0 0
tree 520 3608 1 0 0
tree 712 3592 57 0 0
tree 744 3592 21 0 0
tree 776 3608 51 0 0
tree 840 3608 48 0 0
tree 872 3592 56 0 0
tree 1192 3592 56 1 0
tree 1208 3608 56 1 0
tree 1224 3608 56 1 0
tree 2104 3592 1 0 0
tree 2088 3608 1 0 0
tree 2120 3592 48 0 0
tree 2120 3608 48 0 0
tree 2328 3608 1 0 0
stand 2568 3608 104 0 0
dom 3296 3584 20 0 0
dom 3584 3584 53 0 0
vor 3652 3596 16 0 0
dom 3712 3584 55 0 0
tree 3816 3592 59 0 0
tree 4104 3592 58 0 0
trop 4236 3604 76 0 0
zabor 4368 3600 26 0 8
fre 4388 3588 3 0 0
fre 4412 3588 3 0 0
fre 4412 3612 3 0 0
fre 4436 3612 3 0 0
fre 4436 3588 3 0 0
fre 4460 3596 3 0 0
fre 4492 3604 3 0 0
fre 4516 3612 3 0 0
fre 4516 3588 3 0 0
fre 4540 3612 3 0 0
fre 4556 3612 3 0 0
fre 4548 3588 3 0 0
fre 4572 3588 3 0 0
fre 4604 3612 3 0 0
fre 4580 3612 3 0 0
fre 4596 3588 3 0 0
fre 4628 3612 3 0 0
fre 4628 3588 3 0 0
fre 4652 3612 3 0 0
fre 4652 3588 3 0 0
fre 4684 3612 3 0 0
fre 4684 3596 3 0 0
fre 4732 3612 3 0 0
fre 4708 3612 3 0 0
fre 4708 3588 3 0 0
fre 4732 3588 3 0 0
zabor 4752 3600 27 0 8
tree 4856 3592 57 0 0
tree 4872 3592 35 0 0
cliff 5024 3584 9 179 179
cliff 5472 3584 35 179 179
tree 5512 3608 3 1 0
tree 5560 3608 3 1 0
tree 5560 3592 3 1 0
tree 5576 3608 3 1 0
tree 5592 3592 58 0 0
cliff 6016 3584 8 179 179
cliff 6240 3584 6 179 179
tree 7592 3608 5 0 0
tree 7592 3592 60 0 0
zabor 7664 3600 104 2 8
zabor 7696 3600 105 2 8
zabor 7728 3600 105 2 8
zabor 7760 3600 105 2 8
zabor 7792 3600 104 2 8
tree 520 3624 1 0 0
tree 520 3640 33 0 0
trop 596 3636 48 0 0
tree 808 3624 59 0 0
tree 840 3624 43 0 0
tree 840 3640 27 0 0
tree 888 3624 58 0 0
tree 1144 3624 13 0 0
tree 1208 3640 56 1 0
tree 1208 3624 56 1 0
tree 1224 3640 56 1 0
tree 1224 3624 56 1 0
tree 2072 3624 56 0 0
tree 2360 3624 56 0 0
tree 2360 3640 48 0 0
zabor 2576 3632 104 2 8
stand 2648 3640 104 0 0
dom 3424 3616 21 0 0
trop 3524 3628 76 0 0
zabor 3760 3632 26 0 8
zabor 3792 3632 26 0 8
zabor 3824 3632 26 0 8
zabor 3856 3632 31 0 8
zabor 3888 3632 25 0 8
zabor 3920 3632 27 0 8
zabor 3952 3632 29 0 8
stand 3960 3640 11 0 0
tree 4040 3624 43 0 0
tree 4328 3624 51 0 0
tree 4328 3640 50 0 0
zabor 4368 3632 24 0 8
fre 4388 3636 3 0 0
fre 4396 3620 3 0 0
fre 4412 3636 3 0 0
fre 4436 3636 3 0 0
fre 4468 3644 3 0 0
fre 4468 3620 3 0 0
fre 4492 3636 3 0 0
fre 4524 3636 3 0 0
fre 4556 3636 3 0 0
fre 4580 3636 3 0 0
fre 4604 3636 3 0 0
fre 4628 3636 3 0 0
fre 4652 3636 3 0 0
fre 4676 3636 3 0 0
fre 4700 3636 3 0 0
fre 4732 3644 3 0 0
zabor 4752 3632 28 0 8
cliff 4992 3616 7 179 179
trop 5164 3636 76 0 0
tree 5512 3624 3 1 0
tree 5544 3624 21 0 0
dom 5696 3616 53 0 0
trop 5788 3620 60 0 0
cliff 6208 3616 4 179 179
tree 6312 3640 57 0 0
zabor 6960 3632 104 2 8
zabor 7024 3632 104 2 8
zabor 7056 3632 105 2 8
zabor 7088 3632 104 2 8
trop 7284 3636 39 0 0
trop 7532 3620 59 0 0
zabor 7792 3632 104 2 8
zabor 7824 3632 104 2 8
zabor 7856 3632 104 2 8
zabor 7888 3632 104 2 8
zabor 7920 3632 105 2 8
zabor 7952 3632 105 2 8
zabor 7984 3632 104 2 8
zabor 8016 3632 104 2 8
tree 520 3656 56 0 0
tree 904 3656 21 0 0
tree 920 3672 44 0 0
tree 952 3656 33 0 0
tree 1064 3672 56 1 0
tree 1112 3656 56 1 0
tree 1112 3672 56 1 0
tree 1096 3656 27 0 0
tree 1096 3672 27 0 0
tree 1128 3656 11 0 0
tree 1208 3656 56 1 0
tree 1208 3672 56 1 0
cliff 1184 3648 11 179 179
tree 1224 3672 56 1 0
tree 1240 3656 56 1 0
trop 1380 3652 67 0 0
zabor 2576 3664 105 2 8
stand 2616 3656 104 0 0
vor 2676 3652 41 0 0
trop 3268 3676 89 0 0
stand 3384 3656 5 0 0
zabor 3984 3664 26 0 8
trop 4236 3676 80 0 0
tree 4328 3656 50 0 0
tree 4328 3672 4 0 0
zabor 4368 3664 25 0 8
zabor 4400 3664 26 0 8
zabor 4432 3664 28 0 8
zabor 4464 3664 29 0 8
zabor 4496 3664 27 0 8
zabor 4528 3664 27 0 8
zabor 4560 3664 27 0 8
zabor 4592 3664 30 0 8
zabor 4624 3664 24 0 8
zabor 4656 3664 24 0 8
zabor 4688 3664 29 0 8
zabor 4720 3664 28 0 8
zabor 4752 3664 24 0 8
tree 4840 3672 1 0 0
cliff 4960 3648 5 179 179
cliff 6176 3648 6 179 179
tree 6312 3656 48 0 0
tree 6392 3672 57 0 0
tree 6408 3672 1 0 0
stand 6584 3672 18 0 0
zabor 7120 3664 104 2 8
zabor 7152 3664 104 2 8
zabor 7184 3664 104 2 8
zabor 7216 3664 105 2 8
dom 7328 3648 54 0 0
tree 520 3688 48 0 0
tree 536 3688 33 0 0
tree 552 3704 41 0 0
tree 712 3704 56 0 0
tree 728 3704 1 0 0
tree 728 3688 1 0 0
tree 744 3688 1 0 0
tree 1064 3688 56 1 0
tree 1080 3704 56 1 0
tree 1112 3704 56 1 0
tree 1096 3704 56 1 0
tree 1144 3688 56 1 0
lay 2504 3688 4 0 0
zabor 2576 3696 104 2 8
vor 2596 3708 0 0 0
stand 2664 3688 104 0 0
trop 3380 3708 79 0 0
trop 3452 3708 78 0 0
trop 3508 3708 102 0 0
trop 3548 3708 102 0 0
trop 3612 3708 78 0 0
trop 3692 3708 79 0 0
trop 3764 3708 78 0 0
trop 3844 3708 79 0 0
trop 3916 3708 78 0 0
trop 3996 3708 79 0 0
trop 4044 3708 84 0 0
trop 4132 3700 85 0 0
cliff 4928 3680 4 179 179
trop 5164 3700 77 0 0
tree 5272 3704 50 0 0
cliff 5504 3680 39 179 179
trop 5796 3708 66 0 0
tree 5928 3704 51 0 0
cliff 6016 3680 11 179 179
tree 6296 3704 33 0 0
tree 6280 3704 1 0 0
tree 6296 3688 13 0 0
tree 6408 3688 19 0 0
tree 7720 3704 2 0 0
tree 328 3720 33 0 0
tree 360 3736 48 0 0
tree 472 3720 56 0 0
trop 596 3716 48 0 0
tree 792 3720 33 0 0
tree 824 3720 41 0 0
tree 808 3720 33 0 0
tree 1112 3720 56 1 0
cliff 1184 3712 8 179 179
trop 1380 3740 67 0 0
stand 1416 3736 32 0 0
tree 1496 3720 27 0 0
tree 1512 3720 2 0 0
lay 2504 3720 7 0 0
zabor 2576 3728 105 2 8
stand 2728 3736 104 0 0
trop 4228 3740 81 0 0
tree 4360 3720 35 0 0
tree 4440 3720 48 0 0
tree 4440 3736 1 0 0
tree 4472 3720 56 0 0
tree 4536 3720 56 0 0
tree 4600 3736 48 0 0
tree 4616 3736 56 0 0
tree 4664 3736 33 0 0
tree 4648 3736 41 0 0
tree 4680 3736 48 0 0
tree 4792 3720 44 0 0
tree 5288 3720 13 0 0
stand 5528 3736 0 0 0
stand 5624 3720 72 0 0
trop 5684 3724 5 0 0
trop 5724 3716 23 0 0
trop 5740 3716 6 0 0
tree 5912 3736 59 0 0
tree 5976 3736 2 0 0
tree 5976 3720 43 0 0
tree 6280 3720 41 0 0
tree 6312 3720 43 0 0
trop 7308 3724 37 0 0
tree 7496 3720 43 0 0
tree 7560 3720 18 0 0
trop 7580 3724 122 0 0
stand 7672 3736 18 0 0
zabor 7728 3728 105 2 8
zabor 7760 3728 104 2 8
zabor 7792 3728 104 2 8
zabor 7824 3728 104 2 8
zabor 7856 3728 104 2 8
zabor 7888 3728 104 2 8
zabor 7920 3728 105 2 8
tree 184 3752 48 0 0
tree 744 3752 33 0 0
tree 1080 3768 59 0 0
cliff 1152 3744 2 179 179
tree 2152 3768 1 0 0
tree 2392 3752 1 0 0
tree 2408 3768 56 0 0
zabor 2576 3760 105 2 8
vor 2844 3772 24 0 0
stand 3416 3752 44 0 0
zabor 3600 3760 28 0 8
zabor 3632 3760 31 0 8
zabor 3664 3760 28 0 8
stand 3656 3752 44 0 0
zabor 3696 3760 30 0 8
tree 4360 3768 44 0 0
tree 4888 3768 58 0 0
tree 5272 3768 2 0 0
tree 5288 3768 51 0 0
tree 5288 3752 51 0 0
tree 5464 3768 2 0 0
tree 5480 3768 58 0 0
cliff 5504 3744 39 179 179
zabor 5744 3760 27 0 8
tree 5960 3752 1 0 0
cliff 6208 3744 11 179 179
tree 6616 3768 51 0 0
zabor 6896 3760 104 2 8
tree 7480 3752 60 0 0
tree 7480 3768 48 0 0
tree 7496 3752 60 0 0
tree 7528 3752 36 0 0
tree 7528 3768 20 0 0
tree 7544 3768 25 0 0
tree 184 3784 56 0 0
tree 216 3784 56 0 0
tree 200 3784 41 0 0
tree 264 3800 56 0 0
trop 596 3796 48 0 0
dom 1312 3776 55 0 0
tree 1560 3800 56 1 0
tree 1592 3800 21 0 0
tree 1608 3784 56 1 0
tree 1624 3784 56 1 0
tree 1624 3800 56 1 0
tree 1640 3800 56 1 0
tree 2152 3784 48 0 0
tree 2184 3800 33 0 0
tree 2424 3784 56 0 0
tree 2456 3800 41 0 0
tree 2520 3784 28 0 0
tree 2536 3800 57 0 0
tree 2536 3784 20 0 0
cliff 2592 3776 18 179 179
lay 2600 3784 6 0 0
vor 2676 3796 40 0 0
vor 2692 3780 41 0 0
stand 2808 3784 104 0 0
zabor 3312 3792 27 0 8
dom 3552 3776 17 0 0
zabor 3696 3792 25 0 8
dom 3744 3776 48 0 0
dom 3968 3776 24 0 0
dom 4096 3776 48 0 0
trop 4236 3804 83 0 0
tree 4712 3784 44 0 0
tree 4712 3800 43 0 0
tree 4776 3800 19 0 0
tree 4920 3784 57 0 0
tree 4920 3800 35 0 0
trop 5164 3788 76 0 0
tree 5256 3784 33 0 0
tree 5256 3800 19 0 0
tree 5272 3800 41 0 0
tree 5304 3784 41 0 0
tree 5288 3784 19 0 0
tree 5496 3784 4 0 0
stand 5544 3784 0 0 0
zabor 5744 3792 25 0 8
stand 5752 3784 6 0 0
trop 5740 3788 26 0 0
trop 5740 3804 26 0 0
trop 5796 3796 66 0 0
zabor 5872 3792 34 0 9
zabor 5904 3792 26 0 8
zabor 5936 3792 38 0 9
tree 6024 3800 48 0 0
tree 6264 3800 58 0 0
tree 6264 3784 2 0 0
tree 6280 3800 56 0 0
tree 6312 3800 4 0 0
tree 6616 3784 50 0 0
zabor 6960 3792 104 2 8
zabor 6992 3792 104 2 8
zabor 7024 3792 105 2 8
trop 7404 3804 59 0 0
tree 7480 3800 25 0 0
tree 7496 3800 20 0 0
tree 7512 3800 12 0 0
zabor 7664 3792 104 2 8
zabor 7696 3792 104 2 8
tree 7800 3800 41 0 0
tree 7784 3800 48 0 0
tree 200 3832 1 0 0
tree 232 3832 48 0 0
tree 376 3816 56 0 0
tree 952 3816 56 0 0
tree 936 3832 48 0 0
tree 936 3816 48 0 0
tree 968 3832 56 0 0
tree 968 3816 33 0 0
stand 1256 3832 6 0 0
trop 1380 3828 67 0 0
tree 1608 3832 44 0 0
tree 1656 3832 56 1 0
tree 2184 3816 33 0 0
tree 2200 3816 56 0 0
tree 2216 3832 41 0 0
tree 2552 3816 50 0 0
cliff 2528 3808 16 179 179
cliff 2624 3808 18 179 179
vor 2764 3812 24 0 0
stand 2840 3816 104 0 0
vor 2964 3836 0 0 0
tree 3192 3816 51 0 0
tree 3208 3832 51 0 0
zabor 3312 3824 29 0 8
dom 3392 3808 15 0 0
zabor 3440 3824 30 0 8
dom 3488 3808 15 0 0
zabor 3536 3824 26 0 8
zabor 3696 3824 29 0 8
vor 3684 3828 33 0 0
dom 3904 3808 47 0 0
tree 4296 3832 43 0 0
trop 4412 3820 33 0 0
dom 4416 3808 114 0 179
dom 5056 3808 50 0 0
tree 5256 3816 41 0 0
tree 5320 3816 1 0 0
tree 5400 3832 44 0 0
tree 5416 3832 2 0 0
tree 5416 3816 59 0 0
cliff 5504 3808 39 179 179
tree 5544 3832 21 0 0
zabor 5744 3824 29 0 8
stand 5752 3816 6 0 0
cliff 6208 3808 10 179 179
tree 6296 3816 19 0 0
tree 6280 3816 48 0 0
cliff 6656 3808 39 179 179
zabor 7056 3824 104 2 8
zabor 7088 3824 104 2 8
zabor 7120 3824 105 2 8
zabor 7152 3824 105 2 8
zabor 7184 3824 104 2 8
zabor 7216 3824 104 2 8
zabor 7248 3824 105 2 8
stand 7400 3832 18 0 0
tree 7512 3832 56 0 0
tree 7512 3816 49 0 0
zabor 7696 3824 105 2 8
zabor 7728 3824 104 2 8
tree 7720 3816 1 0 0
tree 7736 3816 1 0 0
zabor 7760 3824 104 2 8
zabor 7792 3824 105 2 8
tree 7800 3816 1 0 0
zabor 7824 3824 104 2 8
tree 7816 3832 56 0 0
zabor 7856 3824 105 2 8
zabor 7888 3824 105 2 8
zabor 7920 3824 104 2 8
tree 184 3864 48 0 0
tree 200 3864 56 0 0
tree 472 3864 33 0 0
tree 488 3864 48 0 0
tree 488 3848 1 0 0
tree 520 3864 56 0 0
tree 888 3864 1 0 0
tree 952 3864 56 0 0
tree 968 3848 1 0 0
tree 1224 3864 13 0 0
tree 1480 3848 13 0 0
tree 1576 3848 56 1 0
tree 1592 3864 56 1 0
tree 1624 3848 35 0 0
tree 1640 3864 56 1 0
tree 1656 3848 56 1 0
tree 2200 3848 56 0 0
tree 2216 3848 41 0 0
tree 2600 3864 13 0 0
stand 2888 3848 104 0 0
tree 3160 3864 4 0 0
tree 3176 3864 2 0 0
tree 3208 3848 59 0 0
lay 3320 3864 5 0 0
zabor 3312 3856 27 0 8
zabor 3440 3856 25 0 8
zabor 3536 3856 31 0 8
zabor 3696 3856 31 0 8
tree 3976 3864 37 0 0
trop 4132 3844 109 0 0
trop 4164 3844 109 0 0
tree 4312 3864 1 0 0
tree 4936 3864 48 0 0
tree 5320 3864 56 0 0
cliff 5536 3840 35 179 179
tree 5608 3848 51 0 0
zabor 5680 3856 30 0 8
zabor 5712 3856 29 0 8
zabor 5744 3856 31 0 8
cliff 6208 3840 8 179 179
tree 7848 3848 33 0 0
zabor 7888 3856 105 2 8
zabor 7920 3856 104 2 8
zabor 7952 3856 104 2 8
zabor 7984 3856 104 2 8
tree 200 3896 48 0 0
tree 488 3880 41 0 0
trop 596 3876 48 0 0
tree 888 3880 48 0 0
tree 920 3896 56 1 0
tree 920 3880 56 0 0
tree 936 3880 56 1 0
tree 968 3880 41 0 0
tree 1240 3896 48 0 0
trop 1404 3900 118 0 0
tree 1640 3880 56 1 0
tree 1688 3880 56 1 0
tree 1672 3896 56 1 0
tree 3176 3896 48 0 0
tree 3176 3880 4 0 0
tree 3192 3880 1 0 0
zabor 3312 3888 31 0 8
zabor 3344 3888 25 0 8
zabor 3376 3888 31 0 8
zabor 3408 3888 26 0 8
zabor 3440 3888 26 0 8
zabor 3472 3888 24 0 8
zabor 3504 3888 30 0 8
zabor 3536 3888 29 0 8
zabor 3568 3888 27 0 8
zabor 3600 3888 30 0 8
zabor 3632 3888 25 0 8
zabor 3664 3888 31 0 8
tree 3672 3880 25 0 0
zabor 3696 3888 26 0 8
tree 3928 3880 37 0 0
tree 3960 3896 37 0 0
zabor 4016 3888 30 0 8
zabor 4048 3888 25 0 8
zabor 4080 3888 24 0 8
zabor 4112 3888 25 0 8
zabor 4144 3888 27 0 8
zabor 4176 3888 25 0 8
tree 4168 3880 60 0 0
trop 4236 3892 82 0 0
tree 4312 3896 41 0 0
dom 4416 3872 114 0 179
tree 4936 3880 27 0 0
trop 5156 3876 91 0 0
tree 5304 3880 19 0 0
cliff 5568 3872 32 179 179
zabor 5648 3888 32 0 9
zabor 5680 3888 30 0 8
trop 5796 3884 66 0 0
stand 5832 3880 11 0 0
cliff 6240 3872 18 179 179
trop 6492 3876 83 0 0
cliff 6656 3872 39 179 179
tree 7864 3880 56 0 0
tree 7896 3896 33 0 0
tree 7912 3896 48 0 0
tree 184 3912 48 0 0
tree 440 3928 33 0 0
tree 936 3912 56 1 0
tree 968 3928 56 1 0
tree 968 3912 56 1 0
tree 1080 3928 51 0 0
trop 1484 3924 113 0 0
tree 2232 3912 33 0 0
cliff 2688 3904 8 179 179
lay 2712 3912 5 0 0
vor 2868 3932 9 0 0
stand 2968 3928 104 0 0
tree 3192 3912 51 0 0
tree 3224 3928 59 0 0
tree 3208 3912 11 0 0
tree 3256 3912 43 0 0
tree 3240 3928 11 0 0
trop 3380 3924 33 0 0
tree 3704 3912 25 0 0
tree 3896 3928 29 0 0
tree 3992 3912 37 0 0
zabor 4016 3920 26 0 8
zabor 4176 3920 25 0 8
trop 5028 3932 93 0 0
trop 5108 3932 90 0 0
cliff 5664 3904 33 179 179
cliff 6688 3904 33 179 179
trop 7452 3908 67 0 0
tree 7864 3912 3 1 0
tree 7880 3928 3 1 0
tree 184 3960 41 0 0
tree 168 3944 41 0 0
tree 456 3960 33 0 0
tree 488 3960 33 0 0
tree 536 3960 27 0 0
trop 596 3956 48 0 0
tree 1080 3944 43 0 0
tree 1336 3960 35 0 0
tree 1320 3960 11 0 0
trop 1564 3940 58 0 0
tree 2456 3944 27 0 0
vor 2764 3948 40 0 0
stand 3016 3944 104 0 0
tree 3224 3944 44 0 0
tree 3288 3960 11 0 0
tree 3272 3944 11 0 0
tree 3384 3960 56 0 0
tree 3368 3960 57 0 0
zabor 4016 3952 24 0 8
trop 4236 3964 77 0 0
tree 4344 3944 41 0 0
tree 4824 3960 11 0 0
fre 5428 3956 30 179 179
tree 5448 3960 33 0 0
tree 5704 3944 57 0 0
trop 5796 3964 66 0 0
tree 6184 3944 50 0 0
trop 6500 3948 82 0 0
tree 6616 3944 8 0 0
tree 6600 3960 1 0 0
tree 7592 3944 17 0 0
tree 7656 3960 2 0 0
tree 7656 3944 29 0 0
tree 7928 3944 3 1 0
tree 7912 3944 3 1 0
tree 7912 3960 3 1 0
tree 7944 3960 3 1 0
tree 152 3992 1 0 0
tree 184 3992 33 0 0
tree 168 3992 33 0 0
tree 472 3976 48 0 0
tree 472 3992 48 0 0
tree 456 3992 1 0 0
tree 696 3992 48 0 0
tree 1336 3976 59 0 0
tree 1464 3992 56 1 0
trop 1668 3988 59 0 0
tree 2312 3992 33 0 0
tree 2328 3976 48 0 0
tree 2440 3992 51 0 0
cliff 2688 3968 9 179 179
vor 2804 3996 25 0 0
tree 3288 3992 2 0 0
tree 3288 3976 27 0 0
tree 3272 3976 19 0 0
tree 3304 3992 1 0 0
tree 3464 3992 19 0 0
tree 3480 3976 13 0 0
dom 3616 3968 54 0 0
tree 3832 3976 49 0 0
tree 3816 3992 60 0 0
tree 3928 3992 60 0 0
tree 3960 3992 49 0 0
tree 3960 3976 49 0 0
zabor 4016 3984 29 0 8
dom 4160 3968 61 0 0
tree 4344 3992 48 0 0
tree 4440 3992 59 0 0
tree 4824 3992 11 0 0
tree 4840 3976 4 0 0
stand 4904 3992 19 0 0
tree 5992 3992 4 0 0
tree 6216 3976 35 0 0
tree 6232 3992 33 0 0
cliff 6336 3968 18 179 179
tree 6584 3992 56 0 0
tree 6568 3992 48 0 0
tree 6584 3976 56 0 0
tree 6616 3992 33 0 0
tree 6600 3976 41 0 0
tree 6632 3992 41 0 0
tree 6680 3992 48 0 0
trop 7452 3996 122 0 0
tree 7576 3992 35 0 0
tree 7672 3976 27 0 0
tree 7816 3976 48 0 0
tree 7832 3976 33 0 0
tree 7848 3992 48 0 0
tree 7880 3992 3 1 0
tree 7928 3976 3 1 0
tree 7976 3976 19 0 0
tree 152 4008 33 0 0
tree 136 4008 56 0 0
tree 184 4024 48 0 0
tree 216 4024 56 0 0
tree 200 4024 33 0 0
tree 248 4024 48 0 0
tree 232 4024 33 0 0
tree 440 4008 1 0 0
tree 440 4024 41 0 0
tree 456 4008 48 0 0
tree 504 4024 33 0 0
tree 488 4008 41 0 0
dom 640 4000 16 0 0
tree 712 4008 41 0 0
tree 840 4024 56 0 0
tree 968 4024 48 0 0
tree 1352 4008 1 0 0
tree 1464 4008 56 1 0
tree 1448 4008 2 0 0
tree 1496 4008 4 0 0
tree 1528 4008 27 0 0
tree 1544 4024 56 1 0
tree 1560 4024 21 0 0
tree 1544 4008 44 0 0
tree 1592 4024 51 0 0
tree 1576 4024 2 0 0
stand 1880 4024 0 1 0
stand 1880 4008 0 0 0
stand 1912 4008 0 1 0
stand 1960 4008 0 0 0
tree 2392 4024 33 0 0
tree 2440 4008 19 0 0
cliff 2656 4000 7 179 179
lay 2696 4008 6 0 0
stand 2968 4024 104 0 0
tree 3288 4024 35 0 0
tree 3800 4008 49 0 0
tree 3896 4008 60 0 0
tree 3960 4024 49 0 0
tree 3992 4024 49 0 0
zabor 4016 4016 28 0 8
tree 4008 4024 49 0 0
tree 4072 4008 60 0 0
tree 4344 4008 41 0 0
trop 4948 4012 92 0 0
tree 5336 4024 57 0 0
tree 5352 4008 21 0 0
tree 5912 4024 48 0 0
tree 5944 4024 4 0 0
tree 5928 4024 4 0 0
tree 6168 4024 48 0 0
tree 6232 4024 43 0 0
tree 7576 4008 27 0 0
tree 7864 4024 3 1 0
tree 7880 4008 3 1 0
tree 7896 4024 48 0 0
tree 184 4056 33 0 0
tree 200 4040 56 0 0
tree 248 4056 33 0 0
tree 248 4040 56 0 0
trop 596 4036 48 0 0
tree 792 4056 56 0 0
tree 824 4040 56 0 0
tree 808 4056 1 0 0
tree 856 4040 41 0 0
tree 888 4040 33 0 0
tree 984 4040 41 0 0
tree 1000 4040 1 0 0
tree 1016 4040 1 0 0
tree 1464 4056 56 1 0
tree 1448 4040 56 1 0
tree 1496 4056 56 1 0
tree 1512 4056 56 1 0
tree 1560 4056 56 1 0
tree 1624 4040 11 0 0
tree 1608 4040 2 0 0
stand 1992 4040 0 1 0
tree 2408 4040 56 0 0
tree 2424 4056 56 0 0
cliff 2656 4032 4 179 179
zabor 2736 4048 105 2 8
zabor 2768 4048 104 2 8
zabor 2800 4048 105 2 8
zabor 2832 4048 104 2 8
zabor 2864 4048 104 2 8
zabor 2896 4048 105 2 8
zabor 2928 4048 105 2 8
zabor 2960 4048 104 2 8
tree 2984 4040 49 0 0
tree 3400 4056 35 0 0
tree 3512 4056 58 0 0
tree 3560 4056 50 0 0
tree 3800 4040 60 0 0
tree 3848 4056 60 0 0
tree 3880 4040 49 0 0
tree 3960 4056 60 0 0
zabor 4016 4048 27 0 8
zabor 4048 4048 30 0 8
tree 4056 4040 49 0 0
zabor 4080 4048 31 0 8
tree 4072 4040 49 0 0
zabor 4112 4048 27 0 8
zabor 4144 4048 26 0 8
zabor 4176 4048 30 0 8
trop 4236 4044 76 0 0
lay 4472 4040 22 0 0
tree 4824 4056 35 0 0
tree 5064 4040 58 0 0
tree 5064 4056 43 0 0
trop 5788 4052 65 0 0
tree 5880 4056 51 0 0
tree 5896 4040 57 0 0
tree 6136 4040 50 0 0
tree 6152 4040 35 0 0
trop 6532 4052 89 0 0
tree 7896 4056 3 1 0
tree 7912 4056 3 1 0
tree 7912 4040 3 1 0
tree 7928 4040 48 0 0
tree 7944 4040 33 0 0
tree 7960 4040 41 0 0
tree 7976 4056 1 0 0
stand 504 4072 63 0 0
stand 488 4072 63 0 0
stand 536 4072 63 0 0
stand 520 4072 63 0 0
stand 632 4088 63 0 0
stand 648 4088 63 0 0
stand 664 4088 63 0 0
stand 680 4088 63 0 0
stand 712 4088 55 0 0
stand 952 4072 18 0 0
tree 1256 4088 51 0 0
tree 1272 4072 35 0 0
tree 1464 4072 56 1 0
tree 1560 4072 56 1 0
tree 1576 4072 56 1 0
trop 1716 4084 122 179 179
stand 1928 4088 0 0 0
stand 1960 4072 0 1 0
tree 2440 4072 41 0 0
tree 2440 4088 1 0 0
tree 2456 4088 48 0 0
lay 2664 4088 9 0 0
zabor 2960 4080 105 2 8
dom 3456 4064 108 0 179
tree 3512 4072 11 0 0
tree 3800 4088 21 0 0
tree 3816 4072 1 0 0
tree 3896 4072 49 0 0
tree 3912 4072 60 0 0
zabor 4016 4080 25 0 8
tree 4024 4088 60 0 0
tree 4008 4088 60 0 0
tree 4472 4088 13 0 0
trop 4956 4068 76 0 0
tree 5048 4072 48 0 0
tree 5224 4088 21 0 0
tree 5656 4072 50 0 0
tree 5672 4072 27 0 0
tree 5704 4072 58 0 0
cliff 6400 4064 8 179 179
trop 6644 4084 79 0 0
trop 6716 4076 78 0 0
tree 7896 4072 3 1 0
tree 7880 4072 48 0 0
tree 7976 4088 56 0 0
stand 168 4120 18 0 0
tree 1496 4104 56 1 0
tree 1528 4104 56 1 0
tree 1528 4120 56 1 0
tree 1512 4120 56 1 0
tree 1512 4104 56 1 0
stand 1768 4120 32 0 0
stand 1912 4104 0 1 0
cliff 2624 4096 3 179 179
trop 2860 4100 33 0 0
dom 2944 4096 109 0 179
tree 2952 4104 49 0 0
zabor 2960 4112 104 2 8
stand 3000 4120 104 0 0
tree 3016 4104 49 0 0
tree 3016 4120 49 0 0
vor 3036 4100 40 0 0
tree 3784 4120 49 0 0
tree 3848 4120 49 0 0
tree 3880 4120 49 0 0
tree 3992 4104 33 0 0
zabor 4016 4112 27 0 8
tree 4008 4120 49 0 0
dom 4160 4096 57 0 0
trop 4236 4116 77 0 0
tree 4360 4120 41 0 0
lay 4440 4120 19 0 0
tree 4472 4104 13 0 0
tree 4632 4104 21 0 0
tree 4824 4104 51 0 0
tree 4840 4120 21 0 0
tree 4856 4120 33 0 0
tree 4856 4104 13 0 0
trop 4956 4124 76 0 0
zabor 5040 4112 104 2 8
zabor 5072 4112 104 2 8
tree 5064 4120 56 0 0
tree 5096 4120 33 0 0
tree 5112 4104 43 0 0
tree 5096 4104 13 0 0
zabor 5136 4112 105 2 8
zabor 5168 4112 105 2 8
zabor 5200 4112 105 2 8
tree 5208 4120 51 0 0
zabor 5232 4112 104 2 8
tree 5240 4120 44 0 0
zabor 5264 4112 104 2 8
zabor 5296 4112 105 2 8
tree 5368 4104 19 0 0
tree 5368 4120 21 0 0
tree 5352 4120 27 0 0
tree 5592 4120 35 0 0
tree 5640 4104 27 0 0
tree 5656 4120 4 0 0
tree 6072 4120 27 0 0
tree 6056 4120 19 0 0
tree 6104 4104 59 0 0
tree 6088 4104 33 0 0
tree 6120 4104 35 0 0
tree 6136 4104 35 0 0
trop 6844 4116 88 0 0
tree 7528 4104 2 0 0
tree 7560 4104 19 0 0
tree 7848 4120 56 0 0
tree 7864 4104 48 0 0
tree 7912 4104 3 1 0
tree 7976 4104 33 0 0
trop 380 4132 93 0 0
trop 460 4132 79 0 0
trop 532 4132 78 0 0
trop 604 4132 49 0 0
trop 660 4140 79 0 0
trop 724 4140 79 0 0
trop 788 4140 78 0 0
trop 868 4140 79 0 0
trop 940 4140 78 0 0
tree 1144 4152 33 0 0
tree 1160 4152 21 0 0
tree 1160 4136 27 0 0
tree 1208 4152 51 0 0
tree 1192 4152 44 0 0
tree 1496 4152 56 1 0
tree 1512 4152 56 1 0
tree 1560 4152 56 1 0
stand 1960 4136 0 1 0
lay 2664 4152 4 0 0
lay 2680 4136 4 0 0
lay 2696 4136 10 0 0
lay 2696 4152 8 0 0
lay 2744 4152 11 0 0
zabor 2960 4144 104 2 8
tree 3000 4152 49 0 0
stand 3000 4152 104 0 0
tree 3928 4152 49 0 0
tree 3912 4136 60 0 0
tree 3992 4136 58 0 0
zabor 4016 4144 29 0 8
cliff 4480 4128 39 179 179
tree 4632 4152 11 0 0
tree 4648 4136 13 0 0
tree 4840 4136 2 0 0
stand 5032 4136 11 0 0
zabor 5104 4144 104 2 8
zabor 5136 4144 105 2 8
zabor 5296 4144 105 2 8
tree 5352 4136 44 0 0
tree 5384 4136 1 0 0
tree 5416 4152 19 0 0
tree 5432 4136 27 0 0
tree 5592 4136 44 0 0
tree 5608 4136 43 0 0
trop 5788 4132 38 0 0
tree 6008 4152 13 0 0
tree 6040 4136 11 0 0
tree 6024 4136 59 0 0
tree 6056 4136 19 0 0
stand 6248 4152 18 0 0
tree 6408 4136 33 1 0
tree 6408 4152 33 1 0
tree 6584 4152 33 1 0
lay 7832 4136 7 0 0
tree 7832 4136 33 0 0
tree 7848 4152 41 0 0
trop 316 4188 90 0 0
stand 472 4184 47 0 0
stand 504 4184 63 0 0
stand 536 4184 63 0 0
stand 520 4184 63 0 0
stand 552 4184 63 0 0
stand 648 4184 63 0 0
stand 664 4184 63 0 0
stand 680 4184 63 0 0
stand 696 4184 63 0 0
trop 1068 4180 88 0 0
tree 1128 4168 43 0 0
tree 1240 4184 33 0 0
tree 1320 4184 13 0 0
tree 1496 4168 56 1 0
tree 1560 4168 56 1 0
tree 1640 4168 59 0 0
lay 2680 4184 2 0 0
lay 2696 4168 2 0 0
lay 2712 4168 2 0 0
lay 2728 4168 5 0 0
lay 2760 4168 5 0 0
zabor 2960 4176 104 2 8
tree 3336 4184 57 0 0
zabor 4016 4176 29 0 8
tree 4008 4184 35 0 0
zabor 4048 4176 26 0 8
zabor 4080 4176 28 0 8
zabor 4112 4176 24 0 8
tree 4360 4168 1 0 0
cliff 4512 4160 33 179 179
tree 5416 4184 58 0 0
tree 5448 4184 44 0 0
tree 5480 4184 19 0 0
tree 5496 4184 35 0 0
tree 5480 4168 51 0 0
tree 5624 4168 43 0 0
tree 5656 4184 50 0 0
tree 5704 4168 48 0 0
tree 5704 4184 27 0 0
tree 5992 4168 11 0 0
tree 6408 4184 33 1 0
cliff 6400 4160 13 179 179
tree 6440 4184 33 1 0
stand 6552 4168 18 0 0
tree 6728 4184 24 0 0
tree 7672 4168 41 0 0
tree 7656 4184 48 0 0
tree 7848 4168 1 0 0
trop 164 4196 79 0 0
trop 236 4196 78 0 0
stand 424 4216 18 0 0
trop 596 4220 48 0 0
tree 1384 4216 13 0 0
tree 1640 4200 19 0 0
tree 2504 4216 4 0 0
cliff 2656 4192 11 179 179
lay 2696 4200 2 0 0
lay 2712 4216 2 0 0
lay 2712 4200 5 0 0
lay 2744 4200 5 0 0
lay 2728 4200 4 0 0
lay 2760 4200 5 0 0
zabor 2960 4208 105 2 8
stand 3000 4200 104 0 0
tree 3880 4200 43 0 0
tree 3896 4200 21 0 0
tree 3912 4200 35 0 0
tree 3912 4216 48 0 0
tree 3992 4200 41 0 0
zabor 4016 4208 26 0 8
tree 4024 4200 21 0 0
trop 4236 4204 76 0 0
tree 4328 4216 1 0 0
tree 4360 4200 56 0 0
tree 4856 4200 4 0 0
trop 4948 4196 104 0 0
trop 4988 4204 100 0 0
trop 5044 4204 79 0 0
trop 5116 4204 78 0 0
trop 5196 4204 79 0 0
trop 5276 4204 78 0 0
tree 5464 4200 19 0 0
tree 5496 4200 2 0 0
tree 5976 4216 4 0 0
tree 5992 4200 48 0 0
tree 5992 4216 35 0 0
tree 6424 4216 33 1 0
tree 6440 4216 33 1 0
tree 6520 4200 35 0 0
tree 6712 4216 19 0 0
trop 6852 4204 77 0 0
tree 6936 4216 48 0 0
tree 7656 4200 56 0 0
tree 7672 4216 48 0 0
tree 7688 4216 48 0 0
tree 712 4248 41 0 0
dom 960 4224 54 0 0
dom 1184 4224 55 0 0
tree 1368 4232 58 0 0
tree 1368 4248 35 0 0
tree 1528 4248 44 0 0
tree 1528 4232 51 0 0
tree 1544 4232 21 0 0
tree 1560 4248 27 0 0
tree 1576 4232 2 0 0
tree 1592 4232 11 0 0
tree 1608 4248 33 0 0
tree 1624 4232 2 0 0
tree 1624 4248 4 0 0
dom 1760 4224 55 0 0
lay 2696 4232 4 0 0
lay 2712 4232 4 0 0
vor 2876 4244 16 0 0
zabor 2960 4240 105 2 8
tree 3912 4232 19 0 0
zabor 4016 4240 25 0 8
dom 4160 4224 47 0 0
tree 4312 4232 1 0 0
stand 4312 4248 11 0 0
tree 4536 4248 51 0 0
zabor 4784 4240 104 2 8
zabor 4816 4240 104 2 8
zabor 4848 4240 104 2 8
zabor 4880 4240 105 2 8
trop 4948 4252 104 0 0
trop 5404 4244 88 0 0
tree 5512 4232 13 0 0
tree 5624 4232 13 0 0
tree 5624 4248 33 0 0
trop 5836 4228 37 0 0
trop 6188 4244 127 0 0
trop 6244 4228 127 0 0
trop 6308 4236 127 0 0
tree 6424 4248 33 1 0
tree 6408 4248 33 1 0
tree 6536 4248 27 0 0
tree 6648 4248 56 0 0
tree 6680 4232 2 0 0
tree 6728 4232 57 0 0
tree 6936 4232 33 0 0
tree 7704 4232 1 0 0
tree 7720 4248 33 0 0
tree 408 4280 33 0 0
tree 424 4280 33 0 0
trop 596 4268 48 0 0
tree 744 4280 48 0 0
tree 792 4280 48 0 0
tree 808 4280 48 0 0
tree 824 4280 1 0 0
tree 1496 4264 48 0 0
tree 1496 4280 21 0 0
tree 1512 4264 13 0 0
tree 1656 4264 59 0 0
tree 2520 4264 58 0 0
tree 2536 4280 50 0 0
lay 2712 4264 3 0 0
vor 2740 4276 16 0 0
zabor 2960 4272 105 2 8
stand 3016 4280 104 0 0
tree 3560 4280 4 0 0
tree 3576 4280 57 0 0
tree 3608 4280 11 0 0
tree 3624 4280 51 0 0
zabor 3984 4272 27 0 8
zabor 4016 4272 29 0 8
tree 4072 4280 19 0 0
trop 4164 4260 109 0 0
tree 4584 4280 13 0 0
tree 4584 4264 2 0 0
tree 4600 4280 58 0 0
tree 4856 4264 57 0 0
trop 4956 4260 100 0 0
trop 4996 4260 111 0 0
tree 5192 4280 1 0 0
dom 5248 4256 49 0 0
tree 5544 4280 56 0 0
tree 5544 4264 11 0 0
tree 5624 4264 43 0 0
trop 5772 4284 125 0 0
trop 5836 4276 115 0 0
trop 5924 4284 58 0 0
trop 6012 4284 127 0 0
trop 6084 4276 127 0 0
trop 6132 4260 127 0 0
tree 6408 4264 33 1 0
tree 6472 4264 33 1 0
tree 6552 4280 35 0 0
tree 6552 4264 35 0 0
tree 6584 4264 1 0 0
tree 6600 4264 33 1 0
tree 6600 4280 33 1 0
tree 6632 4264 33 1 0
tree 6648 4280 59 0 0
tree 6664 4280 58 0 0
tree 6712 4280 11 0 0
tree 6744 4264 11 0 0
tree 6728 4280 57 0 0
trop 6852 4284 76 0 0
tree 408 4296 1 0 0
tree 392 4312 33 0 0
tree 440 4296 1 0 0
tree 456 4296 41 0 0
tree 504 4312 33 0 0
tree 520 4312 41 0 0
tree 776 4296 48 0 0
tree 792 4296 48 0 0
tree 808 4296 56 0 0
tree 856 4296 41 0 0
tree 888 4312 1 0 0
tree 872 4296 56 0 0
trop 1108 4316 89 0 0
zabor 1840 4304 105 2 8
zabor 1872 4304 105 2 8
zabor 1904 4304 105 2 8
zabor 1936 4304 104 2 8
zabor 1968 4304 105 2 8
zabor 2000 4304 105 2 8
zabor 2032 4304 104 2 8
tree 2424 4312 1 0 0
tree 2536 4296 57 0 0
cliff 2656 4288 10 179 179
zabor 2960 4304 105 2 8
vor 2964 4316 41 0 0
tree 3448 4296 35 0 0
tree 3464 4296 4 0 0
tree 3544 4312 57 0 0
tree 3928 4312 48 0 0
tree 3944 4312 44 0 0
zabor 4016 4304 25 0 8
zabor 4048 4304 29 0 8
zabor 4080 4304 26 0 8
tree 4072 4312 50 0 0
zabor 4112 4304 26 0 8
zabor 4144 4304 25 0 8
trop 4228 4292 91 0 0
cliff 4576 4288 39 179 179
trop 4956 4300 80 0 0
tree 5048 4296 1 0 0
tree 5080 4312 41 0 0
tree 5064 4296 56 0 0
tree 5112 4296 43 0 0
tree 5544 4296 33 0 0
trop 6060 4316 126 0 0
tree 6424 4312 33 1 0
tree 6456 4296 33 1 0
tree 6536 4296 58 0 0
tree 6552 4296 1 0 0
tree 6552 4312 56 0 0
tree 6536 4312 57 0 0
tree 6568 4296 27 0 0
tree 6616 4312 33 1 0
tree 6632 4312 33 1 0
tree 6712 4296 58 0 0
tree 6744 4296 57 0 0
tree 6728 4312 50 0 0
tree 6744 4312 48 0 0
tree 6936 4312 33 0 0
tree 7736 4312 48 0 0
tree 7752 4312 33 0 0
tree 7768 4312 33 0 0
tree 7784 4312 56 0 0
tree 520 4328 33 0 0
trop 596 4348 48 0 0
tree 856 4344 33 0 0
tree 872 4328 33 0 0
trop 1220 4348 79 0 0
trop 1292 4348 78 0 0
trop 1372 4348 79 0 0
trop 1444 4348 78 0 0
trop 1516 4348 79 0 0
trop 1588 4348 78 0 0
zabor 2064 4336 104 2 8
zabor 2096 4336 104 2 8
zabor 2128 4336 105 2 8
zabor 2160 4336 105 2 8
zabor 2192 4336 104 2 8
zabor 2224 4336 105 2 8
zabor 2256 4336 104 2 8
zabor 2288 4336 104 2 8
zabor 2320 4336 104 2 8
zabor 2352 4336 104 2 8
zabor 2384 4336 105 2 8
tree 2440 4328 33 0 0
tree 2456 4344 41 0 0
zabor 2960 4336 105 2 8
vor 3164 4324 88 179 179
tree 3560 4328 50 0 0
tree 3560 4344 1 0 0
tree 3960 4344 21 0 0
tree 4072 4328 2 0 0
tree 4360 4344 41 0 0
tree 4824 4328 51 0 0
tree 4840 4328 51 0 0
tree 5048 4344 56 0 0
tree 5064 4344 56 0 0
tree 5208 4344 33 0 0
tree 5208 4328 33 0 0
trop 5412 4332 77 0 0
tree 5640 4344 57 0 0
dom 5760 4320 53 1 0
trop 6028 4332 59 0 0
tree 6424 4328 33 1 0
tree 6456 4328 33 1 0
tree 6472 4344 33 1 0
tree 6472 4328 33 1 0
tree 6488 4328 33 1 0
tree 6504 4344 33 1 0
tree 6520 4328 33 1 0
tree 6520 4344 35 0 0
tree 6536 4344 19 0 0
tree 6776 4328 33 1 0
tree 6936 4328 56 0 0
tree 696 4360 1 0 0
tree 712 4376 1 0 0
tree 1864 4376 59 0 0
tree 1880 4376 59 0 0
tree 2392 4376 41 0 0
tree 2472 4360 41 0 0
cliff 2656 4352 9 179 179
vor 2748 4372 32 0 0
zabor 2960 4368 105 2 8
tree 3592 4376 56 0 0
tree 3992 4360 13 0 0
trop 4172 4364 92 0 0
tree 4360 4360 33 0 0
tree 4360 4376 35 0 0
cliff 4576 4352 39 179 179
stand 4904 4376 19 0 0
trop 4948 4372 81 0 0
tree 5048 4360 33 0 0
zabor 5072 4368 105 2 8
tree 5064 4360 41 0 0
tree 5064 4376 1 0 0
zabor 5104 4368 104 2 8
zabor 5136 4368 104 2 8
zabor 5168 4368 105 2 8
zabor 5200 4368 104 2 8
zabor 5232 4368 105 2 8
tree 5240 4376 33 0 0
tree 5224 4360 56 0 0
tree 5528 4376 43 0 0
tree 5640 4360 35 0 0
tree 5656 4376 35 0 0
stand 6008 4360 18 0 0
tree 6440 4360 33 1 0
tree 6440 4376 33 1 0
tree 6456 4360 33 1 0
tree 6488 4376 33 1 0
tree 6488 4360 33 1 0
tree 6552 4360 33 1 0
tree 6584 4360 33 1 0
tree 6600 4360 33 1 0
tree 6648 4360 33 1 0
tree 6632 4376 33 1 0
tree 6744 4376 21 0 0
tree 6776 4360 33 1 0
tree 6776 4376 33 1 0
trop 6852 4356 77 0 0
tree 6936 4360 56 0 0
stand 6920 4376 18 0 0
tree 6952 4376 56 0 0
tree 488 4408 33 0 0
tree 808 4408 1 0 0
tree 952 4408 41 0 0
tree 968 4408 48 0 0
tree 968 4392 1 0 0
trop 1716 4388 88 0 0
tree 1832 4408 13 0 0
tree 1848 4392 27 0 0
tree 2392 4408 21 0 0
cliff 2656 4384 8 179 179
zabor 2928 4400 104 2 8
zabor 2960 4400 105 2 8
stand 2984 4408 104 0 0
stand 3048 4392 104 0 0
vor 3308 4404 32 0 0
tree 3624 4408 13 0 0
tree 4072 4408 2 0 0
tree 4296 4392 48 0 0
tree 4344 4392 27 0 0
tree 4360 4392 51 0 0
tree 5048 4392 33 0 0
tree 5080 4392 56 0 0
zabor 5264 4400 104 2 8
tree 5272 4392 41 0 0
zabor 5296 4400 104 2 8
tree 5528 4408 50 0 0
tree 5624 4392 58 0 0
tree 5624 4408 21 0 0
tree 6232 4392 35 0 0
tree 6472 4408 33 1 0
tree 6568 4392 33 1 0
tree 6616 4392 33 1 0
tree 6600 4392 33 1 0
tree 6712 4408 33 1 0
tree 6744 4408 19 0 0
tree 7736 4392 44 0 0
tree 7752 4392 19 0 0
tree 168 4424 56 0 0
tree 360 4440 41 0 0
tree 376 4424 48 0 0
tree 392 4424 48 0 0
tree 392 4440 56 0 0
tree 424 4440 1 0 0
tree 456 4424 56 0 0
trop 596 4428 48 0 0
tree 808 4424 1 0 0
tree 920 4440 41 0 0
tree 984 4424 33 0 0
stand 1336 4424 18 0 0
tree 2392 4440 50 0 0
tree 2392 4424 50 0 0
tree 2408 4440 1 0 0
trop 2548 4428 126 0 0
cliff 2688 4416 18 179 179
stand 2984 4424 104 0 0
tree 3640 4424 4 0 0
tree 3656 4440 35 0 0
trop 4180 4420 77 0 0
tree 4280 4424 43 0 0
tree 4280 4440 43 0 0
tree 4296 4424 2 0 0
cliff 4576 4416 39 179 179
tree 4888 4424 19 0 0
tree 5048 4424 33 0 0
dom 5152 4416 109 0 179
tree 5192 4440 9 0 179
trop 5412 4420 76 0 0
tree 5736 4440 50 0 0
tree 5912 4440 57 0 0
tree 5928 4424 33 0 0
tree 5944 4424 11 0 0
trop 6076 4436 67 0 0
tree 6232 4440 58 0 0
tree 6216 4424 44 0 0
tree 6472 4440 33 1 0
tree 6488 4440 33 1 0
tree 6520 4440 33 1 0
tree 6712 4424 33 1 0
tree 6744 4424 59 0 0
trop 6852 4444 76 0 0
tree 6952 4440 33 0 0
tree 7000 4424 33 1 0
tree 6984 4424 33 1 0
tree 6984 4440 33 1 0
tree 7032 4440 33 1 0
tree 7896 4424 21 0 0
tree 152 4472 41 0 0
tree 184 4456 41 0 0
tree 168 4456 48 0 0
tree 168 4472 33 0 0
tree 392 4456 41 0 0
tree 392 4472 48 0 0
tree 760 4472 48 0 0
tree 1096 4472 33 0 0
tree 1128 4472 1 0 0
trop 1724 4476 77 0 0
zabor 1936 4464 113 2 9
zabor 1968 4464 112 2 9
zabor 2000 4464 113 2 9
zabor 2032 4464 104 2 8
zabor 2064 4464 104 2 8
zabor 2096 4464 105 2 8
zabor 2128 4464 104 2 8
zabor 2160 4464 104 2 8
zabor 2192 4464 104 2 8
zabor 2224 4464 104 2 8
zabor 2256 4464 105 2 8
zabor 2288 4464 105 2 8
zabor 2320 4464 105 2 8
tree 2392 4472 33 0 0
tree 2392 4456 51 0 0
tree 2408 4456 51 0 0
trop 2564 4476 126 0 0
vor 2780 4468 56 0 0
vor 3068 4460 1 0 0
tree 4088 4456 35 0 0
tree 4264 4472 48 0 0
tree 4872 4472 59 0 0
trop 4948 4468 83 0 0
tree 5048 4472 41 0 0
tree 5176 4456 25 0 179
dom 5184 4448 108 0 179
dom 5216 4448 108 0 179
tree 5240 4472 60 0 179
tree 5496 4472 27 0 0
tree 5512 4472 19 0 0
tree 5688 4472 50 0 0
tree 5752 4456 44 0 0
tree 5896 4472 56 0 0
tree 5928 4456 43 0 0
tree 6152 4456 43 0 0
tree 6264 4456 21 0 0
tree 6520 4456 33 1 0
tree 6552 4472 11 0 0
tree 6568 4472 44 0 0
tree 6584 4456 58 0 0
tree 6584 4472 21 0 0
tree 6696 4456 33 1 0
tree 6744 4456 33 1 0
tree 6728 4456 33 1 0
tree 6760 4456 33 1 0
tree 6760 4472 33 1 0
tree 6952 4456 33 0 0
tree 7032 4456 33 1 0
tree 7048 4456 33 1 0
tree 7048 4472 33 1 0
tree 7080 4472 33 1 0
tree 168 4504 33 0 0
trop 596 4508 48 0 0
tree 664 4504 1 0 0
tree 1144 4504 1 0 0
tree 1160 4504 33 0 0
tree 1160 4488 48 0 0
tree 1176 4488 33 0 0
tree 1176 4504 41 0 0
tree 1192 4504 3 1 0
stand 1800 4504 18 0 0
tree 2376 4504 56 0 0
tree 2680 4488 21 0 0
tree 2664 4504 27 0 0
zabor 2928 4496 105 2 8
zabor 2960 4496 105 2 8
tree 4088 4504 19 0 0
trop 4180 4500 76 0 0
stand 4248 4504 11 0 0
cliff 4576 4480 39 179 179
tree 4856 4504 33 0 0
tree 4872 4488 11 0 0
tree 5048 4504 19 0 0
tree 5032 4488 56 0 0
tree 5320 4488 33 0 0
tree 5320 4504 1 0 0
trop 5412 4492 77 0 0
tree 5688 4488 4 0 0
tree 5880 4488 4 0 0
tree 5928 4488 57 0 0
tree 6232 4504 50 0 0
trop 6420 4492 27 0 0
trop 6404 4500 27 0 0
tree 6504 4488 33 1 0
tree 6696 4504 51 0 0
tree 6728 4504 27 0 0
tree 6760 4504 33 1 0
tree 7032 4488 33 1 0
tree 7032 4504 1 0 0
tree 184 4520 1 0 0
tree 168 4520 41 0 0
tree 1128 4536 1 0 0
tree 1144 4520 48 0 0
tree 1176 4520 3 1 0
tree 1160 4520 3 1 0
tree 1160 4536 3 1 0
tree 1384 4536 44 0 0
tree 1560 4536 41 0 0
tree 2360 4520 13 0 0
trop 2572 4516 123 0 0
tree 2680 4520 4 0 0
cliff 2752 4512 8 179 179
zabor 2960 4528 105 2 8
vor 3004 4524 9 0 0
stand 3016 4520 104 0 0
tree 3960 4536 59 0 0
tree 4568 4520 51 0 0
tree 4584 4536 2 0 0
tree 4872 4536 1 0 0
tree 4872 4520 41 0 0
trop 5148 4516 21 0 0
dom 5184 4512 108 0 179
trop 5196 4524 2 0 0
dom 5216 4512 108 0 179
tree 5544 4536 13 0 0
tree 5944 4536 43 0 0
tree 5928 4536 27 0 0
tree 5928 4520 58 0 0
trop 6076 4524 67 0 0
tree 6152 4536 27 0 0
tree 6616 4520 56 0 0
tree 6648 4520 35 0 0
tree 6632 4520 57 0 0
tree 6760 4520 33 1 0
trop 6852 4516 77 0 0
tree 6952 4536 1 0 0
tree 6968 4536 33 0 0
tree 6968 4520 1 0 0
tree 7000 4536 33 0 0
tree 6984 4536 33 0 0
tree 7032 4536 56 0 0
tree 7016 4536 1 0 0
tree 7144 4536 48 0 0
tree 7224 4536 56 0 0
tree 7240 4536 56 0 0
tree 200 4552 41 0 0
dom 512 4544 13 0 0
tree 824 4568 56 0 0
tree 840 4552 1 0 0
tree 1128 4568 3 1 0
tree 1176 4568 3 1 0
tree 1208 4552 3 1 0
tree 1256 4552 57 0 0
tree 1528 4568 44 0 0
tree 1544 4568 33 0 0
tree 1544 4552 1 0 0
tree 1560 4552 59 0 0
trop 1724 4556 76 0 0
cliff 2720 4544 2 179 179
lay 2760 4568 3 0 0
zabor 2960 4560 104 2 8
tree 3752 4568 35 0 0
tree 4088 4568 35 0 0
tree 4104 4568 1 0 0
trop 4180 4572 77 0 0
tree 4280 4568 51 0 0
cliff 4576 4544 39 179 179
tree 4600 4552 27 0 0
trop 4948 4548 82 0 0
stand 5048 4552 105 0 179
trop 5244 4572 2 0 0
tree 5544 4552 21 0 0
tree 5768 4552 48 0 0
tree 5944 4568 4 0 0
tree 5928 4552 33 0 0
tree 6744 4568 58 0 0
tree 6728 4568 43 0 0
tree 6728 4552 48 0 0
tree 6920 4568 41 0 0
tree 6984 4568 33 0 0
tree 7032 4568 56 0 0
tree 7016 4568 56 0 0
tree 7032 4552 1 0 0
tree 7208 4552 8 0 0
tree 184 4600 1 0 0
tree 328 4584 33 0 0
tree 344 4584 33 0 0
tree 376 4600 56 0 0
tree 360 4584 56 0 0
tree 392 4600 56 0 0
trop 596 4588 48 0 0
tree 680 4600 56 0 0
tree 824 4600 56 0 0
tree 824 4584 41 0 0
tree 856 4600 41 0 0
tree 856 4584 48 0 0
tree 1128 4584 3 1 0
tree 1528 4584 1 0 0
tree 1528 4600 27 0 0
tree 1544 4600 27 0 0
tree 1832 4600 58 0 0
tree 1848 4600 51 0 0
tree 1912 4584 19 0 0
tree 1912 4600 58 0 0
trop 2564 4604 122 0 0
tree 2648 4584 51 0 0
cliff 2720 4576 8 179 179
lay 2744 4584 4 0 0
tree 2888 4584 1 0 0
zabor 2960 4592 105 2 8
lay 3256 4584 3 0 0
lay 3272 4600 6 0 0
tree 3752 4584 19 0 0
tree 4088 4600 33 0 0
tree 4088 4584 48 0 0
tree 4264 4584 4 0 0
tree 4280 4584 19 0 0
cliff 4608 4576 35 179 179
tree 4632 4600 58 0 0
tree 5032 4600 51 0 0
tree 5032 4584 13 0 0
tree 5288 4600 59 0 179
trop 5412 4580 76 0 0
stand 5464 4600 18 0 0
tree 5560 4584 27 0 0
tree 5688 4600 21 0 0
tree 5944 4600 2 0 0
trop 6084 4604 60 0 0
tree 6392 4584 50 0 0
tree 6376 4584 48 0 0
tree 6376 4600 19 0 0
trop 6444 4596 22 0 0
trop 6468 4588 22 0 0
tree 6616 4584 50 0 0
tree 6728 4600 33 1 0
trop 6852 4604 76 0 0
tree 6936 4600 1 0 0
tree 6936 4584 1 0 0
tree 6920 4584 56 0 0
tree 6952 4600 41 0 0
tree 6968 4600 48 0 0
tree 6968 4584 48 0 0
tree 6952 4584 1 0 0
tree 7016 4584 41 0 0
dom 7136 4576 55 0 0
tree 184 4616 56 0 0
tree 216 4632 18 1 0
tree 360 4616 48 0 0
tree 392 4616 48 0 0
tree 744 4632 48 0 0
tree 760 4616 41 0 0
tree 824 4632 33 0 0
tree 840 4616 41 0 0
tree 840 4632 41 0 0
tree 856 4616 48 0 0
tree 1176 4632 3 1 0
tree 1192 4632 3 1 0
tree 1528 4616 57 0 0
tree 1560 4632 35 0 0
tree 1880 4632 35 0 0
tree 1928 4616 57 0 0
cliff 2656 4608 28 179 179
tree 2904 4616 41 0 0
tree 2936 4616 41 0 0
zabor 2960 4624 105 2 8
vor 3036 4628 8 0 0
tree 3240 4616 50 0 0
tree 3240 4632 44 0 0
cliff 3424 4608 18 179 179
tree 4008 4632 35 0 0
tree 4056 4632 33 0 0
tree 4040 4632 43 0 0
tree 4072 4616 35 0 0
tree 4280 4632 2 0 0
lay 4616 4632 20 0 0
tree 4840 4632 41 0 0
trop 4948 4612 80 0 0
tree 5688 4616 44 0 0
tree 5912 4632 19 0 0
tree 5944 4632 13 0 0
tree 5976 4632 27 0 0
tree 5960 4632 57 0 0
tree 5960 4616 43 0 0
tree 6280 4616 11 0 0
tree 6344 4616 2 0 0
tree 6504 4616 56 0 0
tree 6712 4632 41 0 0
tree 6760 4616 33 1 0
tree 6760 4632 33 1 0
stand 6776 4632 18 0 0
stand 6936 4632 18 0 0
tree 6952 4616 56 0 0
tree 184 4648 33 0 0
tree 216 4664 37 1 0
tree 248 4648 3 1 0
tree 376 4664 26 1 0
tree 360 4648 1 0 0
trop 596 4660 48 0 0
tree 728 4648 41 0 0
tree 840 4664 56 0 0
tree 1112 4664 3 1 0
tree 1144 4664 33 0 0
tree 1160 4664 48 0 0
tree 1192 4664 3 1 0
tree 1192 4648 3 1 0
tree 1208 4648 3 1 0
tree 1224 4648 3 1 0
tree 1272 4664 3 1 0
tree 1288 4664 3 1 0
tree 1304 4664 3 1 0
trop 1756 4668 89 0 0
tree 1896 4648 13 0 0
tree 2456 4664 57 0 0
tree 2456 4648 59 0 0
tree 2472 4648 2 0 0
zabor 2960 4656 105 2 8
lay 3224 4648 9 0 0
cliff 3264 4640 41 179 179
cliff 3328 4640 17 179 179
tree 3432 4664 19 0 0
fre 3772 4660 29 179 179
tree 3960 4648 33 0 0
tree 3976 4664 41 0 0
tree 4024 4648 51 0 0
trop 4180 4652 76 0 0
tree 4840 4664 33 0 0
trop 5412 4652 77 0 0
tree 5528 4664 4 0 0
tree 5576 4648 19 0 0
tree 5880 4648 4 0 0
tree 5976 4648 35 0 0
tree 5992 4648 58 0 0
tree 6248 4664 44 0 0
tree 6632 4664 27 0 0
tree 6680 4648 41 0 0
tree 6728 4648 48 0 0
tree 184 4696 48 0 0
tree 376 4696 49 1 0
tree 392 4696 36 1 0
tree 856 4680 33 0 0
tree 1144 4680 3 1 0
tree 1160 4680 56 0 0
tree 1192 4696 1 0 0
tree 1288 4680 3 1 0
tree 1304 4680 3 1 0
tree 1320 4680 3 1 0
tree 1336 4696 3 1 0
tree 2424 4696 51 0 0
tree 2440 4680 11 0 0
tree 2456 4680 27 0 0
cliff 2496 4672 3 179 179
cliff 2560 4672 49 179 179
lay 2728 4696 5 0 0
vor 2908 4676 25 0 0
zabor 2960 4688 104 2 8
vor 3036 4692 40 0 0
cliff 3264 4672 40 179 179
tree 3960 4696 35 0 0
tree 3960 4680 57 0 0
tree 4280 4680 2 0 0
tree 4840 4680 41 0 0
trop 4948 4676 82 0 0
tree 5240 4696 21 0 0
tree 5256 4696 44 0 0
tree 5304 4696 2 0 0
tree 5528 4680 21 0 0
tree 5528 4696 59 0 0
tree 5544 4696 19 0 0
tree 5560 4696 44 0 0
tree 5576 4680 59 0 0
tree 5864 4696 48 0 0
tree 5864 4680 2 0 0
trop 6092 4692 122 0 0
stand 6136 4696 18 0 0
trop 6844 4700 104 0 0
trop 6844 4676 104 0 0
trop 6932 4684 79 0 0
trop 7012 4684 78 0 0
trop 7084 4684 79 0 0
trop 7140 4684 84 0 0
trop 7236 4684 85 0 0
tree 184 4728 1 0 0
tree 200 4728 41 0 0
tree 296 4728 49 1 0
tree 296 4712 26 1 0
tree 392 4712 28 1 0
tree 408 4712 17 1 0
tree 504 4728 33 0 0
tree 520 4728 1 0 0
tree 1016 4728 48 0 0
tree 1000 4728 33 0 0
tree 1176 4712 3 1 0
tree 1192 4728 56 0 0
tree 1304 4712 48 0 0
tree 1320 4728 33 0 0
tree 1400 4728 3 1 0
lay 2504 4712 3 0 0
vor 2924 4708 17 0 0
zabor 2960 4720 104 2 8
stand 3048 4728 104 0 0
cliff 3296 4704 35 179 179
tree 3752 4728 4 0 0
tree 4088 4712 13 0 0
trop 4180 4724 77 0 0
tree 4312 4712 58 0 0
tree 4728 4728 1 0 0
tree 4744 4728 48 0 0
tree 5208 4728 11 0 0
tree 5240 4712 19 0 0
tree 5256 4728 50 0 0
tree 5256 4712 57 0 0
tree 5288 4712 11 0 0
tree 5304 4712 11 0 0
trop 5412 4732 76 0 0
tree 5560 4728 59 0 0
tree 5544 4712 35 0 0
tree 5864 4712 35 0 0
tree 200 4744 48 0 0
lay 296 4760 1 0 0
tree 312 4744 28 1 0
tree 328 4744 52 1 0
tree 328 4760 9 1 0
tree 408 4760 17 1 0
lay 440 4744 1 0 0
tree 424 4760 20 1 0
tree 504 4744 48 0 0
trop 596 4740 48 0 0
tree 728 4760 48 0 0
tree 984 4760 41 0 0
tree 1288 4744 41 0 0
tree 1336 4760 1 0 0
tree 1384 4744 3 1 0
tree 1400 4744 3 1 0
trop 1916 4740 88 0 0
tree 1992 4760 44 0 0
cliff 2464 4736 2 179 179
zabor 2960 4752 105 2 8
stand 3000 4744 104 0 0
cliff 3328 4736 32 179 179
tree 3528 4744 50 0 179
tree 3752 4760 2 0 0
tree 4280 4744 51 0 0
tree 4552 4760 59 0 0
tree 4568 4760 59 0 0
tree 4600 4760 11 0 0
tree 4632 4760 27 0 0
tree 4760 4760 33 0 0
tree 4744 4744 48 0 0
tree 4792 4760 41 0 0
tree 4808 4760 33 0 0
trop 4948 4748 77 0 0
tree 5048 4744 35 0 0
tree 5064 4744 35 0 0
tree 5208 4760 51 0 0
tree 5192 4744 21 0 0
cliff 5312 4736 6 179 179
dom 5472 4736 48 0 0
tree 5592 4744 57 0 0
tree 5640 4744 13 0 0
tree 5688 4760 35 0 0
tree 5672 4744 41 0 0
tree 5720 4760 57 0 0
dom 6752 4736 53 0 0
trop 6852 4756 77 0 0
stand 6888 4760 65 0 0
dom 6912 4736 49 0 0
tree 7352 4760 33 1 0
tree 200 4792 41 0 0
tree 344 4792 36 1 0
tree 392 4776 60 1 0
tree 424 4792 36 1 0
tree 744 4776 56 0 0
tree 1160 4792 56 0 0
tree 1320 4776 41 0 0
tree 1352 4792 48 0 0
tree 1432 4776 3 1 0
tree 1432 4792 3 1 0
tree 1464 4792 3 1 0
tree 1448 4776 3 1 0
tree 1656 4792 27 0 0
tree 1992 4776 59 0 0
tree 2008 4792 27 0 0
tree 2392 4792 57 0 0
cliff 2432 4768 7 179 179
trop 2692 4788 22 0 0
zabor 2960 4784 104 2 8
tree 3432 4792 59 0 0
tree 3736 4792 4 0 0
tree 3736 4776 51 0 0
tree 3752 4776 50 0 0
tree 3928 4792 11 0 0
tree 3928 4776 2 0 0
dom 4032 4768 49 0 0
tree 4344 4776 35 0 0
tree 4376 4792 19 0 0
tree 4536 4776 59 0 0
tree 4632 4776 57 0 0
tree 4648 4776 44 0 0
stand 4888 4792 19 0 0
tree 5048 4792 21 0 0
tree 5048 4776 27 0 0
tree 5064 4776 35 0 0
tree 5192 4776 57 0 0
tree 5192 4792 51 0 0
cliff 5280 4768 4 179 179
tree 5688 4792 13 0 0
tree 5704 4776 43 0 0
tree 5720 4776 41 0 0
tree 5880 4792 57 0 0
tree 7096 4792 12 0 0
tree 7128 4792 29 0 0
tree 7160 4792 3 0 0
tree 7256 4792 12 0 0
tree 7272 4792 28 0 0
tree 7304 4792 26 0 0
tree 7304 4776 60 0 0
tree 7320 4792 9 0 0
tree 7336 4776 28 0 0
tree 7352 4792 29 0 0
tree 7368 4776 33 1 0
tree 7384 4792 33 1 0
tree 200 4808 26 1 0
tree 216 4808 60 1 0
tree 216 4824 3 1 0
tree 312 4808 0 0 0
lay 328 4808 1 0 0
trop 596 4820 48 0 0
tree 696 4824 1 0 0
tree 1016 4808 56 0 0
tree 1080 4824 41 0 0
tree 1176 4808 33 0 0
tree 1272 4808 33 0 0
tree 1304 4824 41 0 0
tree 1304 4808 1 0 0
tree 1320 4808 56 0 0
tree 1416 4824 3 1 0
tree 1464 4808 3 1 0
tree 1464 4824 3 1 0
tree 1672 4808 41 0 0
tree 1688 4824 33 0 0
tree 1704 4808 19 0 0
tree 1736 4808 35 0 0
tree 1752 4824 44 0 0
tree 1736 4824 4 0 0
tree 1784 4824 50 0 0
trop 1924 4828 77 0 0
tree 2008 4808 58 0 0
tree 2392 4808 4 0 0
tree 2392 4824 2 0 0
vor 2940 4828 40 0 0
zabor 2960 4816 105 2 8
stand 3000 4824 104 0 0
stand 3032 4808 104 0 0
vor 3348 4828 40 0 0
tree 3464 4824 58 0 0
tree 3560 4808 60 0 179
tree 3912 4808 48 0 0
tree 3928 4808 4 0 0
tree 3944 4824 43 0 0
trop 4180 4812 76 0 0
tree 4280 4824 57 0 0
tree 4456 4808 35 0 0
tree 4856 4808 1 0 0
tree 4840 4824 41 0 0
trop 4948 4828 76 0 0
tree 5608 4824 11 0 0
tree 5640 4824 13 0 0
tree 5656 4824 44 0 0
tree 5672 4824 58 0 0
tree 5688 4808 48 0 0
tree 5848 4808 48 0 0
tree 5864 4808 35 0 0
tree 6280 4824 11 0 0
tree 6632 4824 13 0 0
tree 7096 4808 28 0 0
tree 7176 4824 43 0 0
tree 7176 4808 57 0 0
tree 7256 4808 33 1 0
tree 7272 4824 33 1 0
tree 7288 4808 35 0 0
tree 7320 4824 33 1 0
tree 7320 4808 21 0 0
tree 7336 4808 19 0 0
tree 7368 4808 33 1 0
tree 7416 4824 33 1 0
tree 7400 4808 33 1 0
tree 312 4840 56 0 0
tree 936 4856 3 1 0
tree 984 4856 3 1 0
tree 1000 4840 3 1 0
tree 1032 4856 3 1 0
tree 1048 4840 3 1 0
tree 1208 4840 56 0 179
tree 1240 4856 34 0 179
tree 1368 4840 41 0 0
tree 1368 4856 33 0 0
tree 1416 4856 56 0 0
tree 1736 4840 50 0 0
tree 1736 4856 35 0 0
tree 1784 4856 41 0 0
tree 1768 4840 2 0 0
tree 1800 4840 21 0 0
tree 1800 4856 13 0 0
tree 2664 4856 41 0 0
zabor 2960 4848 105 2 8
tree 4056 4856 41 0 0
tree 4296 4840 21 0 0
tree 4456 4856 27 0 0
tree 4456 4840 27 0 0
trop 4612 4852 93 0 0
tree 4744 4840 43 0 0
tree 5192 4840 59 0 0
cliff 5248 4832 3 179 179
lay 5288 4840 2 0 0
trop 5444 4844 89 0 0
tree 5624 4856 58 0 0
tree 5608 4840 2 0 0
tree 5640 4856 13 0 0
tree 5656 4856 43 0 0
tree 5672 4856 19 0 0
tree 5672 4840 19 0 0
tree 6232 4856 27 0 0
trop 6852 4836 76 0 0
tree 7144 4840 17 0 0
tree 7272 4840 33 1 0
tree 7272 4856 33 1 0
tree 7304 4840 33 1 0
tree 7304 4856 33 1 0
tree 7448 4840 33 1 0
tree 7432 4840 33 1 0
tree 7480 4856 33 1 0
tree 264 4872 18 1 0
tree 296 4872 28 1 0
tree 312 4872 1 0 0
stand 584 4872 22 0 0
tree 920 4888 3 1 0
tree 1016 4888 3 1 0
tree 1016 4872 3 1 0
tree 1032 4888 3 1 0
tree 1032 4872 3 1 0
tree 1080 4888 3 1 0
tree 1176 4888 19 0 179
tree 1160 4888 3 1 0
tree 1208 4872 36 0 179
tree 1240 4872 43 0 179
tree 1368 4872 33 0 0
tree 1400 4888 48 0 0
tree 1736 4888 59 0 0
tree 1816 4872 19 0 0
tree 2040 4872 43 0 0
zabor 2960 4880 104 2 8
stand 3016 4872 104 0 0
vor 3084 4876 16 0 0
tree 4056 4872 11 0 0
trop 4180 4884 77 0 0
tree 4376 4872 19 0 0
trop 4716 4892 88 0 0
trop 4948 4892 77 0 0
tree 5032 4888 19 0 0
tree 5080 4872 57 0 0
tree 5080 4888 58 0 0
tree 5144 4872 50 0 0
tree 5192 4888 43 0 0
tree 5656 4872 43 0 0
tree 5672 4888 57 0 0
tree 5832 4888 41 0 0
tree 6232 4872 27 0 0
tree 6664 4888 59 0 0
tree 6680 4872 13 0 0
tree 6696 4872 4 0 0
tree 6936 4888 20 0 0
tree 7192 4872 33 1 0
tree 7224 4872 60 0 0
tree 7224 4888 43 0 0
tree 7240 4888 50 0 0
tree 7464 4888 57 0 0
tree 776 4904 41 0 0
tree 984 4920 3 1 0
tree 984 4904 3 1 0
tree 968 4920 3 1 0
tree 1016 4920 3 1 0
tree 1016 4904 3 1 0
tree 1048 4904 3 1 0
tree 1032 4904 3 1 0
tree 1096 4920 3 1 0
tree 1112 4904 3 1 0
tree 1112 4920 3 1 0
tree 1144 4904 41 0 0
tree 1176 4904 3 1 0
tree 1368 4904 33 0 0
tree 1352 4920 33 0 0
tree 1400 4920 58 0 0
tree 1400 4904 56 0 0
tree 1480 4920 11 0 0
tree 1752 4904 27 0 0
trop 1924 4908 76 0 0
tree 2648 4904 41 0 0
tree 2664 4920 1 0 0
tree 2680 4920 41 0 0
dom 2720 4896 108 0 179
tree 2744 4920 1 0 0
trop 4556 4908 92 0 0
dom 4832 4896 54 0 0
tree 5080 4904 4 0 0
tree 5192 4904 44 0 0
trop 5604 4916 88 0 0
tree 5704 4904 50 0 0
tree 5736 4920 44 0 0
tree 5848 4920 13 0 0
tree 6008 4920 21 0 0
tree 6024 4904 50 0 0
tree 6424 4920 11 0 0
tree 6568 4920 43 0 0
tree 6584 4904 11 0 0
trop 6852 4908 77 0 0
tree 6952 4904 37 0 0
tree 6952 4920 20 0 0
tree 7144 4920 12 0 0
tree 7160 4920 18 0 0
tree 7224 4920 33 1 0
tree 7256 4904 35 0 0
tree 7256 4920 18 0 0
tree 7288 4904 29 0 0
tree 7272 4904 19 0 0
tree 7304 4904 18 0 0
tree 7400 4920 59 0 0
tree 7432 4920 27 0 0
tree 7464 4920 35 0 0
tree 520 4952 1 0 0
tree 728 4936 48 0 0
tree 760 4952 48 0 0
tree 744 4952 33 0 0
tree 920 4936 3 1 0
tree 920 4952 3 1 0
tree 936 4952 3 1 0
tree 1000 4952 3 1 0
tree 1000 4936 3 1 0
tree 1080 4936 3 1 0
tree 1064 4952 3 1 0
tree 1096 4952 3 1 0
tree 1144 4952 3 1 0
tree 1144 4936 3 1 0
tree 1160 4936 3 1 0
tree 1176 4936 1 0 0
tree 1192 4936 56 0 0
tree 1224 4936 56 0 0
tree 1256 4952 1 0 0
tree 1384 4952 3 1 0
tree 1400 4952 3 1 0
tree 1400 4936 3 1 0
tree 1416 4952 3 1 0
tree 1432 4936 33 0 0
tree 1416 4936 48 0 0
tree 1464 4936 3 1 0
tree 1496 4936 33 0 0
tree 1512 4952 1 0 0
tree 1784 4936 57 0 0
tree 1784 4952 1 0 0
stand 1864 4952 18 0 0
tree 2024 4952 58 0 0
tree 2616 4952 41 0 0
tree 2680 4936 56 0 0
tree 2680 4952 41 0 0
tree 2712 4952 48 0 0
tree 2728 4936 56 0 0
tree 2840 4952 33 0 0
tree 2840 4936 48 0 0
tree 2824 4936 1 0 0
dom 4096 4928 55 0 0
dom 4256 4928 53 0 0
stand 4312 4952 64 0 179
dom 4352 4928 52 0 0
dom 4480 4928 55 0 0
tree 5016 4952 19 0 0
cliff 5280 4928 11 179 179
tree 5416 4952 27 0 0
stand 5544 4952 18 0 0
tree 5736 4936 27 0 0
tree 6008 4952 50 0 0
tree 6008 4936 13 0 0
tree 6024 4952 56 0 0
tree 6344 4936 35 0 0
tree 6392 4936 51 0 0
tree 6408 4936 43 0 0
tree 6408 4952 11 0 0
tree 6584 4936 59 0 0
tree 6568 4936 44 0 0
tree 6616 4936 4 0 0
tree 6600 4936 1 0 0
tree 6952 4936 12 0 0
tree 7064 4952 52 0 0
tree 7064 4936 49 0 0
tree 7096 4952 50 0 0
tree 7080 4936 50 0 0
tree 7160 4936 2 0 0
tree 7176 4936 49 0 0
tree 7256 4936 33 1 0
tree 7272 4936 33 1 0
tree 7304 4936 33 1 0
tree 7352 4936 33 1 0
tree 7384 4936 57 0 0
tree 7400 4936 57 0 0
tree 7448 4952 33 1 0
tree 7432 4952 33 1 0
tree 7480 4952 13 0 0
tree 7496 4936 4 0 0
tree 680 4984 41 0 0
tree 728 4968 41 0 0
tree 744 4984 1 0 0
tree 856 4968 56 0 0
tree 872 4984 1 0 0
tree 920 4968 3 1 0
tree 984 4968 3 1 0
tree 1032 4984 3 1 0
tree 1048 4968 3 1 0
tree 1080 4984 3 1 0
tree 1080 4968 3 1 0
tree 1112 4968 3 1 0
tree 1144 4968 3 1 0
tree 1128 4984 3 1 0
tree 1176 4984 3 1 0
tree 1160 4984 3 1 0
tree 1208 4968 3 1 0
tree 1288 4984 41 0 0
tree 1320 4984 48 0 0
tree 1352 4968 3 1 0
tree 1400 4968 3 1 0
tree 1448 4968 3 1 0
tree 1480 4984 3 1 0
tree 1528 4984 3 1 0
tree 1528 4968 41 0 0
trop 1924 4972 77 0 0
zabor 2000 4976 105 2 8
zabor 2032 4976 105 2 8
zabor 2064 4976 105 2 8
tree 2616 4968 41 0 0
tree 2632 4968 1 0 0
tree 2648 4968 41 0 0
tree 2648 4984 33 0 0
tree 2696 4968 48 0 0
tree 2712 4968 33 0 0
tree 3064 4984 33 0 0
tree 3320 4968 41 0 0
trop 4180 4964 76 0 0
trop 4564 4964 76 0 0
dom 4608 4960 50 0 0
trop 4724 4980 77 0 0
tree 4872 4984 43 0 0
trop 4948 4980 76 0 0
tree 5048 4968 44 0 0
tree 5432 4984 2 0 0
tree 5464 4984 2 0 0
tree 5448 4968 50 0 0
tree 5448 4984 58 0 0
lay 5528 4984 3 0 0
tree 5704 4984 1 0 0
tree 5720 4968 51 0 0
tree 6040 4968 1 0 0
tree 6360 4984 27 0 0
tree 6376 4968 58 0 0
tree 6440 4968 41 0 0
tree 6536 4984 27 0 0
tree 6552 4984 21 0 0
tree 6552 4968 48 0 0
trop 6852 4988 76 0 0
tree 6952 4968 25 0 0
tree 7048 4968 59 0 0
tree 7064 4968 43 0 0
tree 7080 4984 51 0 0
tree 7096 4968 13 0 0
zabor 7152 4976 27 0 8
zabor 7184 4976 29 0 8
zabor 7216 4976 26 0 8
zabor 7248 4976 29 0 8
stand 7256 4984 0 1 0
zabor 7280 4976 26 0 8
zabor 7312 4976 26 0 8
zabor 7344 4976 26 0 8
zabor 7376 4976 24 0 8
zabor 7408 4976 29 0 8
tree 696 5000 1 0 0
tree 840 5000 56 0 0
tree 872 5016 33 0 0
tree 952 5016 48 0 0
tree 1000 5016 41 0 0
tree 1048 5016 41 0 0
tree 1192 5000 3 1 0
tree 1288 5000 56 0 0
tree 1304 5000 48 0 0
tree 1320 5016 56 0 0
tree 1320 5000 44 0 0
tree 1448 5016 3 1 0
tree 1464 5016 3 1 0
tree 1528 5000 3 1 0
tree 1528 5016 3 1 0
tree 1512 5000 3 1 0
tree 1544 5016 3 1 0
tree 1544 5000 13 0 0
zabor 2064 5008 105 2 8
trop 2468 5004 22 0 0
tree 2552 5000 17 0 179
tree 2568 5000 20 0 179
tree 2616 5016 48 0 0
tree 2648 5000 1 0 0
tree 2792 5016 1 0 0
tree 2824 5000 1 0 0
tree 2840 5000 41 0 0
tree 2856 5000 33 0 0
tree 3048 5016 1 0 0
tree 3048 5000 33 0 0
tree 3064 5000 1 0 0
tree 3080 5000 41 0 0
tree 3320 5000 33 0 0
tree 3512 5016 13 0 0
tree 3496 5016 44 0 0
tree 4056 5016 4 0 0
trop 4572 5012 103 0 0
trop 4724 4996 76 0 0
lay 5304 5000 7 0 0
tree 5496 5016 43 0 0
tree 5496 5000 27 0 0
tree 5480 5000 57 0 0
trop 5612 5004 77 0 0
tree 5704 5016 58 0 0
tree 5704 5000 21 0 0
tree 5976 5016 1 0 0
tree 6296 5016 43 0 0
tree 6488 5016 58 0 0
tree 6504 5016 58 0 0
tree 6520 5000 35 0 0
tree 6536 5000 13 0 0
tree 6536 5016 11 0 0
tree 6760 5016 58 0 0
zabor 7152 5008 26 0 8
stand 7192 5016 0 1 0
stand 7240 5016 0 1 0
stand 7304 5000 0 1 0
stand 7336 5016 0 1 0
stand 7384 5016 0 1 0
stand 7416 5000 0 1 0
tree 856 5048 56 0 0
tree 856 5032 41 0 0
tree 888 5048 41 0 0
tree 872 5032 41 0 0
tree 904 5032 41 0 0
tree 1064 5048 33 0 0
tree 1064 5032 48 0 0
tree 1304 5048 4 0 0
tree 1320 5048 3 1 0
tree 1320 5032 4 0 0
tree 1336 5048 21 0 0
tree 1352 5048 19 0 0
tree 1368 5032 1 0 0
tree 1512 5032 3 1 0
tree 1544 5032 3 1 0
tree 1544 5048 3 1 0
tree 1592 5048 3 1 0
tree 2008 5032 27 0 0
zabor 2064 5040 105 2 8
tree 2600 5048 17 0 179
tree 2952 5032 1 0 0
tree 2968 5032 33 0 0
tree 2968 5048 41 0 0
tree 2984 5032 1 0 0
tree 3512 5032 35 0 0
tree 3544 5048 27 0 0
tree 3528 5048 59 0 0
tree 4072 5032 51 0 0
trop 4172 5044 104 0 0
trop 4260 5036 79 0 0
trop 4332 5036 78 0 0
trop 4412 5036 79 0 0
trop 4492 5036 78 0 0
dom 4832 5024 53 0 0
trop 4948 5052 77 0 0
tree 5112 5048 58 0 0
tree 5096 5048 11 0 0
cliff 5280 5024 9 179 179
tree 5480 5048 44 0 0
tree 5832 5032 35 0 0
tree 5880 5048 44 0 0
tree 5992 5048 27 0 0
tree 6024 5048 27 0 0
tree 6056 5048 11 0 0
tree 6072 5048 43 0 0
tree 6088 5032 19 0 0
tree 6168 5032 21 0 0
tree 6216 5048 58 0 0
tree 6280 5032 48 0 0
tree 6296 5048 48 0 0
tree 6312 5032 44 0 0
tree 6536 5048 33 0 0
tree 7000 5048 25 0 0
tree 7032 5048 26 0 0
tree 7064 5048 17 0 0
tree 7080 5048 58 0 0
zabor 7152 5040 27 0 8
stand 7224 5048 0 1 0
stand 7256 5048 0 1 179
stand 7304 5048 0 0 179
stand 7368 5032 0 1 179
stand 7448 5032 0 1 0
stand 7432 5048 0 1 0
tree 872 5064 48 0 0
tree 1080 5080 1 0 0
tree 1064 5064 48 0 0
tree 1096 5080 1 0 0
tree 1192 5080 41 0 0
tree 1224 5064 33 0 0
tree 1304 5064 3 1 0
tree 1288 5080 35 0 0
tree 1320 5064 3 1 0
tree 1336 5064 51 0 0
tree 1416 5064 2 0 0
tree 1464 5080 57 0 0
tree 1576 5080 3 1 0
tree 1592 5064 3 1 0
tree 1592 5080 3 1 0
tree 1608 5080 3 1 0
tree 1800 5080 1 0 0
trop 1924 5060 76 0 0
tree 2008 5080 13 0 0
tree 1992 5080 13 0 0
zabor 2064 5072 104 2 8
tree 2488 5080 48 0 0
tree 2584 5080 4 0 179
tree 2568 5080 13 0 179
dom 2560 5056 109 0 179
tree 2600 5064 51 0 179
tree 2600 5080 0 0 179
tree 2664 5080 41 0 0
tree 2680 5080 41 0 0
tree 2680 5064 1 0 0
tree 2904 5080 56 0 0
tree 2888 5064 41 0 0
tree 2968 5080 33 0 0
tree 3208 5064 41 0 0
tree 3544 5064 2 0 0
tree 3576 5064 50 0 179
tree 3608 5080 35 0 179
tree 4024 5064 2 0 0
tree 4008 5080 50 0 0
tree 4056 5064 4 0 0
trop 4572 5068 103 0 0
trop 4724 5068 76 0 0
cliff 5248 5056 1 179 179
tree 5464 5064 11 0 0
tree 5480 5080 35 0 0
trop 5612 5084 76 0 0
tree 5752 5080 33 0 0
tree 5752 5064 21 0 0
tree 5768 5080 58 0 0
tree 5848 5064 1 0 0
tree 5864 5064 4 0 0
tree 5880 5064 56 0 0
tree 5880 5080 27 0 0
tree 5976 5064 58 0 0
tree 5960 5080 27 0 0
tree 5976 5080 50 0 0
stand 6360 5064 18 0 0
tree 6552 5064 13 0 0
tree 6536 5064 48 0 0
dom 6656 5056 47 0 0
stand 6728 5080 11 0 0
trop 6844 5076 91 0 0
tree 6936 5064 37 0 0
tree 6936 5080 9 0 0
tree 6984 5064 12 0 0
tree 7032 5080 26 0 0
tree 7048 5064 12 0 0
tree 7064 5064 49 0 0
stand 7128 5064 141 0 179
zabor 7152 5072 31 0 8
stand 7176 5064 0 1 0
stand 7224 5080 0 1 0
stand 7208 5064 0 1 0
stand 7256 5080 0 1 0
stand 7320 5064 0 0 179
stand 7320 5080 0 1 0
stand 7304 5080 0 1 0
stand 7336 5080 0 0 179
stand 7352 5080 0 1 0
stand 7368 5080 0 1 0
stand 7384 5080 0 1 0
stand 7432 5064 0 1 0
stand 7480 5064 0 1 0
tree 7576 5080 50 0 0
tree 1096 5096 56 0 0
tree 1112 5096 41 0 0
tree 1128 5112 1 0 0
tree 1144 5112 41 0 0
tree 1128 5096 56 0 0
tree 1160 5096 56 0 0
tree 1256 5096 57 0 0
tree 1272 5096 44 0 0
tree 1320 5096 3 1 0
tree 1352 5112 3 1 0
tree 1368 5112 3 1 0
tree 1448 5096 33 0 0
tree 1464 5112 58 0 0
tree 1448 5112 19 0 0
tree 1480 5112 57 0 0
tree 1608 5096 3 1 0
zabor 2064 5104 104 2 8
tree 2504 5096 16 0 179
tree 2520 5096 0 0 179
tree 2536 5096 1 0 179
tree 3576 5096 37 0 179
tree 3624 5096 57 0 179
tree 3752 5112 2 0 0
tree 3752 5096 43 0 0
tree 3768 5112 44 0 0
tree 3976 5112 43 0 0
tree 3992 5112 50 0 0
tree 3992 5096 58 0 0
trop 4180 5100 77 0 0
trop 4260 5116 100 0 0
stand 4264 5112 120 0 179
trop 4308 5108 111 0 0
dom 4352 5088 23 0 0
trop 4428 5108 111 0 0
trop 4428 5116 111 0 0
dom 4608 5088 51 0 0
tree 4872 5112 58 0 0
tree 5096 5112 59 0 0
tree 5112 5112 27 0 0
cliff 5216 5088 2 179 179
lay 5304 5112 5 0 0
tree 5752 5112 27 0 0
tree 5736 5112 21 0 0
tree 5752 5096 50 0 0
tree 5864 5096 11 0 0
tree 5944 5112 11 0 0
tree 5960 5096 2 0 0
tree 6984 5096 52 0 0
tree 7000 5112 9 0 0
tree 7000 5096 60 0 0
tree 7016 5096 12 0 0
tree 7032 5112 3 0 0
tree 7048 5096 25 0 0
zabor 7152 5104 25 0 8
stand 7160 5112 0 1 0
stand 7208 5112 0 0 179
stand 7256 5096 0 0 179
stand 7272 5112 0 0 179
stand 7352 5096 0 0 179
stand 7368 5112 0 0 179
stand 7384 5112 0 1 0
stand 7416 5096 0 1 0
tree 7560 5112 43 0 0
tree 7560 5096 57 0 0
tree 1160 5128 41 0 0
tree 1352 5128 3 1 0
tree 1368 5128 3 1 0
tree 1400 5144 3 1 0
tree 1400 5128 3 1 0
tree 1432 5128 3 1 0
tree 1800 5128 1 0 0
trop 1916 5132 104 0 0
trop 1972 5124 74 0 0
trop 1972 5148 74 0 0
trop 1980 5140 74 0 0
trop 1996 5124 74 0 0
trop 1988 5124 74 0 0
tree 3320 5128 56 0 0
tree 3736 5128 48 0 0
tree 3768 5144 2 0 0
tree 3752 5128 11 0 0
tree 3784 5128 4 0 0
tree 3784 5144 33 0 0
trop 4180 5132 76 0 0
trop 4308 5148 111 0 0
dom 4448 5120 19 0 0
trop 4564 5132 76 0 0
trop 4724 5140 76 0 0
trop 4948 5132 76 0 0
tree 5080 5144 51 0 0
tree 5080 5128 13 0 0
cliff 5184 5120 0 179 179
tree 5400 5144 44 0 0
tree 5416 5144 50 0 0
tree 5416 5128 59 0 0
tree 5464 5144 44 0 0
tree 5752 5144 58 0 0
tree 5736 5144 11 0 0
tree 5736 5128 2 0 0
tree 5944 5128 19 0 0
trop 6116 5140 93 0 0
trop 6188 5140 79 0 0
trop 6268 5140 78 0 0
trop 6348 5140 79 0 0
trop 6420 5140 78 0 0
trop 6500 5140 79 0 0
trop 6572 5140 78 0 0
trop 6644 5140 79 0 0
trop 6716 5140 78 0 0
trop 6796 5132 90 0 0
tree 7096 5144 33 1 0
tree 7080 5144 17 0 0
zabor 7152 5136 25 0 8
stand 7192 5144 0 0 179
stand 7192 5128 0 0 179
stand 7224 5144 0 1 179
stand 7240 5144 0 1 179
stand 7288 5128 0 0 179
stand 7272 5144 0 1 0
stand 7304 5144 0 0 179
stand 7304 5128 0 1 0
stand 7352 5144 0 0 179
stand 7384 5128 0 0 179
stand 7384 5144 0 0 179
stand 7368 5144 0 0 179
stand 7400 5144 0 0 179
stand 7448 5128 0 1 0
stand 7464 5128 0 1 0
trop 908 5156 0 0 0
tree 1432 5176 3 1 0
tree 1464 5160 4 0 0
tree 1448 5160 35 0 0
tree 1480 5176 3 1 0
tree 1496 5176 3 1 0
tree 1480 5160 50 0 0
tree 1528 5160 3 1 0
tree 1512 5176 3 1 0
tree 1512 5160 35 0 0
tree 1560 5160 59 0 0
tree 1592 5176 41 0 0
tree 1608 5176 4 0 0
tree 1624 5160 56 0 0
tree 1688 5176 56 0 0
tree 1768 5160 43 0 0
tree 1784 5160 57 0 0
trop 1916 5156 104 0 0
trop 2020 5156 79 0 0
trop 2076 5156 79 0 0
zabor 2064 5168 105 2 8
trop 2132 5156 79 0 0
trop 2188 5156 79 0 0
trop 2252 5156 78 0 0
trop 2324 5156 79 0 0
trop 2388 5156 78 0 0
trop 2460 5156 79 0 0
trop 2532 5156 78 0 0
trop 2604 5156 79 0 0
trop 2668 5156 78 0 0
trop 2748 5156 79 0 0
trop 2828 5156 78 0 0
trop 2908 5156 79 0 0
trop 2988 5156 78 0 0
dom 3264 5152 47 0 179
tree 3672 5160 44 0 179
tree 4264 5176 27 0 0
trop 4428 5172 111 0 0
trop 4564 5172 77 0 0
cliff 5152 5152 5 179 179
tree 5320 5160 51 0 0
tree 5448 5160 19 0 0
stand 5560 5176 116 0 0
trop 5612 5156 77 0 0
tree 5720 5160 51 0 0
tree 5704 5176 41 0 0
tree 5912 5160 50 0 0
tree 5944 5160 19 0 0
tree 5928 5160 41 0 0
tree 5960 5160 1 0 0
tree 6920 5176 25 0 0
tree 7096 5160 33 1 0
tree 7096 5176 33 1 0
tree 7080 5176 33 1 0
tree 7112 5160 33 1 0
zabor 7152 5168 25 0 8
stand 7192 5176 0 1 179
stand 7192 5160 0 0 179
stand 7208 5176 0 0 179
stand 7256 5176 0 1 179
stand 7304 5176 0 1 179
stand 7320 5160 0 0 179
stand 7352 5160 0 0 179
stand 7352 5176 0 0 179
stand 7336 5176 0 0 179
stand 7336 5160 0 1 0
stand 7384 5176 0 1 0
stand 7416 5176 0 1 0
stand 7448 5160 0 1 0
tree 1624 5208 58 0 0
tree 1608 5208 48 0 0
tree 1624 5192 44 0 0
tree 1608 5192 58 0 0
tree 1688 5192 57 0 0
tree 1672 5208 19 0 0
tree 1672 5192 58 0 0
trop 1924 5212 76 0 0
trop 1972 5188 87 0 0
zabor 2064 5200 104 2 8
trop 3116 5196 88 0 0
tree 3672 5208 11 0 179
trop 4180 5204 77 0 0
tree 4248 5208 35 0 0
trop 4308 5204 111 0 0
tree 4296 5192 60 0 179
tree 4312 5192 12 0 179
tree 4344 5192 44 0 0
tree 4360 5192 43 0 0
trop 4452 5204 109 0 0
trop 4492 5204 109 0 0
stand 4520 5208 37 0 0
trop 4644 5188 100 0 0
trop 4724 5212 76 0 0
trop 4948 5204 77 0 0
lay 5528 5208 3 0 0
tree 5688 5208 58 0 0
tree 5832 5192 41 0 0
tree 5832 5208 48 0 0
tree 6872 5208 36 0 0
tree 7032 5208 60 0 0
tree 7048 5192 9 0 0
tree 7048 5208 3 0 0
tree 7080 5192 33 1 0
tree 7080 5208 33 1 0
zabor 7152 5200 26 0 8
stand 7192 5208 0 1 179
stand 7224 5192 0 0 179
stand 7240 5208 0 0 179
stand 7320 5208 0 1 179
stand 7304 5208 0 0 179
stand 7352 5192 0 0 179
stand 7448 5208 0 1 0
stand 7480 5192 0 1 0
stand 7512 5192 0 1 0
tree 7576 5208 51 0 0
tree 7560 5192 50 0 0
dom 928 5216 108 0 179
tree 1512 5240 3 1 0
tree 1512 5224 3 1 0
tree 1656 5224 1 0 0
stand 1992 5224 116 0 0
zabor 2064 5232 104 2 8
stand 2808 5240 18 0 0
tree 2904 5240 41 0 0
tree 2888 5240 33 0 0
trop 3308 5236 22 0 0
tree 3432 5240 56 0 0
tree 3448 5240 33 0 0
tree 3464 5224 48 0 0
tree 3464 5240 41 0 0
tree 3576 5240 1 0 0
tree 3592 5240 48 0 0
tree 3592 5224 9 0 179
tree 3656 5224 11 0 179
tree 3656 5240 57 0 179
trop 4428 5228 111 0 0
trop 4644 5228 100 0 0
trop 5612 5236 76 0 0
tree 5688 5240 13 0 0
tree 5720 5224 44 0 0
trop 6036 5220 92 0 0
tree 6152 5240 11 0 0
tree 6152 5224 19 0 0
tree 6264 5240 50 0 0
tree 6280 5224 57 0 0
tree 6360 5224 50 0 0
tree 6376 5240 21 0 0
tree 6376 5224 27 0 0
tree 6488 5240 50 0 0
tree 6504 5240 35 0 0
tree 6520 5240 43 0 0
tree 6600 5224 11 0 0
tree 6616 5240 21 0 0
tree 6664 5240 59 0 0
tree 6680 5224 4 0 0
tree 6696 5224 58 0 0
tree 6792 5240 44 0 0
tree 6840 5240 13 0 0
tree 6872 5224 5 0 0
tree 7032 5224 36 0 0
tree 7032 5240 36 0 0
tree 7048 5240 25 0 0
tree 7064 5224 52 0 0
tree 7080 5224 33 1 0
zabor 7152 5232 24 0 8
stand 7208 5240 0 1 179
stand 7256 5240 0 1 179
stand 7256 5224 0 0 179
stand 7288 5224 0 0 179
stand 7272 5224 0 0 179
stand 7352 5224 0 1 179
stand 7400 5240 0 1 0
stand 7416 5240 0 1 0
stand 7480 5240 0 1 0
tree 7576 5224 21 0 0
tree 7592 5240 27 0 0
trop 1924 5276 77 0 0
zabor 2064 5264 104 2 8
tree 2680 5272 56 0 0
tree 2696 5272 33 0 0
tree 2712 5256 56 0 0
tree 2728 5272 33 0 0
tree 2904 5272 33 0 0
tree 2904 5256 33 0 0
tree 2920 5272 33 0 0
tree 2920 5256 1 0 0
tree 2936 5256 1 0 0
stand 3192 5256 140 0 179
dom 3232 5248 127 0 179
tree 3368 5272 1 0 0
tree 3448 5272 48 0 0
tree 3432 5256 56 0 0
tree 3480 5272 41 0 0
tree 3464 5272 48 0 0
tree 3512 5272 56 0 0
tree 3496 5272 48 0 0
tree 3592 5256 1 0 0
tree 3624 5272 40 0 179
tree 3672 5256 51 0 179
dom 4064 5248 18 0 0
dom 4224 5248 20 0 0
trop 4308 5260 111 0 0
dom 4320 5248 17 0 0
dom 4448 5248 19 0 0
trop 4564 5260 76 0 0
dom 4608 5248 20 0 0
stand 4680 5256 37 0 0
dom 4992 5248 17 0 0
dom 5216 5248 55 0 0
dom 5376 5248 53 0 0
trop 5612 5276 76 0 0
dom 5792 5248 55 0 0
dom 5920 5248 54 0 0
tree 6152 5272 13 0 0
tree 6248 5256 27 0 0
tree 6264 5256 43 0 0
tree 6424 5256 4 0 0
tree 6632 5256 21 0 0
tree 6632 5272 58 0 0
tree 6840 5256 43 0 0
tree 7096 5256 33 1 0
zabor 7152 5264 27 0 8
stand 7192 5272 0 1 0
stand 7176 5256 0 1 0
stand 7304 5256 0 1 179
stand 7352 5256 0 1 0
stand 7368 5272 0 1 0
stand 7400 5256 0 1 0
stand 7432 5272 0 1 0
stand 7448 5272 0 1 0
stand 7480 5256 0 1 0
stand 7528 5272 0 1 0
stand 7560 5272 0 1 0
tree 824 5304 9 0 0
tree 840 5304 40 0 0
zabor 1840 5296 104 2 8
zabor 1872 5296 105 2 8
zabor 1904 5296 105 2 8
zabor 1968 5296 105 2 8
zabor 2000 5296 104 2 8
zabor 2032 5296 104 2 8
zabor 2064 5296 104 2 8
tree 2648 5304 1 0 0
tree 2664 5304 48 0 0
tree 2680 5288 41 0 0
tree 2888 5304 41 0 0
tree 2904 5288 41 0 0
tree 3608 5288 33 0 0
stand 3944 5304 18 0 0
trop 4180 5284 76 0 0
stand 4216 5304 29 0 0
trop 4308 5284 111 0 0
trop 4428 5284 111 0 0
trop 4564 5284 76 0 0
trop 4724 5284 76 0 0
dom 4864 5280 122 0 0
trop 4948 5284 76 0 0
dom 5536 5280 123 0 0
stand 5704 5288 18 0 0
trop 6036 5292 91 0 0
tree 6136 5304 4 0 0
tree 6152 5304 21 0 0
tree 7032 5288 60 0 0
tree 7032 5304 9 0 0
tree 7016 5304 20 0 0
tree 7096 5304 33 1 0
zabor 7152 5296 25 0 8
stand 7160 5288 0 1 0
fre 7188 5300 9 179 179
fre 7228 5308 10 179 179
stand 7256 5288 0 1 0
stand 7240 5288 0 1 0
fre 7276 5308 11 179 179
stand 7304 5304 0 1 0
stand 7512 5288 0 1 0
stand 7576 5304 0 1 0
tree 792 5320 3 1 0
tree 792 5336 3 1 0
tree 856 5320 18 0 0
tree 1704 5320 40 0 0
trop 1924 5340 76 0 0
dom 2944 5312 49 0 0
trop 3156 5332 89 0 0
trop 5612 5340 100 0 0
tree 6120 5336 4 0 0
tree 6152 5320 58 0 0
tree 6392 5336 44 0 0
tree 6904 5336 27 0 0
tree 7016 5320 40 0 0
tree 7064 5336 60 0 0
tree 7080 5320 33 1 0
zabor 7152 5328 25 0 8
stand 7176 5336 0 1 0
stand 7208 5320 0 1 0
stand 7256 5336 0 1 0
stand 7320 5320 0 1 0
fre 7348 5332 13 179 179
fre 7388 5332 12 179 179
stand 7368 5320 0 1 0
stand 7416 5320 0 1 0
stand 7464 5320 0 1 0
dom 7488 5312 49 0 179
stand 7496 5320 0 1 0
stand 7528 5336 0 1 0
tree 808 5352 3 1 0
tree 856 5352 52 0 0
tree 2808 5368 56 0 0
tree 3048 5368 33 0 0
tree 3064 5368 33 0 0
trop 3268 5364 79 0 0
trop 3348 5364 78 0 0
trop 3428 5364 79 0 0
trop 3500 5364 78 0 0
trop 3580 5364 79 0 0
trop 3652 5364 78 0 0
trop 3732 5364 79 0 0
trop 3804 5364 78 0 0
trop 3884 5364 79 0 0
trop 3956 5364 78 0 0
trop 4036 5364 79 0 0
trop 4108 5364 78 0 0
trop 4180 5364 100 0 0
trop 4212 5364 100 0 0
trop 4260 5364 79 0 0
trop 4324 5364 78 0 0
trop 4404 5364 79 0 0
trop 4484 5364 78 0 0
trop 4548 5364 100 0 0
trop 4564 5364 100 0 0
trop 4556 5372 100 0 0
trop 4644 5364 79 0 0
trop 4692 5364 100 0 0
trop 4732 5364 100 0 0
trop 4804 5364 79 0 0
trop 4876 5364 78 0 0
trop 4948 5364 100 0 0
trop 5012 5364 78 0 0
trop 5068 5356 101 0 0
trop 5100 5356 101 0 0
trop 5156 5364 79 0 0
trop 5220 5364 79 0 0
trop 5276 5364 79 0 0
trop 5340 5364 79 0 0
trop 5388 5356 101 0 0
trop 5436 5356 101 0 0
trop 5500 5356 101 0 0
trop 5532 5364 79 0 0
trop 5540 5364 78 0 0
trop 5612 5372 100 0 0
trop 5684 5356 79 0 0
trop 5756 5356 78 0 0
trop 5836 5356 79 0 0
trop 5908 5356 78 0 0
trop 5988 5348 90 0 0
tree 6168 5352 19 0 0
tree 6744 5368 4 0 0
tree 7032 5368 20 0 0
tree 7016 5368 26 0 0
tree 7016 5352 5 0 0
tree 7064 5352 40 0 0
zabor 7152 5360 30 0 8
stand 7208 5368 0 1 0
stand 7272 5368 16 1 179
stand 7288 5352 0 1 179
stand 7304 5368 0 1 0
stand 7352 5368 0 1 0
stand 7384 5368 0 1 0
stand 7400 5368 0 1 179
stand 7432 5352 0 1 0
stand 7496 5368 0 1 0
stand 7512 5368 0 1 0
stand 7576 5368 0 1 0
tree 7656 5368 51 0 0
tree 7672 5368 19 0 0
tree 920 5400 33 0 0
tree 952 5384 50 0 0
tree 968 5400 27 0 0
tree 1720 5384 12 0 0
tree 1720 5400 49 0 0
trop 1924 5396 77 0 0
tree 2616 5384 41 0 0
tree 2632 5400 41 0 0
tree 2664 5384 48 0 0
tree 2696 5384 1 0 0
tree 2712 5400 48 0 0
tree 2728 5384 33 0 0
tree 2728 5400 41 0 0
tree 2776 5400 41 0 0
tree 2808 5400 41 0 0
tree 2808 5384 41 0 0
tree 2840 5400 41 0 0
tree 3032 5400 33 0 0
stand 5032 5400 21 0 0
stand 5144 5400 129 0 179
stand 6072 5384 18 0 0
tree 6536 5400 43 0 0
tree 6616 5400 27 0 0
zabor 6704 5392 105 2 8
zabor 6736 5392 104 2 8
tree 6760 5400 19 0 0
tree 7096 5400 60 0 0
zabor 7152 5392 30 0 8
stand 7192 5384 8 1 179
stand 7192 5400 0 1 179
stand 7176 5400 0 1 0
stand 7240 5384 0 1 179
stand 7272 5400 0 1 0
stand 7416 5400 16 1 179
stand 7448 5384 0 1 179
stand 7560 5384 0 1 0
tree 664 5416 25 0 0
tree 696 5432 57 0 0
tree 696 5416 25 0 0
tree 680 5432 52 0 0
tree 680 5416 2 0 0
tree 728 5432 3 1 0
tree 712 5432 3 1 0
tree 712 5416 37 0 0
tree 920 5432 57 0 0
tree 952 5432 48 0 0
tree 936 5416 58 0 0
tree 984 5432 11 0 0
tree 984 5416 28 0 0
tree 968 5416 44 0 0
tree 1000 5432 52 0 0
tree 1016 5432 37 0 0
tree 1016 5416 56 0 0
tree 1720 5416 37 0 0
stand 2072 5432 18 0 0
tree 2808 5432 56 0 0
tree 2872 5432 41 0 0
tree 2872 5416 41 0 0
tree 2856 5416 56 0 0
tree 2888 5416 33 0 0
tree 2968 5432 41 0 0
tree 3000 5432 56 0 0
tree 3016 5432 33 0 0
zabor 3696 5424 28 0 8
dom 4064 5408 48 0 0
trop 4188 5428 77 0 0
trop 4564 5428 77 0 0
trop 4724 5428 77 0 0
dom 4768 5408 20 0 0
trop 5076 5436 77 0 0
trop 5076 5428 77 0 0
trop 5356 5436 72 0 0
trop 5452 5428 77 0 0
trop 5612 5428 77 0 0
tree 5672 5432 19 0 0
tree 6040 5432 11 0 0
tree 6056 5432 13 0 0
tree 6088 5432 58 0 0
tree 6104 5432 11 0 0
tree 6120 5432 27 0 0
tree 6136 5432 13 0 0
tree 6152 5432 35 0 0
tree 6168 5416 13 0 0
tree 6264 5432 35 0 0
tree 6280 5432 35 0 0
tree 6408 5416 59 0 0
zabor 6448 5424 105 2 8
zabor 6480 5424 104 2 8
zabor 6512 5424 104 2 8
zabor 6544 5424 105 2 8
zabor 6576 5424 105 2 8
zabor 6608 5424 104 2 8
tree 6616 5416 19 0 0
tree 6616 5432 33 0 0
zabor 6640 5424 105 2 8
zabor 6672 5424 105 2 8
tree 6664 5416 51 0 0
zabor 6704 5424 104 2 8
tree 6744 5416 59 0 0
tree 6856 5432 21 0 0
tree 7096 5416 26 0 0
tree 7112 5432 19 0 0
zabor 7152 5424 25 0 8
stand 7208 5416 0 1 0
stand 7240 5432 0 1 179
stand 7288 5416 0 1 0
stand 7320 5416 0 1 0
stand 7352 5416 0 1 179
stand 7384 5416 0 1 0
stand 7448 5432 8 1 179
stand 7464 5432 0 1 0
stand 7480 5432 0 1 0
stand 7512 5416 0 1 179
stand 7544 5432 16 1 179
stand 7528 5432 0 1 0
stand 7576 5416 0 1 179
stand 7608 5432 0 1 0
tree 728 5448 3 1 0
tree 712 5448 3 1 0
tree 744 5448 3 1 0
tree 888 5448 3 1 0
tree 904 5448 3 1 0
tree 920 5448 44 0 0
tree 936 5464 41 0 0
tree 952 5448 17 0 0
tree 936 5448 60 0 0
tree 1016 5464 56 0 0
tree 1032 5448 11 0 0
tree 1720 5464 3 0 0
trop 1924 5460 76 0 0
tree 2136 5448 48 0 0
tree 2728 5448 56 0 0
tree 2744 5448 1 0 0
tree 2760 5448 1 0 0
tree 2760 5464 48 0 0
tree 2936 5464 1 0 0
tree 2984 5464 33 0 0
tree 3016 5448 1 0 0
tree 3032 5464 41 0 0
stand 3096 5448 6 0 0
tree 3176 5448 1 0 0
tree 3416 5464 4 0 0
tree 3400 5464 33 0 0
tree 3448 5464 21 0 0
tree 3480 5464 41 0 0
tree 3464 5448 56 0 0
tree 3480 5448 1 0 0
tree 3512 5464 2 0 0
tree 3528 5464 1 0 0
stand 3640 5448 18 0 0
zabor 3696 5456 26 0 8
tree 3752 5464 51 0 0
tree 3800 5464 51 0 0
tree 3848 5464 21 0 0
tree 3880 5464 43 0 0
dom 4288 5440 47 0 0
dom 4448 5440 124 0 0
dom 4608 5440 19 0 0
tree 4888 5448 58 0 0
dom 4960 5440 51 0 0
trop 5188 5452 72 0 0
trop 5204 5444 72 0 0
dom 5248 5440 125 0 0
trop 5356 5444 72 0 0
trop 5348 5460 72 0 0
tree 5768 5464 27 0 0
tree 5800 5464 44 0 0
tree 5832 5464 13 0 0
tree 5848 5464 59 0 0
tree 5864 5464 13 0 0
tree 5880 5464 57 0 0
tree 5928 5448 43 0 0
tree 5992 5448 11 0 0
tree 6008 5448 57 0 0
tree 6024 5448 43 0 0
tree 6024 5464 35 0 0
tree 6040 5448 50 0 0
tree 6040 5464 13 0 0
tree 6056 5464 19 0 0
tree 6264 5464 13 0 0
tree 6328 5448 51 0 0
tree 6856 5448 19 0 0
tree 7064 5464 9 0 0
tree 7080 5464 43 0 0
tree 7096 5448 26 0 0
zabor 7152 5456 30 0 8
zabor 7184 5456 28 0 8
stand 7224 5464 0 1 0
stand 7240 5464 8 1 179
stand 7272 5448 0 1 0
stand 7336 5448 16 1 179
stand 7336 5464 0 1 0
stand 7384 5464 0 1 0
stand 7416 5448 0 1 0
stand 7432 5464 0 1 0
stand 7480 5464 0 1 179
stand 7560 5464 0 1 179
stand 7592 5464 0 1 0
tree 184 5496 13 0 0
tree 184 5480 20 0 0
tree 200 5480 29 0 0
tree 728 5480 3 1 0
tree 760 5480 3 1 0
tree 760 5496 3 1 0
tree 744 5496 3 1 0
tree 792 5496 3 1 0
tree 888 5480 3 1 0
tree 904 5496 3 1 0
tree 936 5496 3 1 0
tree 984 5480 49 0 0
tree 2744 5496 56 0 0
tree 2760 5480 56 0 0
tree 2952 5496 1 0 0
tree 2968 5480 1 0 0
tree 2984 5480 56 0 0
tree 3032 5496 56 0 0
tree 3016 5480 48 0 0
zabor 3440 5488 30 0 8
tree 3480 5496 57 0 0
tree 3496 5496 1 0 0
tree 3528 5496 27 0 0
tree 3576 5496 48 0 0
tree 3576 5480 59 0 0
tree 3560 5480 51 0 0
trop 3588 5492 22 0 0
zabor 3696 5488 27 0 8
tree 3800 5496 56 0 0
tree 3832 5496 13 0 0
tree 3880 5496 33 0 0
tree 3880 5480 2 0 0
tree 3928 5496 58 0 0
tree 3912 5480 11 0 0
tree 3944 5496 41 0 0
tree 3992 5480 48 0 0
tree 4008 5496 41 0 0
tree 4008 5480 2 0 0
trop 4268 5484 109 0 0
trop 4324 5484 109 0 0
trop 4388 5484 109 0 0
trop 4564 5500 76 0 0
stand 4776 5496 29 0 0
trop 5076 5484 77 0 0
trop 5236 5492 72 0 0
trop 5220 5484 72 0 0
trop 5228 5476 72 0 0
trop 5252 5492 72 0 0
dom 5344 5472 124 0 0
trop 5452 5500 76 0 0
trop 5612 5500 76 0 0
tree 5864 5496 21 0 0
tree 5880 5496 11 0 0
zabor 6192 5488 105 2 8
zabor 6224 5488 104 2 8
zabor 6256 5488 105 2 8
zabor 6288 5488 104 2 8
zabor 6320 5488 105 2 8
zabor 6352 5488 104 2 8
zabor 6384 5488 104 2 8
zabor 6416 5488 105 2 8
zabor 6448 5488 104 2 8
zabor 6480 5488 105 2 8
zabor 6512 5488 104 2 8
zabor 6544 5488 105 2 8
zabor 6576 5488 105 2 8
zabor 6608 5488 105 2 8
zabor 6640 5488 105 2 8
zabor 6672 5488 104 2 8
zabor 6704 5488 105 2 8
zabor 6736 5488 104 2 8
zabor 6768 5488 104 2 8
zabor 6800 5488 104 2 8
zabor 6832 5488 105 2 8
zabor 6864 5488 104 2 8
tree 7080 5480 4 0 0
tree 7080 5496 59 0 0
tree 7096 5480 26 0 0
zabor 7184 5488 36 0 9
stand 7304 5480 0 1 179
stand 7384 5480 0 1 179
stand 7464 5480 0 1 179
stand 7512 5480 0 1 0
tree 168 5528 27 0 0
tree 168 5512 26 0 0
tree 872 5528 3 1 0
tree 952 5512 3 1 0
tree 1448 5528 36 0 0
tree 1720 5528 40 0 0
trop 1924 5524 77 0 0
tree 2120 5512 21 0 0
tree 2952 5512 56 0 0
tree 2984 5512 48 0 0
zabor 3440 5520 25 0 8
tree 3592 5512 35 0 0
trop 3604 5516 36 0 0
zabor 3696 5520 24 0 8
tree 3800 5512 4 0 0
tree 3832 5512 56 0 0
tree 3944 5528 57 0 0
tree 3960 5512 19 0 0
trop 4188 5508 76 0 0
tree 4488 5528 41 0 0
stand 4680 5528 37 0 0
trop 4724 5508 76 0 0
tree 4808 5528 43 0 0
tree 4840 5528 58 0 0
tree 4856 5528 44 0 0
stand 5112 5528 29 0 0
dom 5152 5504 54 0 0
trop 5212 5508 72 0 0
tree 5224 5528 29 0 0
trop 5340 5508 72 0 0
trop 5340 5524 72 0 0
tree 5704 5528 4 0 0
tree 5704 5512 4 0 0
tree 5784 5528 21 0 0
tree 5784 5512 43 0 0
tree 5800 5512 44 0 0
tree 5896 5512 59 0 0
tree 5912 5512 58 0 0
tree 5928 5528 51 0 0
tree 6120 5528 4 0 0
tree 6120 5512 21 0 0
tree 6136 5512 27 0 0
zabor 6192 5520 104 2 8
zabor 6864 5520 105 2 8
zabor 7184 5520 33 0 9
dom 7168 5504 115 0 179
zabor 7216 5520 39 0 9
zabor 7248 5520 31 0 8
zabor 7280 5520 25 0 8
zabor 7312 5520 30 0 8
zabor 7344 5520 25 0 8
zabor 7376 5520 29 0 8
zabor 7408 5520 28 0 8
zabor 7440 5520 24 0 8
zabor 7472 5520 29 0 8
zabor 7504 5520 25 0 8
zabor 7536 5520 28 0 8
zabor 7568 5520 31 0 8
zabor 7600 5520 24 0 8
tree 7736 5528 58 0 0
tree 184 5560 29 0 0
tree 200 5560 37 0 0
tree 728 5544 3 1 0
tree 744 5560 3 1 0
tree 776 5544 3 1 0
tree 904 5544 11 0 0
tree 1384 5560 52 0 0
tree 1384 5544 60 0 0
tree 1416 5560 5 0 0
tree 1432 5560 40 0 0
tree 1448 5544 13 0 0
tree 1768 5560 2 0 0
tree 2136 5560 34 1 0
zabor 3440 5552 27 0 8
zabor 3696 5552 31 0 8
tree 3928 5560 44 0 0
tree 3928 5544 56 0 0
tree 4088 5560 58 0 0
tree 4088 5544 2 0 0
tree 4104 5560 21 0 0
tree 4296 5544 48 0 0
tree 4312 5544 1 0 0
tree 4360 5544 56 0 0
trop 4644 5548 100 0 0
trop 5076 5556 76 0 0
stand 5192 5544 64 0 179
trop 5324 5548 72 0 0
trop 5348 5540 72 0 0
trop 5348 5548 72 0 0
trop 5348 5556 72 0 0
trop 5452 5564 76 0 0
tree 5528 5544 19 0 0
trop 5612 5564 76 0 0
tree 5784 5560 50 0 0
tree 5784 5544 4 0 0
tree 5960 5544 11 0 0
tree 5992 5560 51 0 0
tree 6136 5544 27 0 0
tree 6152 5560 44 0 0
tree 6152 5544 51 0 0
zabor 6192 5552 105 2 8
trop 6492 5556 72 0 0
trop 6580 5564 72 0 0
zabor 6864 5552 104 2 8
dom 7200 5536 115 0 179
lay 7592 5544 2 0 0
tree 7752 5544 51 0 0
tree 184 5576 5 0 0
tree 216 5576 25 0 0
tree 200 5576 12 0 0
tree 728 5576 3 1 0
tree 888 5592 3 1 0
tree 888 5576 3 1 0
tree 904 5592 3 1 0
tree 1384 5576 28 0 0
tree 1384 5592 56 0 0
tree 1400 5592 48 0 0
tree 1416 5576 49 0 0
tree 1768 5576 5 0 0
trop 1924 5596 76 0 0
tree 2088 5592 20 0 0
tree 2136 5576 34 1 0
tree 2120 5576 34 1 0
tree 2120 5592 34 1 0
tree 2168 5576 34 1 0
tree 2152 5576 34 1 0
tree 2152 5592 34 1 0
tree 3208 5592 21 0 0
tree 3240 5592 43 0 0
zabor 3440 5584 28 0 8
trop 3596 5596 13 0 0
zabor 3696 5584 24 0 8
tree 4024 5592 48 0 0
tree 4008 5592 33 0 0
tree 4056 5592 11 0 0
tree 4072 5576 59 0 0
tree 4072 5592 51 0 0
trop 4188 5580 77 0 0
trop 4564 5572 77 0 0
trop 4724 5580 77 0 0
tree 4824 5576 21 0 0
dom 4960 5568 19 0 0
tree 5208 5592 29 0 0
trop 5340 5580 72 0 0
trop 5340 5596 72 0 0
trop 5324 5588 72 0 0
trop 5348 5572 72 0 0
tree 5704 5592 35 0 0
tree 5704 5576 4 0 0
tree 5800 5592 11 0 0
tree 6024 5592 35 0 0
tree 6024 5576 44 0 0
tree 6040 5592 50 0 0
tree 6056 5576 50 0 0
zabor 6192 5584 104 2 8
trop 6276 5588 72 0 0
trop 6332 5596 72 0 0
trop 6308 5596 72 0 0
trop 6348 5572 72 0 0
trop 6372 5580 72 0 0
trop 6428 5572 72 0 0
trop 6460 5572 72 0 0
trop 6492 5580 72 0 0
trop 6572 5580 72 0 0
zabor 6864 5584 105 2 8
tree 7784 5576 51 0 0
tree 248 5624 2 0 0
tree 232 5624 35 0 0
tree 232 5608 17 0 0
tree 264 5624 17 0 0
tree 904 5624 3 1 0
tree 920 5624 3 1 0
dom 896 5600 27 0 0
zabor 1072 5616 105 2 8
tree 1384 5608 58 0 0
tree 1752 5624 1 0 0
tree 2088 5624 34 1 0
tree 2104 5624 34 1 0
tree 2136 5608 34 1 0
tree 2152 5624 34 1 0
tree 2184 5608 34 1 0
tree 3224 5608 50 0 0
tree 3208 5608 1 0 0
zabor 3440 5616 29 0 8
trop 3604 5612 36 0 0
zabor 3696 5616 29 0 8
tree 4328 5624 1 0 0
dom 4448 5600 19 0 0
trop 4644 5604 100 0 0
stand 4680 5624 37 0 0
tree 4904 5608 51 0 0
trop 5076 5628 77 0 0
dom 5120 5600 52 0 0
dom 5504 5600 52 0 0
tree 5688 5608 50 0 0
dom 5888 5600 53 0 0
tree 6024 5624 13 0 0
tree 6024 5608 21 0 0
zabor 6192 5616 105 2 8
dom 6240 5600 27 0 0
trop 6252 5620 72 0 0
trop 6356 5612 72 0 0
trop 6340 5628 72 0 0
dom 6368 5600 34 0 0
trop 6380 5620 72 0 0
trop 6404 5628 72 0 0
trop 6420 5604 72 0 0
trop 6412 5612 72 0 0
trop 6452 5604 72 0 0
trop 6468 5620 72 0 0
trop 6468 5612 72 0 0
dom 6496 5600 34 0 0
trop 6532 5604 72 0 0
trop 6580 5628 72 0 0
trop 6588 5604 72 0 0
trop 6612 5628 72 0 0
zabor 6864 5616 105 2 8
tree 7576 5624 13 0 0
tree 7592 5624 4 0 0
tree 7816 5608 50 0 0
tree 200 5656 21 0 0
tree 280 5640 19 0 0
tree 472 5656 3 1 0
tree 744 5640 3 1 0
tree 856 5656 21 0 0
tree 920 5640 3 1 0
zabor 1104 5648 105 2 8
zabor 1136 5648 104 2 8
zabor 1168 5648 104 2 8
zabor 1200 5648 105 2 8
zabor 1232 5648 104 2 8
tree 2136 5640 34 1 0
tree 2168 5656 34 1 0
zabor 3440 5648 30 0 8
tree 3464 5656 3 1 0
tree 3480 5656 3 1 0
zabor 3696 5648 31 0 8
tree 4088 5656 41 0 0
stand 4120 5640 18 0 0
trop 4188 5660 76 0 0
tree 4312 5656 1 0 0
tree 4328 5640 48 0 0
trop 4564 5652 76 0 0
trop 4724 5660 76 0 0
dom 4800 5632 53 0 0
trop 5068 5660 104 0 0
stand 5112 5656 29 0 0
dom 5248 5632 63 0 0
dom 5376 5632 123 0 0
trop 5452 5636 76 0 0
trop 5612 5636 76 0 0
tree 5704 5640 13 0 0
tree 5784 5640 4 0 0
tree 6040 5640 13 0 0
tree 6024 5640 58 0 0
tree 6104 5640 44 0 0
stand 6152 5640 18 0 0
zabor 6192 5648 104 2 8
trop 6300 5644 72 0 0
trop 6348 5652 72 0 0
trop 6420 5652 72 0 0
trop 6404 5636 72 0 0
trop 6452 5652 72 0 0
trop 6436 5652 72 0 0
trop 6444 5652 72 0 0
trop 6492 5660 72 0 0
trop 6532 5660 72 0 0
trop 6580 5652 72 0 0
zabor 6864 5648 104 2 8
tree 7112 5656 34 0 0
tree 7128 5656 34 0 0
tree 7160 5656 34 0 0
tree 7176 5640 34 0 0
tree 7176 5656 42 0 0
tree 7192 5656 34 0 0
tree 184 5688 59 0 0
tree 200 5672 56 0 0
tree 232 5672 40 0 0
tree 296 5672 43 0 0
tree 328 5688 43 0 0
tree 472 5672 3 1 0
tree 488 5688 3 1 0
tree 488 5672 3 1 0
tree 760 5672 3 1 0
tree 856 5688 21 0 0
tree 904 5672 3 1 0
trop 1924 5668 77 0 0
tree 1992 5672 60 0 0
tree 2104 5688 34 1 0
tree 2120 5672 20 0 0
tree 2136 5672 27 0 0
tree 2136 5688 21 0 0
zabor 3440 5680 28 0 8
tree 3480 5688 3 1 0
tree 3464 5688 3 1 0
tree 3496 5688 3 1 0
dom 3584 5664 54 0 0
zabor 3696 5680 27 0 8
tree 4088 5672 27 0 0
tree 4104 5688 1 0 0
tree 4104 5672 44 0 0
tree 4280 5688 1 0 0
tree 4296 5672 1 0 0
tree 4296 5688 41 0 0
dom 4640 5664 22 0 0
trop 6428 5676 72 0 0
trop 6404 5684 72 0 0
trop 6436 5692 72 0 0
trop 6484 5684 8 0 0
trop 6476 5684 72 0 0
trop 6492 5692 72 0 0
trop 6468 5684 72 0 0
trop 6492 5684 72 0 0
trop 6484 5676 72 0 0
trop 6516 5668 72 0 0
trop 6516 5684 72 0 0
trop 6548 5684 6 0 0
trop 6532 5676 72 0 0
trop 6596 5668 72 0 0
dom 6720 5664 13 0 0
zabor 6864 5680 104 2 8
tree 6904 5688 34 0 0
tree 6920 5688 34 0 0
tree 7096 5688 34 0 0
tree 7096 5672 34 0 0
tree 7128 5688 34 0 0
tree 7112 5688 34 0 0
tree 7112 5672 42 0 0
tree 7160 5688 34 0 0
tree 7144 5688 42 0 0
tree 7144 5672 34 0 0
tree 7176 5688 42 0 0
tree 7192 5688 34 0 0
tree 7208 5688 42 0 0
tree 7208 5672 34 0 0
tree 7224 5672 34 0 0
tree 7240 5672 42 0 0
tree 7352 5672 34 0 0
tree 7400 5688 34 0 0
tree 7432 5688 34 0 0
tree 7512 5688 42 0 0
tree 7880 5688 35 0 0
tree 7896 5688 11 0 0
tree 7928 5688 27 0 0
tree 184 5704 20 0 0
tree 216 5720 4 0 0
tree 248 5704 20 0 0
tree 280 5720 35 0 0
tree 328 5720 40 0 0
tree 344 5720 13 0 0
tree 360 5720 17 0 0
tree 376 5720 25 0 0
tree 376 5704 11 0 0
tree 392 5720 36 0 0
tree 392 5704 17 0 0
tree 424 5720 52 0 0
tree 472 5704 3 1 0
tree 456 5720 3 1 0
tree 472 5720 36 0 0
tree 504 5704 3 1 0
tree 504 5720 3 1 0
tree 488 5704 3 1 0
tree 488 5720 3 1 0
tree 760 5704 3 1 0
tree 776 5720 3 1 0
tree 824 5720 11 0 0
tree 840 5720 59 0 0
tree 840 5704 50 0 0
tree 1688 5704 29 0 0
tree 1672 5704 13 0 0
tree 2008 5704 60 0 0
tree 2040 5704 37 0 0
tree 2024 5704 44 0 0
tree 2072 5704 56 0 0
tree 2056 5704 41 0 0
tree 2136 5720 34 1 0
tree 2152 5720 34 1 0
stand 2472 5720 53 1 0
zabor 3440 5712 29 0 8
tree 3464 5704 3 1 0
tree 3464 5720 3 1 0
tree 3480 5720 3 1 0
tree 3496 5704 3 1 0
tree 3496 5720 3 1 0
zabor 3696 5712 30 0 8
tree 4088 5704 21 0 0
trop 4188 5724 77 0 0
dom 4448 5696 20 0 0
trop 4564 5724 77 0 0
stand 4776 5704 29 0 0
dom 4960 5696 50 0 0
trop 5068 5708 104 0 0
trop 5156 5716 79 0 0
trop 5228 5716 78 0 0
trop 5308 5716 79 0 0
trop 5364 5716 79 0 0
trop 5380 5716 78 0 0
trop 5436 5716 100 0 0
trop 5460 5716 100 0 0
trop 5532 5716 79 0 0
trop 5572 5716 100 0 0
trop 5588 5716 102 0 0
trop 5628 5716 100 0 0
trop 5628 5716 102 0 0
trop 5692 5716 79 0 0
trop 5740 5716 79 0 0
trop 5804 5716 78 0 0
trop 5884 5716 79 0 0
trop 5956 5716 78 0 0
trop 6036 5716 79 0 0
trop 6108 5716 78 0 0
trop 6188 5716 79 0 0
trop 6260 5708 78 0 0
trop 6324 5708 84 0 0
trop 6356 5700 72 0 0
trop 6404 5700 85 0 0
trop 6476 5716 72 0 0
trop 6516 5724 72 0 0
trop 6612 5724 72 0 0
trop 6644 5700 72 0 0
dom 6656 5696 62 0 0
zabor 6864 5712 105 2 8
tree 6904 5704 34 0 0
tree 6920 5704 34 0 0
tree 6920 5720 34 0 0
tree 6936 5720 34 0 0
tree 6952 5720 34 0 0
tree 7000 5720 42 0 0
tree 7032 5720 42 0 0
tree 7064 5720 34 0 0
tree 7080 5720 42 0 0
tree 7128 5720 34 0 0
tree 7144 5720 34 0 0
tree 7160 5720 42 0 0
tree 7144 5704 34 0 0
tree 7192 5720 42 0 0
tree 7192 5704 34 0 0
tree 7224 5720 34 0 0
tree 7224 5704 34 0 0
tree 7288 5704 42 0 0
tree 7272 5704 34 0 0
tree 7272 5720 34 0 0
tree 7288 5720 34 0 0
tree 7304 5720 34 0 0
tree 7320 5720 42 0 0
tree 7368 5720 34 0 0
tree 7384 5720 42 0 0
tree 7416 5704 34 0 0
tree 7432 5720 34 0 0
tree 7448 5720 42 0 0
tree 7528 5720 42 0 0
tree 7544 5720 42 0 0
tree 7608 5720 4 0 0
tree 7608 5704 44 0 0
tree 7960 5704 27 0 0
tree 216 5752 60 0 0
tree 200 5752 11 0 0
tree 232 5736 48 0 0
tree 312 5736 44 0 0
tree 328 5736 2 0 0
tree 344 5736 40 0 0
tree 440 5752 9 0 0
tree 472 5736 3 1 0
tree 504 5752 3 1 0
tree 520 5736 3 1 0
tree 808 5736 3 1 0
tree 808 5752 3 1 0
tree 824 5736 3 1 0
tree 840 5752 3 1 0
trop 1924 5740 76 0 0
tree 1992 5752 35 0 0
tree 1992 5736 56 0 0
tree 2056 5752 26 0 0
tree 2136 5736 17 0 0
tree 2136 5752 35 0 0
tree 2168 5736 34 1 0
stand 2472 5736 53 1 0
zabor 2864 5744 104 2 8
zabor 2896 5744 113 2 9
zabor 3440 5744 27 0 8
tree 3464 5736 3 1 0
tree 3464 5752 3 1 0
tree 3496 5736 3 1 0
zabor 3696 5744 28 0 8
tree 4360 5752 48 0 0
trop 4644 5756 100 0 0
stand 4680 5736 37 0 0
trop 4724 5732 77 0 0
trop 6380 5740 72 0 0
trop 6428 5756 72 0 0
trop 6404 5756 72 0 0
trop 6428 5740 72 0 0
trop 6460 5732 72 0 0
trop 6444 5740 72 0 0
trop 6436 5748 72 0 0
trop 6468 5732 72 0 0
trop 6476 5732 72 0 0
trop 6508 5756 72 0 0
trop 6516 5732 72 0 0
trop 6588 5732 25 0 0
trop 6564 5740 72 0 0
trop 6572 5732 72 0 0
trop 6564 5748 72 0 0
trop 6572 5740 72 0 0
trop 6628 5740 25 0 0
trop 6660 5740 25 0 0
trop 6668 5740 72 0 0
tree 7064 5736 34 0 0
tree 7096 5736 42 0 0
tree 7128 5736 34 0 0
tree 136 5784 33 0 0
tree 184 5768 20 0 0
tree 424 5784 50 0 0
tree 424 5768 26 0 0
tree 472 5768 3 1 0
tree 520 5768 3 1 0
tree 856 5784 3 1 0
zabor 1104 5776 104 2 8
zabor 1136 5776 105 2 8
zabor 1168 5776 104 2 8
zabor 1200 5776 104 2 8
zabor 1232 5776 104 2 8
zabor 1264 5776 105 2 8
zabor 1296 5776 105 2 8
zabor 1328 5776 105 2 8
zabor 1360 5776 105 2 8
zabor 1392 5776 104 2 8
tree 1656 5768 5 0 0
tree 1992 5784 34 1 0
tree 2008 5768 43 0 0
tree 2072 5768 44 0 0
tree 2104 5768 34 1 0
tree 2088 5784 34 1 0
tree 2152 5784 34 1 0
tree 2184 5768 34 1 0
stand 2472 5768 53 1 0
zabor 2896 5776 105 2 8
tree 3400 5784 58 0 0
zabor 3440 5776 24 0 8
zabor 3472 5776 26 0 8
zabor 3504 5776 29 0 8
zabor 3536 5776 30 0 8
zabor 3568 5776 30 0 8
zabor 3600 5776 27 0 8
zabor 3632 5776 28 0 8
zabor 3664 5776 31 0 8
zabor 3696 5776 29 0 8
trop 4460 5772 109 0 0
trop 4492 5772 109 0 0
tree 4808 5784 11 0 0
tree 4856 5768 43 0 0
tree 4920 5768 11 0 0
trop 5068 5780 91 0 0
dom 5248 5760 23 0 0
trop 5452 5780 77 0 0
stand 5768 5784 18 0 0
zabor 6192 5776 105 2 8
trop 6300 5772 72 0 0
trop 6308 5764 72 0 0
trop 6308 5772 72 0 0
trop 6420 5780 72 0 0
trop 6420 5788 72 0 0
trop 6492 5788 72 0 0
trop 6508 5764 72 0 0
trop 6548 5788 6 0 0
trop 6556 5788 72 0 0
trop 6572 5772 72 0 0
stand 6616 5768 30 0 0
trop 6668 5764 52 0 0
trop 6748 5764 52 0 0
trop 6828 5764 52 0 0
trop 6908 5764 52 0 0
trop 6988 5764 52 0 0
trop 7068 5764 52 0 0
trop 7148 5764 52 0 0
trop 7228 5764 52 0 0
trop 7308 5764 52 0 0
trop 7388 5764 52 0 0
trop 7468 5764 52 0 0
trop 7548 5764 52 0 0
trop 7628 5764 52 0 0
trop 7708 5764 52 0 0
trop 7788 5764 52 0 0
trop 7868 5764 52 0 0
trop 7948 5764 52 0 0
trop 8020 5764 52 0 0
trop 8044 5764 52 0 0
tree 152 5800 49 0 0
tree 168 5800 36 0 0
tree 376 5800 20 0 0
tree 392 5816 43 0 0
tree 408 5816 52 0 0
tree 440 5816 3 1 0
tree 424 5816 3 1 0
tree 424 5800 19 0 0
tree 488 5800 3 1 0
tree 856 5800 3 1 0
trop 1924 5812 77 0 0
tree 2008 5800 34 1 0
tree 2056 5800 34 1 0
tree 2072 5816 34 1 0
tree 2104 5816 34 1 0
tree 2088 5816 34 1 0
tree 2120 5800 34 1 0
tree 2152 5816 34 1 0
zabor 2864 5808 105 2 8
zabor 2896 5808 105 2 8
zabor 2928 5808 105 2 8
tree 3336 5800 59 0 0
tree 3352 5800 1 0 0
tree 3368 5816 11 0 0
tree 3400 5816 35 0 0
tree 3400 5800 51 0 0
zabor 3728 5808 31 0 8
tree 3752 5800 35 0 0
tree 3768 5816 19 0 0
trop 4188 5804 76 0 0
trop 4564 5812 76 0 0
trop 4644 5812 100 0 0
trop 4724 5820 76 0 0
stand 4984 5816 21 0 0
dom 5152 5792 47 0 0
dom 5344 5792 51 0 0
trop 5436 5812 77 0 0
dom 5504 5792 50 0 0
tree 5640 5800 43 0 0
tree 5640 5816 44 0 0
trop 5756 5820 8 0 0
tree 5880 5800 11 0 0
tree 5896 5800 44 0 0
tree 6024 5816 19 0 0
tree 6024 5800 11 0 0
tree 6040 5800 51 0 0
zabor 6192 5808 105 2 8
trop 6356 5804 72 0 0
trop 6380 5796 72 0 0
tree 392 5832 26 0 0
tree 856 5848 57 0 0
tree 872 5848 3 1 0
tree 1480 5848 19 0 0
tree 1800 5832 21 0 0
dom 2432 5824 115 0 179
zabor 2480 5840 104 2 8
zabor 2864 5840 112 2 9
zabor 2896 5840 112 2 9
zabor 2928 5840 105 2 8
zabor 2960 5840 104 2 8
tree 3320 5848 35 0 0
tree 3304 5832 43 0 0
tree 3352 5848 19 0 0
tree 3368 5832 35 0 0
tree 3368 5848 59 0 0
tree 3384 5848 11 0 0
tree 3432 5832 57 0 0
tree 3496 5832 3 1 0
tree 3624 5832 1 0 0
tree 3768 5848 50 0 0
tree 3784 5848 41 0 0
tree 4408 5848 13 0 0
tree 4424 5848 21 0 0
tree 4504 5832 29 0 0
tree 4952 5832 13 0 0
trop 5020 5844 92 0 0
tree 6056 5848 50 0 0
tree 6072 5848 57 0 0
tree 6136 5848 35 0 0
tree 6152 5832 44 0 0
tree 6152 5848 43 0 0
zabor 6192 5840 104 2 8
stand 6616 5832 30 0 0
trop 6668 5828 52 0 0
trop 6748 5828 52 0 0
trop 6828 5828 52 0 0
trop 6908 5828 52 0 0
trop 6988 5828 52 0 0
trop 7068 5828 52 0 0
trop 7148 5828 52 0 0
trop 7228 5828 52 0 0
trop 7300 5828 52 0 0
trop 7372 5828 52 0 0
trop 7452 5828 52 0 0
trop 7524 5828 52 0 0
trop 7604 5828 52 0 0
trop 7684 5828 52 0 0
trop 7764 5828 52 0 0
trop 7844 5828 52 0 0
trop 7924 5828 52 0 0
trop 7996 5828 52 0 0
trop 8060 5828 52 0 0
tree 424 5864 3 1 0
tree 792 5864 19 0 0
tree 824 5864 50 0 0
tree 2312 5880 34 1 0
tree 2328 5880 34 1 0
zabor 2480 5872 105 2 8
zabor 2896 5872 112 2 9
zabor 2992 5872 104 2 8
tree 3160 5880 49 0 0
tree 3144 5880 4 0 0
tree 3176 5880 44 0 0
tree 3272 5864 41 0 0
tree 3304 5880 59 0 0
tree 3352 5864 1 0 0
tree 3368 5864 58 0 0
tree 3400 5864 4 0 0
tree 3480 5880 3 1 0
tree 3784 5880 57 0 0
trop 4188 5868 77 0 0
tree 4360 5880 50 0 0
tree 4504 5864 59 0 0
dom 4640 5856 46 0 0
stand 4776 5864 29 0 0
tree 4824 5864 11 0 0
tree 4936 5880 50 0 0
trop 5436 5868 77 0 0
tree 5640 5864 27 0 0
tree 5640 5880 58 0 0
tree 6024 5880 13 0 0
tree 6040 5864 21 0 0
tree 6120 5880 2 0 0
tree 6136 5864 21 0 0
tree 6136 5880 51 0 0
tree 6152 5864 50 0 0
zabor 6192 5872 104 2 8
dom 6432 5856 40 0 0
trop 6548 5876 6 0 0
zabor 6864 5872 105 2 8
dom 6912 5856 16 0 0
tree 7016 5864 34 0 0
tree 7048 5864 34 0 0
tree 7096 5864 42 0 0
stand 7224 5880 18 0 0
tree 7256 5864 34 0 0
tree 7304 5864 42 0 0
tree 7336 5864 34 0 0
tree 7416 5864 42 0 0
tree 7432 5864 34 0 0
tree 7528 5864 34 0 0
tree 7576 5880 42 0 0
tree 808 5896 3 1 0
tree 1624 5912 4 0 0
tree 1624 5896 20 0 0
tree 1640 5896 50 0 0
trop 1924 5892 76 0 0
tree 2328 5896 34 1 0
tree 2312 5896 56 0 0
tree 2312 5912 56 0 0
tree 2344 5912 34 1 0
dom 2432 5888 27 0 0
zabor 2480 5904 105 2 8
zabor 2896 5904 104 2 8
zabor 2928 5904 105 2 8
zabor 3024 5904 105 2 8
zabor 3056 5904 105 2 8
tree 3144 5912 43 0 0
tree 3144 5896 11 0 0
tree 3320 5896 3 1 0
tree 3320 5912 41 0 0
tree 3352 5896 3 1 0
tree 3368 5912 3 1 0
tree 3416 5896 11 0 0
cliff 3616 5888 50 179 179
cliff 3648 5888 30 179 179
cliff 3712 5888 32 179 179
tree 4440 5896 19 0 0
stand 4632 5896 13 0 0
trop 4716 5908 91 0 0
tree 4920 5896 59 0 0
trop 5020 5916 91 0 0
tree 5144 5896 19 0 0
tree 5272 5912 44 0 0
tree 5656 5896 2 0 0
tree 5672 5912 59 0 0
tree 5784 5896 35 0 0
tree 5800 5896 59 0 0
trop 5844 5908 7 0 0
tree 6008 5896 59 0 0
tree 6008 5912 43 0 0
tree 6024 5896 21 0 0
tree 6136 5896 50 0 0
tree 6120 5912 50 0 0
zabor 6192 5904 104 2 8
zabor 6864 5904 104 2 8
stand 6904 5912 65 0 0
trop 6932 5916 57 0 0
trop 7028 5900 113 0 0
trop 7116 5900 113 0 0
trop 7204 5900 113 0 0
trop 7292 5900 113 0 0
trop 7380 5900 113 0 0
trop 7468 5900 124 0 0
tree 7736 5912 11 0 0
tree 7752 5912 44 0 0
tree 7896 5912 2 0 0
tree 7912 5912 59 0 0
tree 7928 5896 58 0 0
tree 7944 5912 35 0 0
tree 7960 5912 4 0 0
tree 1432 5928 21 0 0
tree 1432 5944 29 0 0
tree 1416 5944 56 0 0
tree 2312 5928 41 0 0
tree 2344 5928 34 1 0
tree 2360 5928 34 1 0
tree 2360 5944 34 1 0
zabor 2480 5936 105 2 8
zabor 2896 5936 105 2 8
zabor 3056 5936 105 2 8
tree 3304 5928 48 0 0
tree 3336 5944 3 1 0
tree 3352 5928 3 1 0
tree 3352 5944 3 1 0
tree 3384 5944 3 1 0
tree 3368 5944 3 1 0
tree 3400 5928 3 1 0
tree 3432 5928 3 1 0
zabor 3664 5936 104 2 8
tree 3864 5928 50 0 0
tree 3880 5944 33 0 0
stand 4264 5928 18 0 0
tree 4328 5944 4 0 0
tree 4520 5928 27 0 0
trop 4596 5924 89 0 0
trop 4684 5948 90 0 0
tree 5304 5928 59 0 0
tree 5336 5944 59 0 0
trop 5436 5948 76 0 0
tree 5528 5928 58 0 0
tree 5544 5928 13 0 0
tree 5624 5944 13 0 0
tree 5992 5928 19 0 0
tree 5992 5944 43 0 0
tree 6136 5928 51 0 0
tree 6136 5944 4 0 0
tree 6120 5928 21 0 0
tree 6120 5944 50 0 0
zabor 6192 5936 104 2 8
trop 6460 5932 1 0 0
trop 6524 5948 32 0 0
stand 6904 5944 65 0 0
stand 7016 5944 18 0 0
tree 7768 5928 58 0 0
tree 7784 5928 21 0 0
tree 1784 5976 43 0 0
trop 1924 5956 77 0 0
tree 2328 5960 48 0 0
tree 2312 5976 56 0 0
tree 2392 5976 34 1 0
zabor 2480 5968 104 2 8
zabor 2896 5968 105 2 8
tree 3288 5960 48 0 0
tree 3352 5976 3 1 0
tree 3400 5960 3 1 0
cliff 3488 5952 0 179 179
cliff 3552 5952 49 179 179
zabor 3664 5968 105 2 8
cliff 3840 5952 35 179 179
tree 3896 5976 43 0 0
tree 3896 5960 56 0 0
trop 4188 5956 76 0 0
tree 4360 5976 13 0 0
tree 5160 5960 44 0 0
tree 6120 5960 59 0 0
tree 6136 5976 50 0 0
tree 6136 5960 51 0 0
zabor 6192 5968 105 2 8
trop 6540 5956 17 0 0
trop 6844 5972 56 0 0
stand 6904 5976 65 0 0
tree 7272 5960 18 0 0
tree 7288 5960 20 0 0
tree 7320 5960 3 0 0
tree 7336 5960 52 0 0
tree 7496 5976 12 0 0
tree 7544 5976 20 0 0
tree 7560 5976 36 0 0
tree 7672 5960 51 0 0
tree 7704 5976 44 0 0
tree 1784 6008 58 0 0
tree 2328 5992 34 1 0
tree 2360 6008 34 1 0
tree 2344 5992 34 1 0
zabor 2448 6000 104 2 8
zabor 2480 6000 112 2 9
cliff 3456 5984 2 179 179
tree 3912 6008 48 0 0
tree 3912 5992 13 0 0
tree 4360 5992 2 0 0
tree 4584 5992 50 0 0
dom 4864 5984 126 0 0
trop 4964 5996 92 0 0
trop 5436 6012 77 0 0
tree 5864 5992 50 0 0
tree 5880 5992 44 0 0
tree 5976 5992 19 0 0
tree 5992 5992 35 0 0
tree 6152 5992 57 0 0
tree 6152 6008 13 0 0
zabor 6192 6000 105 2 8
dom 6464 5984 32 0 0
trop 6516 5996 15 0 0
zabor 6864 6000 104 2 8
tree 7416 5992 44 0 0
tree 7432 6008 57 0 0
tree 7480 6008 59 0 0
tree 7560 5992 36 0 0
tree 7688 6008 2 0 0
tree 7704 6008 43 0 0
tree 7720 5992 27 0 0
zabor 1008 6032 105 2 8
zabor 1040 6032 105 2 8
zabor 1072 6032 104 2 8
zabor 1104 6032 105 2 8
zabor 1136 6032 104 2 8
zabor 1168 6032 105 2 8
zabor 1200 6032 104 2 8
tree 1400 6024 29 0 0
tree 1400 6040 37 0 0
trop 1924 6020 76 0 0
tree 2296 6024 41 0 0
zabor 2448 6032 105 2 8
zabor 2480 6032 105 2 8
zabor 2512 6032 113 2 9
fre 2964 6044 85 179 179
tree 3352 6040 58 0 0
tree 3336 6040 43 0 0
tree 3336 6024 57 0 0
cliff 3424 6016 0 179 179
tree 3928 6024 48 0 0
tree 3912 6024 50 0 0
tree 3944 6040 33 0 0
tree 3944 6024 4 0 0
trop 4188 6028 77 0 0
tree 4408 6040 51 0 0
tree 4648 6040 19 0 0
dom 4736 6016 23 0 0
trop 5436 6044 80 0 0
tree 5752 6040 50 0 0
trop 5916 6036 22 0 0
tree 5992 6040 19 0 0
cliff 6080 6016 6 179 179
zabor 6192 6032 105 2 8
zabor 6864 6032 105 2 8
tree 7464 6040 13 0 0
tree 7464 6024 11 0 0
tree 7688 6024 44 0 0
zabor 1232 6064 105 2 8
zabor 1264 6064 104 2 8
zabor 1296 6064 105 2 8
zabor 1328 6064 105 2 8
zabor 1360 6064 105 2 8
tree 1384 6072 13 0 0
trop 1924 6068 77 0 0
tree 2312 6056 33 0 0
fre 3012 6076 83 179 179
tree 3336 6072 49 0 0
tree 3336 6056 44 0 0
tree 3384 6072 36 0 0
tree 3384 6056 40 0 0
tree 3368 6056 49 0 0
cliff 3392 6048 5 179 179
zabor 3664 6064 112 2 9
tree 3944 6056 50 0 0
cliff 3936 6048 35 179 179
trop 4964 6068 91 0 0
tree 5336 6056 19 0 0
tree 5576 6056 11 0 0
cliff 6048 6048 4 179 179
zabor 6192 6064 104 2 8
trop 6540 6060 17 0 0
trop 6804 6060 39 0 0
zabor 6864 6064 105 2 8
tree 6920 6056 44 0 0
tree 6920 6072 19 0 0
tree 7128 6072 35 0 0
tree 7144 6056 57 0 0
tree 7224 6072 43 0 0
tree 7240 6072 44 0 0
tree 1384 6088 12 0 0
tree 2072 6104 33 0 0
tree 2104 6104 48 0 0
tree 2088 6104 43 0 0
tree 2088 6088 13 0 0
tree 2104 6088 27 0 0
tree 2136 6088 13 0 0
tree 2120 6088 2 0 0
tree 2168 6104 56 0 0
tree 2168 6088 48 0 0
tree 2152 6088 43 0 0
tree 2184 6088 2 0 0
tree 2200 6088 1 0 0
tree 2216 6088 51 0 0
tree 2264 6088 1 0 0
tree 2248 6088 21 0 0
tree 2328 6104 33 0 0
tree 2328 6088 48 0 0
tree 3208 6088 12 0 0
tree 3224 6088 2 0 0
tree 3224 6104 17 0 0
tree 3240 6104 19 0 0
tree 3320 6104 27 0 0
tree 3304 6088 12 0 0
tree 3320 6088 29 0 0
tree 3304 6104 29 0 0
tree 3336 6088 26 0 0
zabor 3408 6096 105 2 8
zabor 3440 6096 105 2 8
zabor 3472 6096 104 2 8
zabor 3504 6096 105 2 8
zabor 3536 6096 104 2 8
zabor 3568 6096 112 2 9
zabor 3600 6096 113 2 9
zabor 3632 6096 104 2 8
zabor 3664 6096 104 2 8
trop 4188 6092 76 0 0
tree 4472 6088 43 0 0
tree 4488 6088 19 0 0
tree 4680 6104 59 0 0
tree 5048 6088 13 0 0
tree 5064 6104 11 0 0
dom 5856 6080 54 0 0
zabor 6192 6096 104 2 8
dom 6304 6080 34 0 0
trop 6348 6100 33 0 0
dom 6432 6080 34 0 0
trop 6484 6108 33 0 0
zabor 6864 6096 105 2 8
tree 6920 6088 35 0 0
tree 7096 6104 4 0 0
tree 7128 6104 19 0 0
tree 7128 6088 59 0 0
tree 7224 6088 35 0 0
tree 7208 6088 44 0 0
lay 664 6136 21 0 0
tree 1976 6120 48 0 0
tree 1992 6120 21 0 0
tree 1992 6136 27 0 0
tree 2280 6120 21 0 0
tree 2328 6120 1 0 0
fre 2988 6140 83 179 179
tree 3256 6120 17 0 0
tree 3288 6120 5 0 0
tree 3304 6120 2 0 0
stand 3480 6120 66 0 0
zabor 3568 6128 113 2 9
dom 4256 6112 17 0 0
tree 4616 6136 51 0 0
tree 4648 6120 4 0 0
trop 4844 6116 93 0 0
trop 4924 6116 90 0 0
tree 5032 6120 50 0 0
tree 5032 6136 19 0 0
trop 5428 6124 81 0 0
tree 5768 6136 13 0 0
trop 5924 6116 23 0 0
cliff 6016 6112 4 179 179
tree 6136 6136 43 0 0
tree 6152 6136 27 0 0
tree 6152 6120 2 0 0
tree 6168 6120 43 0 0
zabor 6192 6128 105 2 8
trop 6380 6124 15 0 0
trop 6428 6124 15 0 0
trop 6516 6124 15 0 0
trop 6796 6140 66 0 0
zabor 6864 6128 105 2 8
tree 6920 6120 27 0 0
tree 6936 6136 21 0 0
tree 7048 6136 50 0 0
tree 7080 6136 19 0 0
tree 7096 6136 44 0 0
tree 7128 6120 59 0 0
tree 7112 6136 27 0 0
tree 536 6152 20 0 0
tree 520 6152 41 0 0
lay 712 6168 21 0 0
tree 1544 6152 37 0 0
trop 1924 6148 76 0 0
tree 2184 6168 41 0 0
tree 2296 6168 13 0 0
fre 3148 6172 83 179 179
zabor 3248 6160 105 2 8
stand 3512 6152 66 0 0
stand 3544 6168 66 0 0
stand 3592 6168 66 0 0
stand 3640 6152 66 0 0
tree 4584 6152 44 0 0
trop 4700 6172 93 0 0
trop 4780 6172 90 0 0
tree 5000 6168 2 0 0
tree 5784 6152 58 0 0
tree 5800 6168 50 0 0
zabor 6192 6160 105 2 8
stand 6344 6168 92 1 179
trop 6540 6164 17 0 0
dom 6752 6144 37 0 0
stand 6760 6168 64 0 179
zabor 6864 6160 104 2 8
tree 6936 6168 57 0 0
tree 7016 6168 35 0 0
tree 7032 6168 59 0 0
tree 7064 6152 13 0 0
tree 7048 6168 57 0 0
tree 7064 6168 43 0 0
tree 7080 6152 50 0 0
tree 7080 6168 51 0 0
lay 472 6200 20 0 0
lay 584 6184 20 0 0
dom 1536 6176 40 0 0
tree 1688 6200 43 0 0
dom 1760 6176 50 0 0
trop 1924 6196 76 0 0
dom 2080 6176 48 0 0
tree 2232 6184 59 0 0
tree 2280 6200 33 0 0
zabor 3248 6192 105 2 8
stand 3656 6200 66 0 0
stand 3688 6200 66 0 0
cliff 4000 6176 39 179 179
trop 4220 6204 89 0 0
tree 5000 6184 21 0 0
tree 5816 6184 57 0 0
cliff 5984 6176 3 179 179
tree 6136 6200 4 0 0
zabor 6192 6192 104 2 8
stand 6264 6184 91 1 179
dom 6464 6176 35 0 0
dom 6496 6176 35 0 0
trop 6524 6196 32 0 0
trop 6724 6188 2 0 0
zabor 6864 6192 105 2 8
tree 6936 6184 58 0 0
tree 6920 6200 57 0 0
tree 7032 6184 4 0 0
tree 7016 6200 2 0 0
tree 7032 6200 2 0 0
tree 7048 6184 19 0 0
tree 7064 6184 51 0 0
tree 7080 6184 2 0 0
tree 7096 6184 58 0 0
tree 7080 6200 19 0 0
tree 7112 6184 50 0 0
lay 584 6232 20 0 0
lay 616 6232 20 0 0
stand 696 6216 32 0 0
lay 1240 6232 21 0 0
tree 1288 6232 27 0 0
stand 1384 6232 32 0 0
tree 1464 6232 44 0 0
tree 1496 6216 35 0 0
tree 1640 6216 1 0 0
tree 1688 6216 50 0 0
trop 1924 6228 76 0 0
stand 2040 6232 32 0 0
tree 2232 6232 35 0 0
tree 2264 6232 2 0 0
tree 2408 6216 56 0 0
tree 2680 6216 59 0 0
tree 2664 6232 51 0 0
tree 2664 6216 57 0 0
fre 3140 6228 83 179 179
zabor 3248 6224 104 2 8
trop 4340 6236 79 0 0
trop 4324 6236 79 0 0
trop 4404 6236 78 0 0
trop 4484 6236 79 0 0
trop 4556 6236 78 0 0
trop 4636 6228 90 0 0
trop 5428 6220 73 0 0
trop 5452 6220 73 0 0
tree 6136 6216 44 0 0
tree 6152 6232 57 0 0
zabor 6192 6224 105 2 8
trop 6516 6228 1 0 0
trop 6796 6228 66 0 0
zabor 6864 6224 105 2 8
tree 6904 6232 4 0 0
tree 6920 6232 43 0 0
tree 6936 6232 27 0 0
tree 6984 6232 43 0 0
tree 7000 6232 58 0 0
tree 7016 6232 57 0 0
tree 7048 6216 57 0 0
tree 312 6264 43 0 0
tree 328 6264 19 0 0
tree 472 6264 11 0 0
lay 568 6248 20 0 0
tree 888 6264 40 0 0
lay 1112 6264 21 0 0
tree 2248 6248 13 0 0
tree 2248 6264 11 0 0
tree 2264 6248 56 0 0
tree 2328 6264 33 0 0
tree 2664 6264 44 0 0
zabor 3248 6256 104 2 8
tree 3928 6264 48 0 0
tree 3912 6264 43 0 0
tree 3960 6264 11 0 0
tree 3944 6264 57 0 0
cliff 3968 6240 41 179 179
tree 4808 6264 58 0 0
tree 5912 6248 50 0 0
tree 6152 6264 11 0 0
zabor 6192 6256 104 2 8
trop 6540 6252 17 0 0
zabor 6864 6256 105 2 8
tree 7000 6248 27 0 0
tree 7016 6264 59 0 0
tree 7032 6264 2 0 0
tree 7032 6248 59 0 0
tree 7064 6248 27 0 0
tree 7064 6264 50 0 0
tree 7048 6248 50 0 0
tree 7080 6248 44 0 0
tree 216 6296 59 0 0
tree 312 6296 57 0 0
trop 708 6284 93 0 0
lay 1096 6296 18 0 0
lay 1128 6296 21 0 0
trop 1860 6300 101 0 0
trop 1996 6300 101 0 0
tree 2184 6280 51 0 0
tree 2264 6280 21 0 0
tree 2248 6280 57 0 0
tree 2680 6296 56 0 0
tree 2728 6296 48 0 0
stand 3128 6296 65 0 179
zabor 3248 6288 105 2 8
tree 3800 6280 48 0 0
tree 3816 6280 21 0 0
tree 3912 6280 2 0 0
cliff 3936 6272 41 179 179
dom 4704 6272 50 0 0
tree 4808 6280 50 0 0
tree 4840 6296 57 0 0
tree 4888 6296 51 0 0
trop 5444 6284 83 0 0
tree 6104 6296 58 0 0
tree 6136 6280 11 0 0
tree 6136 6296 21 0 0
tree 6120 6280 51 0 0
zabor 6192 6288 105 2 8
stand 6360 6296 95 0 179
zabor 6864 6288 105 2 8
tree 7000 6296 2 0 0
tree 7016 6280 51 0 0
tree 7128 6280 35 0 0
tree 7128 6296 4 0 0
stand 168 6328 32 0 0
tree 168 6312 11 0 0
tree 408 6312 59 0 0
trop 836 6324 88 0 0
lay 1016 6312 18 0 0
trop 1348 6308 93 0 0
trop 1428 6308 79 0 0
trop 1500 6308 78 0 0
trop 1580 6308 79 0 0
trop 1644 6308 78 0 0
trop 1724 6308 79 0 0
trop 1804 6308 78 0 0
trop 1860 6308 102 0 0
trop 1924 6308 102 0 0
trop 1948 6308 102 0 0
trop 2028 6308 78 0 0
dom 2240 6304 40 0 0
tree 2600 6312 2 0 0
tree 2632 6312 27 0 0
tree 2648 6328 4 0 0
zabor 3088 6320 104 2 8
zabor 3248 6320 105 2 8
cliff 3840 6304 16 179 179
cliff 3904 6304 14 179 179
tree 4120 6312 19 0 0
stand 4264 6312 18 0 0
tree 4392 6328 13 0 0
tree 4440 6328 2 0 0
tree 4424 6328 27 0 0
tree 4584 6328 21 0 0
tree 4600 6328 21 0 0
tree 4616 6312 57 0 0
tree 4632 6312 58 0 0
tree 4856 6328 21 0 0
tree 6136 6312 4 0 0
tree 6152 6312 44 0 0
tree 6152 6328 11 0 0
zabor 6192 6320 105 2 8
dom 6528 6304 38 0 0
trop 6572 6316 2 0 0
trop 6796 6316 122 0 0
zabor 6864 6320 105 2 8
tree 6920 6312 51 0 0
tree 7192 6312 60 0 179
trop 564 6340 93 0 0
trop 644 6340 90 0 0
tree 952 6344 2 0 0
tree 952 6360 28 0 0
trop 1204 6364 93 0 0
trop 1284 6364 90 0 0
trop 2156 6348 88 0 0
tree 2312 6360 11 0 0
tree 2488 6360 19 0 0
tree 2504 6360 19 0 0
tree 2616 6360 44 0 0
tree 2616 6344 44 0 0
tree 2632 6344 11 0 0
zabor 2992 6352 105 2 8
zabor 3024 6352 104 2 8
zabor 3056 6352 104 2 8
zabor 3088 6352 105 2 8
stand 3160 6344 65 0 179
zabor 3248 6352 104 2 8
tree 3832 6360 57 0 0
cliff 3808 6336 39 179 179
tree 3848 6360 41 0 0
tree 4376 6344 58 0 0
tree 4360 6344 33 0 0
tree 5272 6360 59 0 0
tree 5272 6344 4 0 0
tree 5288 6360 43 0 0
trop 5444 6364 82 0 0
tree 6072 6344 19 0 0
tree 6168 6344 19 0 0
zabor 6192 6352 104 2 8
trop 6796 6364 65 0 0
trop 6796 6340 65 0 0
zabor 6864 6352 104 2 8
trop 356 6396 101 0 0
trop 500 6396 90 0 0
lay 744 6392 18 0 0
lay 936 6392 19 0 0
tree 2328 6376 13 0 0
tree 2360 6392 48 0 0
tree 2472 6376 35 0 0
tree 2648 6392 33 0 0
tree 2632 6376 11 0 0
zabor 3088 6384 105 2 8
stand 3144 6392 65 0 179
cliff 3808 6368 39 179 179
tree 3848 6376 11 0 0
tree 4792 6392 58 0 0
tree 5288 6392 2 0 0
zabor 6192 6384 105 2 8
zabor 6224 6384 105 2 8
zabor 6256 6384 104 2 8
zabor 6288 6384 105 2 8
zabor 6320 6384 105 2 8
zabor 6352 6384 104 2 8
zabor 6384 6384 104 2 8
zabor 6416 6384 105 2 8
zabor 6448 6384 105 2 8
zabor 6480 6384 104 2 8
zabor 6512 6384 105 2 8
zabor 6544 6384 105 2 8
zabor 6576 6384 105 2 8
zabor 6608 6384 105 2 8
zabor 6640 6384 104 2 8
zabor 6672 6384 104 2 8
zabor 6704 6384 104 2 8
zabor 6736 6384 105 2 8
zabor 6768 6384 105 2 8
zabor 6832 6384 104 2 8
zabor 6864 6384 105 2 8
trop 44 6404 79 0 0
trop 76 6404 79 0 0
trop 132 6404 79 0 0
trop 188 6404 79 0 0
trop 252 6404 79 0 0
trop 308 6404 79 0 0
trop 364 6404 102 0 0
trop 420 6404 78 0 0
trop 1060 6420 93 0 0
trop 1140 6420 90 0 0
tree 1384 6408 58 0 0
tree 1400 6424 33 0 0
dom 1760 6400 53 0 0
dom 1888 6400 21 0 0
dom 2016 6400 22 0 0
tree 2312 6424 11 0 0
tree 2328 6408 33 0 0
tree 2808 6408 19 0 0
dom 3008 6400 27 0 0
zabor 3088 6416 105 2 8
cliff 3840 6400 35 179 179
tree 4792 6424 43 0 0
tree 4808 6424 57 0 0
cliff 4960 6400 74 179 179
tree 5288 6424 4 0 0
tree 5288 6408 57 0 0
trop 5444 6428 77 0 0
tree 6376 6424 13 0 0
tree 6456 6424 59 0 0
lay 648 6456 22 0 0
trop 884 6452 89 0 0
lay 1272 6456 20 0 0
tree 1384 6440 59 0 0
tree 1640 6456 59 0 0
tree 1688 6456 59 0 0
trop 2164 6436 77 0 0
tree 2776 6456 33 0 0
trop 2964 6436 21 0 0
zabor 3088 6448 105 2 8
stand 3160 6440 101 0 179
stand 3176 6440 101 0 179
dom 4096 6432 53 0 0
tree 4776 6440 13 0 0
tree 4792 6440 51 0 0
tree 6392 6440 50 0 0
tree 6376 6456 27 0 0
tree 6440 6456 51 0 0
trop 6796 6444 65 0 0
stand 456 6488 32 0 0
lay 568 6488 20 0 0
stand 712 6472 0 1 0
trop 996 6476 90 0 0
lay 1272 6488 20 0 0
tree 1400 6488 35 0 0
tree 1448 6472 59 0 0
tree 1576 6488 1 0 0
tree 1672 6488 2 0 0
tree 1688 6472 43 0 0
tree 1704 6488 4 0 0
tree 2344 6472 2 0 0
tree 2792 6472 4 0 0
tree 2808 6488 13 0 0
tree 2824 6488 2 0 0
tree 2904 6472 58 0 0
tree 2936 6488 51 0 0
stand 3048 6488 141 0 179
zabor 3088 6480 105 2 8
stand 3128 6472 66 0 179
fre 3188 6492 83 179 179
fre 3260 6492 83 179 179
fre 3276 6476 82 179 179
cliff 3904 6464 36 179 179
tree 3944 6472 4 0 0
tree 3960 6472 51 0 0
stand 4104 6472 0 1 0
tree 4440 6488 11 0 0
cliff 4544 6464 6 179 179
cliff 4960 6464 83 179 179
tree 6296 6488 21 0 0
tree 6360 6472 57 0 0
tree 7992 6472 27 0 0
tree 7976 6472 58 0 0
tree 7992 6488 35 0 0
tree 8008 6472 57 0 179
tree 8024 6488 43 0 0
tree 8040 6488 50 0 0
tree 8056 6488 35 0 0
tree 8072 6472 58 0 0
tree 200 6520 43 0 0
stand 360 6520 0 1 0
stand 392 6520 0 0 0
stand 408 6504 0 1 0
stand 424 6520 0 1 0
lay 472 6504 20 0 0
lay 536 6520 20 0 0
stand 648 6504 0 1 0
stand 696 6520 0 0 0
stand 1112 6504 32 0 0
lay 1176 6504 19 0 0
tree 1400 6504 33 0 0
tree 1432 6520 59 0 0
tree 1416 6520 58 0 0
tree 1608 6520 50 0 0
tree 1640 6520 57 0 0
tree 1880 6520 35 0 0
tree 1880 6504 35 0 0
tree 1864 6504 2 0 0
tree 2024 6520 48 0 0
tree 2040 6504 57 0 0
trop 2164 6516 76 0 0
tree 2328 6504 33 0 0
tree 2344 6504 43 0 0
fre 3164 6508 82 179 179
fre 3228 6516 82 179 179
lay 3880 6504 13 0 179
lay 3912 6504 14 0 179
tree 4392 6520 58 0 0
tree 4408 6504 50 0 0
cliff 4512 6496 0 179 179
tree 4600 6520 27 0 0
tree 5176 6520 2 0 0
tree 5192 6520 13 0 0
trop 5444 6500 76 0 0
trop 6796 6508 65 0 0
tree 7976 6520 19 0 0
tree 8056 6504 4 0 0
tree 8072 6520 43 0 0
tree 8072 6504 11 0 0
stand 424 6552 0 1 0
stand 584 6552 0 1 0
stand 616 6536 0 1 0
stand 664 6552 0 1 0
stand 728 6536 0 1 0
tree 1400 6536 59 0 0
tree 1384 6536 27 0 0
tree 1416 6536 2 0 0
tree 1704 6552 19 0 0
tree 2024 6536 50 0 0
tree 2040 6536 1 0 0
tree 2024 6552 2 0 0
tree 2312 6536 1 0 0
tree 2360 6552 51 0 0
dom 3008 6528 26 0 179
dom 3360 6528 26 0 179
trop 4204 6548 7 0 0
tree 4392 6552 17 0 0
tree 4392 6536 29 0 0
cliff 4480 6528 2 179 179
tree 4664 6536 43 0 0
cliff 4960 6528 87 179 179
tree 5176 6536 57 0 0
dom 5280 6528 49 0 0
trop 5444 6548 76 0 0
dom 5504 6528 48 0 0
tree 5736 6552 13 0 0
stand 392 6568 0 1 0
stand 520 6584 0 1 0
stand 616 6568 0 0 0
stand 632 6584 0 1 0
stand 680 6584 0 0 0
stand 712 6584 0 1 0
lay 1144 6568 21 0 0
lay 1240 6584 21 0 0
lay 1288 6568 22 0 0
tree 1592 6568 44 0 0
tree 1608 6584 19 0 0
tree 1608 6568 19 0 0
tree 1848 6584 58 0 0
tree 1848 6568 44 0 0
tree 1992 6584 44 0 0
tree 1992 6568 57 0 0
trop 2164 6588 77 0 0
tree 2296 6584 41 0 0
tree 2328 6584 1 0 0
tree 2344 6584 51 0 0
tree 2360 6568 19 0 0
trop 3012 6588 6 179 179
tree 4408 6568 50 0 0
cliff 4448 6560 4 179 179
stand 4760 6584 11 0 0
cliff 4928 6560 83 179 179
dom 5216 6560 127 0 179
trop 5444 6580 76 0 0
tree 5752 6568 59 0 0
trop 6796 6580 65 0 0
tree 7720 6568 27 0 0
tree 7736 6568 21 0 0
tree 7752 6568 51 0 0
tree 7752 6584 2 0 0
stand 408 6616 0 1 0
stand 424 6600 0 0 0
stand 536 6616 0 0 0
stand 552 6600 0 1 0
tree 1640 6616 2 0 0
tree 1688 6616 13 0 0
tree 1720 6616 27 0 0
tree 1736 6600 41 0 0
tree 1752 6600 27 0 0
tree 1752 6616 1 0 0
tree 1848 6600 58 0 0
tree 2296 6616 59 0 0
tree 2344 6600 1 0 0
tree 2344 6616 48 0 0
tree 2360 6600 51 0 0
most 3168 6592 32 0 179
trop 3356 6596 6 179 179
lay 4264 6600 14 0 0
trop 4260 6604 33 0 0
trop 4324 6620 35 0 0
tree 5752 6616 51 0 0
tree 5736 6616 59 0 0
tree 7768 6600 4 0 0
tree 7784 6616 50 0 0
stand 456 6632 0 1 0
stand 536 6648 0 1 0
stand 584 6648 0 1 0
stand 616 6648 0 0 0
stand 696 6632 0 1 0
tree 1080 6632 25 0 0
tree 1064 6632 5 0 0
lay 1192 6648 19 0 0
tree 1624 6632 4 0 0
tree 1640 6632 59 0 0
tree 1656 6648 33 0 0
tree 1640 6648 48 0 0
tree 1704 6632 59 0 0
tree 1768 6648 21 0 0
tree 1784 6648 33 0 0
tree 1816 6632 58 0 0
tree 2296 6632 2 0 0
tree 2328 6632 58 0 0
tree 2312 6648 59 0 0
stand 3160 6648 61 0 179
stand 3144 6648 61 0 179
stand 3192 6648 61 0 179
stand 3176 6648 61 0 179
stand 3208 6648 61 0 179
stand 3240 6648 61 0 179
trop 4404 6644 31 0 0
trop 4812 6652 86 0 0
trop 5452 6628 100 0 0
tree 5736 6632 50 0 0
tree 7784 6632 58 0 0
tree 7800 6648 51 0 0
stand 632 6664 0 1 0
tree 1112 6680 60 0 0
tree 1528 6680 4 0 0
tree 1624 6664 11 0 0
trop 2164 6660 76 0 0
stand 2232 6664 32 0 0
dom 3008 6656 26 0 179
stand 3128 6680 61 0 179
stand 3160 6664 61 0 179
stand 3160 6680 61 0 179
stand 3144 6680 61 0 179
stand 3144 6664 61 0 179
stand 3192 6664 61 0 179
stand 3176 6664 61 0 179
stand 3192 6680 61 0 179
stand 3176 6680 61 0 179
stand 3224 6664 61 0 179
stand 3208 6664 61 0 179
stand 3208 6680 61 0 179
stand 3256 6664 61 0 179
stand 3240 6664 61 0 179
stand 3256 6680 61 0 179
stand 3240 6680 65 0 179
stand 3288 6680 61 0 179
stand 3272 6680 61 0 179
cliff 4448 6656 48 179 179
trop 4724 6684 87 0 0
most 4992 6656 32 0 179
trop 5196 6660 78 0 0
trop 5236 6660 78 0 0
trop 5308 6660 79 0 0
trop 5380 6660 78 0 0
trop 5444 6660 102 0 0
trop 5468 6660 102 0 0
trop 5532 6660 79 0 0
trop 5612 6660 78 0 0
tree 5800 6680 58 0 0
tree 5848 6664 44 0 0
trop 6796 6660 65 0 0
stand 7064 6664 18 0 0
tree 7800 6664 4 0 0
trop 7932 6684 126 0 0
stand 664 6696 0 1 0
tree 1112 6696 51 0 0
zabor 1136 6704 104 2 8
zabor 1264 6704 104 2 8
tree 1496 6696 2 0 0
tree 1512 6696 35 0 0
tree 1560 6696 58 0 0
tree 1544 6696 59 0 0
tree 3096 6712 34 0 179
stand 3144 6696 61 0 179
tree 3144 6712 29 0 179
stand 3176 6696 45 0 179
stand 3224 6696 61 0 179
stand 3208 6696 53 0 179
stand 3240 6696 65 0 179
stand 3256 6696 65 0 179
stand 3256 6712 65 0 179
stand 3288 6696 53 0 179
stand 3272 6712 65 0 179
stand 3320 6712 64 0 179
dom 3360 6688 26 0 179
tree 4344 6712 11 0 0
tree 4616 6712 1 0 0
trop 5740 6700 88 0 0
tree 5880 6712 13 0 0
tree 5864 6696 2 0 0
tree 5896 6712 35 0 0
trop 7020 6716 57 0 0
trop 7116 6700 114 0 0
trop 7196 6700 114 0 0
trop 7284 6700 114 0 0
trop 7372 6700 114 0 0
trop 7452 6700 124 0 0
trop 7540 6700 125 0 0
trop 7620 6700 124 0 0
trop 7692 6700 127 0 0
trop 7732 6708 127 0 0
zabor 1136 6736 105 2 8
zabor 1264 6736 104 2 8
trop 2164 6724 77 0 0
tree 2760 6744 1 0 0
tree 2904 6744 35 0 0
tree 3080 6728 18 0 179
tree 3128 6744 17 0 179
tree 3144 6744 36 0 179
tree 3176 6728 48 0 179
stand 3384 6744 61 0 179
dom 3456 6720 27 0 179
lay 4088 6728 20 0 179
lay 4072 6744 18 0 179
lay 4120 6744 19 0 179
tree 4280 6744 13 0 0
tree 4296 6744 48 0 0
tree 4296 6728 56 0 0
tree 4328 6728 58 0 0
tree 4328 6744 51 0 0
cliff 4416 6720 4 179 179
tree 4600 6728 1 0 0
tree 4600 6744 41 0 0
tree 4616 6728 56 0 0
stand 5496 6728 18 0 0
tree 5816 6744 59 0 0
tree 5896 6744 50 0 0
tree 5896 6728 50 0 0
tree 5912 6728 11 0 0
tree 5944 6744 51 0 0
tree 5928 6744 43 0 0
trop 6796 6748 123 0 0
trop 6796 6740 65 0 0
stand 7320 6744 18 0 0
trop 7740 6740 126 0 0
trop 7924 6724 126 0 0
trop 684 6780 22 0 0
zabor 1136 6768 105 2 8
zabor 1264 6768 104 2 8
lay 1288 6776 19 0 0
tree 1560 6776 19 0 0
tree 1544 6776 41 0 0
tree 2056 6776 19 0 0
tree 2712 6760 11 0 0
tree 2872 6776 48 0 0
tree 2888 6760 21 0 0
tree 2888 6776 41 0 0
tree 2936 6760 56 0 0
tree 2920 6760 11 0 0
tree 3096 6776 9 0 179
tree 3112 6760 18 0 179
tree 3160 6776 28 0 179
tree 3160 6760 29 0 179
tree 3176 6776 17 0 179
tree 3192 6776 60 0 179
tree 3192 6760 28 0 179
tree 3176 6760 3 0 179
tree 3208 6776 5 0 179
lay 4040 6776 10 0 179
lay 4104 6760 20 0 179
tree 5832 6776 35 0 0
tree 5896 6776 21 0 0
tree 5896 6760 43 0 0
trop 6932 6780 56 0 0
trop 7884 6780 126 0 0
trop 7908 6756 126 0 0
zabor 1136 6800 105 2 8
zabor 1264 6800 104 2 8
tree 1528 6808 2 0 0
tree 1512 6808 48 0 0
tree 1528 6792 21 0 0
tree 1560 6792 19 0 0
tree 1944 6792 2 0 0
tree 1960 6808 27 0 0
tree 2040 6792 44 0 0
trop 2164 6804 76 0 0
tree 2344 6792 2 0 0
tree 2344 6808 4 0 0
tree 2616 6792 13 0 0
tree 2648 6792 11 0 0
tree 2744 6792 4 0 0
tree 3080 6808 20 0 179
tree 3096 6792 20 0 179
tree 3096 6808 12 0 179
tree 3112 6808 12 0 179
tree 3144 6808 17 0 179
tree 3144 6792 5 0 179
tree 3208 6792 9 0 179
tree 3208 6808 5 0 179
tree 3224 6792 26 0 179
lay 4040 6808 1 0 179
lay 4040 6792 4 0 179
cliff 4096 6784 32 179 179
cliff 4160 6784 30 179 179
cliff 4224 6784 32 179 179
cliff 4288 6784 31 179 179
cliff 4352 6784 28 179 179
tree 4536 6808 49 0 0
tree 4520 6792 56 0 0
tree 4552 6808 49 0 0
cliff 5504 6784 6 179 179
dom 5632 6784 50 0 179
trop 5748 6788 77 0 0
tree 5832 6792 35 0 0
tree 5880 6792 13 0 0
tree 5880 6808 59 0 0
tree 6488 6808 44 0 0
tree 6520 6792 13 0 0
tree 6552 6792 13 0 0
tree 6584 6808 2 0 0
zabor 1136 6832 104 2 8
zabor 1264 6832 104 2 8
tree 1560 6840 4 0 0
tree 1576 6824 44 0 0
tree 1976 6824 4 0 0
tree 2008 6840 44 0 0
tree 1992 6840 2 0 0
tree 2344 6824 59 0 0
tree 2616 6824 4 0 0
tree 2792 6824 2 0 0
tree 2808 6824 35 0 0
tree 2920 6824 48 0 0
tree 2984 6840 17 0 179
tree 3000 6840 37 0 179
tree 3032 6840 3 0 179
tree 3064 6824 20 0 179
tree 3064 6840 20 0 179
tree 3080 6840 5 0 179
tree 3096 6824 37 0 179
tree 3096 6840 17 0 179
tree 3128 6824 49 0 179
tree 3160 6840 48 0 179
tree 3144 6840 9 0 179
tree 3160 6824 18 0 179
tree 3144 6824 5 0 179
tree 3192 6840 57 0 179
tree 3192 6824 4 0 179
tree 3176 6824 33 0 179
tree 3176 6840 29 0 179
tree 3208 6840 58 0 179
tree 3208 6824 17 0 179
tree 4536 6824 49 0 0
tree 4552 6840 19 0 0
tree 4552 6824 35 0 0
cliff 4928 6816 76 179 179
cliff 5472 6816 2 179 179
tree 5832 6824 57 0 0
tree 6488 6840 21 0 0
tree 6552 6840 19 0 0
tree 6536 6840 35 0 0
tree 6568 6824 50 0 0
tree 6584 6824 57 0 0
tree 6584 6840 43 0 0
tree 6616 6840 35 0 0
tree 6600 6824 21 0 0
trop 6796 6836 68 0 0
tree 6952 6840 43 0 0
tree 7160 6824 59 0 0
tree 7192 6840 27 0 0
tree 7176 6824 59 0 0
trop 7844 6836 126 0 0
trop 7860 6820 126 0 0
zabor 1136 6864 104 2 8
zabor 1264 6864 105 2 8
tree 1768 6872 3 1 0
tree 1912 6872 27 0 0
tree 2024 6856 51 0 0
tree 2056 6872 11 0 0
trop 2164 6876 77 0 0
tree 2680 6872 27 0 0
tree 2744 6856 27 0 0
tree 2760 6872 1 0 0
tree 3016 6856 49 0 179
tree 3032 6872 3 0 179
tree 3048 6856 20 0 179
tree 3064 6872 29 0 179
tree 3096 6856 37 0 179
tree 3080 6856 20 0 179
tree 3080 6872 20 0 179
tree 3128 6872 60 0 179
tree 3112 6872 25 0 179
tree 3128 6856 40 0 179
tree 3112 6856 20 0 179
tree 3144 6856 27 0 179
tree 3144 6872 36 0 179
tree 3160 6872 29 0 179
tree 3160 6856 28 0 179
tree 3192 6856 13 0 179
tree 3176 6872 36 0 179
tree 3176 6856 29 0 179
tree 3208 6872 33 0 0
tree 4552 6872 57 0 0
tree 4568 6872 59 0 0
tree 4568 6856 59 0 0
tree 4552 6856 35 0 0
tree 5256 6872 59 0 0
cliff 5472 6848 8 179 179
lay 5496 6872 10 0 0
trop 5748 6868 76 0 0
tree 5832 6856 59 0 0
tree 5832 6872 11 0 0
tree 6152 6872 43 0 0
tree 6520 6872 44 0 0
tree 6504 6856 50 0 0
tree 6584 6872 13 0 0
trop 6892 6876 39 0 0
tree 7272 6872 43 0 0
tree 7288 6872 13 0 0
trop 7756 6860 126 0 0
trop 7772 6876 126 0 0
trop 7796 6868 126 0 0
trop 7820 6852 127 0 0
trop 268 6892 33 0 0
zabor 1136 6896 105 2 8
zabor 1264 6896 105 2 8
tree 1336 6888 4 0 0
tree 1368 6904 56 0 0
tree 1352 6904 57 0 0
tree 1400 6904 50 0 0
tree 1384 6904 35 0 0
tree 1432 6904 56 0 0
tree 1864 6904 50 0 0
tree 1864 6888 58 0 0
tree 1912 6888 50 0 0
tree 1928 6904 59 0 0
tree 2040 6888 50 0 0
tree 2056 6888 50 0 0
tree 2072 6888 1 0 0
tree 2712 6904 59 0 0
tree 2952 6888 2 0 0
tree 2968 6904 37 0 179
tree 3048 6888 52 0 179
tree 3064 6888 25 0 179
tree 3064 6904 40 0 179
tree 3096 6888 40 0 179
tree 3080 6888 60 0 179
tree 3096 6904 52 0 179
tree 3080 6904 3 0 179
tree 3112 6904 40 0 179
tree 3128 6904 36 0 179
tree 3144 6904 28 0 179
tree 3160 6904 17 0 179
tree 3160 6888 3 0 179
tree 3192 6904 5 0 179
tree 3176 6888 37 0 179
tree 3208 6888 35 0 0
tree 4472 6904 2 0 0
tree 4552 6888 51 0 0
tree 5256 6904 21 0 0
tree 5256 6888 19 0 0
cliff 5504 6880 18 179 179
tree 5832 6904 57 0 0
tree 5912 6888 44 0 0
tree 5912 6904 58 0 0
tree 6136 6888 4 0 0
tree 6488 6904 58 0 0
tree 6504 6888 35 0 0
tree 6600 6888 13 0 0
tree 7336 6888 44 0 0
trop 7780 6908 126 0 0
trop 7804 6900 126 0 0
tree 216 6936 59 0 0
tree 872 6936 34 1 0
tree 888 6936 48 0 0
tree 904 6936 56 0 0
zabor 1136 6928 104 2 8
zabor 1168 6928 105 2 8
zabor 1264 6928 104 2 8
tree 1432 6920 19 0 0
tree 1464 6920 59 0 0
tree 1496 6920 44 0 0
tree 1528 6920 41 0 0
tree 1816 6936 3 1 0
tree 1800 6920 3 1 0
tree 1928 6936 33 0 0
tree 1944 6920 57 0 0
tree 2680 6936 44 0 0
tree 2680 6920 58 0 0
tree 2904 6936 27 0 0
tree 2920 6920 2 0 0
tree 2936 6936 52 0 179
tree 2952 6920 28 0 179
tree 2952 6936 9 0 179
tree 3000 6936 5 0 179
tree 2984 6920 36 0 179
tree 3032 6920 52 0 179
tree 3048 6920 37 0 179
tree 3064 6920 12 0 179
tree 3064 6936 5 0 179
tree 3080 6936 5 0 179
tree 3096 6920 12 0 179
tree 3080 6920 40 0 179
tree 3112 6936 36 0 179
tree 3128 6936 9 0 179
tree 3128 6920 29 0 179
tree 3112 6920 29 0 179
tree 3144 6920 40 0 179
tree 3320 6920 19 0 0
tree 3320 6936 50 0 0
tree 3352 6936 1 0 0
tree 4472 6936 28 0 0
tree 4456 6936 44 0 0
tree 4456 6920 21 0 0
tree 4472 6920 40 0 0
tree 4504 6920 2 0 0
tree 5208 6920 13 0 0
tree 5208 6936 50 0 0
tree 5192 6936 21 0 0
trop 5748 6932 76 0 0
tree 5848 6920 43 0 0
tree 5880 6920 27 0 0
tree 5896 6920 44 0 0
tree 6392 6936 43 0 0
tree 6424 6920 11 0 0
tree 6440 6936 44 0 0
tree 6456 6936 4 0 0
tree 6472 6936 57 0 0
trop 6796 6924 68 0 0
tree 7448 6936 11 0 0
tree 7480 6936 27 0 0
trop 7780 6940 123 0 0
trop 7796 6940 126 0 0
tree 8040 6920 50 0 0
tree 8056 6920 50 0 0
tree 200 6968 59 0 0
tree 456 6968 51 0 0
tree 872 6968 34 1 0
tree 872 6952 34 1 0
tree 920 6968 34 1 0
tree 952 6968 34 1 0
zabor 1168 6960 104 2 8
zabor 1264 6960 105 2 8
tree 1816 6952 3 1 0
tree 1848 6968 3 1 0
tree 1848 6952 3 1 0
tree 1864 6968 3 1 0
tree 1880 6952 50 0 0
tree 1896 6952 51 0 0
tree 1912 6952 59 0 0
tree 1944 6968 3 1 0
stand 2104 6952 32 0 0
trop 2164 6956 76 0 0
tree 2360 6952 51 0 0
tree 2376 6952 43 0 0
tree 2936 6952 3 0 179
tree 2920 6952 25 0 179
tree 2920 6968 49 0 179
tree 2952 6968 17 0 179
tree 2968 6968 29 0 179
tree 2968 6952 26 0 179
tree 2952 6952 60 0 179
tree 2984 6968 12 0 179
tree 3032 6968 52 0 179
tree 3016 6952 9 0 179
tree 3048 6952 3 0 179
tree 3048 6968 40 0 179
tree 3080 6968 58 0 179
tree 3080 6952 12 0 179
tree 3096 6968 26 0 179
tree 3096 6952 28 0 179
tree 3112 6952 49 0 179
tree 4456 6952 25 0 0
tree 5192 6968 13 0 0
tree 5400 6952 11 0 0
tree 5416 6952 11 0 0
cliff 5568 6944 18 179 179
tree 5848 6952 59 0 0
tree 5864 6952 21 0 0
tree 6024 6968 59 0 0
tree 6056 6968 19 0 0
tree 6088 6952 58 0 0
tree 6344 6968 57 0 0
tree 6392 6968 58 0 0
tree 6392 6952 51 0 0
tree 6440 6952 51 0 0
tree 6552 6968 27 0 0
tree 6648 6952 27 0 0
tree 6664 6968 2 0 0
trop 6876 6956 68 0 0
tree 7112 6952 19 0 0
tree 7128 6968 59 0 0
tree 7128 6952 44 0 0
tree 7144 6968 57 0 0
tree 216 6984 35 0 0
tree 456 6984 11 0 0
tree 456 7000 59 0 0
tree 792 7000 33 0 0
tree 824 7000 41 0 0
tree 808 7000 33 0 0
tree 856 7000 34 1 0
tree 872 7000 34 1 0
tree 872 6984 34 1 0
tree 888 7000 34 1 0
tree 920 6984 34 1 0
tree 904 6984 34 1 0
tree 936 6984 34 1 0
tree 952 6984 34 1 0
tree 952 7000 34 1 0
zabor 1168 6992 104 2 8
zabor 1264 6992 105 2 8
tree 1832 7000 3 1 0
tree 1832 6984 3 1 0
tree 1880 6984 3 1 0
tree 1928 7000 3 1 0
tree 1944 6984 3 1 0
tree 3000 6984 44 0 0
tree 2984 6984 12 0 179
tree 3000 7000 5 0 179
tree 3016 6984 60 0 179
tree 5144 7000 21 0 0
tree 5160 7000 43 0 0
tree 5816 6984 58 0 0
tree 5848 7000 19 0 0
tree 5832 7000 19 0 0
stand 5880 7000 18 0 0
tree 6024 6984 43 0 0
tree 6344 6984 44 0 0
tree 6392 6984 13 0 0
tree 6488 7000 57 0 0
tree 6504 6984 35 0 0
tree 6504 7000 58 0 0
tree 6520 6984 2 0 0
tree 6568 6984 11 0 0
tree 6568 7000 19 0 0
tree 6584 7000 21 0 0
tree 6696 6984 59 0 0
tree 7176 6984 58 0 0
tree 7176 7000 11 0 0
tree 7448 7000 4 0 0
tree 7448 6984 13 0 0
tree 7464 6984 58 0 0
trop 7780 6996 122 0 0
tree 8024 7000 43 0 0
tree 792 7032 48 0 0
tree 776 7016 41 0 0
tree 824 7032 34 1 0
tree 824 7016 34 1 0
tree 808 7016 33 0 0
tree 856 7016 34 1 0
tree 872 7016 34 1 0
tree 872 7032 34 1 0
tree 888 7032 34 1 0
tree 904 7032 34 1 0
zabor 1168 7024 105 2 8
zabor 1264 7024 105 2 8
zabor 1296 7024 104 2 8
tree 1784 7016 3 1 0
tree 1912 7016 3 1 0
tree 1896 7016 3 1 0
tree 1896 7032 3 1 0
tree 1944 7032 3 1 0
tree 2024 7016 44 0 0
tree 2072 7032 21 0 0
tree 2104 7016 2 0 0
trop 2164 7020 77 0 0
tree 3016 7016 4 0 0
tree 5160 7016 50 0 0
tree 5416 7016 50 0 0
tree 6488 7032 58 0 0
tree 6488 7016 43 0 0
tree 6504 7016 27 0 0
tree 6728 7016 59 0 0
tree 6744 7032 50 0 0
tree 6728 7032 19 0 0
trop 6796 7012 68 0 0
trop 6852 7036 69 0 0
tree 7176 7016 44 0 0
tree 7192 7016 43 0 0
tree 7208 7016 51 0 0
trop 7780 7028 65 0 0
stand 7816 7016 18 0 0
tree 8024 7016 57 0 0
tree 8024 7032 51 0 0
tree 456 7048 19 0 0
zabor 528 7056 104 2 8
tree 840 7048 34 1 0
tree 840 7064 34 1 0
tree 856 7064 34 1 0
tree 888 7048 34 1 0
tree 888 7064 34 1 0
tree 872 7048 34 1 0
tree 872 7064 34 1 0
zabor 1168 7056 105 2 8
zabor 1296 7056 105 2 8
tree 1944 7048 3 1 0
tree 2264 7064 13 0 0
tree 2296 7048 43 0 0
tree 3032 7048 33 0 0
tree 3128 7064 51 0 0
tree 3160 7064 19 0 0
tree 5528 7064 27 0 0
tree 5544 7064 4 0 0
cliff 5632 7040 8 179 179
trop 5780 7044 89 0 0
trop 5972 7068 85 0 0
tree 6680 7064 4 0 0
tree 6712 7048 2 0 0
tree 6696 7048 59 0 0
tree 6696 7064 43 0 0
tree 6712 7064 11 0 0
tree 6744 7048 4 0 0
trop 6820 7068 70 0 0
trop 7780 7060 65 0 0
tree 456 7080 44 0 0
tree 792 7096 34 1 0
tree 824 7096 34 1 0
tree 840 7080 34 1 0
tree 856 7080 34 1 0
tree 856 7096 34 1 0
tree 888 7096 34 1 0
tree 872 7080 34 1 0
tree 1112 7096 34 1 0
tree 1144 7096 34 1 0
tree 1128 7096 34 1 0
zabor 1168 7088 105 2 8
tree 1224 7080 34 1 0
tree 1224 7096 34 1 0
tree 1256 7096 41 0 0
zabor 1296 7088 104 2 8
tree 1880 7096 13 0 0
tree 1912 7080 1 0 0
tree 1928 7080 41 0 0
tree 1976 7080 3 1 0
tree 1960 7080 3 1 0
tree 2056 7096 43 0 0
trop 2164 7100 76 0 0
tree 3144 7080 21 0 0
lay 5672 7096 3 0 0
trop 5884 7076 84 0 0
trop 6340 7076 125 0 0
trop 6404 7076 116 0 0
trop 6484 7100 117 0 0
tree 6776 7080 58 0 0
tree 6792 7080 35 0 0
trop 6804 7100 68 0 0
tree 216 7112 44 0 0
tree 216 7128 4 0 0
tree 248 7112 40 1 0
tree 248 7128 40 1 0
tree 232 7112 57 0 0
tree 824 7112 34 1 0
tree 856 7128 34 1 0
tree 840 7112 34 1 0
tree 840 7128 34 1 0
tree 888 7128 34 1 0
tree 888 7112 34 1 0
tree 904 7128 34 1 0
tree 1112 7112 34 1 0
tree 1144 7128 34 1 0
tree 1144 7112 34 1 0
zabor 1168 7120 105 2 8
tree 1192 7128 34 1 0
tree 1192 7112 34 1 0
tree 1272 7112 48 0 0
tree 1752 7128 3 1 0
tree 1736 7128 3 1 0
tree 1784 7112 3 1 0
tree 1768 7128 3 1 0
tree 1816 7112 3 1 0
tree 1800 7128 3 1 0
tree 1816 7128 56 0 0
tree 1832 7128 41 0 0
tree 1848 7112 50 0 0
tree 1880 7112 56 0 0
tree 1912 7128 1 0 0
tree 1944 7128 48 0 0
tree 2008 7128 3 1 0
tree 2024 7112 3 1 0
tree 2040 7112 3 1 0
tree 2040 7128 3 1 0
tree 2888 7112 49 0 179
tree 2888 7128 3 0 179
tree 2904 7112 12 0 179
tree 3016 7128 60 0 179
tree 3592 7128 41 0 0
tree 5144 7128 50 0 0
tree 5160 7112 21 0 0
cliff 5632 7104 11 179 179
lay 5736 7128 4 0 0
lay 5736 7112 9 0 0
dom 6560 7104 50 0 0
tree 7288 7128 19 0 0
tree 7304 7128 43 0 0
trop 7780 7124 65 0 0
tree 136 7160 4 0 0
tree 152 7160 19 0 0
tree 184 7160 11 0 0
tree 200 7160 13 0 0
tree 216 7160 2 0 0
tree 248 7160 40 1 0
tree 248 7144 40 1 0
tree 264 7160 40 1 0
tree 552 7160 41 0 0
tree 568 7144 56 0 0
tree 584 7160 56 0 0
tree 632 7144 41 0 0
tree 632 7160 1 0 0
zabor 720 7152 104 2 8
tree 824 7144 34 1 0
tree 808 7160 42 1 0
tree 824 7160 33 0 0
tree 856 7144 34 1 0
tree 840 7160 41 0 0
tree 888 7144 34 1 0
tree 1128 7144 34 1 0
zabor 1168 7152 105 2 8
tree 1208 7144 34 1 0
tree 1208 7160 34 1 0
tree 1192 7144 34 1 0
tree 1592 7144 3 1 0
tree 1752 7160 3 1 0
tree 1784 7160 3 1 0
tree 1816 7144 43 0 0
tree 1896 7160 27 0 0
trop 2164 7164 77 0 0
tree 2984 7144 1 0 0
tree 3000 7144 5 0 179
tree 3000 7160 17 0 179
tree 3016 7144 49 0 179
tree 3048 7160 9 0 179
tree 3048 7144 28 0 179
tree 3064 7144 28 0 179
tree 3576 7144 11 0 0
tree 3560 7144 27 0 0
tree 5144 7144 2 0 0
tree 5128 7144 11 0 0
tree 5128 7160 35 0 0
stand 6472 7144 33 0 0
cliff 7264 7136 41 179 179
tree 7288 7144 21 0 0
tree 7336 7144 21 0 0
tree 136 7192 40 1 0
tree 216 7176 40 1 0
tree 200 7192 40 1 0
tree 248 7176 40 1 0
tree 232 7192 2 0 0
tree 280 7176 40 1 0
tree 568 7192 48 0 0
tree 552 7192 41 0 0
tree 584 7176 1 0 0
tree 632 7192 33 0 0
tree 680 7176 33 0 0
tree 760 7192 48 0 0
tree 808 7176 34 1 0
tree 824 7192 42 1 0
tree 808 7192 42 1 0
tree 840 7176 34 1 0
tree 840 7192 34 1 0
tree 856 7192 32 0 0
tree 856 7176 33 0 0
tree 872 7192 34 1 0
tree 888 7192 1 0 0
tree 872 7176 56 0 0
zabor 1168 7184 104 2 8
tree 1208 7176 34 1 0
tree 1304 7192 41 0 0
tree 1608 7192 3 1 0
tree 1640 7192 3 1 0
tree 1720 7192 48 0 0
tree 1704 7176 41 0 0
tree 1784 7192 3 1 0
tree 1800 7192 3 1 0
tree 1848 7176 3 1 0
tree 1880 7192 3 1 0
tree 1912 7176 41 0 0
tree 1896 7192 21 0 0
tree 2008 7192 33 0 0
tree 2440 7192 1 0 0
tree 3000 7176 49 0 179
tree 3000 7192 18 0 179
tree 3032 7176 20 0 179
tree 3016 7192 3 0 179
tree 3048 7176 25 0 179
tree 3064 7176 9 0 179
tree 3096 7176 56 0 0
tree 3080 7192 40 0 179
tree 5272 7192 19 0 0
tree 5288 7176 59 0 0
tree 5800 7192 19 0 0
trop 6532 7172 118 0 0
trop 6604 7196 113 0 0
trop 6804 7180 68 0 0
cliff 7232 7168 41 179 179
tree 184 7208 40 1 0
tree 168 7224 40 1 0
tree 216 7208 40 1 0
tree 200 7208 40 1 0
tree 216 7224 57 0 0
tree 232 7208 40 1 0
tree 552 7224 48 0 0
tree 600 7208 48 0 0
tree 760 7224 34 1 0
tree 760 7208 34 1 0
tree 792 7224 34 1 0
tree 792 7208 42 1 0
tree 776 7208 42 1 0
tree 824 7224 34 1 0
tree 808 7208 34 1 0
tree 808 7224 34 1 0
tree 824 7208 42 1 0
tree 856 7208 34 1 0
tree 1256 7224 33 0 0
tree 1288 7224 41 0 0
tree 1304 7208 1 0 0
vor 1412 7204 88 179 179
tree 1656 7224 3 1 0
tree 1704 7208 35 0 0
tree 1832 7224 3 1 0
tree 1848 7208 3 1 0
tree 1864 7208 3 1 0
tree 1880 7208 3 1 0
tree 1864 7224 3 1 0
tree 2392 7224 33 0 0
tree 2408 7208 27 0 0
tree 3032 7224 37 0 179
tree 3016 7208 29 0 179
tree 3032 7208 5 0 179
tree 3048 7224 40 0 179
tree 3064 7224 52 0 179
tree 3080 7208 20 0 179
tree 3704 7224 21 0 0
tree 5240 7224 44 0 0
tree 5256 7208 58 0 0
tree 5512 7208 50 0 0
tree 5800 7208 50 0 0
trop 6684 7220 117 0 0
tree 7192 7208 44 0 0
cliff 7200 7200 41 179 179
tree 7576 7208 21 0 0
tree 7624 7208 4 0 0
tree 7640 7208 44 0 0
tree 7656 7224 59 0 0
trop 7780 7204 65 0 0
tree 152 7240 40 1 0
tree 1304 7240 33 0 0
tree 1288 7240 48 0 0
tree 1656 7240 3 1 0
tree 1720 7256 21 0 0
tree 1736 7240 11 0 0
tree 1752 7256 56 0 0
tree 1848 7256 3 1 0
tree 1832 7240 3 1 0
tree 1864 7240 3 1 0
tree 1880 7240 3 1 0
tree 1880 7256 3 1 0
tree 1864 7256 3 1 0
trop 2164 7252 76 0 0
tree 2952 7240 19 0 0
tree 3000 7240 29 0 179
tree 3000 7256 9 0 179
tree 2984 7256 20 0 179
tree 3032 7240 36 0 179
tree 3032 7256 28 0 179
tree 3016 7240 60 0 179
tree 3064 7256 40 0 179
tree 3064 7240 49 0 179
tree 3048 7240 37 0 179
tree 3544 7256 48 0 0
tree 5048 7256 21 0 0
tree 5032 7256 57 0 0
tree 5080 7240 59 0 0
tree 5208 7256 11 0 0
tree 5240 7240 19 0 0
tree 5224 7240 50 0 0
tree 5224 7256 44 0 0
tree 6136 7240 2 0 0
tree 6152 7256 44 0 0
tree 6168 7256 57 0 0
trop 6796 7260 122 0 0
tree 6872 7256 51 0 0
cliff 7584 7232 16 179 179
cliff 7648 7232 16 179 179
trop 580 7268 33 0 0
dom 608 7264 40 0 0
tree 696 7272 33 0 0
zabor 752 7280 104 2 8
tree 776 7272 34 1 0
tree 1640 7272 3 1 0
tree 1672 7288 3 1 0
tree 1672 7272 3 1 0
tree 1752 7288 57 0 0
tree 1768 7272 27 0 0
tree 1832 7272 3 1 0
tree 1864 7272 3 1 0
tree 1880 7288 3 1 0
tree 2936 7288 11 0 0
tree 2968 7288 27 0 0
tree 2984 7272 26 0 179
tree 2984 7288 36 0 179
tree 3032 7272 28 0 179
tree 3048 7288 40 0 179
tree 3048 7272 3 0 179
tree 3544 7272 13 0 0
tree 5016 7272 11 0 0
tree 5016 7288 13 0 0
tree 5032 7272 4 0 0
tree 5048 7272 21 0 0
tree 5272 7288 59 0 0
tree 6088 7272 51 0 0
tree 6088 7288 43 0 0
cliff 7200 7264 39 179 179
tree 7640 7288 57 0 0
tree 7656 7288 51 0 0
trop 7780 7284 65 0 0
tree 1672 7304 3 1 0
tree 1720 7320 3 1 0
tree 1704 7304 3 1 0
tree 1704 7320 3 1 0
tree 1752 7304 56 0 0
tree 1768 7320 35 0 0
tree 1832 7304 3 1 0
tree 1832 7320 3 1 0
tree 1896 7304 3 1 0
tree 2008 7320 59 0 0
tree 2024 7320 59 0 0
trop 2164 7324 77 0 0
tree 3000 7304 12 0 179
tree 3048 7304 25 0 179
tree 6072 7320 57 0 0
tree 6088 7304 13 0 0
tree 6088 7320 2 0 0
trop 6708 7300 68 0 0
tree 7624 7304 43 0 0
zabor 720 7344 105 2 8
tree 824 7352 48 0 0
tree 840 7352 56 0 0
tree 856 7336 56 0 0
tree 1592 7336 57 0 0
tree 1576 7352 13 0 0
tree 1592 7352 4 0 0
tree 1624 7336 21 0 0
tree 1608 7336 44 0 0
tree 1656 7336 2 0 0
tree 1672 7352 21 0 0
tree 1704 7336 3 1 0
tree 1752 7336 3 1 0
tree 1784 7352 3 1 0
tree 1768 7336 33 0 0
tree 1848 7336 3 1 0
tree 1848 7352 3 1 0
tree 1912 7352 3 1 0
tree 2040 7336 1 0 0
tree 3528 7336 21 0 0
tree 3672 7336 27 0 179
tree 4968 7352 2 0 0
tree 4984 7352 21 0 0
tree 5288 7336 50 0 0
tree 5304 7352 11 0 0
tree 6056 7336 11 0 0
tree 6072 7336 51 0 0
tree 7192 7336 11 0 0
cliff 7200 7328 39 179 179
tree 7656 7352 44 0 0
tree 7672 7352 44 0 0
stand 7752 7336 33 0 0
trop 7780 7332 123 0 0
tree 7896 7352 27 0 0
tree 7912 7352 51 0 0
tree 7992 7352 57 0 0
tree 8008 7336 4 0 0
zabor 208 7376 104 2 8
zabor 240 7376 104 2 8
tree 792 7384 56 0 0
tree 808 7384 56 0 0
tree 840 7384 48 0 0
tree 1688 7384 3 1 0
tree 1720 7384 3 1 0
tree 3496 7368 50 0 0
tree 5112 7384 50 0 0
tree 5112 7368 50 0 0
tree 5304 7368 57 0 0
tree 6296 7368 21 0 0
tree 6312 7384 21 0 0
trop 6708 7380 68 0 0
tree 7192 7368 27 0 0
tree 7208 7384 4 0 0
tree 7640 7368 59 0 0
tree 7672 7384 51 0 0
tree 7672 7368 19 0 0
tree 7704 7384 35 0 0
zabor 272 7408 104 2 8
tree 824 7416 33 0 0
tree 1656 7416 44 0 0
tree 1688 7400 3 1 0
tree 1720 7400 3 1 0
tree 1768 7400 57 0 0
trop 2164 7404 76 0 0
tree 2264 7400 13 0 0
tree 2280 7416 58 0 0
tree 3016 7416 58 0 0
tree 3048 7416 26 0 179
tree 5304 7400 43 0 0
tree 5320 7416 50 0 0
tree 5384 7416 50 0 0
tree 6312 7400 27 0 0
tree 6312 7416 43 0 0
cliff 7200 7392 39 179 179
tree 7224 7416 50 0 0
tree 7208 7416 57 0 0
trop 7780 7420 68 0 0
tree 280 7432 35 0 0
tree 712 7448 42 1 0
tree 824 7448 48 0 0
tree 840 7448 41 0 0
tree 1624 7448 35 0 0
tree 1720 7448 3 1 0
tree 1736 7448 3 1 0
tree 1864 7448 33 0 0
tree 1880 7432 50 0 0
stand 2232 7432 32 0 0
tree 3032 7448 44 0 0
tree 3016 7448 27 0 0
tree 3064 7432 9 0 179
tree 3048 7448 37 0 179
tree 3080 7448 51 0 0
tree 5080 7432 19 0 0
cliff 7200 7424 39 179 179
tree 7896 7448 44 0 0
tree 7896 7432 21 0 0
tree 7880 7448 58 0 0
tree 7912 7432 4 0 0
tree 8056 7432 58 0 0
tree 8056 7448 51 0 0
tree 8072 7432 58 0 0
tree 280 7480 21 0 0
tree 280 7464 19 0 0
tree 760 7480 42 1 0
tree 744 7480 42 1 0
tree 760 7464 42 1 0
tree 808 7464 42 1 0
tree 808 7480 42 1 0
tree 824 7480 42 1 0
tree 824 7464 41 0 0
tree 840 7464 41 0 0
tree 840 7480 1 0 0
tree 888 7464 56 0 0
tree 904 7480 42 1 0
zabor 1040 7472 104 2 8
zabor 1072 7472 105 2 8
zabor 1104 7472 104 2 8
zabor 1136 7472 104 2 8
tree 2088 7480 1 0 0
trop 2164 7476 77 0 0
tree 3096 7480 33 0 0
tree 5080 7480 35 0 0
dom 5184 7456 49 0 0
tree 6024 7464 13 0 0
tree 6056 7480 50 0 0
tree 6072 7464 43 0 0
tree 6280 7464 58 0 0
tree 6328 7480 19 0 0
trop 6708 7468 68 0 0
tree 8056 7464 2 0 0
tree 296 7512 58 0 0
tree 296 7496 2 0 0
dom 576 7488 30 0 179
tree 664 7512 56 0 0
tree 664 7496 56 0 0
tree 696 7512 41 0 0
tree 792 7512 42 1 0
tree 808 7496 42 1 0
tree 824 7512 42 1 0
tree 872 7512 42 1 0
tree 872 7496 42 1 0
tree 904 7512 42 1 0
tree 1592 7496 58 0 0
tree 3064 7512 57 0 0
tree 3096 7512 57 0 0
tree 4152 7512 27 0 0
tree 5080 7496 35 0 0
tree 6792 7496 4 0 0
tree 6840 7496 58 0 0
tree 6824 7496 2 0 0
tree 6824 7512 27 0 0
cliff 7168 7488 41 179 179
trop 7780 7508 68 0 0
zabor 272 7536 105 2 8
zabor 304 7536 105 2 8
tree 376 7544 41 0 0
tree 376 7528 33 0 0
tree 360 7528 1 0 0
tree 392 7544 56 0 0
tree 680 7528 48 0 0
tree 696 7528 1 0 0
tree 728 7528 56 0 0
tree 744 7528 48 0 0
tree 760 7544 1 0 0
tree 824 7528 42 1 0
tree 856 7528 42 1 0
tree 840 7528 42 1 0
tree 3128 7544 13 0 0
tree 3144 7544 21 0 0
tree 3144 7528 27 0 0
dom 3552 7520 109 1 179
fre 3756 7540 5 179 179
tree 4136 7544 56 0 0
tree 5096 7544 57 0 0
tree 5112 7544 35 0 0
tree 5416 7528 43 0 0
tree 5416 7544 57 0 0
tree 5784 7528 59 0 0
tree 5816 7544 11 0 0
tree 5800 7528 58 0 0
tree 5832 7528 19 0 0
tree 6024 7528 51 0 0
tree 6040 7528 50 0 0
stand 6664 7528 33 0 0
trop 6708 7548 66 0 0
tree 8024 7544 59 0 0
tree 8024 7528 44 0 0
zabor 272 7568 105 2 8
tree 376 7576 33 0 0
tree 408 7560 33 0 0
tree 392 7576 48 0 0
tree 424 7560 48 0 0
zabor 656 7568 105 2 8
tree 696 7560 48 0 0
tree 744 7560 33 0 0
tree 760 7576 41 0 0
tree 744 7576 1 0 0
trop 1028 7556 33 0 0
dom 1056 7552 40 0 0
zabor 1168 7568 104 2 8
tree 2040 7560 44 0 0
tree 2056 7560 35 0 0
trop 2164 7556 76 0 0
tree 3064 7576 59 0 0
tree 3080 7560 35 0 0
tree 3096 7576 50 0 0
dom 3616 7552 108 2 179
fre 3764 7572 3 179 179
fre 3788 7556 83 179 179
tree 3864 7560 41 0 0
vor 3940 7556 24 179 179
tree 4120 7576 59 0 0
tree 4136 7576 44 0 0
tree 5064 7576 27 0 0
tree 5720 7576 13 0 0
tree 5784 7560 4 0 0
tree 5816 7560 27 0 0
tree 5896 7576 58 0 0
tree 5928 7576 21 0 0
tree 5944 7576 11 0 0
tree 5960 7560 59 0 0
tree 7368 7576 59 0 0
tree 8024 7560 35 0 0
dom 352 7584 40 0 0
dom 576 7584 127 0 179
zabor 656 7600 105 2 8
tree 760 7592 33 0 0
tree 776 7608 56 0 0
zabor 1168 7600 104 2 8
tree 3032 7608 13 0 0
tree 3048 7592 1 0 0
tree 3144 7592 35 0 0
lay 3176 7608 1 0 0
fre 3548 7596 42 179 179
vor 3572 7612 0 179 179
vor 3900 7612 73 179 179
trop 5252 7588 6 0 0
tree 5688 7608 21 0 0
tree 5720 7592 43 0 0
tree 5928 7592 43 0 0
tree 6408 7608 35 0 0
trop 7756 7588 69 0 0
stand 7816 7592 18 0 0
tree 7928 7592 4 0 0
tree 7944 7592 21 0 0
zabor 656 7632 104 2 8
zabor 1168 7632 104 2 8
trop 2164 7628 77 0 0
tree 3048 7624 2 0 0
vor 3516 7620 33 179 179
fre 3556 7644 41 179 179
fre 3580 7636 45 179 179
fre 3668 7636 82 179 179
fre 3684 7644 82 179 179
vor 3940 7644 16 179 179
tree 4072 7640 50 0 0
tree 5144 7640 11 0 0
tree 5144 7624 11 0 0
tree 5160 7624 57 0 0
tree 5176 7624 44 0 0
tree 5176 7640 13 0 0
tree 5624 7640 58 0 0
tree 5944 7624 57 0 0
tree 5944 7640 35 0 0
tree 6328 7640 59 0 0
tree 6392 7624 21 0 0
tree 6376 7640 27 0 0
tree 6456 7640 58 0 0
tree 6440 7624 27 0 0
trop 6708 7628 66 0 0
trop 7684 7628 70 0 0
zabor 656 7664 105 2 8
tree 744 7656 42 1 0
tree 760 7656 42 1 0
zabor 1168 7664 105 2 8
fre 3524 7668 48 179 179
fre 3612 7660 70 179 179
fre 3692 7668 82 179 179
fre 3900 7652 41 179 179
tree 4056 7656 43 0 0
tree 4088 7656 27 0 0
tree 4072 7656 21 0 0
dom 4448 7648 47 0 0
stand 4568 7672 18 0 0
tree 5016 7656 19 0 0
tree 5080 7656 4 0 0
tree 5176 7672 27 0 0
tree 5192 7656 19 0 0
tree 5560 7656 11 0 0
tree 5576 7656 13 0 0
tree 5592 7656 50 0 0
tree 5624 7672 2 0 0
tree 5608 7656 13 0 0
tree 5624 7656 58 0 0
tree 5640 7656 59 0 0
tree 6360 7656 4 0 0
tree 6376 7656 19 0 0
tree 6456 7672 50 0 0
tree 6488 7656 59 0 0
tree 6472 7656 19 0 0
tree 6472 7672 43 0 0
zabor 656 7696 105 2 8
tree 696 7704 16 0 0
tree 712 7704 42 1 0
tree 712 7688 0 0 0
zabor 1168 7696 105 2 8
tree 1560 7704 11 0 0
tree 1688 7704 59 0 0
tree 1704 7704 19 0 0
tree 1720 7704 21 0 0
tree 1736 7704 2 0 0
trop 2164 7708 76 0 0
vor 3572 7684 9 179 179
fre 3692 7708 76 179 179
stand 3832 7704 127 0 179
vor 4036 7700 25 179 179
stand 5000 7704 33 0 0
trop 5260 7684 6 0 0
tree 5672 7704 13 0 0
tree 6280 7688 43 0 0
tree 6280 7704 50 0 0
tree 6472 7688 43 0 0
tree 6488 7688 19 0 0
trop 6732 7708 118 0 0
stand 7368 7688 18 0 0
trop 7644 7708 69 0 0
zabor 528 7728 105 2 8
zabor 688 7728 105 2 8
tree 744 7736 42 1 0
zabor 1168 7728 105 2 8
tree 1560 7720 58 0 0
tree 1592 7720 50 0 0
tree 1624 7720 2 0 0
tree 1944 7736 44 0 0
vor 3652 7724 65 179 179
vor 3932 7732 88 179 179
fre 3988 7716 44 179 179
tree 5624 7720 51 0 0
tree 5640 7736 58 0 0
tree 5656 7736 51 0 0
tree 5672 7736 4 0 0
dom 5760 7712 48 0 0
tree 6008 7720 11 0 0
trop 6692 7732 69 0 0
trop 6788 7724 113 0 0
trop 6860 7724 113 0 0
trop 6948 7724 113 0 0
trop 7036 7724 113 0 0
trop 7124 7724 113 0 0
trop 7212 7724 113 0 0
trop 7300 7724 113 0 0
trop 7388 7724 113 0 0
trop 7476 7724 113 0 0
trop 7564 7724 113 0 0
tree 760 7752 42 1 0
tree 776 7768 42 1 0
tree 824 7768 42 1 0
tree 840 7768 42 1 0
zabor 1168 7760 104 2 8
tree 1912 7768 2 0 0
fre 3996 7748 40 179 179
trop 5012 7748 125 0 0
trop 5076 7748 113 0 0
trop 5164 7748 113 0 0
trop 5236 7748 113 0 0
trop 5324 7748 115 0 0
trop 5412 7756 58 0 0
trop 6548 7772 70 0 0
trop 6620 7748 113 0 0
tree 408 7800 42 1 0
tree 440 7800 42 1 0
tree 424 7800 42 1 0
tree 472 7800 42 1 0
tree 472 7784 42 1 0
tree 456 7800 42 1 0
tree 488 7784 42 1 0
tree 488 7800 42 1 0
tree 504 7800 42 1 0
tree 824 7784 42 1 0
tree 808 7800 42 1 0
zabor 1168 7792 104 2 8
tree 1928 7800 21 0 0
tree 1944 7784 44 0 0
fre 3772 7796 26 179 179
fre 3764 7780 14 179 179
fre 3748 7788 82 179 179
cliff 3936 7776 39 179 179
stand 5432 7800 33 0 0
trop 5516 7804 59 0 0
tree 5576 7784 43 0 0
tree 5592 7784 21 0 0
trop 5812 7804 0 0 0
tree 5928 7800 13 0 0
tree 5944 7800 57 0 0
tree 6024 7800 58 0 0
tree 6088 7800 13 0 0
tree 6216 7800 27 0 0
tree 6216 7784 11 0 0
tree 6248 7800 19 0 0
stand 7000 7784 18 0 0
tree 440 7816 42 1 0
tree 456 7816 42 1 0
tree 472 7816 42 1 0
tree 472 7832 42 1 0
tree 792 7816 42 1 0
tree 824 7832 42 1 0
tree 824 7816 42 1 0
tree 808 7816 42 1 0
zabor 1040 7824 105 2 8
tree 1880 7816 51 0 0
tree 1864 7832 13 0 0
stand 2120 7832 32 0 0
trop 2196 7820 89 0 0
stand 3288 7816 100 0 179
tree 3672 7816 19 0 0
tree 3656 7832 4 0 0
tree 3656 7816 1 0 0
dom 3712 7808 40 1 179
fre 3772 7820 7 179 179
fre 3772 7836 80 179 179
fre 3764 7812 81 179 179
cliff 3968 7808 35 179 179
tree 4024 7832 2 0 0
dom 6752 7808 28 0 179
tree 504 7848 42 1 0
tree 536 7848 42 1 0
tree 520 7864 42 1 0
tree 792 7864 42 1 0
tree 840 7864 42 1 0
tree 888 7848 42 1 0
tree 1816 7864 11 0 0
tree 1832 7848 11 0 0
fre 3772 7860 13 179 179
fre 3764 7844 82 179 179
stand 3912 7848 109 0 179
tree 4072 7864 11 0 0
tree 4168 7864 43 0 0
tree 4184 7848 59 0 0
tree 5160 7864 44 0 0
tree 5240 7864 43 0 0
tree 5352 7848 57 0 0
tree 5368 7864 58 0 0
tree 5720 7864 51 0 0
tree 5736 7864 43 0 0
trop 5884 7868 0 0 0
trop 6092 7868 113 0 0
trop 6180 7868 113 0 0
trop 6260 7868 113 0 0
stand 6296 7848 18 0 0
trop 6340 7868 113 0 0
trop 6420 7868 113 0 0
trop 6500 7852 69 0 0
dom 6688 7840 115 0 179
dom 6816 7840 115 0 179
tree 520 7896 42 1 0
tree 728 7896 41 0 0
tree 744 7880 1 0 0
tree 744 7896 56 0 0
tree 776 7896 33 0 0
tree 824 7896 48 0 0
tree 808 7896 33 0 0
tree 840 7880 42 1 0
tree 840 7896 33 0 0
tree 1160 7880 2 0 0
tree 1800 7880 51 0 0
tree 1816 7880 58 0 0
trop 2356 7892 88 0 0
tree 4088 7880 56 0 0
tree 4136 7880 48 0 0
tree 4152 7880 33 0 0
tree 5208 7880 27 0 0
tree 5848 7896 13 0 0
trop 6012 7892 70 0 0
tree 3304 7912 56 0 0
tree 3336 7928 41 0 0
tree 5048 7928 4 0 0
tree 5144 7912 51 0 0
tree 5224 7928 2 0 0
tree 5240 7912 44 0 0
tree 5368 7928 21 0 0
tree 5448 7928 11 0 0
trop 5612 7924 37 0 0
tree 5672 7912 58 0 0
stand 5944 7912 33 0 0
trop 5932 7916 0 0 0
dom 6432 7904 53 0 0
tree 440 7960 42 1 0
tree 3352 7960 18 0 179
stand 3880 7944 108 0 179
cliff 4032 7936 39 179 179
tree 5064 7944 50 0 0
tree 5080 7944 44 0 0
tree 5096 7944 27 0 0
tree 5400 7944 13 0 0
tree 7688 7960 4 0 0
tree 504 7992 42 1 0
zabor 560 7984 104 2 8
dom 608 7968 26 0 179
trop 2364 7980 77 0 0
tree 3352 7992 18 0 179
tree 3336 7992 20 0 179
tree 3336 7976 5 0 179
tree 3368 7976 9 0 179
tree 3384 7992 5 0 179
tree 4152 7992 57 0 0
tree 4168 7992 1 0 0
tree 4168 7976 59 0 0
tree 5064 7976 58 0 0
tree 5416 7976 59 0 0
tree 5432 7992 11 0 0
trop 5716 7980 64 0 0
trop 5804 7988 113 0 0
trop 5892 7988 113 0 0
trop 5972 7972 69 0 0
tree 7688 7992 58 0 179
tree 7720 7976 11 0 179
zabor 560 8016 105 2 8
zabor 592 8016 104 2 8
tree 856 8024 4 0 0
tree 3336 8008 18 0 179
tree 3368 8008 49 0 179
tree 3384 8024 5 0 179
cliff 4032 8000 39 179 179
tree 4136 8008 50 0 0
tree 4152 8024 33 0 0
tree 4200 8024 43 0 0
tree 4456 8024 8 0 0
tree 5080 8008 58 0 0
tree 5432 8024 4 0 0
tree 5448 8008 19 0 0
tree 5464 8008 35 0 0
tree 5544 8008 27 0 0
tree 5608 8024 13 0 0
stand 5720 8024 18 0 0
tree 6104 8024 50 0 0
tree 6088 8024 59 0 0
tree 6232 8024 13 0 0
tree 6264 8024 11 0 0
trop 2364 8060 76 0 0
tree 3336 8040 5 0 179
tree 3368 8056 5 0 179
tree 3384 8040 5 0 179
tree 3400 8056 5 0 179
tree 3416 8040 5 0 179
tree 4168 8040 57 0 0
tree 4248 8040 57 0 0
tree 4280 8056 35 0 0
tree 4264 8040 1 0 0
tree 4296 8056 21 0 0
tree 4424 8056 57 0 0
tree 5080 8040 43 0 0
tree 5096 8056 4 0 0
tree 5096 8040 27 0 0
tree 5432 8056 57 0 0
tree 5528 8040 27 0 0
tree 5544 8040 44 0 0
tree 5576 8056 27 0 0
tree 5608 8040 51 0 0
tree 5656 8056 4 0 0
tree 5848 8040 21 0 0
tree 5880 8056 43 0 0
tree 6248 8040 51 0 0
tree 6264 8040 50 0 0
tree 6296 8056 13 0 0
tree 6280 8056 19 0 0
tree 6280 8040 59 0 0
tree 7864 8040 13 0 0
tree 7848 8040 2 0 0
cliff 4032 8064 39 179 179
tree 4248 8088 27 0 0
tree 4232 8088 2 0 0
tree 4296 8072 2 0 0
tree 4360 8072 44 0 0
tree 4392 8088 35 0 0
tree 4424 8072 51 0 0
tree 4456 8088 51 0 0
tree 5448 8072 58 0 0
tree 5464 8072 58 0 0
tree 5576 8072 19 0 0
tree 5800 8072 59 0 0
tree 7816 8072 13 0 0
tree 4184 8104 41 0 0
tree 4200 8120 50 0 0
tree 4216 8104 16 0 0
tree 4248 8104 50 0 0
tree 4376 8120 16 0 0
tree 4392 8120 57 0 0
tree 4440 8104 4 0 0
