trop 444 84 76 179 179
tree 184 152 33 0 0
trop 444 156 77 179 179
fre 724 132 6 179 179
fre 996 132 16 179 179
fre 1452 132 3 179 179
fre 1556 148 9 179 179
fre 1604 132 8 179 179
tree 1624 152 33 0 0
fre 1644 132 3 179 179
fre 1788 132 10 179 179
trop 1860 148 77 179 179
fre 1964 132 3 179 179
tree 2008 152 41 0 0
tree 2008 136 33 0 0
fre 2020 132 16 179 179
fre 2108 132 10 179 179
fre 2116 132 8 179 179
tree 2120 152 33 0 0
fre 2252 132 3 179 179
fre 2260 148 9 179 179
fre 2300 132 10 179 179
trop 2492 132 77 0 0
fre 2660 132 16 179 179
fre 2884 132 8 179 179
tree 3000 152 41 0 0
fre 3028 148 9 179 179
fre 3284 148 9 179 179
fre 3324 132 10 179 179
trop 3396 156 77 0 0
tree 168 184 33 0 0
tree 184 168 41 0 0
tree 200 184 48 0 0
fre 236 164 3 179 179
fre 292 164 16 179 179
fre 340 180 9 179 179
fre 660 180 9 179 179
fre 676 164 8 179 179
fre 700 164 10 179 179
fre 1052 164 16 179 179
tree 1048 184 41 0 0
tree 1032 168 41 0 0
fre 1068 164 3 179 179
fre 1228 164 3 179 179
fre 1284 164 16 179 179
fre 1332 180 9 179 179
fre 1564 164 16 179 179
tree 1640 168 41 0 0
fre 1972 188 0 179 179
tree 2024 184 33 0 0
fre 2076 164 16 179 179
tree 2088 184 33 0 0
tree 2088 168 41 0 0
tree 2136 168 48 0 0
tree 2120 168 41 0 0
fre 2164 188 0 179 179
tree 2168 184 41 0 0
tree 2152 184 41 0 0
fre 2612 188 0 179 179
tree 2648 184 41 0 0
fre 2716 164 16 179 179
tree 2792 184 33 0 0
tree 2840 184 41 0 0
fre 2852 164 16 179 179
tree 2872 184 41 0 0
fre 2900 180 9 179 179
fre 2932 188 0 179 179
fre 3036 164 16 179 179
tree 3016 168 48 0 0
tree 3048 168 48 0 0
fre 3292 164 16 179 179
fre 3324 172 42 0 0
fre 3564 180 3 179 179
fre 3588 188 7 179 179
tree 3656 168 24 0 0
fre 3748 164 8 179 179
fre 3788 164 3 179 179
tree 3784 184 48 0 0
tree 3800 184 0 0 0
tree 3800 168 40 0 0
fre 3844 164 16 179 179
fre 3892 180 9 179 179
fre 3932 164 10 179 179
tree 136 216 33 0 0
tree 152 200 33 0 0
fre 172 196 3 179 179
tree 184 216 33 0 0
tree 216 200 41 0 0
fre 244 220 0 179 179
fre 668 196 16 179 179
tree 680 200 41 0 0
tree 840 200 41 0 0
cliff 896 192 11 179 179
tree 1048 216 33 0 0
tree 1048 200 41 0 0
fre 1060 204 6 179 179
fre 1340 196 16 179 179
fre 1348 196 8 179 179
fre 1532 196 10 179 179
tree 1640 200 48 0 0
fre 1940 220 15 179 179
fre 2044 196 16 179 179
tree 2056 216 48 0 0
fre 2084 204 6 179 179
tree 2104 216 48 0 0
tree 2104 200 48 0 0
tree 2088 216 48 0 0
tree 2120 216 33 0 0
tree 2168 200 48 0 0
tree 2184 200 41 0 0
fre 2236 196 16 179 179
fre 2276 204 6 179 179
fre 2332 196 16 179 179
trop 2492 220 76 0 0
tree 2760 200 33 0 0
fre 2900 220 15 179 179
fre 2908 196 16 179 179
tree 2904 216 41 0 0
fre 3004 196 16 179 179
tree 3224 216 41 0 0
fre 3524 196 8 179 179
fre 3796 220 0 179 179
fre 3812 196 15 179 179
fre 3900 196 16 179 179
tree 3928 216 56 0 0
tree 3944 200 33 0 0
tree 3960 200 0 0 0
fre 284 228 16 179 179
dom 384 224 90 0 0
trop 444 244 76 179 179
fre 636 228 16 179 179
fre 692 252 15 179 179
fre 676 236 6 179 179
dom 672 224 84 0 0
dom 768 224 84 0 0
vor 804 236 9 0 0
tree 1000 248 48 0 0
fre 1068 244 10 179 179
fre 1308 228 16 179 179
fre 1348 236 6 179 179
fre 1500 228 16 179 179
fre 1516 228 10 179 179
tree 1512 248 41 0 0
trop 1860 236 76 179 179
tree 2024 248 41 0 0
tree 2072 248 33 0 0
fre 2092 244 10 179 179
tree 2104 232 33 0 0
tree 2136 248 48 0 0
fre 2284 244 10 179 179
fre 2316 228 10 179 179
fre 2732 244 10 179 179
tree 2728 248 41 0 0
tree 2760 248 48 0 0
tree 2808 232 33 0 0
tree 2936 232 41 0 0
tree 3000 232 33 0 0
tree 3096 248 33 0 0
fre 3124 244 9 179 179
fre 3140 228 8 179 179
tree 3224 248 48 0 0
tree 3208 232 33 0 0
trop 3396 236 76 0 0
dom 3520 224 15 0 0
tree 3816 232 16 0 0
tree 3832 232 32 0 0
tree 3832 248 32 0 0
fre 3908 236 6 179 179
tree 3928 248 33 0 0
fre 292 268 6 179 179
fre 300 260 10 179 179
fre 364 276 10 179 179
fre 1292 260 10 179 179
tree 1288 264 33 0 0
fre 1356 276 10 179 179
fre 1508 268 6 179 179
tree 1528 264 41 0 0
tree 1528 280 48 0 0
tree 1592 264 48 0 0
tree 1576 264 41 0 0
tree 1608 280 41 0 0
fre 1652 284 0 179 179
tree 1640 280 33 0 0
fre 1956 260 10 179 179
fre 2012 284 5 179 179
tree 2024 280 33 0 0
tree 2088 280 48 0 0
fre 2148 260 10 179 179
tree 2216 264 41 0 0
fre 2300 284 5 179 179
tree 2296 280 41 0 0
tree 2344 280 48 0 0
fre 2652 284 5 179 179
tree 2680 280 48 0 0
tree 2728 264 48 0 0
tree 2744 264 33 0 0
tree 2840 280 48 0 0
fre 2860 260 10 179 179
fre 3132 260 16 179 179
tree 3144 280 41 0 0
fre 3292 260 16 179 179
tree 3480 280 41 0 0
fre 3540 284 15 179 179
fre 3916 276 10 179 179
tree 3944 280 32 0 0
tree 3944 264 40 0 0
fre 236 292 10 179 179
fre 228 292 10 179 179
dom 224 288 80 0 0
fre 300 308 10 179 179
trop 444 316 77 179 179
cliff 896 304 10 179 179
lay 968 296 21 0 0
fre 1060 292 10 179 179
tree 1080 312 33 0 0
fre 1516 308 10 179 179
tree 1528 296 33 0 0
tree 1624 296 48 0 0
trop 1860 300 77 0 0
tree 2024 296 41 0 0
tree 2088 296 33 0 0
fre 2300 292 1 179 179
trop 2492 292 77 0 0
tree 2664 312 33 0 0
tree 2680 296 41 0 0
fre 2748 292 1 179 179
fre 2884 292 8 179 179
fre 2924 292 3 179 179
tree 2968 312 41 0 0
fre 3100 292 16 179 179
tree 3128 296 41 0 0
trop 3396 308 77 0 0
tree 3912 296 24 0 0
tree 3960 312 41 0 0
tree 3960 296 40 0 0
tree 824 344 41 0 0
tree 808 328 48 0 0
fre 860 324 1 179 179
fre 980 324 9 179 179
fre 988 348 1 179 179
fre 1436 348 5 179 179
fre 1628 332 17 179 179
fre 1708 340 7 179 179
trop 1860 332 77 179 179
trop 1900 348 111 0 0
fre 1948 332 17 179 179
fre 2004 324 9 179 179
fre 2012 348 1 179 179
fre 2028 340 7 179 179
fre 2140 332 17 179 179
fre 2196 324 9 179 179
fre 2204 348 1 179 179
fre 2292 324 9 179 179
fre 2300 348 1 179 179
fre 2316 340 7 179 179
fre 2588 332 17 179 179
fre 2644 324 9 179 179
fre 2652 348 1 179 179
fre 2668 340 7 179 179
fre 2676 340 9 179 179
fre 2716 324 10 179 179
fre 2724 324 8 179 179
tree 2872 328 33 0 0
tree 2888 344 33 0 0
tree 2968 328 48 0 0
tree 2984 328 41 0 0
tree 3128 328 33 0 0
tree 3144 344 41 0 0
fre 3220 324 9 179 179
fre 3228 324 10 179 179
fre 3244 324 10 179 179
fre 3932 324 1 179 179
tree 3928 344 48 0 0
tree 3912 344 56 0 0
tree 152 376 33 0 0
fre 284 380 1 179 179
fre 316 356 1 179 179
fre 300 372 7 179 179
fre 356 372 0 179 179
dom 384 352 90 0 0
tree 664 376 41 0 0
fre 700 364 17 179 179
tree 712 376 48 0 0
tree 728 376 48 0 0
tree 744 376 33 0 0
tree 808 360 48 0 0
cliff 896 368 10 179 179
vor 948 364 25 0 0
fre 1204 380 4 179 179
fre 1212 364 17 179 179
fre 1276 380 1 179 179
fre 1292 372 7 179 179
tree 1336 360 19 0 0
tree 1352 360 59 0 0
tree 1496 360 48 0 0
tree 1496 376 33 0 0
fre 1532 356 1 179 179
tree 1512 360 41 0 0
fre 1692 380 5 179 179
tree 1720 376 41 0 0
trop 1852 372 104 0 0
trop 2492 380 76 0 0
fre 2580 380 0 179 179
fre 2684 356 16 179 179
tree 3000 360 33 0 0
dom 3520 352 15 0 0
tree 3656 376 33 0 0
tree 3912 376 41 0 0
tree 184 408 48 0 0
tree 168 392 48 0 0
fre 212 388 9 179 179
fre 220 412 1 179 179
fre 260 388 18 179 179
fre 292 404 0 179 179
vor 348 396 33 0 0
trop 444 404 76 179 179
cliff 848 400 0 179 179
tree 1480 392 33 0 0
fre 1508 404 0 179 179
tree 1736 392 48 0 0
tree 2328 408 33 0 0
tree 2312 408 48 0 0
tree 2856 408 41 0 0
tree 2872 408 41 0 0
tree 2888 392 48 0 0
vor 3324 396 16 0 0
trop 3396 388 76 0 0
fre 3620 412 49 0 0
tree 3656 392 48 0 0
fre 1628 428 17 179 179
fre 1692 444 1 179 179
fre 1708 436 7 179 179
fre 1764 436 0 179 179
trop 1852 420 104 0 0
trop 1908 428 100 179 179
trop 1940 428 79 0 0
trop 1996 428 78 0 0
trop 2076 428 79 0 0
trop 2156 428 78 0 0
tree 2840 440 33 0 0
tree 2824 440 41 0 0
fre 3004 428 17 179 179
tree 2984 440 41 0 0
tree 3016 424 33 0 0
tree 3016 440 41 0 0
fre 3084 436 7 179 179
fre 3140 436 0 179 179
fre 3532 436 48 0 0
vor 3564 420 41 0 0
tree 3656 440 33 0 0
tree 3656 424 33 0 0
tree 3912 440 24 0 0
tree 3944 424 48 0 0
trop 1860 452 100 179 179
trop 2284 468 88 0 0
trop 2492 452 77 0 0
tree 3000 456 33 0 0
tree 3128 472 48 0 0
dom 3264 448 18 0 0
trop 3396 452 77 0 0
tree 3800 472 43 0 0
fre 3900 452 16 179 179
tree 3912 472 0 0 0
tree 3944 472 40 0 0
trop 132 484 78 0 0
trop 212 484 79 0 0
trop 284 484 78 0 0
trop 364 484 79 0 0
trop 412 484 102 179 179
trop 452 484 102 179 179
trop 516 484 79 0 0
trop 588 484 78 0 0
trop 660 484 79 0 0
trop 724 484 78 0 0
trop 788 484 79 0 0
trop 868 484 78 0 0
trop 940 484 79 0 0
trop 1012 484 78 0 0
trop 1084 484 79 0 0
trop 1156 484 78 0 0
trop 1236 484 79 0 0
trop 1316 484 78 0 0
trop 1396 484 79 0 0
trop 1476 484 78 0 0
trop 1556 484 79 0 0
trop 1628 484 78 0 0
trop 1708 484 79 0 0
trop 1788 484 78 0 0
trop 1868 492 103 179 179
fre 1924 484 8 179 179
fre 1964 484 3 179 179
fre 2020 484 16 179 179
fre 2068 500 9 179 179
tree 3112 488 33 0 0
fre 3540 508 15 179 179
tree 3912 488 33 0 0
tree 3960 488 32 0 0
fre 1972 540 0 179 179
fre 2020 516 8 179 179
fre 2060 516 3 179 179
fre 2076 516 16 179 179
tree 2392 536 33 0 0
trop 2492 532 76 0 0
fre 2556 524 17 179 179
fre 2612 516 9 179 179
fre 2620 540 1 179 179
fre 2636 532 7 179 179
fre 2828 532 7 179 179
fre 2884 532 0 179 179
fre 3148 532 7 179 179
trop 3396 532 76 0 0
tree 3560 536 54 0 0
tree 3560 520 53 0 0
tree 3800 520 2 0 0
tree 424 568 33 0 0
fre 540 564 3 179 179
fre 556 564 5 179 179
fre 588 548 6 179 179
fre 612 556 8 179 179
fre 796 572 16 179 179
fre 788 564 0 179 179
fre 1228 548 3 179 179
fre 1596 548 10 179 179
trop 1860 548 77 179 179
fre 1940 572 15 179 179
tree 2184 552 33 0 0
fre 2748 572 48 179 179
tree 3816 552 38 0 0
tree 584 584 48 0 0
fre 764 580 4 179 179
fre 788 596 16 179 179
fre 796 580 48 0 0
cliff 832 576 7 179 179
fre 1564 580 16 179 179
lay 1704 600 13 0 0
trop 1860 580 100 179 179
tree 2184 600 41 0 0
tree 2184 584 48 0 0
trop 2324 580 89 0 0
trop 2844 604 101 0 0
vor 3596 588 17 0 0
tree 568 632 41 0 0
fre 692 636 14 179 179
dom 768 608 101 0 0
cliff 832 608 3 179 179
vor 956 628 17 0 0
fre 964 612 16 179 179
fre 1012 628 9 179 179
fre 1188 620 6 179 179
tree 1368 632 48 0 0
trop 1860 612 77 0 0
fre 1956 612 10 179 179
tree 2056 632 60 0 0
tree 2056 616 48 0 0
fre 2188 628 10 179 179
fre 2228 628 9 179 179
fre 2268 612 10 179 179
trop 2428 612 78 0 0
trop 2500 612 100 0 0
trop 2572 612 79 0 0
trop 2644 612 78 0 0
trop 2724 612 79 0 0
trop 2780 612 78 0 0
fre 2812 612 44 179 179
fre 2876 628 57 179 179
trop 2916 612 79 0 0
trop 2988 612 78 0 0
trop 3068 612 79 0 0
trop 3140 612 78 0 0
trop 3220 612 79 0 0
trop 3300 612 78 0 0
trop 3324 612 78 0 0
trop 3396 612 100 0 0
trop 3468 612 79 0 0
fre 3604 612 9 179 179
fre 3612 636 1 179 179
fre 3684 628 0 179 179
tree 3704 616 41 0 0
fre 3772 620 17 179 179
fre 3828 612 5 179 179
fre 3836 636 1 179 179
fre 156 660 8 179 179
fre 188 668 5 179 179
fre 228 652 18 179 179
dom 224 640 82 0 0
fre 324 660 1 179 179
dom 352 640 82 0 0
fre 460 668 0 179 179
vor 460 668 1 0 0
fre 524 652 6 179 179
dom 512 640 83 0 0
fre 684 652 15 179 179
tree 744 664 15 0 0
tree 1032 664 24 0 0
tree 1032 648 28 0 0
tree 1048 648 8 0 0
fre 1196 660 10 179 179
tree 1384 648 48 0 0
tree 1432 664 33 0 0
fre 2236 644 16 179 179
tree 2328 664 33 0 0
trop 2500 668 77 0 0
trop 2844 668 77 0 0
trop 3396 668 77 0 0
trop 3572 652 88 0 0
fre 3652 668 8 179 179
tree 248 696 41 0 0
fre 420 676 8 179 179
fre 476 700 18 179 179
fre 492 676 14 179 179
tree 600 680 0 0 0
tree 632 696 33 0 0
cliff 736 688 50 179 179
cliff 800 672 2 179 179
fre 884 700 15 179 179
tree 1512 680 48 0 0
tree 1672 680 41 0 0
trop 1860 692 76 0 0
fre 2004 676 9 179 179
fre 2012 700 1 179 179
fre 2028 692 7 179 179
fre 2204 676 16 179 179
fre 2244 684 6 179 179
tree 2712 696 20 0 0
tree 2712 680 0 0 0
tree 3096 696 33 0 0
fre 3260 692 18 179 179
vor 3492 692 0 0 0
dom 3712 672 17 0 0
tree 3912 680 5 0 0
tree 3928 680 52 0 0
tree 3928 696 53 0 0
tree 3912 696 59 0 0
tree 3944 696 42 0 0
tree 168 712 41 0 0
tree 248 712 33 0 0
tree 232 712 33 0 0
tree 376 712 33 0 0
tree 392 728 41 0 0
tree 392 712 48 0 0
fre 452 716 15 179 179
cliff 544 720 30 179 179
tree 584 712 41 0 0
cliff 608 720 32 179 179
cliff 672 704 50 179 179
fre 1108 724 9 179 179
tree 1160 728 33 0 0
tree 1320 728 48 0 0
tree 1432 728 48 0 0
tree 1448 728 48 0 0
tree 1448 712 33 0 0
fre 2252 724 10 179 179
tree 2424 712 33 0 0
tree 2728 728 58 0 0
fre 2956 708 3 179 179
tree 3048 728 33 0 0
fre 3172 708 16 179 179
fre 3220 724 9 179 179
tree 3256 728 21 0 0
tree 3272 728 36 0 0
fre 3316 708 8 179 179
tree 3480 728 51 0 0
fre 3652 708 15 179 179
fre 3676 724 14 179 179
fre 3796 724 8 179 179
tree 168 744 41 0 0
cliff 192 752 27 179 179
cliff 304 752 32 179 179
tree 328 744 48 0 0
cliff 496 752 24 179 179
tree 952 760 58 0 0
tree 952 744 4 0 0
fre 1052 748 17 179 179
fre 1116 740 16 179 179
fre 1108 740 9 179 179
fre 1116 764 1 179 179
tree 1144 760 54 0 0
tree 1176 744 37 0 0
tree 1160 744 3 0 0
tree 1192 744 51 0 0
fre 1292 756 7 179 179
tree 1304 744 41 0 0
fre 1348 756 0 179 179
fre 1492 756 9 179 179
fre 1500 764 1 179 179
trop 1860 764 77 0 0
fre 2020 740 16 179 179
fre 2068 756 9 179 179
tree 2168 744 41 0 0
tree 2216 760 41 0 0
tree 2216 744 33 0 0
dom 2336 736 22 0 0
vor 2444 756 9 0 0
trop 2500 748 76 0 0
dom 2624 736 25 0 0
fre 2756 756 40 0 0
trop 2844 756 76 0 0
fre 3228 740 16 179 179
fre 3316 756 15 179 179
trop 3396 756 76 0 0
lay 3496 760 21 0 0
cliff 416 768 25 179 179
tree 792 792 15 0 0
tree 952 792 58 0 0
tree 984 792 54 0 0
tree 1048 792 60 0 0
fre 1100 772 3 179 179
tree 1112 776 56 0 0
fre 1316 772 16 179 179
fre 1364 788 9 179 179
tree 1544 792 41 0 0
tree 1640 776 48 0 0
fre 1684 772 9 179 179
fre 1764 788 0 179 179
fre 2052 772 8 179 179
tree 2072 792 33 0 0
fre 2236 772 10 179 179
fre 2268 772 1 179 179
tree 3000 792 33 0 0
tree 3048 776 33 0 0
tree 3224 776 41 0 0
fre 3236 780 6 179 179
trop 3612 780 89 0 0
vor 572 812 25 0 0
tree 712 824 62 0 0
tree 776 808 18 0 0
fre 892 812 17 179 179
vor 884 828 32 0 0
fre 1108 828 0 179 179
fre 1372 804 16 179 179
tree 1624 824 41 0 0
tree 1640 808 48 0 0
fre 1668 804 16 179 179
fre 2044 804 16 179 179
tree 2104 808 51 0 0
fre 2204 804 16 179 179
fre 2244 820 0 179 179
trop 2436 820 93 0 0
trop 2500 828 102 0 0
fre 2580 804 40 0 0
trop 2844 828 77 0 0
tree 2952 824 48 0 0
fre 3020 804 10 179 179
trop 3396 828 77 0 0
trop 3724 820 79 0 0
trop 3796 820 78 0 0
trop 3868 820 79 0 0
trop 3940 820 78 0 0
tree 632 856 35 0 0
tree 872 856 54 0 0
tree 1224 856 48 0 0
tree 1592 840 48 0 0
tree 1752 840 41 0 0
trop 1860 844 76 0 0
fre 1964 836 3 179 179
fre 2068 852 9 179 179
fre 2068 860 15 179 179
fre 2212 844 6 179 179
tree 2264 840 41 0 0
tree 2744 856 5 0 0
tree 2968 840 48 0 0
tree 2952 840 41 0 0
tree 3032 840 33 0 0
tree 1096 888 48 0 0
fre 2156 868 3 179 179
fre 2212 868 16 179 179
fre 2260 884 9 179 179
fre 2300 868 10 179 179
vor 2292 884 1 0 0
fre 2332 884 40 0 0
trop 2628 868 88 0 0
tree 2728 872 27 0 0
fre 2916 868 8 179 179
tree 3016 888 41 0 0
tree 3288 888 48 0 0
fre 3500 868 3 179 179
fre 3604 884 9 179 179
trop 140 924 79 179 179
trop 220 924 78 179 179
trop 300 924 79 179 179
trop 380 924 78 179 179
trop 460 924 79 179 179
trop 532 924 78 179 179
trop 604 924 79 179 179
trop 676 924 78 179 179
trop 756 924 79 179 179
trop 828 924 78 0 0
fre 1052 924 1 179 179
fre 1068 916 7 179 179
fre 1068 900 3 179 179
fre 1092 900 10 179 179
tree 1112 904 48 0 0
tree 1096 904 48 0 0
fre 1124 900 16 179 179
tree 1272 904 48 0 0
tree 1656 920 33 0 0
fre 1676 900 10 179 179
tree 1672 920 48 0 0
tree 1672 904 41 0 0
fre 1740 916 10 179 179
trop 1860 916 77 0 0
fre 2268 900 16 179 179
trop 2356 900 92 0 0
tree 2552 920 23 0 0
vor 2564 916 33 0 0
fre 2636 908 42 0 0
vor 2740 924 24 0 0
trop 2844 908 76 0 0
fre 2996 900 9 179 179
fre 3004 924 1 179 179
fre 3156 900 9 179 179
fre 3180 900 3 179 179
fre 3284 916 9 179 179
tree 3288 920 48 0 0
tree 3288 904 48 0 0
fre 3324 900 10 179 179
tree 3304 920 33 0 0
trop 3396 916 76 0 0
fre 3508 924 0 179 179
fre 3572 900 15 179 179
tree 3640 920 43 0 0
tree 3624 920 28 0 0
tree 3624 904 45 0 0
fre 3700 924 16 179 179
fre 3732 924 4 179 179
fre 3764 924 3 179 179
tree 3768 920 35 0 0
fre 3804 916 4 179 179
tree 3800 904 18 0 0
tree 3784 904 51 0 0
tree 3816 920 28 0 0
tree 3960 920 60 0 0
tree 3944 920 34 0 0
tree 3976 920 57 0 0
tree 1096 952 33 0 0
fre 1180 932 16 179 179
tree 1368 936 48 0 0
tree 1448 936 41 0 0
tree 1688 936 48 0 0
vor 1788 956 24 0 0
fre 2236 932 16 179 179
dom 2240 928 22 0 0
fre 2276 940 6 179 179
tree 2440 936 33 0 0
dom 2496 928 14 0 0
tree 3032 936 48 0 0
tree 3064 952 48 0 0
fre 3292 932 16 179 179
fre 3476 956 15 179 179
fre 3732 956 15 179 179
fre 3780 932 14 179 179
tree 3928 936 34 0 0
tree 3928 952 27 0 0
tree 3944 936 38 0 0
trop 956 964 88 0 0
tree 1112 968 48 0 0
fre 1148 964 16 179 179
fre 1140 964 9 179 179
fre 1148 988 1 179 179
tree 1144 984 48 0 0
tree 1128 984 48 0 0
fre 1196 964 3 179 179
fre 2012 988 5 179 179
fre 2220 964 10 179 179
fre 2284 980 10 179 179
fre 2364 964 44 0 0
fre 2340 988 43 0 0
trop 2396 988 89 0 0
fre 2588 972 40 0 0
trop 2628 972 91 0 0
fre 2740 972 50 0 0
fre 2804 988 48 0 0
trop 2844 980 77 0 0
tree 3176 968 41 0 0
trop 3396 980 77 0 0
dom 3520 960 27 0 0
fre 3628 980 10 179 179
tree 3928 968 1 0 0
tree 3928 984 8 0 0
tree 3912 968 60 0 0
fre 164 996 8 179 179
fre 772 996 16 179 179
fre 820 1012 9 179 179
fre 1132 996 10 179 179
tree 1288 1000 48 0 0
cliff 1552 1008 31 179 179
fre 1660 1020 1 179 179
fre 1676 1012 7 179 179
tree 1704 1016 48 0 0
tree 1720 1016 33 0 0
tree 1720 1000 33 0 0
trop 1860 996 76 0 0
fre 2492 1012 40 0 0
trop 2588 1020 90 0 0
vor 2940 1004 24 0 0
tree 3160 1000 48 0 0
tree 3224 1016 33 0 0
tree 3224 1000 33 0 0
fre 3308 1012 10 179 179
fre 3492 996 10 179 179
fre 3740 1012 14 179 179
fre 3756 996 8 179 179
fre 3772 996 7 179 179
tree 3896 1016 1 0 0
tree 3912 1016 45 0 0
tree 3928 1016 59 0 0
tree 3928 1000 37 0 0
fre 828 1028 16 179 179
trop 964 1052 77 0 0
cliff 1488 1040 24 179 179
cliff 1648 1024 33 179 179
fre 1684 1028 4 179 179
fre 2004 1028 9 179 179
fre 2012 1052 1 179 179
fre 2028 1044 7 179 179
fre 2300 1028 1 179 179
trop 2500 1028 79 0 0
trop 2516 1028 78 0 0
tree 2744 1048 33 0 0
tree 3064 1032 33 0 0
tree 3224 1032 33 0 0
lay 3512 1032 19 0 0
fre 3596 1044 6 179 179
fre 3644 1028 1 179 179
cliff 3792 1040 29 179 179
cliff 3856 1040 29 179 179
tree 3912 1032 43 0 0
cliff 3920 1040 29 179 179
cliff 3936 1040 29 179 179
tree 120 1080 62 0 0
fre 180 1084 15 179 179
fre 284 1060 16 179 179
fre 340 1084 15 179 179
fre 604 1060 16 179 179
fre 644 1068 6 179 179
fre 796 1060 16 179 179
tree 824 1080 46 0 0
tree 824 1064 48 0 0
tree 808 1064 27 0 0
tree 1176 1080 33 0 0
tree 1160 1080 33 0 0
tree 1160 1064 41 0 0
fre 1212 1060 1 179 179
fre 2140 1068 17 179 179
fre 2220 1076 7 179 179
vor 2220 1060 64 0 0
fre 2268 1068 41 0 0
fre 2276 1076 0 179 179
tree 2328 1080 41 0 0
tree 2312 1064 41 0 0
tree 2344 1080 48 0 0
tree 2728 1064 41 0 0
trop 2844 1060 76 0 0
fre 2940 1068 17 179 179
fre 2996 1060 9 179 179
tree 3224 1064 33 0 0
tree 3208 1064 33 0 0
tree 3208 1080 48 0 0
trop 3396 1068 76 0 0
fre 3540 1060 9 179 179
fre 3548 1084 1 179 179
fre 3620 1076 0 179 179
cliff 3696 1072 28 179 179
tree 120 1096 40 0 0
tree 152 1112 13 0 0
tree 136 1112 23 0 0
tree 168 1112 43 0 0
tree 200 1112 32 0 0
tree 216 1112 20 0 0
tree 232 1096 19 0 0
tree 232 1112 19 0 0
tree 264 1096 33 0 0
tree 440 1112 3 0 0
fre 492 1108 10 179 179
tree 840 1112 34 0 0
tree 1080 1096 48 0 0
tree 1096 1112 41 0 0
fre 1188 1108 0 179 179
fre 1196 1092 3 179 179
fre 1188 1092 10 179 179
cliff 1408 1088 28 179 179
cliff 1712 1088 26 179 179
cliff 2032 1088 25 179 179
cliff 2144 1104 25 179 179
tree 2648 1112 48 0 0
tree 2664 1096 48 0 0
fre 3164 1100 17 179 179
fre 3500 1092 32 0 0
tree 184 1128 46 0 0
fre 196 1124 10 179 179
tree 248 1128 2 0 0
tree 424 1128 11 0 0
tree 520 1144 36 0 0
tree 520 1128 59 0 0
fre 748 1124 3 179 179
fre 764 1148 5 179 179
tree 840 1144 36 0 0
trop 964 1132 76 0 0
tree 1112 1144 48 0 0
fre 1172 1140 9 179 179
fre 1212 1124 10 179 179
fre 1204 1148 0 179 179
cliff 2224 1120 31 179 179
cliff 2304 1136 34 179 179
dom 2464 1120 20 0 0
fre 2620 1132 49 0 0
cliff 3024 1136 32 179 179
cliff 3104 1136 32 179 179
cliff 3568 1120 28 179 179
tree 184 1176 59 0 0
tree 296 1176 4 0 0
tree 360 1176 50 0 0
tree 392 1176 54 0 0
fre 668 1156 1 179 179
fre 756 1180 0 179 179
tree 760 1160 33 0 0
fre 1180 1156 16 179 179
fre 1180 1164 17 179 179
fre 1236 1156 9 179 179
fre 1260 1172 7 179 179
tree 1256 1176 33 0 0
tree 1288 1176 41 0 0
vor 2324 1156 64 0 0
tree 2600 1160 41 0 0
cliff 2688 1152 28 179 179
cliff 3200 1152 32 179 179
cliff 3280 1152 31 179 179
tree 152 1208 60 0 0
tree 152 1192 28 0 0
fre 164 1188 8 179 179
fre 188 1196 17 179 179
fre 204 1188 3 179 179
fre 252 1212 1 179 179
fre 260 1188 16 179 179
fre 268 1204 7 179 179
tree 296 1208 24 0 0
fre 324 1204 0 179 179
tree 376 1192 28 0 0
tree 408 1192 60 0 0
fre 428 1204 7 179 179
tree 440 1208 43 0 0
fre 572 1212 1 179 179
fre 588 1204 7 179 179
fre 668 1188 10 179 179
fre 644 1204 0 179 179
fre 756 1188 9 179 179
fre 764 1212 1 179 179
trop 964 1196 77 0 0
fre 1148 1188 16 179 179
tree 1192 1208 41 0 0
cliff 1408 1200 11 179 179
most 1856 1184 33 0 179
tree 2408 1208 41 0 0
vor 2564 1196 32 0 0
tree 184 1240 45 0 0
tree 168 1240 33 0 0
tree 168 1224 22 0 0
fre 316 1220 16 179 179
tree 568 1240 25 0 0
tree 584 1240 0 0 0
fre 636 1220 16 179 179
tree 760 1240 4 0 0
tree 1176 1240 33 0 0
fre 1188 1220 10 179 179
cliff 2368 1216 35 179 179
cliff 2560 1216 28 179 179
most 2848 1216 33 0 179
fre 172 1252 3 179 179
tree 200 1272 22 0 0
tree 232 1256 59 0 0
fre 276 1268 9 179 179
fre 284 1252 16 179 179
tree 408 1256 6 0 0
fre 500 1276 15 179 179
tree 488 1272 62 0 0
tree 568 1272 38 0 0
tree 680 1272 8 0 0
tree 712 1272 61 0 0
tree 728 1272 58 0 0
fre 740 1252 10 179 179
tree 760 1256 60 0 0
trop 964 1268 76 0 0
tree 1160 1272 41 0 0
cliff 2432 1248 27 179 179
most 3392 1248 33 0 179
tree 184 1288 4 0 0
tree 184 1304 11 0 0
tree 344 1304 51 0 0
fre 404 1308 0 179 179
fre 508 1284 16 179 179
tree 488 1304 48 0 0
tree 488 1288 56 0 0
tree 520 1288 21 0 0
tree 712 1304 52 0 0
tree 728 1304 56 0 0
tree 872 1304 22 0 0
tree 1176 1288 41 0 0
tree 136 1336 26 0 0
tree 264 1320 6 0 0
tree 280 1320 53 0 0
tree 440 1336 22 0 0
tree 424 1320 5 0 0
fre 476 1316 16 179 179
tree 456 1336 50 0 0
tree 488 1336 22 0 0
fre 516 1316 10 179 179
tree 728 1336 57 0 0
tree 728 1320 6 0 0
fre 756 1340 0 179 179
tree 760 1336 52 0 0
fre 788 1316 9 179 179
fre 796 1340 1 179 179
fre 812 1332 7 179 179
tree 888 1336 45 0 0
tree 1336 1336 41 0 0
cliff 1456 1312 21 179 179
fre 1756 1340 14 179 179
fre 1732 1324 15 179 179
fre 3740 1316 1 179 179
fre 3756 1316 3 179 179
fre 3932 1332 7 179 179
fre 3908 1332 15 179 179
fre 3940 1316 18 179 179
fre 3940 1324 15 179 179
tree 152 1352 37 0 0
fre 236 1348 10 179 179
tree 248 1352 48 0 0
tree 232 1368 52 0 0
tree 248 1368 11 0 0
tree 264 1368 58 0 0
tree 280 1352 13 0 0
fre 524 1364 10 179 179
tree 520 1352 44 0 0
tree 744 1352 28 0 0
tree 792 1352 52 0 0
fre 828 1348 16 179 179
fre 868 1356 6 179 179
tree 920 1368 51 0 0
tree 936 1368 60 0 0
tree 1336 1368 33 0 0
tree 1336 1352 41 0 0
fre 1644 1372 16 179 179
cliff 1760 1360 14 179 179
cliff 3696 1344 41 179 179
cliff 3776 1344 16 179 179
fre 3836 1364 6 179 179
fre 3868 1348 16 179 179
cliff 3872 1360 16 179 179
tree 3928 1368 11 0 0
tree 3944 1368 41 0 0
cliff 3952 1360 16 179 179
cliff 4000 1360 15 179 179
tree 280 1384 35 0 0
fre 444 1404 5 179 179
tree 664 1400 31 0 0
fre 812 1380 10 179 179
tree 856 1384 0 0 0
trop 996 1380 89 0 0
tree 1192 1384 33 0 0
fre 1300 1404 0 179 179
fre 1500 1396 3 179 179
fre 1644 1380 3 179 179
cliff 1680 1376 41 179 179
fre 1700 1380 16 179 179
fre 1740 1404 7 179 179
fre 1748 1396 9 179 179
tree 1752 1400 33 0 0
trop 1860 1380 77 0 0
cliff 2064 1376 20 179 179
trop 2844 1404 77 0 0
cliff 3648 1392 41 179 179
tree 3752 1400 29 0 0
tree 3784 1400 16 0 0
tree 664 1416 16 0 0
tree 648 1416 26 0 0
tree 776 1432 37 0 0
tree 904 1432 9 0 0
tree 1208 1416 41 0 0
tree 1224 1432 41 0 0
tree 1272 1432 41 0 0
fre 1652 1436 0 179 179
cliff 1632 1424 41 179 179
fre 1732 1428 8 179 179
tree 1768 1416 33 0 0
cliff 2768 1424 41 179 179
tree 3064 1432 44 0 0
cliff 3248 1424 16 179 179
trop 3396 1436 77 0 0
tree 3672 1432 9 0 0
tree 3704 1416 21 0 0
tree 3832 1432 32 0 0
fre 3884 1428 10 179 179
fre 156 1452 17 179 179
fre 436 1444 9 179 179
fre 444 1468 1 179 179
fre 460 1460 7 179 179
tree 808 1464 21 0 0
tree 936 1464 38 0 0
trop 1156 1452 88 0 0
cliff 1568 1440 14 179 179
tree 1704 1464 33 0 0
fre 1764 1452 6 179 179
trop 1860 1460 76 0 0
tree 1992 1464 33 0 0
vor 2940 1460 65 0 0
cliff 3056 1440 16 179 179
cliff 3120 1456 15 179 179
tree 3160 1448 26 0 0
cliff 3152 1456 15 179 179
cliff 3168 1440 41 179 179
tree 3304 1448 29 0 0
cliff 3328 1440 16 179 179
cliff 3600 1440 41 179 179
tree 3672 1448 2 0 0
tree 3720 1464 29 0 0
tree 840 1480 59 0 0
tree 856 1480 58 0 0
tree 904 1496 14 0 0
tree 936 1496 11 0 0
tree 952 1496 14 0 0
tree 1512 1496 33 0 0
fre 1692 1476 10 179 179
tree 1720 1496 33 0 0
tree 1704 1480 48 0 0
fre 1772 1492 10 179 179
cliff 2144 1472 18 179 179
tree 2744 1496 28 0 0
tree 2744 1480 8 0 0
tree 2728 1480 7 0 0
cliff 2768 1472 40 179 179
trop 2844 1492 76 0 0
tree 3240 1496 30 0 0
fre 3508 1500 0 179 179
fre 3604 1500 0 179 179
trop 140 1532 78 0 0
trop 204 1532 79 0 0
trop 276 1532 78 0 0
trop 348 1532 79 0 0
trop 420 1532 78 0 0
trop 492 1532 79 0 0
trop 572 1532 78 0 0
trop 644 1532 78 179 179
tree 1464 1512 33 0 0
fre 1612 1508 3 179 179
fre 1692 1532 5 179 179
fre 1716 1524 9 179 179
fre 1756 1508 10 179 179
trop 1860 1532 77 0 0
fre 2108 1508 10 179 179
tree 3064 1512 53 0 0
trop 3396 1516 76 0 0
fre 3660 1508 3 179 179
fre 3676 1508 16 179 179
fre 3804 1508 10 179 179
fre 3796 1508 9 179 179
tree 3912 1528 16 0 0
fre 1276 1548 17 179 179
tree 1416 1560 41 0 0
tree 1432 1544 41 0 0
tree 2056 1544 48 0 0
fre 2148 1540 8 179 179
fre 2188 1540 3 179 179
fre 2244 1540 16 179 179
fre 2292 1556 9 179 179
cliff 2384 1552 20 179 179
cliff 2720 1536 41 179 179
trop 2844 1564 77 0 0
tree 2952 1560 52 0 0
vor 3236 1540 64 0 0
tree 3336 1560 3 0 0
fre 3668 1564 0 179 179
tree 3736 1560 45 0 0
tree 3800 1544 60 0 0
trop 764 1572 88 0 0
tree 904 1576 11 0 0
trop 1196 1580 89 0 0
tree 1432 1576 48 0 0
tree 1608 1592 48 0 0
tree 1608 1576 33 0 0
fre 1692 1596 1 179 179
fre 1692 1572 16 179 179
fre 1676 1588 10 179 179
fre 1708 1588 7 179 179
tree 1736 1592 41 0 0
tree 2312 1592 33 0 0
tree 2312 1576 33 0 0
cliff 2736 1568 40 179 179
tree 3080 1592 19 0 0
trop 3396 1580 77 0 0
fre 3492 1572 10 179 179
fre 3548 1596 5 179 179
tree 3560 1592 41 0 0
tree 3560 1576 33 0 0
tree 3704 1576 23 0 0
tree 3688 1576 26 0 0
tree 3880 1592 36 0 0
tree 3896 1592 0 0 0
tree 3912 1576 12 0 0
tree 3912 1592 8 0 0
tree 1112 1624 33 0 0
tree 1112 1608 33 0 0
trop 1300 1612 78 0 0
tree 1544 1624 48 0 0
fre 1676 1604 10 179 179
fre 1700 1604 16 179 179
tree 1720 1608 48 0 0
fre 1740 1620 10 179 179
tree 1736 1608 41 0 0
trop 1852 1612 76 0 0
tree 2024 1624 33 0 0
fre 2092 1620 10 179 179
fre 2268 1604 16 179 179
cliff 2272 1600 16 179 179
tree 2312 1624 48 0 0
tree 2328 1624 33 0 0
tree 2328 1608 33 0 0
cliff 2352 1600 16 179 179
tree 2696 1608 50 0 0
tree 2936 1624 59 0 0
tree 2984 1608 7 0 0
tree 3096 1608 44 0 0
tree 3112 1624 40 0 0
tree 3224 1608 7 0 0
tree 3576 1624 41 0 0
tree 3816 1624 30 0 0
tree 3944 1608 9 0 0
trop 772 1652 100 0 0
trop 812 1636 112 0 0
fre 1140 1660 18 179 179
trop 1420 1652 88 0 0
tree 1528 1640 33 0 0
fre 1660 1660 5 179 179
tree 2168 1656 48 0 0
tree 2152 1640 48 0 0
tree 2184 1656 41 0 0
tree 2200 1656 33 0 0
fre 2252 1636 10 179 179
tree 2280 1656 41 0 0
tree 2312 1640 48 0 0
tree 2712 1656 1 0 0
tree 2712 1640 60 0 0
cliff 2688 1632 41 179 179
trop 2844 1652 76 0 0
vor 3140 1660 74 0 0
tree 3208 1656 23 0 0
trop 3396 1660 76 0 0
fre 3540 1636 9 179 179
fre 3548 1660 1 179 179
fre 3564 1652 7 179 179
tree 3576 1656 41 0 0
tree 3576 1640 48 0 0
fre 3620 1652 0 179 179
dom 320 1664 123 0 0
dom 512 1664 123 0 0
trop 772 1684 76 0 0
fre 980 1684 9 179 179
trop 1852 1676 77 0 0
fre 2108 1668 1 179 179
tree 2168 1672 48 0 0
tree 2232 1672 41 0 0
tree 2264 1688 48 0 0
tree 2264 1672 33 0 0
tree 2280 1672 41 0 0
cliff 2688 1680 39 179 179
tree 3128 1688 51 0 0
tree 3272 1672 45 0 0
tree 3320 1672 5 0 0
tree 3560 1672 48 0 0
tree 3832 1688 20 0 0
tree 3832 1672 0 0 0
tree 3960 1688 2 0 0
fre 1508 1700 8 179 179
fre 1692 1700 10 179 179
tree 1688 1720 33 0 0
lay 1784 1720 10 0 0
fre 2012 1724 1 179 179
tree 2072 1720 48 0 0
fre 2084 1716 0 179 179
tree 2344 1704 33 0 0
cliff 2432 1696 13 179 179
tree 3064 1704 21 0 0
tree 3208 1720 42 0 0
trop 3396 1724 76 0 0
lay 3512 1704 20 0 0
stand 3624 1720 77 0 179
stand 3624 1704 77 0 179
stand 3736 1720 74 0 179
stand 3736 1704 74 0 179
tree 3928 1720 61 0 0
trop 772 1756 77 0 0
tree 1000 1752 33 0 0
tree 1272 1752 48 0 0
tree 1288 1752 33 0 0
trop 1428 1740 77 0 0
tree 1688 1736 41 0 0
trop 1852 1756 76 0 0
fre 2028 1732 3 179 179
tree 2040 1736 33 0 0
fre 2084 1732 16 179 179
tree 2088 1752 48 0 0
fre 2172 1740 17 179 179
fre 2228 1732 9 179 179
fre 2252 1748 7 179 179
cliff 2352 1744 27 179 179
tree 2696 1752 16 0 0
cliff 2688 1744 39 179 179
tree 2792 1736 41 0 0
tree 2792 1752 48 0 0
trop 3460 1756 109 0 0
stand 3640 1736 71 0 179
stand 3624 1736 83 0 179
stand 3672 1736 71 0 179
stand 3656 1736 71 0 179
stand 3688 1736 67 0 179
stand 3704 1736 67 0 179
stand 3720 1736 67 0 179
stand 3736 1736 84 0 179
tree 600 1784 41 0 0
lay 904 1768 19 0 0
tree 984 1784 48 0 0
tree 984 1768 41 0 0
tree 1000 1768 48 0 0
tree 1288 1768 48 0 0
tree 1976 1784 48 0 0
tree 2008 1768 48 0 0
tree 2088 1784 33 0 0
cliff 2272 1776 24 179 179
tree 2712 1784 58 0 0
tree 2696 1768 60 0 0
trop 2876 1764 89 0 0
trop 3116 1788 101 0 0
trop 3516 1788 101 0 0
tree 488 1816 48 0 0
vor 548 1804 16 0 0
tree 616 1816 41 0 0
tree 616 1800 41 0 0
trop 1428 1812 76 0 0
tree 1656 1800 41 0 0
tree 1640 1816 41 0 0
tree 1672 1816 33 0 0
trop 1852 1820 77 0 0
tree 2072 1800 48 0 0
tree 2072 1816 48 0 0
tree 2712 1800 29 0 0
fre 2724 1796 16 179 179
trop 2980 1796 79 0 0
trop 3044 1796 78 0 0
trop 3180 1796 79 0 0
trop 3252 1796 78 0 0
trop 3324 1796 79 0 0
trop 3372 1796 102 0 0
trop 3436 1796 102 0 0
trop 3492 1796 100 0 0
trop 3580 1796 79 0 0
trop 3652 1796 78 0 0
trop 3724 1796 79 0 0
trop 3796 1796 78 0 0
trop 3868 1804 79 0 0
trop 3948 1804 78 0 0
tree 296 1848 41 0 0
lay 696 1832 21 0 0
trop 772 1836 76 0 0
tree 1688 1832 41 0 0
fre 2068 1844 9 179 179
fre 2092 1828 10 179 179
cliff 2688 1824 39 179 179
vor 2836 1828 65 179 179
tree 280 1864 48 0 0
tree 968 1864 33 0 0
tree 968 1880 41 0 0
trop 1428 1884 77 0 0
tree 1720 1864 48 0 0
cliff 2256 1856 11 179 179
fre 2644 1884 15 179 179
tree 2728 1880 33 0 0
tree 2744 1880 41 0 0
tree 2744 1864 41 0 0
tree 2760 1864 33 0 0
fre 2788 1868 6 179 179
tree 2952 1864 48 0 0
trop 3108 1860 77 0 0
trop 3516 1860 77 0 0
stand 3816 1880 72 0 0
vor 300 1916 33 0 0
dom 352 1888 31 3 179
dom 512 1888 31 2 179
trop 772 1900 77 0 0
tree 904 1896 33 0 0
fre 1532 1900 17 179 179
tree 1592 1896 33 0 0
tree 1656 1912 48 0 0
trop 1852 1900 76 0 0
tree 2008 1912 41 0 0
tree 2168 1912 33 0 0
tree 2184 1912 33 0 0
cliff 2688 1904 39 179 179
tree 2728 1912 33 0 0
tree 2728 1896 33 0 0
fre 2796 1908 10 179 179
tree 2968 1912 33 0 0
tree 2952 1896 33 0 0
tree 2984 1912 41 0 0
tree 3288 1896 33 0 0
trop 3516 1916 76 0 0
tree 648 1928 33 0 0
tree 712 1944 33 0 0
fre 1516 1924 3 179 179
tree 1576 1944 48 0 0
fre 1628 1932 17 179 179
fre 1620 1940 9 179 179
tree 1624 1928 41 0 0
tree 1608 1944 33 0 0
tree 1672 1928 33 0 0
fre 1764 1940 0 179 179
fre 2012 1932 17 179 179
tree 2008 1928 48 0 0
tree 2184 1928 48 0 0
tree 2904 1928 41 0 0
tree 2936 1928 33 0 0
trop 3108 1948 76 0 0
dom 3232 1920 127 0 0
tree 3416 1928 48 0 0
trop 3516 1924 77 0 0
dom 3904 1920 3 0 0
tree 216 1976 48 0 0
trop 772 1980 76 0 0
tree 872 1960 48 0 0
tree 1256 1976 33 0 0
trop 1428 1964 76 0 0
tree 1576 1960 33 0 0
trop 1852 1972 77 0 0
tree 2008 1960 33 0 0
tree 2728 1976 48 0 0
zabor 2832 1968 104 2 8
zabor 2864 1968 104 2 8
zabor 2896 1968 105 2 8
zabor 2928 1968 105 2 8
zabor 2960 1968 105 2 8
zabor 2992 1968 104 2 8
zabor 3024 1968 105 2 8
zabor 3056 1968 105 2 8
zabor 3312 1968 104 2 8
zabor 3344 1968 104 2 8
zabor 3376 1968 104 2 8
tree 3688 1960 48 0 0
tree 3688 1976 48 0 0
stand 3848 1960 6 0 0
tree 248 1992 41 0 0
tree 232 1992 33 0 0
tree 568 2008 48 0 0
tree 568 1992 48 0 0
tree 648 1992 16 0 0
fre 1324 1996 15 179 179
tree 1672 1992 41 0 0
cliff 2256 1984 11 179 179
fre 2652 1996 17 179 179
fre 2668 1988 3 179 179
fre 2708 1988 9 179 179
cliff 2704 1984 40 179 179
fre 2724 1988 16 179 179
fre 2732 2004 7 179 179
tree 2728 1992 33 0 0
tree 2744 1992 33 0 0
tree 2760 2008 48 0 0
fre 2788 2004 0 179 179
zabor 2832 2000 104 2 8
trop 2892 1988 109 0 0
trop 2924 1988 109 0 0
trop 3300 1988 109 0 0
trop 3316 1988 109 0 0
zabor 3376 2000 104 2 8
tree 3432 2008 33 0 0
trop 3516 2012 76 0 0
fre 3932 1988 10 179 179
tree 584 2024 41 0 0
trop 1428 2036 77 0 0
fre 1620 2044 15 179 179
tree 1672 2024 33 0 0
tree 1720 2024 33 0 0
tree 1752 2024 41 0 0
tree 1736 2024 33 0 0
tree 2040 2024 48 0 0
tree 2024 2024 48 0 0
tree 2056 2040 33 0 0
tree 2152 2040 41 0 0
tree 2168 2040 41 0 0
fre 2676 2044 0 179 179
tree 2776 2040 41 0 0
zabor 2832 2032 104 2 8
trop 2900 2028 104 0 0
dom 2912 2016 39 0 0
trop 2980 2020 101 0 0
trop 3044 2020 101 0 0
trop 3108 2028 100 0 0
trop 3124 2036 100 0 0
trop 3180 2020 101 0 0
trop 3236 2020 101 0 0
trop 3308 2028 103 0 0
zabor 3376 2032 104 2 8
tree 3608 2024 48 0 0
fre 3900 2020 16 179 179
fre 172 2052 3 179 179
vor 524 2060 88 179 179
trop 772 2052 77 0 0
tree 904 2072 33 0 0
fre 1028 2076 0 179 179
lay 1112 2072 16 0 0
fre 1220 2076 3 179 179
tree 1688 2056 48 0 0
trop 1844 2052 76 0 0
tree 2072 2056 33 0 0
tree 2088 2072 33 0 0
tree 2152 2056 41 0 0
fre 2644 2076 15 179 179
cliff 2656 2048 41 179 179
tree 2712 2072 48 0 0
tree 2744 2056 48 0 0
tree 2760 2056 33 0 0
zabor 2832 2064 104 2 8
fre 2956 2076 43 0 0
fre 3236 2068 41 0 0
zabor 3376 2064 105 2 8
tree 3464 2072 6 0 0
tree 3624 2072 41 0 0
fre 3868 2052 16 179 179
tree 3928 2072 41 0 0
tree 3912 2056 41 0 0
fre 860 2108 3 179 179
tree 888 2088 48 0 0
tree 904 2088 41 0 0
fre 1028 2084 1 179 179
fre 1156 2084 3 179 179
fre 1188 2108 17 179 179
fre 1268 2084 0 179 179
tree 1560 2104 41 0 0
tree 1576 2088 33 0 0
tree 1720 2088 41 0 0
tree 2152 2104 48 0 0
tree 2152 2088 41 0 0
fre 2604 2084 3 179 179
cliff 2608 2096 41 179 179
fre 2628 2084 8 179 179
fre 2660 2084 16 179 179
tree 2696 2088 41 0 0
zabor 2832 2096 105 2 8
fre 2892 2092 42 0 0
trop 2900 2092 104 0 0
dom 2976 2080 91 0 0
trop 2988 2100 105 0 0
trop 3052 2084 105 0 0
fre 3092 2084 40 0 0
trop 3148 2108 105 0 0
trop 3228 2084 105 0 0
trop 3308 2084 103 0 0
dom 3328 2080 92 0 0
zabor 3376 2096 104 2 8
trop 3516 2084 77 0 0
tree 3640 2104 48 0 0
fre 3916 2100 10 179 179
tree 3928 2104 41 0 0
fre 148 2140 15 179 179
tree 248 2136 33 0 0
tree 232 2136 48 0 0
tree 280 2120 33 0 0
tree 264 2136 33 0 0
tree 408 2120 33 0 0
tree 440 2136 41 0 0
tree 424 2120 48 0 0
tree 696 2120 41 0 0
trop 772 2124 76 0 0
trop 1428 2116 76 0 0
fre 1556 2116 9 179 179
tree 1688 2120 48 0 0
trop 1844 2124 77 0 0
tree 2040 2120 48 0 0
tree 2024 2120 48 0 0
fre 2076 2116 16 179 179
fre 2108 2116 16 179 179
tree 2168 2136 48 0 0
tree 2168 2120 33 0 0
fre 2204 2116 10 179 179
cliff 2256 2128 13 179 179
fre 2612 2140 0 179 179
fre 2676 2140 0 179 179
fre 2780 2116 16 179 179
zabor 2832 2128 104 2 8
zabor 3376 2128 104 2 8
fre 3628 2116 3 179 179
tree 3656 2136 41 0 0
fre 3748 2116 8 179 179
fre 3780 2116 10 179 179
fre 3932 2116 10 179 179
tree 3928 2120 33 0 0
fre 236 2148 10 179 179
tree 632 2168 33 0 0
tree 616 2152 33 0 0
fre 1764 2164 0 179 179
tree 2056 2152 33 0 0
cliff 2560 2144 41 179 179
fre 2644 2172 15 179 179
tree 2648 2152 33 0 0
tree 2632 2168 41 0 0
fre 2684 2148 16 179 179
tree 2728 2168 41 0 0
zabor 2832 2160 104 2 8
trop 2900 2156 104 0 0
trop 2972 2148 105 0 0
trop 3068 2156 105 0 0
trop 3132 2172 105 0 0
trop 3220 2164 105 0 0
trop 3308 2148 103 0 0
zabor 3376 2160 105 2 8
trop 3516 2172 76 0 0
fre 3900 2148 16 179 179
fre 3932 2148 1 179 179
fre 132 2180 8 179 179
fre 164 2180 10 179 179
fre 220 2204 5 179 179
fre 228 2180 16 179 179
fre 276 2196 9 179 179
trop 764 2204 104 0 0
trop 852 2196 79 179 179
trop 916 2196 78 0 0
trop 988 2196 79 0 0
trop 1060 2196 78 0 0
trop 1132 2196 79 0 0
trop 1204 2196 78 0 0
trop 1284 2196 79 0 0
trop 1364 2196 78 0 0
trop 1436 2196 100 0 0
trop 1500 2196 78 0 0
trop 1844 2196 76 0 0
tree 2184 2184 33 0 0
tree 2568 2184 33 0 0
fre 2652 2188 17 179 179
fre 2668 2180 10 179 179
tree 2680 2184 33 0 0
tree 2664 2184 33 0 0
fre 2708 2180 9 179 179
zabor 2832 2192 104 2 8
zabor 3376 2192 104 2 8
tree 3448 2200 29 0 0
tree 3448 2184 26 0 0
tree 3464 2200 36 0 0
fre 3708 2180 16 179 179
fre 3748 2188 6 179 179
tree 3768 2200 33 0 0
tree 3784 2200 48 0 0
tree 3784 2184 41 0 0
fre 3908 2188 6 179 179
fre 3908 2196 0 179 179
tree 3944 2200 41 0 0
tree 216 2232 48 0 0
tree 248 2216 33 0 0
tree 232 2216 41 0 0
tree 264 2216 41 0 0
tree 424 2232 41 0 0
tree 536 2232 41 0 0
fre 612 2212 16 179 179
fre 700 2212 10 179 179
trop 1628 2236 88 0 0
tree 1720 2232 48 0 0
tree 1720 2216 41 0 0
fre 1956 2212 10 179 179
fre 2044 2236 5 179 179
tree 2040 2216 48 0 0
tree 2056 2216 48 0 0
cliff 2576 2208 39 179 179
fre 2652 2236 5 179 179
fre 2660 2212 10 179 179
zabor 2832 2224 105 2 8
trop 2900 2220 104 0 0
dom 2944 2208 62 0 0
trop 2980 2220 102 0 0
trop 3044 2220 102 0 0
dom 3104 2208 62 0 0
trop 3108 2220 102 0 0
trop 3172 2220 102 0 0
trop 3236 2220 102 0 0
dom 3264 2208 62 0 0
trop 3300 2220 102 0 0
trop 3340 2212 111 0 0
trop 3340 2228 111 0 0
zabor 3376 2224 105 2 8
tree 3400 2232 48 0 0
tree 3432 2232 54 0 0
tree 3768 2216 41 0 0
fre 3916 2228 10 179 179
tree 3928 2232 48 0 0
tree 3928 2216 48 0 0
tree 3944 2216 33 0 0
fre 156 2252 17 179 179
fre 148 2268 15 179 179
fre 212 2244 9 179 179
fre 236 2260 7 179 179
tree 312 2264 48 0 0
tree 408 2264 33 0 0
tree 424 2248 48 0 0
fre 564 2268 0 179 179
trop 772 2268 76 0 0
trop 1436 2260 77 0 0
tree 1720 2248 33 0 0
trop 1844 2260 77 0 0
tree 1928 2264 41 0 0
tree 1976 2248 33 0 0
tree 1976 2264 48 0 0
fre 2052 2244 10 179 179
tree 2136 2264 41 0 0
tree 2136 2248 41 0 0
tree 2200 2264 33 0 0
tree 2200 2248 33 0 0
cliff 2272 2240 11 179 179
tree 2616 2264 33 0 0
zabor 2832 2256 105 2 8
trop 2892 2252 109 0 0
trop 2916 2252 109 0 0
fre 3188 2252 45 0 0
zabor 3376 2256 104 2 8
trop 3516 2244 77 0 0
fre 3676 2268 5 179 179
tree 3688 2248 41 0 0
fre 3780 2244 10 179 179
fre 236 2276 10 179 179
tree 248 2296 41 0 0
tree 280 2296 48 0 0
tree 472 2280 33 0 0
tree 504 2280 33 0 0
tree 520 2280 48 0 0
tree 536 2296 33 0 0
fre 836 2276 8 179 179
fre 972 2276 3 179 179
fre 1084 2292 15 179 179
fre 1076 2292 9 179 179
fre 1116 2276 10 179 179
fre 1228 2284 16 179 179
trop 1436 2284 77 0 0
fre 1516 2284 15 179 179
tree 1912 2296 33 0 0
cliff 2528 2288 41 179 179
fre 2644 2276 9 179 179
tree 2744 2296 41 0 0
tree 2776 2280 48 0 0
tree 2792 2296 33 0 0
zabor 2832 2288 105 2 8
zabor 2864 2288 105 2 8
zabor 2896 2288 104 2 8
zabor 2928 2288 105 2 8
zabor 2960 2288 104 2 8
zabor 2992 2288 104 2 8
zabor 3024 2288 105 2 8
zabor 3056 2288 105 2 8
zabor 3088 2288 105 2 8
zabor 3120 2288 105 2 8
zabor 3152 2288 104 2 8
zabor 3184 2288 104 2 8
zabor 3216 2288 104 2 8
zabor 3248 2288 104 2 8
zabor 3280 2288 104 2 8
zabor 3312 2288 105 2 8
zabor 3344 2288 105 2 8
zabor 3376 2288 104 2 8
fre 3436 2300 29 0 0
fre 3932 2276 1 179 179
fre 220 2332 5 179 179
tree 296 2312 33 0 0
tree 312 2328 48 0 0
tree 552 2312 41 0 0
trop 772 2332 77 0 0
fre 980 2332 0 179 179
fre 1084 2308 16 179 179
tree 1112 2312 33 0 0
tree 1128 2312 41 0 0
tree 1176 2328 41 0 0
tree 1192 2328 48 0 0
fre 1748 2316 17 179 179
trop 1844 2324 76 0 0
dom 1952 2304 26 0 0
tree 2008 2328 20 0 0
fre 2180 2324 0 179 179
fre 2212 2316 8 179 179
tree 2520 2328 48 0 0
cliff 2528 2320 37 179 179
tree 2728 2328 41 0 0
tree 2936 2312 0 0 0
tree 3032 2312 49 0 0
tree 3160 2328 28 0 0
tree 3176 2312 9 0 0
tree 3336 2312 48 0 0
tree 3416 2328 41 0 0
trop 3516 2324 76 0 0
fre 3692 2324 7 179 179
fre 3772 2316 17 179 179
fre 3828 2308 9 179 179
tree 3848 2328 48 0 0
dom 3936 2304 16 0 0
tree 264 2360 41 0 0
tree 376 2360 41 0 0
tree 488 2360 48 0 0
tree 664 2360 33 0 0
tree 648 2360 33 0 0
fre 948 2364 15 179 179
fre 956 2340 16 179 179
fre 1052 2340 16 179 179
tree 1064 2360 41 0 0
tree 1080 2360 33 0 0
fre 1300 2340 15 179 179
fre 1516 2356 15 179 179
tree 1928 2344 41 0 0
tree 3112 2344 41 0 0
fre 212 2372 9 179 179
fre 220 2396 1 179 179
fre 236 2388 7 179 179
fre 324 2372 8 179 179
fre 420 2372 16 179 179
tree 456 2376 48 0 0
fre 508 2372 10 179 179
fre 484 2372 8 179 179
fre 524 2372 3 179 179
fre 540 2372 1 179 179
fre 628 2388 9 179 179
fre 940 2372 10 179 179
fre 1036 2372 10 179 179
fre 1156 2372 3 179 179
trop 1436 2372 76 0 0
trop 1668 2372 89 0 0
trop 2564 2396 79 0 0
trop 2644 2396 78 0 0
trop 2716 2396 79 0 0
trop 2796 2396 78 0 0
trop 2868 2396 79 0 0
trop 2940 2396 78 0 0
trop 2956 2388 101 0 0
trop 3012 2388 101 0 0
trop 3084 2396 79 0 0
trop 3156 2396 78 0 0
trop 3228 2396 79 0 0
trop 3300 2396 78 0 0
trop 3372 2396 79 0 0
trop 3444 2396 78 0 0
trop 3508 2396 102 0 0
trop 3588 2396 79 0 0
trop 3660 2396 78 0 0
trop 3732 2396 79 0 0
trop 3804 2396 78 0 0
trop 3884 2396 79 0 0
trop 3964 2396 78 0 0
tree 392 2424 33 0 0
fre 596 2404 9 179 179
fre 604 2428 1 179 179
fre 620 2420 7 179 179
trop 772 2420 76 0 0
tree 952 2408 33 0 0
tree 968 2424 41 0 0
trop 1156 2428 111 0 0
trop 1612 2412 110 0 0
trop 1628 2412 110 0 0
trop 1780 2404 79 0 0
trop 1820 2404 102 0 0
trop 1868 2404 102 0 0
trop 1940 2404 79 0 0
trop 2012 2404 78 0 0
trop 2084 2404 79 0 0
trop 2164 2404 78 0 0
most 2336 2400 32 0 179
tree 232 2440 48 0 0
fre 340 2460 15 179 179
tree 344 2456 41 0 0
tree 392 2456 48 0 0
tree 392 2440 48 0 0
fre 444 2436 16 179 179
tree 536 2456 41 0 0
tree 664 2456 33 0 0
fre 1116 2436 1 179 179
trop 1156 2460 111 0 0
trop 1196 2444 101 0 0
trop 1260 2444 101 0 0
dom 1312 2432 20 0 0
trop 1316 2444 101 0 0
trop 1372 2444 101 0 0
trop 1444 2452 100 0 0
trop 1508 2444 101 0 0
trop 1572 2444 101 0 0
trop 1596 2452 103 0 0
tree 1912 2456 40 0 0
tree 2104 2456 59 0 0
trop 3004 2460 77 0 0
fre 3396 2460 7 179 179
tree 232 2472 41 0 0
tree 520 2488 41 0 0
tree 568 2472 41 0 0
tree 584 2472 33 0 0
tree 648 2472 41 0 0
tree 664 2472 48 0 0
trop 772 2492 77 0 0
fre 860 2476 17 179 179
fre 924 2492 1 179 179
fre 940 2484 7 179 179
fre 1012 2468 9 179 179
fre 1020 2492 1 179 179
fre 1092 2484 0 179 179
trop 1428 2468 100 0 0
trop 1468 2492 100 179 179
dom 1568 2464 22 0 0
zabor 1680 2480 28 0 8
zabor 1712 2480 31 0 8
tree 1704 2472 9 0 0
tree 1736 2472 30 0 0
zabor 1744 2480 28 0 8
vor 1780 2468 16 0 0
zabor 1776 2480 39 0 9
zabor 1840 2480 26 0 8
tree 1880 2488 45 0 0
tree 1896 2472 59 0 0
zabor 1904 2480 37 0 9
zabor 1936 2480 27 0 8
zabor 1968 2480 27 0 8
zabor 2000 2480 26 0 8
zabor 2032 2480 30 0 8
tree 2024 2472 37 0 0
zabor 2064 2480 31 0 8
vor 2060 2492 16 0 0
tree 2072 2472 61 0 0
zabor 2096 2480 26 0 8
zabor 2128 2480 30 0 8
zabor 2160 2480 26 0 8
fre 2188 2492 9 179 179
fre 2564 2468 8 179 179
fre 2604 2468 3 179 179
tree 2664 2488 48 0 0
fre 2748 2468 10 179 179
fre 2756 2468 8 179 179
fre 2852 2468 16 179 179
tree 2904 2488 5 0 0
tree 2904 2472 33 0 0
fre 3204 2468 8 179 179
fre 3244 2468 3 179 179
fre 3300 2468 16 179 179
fre 3348 2484 9 179 179
fre 3388 2468 10 179 179
fre 3372 2476 1 179 179
fre 3396 2468 2 179 179
fre 3756 2468 3 179 179
fre 3860 2484 9 179 179
tree 3848 2488 29 0 0
tree 3864 2488 17 0 0
fre 172 2500 3 179 179
tree 184 2520 41 0 0
tree 200 2520 33 0 0
tree 328 2504 48 0 0
tree 552 2520 33 0 0
fre 1020 2500 10 179 179
tree 1064 2520 48 0 0
trop 1188 2524 104 0 0
trop 1260 2524 108 0 0
trop 1324 2500 108 0 0
trop 1412 2524 108 0 0
trop 1524 2508 108 0 0
trop 1596 2524 103 0 0
trop 1596 2508 103 0 0
zabor 1680 2512 29 0 8
vor 1764 2524 9 0 0
zabor 2160 2512 29 0 8
fre 2204 2508 6 179 179
dom 2560 2496 26 0 0
tree 2600 2520 33 0 0
tree 2616 2520 33 0 0
tree 2632 2504 33 0 0
fre 2716 2500 16 179 179
fre 2724 2500 8 179 179
tree 2744 2504 45 0 0
fre 2764 2500 3 179 179
tree 2776 2504 31 0 0
tree 2792 2504 3 0 0
fre 2908 2500 16 179 179
tree 2904 2520 1 0 0
tree 2904 2504 29 0 0
fre 3252 2524 0 179 179
tree 3256 2520 41 0 0
tree 3240 2520 48 0 0
tree 3304 2520 41 0 0
fre 3356 2500 16 179 179
tree 3352 2520 41 0 0
tree 3400 2520 48 0 0
fre 3476 2508 2 179 179
tree 3576 2520 41 0 0
tree 3560 2520 41 0 0
fre 3828 2516 9 179 179
tree 3848 2504 35 0 0
tree 3880 2504 16 0 0
tree 3960 2504 18 0 0
tree 216 2552 33 0 0
tree 200 2536 41 0 0
tree 248 2552 33 0 0
tree 232 2536 41 0 0
tree 392 2536 41 0 0
tree 472 2536 48 0 0
tree 488 2552 33 0 0
tree 600 2552 33 0 0
fre 668 2532 1 179 179
fre 980 2556 0 179 179
tree 1080 2536 48 0 0
tree 1096 2552 48 0 0
tree 1656 2536 62 0 0
zabor 1680 2544 28 0 8
fre 1716 2556 3 179 179
stand 1928 2536 0 0 0
zabor 2160 2544 27 0 8
fre 2180 2532 9 179 179
fre 2556 2556 3 179 179
fre 2580 2556 15 179 179
tree 2584 2552 41 0 0
fre 2684 2532 16 179 179
fre 2724 2540 6 179 179
trop 3004 2548 76 0 0
fre 3276 2532 8 179 179
fre 3324 2532 16 179 179
fre 3364 2540 6 179 179
tree 3480 2552 33 0 0
tree 3480 2536 48 0 0
fre 3500 2532 3 179 179
fre 3556 2532 16 179 179
tree 3592 2552 33 0 0
tree 3592 2536 41 0 0
fre 3732 2556 15 179 179
tree 3784 2552 56 0 0
tree 3784 2536 3 0 0
tree 3800 2536 16 0 0
fre 148 2588 15 179 179
fre 292 2572 6 179 179
fre 348 2572 17 179 179
lay 344 2584 19 0 0
fre 404 2564 9 179 179
fre 412 2588 1 179 179
fre 428 2580 7 179 179
tree 504 2568 48 0 0
fre 572 2588 1 179 179
tree 616 2568 41 0 0
tree 632 2584 41 0 0
trop 772 2572 76 0 0
fre 948 2588 15 179 179
fre 996 2572 6 179 179
trop 1188 2588 104 0 0
dom 1568 2560 22 0 0
trop 1596 2588 103 0 0
tree 1656 2584 33 0 0
zabor 1680 2576 29 0 8
fre 1820 2580 4 179 179
fre 2052 2588 3 179 179
zabor 2160 2576 26 0 8
fre 2204 2564 2 179 179
fre 2196 2564 10 179 179
cliff 2272 2576 9 179 179
tree 2552 2584 48 0 0
fre 2668 2564 10 179 179
tree 2664 2584 41 0 0
fre 2732 2580 10 179 179
fre 2740 2588 15 179 179
fre 2860 2564 10 179 179
tree 2856 2584 44 0 0
tree 3144 2568 41 0 0
tree 3256 2584 48 0 0
fre 3292 2564 6 179 179
fre 3308 2564 10 179 179
tree 3496 2568 41 0 0
fre 3612 2564 16 179 179
tree 3624 2584 33 0 0
tree 3640 2584 33 0 0
fre 3844 2572 6 179 179
fre 300 2612 10 179 179
fre 324 2596 8 179 179
fre 364 2596 3 179 179
fre 420 2596 16 179 179
fre 508 2596 10 179 179
dom 1216 2592 19 0 0
trop 1252 2612 108 0 0
trop 1348 2604 108 0 0
trop 1476 2604 108 0 0
trop 1548 2620 108 0 0
zabor 1680 2608 24 0 8
fre 1796 2604 4 179 179
vor 1948 2604 1 0 0
zabor 2160 2608 36 0 9
tree 2232 2616 45 0 0
cliff 2272 2608 8 179 179
cliff 2544 2608 40 179 179
fre 2596 2596 10 179 179
tree 2648 2616 41 0 0
fre 2844 2620 5 179 179
trop 3004 2612 77 0 0
tree 3128 2600 33 0 0
tree 3144 2600 48 0 0
fre 3260 2620 1 179 179
tree 3256 2600 48 0 0
fre 3292 2620 5 179 179
tree 3400 2600 41 0 0
tree 3448 2616 48 0 0
tree 3464 2616 33 0 0
tree 3496 2616 33 0 0
fre 3596 2612 10 179 179
tree 3624 2600 33 0 0
fre 3852 2612 10 179 179
fre 164 2628 10 179 179
fre 220 2652 5 179 179
fre 476 2628 16 179 179
fre 484 2628 8 179 179
fre 524 2628 3 179 179
fre 668 2628 10 179 179
trop 772 2636 77 0 0
tree 1048 2648 48 0 0
trop 1188 2652 104 0 0
trop 1596 2652 103 0 0
zabor 1680 2640 25 0 8
tree 1672 2632 8 0 0
fre 1740 2636 5 179 179
stand 1896 2648 0 1 0
fre 2036 2652 4 179 179
zabor 2160 2640 27 0 8
fre 2212 2636 8 179 179
tree 2216 2648 25 0 0
tree 2232 2632 45 0 0
cliff 2544 2640 37 179 179
cliff 2560 2640 36 179 179
lay 2568 2648 21 0 0
fre 2612 2628 3 179 179
fre 2644 2652 1 179 179
tree 2808 2632 33 0 0
fre 3100 2644 10 179 179
tree 3224 2648 48 0 0
fre 3284 2628 9 179 179
fre 3356 2652 1 179 179
fre 3388 2628 1 179 179
tree 3384 2648 33 0 0
tree 3416 2648 33 0 0
tree 3432 2632 41 0 0
tree 3448 2632 48 0 0
fre 3564 2628 10 179 179
fre 3628 2644 10 179 179
tree 3624 2648 41 0 0
tree 3640 2648 41 0 0
tree 3688 2648 33 0 0
fre 3772 2628 3 179 179
tree 3960 2648 21 0 0
fre 316 2660 1 179 179
fre 340 2684 15 179 179
fre 484 2668 6 179 179
fre 532 2684 0 179 179
trop 1324 2676 108 0 0
trop 1420 2676 108 0 0
trop 1500 2668 100 179 179
zabor 1680 2672 31 0 8
vor 1820 2660 16 0 0
zabor 2160 2672 30 0 8
tree 2200 2664 18 0 0
fre 2556 2660 7 179 179
fre 2644 2660 9 179 179
fre 2724 2676 0 179 179
tree 2744 2680 41 0 0
fre 2764 2660 3 179 179
fre 2780 2668 17 179 179
tree 2760 2680 41 0 0
fre 2820 2660 16 179 179
fre 2836 2660 9 179 179
fre 2844 2684 1 179 179
fre 2868 2676 9 179 179
fre 2860 2676 7 179 179
tree 3192 2664 48 0 0
tree 3192 2680 48 0 0
fre 3228 2668 17 179 179
tree 3208 2664 33 0 0
fre 3284 2660 9 179 179
fre 3308 2676 7 179 179
fre 3324 2660 6 179 179
tree 3320 2680 33 0 0
fre 3356 2660 2 179 179
fre 3356 2668 1 179 179
fre 3364 2676 0 179 179
fre 3388 2660 2 179 179
tree 3448 2680 48 0 0
tree 3544 2680 33 0 0
fre 3588 2668 2 179 179
fre 3620 2660 8 179 179
fre 3660 2660 3 179 179
tree 3672 2680 33 0 0
fre 3764 2676 9 179 179
fre 3796 2660 9 179 179
fre 3804 2684 1 179 179
fre 3868 2660 1 179 179
fre 132 2692 8 179 179
fre 156 2700 17 179 179
fre 172 2692 3 179 179
tree 168 2712 36 0 0
fre 212 2692 9 179 179
fre 220 2716 1 179 179
fre 228 2692 16 179 179
fre 236 2708 7 179 179
fre 276 2708 9 179 179
fre 316 2692 10 179 179
fre 292 2708 0 179 179
fre 500 2716 15 179 179
fre 492 2708 10 179 179
fre 604 2692 16 179 179
fre 644 2700 6 179 179
trop 772 2716 76 0 0
fre 916 2692 9 179 179
fre 924 2716 1 179 179
trop 1188 2716 104 0 0
trop 1268 2700 108 0 0
trop 1524 2716 108 0 0
trop 1596 2708 103 0 0
zabor 1680 2704 33 0 9
stand 1736 2712 0 1 0
vor 1940 2708 1 0 0
zabor 2160 2704 27 0 8
fre 2228 2692 9 179 179
tree 2232 2712 5 0 0
fre 2244 2708 6 179 179
fre 2252 2700 1 179 179
cliff 2592 2688 36 179 179
tree 2680 2712 41 0 0
fre 2748 2700 17 179 179
fre 2772 2716 0 179 179
fre 2828 2708 7 179 179
fre 2876 2692 16 179 179
fre 2884 2708 0 179 179
trop 3004 2700 76 0 0
fre 3092 2692 2 179 179
fre 3092 2708 6 179 179
fre 3244 2692 9 179 179
fre 3268 2700 3 179 179
tree 3288 2696 48 0 0
fre 3412 2708 2 179 179
tree 3464 2696 33 0 0
fre 3548 2700 10 179 179
tree 3544 2696 48 0 0
fre 3556 2700 6 179 179
fre 3572 2708 8 179 179
tree 3640 2712 41 0 0
fre 3788 2708 7 179 179
tree 3944 2712 33 0 0
tree 152 2728 28 0 0
fre 180 2748 0 179 179
tree 168 2744 5 0 0
tree 168 2728 31 0 0
fre 284 2724 16 179 179
fre 356 2724 10 179 179
fre 588 2724 10 179 179
fre 652 2740 10 179 179
fre 980 2740 9 179 179
dom 1216 2720 22 0 0
trop 1356 2740 100 179 179
trop 1420 2724 108 0 0
zabor 1680 2736 24 0 8
fre 1860 2748 5 179 179
stand 2072 2744 0 0 0
fre 2244 2732 6 179 179
cliff 2288 2720 13 179 179
fre 2844 2724 16 179 179
tree 2920 2744 46 0 0
tree 3192 2728 33 0 0
tree 3352 2728 48 0 0
tree 3480 2728 48 0 0
fre 3540 2724 9 179 179
fre 3564 2740 7 179 179
fre 3620 2740 0 179 179
fre 3636 2748 15 179 179
tree 3656 2744 41 0 0
fre 3740 2724 16 179 179
tree 3944 2728 48 0 0
tree 3960 2744 48 0 0
tree 3944 2744 48 0 0
fre 148 2780 15 179 179
tree 136 2760 36 0 0
tree 152 2760 57 0 0
lay 168 2776 19 0 0
fre 252 2756 16 179 179
fre 292 2764 6 179 179
fre 508 2756 1 179 179
fre 516 2756 10 179 179
tree 536 2776 48 0 0
tree 648 2760 41 0 0
trop 772 2780 77 0 0
tree 888 2776 48 0 0
tree 904 2760 33 0 0
tree 1112 2776 48 0 0
tree 1096 2760 41 0 0
trop 1188 2780 104 0 0
trop 1260 2780 102 0 0
trop 1324 2780 102 0 0
trop 1388 2780 102 0 0
trop 1452 2780 102 0 0
trop 1516 2780 102 0 0
trop 1596 2772 103 0 0
zabor 1680 2768 30 0 8
fre 1764 2780 4 179 179
fre 1996 2764 4 179 179
fre 2004 2772 5 179 179
fre 2220 2772 6 179 179
fre 2260 2764 1 179 179
fre 2652 2772 8 179 179
cliff 2656 2752 33 179 179
tree 2696 2760 48 0 0
fre 2772 2772 1 179 179
fre 2892 2772 10 179 179
trop 3004 2764 77 0 0
tree 3160 2760 33 0 0
tree 3256 2776 48 0 0
tree 3320 2776 33 0 0
tree 3384 2776 41 0 0
tree 3400 2776 33 0 0
fre 3460 2780 1 179 179
fre 3460 2764 3 179 179
tree 3512 2776 41 0 0
tree 3528 2760 33 0 0
fre 3724 2756 10 179 179
tree 3912 2776 48 0 0
tree 3928 2776 41 0 0
tree 3944 2760 41 0 0
fre 236 2788 10 179 179
fre 228 2788 8 179 179
vor 308 2804 65 179 179
fre 324 2788 16 179 179
fre 348 2796 17 179 179
vor 364 2788 64 179 179
fre 372 2804 9 179 179
fre 412 2788 10 179 179
fre 404 2788 9 179 179
fre 412 2812 1 179 179
fre 428 2804 7 179 179
fre 484 2804 0 179 179
tree 520 2792 33 0 0
fre 668 2788 1 179 179
zabor 1680 2800 30 0 8
vor 1740 2812 9 0 0
vor 1852 2788 1 0 0
fre 1908 2788 3 179 179
fre 2244 2788 3 179 179
fre 2700 2812 10 179 179
tree 2712 2792 48 0 0
tree 2728 2808 41 0 0
fre 2812 2812 5 179 179
tree 3160 2792 41 0 0
tree 3160 2808 48 0 0
tree 3272 2808 33 0 0
tree 3272 2792 41 0 0
tree 3336 2792 48 0 0
fre 3380 2812 3 179 179
tree 3416 2792 48 0 0
tree 3400 2792 41 0 0
tree 3592 2808 33 0 0
tree 3640 2808 48 0 0
tree 3896 2808 48 0 0
tree 3928 2792 33 0 0
tree 3928 2808 48 0 0
lay 264 2840 20 0 0
fre 380 2820 16 179 179
fre 508 2828 17 179 179
fre 644 2836 0 179 179
tree 664 2840 41 0 0
tree 664 2824 33 0 0
fre 1140 2836 9 179 179
fre 1180 2820 10 179 179
trop 1588 2836 77 0 0
zabor 1680 2832 33 0 9
fre 1724 2836 3 179 179
fre 2020 2836 4 179 179
vor 2084 2836 1 0 0
zabor 2160 2832 25 0 8
tree 2232 2840 15 0 0
cliff 2320 2816 10 179 179
tree 2856 2840 41 0 0
fre 2908 2820 1 179 179
trop 3004 2844 76 0 0
tree 3160 2824 33 0 0
fre 3364 2828 6 179 179
tree 3640 2840 48 0 0
tree 3624 2840 33 0 0
tree 3672 2824 33 0 0
tree 3752 2840 41 0 0
tree 3912 2840 33 0 0
tree 3928 2824 33 0 0
tree 3928 2840 41 0 0
lay 184 2872 22 0 0
fre 348 2852 16 179 179
fre 388 2860 6 179 179
tree 504 2872 41 0 0
trop 772 2868 76 0 0
fre 924 2876 5 179 179
fre 1148 2852 16 179 179
fre 1228 2852 3 179 179
tree 1272 2872 48 0 0
fre 1332 2868 9 179 179
fre 1372 2852 10 179 179
fre 1348 2852 8 179 179
fre 1492 2868 9 179 179
zabor 1680 2864 32 0 9
stand 1864 2856 0 0 0
vor 1932 2868 1 0 0
zabor 2160 2864 35 0 9
cliff 2352 2848 20 179 179
fre 2748 2860 17 179 179
cliff 2752 2864 35 179 179
tree 2824 2872 33 0 0
tree 2856 2872 33 0 0
fre 3068 2868 6 179 179
tree 3256 2872 33 0 0
tree 3272 2856 41 0 0
tree 3608 2872 41 0 0
fre 3708 2876 1 179 179
tree 3752 2872 41 0 0
tree 3944 2856 48 0 0
tree 3960 2872 41 0 0
fre 156 2892 17 179 179
fre 292 2900 0 179 179
fre 1012 2908 15 179 179
fre 1020 2884 1 179 179
fre 1116 2884 16 179 179
tree 1240 2888 33 0 0
tree 1272 2888 33 0 0
fre 1340 2884 16 179 179
fre 1396 2908 0 179 179
tree 1400 2904 41 0 0
tree 1416 2904 33 0 0
fre 1500 2884 16 179 179
fre 1660 2884 3 179 179
zabor 1680 2896 24 0 8
fre 1812 2908 1 179 179
fre 1884 2900 2 179 179
fre 2100 2884 3 179 179
zabor 2160 2896 29 0 8
fre 2332 2892 7 179 179
fre 2324 2908 9 179 179
fre 3084 2884 8 179 179
tree 3240 2904 41 0 0
lay 3464 2904 18 0 0
tree 3592 2888 41 0 0
tree 3912 2888 33 0 0
tree 3976 2888 48 0 0
fre 668 2916 10 179 179
tree 664 2920 33 0 0
trop 772 2940 77 0 0
fre 860 2924 17 179 179
fre 924 2940 1 179 179
tree 920 2936 33 0 0
fre 940 2932 7 179 179
fre 996 2932 0 179 179
fre 1100 2916 10 179 179
fre 1164 2932 10 179 179
fre 1204 2940 15 179 179
tree 1224 2920 41 0 0
fre 1308 2916 16 179 179
fre 1468 2916 16 179 179
fre 1508 2924 6 179 179
trop 1588 2916 76 0 0
fre 1652 2916 1 179 179
fre 1644 2916 2 179 179
fre 1652 2940 1 179 179
zabor 1680 2928 38 0 9
stand 1752 2936 0 1 0
fre 1852 2924 2 179 179
fre 2036 2932 3 179 179
vor 2084 2932 1 0 0
zabor 2160 2928 24 0 8
fre 2172 2916 6 179 179
fre 2220 2940 6 179 179
cliff 2416 2912 22 179 179
tree 2856 2920 41 0 0
fre 2916 2924 3 179 179
trop 3004 2916 77 0 0
tree 3208 2936 48 0 0
tree 3224 2920 33 0 0
tree 3352 2936 48 0 0
tree 3912 2920 41 0 0
lay 568 2968 17 0 0
fre 836 2948 8 179 179
fre 876 2948 3 179 179
tree 920 2952 41 0 0
fre 932 2948 16 179 179
tree 936 2968 41 0 0
fre 1084 2972 5 179 179
fre 1292 2948 10 179 179
fre 1516 2964 10 179 179
fre 1660 2956 8 179 179
zabor 1680 2960 25 0 8
vor 1796 2964 16 0 0
stand 1976 2968 0 0 0
stand 2072 2968 0 1 0
zabor 2160 2960 26 0 8
fre 2180 2948 8 179 179
fre 2220 2948 3 179 179
fre 2212 2956 6 179 179
fre 2364 2948 10 179 179
tree 2344 2968 48 0 0
fre 2372 2948 10 179 179
fre 2372 2964 2 179 179
fre 2788 2948 6 179 179
tree 2840 2968 41 0 0
fre 2868 2948 10 179 179
fre 2924 2964 2 179 179
fre 3092 2956 6 179 179
tree 3192 2968 33 0 0
tree 3208 2952 48 0 0
tree 3384 2968 41 0 0
tree 3368 2952 41 0 0
tree 3896 2968 7 0 0
lay 328 3000 19 0 0
fre 884 3004 0 179 179
fre 908 2980 3 179 179
tree 936 2984 41 0 0
fre 964 2980 16 179 179
fre 988 2980 16 179 179
fre 1012 2996 9 179 179
fre 1052 2980 10 179 179
fre 1060 2980 8 179 179
fre 1100 2980 3 179 179
tree 1096 3000 41 0 0
fre 1156 2980 16 179 179
fre 1180 2980 1 179 179
fre 1204 2996 9 179 179
tree 1192 3000 33 0 0
tree 1208 3000 41 0 0
tree 1224 3000 48 0 0
fre 1276 3004 5 179 179
tree 1304 3000 41 0 0
tree 1448 3000 41 0 0
tree 1464 2984 48 0 0
trop 1588 2988 77 0 0
zabor 1680 2992 25 0 8
zabor 2160 2992 27 0 8
fre 2228 3004 0 179 179
tree 2824 3000 33 0 0
tree 2920 3000 24 0 0
trop 3004 3004 76 0 0
tree 3080 2984 24 0 0
tree 3192 2984 41 0 0
tree 3384 2984 33 0 0
fre 316 3012 16 179 179
fre 524 3012 3 179 179
trop 772 3020 76 0 0
fre 852 3036 15 179 179
fre 956 3012 16 179 179
fre 1020 3012 16 179 179
fre 996 3020 6 179 179
fre 1020 3020 17 179 179
fre 1076 3012 9 179 179
fre 1084 3036 1 179 179
fre 1108 3036 0 179 179
fre 1100 3028 7 179 179
tree 1112 3016 33 0 0
fre 1156 3028 0 179 179
fre 1212 3012 16 179 179
fre 1372 3012 1 179 179
tree 1448 3016 41 0 0
fre 1532 3012 1 179 179
fre 1652 3020 10 179 179
zabor 1680 3024 27 0 8
vor 1780 3020 88 179 179
fre 1916 3028 4 179 179
zabor 2160 3024 25 0 8
fre 2196 3036 15 179 179
fre 2180 3020 1 179 179
tree 2328 3032 8 0 0
fre 2340 3020 6 179 179
tree 2344 3016 46 0 0
tree 2344 3032 22 0 0
cliff 2448 3008 10 179 179
fre 2796 3012 6 179 179
fre 2820 3028 3 179 179
fre 2836 3036 1 179 179
cliff 2816 3008 40 179 179
fre 2884 3028 2 179 179
fre 2884 3020 2 179 179
tree 2920 3016 11 0 0
tree 3224 3032 41 0 0
tree 3240 3016 48 0 0
stand 3928 3032 6 0 0
fre 884 3068 15 179 179
fre 988 3044 16 179 179
fre 1028 3052 6 179 179
fre 1076 3068 15 179 179
tree 1112 3064 41 0 0
tree 1128 3064 33 0 0
fre 1180 3044 16 179 179
fre 1212 3052 17 179 179
tree 1208 3064 41 0 0
fre 1220 3052 6 179 179
tree 1240 3048 48 0 0
fre 1348 3060 0 179 179
fre 1428 3044 9 179 179
fre 1436 3068 1 179 179
fre 1532 3044 8 179 179
trop 1588 3068 76 0 0
zabor 1680 3056 28 0 8
stand 1880 3048 0 0 0
vor 1892 3060 1 0 0
fre 2284 3044 10 179 179
tree 2296 3048 48 0 0
tree 2312 3048 33 0 0
fre 2804 3044 2 179 179
fre 2796 3068 6 179 179
fre 2828 3052 3 179 179
fre 2876 3068 2 179 179
fre 2892 3060 3 179 179
fre 2916 3052 6 179 179
tree 3224 3064 41 0 0
tree 3416 3064 41 0 0
tree 3672 3064 48 0 0
tree 3656 3048 41 0 0
tree 136 3096 33 0 0
tree 136 3080 33 0 0
tree 552 3096 48 0 0
trop 772 3084 77 0 0
fre 868 3076 10 179 179
fre 924 3100 5 179 179
tree 1016 3096 48 0 0
tree 1096 3080 0 0 0
tree 1112 3080 40 0 0
fre 1164 3076 10 179 179
tree 1288 3080 1 0 0
tree 1368 3080 16 0 0
tree 1448 3080 8 0 0
zabor 1680 3088 26 0 8
vor 1980 3076 88 179 179
vor 2108 3092 1 0 0
fre 2268 3100 5 179 179
tree 2328 3080 48 0 0
tree 2344 3096 48 0 0
cliff 2448 3088 9 179 179
cliff 2816 3088 40 179 179
trop 3004 3076 77 0 0
tree 3096 3096 31 0 0
tree 3208 3096 48 0 0
tree 3224 3080 41 0 0
tree 3288 3096 48 0 0
tree 3304 3096 41 0 0
tree 3416 3080 33 0 0
tree 3576 3096 48 0 0
tree 3688 3080 33 0 0
dom 3872 3072 10 0 0
tree 152 3112 41 0 0
fre 332 3108 3 179 179
fre 388 3108 16 179 179
fre 436 3124 9 179 179
fre 900 3108 10 179 179
fre 956 3132 5 179 179
tree 936 3112 56 0 0
tree 968 3112 40 0 0
tree 1176 3128 33 0 0
fre 1284 3108 8 179 179
fre 1380 3108 16 179 179
fre 1428 3124 9 179 179
dom 1504 3104 16 0 0
fre 1652 3108 2 179 179
zabor 1680 3120 30 0 8
fre 1812 3124 0 179 179
fre 1868 3108 3 179 179
vor 2060 3124 88 179 179
vor 2148 3124 88 179 179
fre 2196 3132 8 179 179
tree 2184 3112 48 0 0
tree 2200 3112 41 0 0
tree 2232 3112 33 0 0
fre 2292 3132 8 179 179
tree 2360 3128 33 0 0
tree 2344 3128 41 0 0
tree 2344 3112 33 0 0
tree 2904 3112 41 0 0
tree 2904 3128 41 0 0
tree 3176 3128 48 0 0
tree 3208 3112 48 0 0
dom 3776 3104 16 0 0
tree 168 3160 48 0 0
tree 216 3160 48 0 0
tree 248 3160 33 0 0
tree 312 3160 48 0 0
fre 340 3164 0 179 179
fre 348 3140 1 179 179
fre 444 3140 16 179 179
trop 772 3164 76 0 0
fre 836 3140 8 179 179
fre 860 3148 17 179 179
fre 876 3140 3 179 179
tree 872 3160 41 0 0
fre 916 3140 9 179 179
fre 924 3164 1 179 179
fre 932 3140 16 179 179
fre 940 3156 7 179 179
tree 936 3160 33 0 0
tree 952 3160 33 0 0
tree 952 3144 0 0 0
fre 996 3156 0 179 179
tree 1048 3144 40 0 0
tree 1032 3144 24 0 0
fre 1244 3140 1 179 179
fre 1332 3164 8 179 179
fre 1492 3164 7 179 179
trop 1588 3140 77 0 0
fre 1644 3140 1 179 179
zabor 1680 3152 39 0 9
fre 2204 3148 17 179 179
fre 2236 3164 7 179 179
fre 2260 3140 9 179 179
fre 2268 3164 1 179 179
fre 2244 3148 7 179 179
fre 2260 3148 9 179 179
tree 2264 3144 48 0 0
fre 2284 3156 7 179 179
fre 2324 3164 6 179 179
fre 2316 3148 10 179 179
fre 2380 3164 10 179 179
fre 2756 3156 3 179 179
fre 2804 3164 2 179 179
fre 2796 3140 10 179 179
fre 2828 3140 8 179 179
fre 2876 3140 3 179 179
fre 2900 3148 10 179 179
fre 2900 3164 7 179 179
fre 2924 3140 2 179 179
trop 3004 3156 76 0 0
stand 3288 3160 30 0 0
trop 3428 3156 47 0 0
trop 3516 3156 52 0 0
trop 3596 3156 52 0 0
trop 3668 3156 52 0 0
trop 3748 3156 52 0 0
trop 3828 3156 52 0 0
trop 3908 3156 52 0 0
trop 3980 3156 52 0 0
fre 324 3188 0 179 179
tree 328 3192 33 0 0
fre 372 3196 15 179 179
fre 452 3180 6 179 179
tree 504 3192 41 0 0
fre 892 3180 17 179 179
fre 884 3196 0 179 179
tree 888 3176 40 0 0
tree 888 3192 48 0 0
tree 920 3192 48 0 0
fre 948 3172 9 179 179
fre 956 3196 1 179 179
fre 988 3172 16 179 179
fre 1028 3188 0 179 179
tree 1080 3176 48 0 0
fre 1140 3172 9 179 179
fre 1148 3196 1 179 179
tree 1192 3176 24 0 0
tree 1224 3192 40 0 0
tree 1432 3192 48 0 0
tree 1464 3176 48 0 0
tree 1480 3192 33 0 0
tree 1480 3176 41 0 0
fre 1668 3180 6 179 179
zabor 1680 3184 35 0 9
vor 1756 3180 9 0 0
stand 1912 3192 0 1 0
vor 1956 3188 1 0 0
stand 2072 3176 0 0 0
vor 2060 3196 1 0 0
zabor 2160 3184 26 0 8
cliff 2784 3168 41 179 179
stand 3432 3192 15 0 0
stand 3944 3192 39 0 0
fre 460 3220 10 179 179
fre 460 3204 10 179 179
tree 456 3224 33 0 0
tree 568 3224 33 0 0
trop 772 3228 77 0 0
fre 852 3228 15 179 179
tree 904 3208 48 0 0
tree 920 3224 48 0 0
fre 956 3204 16 179 179
tree 936 3224 41 0 0
tree 936 3208 40 0 0
tree 952 3208 48 0 0
tree 952 3224 41 0 0
fre 996 3212 6 179 179
fre 1036 3204 1 179 179
fre 1028 3220 10 179 179
fre 1204 3228 7 179 179
fre 1260 3212 3 179 179
tree 1256 3208 24 0 0
tree 1336 3208 16 0 0
tree 1352 3224 0 0 0
trop 1588 3228 76 0 0
zabor 1680 3216 39 0 9
stand 1832 3208 0 0 0
fre 2004 3220 1 179 179
zabor 2160 3216 26 0 8
fre 2204 3228 6 179 179
stand 2280 3224 30 0 0
trop 2316 3220 54 0 0
trop 2828 3220 52 0 0
trop 2908 3220 52 0 0
trop 2924 3220 52 0 0
trop 3004 3220 53 0 0
trop 3100 3220 52 0 0
trop 3180 3220 52 0 0
trop 3252 3220 52 0 0
trop 3332 3220 46 0 0
trop 3516 3220 52 0 0
trop 3596 3220 52 0 0
trop 3676 3220 52 0 0
trop 3756 3220 52 0 0
trop 3836 3220 52 0 0
trop 3908 3220 52 0 0
trop 3980 3220 52 0 0
fre 228 3236 8 179 179
tree 264 3240 48 0 0
tree 296 3256 41 0 0
tree 328 3256 48 0 0
fre 380 3260 5 179 179
fre 372 3252 9 179 179
fre 412 3236 10 179 179
fre 388 3236 10 179 179
tree 488 3256 41 0 0
tree 632 3240 41 0 0
fre 940 3236 10 179 179
tree 952 3256 16 0 0
tree 984 3256 16 0 0
tree 968 3256 40 0 0
tree 968 3240 40 0 0
fre 1004 3252 10 179 179
tree 1016 3240 16 0 0
tree 1016 3256 48 0 0
tree 1000 3240 24 0 0
fre 1316 3236 10 179 179
tree 1384 3256 16 0 0
fre 1652 3252 6 179 179
zabor 1680 3248 28 0 8
zabor 2160 3248 31 0 8
most 2496 3232 27 0 179
most 2720 3232 26 0 179
fre 2764 3252 7 179 179
trop 3004 3260 77 0 0
lay 3432 3256 19 0 0
tree 152 3288 41 0 0
tree 152 3272 33 0 0
tree 136 3288 41 0 0
tree 248 3272 41 0 0
tree 312 3272 41 0 0
tree 440 3288 48 0 0
fre 476 3268 1 179 179
tree 504 3288 41 0 0
tree 520 3288 48 0 0
fre 868 3268 10 179 179
fre 924 3292 5 179 179
tree 1304 3272 32 0 0
vor 1316 3292 49 0 0
tree 1320 3272 41 0 0
tree 1416 3288 48 0 0
fre 1660 3292 3 179 179
zabor 1680 3280 26 0 8
zabor 1712 3280 25 0 8
zabor 1744 3280 28 0 8
zabor 1776 3280 34 0 9
zabor 1808 3280 32 0 9
zabor 1840 3280 37 0 9
zabor 1872 3280 38 0 9
zabor 1904 3280 31 0 8
zabor 1936 3280 29 0 8
zabor 1968 3280 25 0 8
zabor 2000 3280 24 0 8
zabor 2032 3280 38 0 9
zabor 2064 3280 39 0 9
zabor 2096 3280 30 0 8
zabor 2128 3280 25 0 8
zabor 2160 3280 24 0 8
fre 2188 3268 8 179 179
fre 2260 3276 1 179 179
fre 2300 3268 6 179 179
fre 2300 3276 1 179 179
fre 2860 3292 10 179 179
tree 3112 3288 16 0 0
fre 180 3324 15 179 179
tree 168 3304 41 0 0
fre 316 3308 17 179 179
fre 324 3308 6 179 179
fre 372 3300 9 179 179
fre 380 3308 17 179 179
fre 388 3308 6 179 179
tree 520 3304 41 0 0
trop 772 3316 76 0 0
tree 968 3304 8 0 0
fre 1020 3300 1 179 179
fre 1308 3308 17 179 179
fre 1388 3316 7 179 179
tree 1448 3304 16 0 0
trop 1588 3300 77 0 0
fre 1660 3316 9 179 179
fre 1692 3324 8 179 179
fre 1764 3316 8 179 179
vor 1964 3316 32 0 0
fre 2268 3308 6 179 179
tree 2264 3304 48 0 0
tree 2264 3320 33 0 0
tree 2280 3304 48 0 0
fre 2756 3300 2 179 179
tree 2776 3320 33 0 0
dom 2816 3296 26 0 0
fre 2916 3308 9 179 179
trop 3004 3316 77 0 0
vor 3636 3300 33 0 0
tree 3800 3320 46 0 0
tree 3800 3304 5 0 0
tree 3816 3320 62 0 0
tree 3864 3320 44 0 0
tree 3912 3320 22 0 0
tree 3960 3320 4 0 0
fre 396 3348 10 179 179
tree 472 3336 48 0 0
tree 488 3336 48 0 0
tree 632 3336 33 0 0
fre 860 3340 17 179 179
fre 916 3332 9 179 179
fre 924 3356 1 179 179
tree 920 3336 48 0 0
tree 920 3352 24 0 0
fre 940 3348 7 179 179
fre 1020 3348 1 179 179
fre 996 3348 0 179 179
fre 1012 3356 48 0 0
lay 1064 3336 1 0 0
dom 1248 3328 93 0 0
lay 1432 3336 21 0 0
tree 1448 3336 33 0 0
fre 1692 3340 7 179 179
tree 1736 3352 48 0 0
tree 1848 3352 33 0 0
fre 2020 3340 1 179 179
tree 2168 3336 48 0 0
fre 2188 3348 9 179 179
fre 2204 3348 1 179 179
fre 2260 3348 6 179 179
fre 2284 3348 7 179 179
tree 2392 3352 40 0 0
fre 2812 3356 8 179 179
fre 2852 3348 6 179 179
fre 2892 3340 8 179 179
tree 2936 3336 56 0 0
tree 3224 3336 0 0 0
lay 3704 3352 21 0 0
tree 3832 3352 59 0 0
tree 3816 3336 2 0 0
tree 3928 3336 17 0 0
tree 3928 3352 31 0 0
fre 196 3364 10 179 179
tree 392 3384 41 0 0
tree 456 3368 33 0 0
fre 548 3364 10 179 179
tree 664 3368 33 0 0
trop 772 3388 77 0 0
tree 888 3368 33 0 0
tree 952 3384 48 0 0
tree 952 3368 33 0 0
trop 1156 3380 93 0 0
trop 1220 3372 101 0 0
trop 1588 3380 76 0 0
fre 1660 3364 6 179 179
tree 1736 3384 33 0 0
tree 2120 3384 41 0 0
fre 2316 3372 10 179 179
fre 2332 3380 9 179 179
tree 2392 3384 33 0 0
tree 2392 3368 0 0 0
fre 2844 3364 7 179 179
fre 2924 3388 7 179 179
tree 3832 3384 22 0 0
tree 3912 3384 5 0 0
tree 376 3400 41 0 0
tree 360 3400 41 0 0
fre 412 3396 1 179 179
tree 568 3416 33 0 0
tree 584 3416 41 0 0
tree 888 3400 41 0 0
tree 952 3416 16 0 0
trop 1220 3420 109 0 0
trop 1340 3420 88 0 0
fre 1388 3412 50 0 0
vor 1700 3412 25 0 0
fre 1740 3396 8 179 179
tree 2152 3400 41 0 0
fre 2188 3420 3 179 179
fre 2204 3412 2 179 179
fre 2212 3420 9 179 179
tree 2296 3400 41 0 0
tree 2392 3416 33 0 0
tree 2392 3400 24 0 0
tree 2808 3416 48 0 0
tree 2872 3416 33 0 0
fre 2916 3404 3 179 179
trop 3004 3396 76 0 0
tree 3160 3416 12 0 0
tree 3160 3400 45 0 0
tree 3912 3416 11 0 0
tree 3928 3416 34 0 0
fre 164 3428 8 179 179
fre 188 3436 17 179 179
fre 204 3428 3 179 179
tree 216 3448 33 0 0
tree 200 3448 41 0 0
fre 244 3428 9 179 179
fre 252 3452 1 179 179
fre 252 3436 17 179 179
tree 248 3448 41 0 0
tree 232 3448 0 0 0
fre 316 3452 1 179 179
tree 360 3448 32 0 0
tree 488 3448 40 0 0
fre 540 3436 17 179 179
fre 604 3452 1 179 179
fre 620 3444 7 179 179
fre 676 3444 0 179 179
tree 904 3432 16 0 0
tree 952 3448 32 0 0
stand 984 3448 89 0 0
vor 1428 3452 0 0 0
fre 1676 3444 6 179 179
fre 1772 3428 40 0 0
dom 1856 3424 20 0 0
dom 2016 3424 21 0 0
fre 2092 3428 7 179 179
fre 2188 3444 7 179 179
fre 2268 3444 6 179 179
tree 2808 3448 33 0 0
cliff 2816 3440 40 179 179
fre 2852 3444 2 179 179
tree 3928 3432 8 0 0
tree 3944 3448 45 0 0
tree 136 3480 24 0 0
tree 184 3480 16 0 0
tree 184 3464 32 0 0
fre 316 3460 16 179 179
fre 396 3460 3 179 179
tree 408 3464 16 0 0
tree 392 3464 16 0 0
fre 452 3460 16 179 179
fre 500 3476 9 179 179
tree 504 3464 40 0 0
tree 504 3480 40 0 0
fre 540 3460 10 179 179
tree 520 3480 40 0 0
tree 648 3464 24 0 0
tree 664 3480 48 0 0
trop 772 3468 76 0 0
tree 952 3464 56 0 0
trop 1084 3460 92 0 0
fre 1172 3476 2 179 179
fre 1220 3484 44 0 0
fre 1252 3460 3 179 179
fre 2244 3460 2 179 179
tree 2312 3480 33 0 0
tree 2360 3480 33 0 0
tree 2376 3464 33 0 0
cliff 2480 3456 11 179 179
cliff 2816 3456 36 179 179
fre 2900 3460 2 179 179
trop 3004 3468 77 0 0
tree 3208 3480 8 0 0
vor 3340 3476 16 0 0
tree 3432 3464 57 0 0
vor 3828 3460 40 0 0
tree 3928 3480 42 0 0
tree 3912 3464 36 0 0
fre 180 3516 15 179 179
tree 200 3496 48 0 0
tree 344 3496 24 0 0
tree 344 3512 40 0 0
fre 508 3492 16 179 179
tree 504 3512 56 0 0
tree 680 3496 24 0 0
vor 1164 3500 40 0 0
fre 1188 3492 9 179 179
fre 1212 3500 3 179 179
fre 1268 3492 3 179 179
fre 1252 3508 6 179 179
lay 1432 3512 20 0 0
trop 1620 3492 89 0 0
trop 1868 3516 101 0 0
trop 1924 3516 101 0 0
trop 1988 3516 101 0 0
trop 2052 3516 101 0 0
trop 2116 3516 101 0 0
trop 2156 3508 111 0 0
tree 2360 3512 16 0 0
tree 2376 3512 56 0 0
tree 2376 3496 0 0 0
tree 2856 3496 33 0 0
tree 2856 3512 48 0 0
tree 3192 3496 59 0 0
tree 3176 3496 27 0 0
tree 3944 3496 23 0 0
tree 152 3544 32 0 0
tree 376 3544 16 0 0
tree 360 3528 33 0 0
tree 392 3544 0 0 0
fre 516 3532 6 179 179
tree 520 3528 56 0 0
tree 616 3528 0 0 0
tree 648 3544 56 0 0
trop 772 3532 77 0 0
trop 1340 3524 91 0 0
trop 1724 3524 79 0 0
trop 1796 3524 78 0 0
stand 2664 3528 125 0 0
tree 2856 3528 41 0 0
cliff 2864 3536 38 179 179
tree 2936 3528 1 0 0
tree 3112 3544 20 0 0
lay 3272 3528 22 0 0
vor 3620 3524 8 0 0
fre 3940 3548 18 179 179
tree 152 3560 48 0 0
tree 168 3560 0 0 0
fre 196 3556 10 179 179
tree 296 3560 32 0 0
tree 456 3560 41 0 0
tree 504 3576 32 0 0
fre 524 3572 10 179 179
tree 632 3560 33 0 0
tree 648 3576 41 0 0
tree 696 3560 48 0 0
fre 892 3572 3 179 179
tree 920 3560 24 0 0
vor 1028 3564 0 0 0
trop 1124 3556 89 0 0
trop 1212 3580 101 0 0
trop 1292 3580 90 0 0
vor 1516 3580 41 0 0
trop 1996 3580 105 0 0
trop 2060 3580 105 0 0
trop 2156 3556 111 0 0
vor 2220 3556 41 0 0
fre 2388 3572 8 179 179
cliff 2864 3552 38 179 179
tree 2888 3576 33 0 0
trop 3004 3556 76 0 0
tree 3128 3560 40 0 0
tree 3112 3560 44 0 0
lay 3368 3560 20 0 0
lay 3560 3576 20 0 0
fre 132 3588 8 179 179
fre 172 3588 3 179 179
fre 228 3588 16 179 179
fre 276 3604 9 179 179
fre 292 3588 8 179 179
tree 296 3592 41 0 0
tree 376 3608 0 0 0
tree 360 3608 33 0 0
tree 360 3592 16 0 0
fre 476 3588 10 179 179
fre 556 3588 3 179 179
tree 568 3608 0 0 0
fre 612 3588 16 179 179
fre 660 3604 9 179 179
fre 700 3588 10 179 179
trop 772 3612 76 0 0
tree 1448 3592 30 0 0
vor 1644 3588 40 0 0
trop 1868 3588 104 0 0
trop 1900 3604 100 179 179
trop 1908 3588 105 0 0
trop 1948 3596 105 0 0
trop 2124 3588 103 0 0
fre 2388 3596 9 179 179
cliff 2480 3600 11 179 179
tree 2856 3608 16 0 0
fre 3108 3596 3 179 179
dom 3328 3584 28 3 179
dom 3488 3584 28 2 179
tree 3864 3592 48 0 0
tree 136 3640 56 0 0
tree 152 3624 56 0 0
fre 188 3628 17 179 179
fre 244 3620 9 179 179
tree 248 3640 41 0 0
tree 264 3640 16 0 0
tree 296 3624 48 0 0
tree 344 3624 41 0 0
tree 360 3624 32 0 0
tree 488 3640 0 0 0
fre 540 3620 1 179 179
fre 564 3644 0 179 179
tree 600 3640 32 0 0
tree 616 3640 40 0 0
tree 632 3624 40 0 0
fre 876 3644 8 179 179
lay 904 3624 20 0 0
tree 1640 3640 48 0 0
dom 1760 3616 19 0 0
trop 1892 3628 100 179 179
dom 1984 3616 63 0 0
trop 2028 3644 105 0 0
dom 2240 3616 122 0 0
tree 2376 3640 32 0 0
tree 2392 3640 41 0 0
fre 2772 3644 3 179 179
tree 2808 3640 58 0 0
tree 2824 3640 19 0 0
tree 2840 3624 54 0 0
tree 2824 3624 61 0 0
cliff 2816 3632 41 179 179
tree 2856 3624 15 0 0
trop 2996 3644 91 0 0
lay 3800 3640 17 0 0
fre 3940 3644 0 179 179
fre 148 3676 15 179 179
tree 152 3672 32 0 0
tree 152 3656 41 0 0
tree 264 3656 0 0 0
fre 444 3676 1 179 179
fre 452 3660 6 179 179
tree 456 3672 33 0 0
tree 472 3656 33 0 0
tree 616 3656 32 0 0
tree 648 3672 33 0 0
trop 772 3676 77 0 0
fre 884 3660 6 179 179
dom 1120 3648 26 0 0
trop 1212 3652 77 0 0
dom 1312 3648 26 0 0
fre 1428 3660 3 179 179
fre 1676 3652 1 179 179
trop 1868 3652 104 0 0
trop 1996 3660 105 0 0
trop 2124 3652 103 0 0
cliff 2448 3664 7 179 179
fre 2780 3676 16 179 179
fre 2804 3652 16 179 179
vor 3220 3668 33 0 0
tree 3880 3672 41 0 0
tree 200 3704 0 0 0
tree 200 3688 33 0 0
fre 300 3700 10 179 179
fre 460 3700 10 179 179
tree 632 3688 0 0 0
fre 1292 3700 8 179 179
lay 1496 3704 19 0 0
vor 1868 3700 24 0 0
trop 1940 3684 105 0 0
trop 2076 3692 100 179 179
tree 2376 3704 25 0 0
tree 2712 3704 18 0 0
tree 2712 3688 13 0 0
cliff 2768 3680 41 179 179
trop 2884 3708 93 0 0
trop 2956 3700 90 0 0
fre 3172 3684 0 179 179
fre 3172 3692 16 179 179
tree 3224 3704 18 0 0
tree 3208 3704 53 0 0
vor 3492 3684 25 0 0
fre 324 3716 10 179 179
tree 696 3736 32 0 0
tree 696 3720 41 0 0
fre 892 3724 10 179 179
trop 1212 3740 76 0 0
tree 1400 3736 33 0 0
tree 1416 3720 48 0 0
fre 1852 3724 40 0 0
trop 1868 3724 104 0 0
trop 1892 3716 100 179 179
trop 1980 3716 105 0 0
stand 1992 3736 120 0 0
trop 2124 3716 103 0 0
fre 2356 3740 10 179 179
tree 2344 3720 58 0 0
cliff 2432 3728 1 179 179
fre 2676 3740 3 179 179
tree 2744 3720 1 0 0
cliff 2720 3728 44 179 179
tree 3224 3720 28 0 0
lay 3528 3736 19 0 0
dom 3648 3712 113 0 179
dom 3712 3712 113 0 179
dom 3776 3712 113 0 179
vor 3852 3716 17 0 0
fre 284 3748 16 179 179
tree 280 3768 16 0 0
fre 316 3748 1 179 179
tree 344 3768 48 0 0
trop 772 3764 76 0 0
lay 920 3752 17 0 0
vor 1332 3764 32 0 0
tree 1400 3752 56 0 0
tree 1416 3768 48 0 0
fre 1564 3756 3 179 179
trop 1980 3756 105 0 0
trop 2060 3764 105 0 0
cliff 2368 3760 3 179 179
tree 2680 3768 57 0 0
tree 2696 3768 51 0 0
tree 2712 3768 37 0 0
fre 2732 3764 17 179 179
tree 3128 3768 48 0 0
tree 168 3800 40 0 0
tree 168 3784 32 0 0
fre 292 3788 6 179 179
fre 316 3788 17 179 179
fre 892 3788 9 179 179
vor 1124 3780 64 0 0
trop 1868 3788 104 0 0
trop 1932 3804 105 0 0
trop 2124 3780 103 0 0
dom 2208 3776 61 0 0
tree 2632 3800 45 0 0
tree 2664 3784 18 0 0
cliff 2672 3776 44 179 179
lay 2696 3800 21 0 0
trop 2804 3788 92 0 0
tree 3144 3800 48 0 0
lay 3576 3784 21 0 0
tree 136 3832 0 0 0
tree 152 3816 41 0 0
trop 772 3828 77 0 0
fre 884 3836 3 179 179
fre 1060 3836 6 179 179
trop 1212 3812 77 0 0
tree 1352 3832 0 0 0
fre 1532 3836 6 179 179
dom 1760 3808 19 0 0
trop 2036 3836 105 0 0
cliff 2336 3824 3 179 179
cliff 2624 3824 46 179 179
fre 2716 3820 0 179 179
trop 2812 3836 77 0 0
tree 3080 3832 33 0 0
tree 3096 3816 33 0 0
tree 3112 3816 41 0 0
tree 3128 3816 41 0 0
tree 3144 3832 48 0 0
lay 392 3864 17 0 0
tree 440 3848 0 0 0
fre 900 3860 7 179 179
lay 1080 3848 20 0 0
tree 1368 3848 41 0 0
lay 1432 3864 21 0 0
tree 1544 3864 24 0 0
tree 1560 3848 40 0 0
trop 1868 3852 104 0 0
trop 2052 3852 105 0 0
trop 2124 3844 103 0 0
fre 2740 3868 3 179 179
tree 3000 3848 41 0 0
tree 2984 3848 48 0 0
tree 3032 3864 48 0 0
tree 3016 3848 48 0 0
tree 3016 3864 33 0 0
tree 3448 3864 48 0 0
tree 3432 3848 41 0 0
tree 3624 3864 48 0 0
fre 3852 3852 2 179 179
tree 264 3896 33 0 0
tree 280 3896 41 0 0
tree 296 3896 41 0 0
vor 508 3892 24 0 0
vor 604 3884 64 0 0
fre 1012 3876 6 179 179
fre 1028 3876 6 179 179
trop 1212 3900 76 0 0
fre 1316 3884 9 179 179
tree 1640 3896 61 0 0
tree 1688 3880 25 0 0
tree 1704 3880 0 0 0
trop 1948 3900 105 0 0
dom 2624 3872 26 0 0
cliff 2624 3888 39 179 179
tree 2696 3896 60 0 0
fre 2740 3892 0 179 179
tree 2728 3880 56 0 0
trop 2812 3900 76 0 0
tree 2984 3896 48 0 0
tree 3000 3880 48 0 0
tree 3032 3880 48 0 0
lay 3176 3896 21 0 0
fre 3244 3884 16 179 179
fre 3268 3900 0 179 179
fre 3276 3876 18 179 179
fre 3292 3884 1 179 179
tree 3304 3880 61 0 179
fre 3348 3876 17 179 179
fre 3428 3884 3 179 179
tree 3464 3880 33 0 0
fre 3564 3892 1 179 179
tree 3624 3880 48 0 0
fre 3676 3884 18 179 179
fre 3740 3884 15 179 179
fre 3804 3892 17 179 179
fre 212 3908 9 179 179
trop 772 3916 76 0 0
fre 916 3916 1 179 179
trop 1868 3916 104 0 0
trop 2044 3924 105 0 0
trop 2124 3908 103 0 0
fre 3564 3908 1 179 179
fre 3948 3916 0 179 179
trop 844 3948 109 0 0
vor 244 3980 40 0 0
trop 764 3988 104 0 0
trop 844 3988 100 0 0
trop 916 3988 79 0 0
trop 996 3988 78 0 0
trop 1068 3988 79 0 0
trop 1140 3988 78 0 0
trop 1212 3980 100 0 0
trop 1212 3996 100 0 0
trop 1292 3980 79 0 0
trop 1364 3980 78 0 0
trop 1444 3980 79 0 0
trop 1524 3980 78 0 0
trop 1596 3980 79 0 0
trop 1668 3980 78 0 0
trop 1740 3980 79 0 0
trop 1804 3980 78 0 0
trop 1860 3980 102 0 0
trop 1924 3980 102 0 0
trop 1988 3980 100 0 0
trop 2052 3980 102 0 0
trop 2116 3980 102 0 0
trop 2188 3980 79 0 0
trop 2260 3980 78 0 0
most 2432 3968 32 0 179
trop 2660 3972 79 0 0
trop 2740 3972 78 0 0
trop 2812 3980 100 0 0
trop 2892 3980 79 0 0
trop 2956 3980 78 0 0
trop 3028 3980 79 0 0
trop 3100 3980 78 0 0
trop 3180 3980 79 0 0
trop 3252 3980 78 0 0
trop 3332 3980 79 0 0
trop 3396 3980 78 0 0
trop 3468 3980 79 0 0
trop 3548 3980 78 0 0
trop 3628 3980 79 0 0
trop 3700 3980 78 0 0
trop 3780 3980 79 0 0
trop 3844 3980 78 179 179
trop 3924 3980 79 0 0
trop 3996 3980 78 0 0
stand 184 4024 85 0 0
stand 216 4024 76 0 0
stand 200 4024 76 0 0
stand 248 4024 76 0 0
stand 232 4024 76 0 0
stand 280 4024 76 0 0
stand 264 4024 76 0 0
stand 296 4024 82 0 0
fre 676 4028 9 179 179
trop 804 4020 100 0 0
stand 184 4040 75 0 0
stand 296 4040 74 0 0
dom 384 4032 113 0 179
dom 448 4032 113 0 179
trop 764 4052 104 0 0
trop 852 4036 95 0 0
trop 1212 4044 77 0 0
trop 1988 4044 77 0 0
trop 2812 4036 77 0 0
fre 3844 4036 16 179 179
fre 3892 4052 9 179 179
fre 3932 4036 10 179 179
fre 140 4084 2 179 179
tree 184 4072 48 0 0
tree 168 4072 48 0 0
fre 284 4076 3 179 179
fre 300 4076 8 179 179
trop 820 4068 94 0 0
fre 1356 4068 3 179 179
fre 1636 4068 16 179 179
fre 1684 4084 9 179 179
fre 1724 4068 10 179 179
tree 1720 4072 30 0 0
fre 1732 4068 8 179 179
fre 1828 4068 16 179 179
fre 1876 4084 9 179 179
tree 2088 4088 48 0 0
fre 2292 4068 3 179 179
fre 2292 4076 1 179 179
trop 2804 4084 76 0 0
tree 2952 4088 45 0 0
tree 3080 4072 2 0 0
fre 3108 4076 15 179 179
fre 3196 4084 17 179 179
tree 3192 4072 26 0 0
tree 3192 4088 27 0 0
fre 3284 4068 15 179 179
tree 3272 4088 31 0 0
fre 3340 4084 2 179 179
fre 3524 4068 8 179 179
fre 3636 4084 16 179 179
fre 3668 4084 9 179 179
fre 3900 4068 16 179 179
fre 3948 4084 2 179 179
fre 236 4100 2 179 179
fre 284 4108 10 179 179
fre 308 4100 9 179 179
vor 580 4108 0 0 0
trop 764 4124 91 0 0
lay 1384 4120 18 0 0
tree 1512 4104 6 0 0
fre 1692 4100 16 179 179
dom 1824 4096 47 0 0
fre 1884 4100 16 179 179
lay 1880 4120 19 0 0
lay 2200 4104 16 0 0
cliff 2640 4112 36 179 179
tree 2936 4104 8 0 0
tree 3192 4104 2 0 0
fre 3252 4100 17 179 179
tree 3288 4104 60 0 0
fre 3348 4100 3 179 179
fre 3348 4108 0 179 179
fre 3356 4100 1 179 179
fre 3676 4100 16 179 179
fre 3764 4124 15 179 179
fre 3868 4100 16 179 179
tree 3896 4120 48 0 0
fre 3908 4108 6 179 179
tree 936 4152 27 0 0
tree 936 4136 7 0 0
fre 1124 4140 6 179 179
trop 1212 4132 76 0 0
fre 1332 4156 15 179 179
lay 1320 4152 21 0 0
fre 1556 4156 15 179 179
fre 1892 4140 6 179 179
trop 1988 4132 76 0 0
lay 2696 4136 19 0 0
trop 2804 4132 76 0 0
fre 3324 4148 0 179 179
fre 3316 4140 3 179 179
fre 3324 4140 1 179 179
fre 3420 4140 2 179 179
tree 3480 4152 41 0 0
tree 3480 4136 41 0 0
fre 3644 4132 16 179 179
tree 3672 4152 41 0 0
tree 3672 4136 48 0 0
fre 3916 4148 10 179 179
tree 3912 4136 33 0 0
trop 108 4180 79 0 0
trop 180 4180 78 0 0
trop 260 4180 79 0 0
trop 340 4180 78 0 0
trop 412 4180 100 0 0
trop 412 4172 101 0 0
trop 484 4180 79 0 0
trop 532 4180 79 0 0
trop 564 4180 79 0 0
trop 636 4180 78 0 0
trop 716 4172 90 0 0
tree 936 4168 53 0 0
fre 972 4164 10 179 179
fre 1420 4164 10 179 179
fre 1740 4164 3 179 179
fre 1884 4164 10 179 179
cliff 2368 4160 13 179 179
tree 2920 4184 50 0 0
fre 3340 4164 1 179 179
tree 3496 4168 48 0 0
fre 3628 4164 10 179 179
tree 3640 4184 48 0 0
tree 3624 4184 41 0 0
tree 3656 4168 48 0 0
fre 3692 4180 10 179 179
fre 3780 4164 10 179 179
fre 3836 4188 5 179 179
tree 3928 4168 33 0 0
tree 1000 4216 44 0 0
tree 1032 4200 15 0 0
trop 1212 4196 77 0 0
tree 1336 4216 3 0 0
tree 1336 4200 21 0 0
trop 1988 4204 77 0 0
tree 2104 4200 0 0 0
trop 2804 4204 77 0 0
tree 2920 4216 32 0 0
tree 2920 4200 24 0 0
tree 3112 4216 5 0 0
fre 3684 4196 8 179 179
fre 3780 4196 16 179 179
fre 3828 4212 9 179 179
fre 3932 4196 1 179 179
fre 284 4236 8 179 179
tree 312 4248 48 0 0
fre 332 4244 1 179 179
fre 332 4252 2 179 179
trop 412 4244 77 0 0
tree 968 4248 12 0 0
tree 1128 4248 3 0 0
fre 1284 4228 8 179 179
fre 1324 4228 3 179 179
tree 1336 4232 6 0 0
fre 1500 4228 1 179 179
fre 1724 4228 1 179 179
fre 1716 4244 9 179 179
fre 1716 4252 15 179 179
fre 1916 4228 1 179 179
fre 2132 4236 0 179 179
cliff 2288 4240 6 179 179
cliff 2320 4224 4 179 179
cliff 2688 4224 40 179 179
tree 3608 4232 48 0 0
tree 3624 4232 33 0 0
fre 3708 4228 1 179 179
fre 3772 4236 17 179 179
fre 3836 4228 16 179 179
fre 3828 4228 9 179 179
fre 3836 4252 1 179 179
tree 3832 4248 38 0 0
fre 3852 4244 7 179 179
fre 332 4268 2 179 179
fre 660 4260 8 179 179
fre 972 4260 3 179 179
tree 1112 4264 12 0 0
trop 1212 4268 76 0 0
fre 1332 4284 0 179 179
fre 1620 4260 9 179 179
fre 1892 4276 0 179 179
fre 2108 4284 3 179 179
fre 2140 4284 1 179 179
cliff 2272 4272 4 179 179
fre 2604 4268 0 179 179
fre 2636 4260 2 179 179
tree 3352 4264 24 0 0
tree 3384 4280 31 0 0
tree 3400 4280 52 0 0
fre 3628 4276 7 179 179
fre 3804 4260 16 179 179
tree 3864 4280 14 0 0
tree 3848 4264 50 0 0
tree 3960 4280 24 0 0
tree 168 4296 33 0 0
tree 856 4296 27 0 0
tree 920 4296 6 0 0
vor 1068 4300 88 179 179
tree 1112 4296 16 0 0
fre 1508 4292 16 179 179
fre 1732 4300 6 179 179
trop 1988 4292 76 0 0
cliff 2640 4288 41 179 179
trop 2804 4292 76 0 0
fre 3068 4292 10 179 179
tree 3080 4312 12 0 0
tree 3944 4312 37 0 0
tree 3960 4296 15 0 0
zabor 144 4336 104 2 8
zabor 176 4336 105 2 8
dom 256 4320 121 0 0
zabor 336 4336 104 2 8
zabor 368 4336 105 2 8
trop 412 4324 76 0 0
zabor 464 4336 105 2 8
zabor 496 4336 104 2 8
dom 576 4320 121 0 0
zabor 656 4336 104 2 8
zabor 688 4336 104 2 8
zabor 720 4336 104 2 8
tree 824 4344 18 0 0
trop 1212 4340 77 0 0
fre 1916 4324 18 179 179
fre 2172 4340 15 179 179
cliff 2240 4336 3 179 179
cliff 2640 4336 40 179 179
tree 3128 4344 28 0 0
tree 3144 4328 56 0 0
fre 3772 4348 5 179 179
tree 3768 4344 41 0 0
tree 3928 4344 7 0 0
tree 3928 4328 57 0 0
zabor 720 4368 105 2 8
fre 1100 4372 10 179 179
fre 1316 4356 10 179 179
tree 1352 4360 21 0 0
fre 1428 4380 15 179 179
fre 1788 4380 1 179 179
tree 2648 4376 41 0 0
tree 2648 4360 48 0 0
tree 2664 4360 33 0 0
trop 2804 4356 77 0 0
tree 3720 4376 48 0 0
tree 3736 4360 48 0 0
tree 3784 4360 48 0 0
fre 3868 4356 1 179 179
fre 3892 4372 9 179 179
fre 3932 4356 10 179 179
trop 156 4388 101 0 0
trop 220 4388 101 0 0
trop 284 4388 101 0 0
trop 348 4388 101 0 0
trop 412 4404 100 0 0
trop 476 4388 101 0 0
trop 540 4388 101 0 0
trop 604 4388 101 0 0
trop 660 4388 101 0 0
zabor 720 4400 105 2 8
trop 1212 4412 76 0 0
fre 1516 4388 10 179 179
tree 1544 4408 59 0 0
lay 1768 4392 19 0 0
cliff 2160 4384 27 179 179
tree 2600 4408 11 0 0
cliff 2592 4400 41 179 179
fre 2644 4412 1 179 179
fre 2684 4404 16 179 179
tree 3720 4408 48 0 0
fre 3772 4412 1 179 179
fre 3788 4404 7 179 179
fre 3804 4388 10 179 179
fre 3796 4412 0 179 179
fre 3900 4388 16 179 179
tree 3928 4408 58 0 0
tree 3928 4392 36 0 0
tree 3976 4408 23 0 0
trop 660 4444 103 0 0
trop 692 4428 111 0 0
zabor 720 4432 113 2 9
tree 984 4424 40 0 0
fre 1308 4428 17 179 179
fre 1364 4420 9 179 179
fre 1372 4444 1 179 179
fre 1388 4436 7 179 179
fre 1500 4444 5 179 179
tree 1560 4424 48 0 0
tree 1592 4440 54 0 0
tree 1576 4424 13 0 0
fre 1660 4444 1 179 179
fre 1676 4436 7 179 179
tree 1704 4424 41 0 0
cliff 1824 4416 28 179 179
tree 2600 4424 30 0 0
cliff 2592 4432 39 179 179
trop 2804 4444 76 0 0
fre 3772 4420 16 179 179
fre 3764 4444 15 179 179
fre 3908 4428 6 179 179
tree 3944 4440 15 0 0
tree 3944 4424 34 0 0
trop 156 4468 100 0 0
trop 212 4468 100 0 0
stand 248 4472 92 0 0
trop 276 4468 100 0 0
trop 340 4468 100 0 0
trop 404 4468 100 0 0
trop 468 4468 100 0 0
trop 524 4468 100 0 0
trop 588 4468 100 0 0
zabor 720 4464 113 2 9
fre 996 4452 16 179 179
fre 1012 4452 9 179 179
fre 1044 4468 9 179 179
fre 1036 4468 7 179 179
lay 1464 4456 18 0 0
cliff 1696 4464 27 179 179
cliff 2592 4448 36 179 179
vor 2620 4468 16 179 179
vor 2628 4460 88 179 179
fre 2692 4460 0 179 179
lay 2984 4472 21 0 0
tree 3176 4472 9 0 0
trop 268 4508 100 0 0
stand 328 4504 63 0 0
trop 340 4508 100 0 0
stand 472 4504 63 0 0
trop 660 4500 103 0 0
zabor 720 4496 104 2 8
fre 948 4508 0 179 179
tree 952 4488 9 0 0
tree 984 4488 8 0 0
trop 1212 4484 77 0 0
fre 1340 4500 2 179 179
tree 1352 4488 46 0 0
fre 1500 4508 1 179 179
fre 1516 4500 7 179 179
fre 1572 4500 0 179 179
most 1984 4480 33 0 179
fre 2724 4492 16 179 179
dom 2912 4480 26 0 0
tree 3144 4504 20 0 0
tree 3160 4488 19 0 0
fre 3300 4508 0 179 179
tree 3336 4504 40 0 0
tree 3352 4504 21 0 0
tree 3352 4488 45 0 0
fre 3508 4500 9 179 179
trop 156 4516 100 0 0
trop 204 4516 100 0 0
trop 300 4516 100 0 0
trop 404 4516 100 0 0
trop 468 4516 100 0 0
trop 532 4524 100 0 0
trop 596 4524 100 0 0
zabor 720 4528 104 2 8
tree 1096 4536 61 0 0
tree 1096 4520 35 0 0
cliff 1488 4528 28 179 179
cliff 1584 4512 28 179 179
tree 2648 4536 8 0 0
cliff 2624 4512 38 179 179
tree 2904 4520 33 0 0
fre 3516 4516 16 179 179
tree 3608 4536 41 0 0
tree 3640 4520 41 0 0
fre 3652 4516 10 179 179
fre 3684 4516 16 179 179
trop 156 4564 100 0 0
trop 220 4564 100 0 0
trop 276 4564 100 0 0
trop 340 4572 100 0 0
trop 404 4572 100 0 0
trop 660 4564 103 0 0
zabor 720 4560 105 2 8
tree 1112 4552 2 0 0
trop 1212 4564 76 0 0
trop 2836 4556 89 0 0
fre 3380 4572 15 179 179
fre 3684 4548 16 179 179
fre 3740 4548 16 179 179
tree 3768 4568 41 0 0
fre 3836 4572 1 179 179
tree 3880 4568 48 0 0
tree 3896 4552 48 0 0
fre 3908 4564 0 179 179
tree 3912 4552 33 0 0
trop 468 4580 100 0 0
trop 532 4580 100 0 0
trop 588 4580 100 0 0
zabor 720 4592 105 2 8
fre 1116 4596 2 179 179
tree 1304 4584 40 0 0
fre 1388 4580 2 179 179
cliff 2576 4592 41 179 179
tree 2712 4600 33 0 0
tree 2744 4584 33 0 0
trop 2940 4588 79 0 0
trop 3020 4588 78 0 0
trop 3100 4588 79 0 0
trop 3180 4588 78 0 0
fre 3532 4596 10 179 179
tree 3592 4584 33 0 0
fre 3708 4580 16 179 179
fre 3740 4580 16 179 179
fre 3748 4588 6 179 179
fre 3748 4580 8 179 179
tree 3832 4584 33 0 0
fre 3844 4580 16 179 179
trop 156 4628 100 0 0
trop 220 4628 100 0 0
trop 284 4628 100 0 0
trop 348 4636 100 0 0
stand 328 4632 63 0 0
trop 412 4636 100 0 0
stand 472 4632 63 0 0
trop 660 4628 103 0 0
zabor 720 4624 104 2 8
fre 780 4612 3 179 179
tree 888 4632 33 0 0
tree 1032 4632 46 0 0
fre 1084 4620 1 179 179
trop 1204 4636 91 0 0
cliff 1456 4608 11 179 179
fre 2628 4612 16 179 179
fre 2676 4628 9 179 179
fre 2716 4612 10 179 179
trop 3300 4628 88 0 0
tree 3608 4632 41 0 0
fre 3692 4612 10 179 179
fre 3708 4612 16 179 179
tree 3768 4632 41 0 0
tree 3928 4632 33 0 0
trop 476 4644 100 0 0
trop 540 4644 100 0 0
trop 596 4644 100 0 0
zabor 720 4656 105 2 8
fre 708 4644 8 179 179
tree 808 4664 41 0 0
fre 1060 4660 0 179 179
fre 1636 4644 8 179 179
fre 1676 4644 3 179 179
fre 1700 4644 8 179 179
fre 1732 4644 16 179 179
cliff 1776 4656 41 179 179
fre 1820 4644 10 179 179
tree 1848 4648 23 0 0
cliff 1824 4656 15 179 179
fre 1884 4644 10 179 179
fre 1900 4644 8 179 179
cliff 1888 4656 14 179 179
trop 1940 4652 112 0 0
fre 2580 4668 0 179 179
cliff 2576 4656 39 179 179
fre 2684 4644 16 179 179
fre 2692 4644 8 179 179
tree 2696 4648 48 0 0
fre 2732 4644 3 179 179
fre 2876 4644 10 179 179
fre 2892 4644 3 179 179
fre 3220 4660 9 179 179
tree 3480 4648 33 0 0
tree 3512 4664 41 0 0
fre 3676 4668 5 179 179
fre 3764 4668 15 179 179
tree 3800 4664 33 0 0
tree 3832 4648 33 0 0
tree 3848 4648 41 0 0
tree 3848 4664 41 0 0
fre 3908 4652 6 179 179
tree 3928 4664 48 0 0
trop 156 4684 100 0 0
trop 220 4684 100 0 0
trop 284 4692 100 0 0
trop 348 4692 100 0 0
trop 412 4692 100 0 0
trop 476 4692 100 0 0
trop 540 4692 100 0 0
trop 604 4692 100 0 0
trop 660 4692 103 0 0
zabor 720 4688 105 2 8
trop 1076 4700 93 0 0
trop 1156 4692 90 0 0
fre 1260 4700 3 179 179
fre 1300 4692 7 179 179
tree 1752 4696 48 0 0
tree 1752 4680 33 0 0
cliff 1744 4688 41 179 179
trop 1940 4676 112 0 0
trop 1940 4700 112 0 0
trop 1980 4692 100 0 0
trop 2012 4700 112 0 0
trop 2020 4676 112 0 0
fre 2100 4700 0 179 179
cliff 2192 4672 23 179 179
fre 2652 4676 16 179 179
tree 2648 4696 33 0 0
tree 2664 4696 41 0 0
tree 2664 4680 48 0 0
fre 2692 4684 6 179 179
lay 2728 4696 21 0 0
fre 2844 4676 16 179 179
fre 3004 4676 16 179 179
fre 3228 4676 16 179 179
fre 3460 4676 16 179 179
tree 3528 4696 48 0 0
tree 3624 4696 33 0 0
fre 3676 4700 5 179 179
fre 3772 4676 1 179 179
tree 3768 4680 41 0 0
fre 3788 4676 3 179 179
fre 3892 4692 9 179 179
fre 3932 4676 10 179 179
tree 3928 4696 33 0 0
zabor 720 4720 112 2 9
tree 856 4712 33 0 0
fre 1716 4732 15 179 179
tree 1736 4712 48 0 0
trop 1932 4724 112 0 0
trop 1972 4716 100 0 0
trop 2012 4724 112 0 0
cliff 2192 4720 15 179 179
cliff 2528 4720 41 179 179
fre 2972 4708 16 179 179
fre 2956 4708 3 179 179
tree 3112 4728 41 0 0
tree 3128 4712 41 0 0
fre 3236 4716 6 179 179
trop 3308 4716 77 0 0
fre 3612 4716 17 179 179
fre 3676 4732 1 179 179
fre 3692 4724 7 179 179
tree 3720 4728 33 0 0
fre 3796 4732 0 179 179
fre 3836 4732 5 179 179
fre 3900 4708 16 179 179
trop 156 4748 100 0 0
trop 196 4748 100 0 0
trop 260 4748 100 0 0
trop 324 4748 100 0 0
stand 328 4760 63 0 0
trop 388 4748 100 0 0
trop 452 4748 100 0 0
stand 472 4760 63 0 0
trop 516 4748 100 0 0
trop 580 4748 100 0 0
trop 660 4756 103 0 0
zabor 720 4752 104 2 8
tree 856 4760 41 0 0
tree 856 4744 41 0 0
tree 888 4760 48 0 0
fre 1292 4756 7 179 179
fre 1340 4756 1 179 179
fre 1364 4756 10 179 179
cliff 1440 4736 13 179 179
cliff 1696 4752 41 179 179
trop 1972 4764 77 0 0
fre 2620 4764 5 179 179
tree 2648 4760 33 0 0
tree 2840 4760 48 0 0
fre 2860 4756 10 179 179
tree 2968 4744 41 0 0
fre 3020 4756 10 179 179
fre 3484 4740 16 179 179
fre 3612 4748 17 179 179
tree 3608 4744 41 0 0
fre 3644 4740 10 179 179
fre 3668 4740 9 179 179
fre 3692 4756 7 179 179
tree 3704 4744 48 0 0
fre 3764 4764 15 179 179
fre 3868 4740 16 179 179
fre 3932 4740 1 179 179
zabor 720 4784 105 2 8
trop 1004 4780 92 0 0
fre 1140 4772 8 179 179
fre 1220 4788 3 179 179
tree 1240 4792 4 0 0
tree 1224 4776 18 0 0
fre 1324 4796 1 179 179
fre 1340 4772 1 179 179
cliff 1664 4784 41 179 179
tree 2248 4776 2 0 0
cliff 2288 4784 17 179 179
cliff 2480 4768 41 179 179
tree 2616 4776 33 0 0
tree 2632 4776 33 0 0
tree 2840 4776 48 0 0
fre 2884 4772 10 179 179
fre 3036 4772 16 179 179
fre 3076 4780 6 179 179
trop 3308 4796 76 0 0
tree 3608 4776 41 0 0
tree 3624 4792 48 0 0
fre 3684 4772 16 179 179
fre 3772 4780 17 179 179
fre 3772 4772 10 179 179
fre 3788 4772 3 179 179
tree 3784 4776 41 0 0
fre 3828 4772 9 179 179
fre 3852 4788 7 179 179
fre 3844 4772 16 179 179
fre 3852 4772 10 179 179
fre 3892 4788 9 179 179
fre 3908 4788 0 179 179
fre 3932 4772 10 179 179
tree 3928 4792 48 0 0
trop 156 4812 100 0 0
trop 204 4812 100 0 0
trop 268 4812 100 0 0
trop 332 4812 100 0 0
trop 396 4812 100 0 0
trop 460 4812 100 0 0
trop 524 4812 100 0 0
trop 588 4812 100 0 0
trop 660 4820 103 0 0
zabor 720 4816 104 2 8
trop 1052 4828 111 0 0
tree 1144 4824 9 0 0
fre 1180 4828 6 179 179
fre 1164 4812 1 179 179
fre 1220 4820 1 179 179
fre 1244 4812 6 179 179
tree 1256 4808 27 0 0
fre 1300 4812 6 179 179
tree 1288 4824 56 0 0
fre 1332 4820 1 179 179
cliff 1408 4800 24 179 179
tree 1656 4824 33 0 0
tree 1640 4824 41 0 0
tree 1640 4808 48 0 0
tree 1848 4808 41 0 0
lay 2296 4808 21 0 0
cliff 2432 4800 16 179 179
lay 2536 4824 21 0 0
tree 2616 4824 41 0 0
fre 2876 4804 1 179 179
fre 2892 4804 54 179 179
fre 3020 4804 10 179 179
tree 3608 4808 41 0 0
fre 3740 4804 16 179 179
fre 3796 4828 0 179 179
tree 3784 4808 48 0 0
fre 3836 4828 5 179 179
tree 3896 4824 33 0 0
tree 3928 4808 48 0 0
zabor 720 4848 104 2 8
tree 872 4856 48 0 0
tree 872 4840 48 0 0
trop 1004 4844 104 0 0
fre 1100 4844 7 179 179
tree 1160 4840 16 0 0
fre 1204 4852 2 179 179
fre 1292 4852 2 179 179
cliff 1664 4848 40 179 179
tree 1816 4840 41 0 0
trop 1972 4852 76 0 0
vor 2052 4836 17 0 0
tree 2104 4840 24 0 0
fre 2876 4844 17 179 179
tree 3048 4856 48 0 0
tree 3544 4856 9 0 0
tree 3560 4856 38 0 0
fre 3708 4836 16 179 179
fre 3748 4844 6 179 179
tree 3768 4840 41 0 0
tree 3800 4856 33 0 0
tree 3784 4840 41 0 0
fre 3868 4836 16 179 179
tree 3848 4840 41 0 0
fre 3908 4844 6 179 179
tree 3928 4840 48 0 0
trop 156 4876 100 0 0
trop 220 4876 100 0 0
trop 284 4876 100 0 0
trop 348 4876 100 0 0
stand 328 4888 63 0 0
trop 412 4876 100 0 0
trop 476 4876 100 0 0
stand 472 4888 63 0 0
trop 540 4876 100 0 0
trop 596 4876 100 0 0
trop 660 4884 103 0 0
zabor 720 4880 104 2 8
fre 908 4884 2 179 179
fre 948 4868 1 179 179
trop 1052 4892 111 0 0
fre 1108 4876 8 179 179
tree 3000 4888 41 0 0
tree 3016 4872 48 0 0
tree 3160 4872 33 0 0
trop 3308 4868 77 0 0
tree 3576 4872 53 0 0
fre 3756 4884 10 179 179
fre 3828 4868 9 179 179
fre 3852 4868 10 179 179
fre 3852 4884 7 179 179
tree 3864 4888 41 0 0
fre 3916 4884 10 179 179
tree 3912 4888 48 0 0
zabor 720 4912 105 2 8
tree 904 4920 48 0 0
trop 1004 4908 104 0 0
trop 2044 4924 79 0 0
trop 2116 4924 78 0 0
trop 2196 4924 79 0 0
trop 2276 4924 78 0 0
trop 2356 4924 79 0 0
trop 2420 4924 78 0 0
trop 2500 4924 79 0 0
trop 2564 4924 78 0 0
trop 2644 4924 79 0 0
trop 2724 4924 78 0 0
fre 2916 4900 8 179 179
lay 2920 4920 5 0 179
tree 2984 4904 48 0 0
fre 3044 4900 8 179 179
fre 3100 4900 10 179 179
tree 3208 4904 48 0 0
tree 3544 4920 30 0 0
fre 3556 4900 8 179 179
tree 3624 4904 26 0 0
fre 3676 4924 5 179 179
fre 3700 4916 9 179 179
fre 3740 4900 10 179 179
fre 3780 4900 10 179 179
fre 3788 4900 3 179 179
fre 3892 4916 9 179 179
tree 3880 4904 33 0 0
tree 3880 4920 41 0 0
tree 3896 4904 33 0 0
trop 156 4940 100 0 0
trop 204 4940 100 0 0
trop 268 4940 100 0 0
trop 332 4940 100 0 0
trop 388 4940 100 0 0
trop 452 4940 100 0 0
trop 516 4940 100 0 0
trop 580 4940 100 0 0
trop 660 4940 103 0 0
zabor 720 4944 105 2 8
tree 904 4936 33 0 0
trop 1012 4956 100 179 179
trop 1052 4948 111 0 0
trop 1148 4932 93 0 0
trop 1220 4932 79 0 0
trop 1300 4932 78 0 0
most 1472 4928 32 0 179
trop 1660 4932 79 0 0
trop 1732 4932 78 0 0
trop 1812 4932 79 0 0
trop 1892 4932 78 0 0
trop 1964 4932 100 0 0
tree 3160 4936 33 0 0
trop 3308 4948 76 0 0
fre 3412 4956 15 179 179
fre 3516 4932 16 179 179
tree 3672 4952 48 0 0
fre 3708 4932 16 179 179
tree 3832 4952 48 0 0
fre 3900 4932 16 179 179
zabor 720 4976 105 2 8
tree 824 4984 33 0 0
trop 1004 4980 104 0 0
trop 1068 4972 96 0 0
trop 1132 4964 100 179 179
trop 1164 4980 95 179 179
trop 2852 4964 88 0 0
fre 3036 4964 16 179 179
fre 3060 4988 15 179 179
fre 3204 4972 6 179 179
fre 3676 4988 1 179 179
fre 3676 4964 16 179 179
fre 3692 4980 7 179 179
tree 3704 4968 57 0 0
fre 3716 4972 6 179 179
fre 3748 4980 0 179 179
fre 3764 4988 15 179 179
fre 3836 4988 1 179 179
fre 3868 4964 16 179 179
fre 3908 4980 0 179 179
trop 156 5004 100 0 0
trop 212 5004 100 0 0
trop 276 5004 100 0 0
trop 332 5004 100 0 0
stand 328 5016 63 0 0
trop 396 5004 100 0 0
trop 460 5004 100 0 0
stand 472 5016 63 0 0
trop 524 5004 100 0 0
trop 588 5004 100 0 0
trop 660 5004 103 0 0
zabor 720 5008 112 2 9
tree 824 5016 33 0 0
trop 1076 5020 100 0 0
trop 1124 5020 94 0 0
fre 1188 5020 9 179 179
fre 1284 5020 7 179 179
tree 1736 5000 11 0 0
trop 1964 4996 77 0 0
vor 2148 5004 1 0 0
fre 2596 4996 8 179 179
fre 2740 5012 9 179 179
fre 3084 5012 10 179 179
tree 3192 5000 48 0 0
fre 3212 5012 10 179 179
trop 3308 5020 77 0 0
fre 3428 4996 10 179 179
fre 3484 5020 5 179 179
tree 3480 5016 25 0 0
fre 3660 4996 10 179 179
fre 3724 5012 10 179 179
fre 3852 4996 10 179 179
zabor 720 5040 112 2 9
tree 856 5048 33 0 0
tree 840 5032 33 0 0
tree 904 5048 33 0 0
trop 1004 5044 104 0 0
trop 1060 5036 100 0 0
tree 1288 5048 42 0 0
fre 1316 5028 6 179 179
dom 1824 5024 19 0 0
vor 2084 5028 25 0 0
tree 2200 5048 9 0 0
fre 2356 5044 9 179 179
fre 2388 5052 0 179 179
lay 2488 5048 18 0 0
tree 2584 5032 31 0 0
fre 2716 5028 16 179 179
trop 2860 5052 77 0 0
fre 3004 5052 5 179 179
tree 3208 5032 33 0 0
tree 3432 5048 15 0 0
tree 3432 5032 61 0 0
tree 3464 5032 33 0 0
tree 3624 5048 40 0 0
tree 3640 5048 23 0 0
tree 3640 5032 1 0 0
tree 3656 5032 29 0 0
fre 3780 5028 10 179 179
tree 3784 5048 52 0 0
trop 156 5068 100 0 0
trop 220 5068 100 0 0
trop 284 5068 100 0 0
trop 348 5068 100 0 0
trop 412 5068 100 0 0
trop 476 5068 100 0 0
trop 540 5068 100 0 0
trop 580 5068 100 0 0
trop 620 5076 100 179 179
trop 660 5068 103 0 0
zabor 720 5072 113 2 9
zabor 752 5072 104 2 8
zabor 784 5072 104 2 8
trop 972 5068 111 0 0
trop 1044 5060 100 0 0
fre 1164 5076 10 179 179
fre 1228 5060 2 179 179
tree 1240 5080 28 0 0
tree 1272 5064 35 0 0
fre 1716 5068 49 0 0
trop 1964 5076 76 0 0
fre 2364 5060 16 179 179
tree 3128 5080 41 0 0
tree 3128 5064 33 0 0
fre 3228 5060 1 179 179
fre 3420 5068 17 179 179
tree 3448 5064 57 0 0
fre 3476 5060 9 179 179
fre 3484 5084 1 179 179
fre 3500 5076 7 179 179
fre 3740 5060 1 179 179
tree 3800 5064 36 0 0
tree 3816 5080 6 0 0
tree 3848 5080 18 0 0
fre 3932 5060 1 179 179
tree 3928 5080 16 0 0
tree 3912 5064 2 0 0
trop 1012 5100 100 0 0
trop 1092 5092 94 0 0
fre 1132 5116 2 179 179
tree 1240 5096 13 0 0
cliff 1376 5088 1 179 179
fre 1612 5100 10 179 179
fre 1916 5092 72 179 179
tree 2408 5112 26 0 0
lay 2488 5112 18 0 0
tree 2968 5096 48 0 0
fre 2996 5092 9 179 179
tree 2984 5096 33 0 0
fre 3020 5108 7 179 179
tree 3016 5096 48 0 0
fre 3068 5100 17 179 179
fre 3076 5108 0 179 179
fre 3124 5092 9 179 179
fre 3132 5116 1 179 179
tree 3128 5096 41 0 0
fre 3148 5108 7 179 179
fre 3204 5108 0 179 179
trop 3308 5108 76 0 0
fre 3580 5100 17 179 179
fre 3660 5108 7 179 179
fre 3772 5100 17 179 179
fre 3828 5092 9 179 179
trop 156 5140 102 0 0
trop 196 5140 102 0 0
trop 260 5140 102 0 0
trop 324 5140 102 0 0
trop 388 5140 102 0 0
trop 452 5140 102 0 0
trop 508 5140 102 0 0
trop 572 5140 102 0 0
trop 612 5124 100 179 179
trop 644 5140 100 0 0
trop 724 5140 79 0 0
trop 796 5140 78 0 0
trop 876 5140 79 179 179
trop 940 5140 78 179 179
trop 964 5140 100 179 179
trop 1044 5132 95 0 0
tree 1192 5144 45 0 0
tree 1224 5144 46 0 0
tree 1224 5128 27 0 0
tree 1240 5128 41 0 0
cliff 1312 5120 24 179 179
cliff 1632 5136 41 179 179
tree 1720 5144 41 0 0
tree 1720 5128 41 0 0
tree 1848 5128 32 0 0
dom 2176 5120 56 0 0
vor 2324 5132 1 0 0
trop 2892 5148 89 0 0
trop 596 5180 112 0 0
trop 644 5180 100 179 179
trop 644 5164 100 0 0
trop 980 5180 110 179 179
trop 996 5180 110 179 179
trop 1012 5156 95 0 0
fre 1052 5180 10 179 179
tree 1128 5176 43 0 0
fre 1156 5156 6 179 179
cliff 1248 5168 26 179 179
vor 1764 5180 40 0 0
trop 1900 5156 93 0 0
trop 1964 5156 102 0 0
fre 1956 5180 73 179 179
fre 2012 5164 72 179 179
tree 2552 5176 23 0 0
tree 2552 5160 56 0 0
trop 2996 5180 79 0 0
trop 3076 5180 78 0 0
trop 3156 5180 79 0 0
trop 3228 5180 78 0 0
trop 3324 5180 100 0 0
trop 3300 5180 100 0 0
trop 3388 5180 78 0 0
trop 3468 5180 79 0 0
trop 3548 5180 78 0 0
trop 3628 5180 79 0 0
trop 3700 5180 78 0 0
trop 3780 5180 79 0 0
trop 3852 5180 78 0 0
zabor 112 5200 104 2 8
zabor 144 5200 105 2 8
zabor 176 5200 105 2 8
zabor 208 5200 105 2 8
zabor 240 5200 105 2 8
stand 232 5208 45 0 0
zabor 272 5200 105 2 8
zabor 304 5200 104 2 8
zabor 336 5200 105 2 8
zabor 368 5200 104 2 8
zabor 400 5200 105 2 8
zabor 432 5200 105 2 8
zabor 464 5200 104 2 8
zabor 496 5200 113 2 9
zabor 528 5200 105 2 8
zabor 560 5200 105 2 8
trop 684 5188 112 0 0
zabor 720 5200 105 2 8
zabor 752 5200 112 2 9
zabor 784 5200 112 2 9
zabor 816 5200 104 2 8
fre 860 5204 6 179 179
fre 884 5212 8 179 179
tree 1032 5208 61 0 179
fre 1084 5188 2 179 179
cliff 1136 5200 28 179 179
cliff 1632 5184 40 179 179
trop 2092 5196 88 0 0
tree 2264 5208 12 0 0
fre 2652 5212 1 179 179
trop 3932 5188 79 0 0
trop 4012 5188 78 0 0
tree 296 5240 41 0 0
zabor 400 5232 104 2 8
zabor 432 5232 105 2 8
zabor 720 5232 105 2 8
fre 804 5228 8 179 179
fre 876 5236 3 179 179
fre 932 5228 10 179 179
fre 988 5236 7 179 179
dom 1696 5216 21 0 0
trop 1820 5236 92 0 0
vor 2220 5220 41 0 0
tree 2248 5224 40 0 0
fre 2292 5220 9 179 179
fre 2300 5244 1 179 179
tree 2376 5224 60 0 0
tree 2376 5240 49 0 0
lay 2664 5224 16 0 0
tree 280 5272 48 0 0
fre 356 5268 7 179 179
tree 408 5256 41 0 0
tree 424 5256 48 0 0
cliff 432 5264 50 179 179
cliff 496 5248 50 179 179
cliff 816 5248 26 179 179
fre 900 5252 10 179 179
cliff 912 5264 26 179 179
cliff 1024 5248 28 179 179
cliff 1584 5248 41 179 179
fre 1644 5276 8 179 179
fre 1796 5268 72 179 179
stand 1960 5256 120 0 179
vor 2028 5252 65 179 179
tree 2248 5272 61 0 0
tree 2776 5272 51 0 0
fre 3188 5268 9 179 179
fre 3228 5252 10 179 179
tree 3832 5272 41 0 0
tree 3848 5272 33 0 0
cliff 144 5280 32 179 179
cliff 208 5280 32 179 179
cliff 304 5296 32 179 179
cliff 368 5280 50 179 179
fre 1564 5284 8 179 179
tree 1608 5304 41 0 0
trop 2092 5300 91 0 0
lay 2840 5304 19 0 0
fre 3196 5284 16 179 179
trop 3332 5284 89 179 179
tree 3848 5288 33 0 0
tree 3864 5288 48 0 0
cliff 3840 5296 20 179 179
tree 3880 5304 41 0 0
fre 1580 5324 1 179 179
cliff 1584 5312 39 179 179
cliff 1584 5328 34 179 179
tree 1608 5336 33 0 0
tree 1672 5336 48 0 0
trop 1860 5332 89 0 0
fre 2588 5316 10 179 179
lay 3000 5320 21 0 0
fre 3164 5316 16 179 179
tree 3176 5336 50 0 0
fre 3204 5324 6 179 179
tree 3656 5336 41 0 0
cliff 3776 5328 14 179 179
tree 3816 5336 48 0 0
tree 3928 5320 33 0 0
tree 3944 5320 33 0 0
most 640 5344 33 0 179
fre 1612 5372 2 179 179
tree 1624 5352 41 0 0
tree 1656 5352 41 0 0
fre 1684 5372 1 179 179
trop 1964 5356 101 0 0
trop 2044 5356 90 0 0
dom 2208 5344 61 0 0
fre 2308 5348 10 179 179
tree 2360 5368 33 0 0
tree 3160 5368 1 0 0
tree 3176 5352 51 0 0
fre 3212 5364 10 179 179
fre 3236 5348 16 179 179
tree 3256 5368 50 0 0
vor 3364 5372 1 0 0
trop 3468 5356 88 179 179
tree 3656 5352 41 0 0
cliff 3648 5360 43 179 179
cliff 3680 5344 41 179 179
fre 1628 5396 3 179 179
vor 2364 5388 1 0 0
tree 2376 5400 48 0 0
tree 2376 5384 41 0 0
fre 2420 5404 15 179 179
tree 2472 5384 35 0 0
tree 2472 5400 11 0 0
tree 3000 5400 38 0 0
tree 3000 5384 32 0 0
tree 2984 5384 12 0 0
dom 3776 5376 56 0 0
cliff 3968 5392 23 179 179
fre 1668 5420 3 179 179
fre 1684 5412 3 179 179
cliff 1664 5424 35 179 179
fre 1732 5420 9 179 179
tree 1768 5432 33 0 0
tree 1784 5432 41 0 0
tree 1880 5432 48 0 0
trop 1964 5428 77 0 0
fre 2044 5412 74 179 179
fre 2300 5420 17 179 179
fre 2292 5428 9 179 179
fre 2380 5428 7 179 179
lay 2920 5432 19 0 0
tree 3016 5416 23 0 0
fre 3300 5420 6 179 179
dom 3648 5408 56 0 0
vor 3756 5436 1 0 0
cliff 1152 5456 19 179 179
tree 1784 5448 41 0 0
vor 2140 5460 49 0 0
vor 2260 5460 9 0 0
fre 2300 5444 16 179 179
fre 2492 5468 5 179 179
cliff 3936 5440 15 179 179
fre 524 5500 10 179 179
fre 556 5500 7 179 179
cliff 1008 5488 41 179 179
cliff 1088 5488 16 179 179
fre 1764 5500 2 179 179
fre 1948 5476 70 179 179
fre 2268 5476 16 179 179
tree 2248 5480 33 0 0
tree 2840 5480 2 0 0
vor 3284 5500 32 0 0
trop 3508 5492 89 179 179
dom 3904 5472 61 0 0
fre 260 5524 1 179 179
cliff 288 5520 41 179 179
cliff 368 5520 17 179 179
tree 456 5512 41 0 0
tree 456 5528 48 0 0
cliff 960 5520 41 179 179
fre 1316 5508 16 179 179
tree 1336 5528 41 0 0
tree 1336 5512 41 0 0
fre 1364 5524 9 179 179
cliff 1408 5504 18 179 179
fre 1740 5508 3 179 179
fre 1844 5524 9 179 179
fre 1884 5508 10 179 179
trop 1964 5516 76 0 0
dom 2080 5504 20 0 0
fre 2492 5532 1 179 179
fre 2484 5524 9 179 179
fre 2508 5524 7 179 179
tree 3080 5512 42 0 0
dom 3424 5504 27 0 0
trop 3644 5524 79 0 0
trop 3620 5524 79 179 179
trop 3724 5524 78 0 0
tree 232 5560 41 0 0
tree 248 5560 33 0 0
dom 352 5536 23 0 0
tree 504 5544 33 0 0
tree 520 5544 41 0 0
cliff 512 5536 17 179 179
trop 628 5556 91 0 0
fre 660 5556 47 0 0
fre 1140 5540 8 179 179
fre 1124 5540 16 179 179
cliff 1248 5552 44 179 179
tree 1336 5544 41 0 0
cliff 1344 5536 14 179 179
tree 1720 5560 48 0 0
tree 2664 5544 45 0 0
vor 2988 5540 48 0 0
cliff 3456 5536 40 179 179
trop 3852 5564 88 0 0
fre 164 5572 8 179 179
fre 204 5572 3 179 179
cliff 192 5584 16 179 179
cliff 240 5568 41 179 179
fre 276 5580 6 179 179
fre 260 5572 16 179 179
fre 308 5588 9 179 179
fre 348 5572 10 179 179
cliff 864 5584 16 179 179
cliff 912 5568 41 179 179
fre 1076 5596 0 179 179
tree 1144 5592 33 0 0
tree 1144 5576 33 0 0
tree 1304 5576 33 0 0
fre 1340 5572 16 179 179
cliff 1680 5568 41 179 179
fre 1716 5596 15 179 179
tree 1720 5576 33 0 0
fre 1820 5572 16 179 179
trop 1964 5588 77 0 0
fre 2164 5588 9 179 179
fre 2204 5572 10 179 179
tree 2408 5592 48 0 0
tree 2424 5592 48 0 0
tree 2424 5576 41 0 0
fre 2500 5580 6 179 179
fre 2684 5572 16 179 179
fre 3132 5572 1 179 179
cliff 3408 5584 41 179 179
tree 3928 5592 33 0 0
fre 212 5628 0 179 179
tree 232 5608 48 0 0
fre 316 5612 5 179 179
fre 316 5604 16 179 179
fre 332 5604 6 179 179
fre 364 5628 0 179 179
fre 372 5628 6 179 179
fre 484 5612 41 0 0
trop 508 5604 93 0 0
trop 588 5604 90 0 0
dom 704 5600 27 0 0
tree 920 5624 33 0 0
tree 920 5608 33 0 0
tree 1080 5624 48 0 0
tree 1096 5608 41 0 0
tree 1144 5608 33 0 0
fre 1324 5604 10 179 179
cliff 1472 5616 12 179 179
cliff 1680 5616 39 179 179
tree 2072 5608 33 0 0
tree 2088 5624 33 0 0
fre 2172 5612 17 179 179
fre 2172 5604 16 179 179
tree 2344 5624 48 0 0
tree 2392 5608 48 0 0
fre 2444 5604 10 179 179
fre 2508 5620 10 179 179
lay 2696 5624 19 0 0
tree 3224 5624 21 0 0
tree 3208 5624 21 0 0
cliff 3392 5616 43 179 179
vor 3524 5628 24 0 0
fre 3628 5604 3 179 179
vor 3756 5628 33 0 0
tree 3944 5624 41 0 0
tree 3944 5608 48 0 0
fre 180 5660 15 179 179
fre 244 5636 3 179 179
fre 284 5636 16 179 179
fre 324 5644 6 179 179
fre 364 5636 32 179 179
fre 676 5636 8 179 179
fre 716 5636 3 179 179
fre 772 5636 16 179 179
fre 1132 5636 10 179 179
fre 1308 5660 5 179 179
fre 1652 5636 7 179 179
cliff 1680 5648 37 179 179
fre 1732 5636 10 179 179
fre 2196 5660 15 179 179
fre 2180 5644 6 179 179
tree 2344 5656 41 0 0
tree 2856 5656 42 0 0
cliff 3376 5632 43 179 179
vor 3596 5652 9 0 0
fre 3636 5660 0 179 179
tree 3704 5656 48 0 0
tree 3736 5656 48 0 0
trop 3860 5644 77 0 0
tree 3944 5640 48 0 0
fre 156 5676 0 179 179
tree 216 5688 41 0 0
tree 216 5672 41 0 0
fre 268 5668 10 179 179
fre 332 5684 10 179 179
trop 428 5684 92 0 0
fre 724 5692 0 179 179
vor 820 5692 40 0 0
tree 952 5672 48 0 0
tree 968 5688 41 0 0
fre 1404 5668 1 179 179
tree 1400 5672 48 0 0
cliff 1472 5680 9 179 179
fre 1708 5692 3 179 179
cliff 1696 5680 36 179 179
tree 1752 5688 41 0 0
tree 1752 5672 48 0 0
trop 1964 5676 76 0 0
fre 2188 5684 10 179 179
fre 2948 5668 8 179 179
cliff 3360 5664 38 179 179
tree 3416 5672 48 0 0
tree 3688 5688 48 0 0
tree 3688 5672 33 0 0
tree 3704 5672 41 0 0
tree 3752 5672 41 0 0
fre 220 5708 7 179 179
fre 196 5700 10 179 179
tree 216 5704 48 0 0
fre 252 5724 5 179 179
tree 232 5720 41 0 0
dom 352 5696 15 0 0
vor 556 5708 32 0 0
vor 620 5700 17 0 0
fre 924 5700 10 179 179
vor 908 5724 24 0 0
fre 1212 5700 1 179 179
fre 1700 5716 18 179 179
fre 1724 5708 17 179 179
tree 1752 5720 33 0 0
tree 1752 5704 41 0 0
fre 1772 5708 15 179 179
fre 1780 5700 9 179 179
fre 1788 5724 1 179 179
fre 1804 5716 7 179 179
trop 1964 5716 76 0 0
fre 2212 5700 10 179 179
fre 2268 5724 5 179 179
fre 2724 5716 0 179 179
fre 3100 5700 16 179 179
tree 3176 5720 44 0 0
tree 3288 5720 33 0 0
fre 3756 5716 10 179 179
tree 168 5752 48 0 0
tree 184 5752 33 0 0
tree 280 5752 48 0 0
tree 280 5736 48 0 0
fre 348 5732 1 179 179
trop 436 5740 77 0 0
fre 1188 5748 0 179 179
tree 2232 5752 41 0 0
fre 2924 5732 3 179 179
fre 2980 5732 16 179 179
tree 3304 5736 41 0 0
cliff 3312 5728 41 179 179
cliff 3312 5744 38 179 179
vor 3532 5756 1 0 0
trop 3860 5732 76 0 0
tree 3960 5752 41 0 0
tree 120 5768 33 0 0
tree 136 5784 48 0 0
tree 136 5768 41 0 0
fre 188 5772 17 179 179
tree 168 5768 33 0 0
tree 200 5768 41 0 0
fre 244 5764 9 179 179
fre 252 5788 1 179 179
fre 268 5780 7 179 179
tree 296 5768 41 0 0
fre 324 5780 0 179 179
fre 556 5764 3 179 179
fre 612 5764 16 179 179
trop 1356 5788 93 0 0
trop 1972 5788 103 0 0
fre 2100 5764 9 179 179
fre 2188 5764 3 179 179
fre 2260 5764 9 179 179
tree 2248 5768 41 0 0
fre 2292 5780 9 179 179
tree 2376 5784 41 0 0
fre 2460 5764 10 179 179
fre 2612 5780 9 179 179
fre 2932 5788 0 179 179
fre 3116 5764 3 179 179
fre 3260 5764 10 179 179
tree 3944 5784 33 0 0
tree 3960 5768 48 0 0
tree 152 5816 48 0 0
fre 164 5796 8 179 179
fre 204 5796 3 179 179
fre 260 5796 16 179 179
fre 308 5812 9 179 179
tree 312 5816 33 0 0
fre 348 5796 10 179 179
trop 436 5820 76 0 0
dom 512 5792 17 0 0
fre 564 5820 0 179 179
tree 664 5800 41 0 0
fre 964 5796 8 179 179
tree 984 5816 41 0 0
tree 1208 5800 48 0 0
tree 1224 5800 33 0 0
most 1536 5792 32 0 179
trop 1748 5796 79 0 0
trop 1820 5796 78 0 0
trop 1900 5796 79 0 0
trop 1948 5796 100 0 0
fre 2300 5796 16 179 179
tree 2392 5800 41 0 0
fre 2428 5796 16 179 179
fre 2620 5796 16 179 179
tree 3128 5800 41 0 0
tree 3128 5816 48 0 0
tree 3144 5816 33 0 0
cliff 3312 5792 38 179 179
cliff 3312 5808 36 179 179
dom 3424 5792 109 0 0
fre 3692 5812 7 179 179
dom 3744 5792 97 0 0
trop 3860 5804 77 0 0
tree 184 5848 41 0 0
fre 212 5852 0 179 179
fre 316 5828 16 179 179
fre 532 5852 15 179 179
fre 780 5844 7 179 179
fre 828 5852 5 179 179
fre 836 5844 0 179 179
fre 1012 5852 0 179 179
fre 1116 5828 16 179 179
fre 2068 5852 0 179 179
fre 2164 5852 15 179 179
fre 2172 5828 16 179 179
fre 2292 5852 15 179 179
fre 2308 5836 6 179 179
fre 2396 5828 16 179 179
tree 2392 5832 33 0 0
fre 2436 5836 6 179 179
tree 3096 5832 41 0 0
tree 3128 5832 48 0 0
fre 3236 5836 6 179 179
tree 3336 5832 41 0 0
vor 3620 5852 1 0 0
fre 180 5884 15 179 179
tree 200 5864 48 0 0
fre 284 5860 16 179 179
tree 264 5880 48 0 0
tree 312 5864 33 0 0
fre 324 5868 6 179 179
fre 924 5860 1 179 179
fre 980 5884 15 179 179
fre 1084 5860 16 179 179
tree 1176 5880 48 0 0
trop 1276 5868 92 0 0
fre 1700 5860 8 179 179
fre 1740 5860 3 179 179
fre 1796 5860 16 179 179
fre 1844 5876 9 179 179
fre 1884 5860 10 179 179
trop 1964 5860 77 0 0
tree 2360 5864 33 0 0
fre 2444 5876 10 179 179
fre 2676 5884 15 179 179
fre 2916 5860 10 179 179
fre 3036 5884 1 179 179
tree 3032 5880 48 0 0
tree 3016 5864 41 0 0
tree 3064 5880 33 0 0
tree 3112 5880 48 0 0
fre 3244 5876 10 179 179
cliff 3360 5872 34 179 179
fre 3748 5868 6 179 179
fre 268 5892 10 179 179
tree 312 5896 41 0 0
fre 332 5908 10 179 179
trop 436 5892 77 0 0
fre 548 5892 10 179 179
fre 820 5892 9 179 179
tree 888 5896 48 0 0
fre 900 5908 0 179 179
tree 904 5896 33 0 0
tree 952 5912 48 0 0
tree 1160 5896 33 0 0
trop 1284 5916 77 0 0
fre 1748 5916 0 179 179
fre 1852 5892 16 179 179
trop 1964 5908 77 0 0
fre 2308 5892 10 179 179
fre 2364 5916 5 179 179
tree 2344 5896 48 0 0
tree 3016 5912 48 0 0
tree 3080 5896 33 0 0
tree 3112 5912 48 0 0
tree 3608 5896 33 0 0
tree 3624 5912 48 0 0
trop 3860 5892 76 0 0
tree 152 5944 48 0 0
tree 168 5944 48 0 0
fre 196 5924 10 179 179
fre 252 5948 5 179 179
tree 248 5944 48 0 0
fre 300 5924 3 179 179
fre 356 5948 8 179 179
vor 748 5948 33 0 0
fre 996 5924 10 179 179
fre 1052 5948 5 179 179
tree 1032 5944 33 0 0
tree 1416 5944 48 0 0
fre 1716 5948 15 179 179
tree 1752 5928 41 0 0
fre 1820 5924 16 179 179
fre 1860 5932 6 179 179
fre 2108 5948 5 179 179
fre 2332 5924 1 179 179
fre 2460 5924 1 179 179
fre 2692 5924 10 179 179
fre 2988 5940 7 179 179
tree 3016 5928 48 0 0
fre 3044 5940 0 179 179
cliff 3456 5936 28 179 179
tree 3640 5944 33 0 0
tree 3624 5944 41 0 0
tree 3624 5928 48 0 0
tree 3672 5944 48 0 0
tree 152 5960 41 0 0
tree 264 5960 33 0 0
fre 300 5980 10 179 179
fre 348 5956 1 179 179
trop 436 5980 76 0 0
fre 676 5972 0 179 179
tree 824 5976 48 0 0
tree 856 5976 41 0 0
tree 840 5976 33 0 0
tree 888 5976 48 0 0
tree 872 5976 48 0 0
tree 984 5976 33 0 0
tree 984 5960 41 0 0
tree 1016 5976 33 0 0
tree 1000 5976 48 0 0
tree 1032 5976 48 0 0
tree 1032 5960 48 0 0
tree 1048 5976 33 0 0
fre 1148 5956 1 179 179
fre 1364 5964 3 179 179
fre 1404 5956 8 179 179
cliff 1472 5968 11 179 179
tree 1832 5976 33 0 0
fre 1868 5956 10 179 179
fre 1868 5972 10 179 179
fre 2204 5956 1 179 179
fre 2228 5956 9 179 179
fre 2236 5980 1 179 179
fre 2252 5972 7 179 179
fre 2364 5980 1 179 179
fre 2436 5972 0 179 179
fre 2492 5964 17 179 179
fre 2548 5956 9 179 179
fre 2556 5980 1 179 179
fre 2572 5972 7 179 179
fre 3180 5972 7 179 179
tree 3208 5976 41 0 0
tree 3224 5960 48 0 0
tree 3208 5960 41 0 0
tree 3240 5960 33 0 0
tree 3320 5976 33 0 0
tree 3560 5976 48 0 0
tree 3704 5976 48 0 0
tree 3688 5960 33 0 0
trop 3860 5964 77 0 0
fre 188 5996 17 179 179
tree 184 5992 48 0 0
tree 168 5992 48 0 0
fre 244 5988 9 179 179
fre 252 6012 1 179 179
fre 268 6004 7 179 179
fre 324 6004 0 179 179
tree 552 6008 48 0 0
tree 552 5992 33 0 0
tree 632 6008 41 0 0
tree 648 6008 33 0 0
tree 824 5992 41 0 0
tree 856 5992 48 0 0
tree 904 6008 33 0 0
fre 988 5996 17 179 179
fre 1044 5988 9 179 179
fre 1052 6012 1 179 179
tree 1032 5992 33 0 0
fre 1068 6004 7 179 179
tree 1096 6008 48 0 0
tree 1096 5992 33 0 0
fre 1124 6004 0 179 179
fre 1212 5996 8 179 179
trop 1284 5996 76 0 0
tree 1432 6008 48 0 0
tree 1720 5992 41 0 0
tree 1720 6008 48 0 0
tree 1736 6008 41 0 0
tree 1768 6008 33 0 0
tree 1784 5992 41 0 0
fre 1828 5988 10 179 179
tree 1832 5992 41 0 0
trop 1964 5996 76 0 0
fre 2100 5988 9 179 179
fre 2108 6012 1 179 179
fre 2124 6004 7 179 179
fre 2180 6004 0 179 179
tree 3016 5992 48 0 0
tree 3048 5992 41 0 0
tree 3080 5992 41 0 0
tree 3224 6008 48 0 0
tree 3208 5992 48 0 0
tree 3592 5992 33 0 0
tree 3608 5992 41 0 0
tree 3624 6008 48 0 0
tree 3704 5992 33 0 0
tree 3720 5992 33 0 0
tree 648 6024 33 0 0
tree 888 6024 33 0 0
cliff 1744 6016 39 179 179
fre 1884 6020 1 179 179
trop 3860 6052 76 0 0
