fre 612 60 13 179 179
stand 776 56 65 0 179
zabor 816 48 104 2 8
trop 2140 52 104 0 0
trop 2204 60 100 0 0
trop 2244 60 100 0 0
trop 2348 60 103 0 0
trop 3188 44 48 179 179
trop 3372 60 104 179 179
zabor 3632 48 31 0 8
tree 72 88 3 0 179
fre 148 76 28 179 179
fre 220 92 6 179 179
fre 468 84 6 179 179
fre 460 68 6 179 179
tree 488 72 52 0 179
tree 616 72 18 0 179
zabor 816 80 105 2 8
trop 980 68 36 179 179
trop 1004 76 36 179 179
trop 2204 76 100 0 0
trop 2244 92 100 0 0
trop 2292 92 100 0 0
trop 2284 68 100 0 0
trop 2348 92 103 0 0
trop 2724 68 77 179 179
fre 2812 92 12 179 179
fre 2868 92 12 179 179
fre 2908 76 12 179 179
fre 2884 92 12 179 179
fre 2964 84 12 179 179
tree 2968 88 5 0 179
zabor 2960 80 65 1 8
trop 3020 76 76 179 179
trop 3244 92 36 179 179
trop 3444 68 100 179 179
trop 3476 68 100 179 179
trop 3516 76 100 179 179
trop 3572 76 103 179 179
zabor 3632 80 30 0 8
fre 116 116 6 179 179
tree 136 120 3 0 179
tree 200 120 25 0 179
tree 216 120 29 0 179
tree 328 120 18 0 179
tree 456 104 29 0 179
tree 504 104 37 0 179
tree 536 120 5 0 179
tree 520 120 60 0 179
tree 520 104 36 0 179
tree 552 104 5 0 179
tree 616 120 40 0 179
fre 620 108 13 179 179
stand 760 104 66 0 179
zabor 816 112 104 2 8
zabor 848 112 104 2 8
stand 872 104 65 0 179
zabor 1040 112 33 0 9
fre 1340 124 6 179 179
fre 2052 108 6 179 179
fre 2068 124 6 179 179
trop 2140 116 104 0 0
trop 2540 100 111 179 179
fre 2620 100 12 179 179
fre 2628 100 12 179 179
fre 2636 108 12 179 179
fre 2652 108 12 179 179
fre 2652 100 12 179 179
fre 2660 108 12 179 179
fre 2804 124 13 179 179
fre 2812 116 13 179 179
fre 2844 108 12 179 179
fre 2828 124 13 179 179
fre 2844 124 13 179 179
fre 2860 100 12 179 179
fre 2876 116 12 179 179
fre 2860 124 12 179 179
fre 2876 124 13 179 179
fre 2908 100 12 179 179
fre 2892 100 12 179 179
fre 2884 116 12 179 179
fre 2900 124 13 179 179
fre 2972 108 13 179 179
fre 2964 100 12 179 179
fre 2964 116 12 179 179
tree 2968 120 5 0 179
zabor 2960 112 66 1 8
trop 3188 108 48 179 179
fre 3268 124 14 179 179
trop 3372 124 104 179 179
trop 3436 124 100 179 179
zabor 3632 112 30 0 8
tree 136 152 36 0 179
tree 136 136 18 0 179
tree 168 152 37 0 179
fre 188 140 13 179 179
fre 172 156 13 179 179
tree 216 136 28 0 179
tree 200 152 9 0 179
fre 204 148 13 179 179
fre 244 140 13 179 179
fre 236 156 13 179 179
fre 372 140 6 179 179
fre 396 148 7 179 179
fre 404 148 27 179 179
fre 412 156 13 179 179
fre 492 140 6 179 179
tree 520 136 49 0 179
tree 568 152 20 0 179
tree 552 152 26 0 179
tree 552 136 49 0 179
fre 572 132 13 179 179
tree 600 152 28 0 179
fre 604 148 13 179 179
fre 588 148 13 179 179
fre 612 148 13 179 179
fre 804 156 7 179 179
zabor 848 144 105 2 8
fre 916 132 6 179 179
fre 940 156 7 179 179
trop 980 148 36 179 179
trop 1004 156 36 179 179
zabor 1040 144 33 0 9
fre 1092 132 6 179 179
fre 1132 140 7 179 179
fre 1156 140 6 179 179
trop 1532 148 104 179 179
trop 1580 140 100 179 179
trop 1636 140 100 179 179
trop 1700 140 100 179 179
trop 1764 132 103 179 179
trop 1764 156 103 179 179
fre 2068 156 11 179 179
fre 2076 140 6 179 179
fre 2084 156 6 179 179
trop 2204 148 100 0 0
trop 2236 140 100 0 0
trop 2292 148 100 0 0
trop 2348 148 103 0 0
tree 2520 152 17 0 179
trop 2540 148 111 179 179
trop 2724 156 76 179 179
fre 2828 132 13 179 179
fre 2844 140 13 179 179
stand 2840 152 44 0 179
fre 2860 132 13 179 179
fre 2892 140 13 179 179
fre 2884 140 13 179 179
fre 2964 132 12 179 179
fre 2964 156 12 179 179
tree 2968 152 5 0 179
zabor 2960 144 64 1 8
trop 3020 148 77 179 179
tree 3096 136 20 0 179
fre 3092 156 14 179 179
fre 3116 148 82 179 179
tree 3128 152 3 0 179
tree 3128 136 52 0 179
fre 3108 156 11 179 179
fre 3124 140 11 179 179
fre 3124 148 14 179 179
fre 3124 156 14 179 179
tree 3160 136 60 0 179
fre 3140 140 13 179 179
tree 3288 136 37 0 179
tree 3272 136 9 0 179
fre 3276 156 11 179 179
fre 3292 148 11 179 179
fre 3284 132 14 179 179
fre 3268 140 14 179 179
fre 3284 140 14 179 179
tree 3304 136 36 0 179
fre 3324 140 13 179 179
fre 3308 132 13 179 179
fre 3308 140 13 179 179
fre 3308 148 13 179 179
fre 3300 148 14 179 179
fre 3300 132 14 179 179
trop 3468 140 100 179 179
trop 3516 140 100 179 179
trop 3572 140 103 179 179
zabor 3632 144 31 0 8
fre 188 180 13 179 179
fre 308 164 7 179 179
fre 324 164 7 179 179
fre 404 188 80 179 179
tree 440 168 5 0 179
fre 428 172 13 179 179
tree 456 168 20 0 179
fre 460 164 13 179 179
fre 452 164 13 179 179
fre 452 188 13 179 179
fre 484 172 7 179 179
tree 504 184 60 0 179
fre 492 188 13 179 179
tree 552 168 5 0 179
tree 568 184 25 0 179
fre 580 164 82 179 179
fre 636 164 13 179 179
fre 764 188 6 179 179
fre 748 164 6 179 179
fre 740 180 7 179 179
zabor 848 176 104 2 8
stand 888 168 66 0 179
vor 908 180 9 179 179
lay 936 168 19 0 179
zabor 1040 176 34 0 9
fre 1140 180 7 179 179
fre 1212 164 6 179 179
tree 1320 184 18 0 179
dom 1888 160 58 0 179
fre 1948 188 7 179 179
tree 1944 184 12 0 179
fre 1972 188 11 179 179
dom 2016 160 58 0 179
fre 2076 180 8 179 179
fre 2092 164 7 179 179
tree 2088 184 25 0 179
trop 2140 172 104 179 179
trop 2412 180 109 179 179
dom 2464 160 58 0 179
trop 2484 164 112 179 179
trop 2468 180 109 179 179
trop 2524 180 109 179 179
dom 2624 160 54 0 179
trop 2820 188 101 179 179
trop 2884 188 101 179 179
fre 2964 188 13 179 179
fre 2956 172 12 179 179
tree 2968 184 5 0 179
zabor 2960 176 64 1 8
fre 3092 188 14 179 179
tree 3112 168 25 0 179
fre 3108 180 13 179 179
fre 3116 180 11 179 179
fre 3132 180 11 179 179
fre 3116 164 11 179 179
fre 3116 172 14 179 179
trop 3188 188 48 179 179
trop 3244 172 36 179 179
tree 3288 168 3 0 179
fre 3276 172 13 179 179
tree 3320 184 29 0 179
tree 3320 168 60 0 179
fre 3308 164 13 179 179
fre 3300 172 14 179 179
trop 3372 188 104 179 179
trop 3420 172 100 179 179
trop 3492 188 100 179 179
zabor 3632 176 28 0 8
tree 104 200 36 0 179
fre 140 220 6 179 179
tree 184 200 9 0 179
fre 180 220 13 179 179
fre 196 196 13 179 179
fre 196 212 13 179 179
fre 228 212 80 179 179
zabor 240 208 31 0 8
zabor 272 208 31 0 8
zabor 304 208 30 0 8
zabor 336 208 24 0 8
fre 364 220 6 179 179
zabor 368 208 25 0 8
zabor 400 208 25 0 8
zabor 432 208 30 0 8
zabor 464 208 35 0 9
tree 456 200 17 0 179
fre 468 196 13 179 179
fre 452 204 13 179 179
zabor 496 208 31 0 8
zabor 528 208 29 0 8
zabor 560 208 27 0 8
zabor 592 208 35 0 9
zabor 624 208 29 0 8
tree 664 216 26 0 179
fre 660 196 13 179 179
fre 708 196 7 179 179
stand 792 200 65 0 179
zabor 848 208 104 2 8
zabor 880 208 104 2 8
zabor 912 208 105 2 8
fre 932 212 6 179 179
fre 988 204 6 179 179
lay 1016 200 21 0 179
zabor 1040 208 38 0 9
stand 1240 216 14 0 179
dom 1440 192 51 0 179
trop 1532 212 104 179 179
trop 1604 204 100 179 179
trop 1644 204 100 179 179
trop 1700 204 100 179 179
trop 1764 212 103 179 179
trop 1844 212 109 179 179
trop 1916 212 109 179 179
trop 1964 212 109 179 179
trop 2020 212 109 179 179
trop 2076 212 109 179 179
trop 2172 212 100 0 0
trop 2196 196 100 0 0
trop 2228 196 100 0 0
trop 2276 204 100 0 0
trop 2276 220 100 0 0
trop 2348 212 103 179 179
trop 2428 204 109 179 179
fre 2444 212 7 179 179
fre 2436 204 6 179 179
fre 2452 212 6 179 179
trop 2492 204 109 179 179
trop 2484 204 109 179 179
dom 2784 192 51 0 179
trop 2900 196 103 179 179
fre 2956 196 12 179 179
fre 2956 204 12 179 179
fre 2956 220 12 179 179
tree 2968 216 5 0 179
zabor 2960 208 66 1 8
fre 3124 204 81 179 179
fre 3116 196 6 179 179
fre 3148 196 6 179 179
tree 3304 200 49 0 179
fre 3324 196 13 179 179
fre 3356 196 82 179 179
fre 3356 220 81 179 179
trop 3516 196 100 179 179
trop 3572 204 103 179 179
zabor 3632 208 25 0 8
tree 72 248 28 0 179
tree 152 248 25 0 179
fre 172 244 83 179 179
fre 180 252 6 179 179
tree 168 248 29 0 179
fre 196 228 7 179 179
zabor 240 240 33 0 9
tree 312 232 5 0 179
fre 316 228 13 179 179
fre 316 236 13 179 179
fre 460 236 6 179 179
zabor 624 240 27 0 8
fre 668 228 13 179 179
fre 692 236 13 179 179
vor 740 228 1 179 179
fre 820 244 6 179 179
stand 872 232 104 0 179
zabor 912 240 113 2 9
vor 916 252 33 179 179
fre 940 252 6 179 179
trop 980 244 36 179 179
stand 968 248 114 0 179
trop 1004 252 36 179 179
zabor 1040 240 29 0 8
tree 1304 232 29 0 179
zabor 1296 240 28 0 8
fre 1332 228 6 179 179
stand 1496 248 44 0 179
trop 1532 228 104 179 179
trop 1924 236 111 179 179
zabor 1936 240 66 1 8
fre 1964 236 12 179 179
fre 1964 252 12 179 179
fre 1980 244 14 179 179
zabor 1968 240 66 1 8
zabor 2000 240 65 1 8
trop 2020 244 111 179 179
trop 2140 236 104 179 179
trop 2196 228 100 0 0
trop 2228 228 100 179 179
trop 2348 252 103 179 179
tree 2472 248 5 0 179
fre 2468 244 8 179 179
trop 2516 252 111 179 179
trop 2724 228 77 179 179
trop 2820 236 100 179 179
trop 2900 252 103 179 179
fre 2964 244 12 179 179
fre 2964 252 12 179 179
tree 2968 248 5 0 179
zabor 2960 240 66 1 8
trop 3020 236 76 179 179
trop 3372 252 104 179 179
trop 3428 228 100 179 179
trop 3484 244 100 179 179
zabor 3632 240 31 0 8
tree 168 264 26 0 179
tree 184 280 17 0 179
zabor 240 272 27 0 8
fre 276 268 19 179 179
fre 276 276 6 179 179
stand 632 264 6 0 179
zabor 624 272 28 0 8
fre 852 284 6 179 179
fre 836 284 7 179 179
fre 852 260 7 179 179
fre 868 284 6 179 179
zabor 944 272 112 2 9
zabor 1040 272 25 0 8
zabor 1296 272 29 0 8
tree 1320 264 12 0 179
tree 1336 280 26 0 179
fre 1356 284 6 179 179
trop 1532 284 104 179 179
trop 1596 260 100 179 179
trop 1644 260 100 179 179
trop 1692 268 100 179 179
trop 1764 276 103 179 179
dom 1856 256 54 0 179
fre 1948 268 12 179 179
tree 1944 264 37 0 179
zabor 1936 272 65 1 8
fre 1972 260 12 179 179
fre 1956 268 13 179 179
fre 1972 276 14 179 179
fre 1956 276 14 179 179
tree 1976 264 37 0 179
zabor 2000 272 64 1 8
trop 2196 260 100 0 0
trop 2252 276 100 0 0
trop 2284 260 100 0 0
dom 2560 256 53 0 179
dom 2624 256 50 0 179
trop 2804 276 109 179 179
trop 2828 276 109 179 179
fre 2956 268 12 179 179
fre 2956 276 12 179 179
fre 2956 284 12 179 179
tree 2968 280 5 0 179
zabor 2960 272 66 1 8
fre 2996 284 82 179 179
dom 3104 256 35 0 179
dom 3136 256 35 0 179
trop 3188 268 48 179 179
trop 3244 268 36 179 179
trop 3524 260 100 179 179
trop 3572 268 103 179 179
zabor 3632 272 28 0 8
fre 132 292 7 179 179
fre 156 300 13 179 179
tree 168 296 37 0 179
tree 168 312 36 0 179
fre 188 316 13 179 179
tree 200 296 17 0 179
tree 248 296 18 0 179
fre 252 308 13 179 179
fre 252 292 13 179 179
zabor 240 304 28 0 8
stand 632 312 6 0 179
zabor 624 304 30 0 8
stand 744 296 65 0 179
fre 820 300 6 179 179
vor 844 308 0 179 179
fre 836 292 6 179 179
stand 888 312 66 0 179
fre 924 308 7 179 179
stand 952 296 65 0 179
zabor 944 304 104 2 8
zabor 1040 304 30 0 8
fre 1196 316 6 179 179
zabor 1296 304 36 0 9
fre 1332 308 80 179 179
tree 1320 296 60 0 179
dom 1440 288 51 0 179
trop 1596 316 100 179 179
trop 1652 308 100 179 179
trop 1700 316 100 179 179
trop 1924 300 111 179 179
fre 1948 308 14 179 179
tree 1944 312 37 0 179
zabor 1936 304 66 1 8
fre 1964 292 12 179 179
fre 1964 300 12 179 179
fre 1972 300 13 179 179
fre 1972 316 14 179 179
tree 1976 312 37 0 179
zabor 2000 304 65 1 8
trop 2020 292 111 179 179
dom 2080 288 61 0 179
trop 2140 292 104 179 179
trop 2156 300 100 0 0
trop 2204 300 100 0 0
trop 2244 316 100 0 0
trop 2268 300 100 0 0
trop 2348 316 103 179 179
dom 2432 288 60 0 179
trop 2516 308 111 179 179
fre 2532 316 7 179 179
trop 2724 308 76 179 179
trop 2900 316 103 179 179
fre 2972 316 13 179 179
fre 2964 308 12 179 179
fre 2956 300 12 179 179
fre 2956 316 12 179 179
tree 2968 312 5 0 179
zabor 2960 304 66 1 8
trop 3020 308 77 179 179
dom 3296 288 37 0 179
trop 3372 316 104 179 179
trop 3444 292 100 179 179
trop 3516 292 100 179 179
zabor 3632 304 25 0 8
tree 168 328 12 0 179
fre 188 348 13 179 179
zabor 240 336 26 0 8
fre 348 340 6 179 179
fre 524 332 35 179 179
zabor 624 336 28 0 8
stand 824 328 112 0 179
zabor 944 336 104 2 8
trop 980 340 36 179 179
trop 1004 348 36 179 179
zabor 1040 336 33 0 9
zabor 1296 336 29 0 8
trop 1532 348 104 179 179
trop 1764 340 103 179 179
dom 1856 320 55 0 179
fre 1948 348 12 179 179
fre 1948 324 14 179 179
zabor 1936 336 64 1 8
fre 1972 324 13 179 179
fre 1972 340 14 179 179
zabor 2000 336 66 1 8
stand 2072 344 80 0 179
trop 2140 348 104 179 179
trop 2204 332 100 0 0
trop 2276 332 100 0 0
stand 2392 328 5 0 179
trop 2460 324 112 179 179
fre 2500 324 3 179 179
fre 2556 332 4 179 179
fre 2548 332 7 179 179
fre 2564 324 1 179 179
trop 2604 324 112 179 179
trop 2644 332 112 179 179
stand 2664 328 5 0 179
trop 2812 348 100 179 179
dom 2784 320 51 0 179
trop 2828 324 100 179 179
fre 2964 324 12 179 179
fre 2956 340 12 179 179
tree 2968 344 5 0 179
zabor 2960 336 65 1 8
fre 3004 348 83 179 179
fre 3092 348 10 179 179
fre 3084 324 6 179 179
dom 3104 320 35 0 179
dom 3136 320 35 0 179
trop 3188 340 48 179 179
trop 3260 324 34 179 179
trop 3268 332 33 179 179
trop 3436 348 100 179 179
trop 3476 324 100 179 179
trop 3524 332 100 179 179
trop 3572 332 103 179 179
stand 3592 328 99 0 179
zabor 3632 336 30 0 8
fre 108 356 6 179 179
fre 188 372 7 179 179
tree 184 360 52 0 179
zabor 240 368 26 0 8
fre 516 380 22 179 179
zabor 624 368 27 0 8
vor 772 372 32 179 179
zabor 848 368 104 2 8
fre 876 380 6 179 179
zabor 880 368 104 2 8
zabor 912 368 104 2 8
zabor 944 368 112 2 9
vor 980 380 1 179 179
zabor 1040 368 35 0 9
fre 1132 380 28 179 179
fre 1164 356 26 179 179
fre 1156 364 6 179 179
zabor 1296 368 33 0 9
fre 1324 364 6 179 179
lay 1320 376 1 0 179
trop 1604 356 100 179 179
trop 1660 356 100 179 179
trop 1700 356 100 179 179
fre 1812 372 13 179 179
stand 1816 376 5 0 179
trop 1924 356 111 179 179
fre 1948 372 12 179 179
tree 1944 360 37 0 179
zabor 1936 368 66 1 8
fre 1972 372 12 179 179
fre 1956 380 12 179 179
fre 1956 356 13 179 179
tree 1976 360 37 0 179
zabor 2000 368 64 1 8
trop 2020 356 111 179 179
fre 2068 372 7 179 179
fre 2052 364 2 179 179
fre 2076 380 11 179 179
tree 2056 360 5 0 179
fre 2084 356 5 179 179
fre 2092 372 6 179 179
stand 2104 360 44 0 179
trop 2156 380 100 0 0
trop 2244 364 100 0 0
trop 2284 364 100 0 0
trop 2732 380 103 179 179
trop 2836 356 100 179 179
trop 2900 380 103 179 179
fre 2964 364 12 179 179
fre 2956 356 12 179 179
tree 2968 376 5 0 179
zabor 2960 368 65 1 8
fre 2996 380 81 179 179
trop 3092 356 33 179 179
fre 3132 356 13 179 179
fre 3148 356 13 179 179
fre 3140 364 13 179 179
stand 3320 360 113 0 179
trop 3372 372 104 179 179
trop 3428 380 100 179 179
trop 3508 372 100 179 179
zabor 3632 368 26 0 8
fre 188 412 26 179 179
zabor 240 400 33 0 9
fre 380 396 6 179 179
fre 428 412 28 179 179
fre 460 388 6 179 179
fre 508 388 23 179 179
zabor 624 400 27 0 8
fre 756 388 6 179 179
stand 808 392 66 0 179
zabor 848 400 105 2 8
vor 892 404 9 179 179
fre 948 412 7 179 179
fre 964 396 7 179 179
zabor 1040 400 28 0 8
tree 1080 408 29 0 179
tree 1064 408 20 0 179
fre 1132 412 7 179 179
zabor 1296 400 28 0 8
fre 1300 396 6 179 179
fre 1308 404 6 179 179
trop 1532 404 104 179 179
trop 1572 412 100 179 179
trop 1628 396 100 179 179
trop 1708 412 100 179 179
trop 1764 404 103 179 179
trop 1836 396 109 179 179
trop 1892 396 109 179 179
trop 1924 412 111 179 179
fre 1948 412 14 179 179
tree 1944 408 37 0 179
zabor 1936 400 64 1 8
fre 1980 396 12 179 179
fre 1972 412 12 179 179
fre 1964 396 13 179 179
tree 1976 408 37 0 179
zabor 2000 400 66 1 8
trop 2020 412 111 179 179
fre 2068 388 6 179 179
trop 2140 412 104 179 179
trop 2204 388 100 0 0
trop 2236 412 100 0 0
trop 2292 412 100 0 0
trop 2340 396 100 179 179
trop 2420 388 79 179 179
trop 2492 388 78 179 179
trop 2564 388 79 179 179
trop 2636 388 78 179 179
fre 2676 404 80 179 179
trop 2660 388 78 179 179
trop 2732 396 103 179 179
trop 2900 396 109 179 179
fre 2956 388 12 179 179
fre 2956 396 12 179 179
fre 2964 412 12 179 179
tree 2968 408 5 0 179
zabor 2960 400 66 1 8
trop 3020 396 76 179 179
trop 3132 396 31 179 179
stand 3256 392 96 0 179
stand 3304 392 99 0 179
trop 3436 412 100 179 179
trop 3476 396 100 179 179
trop 3492 412 100 179 179
trop 3508 412 100 179 179
stand 3576 392 89 0 179
trop 3572 388 103 179 179
zabor 3632 400 29 0 8
fre 140 428 6 179 179
tree 136 440 60 0 179
fre 204 444 28 179 179
zabor 240 432 27 0 8
fre 476 444 26 179 179
zabor 624 432 30 0 8
dom 672 416 40 0 179
fre 724 420 7 179 179
zabor 784 432 112 2 9
zabor 848 432 105 2 8
fre 836 428 6 179 179
stand 904 440 65 0 179
trop 980 428 36 179 179
trop 1004 436 36 179 179
zabor 1040 432 27 0 8
tree 1064 424 49 0 179
fre 1116 444 82 179 179
fre 1164 444 23 179 179
zabor 1296 432 28 0 8
dom 1440 416 51 0 179
trop 1652 420 100 179 179
trop 1692 420 100 179 179
fre 1860 420 2 179 179
tree 1864 440 3 0 179
fre 1948 420 12 179 179
zabor 1936 432 64 1 8
fre 1956 436 13 179 179
fre 1972 428 13 179 179
fre 1972 444 14 179 179
zabor 2000 432 66 1 8
trop 2204 436 100 0 0
trop 2204 420 100 0 0
trop 2348 444 103 179 179
fre 2660 444 7 179 179
fre 2660 436 7 179 179
dom 2848 416 48 0 179
trop 2932 420 111 179 179
fre 2956 436 12 179 179
tree 2968 440 5 0 179
zabor 2960 432 66 1 8
trop 3188 420 48 179 179
fre 3308 444 6 179 179
trop 3372 436 104 179 179
stand 3592 424 89 0 179
zabor 3632 432 29 0 8
tree 88 456 26 0 179
tree 120 472 60 0 179
fre 140 460 13 179 179
fre 188 468 80 179 179
fre 180 476 82 179 179
tree 200 472 40 0 179
zabor 240 464 30 0 8
fre 532 468 6 179 179
zabor 624 464 25 0 8
zabor 784 464 105 2 8
zabor 848 464 112 2 9
vor 908 468 9 179 179
fre 980 476 6 179 179
zabor 1040 464 28 0 8
fre 1084 468 80 179 179
tree 1064 456 18 0 179
tree 1096 456 12 0 179
fre 1124 468 80 179 179
tree 1304 456 49 0 179
zabor 1296 464 31 0 8
tree 1320 472 3 0 179
stand 1496 472 44 0 179
trop 1532 460 104 179 179
trop 1596 460 100 179 179
trop 1636 468 100 179 179
trop 1676 468 100 179 179
trop 1708 476 100 179 179
trop 1764 468 103 179 179
trop 1924 468 111 179 179
fre 1948 460 12 179 179
tree 1944 456 37 0 179
zabor 1936 464 66 1 8
fre 1972 460 83 179 179
fre 1980 476 12 179 179
fre 1964 460 13 179 179
fre 1956 468 13 179 179
fre 1972 476 13 179 179
tree 1976 456 37 0 179
zabor 2000 464 65 1 8
trop 2020 452 112 179 179
trop 2140 460 104 179 179
trop 2188 476 100 0 0
trop 2252 452 100 0 0
trop 2284 468 100 0 0
trop 2476 468 111 179 179
dom 2496 448 48 0 179
dom 2560 448 49 0 179
tree 2664 456 12 0 179
fre 2668 452 4 179 179
fre 2668 460 7 179 179
fre 2700 460 82 179 179
trop 2724 468 76 179 179
dom 2816 448 47 0 179
fre 2884 476 0 179 179
fre 2972 452 13 179 179
zabor 2960 464 66 1 8
trop 3020 468 77 179 179
trop 3268 476 36 179 179
stand 3368 472 89 0 179
trop 3436 460 100 179 179
trop 3492 468 100 179 179
trop 3524 468 100 179 179
trop 3572 452 103 179 179
zabor 3632 464 26 0 8
tree 88 488 60 0 179
fre 84 500 13 179 179
fre 124 484 7 179 179
fre 116 492 13 179 179
fre 116 484 13 179 179
tree 168 488 25 0 179
fre 172 484 13 179 179
fre 204 500 6 179 179
fre 220 484 7 179 179
fre 196 508 13 179 179
zabor 240 496 30 0 8
zabor 272 496 24 0 8
zabor 304 496 24 0 8
stand 328 504 8 0 179
zabor 336 496 30 0 8
stand 360 504 8 0 179
fre 356 500 6 179 179
zabor 368 496 26 0 8
zabor 400 496 28 0 8
zabor 432 496 26 0 8
zabor 464 496 31 0 8
stand 456 504 14 0 179
zabor 496 496 39 0 9
zabor 560 496 27 0 8
zabor 592 496 34 0 9
zabor 624 496 29 0 8
zabor 784 496 105 2 8
vor 844 484 1 179 179
fre 852 484 7 179 179
stand 920 504 66 0 179
fre 900 508 7 179 179
zabor 944 496 113 2 9
zabor 1040 496 35 0 9
fre 1204 508 6 179 179
tree 1304 504 60 0 179
zabor 1296 496 27 0 8
fre 1332 492 7 179 179
fre 1356 484 6 179 179
fre 1348 492 6 179 179
trop 1628 500 100 179 179
dom 1824 480 57 0 179
fre 1948 500 12 179 179
fre 1948 508 12 179 179
fre 1948 484 14 179 179
tree 1944 504 37 0 179
zabor 1936 496 64 1 8
fre 1964 492 12 179 179
fre 1972 492 13 179 179
fre 1972 508 14 179 179
tree 1976 504 37 0 179
zabor 2000 496 64 1 8
trop 2020 484 111 179 179
dom 2080 480 57 0 179
trop 2140 484 104 179 179
trop 2228 492 100 0 0
trop 2228 484 100 0 0
trop 2348 508 103 179 179
dom 2432 480 47 0 179
trop 2476 500 111 179 179
trop 2604 508 112 179 179
fre 2716 492 81 179 179
stand 2776 488 5 0 179
trop 2796 492 112 179 179
trop 2796 508 109 179 179
trop 2844 508 109 179 179
trop 2860 492 112 179 179
fre 2884 484 12 179 179
fre 2892 484 1 179 179
fre 2908 484 0 179 179
trop 2908 508 109 179 179
trop 2932 484 111 179 179
zabor 2960 496 65 1 8
fre 3020 500 81 179 179
dom 3104 480 45 0 179
trop 3188 492 48 179 179
trop 3372 500 104 179 179
stand 3576 504 81 0 179
stand 3592 504 81 0 179
zabor 3632 496 28 0 8
tree 72 520 29 0 179
fre 84 532 13 179 179
fre 188 524 13 179 179
tree 216 536 3 0 179
fre 212 540 13 179 179
fre 220 532 13 179 179
fre 212 524 13 179 179
fre 228 532 13 179 179
tree 552 536 52 0 179
fre 548 540 13 179 179
fre 572 532 13 179 179
vor 732 524 17 179 179
fre 716 540 7 179 179
stand 776 536 112 0 179
zabor 784 528 105 2 8
zabor 816 528 104 2 8
stand 840 520 104 0 179
fre 884 516 6 179 179
zabor 944 528 104 2 8
trop 980 516 36 179 179
trop 1004 524 36 179 179
fre 1012 516 6 179 179
zabor 1040 528 29 0 8
fre 1204 540 26 179 179
zabor 1296 528 26 0 8
fre 1332 524 6 179 179
fre 1372 524 33 179 179
dom 1440 512 51 0 179
trop 1532 524 104 179 179
trop 1580 524 100 179 179
trop 1684 540 100 179 179
trop 1764 532 103 179 179
fre 1884 540 11 179 179
trop 1892 516 109 179 179
trop 1924 524 111 179 179
fre 1948 524 12 179 179
zabor 1936 528 64 1 8
fre 1964 524 12 179 179
fre 1972 532 12 179 179
fre 1956 540 13 179 179
fre 1972 524 13 179 179
fre 1980 524 14 179 179
trop 2012 540 111 179 179
zabor 2000 528 66 1 8
trop 2172 524 100 0 0
trop 2204 524 100 0 0
trop 2236 524 100 0 0
trop 2292 516 100 0 0
trop 2420 532 109 179 179
trop 2476 532 109 179 179
trop 2516 516 112 179 179
trop 2548 532 109 179 179
trop 2580 532 109 179 179
trop 2724 540 77 179 179
fre 2924 532 13 179 179
zabor 2960 528 65 1 8
stand 3144 536 44 0 179
fre 3292 540 34 179 179
dom 3328 512 90 0 179
stand 3384 520 89 0 179
trop 3428 516 100 179 179
trop 3484 516 100 179 179
trop 3516 540 100 179 179
trop 3572 516 103 179 179
zabor 3632 528 27 0 8
fre 172 556 7 179 179
fre 300 556 6 179 179
fre 356 572 7 179 179
tree 472 552 60 0 179
fre 468 548 13 179 179
fre 508 548 82 179 179
tree 504 568 52 0 179
fre 500 572 13 179 179
fre 508 572 13 179 179
fre 484 556 13 179 179
fre 492 548 13 179 179
fre 516 572 82 179 179
fre 580 572 32 179 179
fre 828 572 6 179 179
zabor 816 560 104 2 8
zabor 944 560 104 2 8
stand 1048 552 6 0 179
zabor 1040 560 28 0 8
tree 1304 568 26 0 179
zabor 1296 560 26 0 8
tree 1320 552 60 0 179
fre 1348 572 6 179 179
trop 1604 572 100 179 179
trop 1636 556 100 179 179
trop 1716 548 100 179 179
fre 1892 572 2 179 179
tree 1944 552 37 0 179
zabor 1936 560 66 1 8
tree 1976 552 37 0 179
zabor 1968 560 66 1 8
zabor 2000 560 66 1 8
trop 2140 548 104 179 179
trop 2156 556 100 0 0
trop 2164 564 100 0 0
trop 2244 556 100 0 0
trop 2292 572 100 0 0
trop 2348 572 103 179 179
tree 2488 568 37 0 179
fre 2484 556 3 179 179
trop 2516 572 111 179 179
trop 2516 556 111 179 179
zabor 2800 560 64 1 8
zabor 2832 560 66 1 8
fre 2868 556 83 179 179
tree 2872 568 37 0 179
fre 2868 564 11 179 179
zabor 2864 560 65 1 8
stand 2904 568 80 0 179
zabor 2896 560 65 1 8
zabor 2928 560 64 1 8
fre 2964 548 11 179 179
zabor 2960 560 66 1 8
trop 3020 556 76 179 179
trop 3124 556 33 179 179
fre 3148 556 6 179 179
trop 3188 572 48 179 179
trop 3276 556 36 179 179
trop 3372 564 104 179 179
trop 3500 572 100 179 179
stand 3592 568 81 0 179
zabor 3632 560 26 0 8
fre 132 596 12 0 0
tree 232 600 49 0 179
fre 260 580 6 179 179
fre 412 588 6 179 179
fre 484 588 80 179 179
fre 796 596 6 179 179
zabor 816 592 104 2 8
stand 872 584 65 0 179
fre 916 588 6 179 179
zabor 944 592 104 2 8
trop 980 604 36 179 179
stand 1048 600 6 0 179
zabor 1040 592 31 0 8
fre 1076 580 7 179 179
fre 1148 596 6 179 179
fre 1196 604 6 179 179
zabor 1296 592 25 0 8
tree 1320 584 3 0 179
trop 1532 588 104 179 179
trop 1628 604 100 179 179
trop 1604 596 100 179 179
trop 1676 604 100 179 179
trop 1764 596 103 179 179
trop 1924 588 111 179 179
trop 1964 580 109 179 179
trop 1988 580 109 179 179
trop 2172 596 100 0 0
trop 2204 580 100 0 0
trop 2244 588 100 0 0
trop 2332 580 100 0 0
dom 2400 576 17 0 179
fre 2556 588 14 0 0
dom 2624 576 59 0 179
fre 2916 596 29 179 179
tree 2952 584 49 0 179
fre 2956 580 17 179 179
stand 3384 584 99 0 179
trop 3436 580 100 179 179
trop 3572 580 103 179 179
zabor 3632 592 28 0 8
tree 152 616 49 0 0
fre 132 612 11 0 0
fre 156 620 12 0 0
fre 164 636 12 0 0
tree 184 616 60 0 179
tree 232 632 25 0 0
tree 280 632 18 0 179
tree 312 616 25 0 179
fre 764 628 12 0 0
fre 820 612 12 0 0
fre 820 620 12 0 0
zabor 816 624 113 2 9
vor 876 612 17 179 179
zabor 944 624 105 2 8
trop 1004 620 36 179 179
zabor 1040 624 27 0 8
stand 1304 616 6 0 179
zabor 1296 624 31 0 8
fre 1332 612 7 179 179
trop 1692 612 100 179 179
dom 1856 608 124 0 179
dom 2048 608 59 0 179
trop 2140 612 104 179 179
trop 2196 636 100 0 0
trop 2292 636 100 0 0
trop 2348 636 103 179 179
trop 2516 628 111 179 179
fre 2532 628 6 179 179
fre 2548 636 6 179 179
trop 2724 628 76 179 179
dom 2848 608 56 0 179
fre 2892 636 11 179 179
fre 2924 628 1 179 179
trop 3372 628 104 179 179
trop 3476 628 100 179 179
trop 3524 612 100 179 179
trop 3572 636 103 179 179
stand 3592 632 89 0 179
zabor 3632 624 28 0 8
fre 124 668 11 0 0
fre 116 668 11 0 0
fre 108 644 13 0 0
tree 152 664 12 0 0
fre 140 644 11 0 0
fre 148 652 13 0 0
fre 140 660 13 0 0
fre 132 652 13 0 0
fre 132 660 13 0 0
fre 180 652 12 0 0
fre 164 652 13 0 0
fre 180 668 13 0 0
fre 172 660 13 0 0
fre 164 660 13 0 0
fre 204 660 11 0 0
fre 196 668 13 0 0
fre 220 660 13 0 0
tree 248 664 25 0 0
fre 276 668 82 179 179
fre 260 660 12 0 0
fre 340 660 11 0 0
fre 324 668 12 0 0
fre 412 644 13 0 0
fre 396 660 11 0 0
fre 732 660 13 0 0
fre 764 668 12 0 0
fre 748 652 13 0 0
fre 772 668 13 0 0
fre 796 644 13 0 0
fre 788 644 13 0 0
fre 780 644 13 0 0
fre 788 660 13 0 0
tree 824 664 5 0 0
fre 820 644 13 0 0
tree 840 664 40 0 0
tree 856 664 60 0 0
stand 856 648 112 0 0
zabor 912 656 105 2 8
zabor 944 656 105 2 8
zabor 1040 656 26 0 8
fre 1228 660 20 179 179
zabor 1296 656 27 0 8
dom 1440 640 51 0 179
trop 1532 652 104 179 179
trop 1596 660 100 179 179
trop 1612 668 100 179 179
trop 1660 660 100 179 179
trop 1700 668 100 179 179
trop 1764 660 103 179 179
fre 1900 668 6 179 179
stand 1896 664 5 0 179
trop 1924 652 111 179 179
fre 1948 652 2 179 179
fre 1964 652 6 179 179
fre 1956 668 6 179 179
fre 1964 660 11 179 179
tree 1976 664 18 0 179
trop 2252 644 100 0 0
fre 2420 652 3 179 179
fre 2404 644 8 179 179
trop 2468 644 112 179 179
fre 2540 644 1 179 179
stand 2568 648 5 0 179
fre 2564 644 6 179 179
fre 2652 652 4 179 179
fre 2628 652 7 179 179
fre 2644 652 8 179 179
fre 2780 644 4 179 179
stand 2792 648 5 0 179
fre 2812 652 2 179 179
fre 2788 644 1 179 179
fre 2916 644 28 179 179
trop 2948 660 100 179 179
trop 3012 644 91 179 179
dom 3104 640 45 0 179
trop 3188 644 48 179 179
trop 3276 652 36 179 179
fre 3316 668 6 179 179
dom 3328 640 99 0 179
trop 3428 652 100 179 179
trop 3532 652 100 179 179
stand 3560 648 89 0 179
zabor 3632 656 27 0 8
fre 124 676 11 0 0
fre 148 676 11 0 0
fre 156 684 12 0 0
fre 156 692 13 0 0
fre 172 700 11 0 0
tree 200 680 9 0 0
fre 204 692 13 0 0
tree 248 680 40 0 0
fre 252 676 12 0 0
fre 244 676 13 0 0
fre 276 684 13 0 0
fre 268 700 7 179 179
fre 324 676 83 179 179
fre 396 692 82 179 179
fre 396 700 11 0 0
fre 444 684 13 0 0
fre 428 676 13 0 0
fre 428 692 13 0 0
fre 428 684 13 0 0
fre 420 676 11 0 0
tree 472 680 37 0 0
tree 488 680 28 0 0
fre 588 700 13 0 0
tree 632 680 3 0 0
fre 628 700 11 0 0
fre 636 684 13 179 179
fre 764 684 82 179 179
fre 740 684 12 0 0
tree 792 680 26 0 0
fre 812 676 13 0 0
fre 900 684 11 0 0
zabor 912 688 104 2 8
trop 980 676 36 179 179
fre 1004 692 13 0 0
trop 1004 692 36 179 179
fre 1028 700 13 0 0
fre 1052 692 13 0 0
zabor 1040 688 30 0 8
zabor 1072 688 27 0 8
zabor 1104 688 29 0 8
zabor 1136 688 38 0 9
zabor 1168 688 27 0 8
zabor 1296 688 33 0 9
fre 1380 684 6 179 179
stand 1496 696 44 0 179
fre 1996 676 4 179 179
trop 2140 676 104 179 179
trop 2172 692 100 0 0
trop 2196 692 100 0 0
trop 2244 692 100 0 0
trop 2284 692 100 0 0
fre 2460 684 80 179 179
trop 2964 700 90 179 179
fre 3292 676 6 179 179
trop 3372 692 104 179 179
trop 3452 700 100 179 179
trop 3492 676 100 179 179
trop 3572 700 103 179 179
stand 3592 680 89 0 179
zabor 3632 688 25 0 8
fre 148 716 11 0 0
fre 164 708 11 0 0
fre 188 732 13 0 0
fre 252 732 12 0 0
fre 236 724 12 0 0
fre 228 724 12 0 0
fre 292 708 80 179 179
fre 508 716 81 179 179
fre 500 732 13 0 0
fre 548 708 13 0 0
fre 604 716 13 0 0
fre 636 732 13 0 0
fre 612 724 13 0 0
fre 660 732 12 0 0
fre 692 732 13 0 0
fre 684 732 13 0 0
fre 700 716 13 0 0
fre 692 716 13 0 0
fre 676 716 13 0 0
fre 692 708 13 0 0
fre 716 732 13 0 0
fre 708 724 13 0 0
fre 724 716 13 0 0
tree 760 712 5 0 0
fre 764 708 11 0 0
fre 828 716 7 0 0
stand 824 712 104 0 0
zabor 912 720 112 2 9
fre 940 716 6 179 179
fre 1036 724 13 0 0
fre 1044 724 13 0 0
fre 1036 716 13 0 0
tree 1064 712 29 0 0
fre 1060 724 13 0 0
fre 1068 732 13 0 0
fre 1132 732 13 0 0
stand 1272 712 113 0 179
fre 1268 724 6 179 179
trop 1532 716 104 179 179
trop 1564 732 102 179 179
trop 1628 732 102 179 179
trop 1692 732 102 179 179
trop 1756 732 102 179 179
trop 1836 732 79 179 179
trop 1916 732 78 179 179
trop 1996 732 79 179 179
trop 2076 732 78 179 179
trop 2132 732 100 179 179
trop 2156 708 100 0 0
trop 2340 708 100 179 179
trop 2420 708 79 179 179
trop 2500 708 78 179 179
trop 2580 708 79 179 179
fre 2628 708 82 179 179
fre 2684 732 80 179 179
trop 2660 708 78 179 179
trop 2724 708 102 179 179
trop 2804 708 79 179 179
trop 2884 708 78 179 179
trop 3188 724 48 179 179
trop 3476 724 100 179 179
trop 3524 732 100 179 179
zabor 3632 720 28 0 8
lay 520 744 4 0 0
stand 600 760 113 0 0
fre 628 740 13 0 0
tree 648 760 25 0 0
fre 700 740 13 0 0
fre 676 756 13 0 0
fre 724 764 12 0 0
fre 716 740 12 0 0
fre 780 748 11 0 0
stand 776 744 65 0 0
fre 852 740 6 179 179
fre 892 740 6 0 0
fre 876 748 7 0 0
zabor 912 752 113 2 9
trop 996 748 34 179 179
trop 1020 748 34 179 179
fre 1052 764 12 0 0
fre 1052 748 12 0 0
fre 1060 756 13 0 0
fre 1084 740 13 0 0
fre 1076 748 12 0 0
tree 1096 760 40 0 0
fre 1100 748 13 0 0
fre 1108 764 13 0 0
fre 1116 740 12 0 0
fre 1092 756 12 0 0
fre 1220 740 6 179 179
fre 1252 740 6 179 179
dom 1440 736 51 0 179
fre 1948 756 82 179 179
fre 2004 756 81 179 179
trop 2148 756 100 179 179
trop 2196 748 100 0 0
trop 2220 748 100 0 0
trop 2268 748 100 0 0
trop 2284 748 100 0 0
trop 2348 764 103 179 179
tree 2616 760 18 0 179
lay 2664 760 8 0 0
fre 2836 764 1 179 179
lay 2920 760 9 0 0
fre 2956 764 14 0 0
fre 2948 764 14 0 0
dom 3104 736 45 0 179
trop 3276 756 36 179 179
dom 3328 736 99 0 179
trop 3372 756 104 179 179
trop 3444 748 100 179 179
trop 3572 764 103 179 179
stand 3608 744 81 0 179
stand 3592 760 81 0 179
zabor 3632 752 24 0 8
fre 156 796 7 0 0
fre 580 788 26 0 0
fre 628 796 12 0 0
tree 664 792 20 0 0
tree 760 776 9 0 0
zabor 752 784 112 2 9
fre 796 796 6 0 0
vor 868 772 9 0 0
zabor 912 784 104 2 8
vor 964 796 0 0 0
stand 984 792 66 0 0
trop 1012 796 32 179 179
tree 1048 776 28 0 0
fre 1036 780 13 0 0
trop 1036 796 32 179 179
fre 1084 780 13 0 0
fre 1076 772 13 0 0
fre 1084 796 12 0 0
fre 1068 772 12 0 0
fre 1116 780 12 0 0
fre 1140 788 13 0 0
fre 1148 796 13 0 0
fre 1132 788 13 0 0
fre 1148 788 12 0 0
fre 1140 796 12 0 0
fre 1148 780 12 0 0
fre 1348 772 6 179 179
tree 1592 792 35 0 0
stand 1784 792 14 0 179
stand 1816 792 8 0 179
fre 1956 780 11 0 0
trop 2188 788 100 0 0
dom 2528 768 5 0 179
fre 2652 772 3 179 179
tree 2680 776 12 0 179
tree 2696 792 17 0 179
tree 2696 776 5 0 179
stand 2728 792 89 0 179
stand 2760 776 88 0 179
fre 2820 796 32 179 179
trop 2908 780 33 179 179
fre 2892 780 13 0 0
fre 2932 788 1 179 179
dom 3040 768 44 0 179
stand 3144 792 44 0 179
fre 3308 772 6 179 179
stand 3368 792 81 0 179
trop 3476 772 100 179 179
trop 3500 772 100 179 179
stand 3576 792 113 0 179
stand 3560 792 113 0 179
stand 3608 776 81 0 179
zabor 3632 784 24 0 8
fre 220 804 6 0 0
fre 284 804 6 0 0
fre 308 820 6 0 0
fre 292 812 6 0 0
cliff 480 816 11 179 179
fre 516 812 28 0 0
fre 556 820 6 0 0
stand 728 824 104 0 0
zabor 784 816 112 2 9
zabor 816 816 105 2 8
stand 856 808 66 0 0
fre 916 828 7 0 0
zabor 912 816 104 2 8
zabor 944 816 105 2 8
fre 1180 804 13 0 0
tree 1688 808 43 0 0
fre 1700 812 81 179 179
lay 1720 808 17 0 0
fre 1780 812 10 179 179
fre 1940 820 13 0 0
fre 1940 828 13 0 0
tree 2008 824 17 0 0
fre 1996 820 11 0 0
fre 2084 804 13 179 179
trop 2140 804 104 0 0
trop 2164 804 100 0 0
trop 2228 804 100 0 0
trop 2284 804 100 0 0
trop 2348 828 103 0 0
dom 2432 800 3 0 179
stand 2744 824 89 0 179
lay 2904 808 4 0 0
lay 2920 808 12 0 0
lay 2920 824 9 0 0
trop 2988 804 35 179 179
trop 3092 804 35 179 179
stand 3160 824 54 0 0
trop 3188 804 48 179 179
stand 3208 824 54 0 0
trop 3372 820 104 179 179
trop 3436 812 100 179 179
trop 3500 804 100 179 179
trop 3572 820 103 179 179
stand 3608 808 88 0 179
zabor 3632 816 25 0 8
fre 204 852 28 0 0
fre 204 844 26 0 0
fre 268 852 6 0 0
fre 300 836 7 179 179
fre 396 860 6 0 0
dom 384 832 108 0 0
fre 532 860 6 0 0
lay 664 840 1 0 0
zabor 720 848 112 2 9
zabor 816 848 104 2 8
fre 852 860 7 0 0
zabor 848 848 105 2 8
fre 876 860 6 0 0
fre 908 836 6 0 0
stand 920 856 65 0 0
zabor 944 848 105 2 8
zabor 976 848 104 2 8
trop 1028 844 36 179 179
trop 1052 860 36 179 179
tree 1368 856 19 0 0
tree 1400 856 21 0 0
tree 1528 856 2 0 0
tree 1544 856 35 0 0
tree 1560 856 13 0 0
tree 1576 856 50 0 0
tree 1656 856 19 0 0
fre 1676 860 82 179 179
lay 1720 856 20 0 0
fre 1740 852 13 179 179
lay 1784 840 19 0 0
fre 1852 860 12 0 0
tree 1912 856 28 0 0
tree 1896 856 28 0 0
fre 1892 836 12 0 0
fre 1900 836 12 0 0
fre 1916 836 13 0 0
fre 1916 852 13 0 0
fre 1892 852 13 0 0
fre 1892 860 13 0 0
fre 1900 852 13 0 0
fre 1924 836 12 0 0
fre 1948 836 12 0 0
fre 1940 860 12 0 0
tree 1976 856 60 0 0
tree 1960 856 28 0 0
fre 1980 844 13 0 0
fre 1956 836 13 0 0
fre 1996 852 82 179 179
tree 1992 856 9 0 0
fre 1996 844 11 0 0
fre 2028 852 11 0 0
trop 2212 844 100 0 0
trop 2276 852 100 0 0
zabor 2384 848 30 0 8
zabor 2416 848 30 0 8
zabor 2448 848 28 0 8
zabor 2480 848 28 0 8
zabor 2512 848 24 0 8
zabor 2544 848 28 0 8
stand 2584 856 113 0 0
zabor 2576 848 26 0 8
zabor 2608 848 24 0 8
lay 2952 856 1 0 0
fre 3052 844 33 179 179
stand 3096 856 81 0 0
stand 3160 856 63 0 0
stand 3160 840 63 0 0
stand 3208 856 63 0 0
stand 3208 840 63 0 0
trop 3276 844 36 179 179
fre 3284 860 13 0 0
lay 3304 856 10 0 0
dom 3328 832 90 0 179
trop 3492 844 100 179 179
stand 3592 840 96 0 179
zabor 3632 848 30 0 8
fre 268 876 6 0 0
fre 316 884 7 0 0
fre 580 868 6 0 0
zabor 720 880 104 2 8
fre 764 892 7 0 0
stand 744 888 66 0 0
fre 796 876 6 0 0
zabor 848 880 105 2 8
vor 892 884 1 0 0
zabor 944 880 113 2 9
zabor 976 880 105 2 8
stand 1000 872 104 0 0
fre 1140 892 80 179 179
tree 1160 888 27 0 0
fre 1228 892 80 179 179
tree 1272 872 50 0 0
tree 1304 888 4 0 0
tree 1320 888 59 0 0
tree 1352 888 19 0 0
tree 1432 888 57 0 0
fre 1452 884 81 179 179
tree 1480 888 2 0 0
tree 1496 888 4 0 0
tree 1496 872 21 0 0
tree 1512 872 21 0 0
fre 1828 868 31 0 0
fre 1868 892 13 0 0
fre 1916 868 13 0 0
fre 1900 884 13 0 0
trop 1980 892 35 0 0
fre 2044 868 11 0 0
fre 2028 868 11 0 0
trop 2036 892 35 0 0
fre 2060 868 11 0 0
trop 2140 868 104 0 0
trop 2348 892 103 0 0
zabor 2384 880 25 0 8
stand 2408 872 89 0 0
stand 2440 872 81 0 0
stand 2568 872 113 0 0
zabor 2608 880 30 0 8
stand 3048 888 80 0 0
stand 3096 872 81 0 0
stand 3080 872 81 0 0
stand 3096 888 81 0 0
stand 3128 872 81 0 0
trop 3188 884 48 0 0
fre 3260 892 13 0 0
fre 3244 892 14 0 0
fre 3236 884 14 0 0
fre 3244 876 14 0 0
fre 3268 884 13 0 0
fre 3268 868 13 0 0
fre 3292 884 13 0 0
fre 3276 892 13 0 0
stand 3320 888 14 0 179
stand 3304 872 14 0 179
stand 3352 888 6 0 179
fre 3332 884 13 0 0
trop 3372 884 104 179 179
trop 3428 876 100 179 179
trop 3492 868 100 179 179
trop 3572 884 103 179 179
stand 3592 872 99 0 179
zabor 3632 880 28 0 8
fre 172 916 20 0 0
fre 212 908 23 0 0
fre 212 900 27 0 0
fre 356 900 6 0 0
cliff 480 896 10 179 179
fre 572 916 27 0 0
fre 580 924 28 0 0
fre 628 916 6 0 0
zabor 720 912 104 2 8
fre 828 916 7 0 0
stand 808 920 66 0 0
zabor 848 912 104 2 8
fre 868 908 7 0 0
zabor 880 912 104 2 8
vor 916 916 0 0 0
zabor 976 912 104 2 8
fre 1012 916 11 0 0
stand 1000 904 114 0 0
trop 1052 924 36 0 0
trop 1028 924 36 0 0
fre 1100 900 30 0 0
fre 1340 900 80 179 179
tree 1368 920 4 0 0
tree 1480 904 2 0 0
fre 1564 900 83 179 179
tree 1560 904 21 0 0
fre 1828 900 11 0 0
fre 1876 916 13 0 0
tree 1896 904 26 0 0
fre 1948 916 13 0 0
fre 1948 924 13 0 0
fre 1940 916 13 0 0
trop 1924 908 30 0 0
fre 2084 916 10 179 179
trop 2204 900 100 0 0
trop 2252 900 100 0 0
trop 2284 924 100 0 0
trop 2284 900 100 0 0
zabor 2384 912 28 0 8
zabor 2608 912 30 0 8
fre 2628 924 3 179 179
trop 3004 916 30 0 0
trop 3036 908 35 0 0
stand 3144 904 113 0 0
fre 3236 924 13 0 0
fre 3260 908 13 0 0
fre 3332 916 13 0 0
trop 3428 916 100 179 179
trop 3460 908 100 179 179
trop 3492 916 100 179 179
stand 3592 920 99 0 179
zabor 3632 912 27 0 8
fre 284 940 7 0 0
trop 308 948 127 0 0
cliff 480 944 11 179 179
fre 548 948 6 0 0
fre 580 956 26 0 0
fre 620 956 6 0 0
zabor 720 944 105 2 8
fre 764 940 6 0 0
vor 844 948 0 0 0
zabor 880 944 105 2 8
stand 920 952 104 0 0
vor 940 948 33 0 0
stand 952 936 66 0 0
zabor 976 944 104 2 8
zabor 1072 944 35 0 9
zabor 1104 944 26 0 8
zabor 1136 944 30 0 8
zabor 1168 944 27 0 8
zabor 1200 944 26 0 8
zabor 1232 944 29 0 8
zabor 1264 944 24 0 8
zabor 1296 944 24 0 8
zabor 1328 944 24 0 8
zabor 1360 944 24 0 8
fre 1436 940 83 179 179
tree 1480 952 59 0 0
tree 1608 952 11 0 0
tree 1816 952 3 0 0
fre 1844 948 12 0 0
fre 1876 956 11 0 0
fre 1868 948 11 0 0
fre 1876 940 12 0 0
fre 1876 948 12 0 0
fre 1884 956 13 0 0
fre 1892 940 12 0 0
fre 1948 948 11 0 0
fre 1940 940 12 0 0
fre 1948 956 12 0 0
trop 1924 956 36 0 0
fre 1956 956 13 0 0
fre 1964 956 13 0 0
fre 1964 932 13 0 0
stand 2104 952 44 0 179
trop 2140 932 104 0 0
trop 2196 940 100 0 0
trop 2244 940 100 0 0
trop 2348 956 103 0 0
zabor 2384 944 24 0 8
stand 2408 936 89 0 0
fre 2636 940 1 179 179
stand 2680 952 5 0 0
trop 2716 940 112 0 0
dom 2784 928 93 0 0
trop 2876 940 112 0 0
dom 2944 928 93 0 0
stand 2984 952 5 0 0
fre 2980 956 11 0 0
fre 3068 932 35 0 0
stand 3048 952 46 0 0
tree 3096 936 37 0 0
trop 3108 932 31 0 0
stand 3112 952 46 0 0
trop 3372 948 104 179 179
trop 3444 956 100 179 179
trop 3572 940 103 179 179
zabor 3632 944 28 0 8
stand 3656 952 81 0 0
zabor 3664 944 24 0 8
zabor 3696 944 30 0 8
fre 164 972 6 0 0
fre 196 988 6 0 0
trop 356 988 127 0 0
stand 680 968 112 0 0
zabor 720 976 105 2 8
zabor 752 976 105 2 8
fre 820 972 6 0 0
fre 828 980 7 0 0
vor 852 988 9 0 0
zabor 880 976 105 2 8
fre 900 980 6 0 0
zabor 976 976 105 2 8
tree 1016 968 52 0 0
fre 996 988 12 0 0
zabor 1072 976 27 0 8
zabor 1360 976 33 0 9
tree 1400 984 27 0 0
tree 1400 968 35 0 0
tree 1464 984 43 0 0
fre 1476 972 82 179 179
tree 1496 968 2 0 0
fre 1508 964 81 179 179
lay 1672 984 22 0 0
tree 1800 984 60 0 0
fre 1836 964 13 0 0
tree 1864 968 12 0 0
fre 1884 988 12 0 0
fre 1884 972 13 0 0
fre 1884 964 13 0 0
fre 1892 980 13 0 0
fre 1908 972 13 0 0
fre 1972 964 11 0 0
fre 1980 980 12 0 0
fre 1964 988 13 0 0
fre 1956 980 13 0 0
trop 2204 988 100 0 0
trop 2252 988 100 0 0
trop 2300 988 100 0 0
zabor 2384 976 27 0 8
trop 2628 964 110 0 0
trop 2956 964 110 0 0
trop 2964 988 111 0 0
fre 2980 972 11 0 0
fre 2980 980 13 0 0
trop 3004 988 36 0 0
fre 3012 988 11 0 0
stand 3032 968 54 0 0
stand 3096 968 54 0 0
stand 3080 968 54 0 0
stand 3160 968 23 0 0
stand 3144 968 54 0 0
trop 3188 964 48 0 0
stand 3208 968 23 0 0
lay 3240 968 1 0 0
stand 3304 984 81 0 0
dom 3328 960 66 0 179
trop 3508 964 100 179 179
trop 3660 964 110 0 0
trop 3668 988 111 0 0
fre 228 1012 6 0 0
trop 300 1004 126 0 0
fre 612 1004 6 0 0
zabor 752 1008 105 2 8
stand 808 1000 65 0 0
fre 836 1004 6 0 0
zabor 880 1008 104 2 8
fre 948 1012 11 0 0
zabor 944 1008 112 2 9
fre 972 1020 13 0 0
fre 972 1012 13 0 0
zabor 976 1008 113 2 9
fre 1004 996 12 0 0
fre 996 1020 12 0 0
trop 1028 996 36 0 0
trop 1052 1012 36 0 0
zabor 1072 1008 25 0 8
fre 1148 1020 6 0 0
fre 1268 1012 7 0 0
zabor 1360 1008 27 0 8
fre 1556 1020 80 179 179
tree 1592 1000 57 0 0
fre 1788 1012 13 0 0
fre 1868 1004 13 0 0
tree 1896 1016 52 0 0
fre 1892 1020 14 0 0
fre 1900 1012 14 0 0
fre 1980 1004 13 0 0
fre 1980 996 13 0 0
fre 1964 1004 13 0 0
fre 1956 1012 13 0 0
dom 2048 992 51 0 0
trop 2140 996 104 0 0
trop 2348 1020 103 0 0
zabor 2384 1008 25 0 8
dom 2624 992 87 0 0
trop 2652 1004 104 0 0
trop 2668 996 101 0 0
trop 2732 996 101 0 0
trop 2796 996 101 0 0
trop 2860 996 101 0 0
trop 2924 996 101 0 0
trop 2932 1004 103 0 0
fre 2956 1004 11 0 0
fre 2980 996 13 0 0
fre 2980 1012 13 0 0
fre 3036 996 81 179 179
trop 3068 996 50 0 0
trop 3132 996 50 0 0
fre 3156 1012 6 0 0
fre 3228 996 6 0 0
stand 3352 1016 99 0 0
trop 3372 1012 104 179 179
trop 3452 1012 100 179 179
trop 3444 1020 100 179 179
trop 3500 1004 100 179 179
trop 3564 1012 100 179 179
trop 3636 1012 103 0 0
trop 3628 1004 101 0 0
stand 3656 1016 99 0 0
fre 172 1036 6 0 0
fre 212 1052 6 0 0
cliff 432 1040 47 179 179
fre 796 1052 7 0 0
zabor 784 1040 104 2 8
fre 860 1028 7 0 0
fre 892 1044 6 0 0
fre 868 1028 6 0 0
zabor 880 1040 112 2 9
fre 916 1036 7 0 0
fre 956 1036 13 0 0
stand 936 1048 65 0 0
fre 964 1028 12 0 0
fre 980 1028 13 0 0
fre 988 1044 13 0 0
fre 988 1036 13 0 0
tree 1000 1048 18 0 0
fre 1012 1036 13 0 0
zabor 1072 1040 27 0 8
zabor 1360 1040 30 0 8
zabor 1616 1040 29 0 8
zabor 1648 1040 25 0 8
stand 1672 1048 14 0 0
zabor 1680 1040 25 0 8
fre 1716 1052 12 0 0
zabor 1712 1040 26 0 8
fre 1732 1052 12 0 0
zabor 1744 1040 29 0 8
fre 1780 1044 13 0 0
zabor 1776 1040 29 0 8
tree 1816 1048 18 0 0
fre 1812 1052 13 0 0
fre 1796 1036 13 0 0
zabor 1808 1040 28 0 8
tree 1848 1048 28 0 0
zabor 1840 1040 26 0 8
zabor 1872 1040 28 0 8
fre 1900 1052 14 0 0
fre 1892 1028 14 0 0
fre 1948 1036 14 0 0
trop 1924 1036 36 0 0
tree 1960 1032 3 0 0
fre 1956 1052 12 0 0
trop 2196 1044 100 0 0
trop 2292 1044 100 0 0
trop 2276 1044 100 0 0
trop 2348 1052 103 0 0
zabor 2384 1040 28 0 8
stand 2424 1032 99 0 0
stand 2488 1048 81 0 0
stand 2488 1032 81 0 0
stand 2472 1032 81 0 0
stand 2504 1048 81 0 0
trop 2652 1044 104 0 0
fre 2940 1044 80 179 179
fre 2988 1028 13 0 0
tree 3032 1032 52 0 0
fre 3020 1044 11 0 0
fre 3020 1036 13 0 0
trop 3188 1036 48 0 0
trop 3516 1028 100 179 179
fre 164 1084 6 0 0
trop 500 1076 127 0 0
trop 508 1068 127 0 0
trop 588 1084 127 0 0
stand 712 1080 65 0 0
zabor 784 1072 105 2 8
stand 840 1064 66 0 0
zabor 880 1072 105 2 8
fre 988 1076 11 0 0
tree 1000 1064 29 0 0
fre 1012 1076 12 0 0
fre 996 1068 12 0 0
trop 1028 1084 36 0 0
zabor 1072 1072 33 0 9
fre 1236 1076 26 0 0
fre 1276 1076 27 0 0
fre 1276 1084 23 0 0
zabor 1360 1072 26 0 8
tree 1512 1080 21 0 0
stand 1624 1064 6 0 0
zabor 1616 1072 27 0 8
fre 1660 1060 11 0 0
fre 1716 1060 13 0 0
fre 1756 1068 13 0 0
fre 1732 1068 12 0 0
tree 1784 1080 17 0 0
fre 1788 1084 14 0 0
fre 1772 1060 14 0 0
fre 1812 1060 83 179 179
fre 1804 1060 13 0 0
fre 1796 1068 13 0 0
fre 1804 1068 13 0 0
fre 1820 1076 13 0 0
tree 1832 1080 29 0 0
tree 1848 1064 36 0 0
fre 1828 1084 12 0 0
fre 1836 1068 14 0 0
tree 1864 1064 40 0 0
zabor 1872 1072 27 0 8
fre 1892 1076 14 0 0
fre 1948 1084 12 0 0
fre 1972 1060 13 0 0
trop 2140 1060 104 0 0
trop 2244 1060 100 0 0
zabor 2384 1072 25 0 8
zabor 2416 1072 26 0 8
zabor 2448 1072 29 0 8
zabor 2480 1072 24 0 8
zabor 2512 1072 27 0 8
zabor 2544 1072 25 0 8
zabor 2576 1072 32 0 9
stand 2600 1080 44 0 0
zabor 2608 1072 25 0 8
trop 2652 1068 104 0 0
trop 2724 1068 100 0 0
trop 2788 1084 100 0 0
trop 2788 1076 100 0 0
trop 2852 1076 102 0 0
fre 2932 1076 82 179 179
trop 2932 1068 103 0 0
trop 2916 1076 102 0 0
tree 3000 1064 37 0 0
fre 2980 1060 13 0 0
fre 2988 1084 13 0 0
trop 3004 1068 36 0 0
fre 3028 1084 14 0 0
trop 3060 1076 48 0 0
fre 3092 1084 7 0 0
trop 3124 1084 48 0 0
dom 3264 1056 29 2 179
trop 3316 1076 109 0 0
trop 3372 1076 104 0 0
trop 3436 1084 100 0 0
trop 3500 1084 102 0 0
trop 3564 1084 102 0 0
trop 3628 1084 102 0 0
trop 3636 1076 103 0 0
dom 3680 1056 100 0 0
cliff 272 1104 2 179 179
cliff 336 1104 49 179 179
stand 664 1096 66 0 0
zabor 784 1104 104 2 8
stand 824 1112 104 0 0
fre 836 1116 6 0 0
fre 836 1092 7 0 0
fre 892 1108 6 0 0
fre 876 1100 6 0 0
zabor 880 1104 113 2 9
vor 916 1108 1 0 0
fre 980 1100 12 0 0
fre 972 1108 12 0 0
stand 984 1096 65 0 0
trop 1052 1100 36 0 0
zabor 1072 1104 25 0 8
fre 1196 1092 6 0 0
fre 1252 1100 6 0 0
zabor 1360 1104 26 0 8
tree 1416 1096 43 0 0
zabor 1616 1104 28 0 8
trop 1764 1108 109 0 0
fre 1820 1100 12 0 0
fre 1796 1092 14 0 0
fre 1812 1092 13 0 0
fre 1836 1092 13 0 0
zabor 1872 1104 29 0 8
trop 1924 1116 36 0 0
fre 1956 1116 12 0 0
trop 2196 1100 100 0 0
trop 2236 1092 100 0 0
trop 2268 1100 100 0 0
trop 2284 1100 100 0 0
trop 2348 1116 103 0 0
trop 2412 1092 109 0 0
trop 2428 1092 109 0 0
fre 2444 1116 14 0 0
trop 2484 1092 109 0 0
trop 2532 1092 109 0 0
stand 2568 1112 96 0 0
trop 2580 1092 109 0 0
stand 2600 1112 88 0 0
trop 2652 1116 104 0 0
fre 2956 1092 81 179 179
trop 2964 1092 111 0 0
trop 2956 1116 110 0 0
fre 2980 1100 11 0 0
fre 3036 1100 81 179 179
fre 3028 1108 14 0 0
fre 3020 1108 13 0 0
fre 3020 1116 13 0 0
trop 3188 1108 48 0 0
stand 3480 1112 89 0 0
stand 3512 1112 89 0 0
stand 3544 1112 89 0 0
stand 3592 1112 99 0 0
trop 3668 1100 111 0 0
fre 572 1132 12 0 0
vor 708 1124 0 0 0
zabor 784 1136 105 2 8
fre 844 1140 7 0 0
fre 908 1148 6 0 0
zabor 944 1136 113 2 9
fre 988 1140 11 0 0
fre 980 1140 13 0 0
fre 972 1140 13 0 0
fre 980 1132 13 0 0
fre 980 1124 13 0 0
zabor 976 1136 112 2 9
fre 1020 1148 80 179 179
tree 1000 1144 26 0 0
fre 996 1132 13 0 0
zabor 1072 1136 26 0 8
fre 1212 1124 7 0 0
zabor 1360 1136 29 0 8
fre 1460 1148 31 0 0
zabor 1616 1136 27 0 8
trop 1740 1132 111 0 0
trop 1796 1132 111 0 0
fre 1836 1124 13 0 0
fre 1844 1132 13 0 0
zabor 1872 1136 31 0 8
fre 1964 1140 82 179 179
tree 1960 1144 60 0 0
dom 2048 1120 51 0 0
trop 2140 1124 104 0 0
trop 2212 1132 100 0 0
trop 2268 1148 100 0 0
trop 2500 1124 111 0 0
fre 2588 1148 13 0 0
fre 2580 1132 13 0 0
fre 2596 1140 13 0 0
fre 2596 1124 13 0 0
trop 2724 1132 100 0 0
trop 2796 1140 103 0 0
stand 2904 1128 96 0 0
fre 2932 1132 26 0 0
fre 3004 1140 13 0 0
trop 2988 1124 29 0 0
fre 3020 1140 11 0 0
fre 3012 1140 13 0 0
fre 3020 1124 13 0 0
fre 3148 1124 27 0 0
fre 3156 1124 28 0 0
fre 3164 1140 26 0 0
stand 3256 1144 114 0 0
trop 3372 1140 104 0 0
trop 3444 1140 103 0 0
trop 3668 1124 110 0 0
cliff 272 1152 10 179 179
trop 364 1164 126 0 0
trop 380 1156 127 0 0
fre 436 1180 12 0 0
fre 452 1164 13 0 0
fre 532 1172 12 0 0
fre 524 1180 13 0 0
fre 572 1180 82 179 179
tree 568 1160 18 0 0
fre 572 1156 12 0 0
fre 556 1156 12 0 0
fre 556 1180 11 0 0
fre 612 1180 13 0 0
zabor 720 1168 113 2 9
zabor 784 1168 112 2 9
vor 828 1164 32 0 0
vor 860 1180 1 0 0
stand 872 1160 65 0 0
zabor 944 1168 104 2 8
fre 980 1172 13 0 0
fre 972 1164 13 0 0
fre 972 1156 13 0 0
trop 1028 1172 36 0 0
trop 1052 1180 36 0 0
zabor 1072 1168 30 0 8
fre 1196 1172 6 0 0
fre 1252 1164 8 0 0
zabor 1360 1168 24 0 8
zabor 1616 1168 29 0 8
dom 1664 1152 53 0 0
zabor 1872 1168 29 0 8
lay 1896 1160 1 0 0
trop 2212 1172 100 0 0
trop 2284 1156 100 0 0
trop 2348 1172 103 0 0
trop 2492 1180 111 0 0
stand 2616 1176 44 0 0
fre 2604 1156 12 0 0
trop 2652 1180 104 0 0
trop 2796 1156 103 0 0
stand 2872 1160 89 0 0
stand 2856 1160 89 0 0
stand 2904 1176 54 0 0
stand 2920 1160 46 0 0
stand 2952 1176 54 0 0
stand 2968 1176 54 0 0
stand 2984 1160 46 0 0
tree 3016 1160 36 0 0
fre 3028 1156 11 0 0
stand 3016 1176 54 0 0
trop 3060 1156 48 0 0
trop 3124 1164 48 0 0
trop 3188 1164 48 0 0
zabor 3216 1168 112 2 9
stand 3256 1176 99 0 0
trop 3268 1164 110 0 0
trop 3444 1156 103 0 0
stand 3576 1160 44 0 0
stand 3608 1160 131 0 179
fre 388 1212 12 0 0
fre 396 1212 12 0 0
fre 404 1212 13 0 0
tree 440 1208 49 0 0
fre 444 1196 12 0 0
fre 420 1188 13 0 0
fre 460 1196 13 0 0
fre 468 1196 13 0 0
fre 476 1188 13 0 0
fre 460 1212 11 0 0
fre 484 1204 11 0 0
fre 484 1196 11 0 0
fre 484 1188 11 0 0
fre 508 1204 11 0 0
fre 500 1196 13 0 0
fre 532 1212 11 0 0
fre 540 1196 11 0 0
fre 564 1212 13 0 0
fre 564 1188 13 0 0
fre 564 1204 13 0 0
fre 556 1204 13 0 0
fre 572 1196 11 0 0
fre 548 1188 11 0 0
fre 588 1204 11 0 0
fre 612 1196 13 0 0
zabor 720 1200 105 2 8
zabor 752 1200 113 2 9
zabor 784 1200 104 2 8
zabor 816 1200 104 2 8
fre 844 1204 6 0 0
zabor 944 1200 105 2 8
fre 980 1188 12 0 0
fre 988 1196 13 0 0
fre 1004 1212 82 179 179
tree 1000 1192 28 0 0
zabor 1072 1200 24 0 8
fre 1116 1196 26 0 0
fre 1124 1204 27 0 0
fre 1124 1212 23 0 0
fre 1212 1196 6 0 0
fre 1196 1196 6 0 0
fre 1252 1204 7 0 0
stand 1368 1208 6 0 0
zabor 1360 1200 24 0 8
tree 1464 1208 35 0 0
zabor 1616 1200 25 0 8
fre 1660 1188 11 0 0
fre 1660 1204 11 0 0
fre 1660 1212 11 0 0
fre 1644 1196 11 0 0
fre 1684 1204 11 0 0
fre 1676 1212 11 0 0
trop 1700 1212 112 0 0
stand 1752 1208 5 0 0
trop 1740 1188 111 0 0
dom 1824 1184 58 0 0
trop 2140 1188 104 0 0
trop 2212 1196 100 0 0
trop 2276 1212 100 0 0
dom 2432 1184 124 0 0
trop 2724 1196 100 0 0
trop 2796 1212 103 0 0
stand 2872 1208 89 0 0
trop 2940 1196 50 0 0
fre 2964 1204 23 0 0
fre 2972 1196 27 0 0
trop 3004 1204 50 0 0
fre 3228 1212 7 0 0
zabor 3216 1200 105 2 8
trop 3260 1188 111 0 0
trop 3292 1212 104 0 0
fre 3300 1188 82 179 179
trop 3308 1196 101 0 0
trop 3372 1212 100 0 0
trop 3380 1204 100 0 0
trop 3516 1188 73 0 0
trop 3540 1196 73 0 0
trop 3532 1196 73 0 0
trop 3524 1204 73 0 0
stand 3624 1192 103 0 0
fre 164 1220 7 0 0
cliff 272 1216 11 179 179
fre 340 1244 23 0 0
fre 380 1228 13 0 0
fre 412 1228 12 0 0
fre 500 1220 13 0 0
fre 516 1220 13 0 0
fre 564 1236 11 0 0
fre 556 1228 11 0 0
fre 596 1244 80 179 179
tree 584 1240 25 0 0
fre 580 1228 13 0 0
fre 628 1244 13 0 0
stand 680 1224 66 0 0
zabor 720 1232 104 2 8
vor 748 1244 1 0 0
stand 760 1224 65 0 0
zabor 816 1232 105 2 8
zabor 848 1232 105 2 8
stand 904 1240 66 0 0
zabor 944 1232 105 2 8
tree 968 1224 26 0 0
fre 980 1244 12 0 0
stand 984 1240 66 0 0
zabor 1072 1232 28 0 8
fre 1268 1244 20 0 0
fre 1276 1244 26 0 0
zabor 1360 1232 24 0 8
trop 1628 1236 112 0 0
trop 1636 1228 110 0 0
fre 1684 1236 81 179 179
fre 1724 1244 82 179 179
trop 1884 1228 110 0 0
trop 1892 1236 112 0 0
dom 2048 1216 54 0 0
trop 2196 1228 100 0 0
trop 2228 1244 100 0 0
trop 2348 1236 103 0 0
trop 2492 1228 111 0 0
dom 2560 1216 51 0 0
trop 2652 1228 104 0 0
stand 2856 1240 89 0 0
stand 2888 1224 89 0 0
stand 3016 1240 54 0 0
trop 3124 1244 48 0 0
trop 3188 1244 48 0 0
zabor 3216 1232 104 2 8
trop 3372 1228 100 0 0
trop 3444 1220 103 0 0
trop 3524 1228 73 0 0
fre 364 1252 20 0 0
fre 428 1276 12 0 0
fre 572 1268 11 0 0
fre 564 1260 11 0 0
fre 660 1260 6 0 0
zabor 720 1264 105 2 8
fre 740 1260 7 0 0
stand 776 1272 66 0 0
stand 824 1256 104 0 0
zabor 848 1264 104 2 8
vor 876 1252 9 0 0
fre 884 1268 6 0 0
zabor 944 1264 105 2 8
tree 1000 1272 3 0 0
trop 1028 1252 36 0 0
trop 1052 1252 36 0 0
zabor 1072 1264 30 0 8
fre 1180 1252 10 0 0
fre 1188 1276 6 0 0
fre 1268 1268 10 0 0
stand 1368 1272 6 0 0
zabor 1360 1264 26 0 8
dom 1600 1248 61 0 0
trop 1660 1276 104 0 0
trop 1676 1260 101 0 0
trop 1732 1260 101 0 0
trop 1796 1260 101 0 0
trop 1844 1260 101 0 0
trop 1860 1268 103 0 0
trop 2140 1252 104 0 0
trop 2188 1268 100 0 0
trop 2276 1268 100 0 0
trop 2412 1260 109 0 0
trop 2420 1260 109 0 0
trop 2484 1260 109 0 0
trop 2724 1260 100 0 0
trop 2796 1276 103 0 0
stand 2888 1272 88 0 0
trop 2932 1276 48 0 0
fre 2972 1252 26 0 0
trop 3060 1252 41 0 0
trop 3124 1276 48 0 0
stand 3160 1256 54 0 0
zabor 3216 1264 104 2 8
dom 3232 1248 39 0 179
trop 3292 1268 104 0 0
trop 3292 1276 104 0 0
trop 3308 1276 102 0 0
trop 3444 1276 103 0 0
trop 3524 1268 73 0 0
dom 3584 1248 103 0 0
fre 244 1292 6 0 0
fre 276 1300 6 0 0
stand 616 1304 65 0 0
zabor 720 1296 104 2 8
fre 764 1284 6 0 0
fre 820 1292 7 0 0
zabor 848 1296 112 2 9
fre 884 1284 6 0 0
zabor 912 1296 113 2 9
zabor 944 1296 105 2 8
zabor 1072 1296 32 0 9
zabor 1360 1296 26 0 8
trop 1860 1308 103 0 0
dom 1952 1280 124 0 0
trop 2188 1284 100 0 0
trop 2236 1300 100 0 0
trop 2348 1292 103 0 0
trop 2452 1292 111 0 0
stand 2472 1288 29 0 0
tree 2488 1304 5 0 0
zabor 2480 1296 65 1 8
tree 2520 1304 5 0 0
fre 2500 1308 13 0 0
zabor 2512 1296 64 1 8
zabor 2544 1296 65 1 8
trop 2652 1292 104 0 0
stand 2856 1304 89 0 0
stand 2888 1304 88 0 0
trop 3188 1300 48 0 0
zabor 3216 1296 104 2 8
stand 3256 1304 113 0 0
stand 3240 1288 113 0 0
trop 3260 1308 112 0 0
trop 3372 1284 100 0 0
trop 3516 1308 75 179 179
trop 3540 1292 73 0 0
trop 3532 1292 73 0 0
stand 3640 1304 102 0 179
fre 564 1324 6 0 0
fre 676 1324 6 0 0
zabor 720 1328 105 2 8
fre 748 1340 6 0 0
fre 756 1324 6 0 0
zabor 752 1328 104 2 8
vor 796 1316 0 0 0
zabor 848 1328 104 2 8
zabor 880 1328 105 2 8
zabor 912 1328 104 2 8
zabor 944 1328 112 2 9
trop 1052 1340 36 0 0
trop 1028 1332 36 0 0
zabor 1072 1328 25 0 8
fre 1076 1340 13 0 0
fre 1108 1340 14 0 0
zabor 1104 1328 31 0 8
zabor 1136 1328 31 0 8
zabor 1168 1328 28 0 8
stand 1192 1336 8 0 0
zabor 1200 1328 30 0 8
zabor 1232 1328 31 0 8
stand 1256 1336 14 0 0
zabor 1264 1328 25 0 8
zabor 1296 1328 28 0 8
zabor 1328 1328 27 0 8
zabor 1360 1328 35 0 9
stand 1624 1320 44 0 0
trop 1660 1324 104 0 0
trop 1724 1332 100 0 0
trop 1756 1332 100 0 0
trop 1788 1332 100 0 0
trop 2140 1316 104 0 0
trop 2196 1324 100 0 0
trop 2284 1324 100 0 0
dom 2400 1312 57 0 0
fre 2492 1316 11 0 0
fre 2492 1324 11 0 0
fre 2492 1332 11 0 0
zabor 2480 1328 64 1 8
fre 2508 1332 12 0 0
fre 2500 1332 13 0 0
zabor 2544 1328 66 1 8
dom 2560 1312 54 0 0
trop 2724 1324 100 0 0
trop 2796 1340 103 0 0
stand 2872 1336 96 0 0
stand 2888 1320 88 0 0
trop 3020 1332 40 0 0
zabor 3216 1328 105 2 8
stand 3240 1320 113 0 0
trop 3284 1316 109 0 0
stand 3320 1320 44 0 0
trop 3444 1340 103 0 0
fre 212 1356 7 0 0
fre 324 1372 7 0 0
fre 540 1364 6 0 0
cliff 512 1360 11 179 179
fre 564 1364 26 0 0
fre 692 1348 7 0 0
vor 724 1372 25 0 0
zabor 752 1360 105 2 8
fre 796 1364 6 0 0
zabor 784 1360 112 2 9
fre 820 1356 6 0 0
zabor 816 1360 104 2 8
zabor 848 1360 112 2 9
stand 1000 1352 114 0 0
fre 1084 1348 13 0 0
fre 1084 1356 13 0 0
fre 1084 1364 13 0 0
fre 1092 1348 13 0 0
fre 1116 1356 13 0 0
fre 1116 1364 14 0 0
tree 1112 1368 25 0 0
fre 1124 1364 14 0 0
fre 1156 1364 14 0 0
fre 1180 1364 14 0 0
tree 1160 1352 25 0 0
dom 1568 1344 54 0 0
trop 1716 1348 100 0 0
stand 1768 1352 72 0 179
trop 1860 1372 103 0 0
fre 1972 1364 13 0 0
fre 1972 1372 13 0 0
fre 1964 1372 13 0 0
dom 2080 1344 57 0 0
trop 2204 1356 100 0 0
trop 2244 1356 100 0 0
trop 2348 1356 103 0 0
trop 2436 1348 110 0 0
trop 2452 1348 111 0 0
tree 2488 1352 5 0 0
fre 2484 1372 11 0 0
fre 2484 1364 13 0 0
zabor 2480 1360 66 1 8
tree 2520 1368 5 0 0
fre 2516 1348 12 0 0
fre 2500 1348 11 0 0
fre 2516 1364 13 0 0
fre 2500 1364 13 0 0
fre 2516 1356 13 0 0
zabor 2544 1360 64 1 8
trop 2652 1356 104 0 0
stand 2856 1368 99 0 0
trop 2932 1356 48 0 0
fre 3092 1348 26 0 0
fre 3100 1364 27 0 0
fre 3100 1356 28 0 0
trop 3124 1348 48 0 0
trop 3188 1364 48 0 0
zabor 3216 1360 113 2 9
trop 3260 1348 74 0 0
trop 3300 1364 75 0 0
trop 3372 1348 104 0 0
trop 3444 1364 103 0 0
stand 3576 1352 44 0 0
zabor 3568 1360 28 0 8
zabor 3600 1360 27 0 8
zabor 3632 1360 26 0 8
zabor 3664 1360 26 0 8
zabor 3696 1360 28 0 8
zabor 3728 1360 27 0 8
fre 188 1396 6 0 0
fre 260 1380 6 0 0
dom 416 1376 40 0 0
stand 728 1400 65 0 0
fre 756 1396 6 0 0
vor 804 1404 1 0 0
fre 828 1380 7 0 0
stand 872 1384 65 0 0
trop 884 1404 30 0 0
trop 940 1388 35 0 0
trop 1004 1380 29 0 0
trop 1028 1388 35 0 0
trop 1116 1388 35 0 0
trop 1204 1388 35 0 0
trop 1300 1388 35 0 0
dom 1408 1376 40 0 0
trop 1660 1388 104 0 0
trop 1724 1396 100 0 0
trop 1756 1396 100 0 0
stand 1768 1384 80 0 179
trop 1812 1396 100 0 0
trop 2140 1380 104 0 0
trop 2212 1380 100 0 0
trop 2244 1388 100 0 0
trop 2284 1380 100 0 0
trop 2420 1396 109 0 0
trop 2452 1404 111 0 0
stand 2472 1384 29 0 0
tree 2488 1400 5 0 0
zabor 2480 1392 66 1 8
fre 2524 1396 12 0 0
fre 2516 1380 13 0 0
fre 2500 1380 13 0 0
zabor 2544 1392 66 1 8
stand 2616 1384 44 0 0
trop 2724 1388 100 0 0
trop 2796 1404 103 0 0
stand 2888 1400 99 0 0
fre 3028 1396 28 0 0
trop 3372 1404 104 0 0
trop 3500 1396 101 179 179
trop 3564 1396 101 179 179
stand 3576 1384 89 0 0
trop 3604 1396 101 179 179
dom 3584 1376 103 0 0
trop 3668 1396 101 179 179
stand 3656 1400 81 0 0
stand 3672 1384 81 0 0
trop 3708 1404 103 179 179
trop 3716 1396 101 179 179
fre 180 1436 6 0 0
fre 252 1412 6 0 0
fre 524 1420 6 0 0
fre 604 1428 28 0 0
fre 596 1428 26 0 0
fre 756 1412 7 0 0
zabor 784 1424 112 2 9
fre 804 1428 7 0 0
fre 836 1428 6 0 0
zabor 848 1424 113 2 9
trop 908 1428 30 0 0
trop 964 1420 35 0 0
trop 1052 1420 35 0 0
trop 1036 1412 29 0 0
trop 1132 1420 35 0 0
trop 1220 1420 35 0 0
trop 1292 1420 35 0 0
tree 1304 1432 36 0 0
trop 1348 1412 31 0 0
tree 1432 1432 36 0 0
fre 1436 1428 11 0 0
zabor 1424 1424 26 0 8
zabor 1456 1424 25 0 8
fre 1500 1436 13 0 0
zabor 1488 1424 25 0 8
zabor 1520 1424 31 0 8
zabor 1552 1424 29 0 8
trop 1860 1436 103 0 0
trop 2236 1428 100 0 0
trop 2292 1436 100 0 0
trop 2348 1412 103 0 0
fre 2492 1436 13 0 0
zabor 2480 1424 64 1 8
tree 2520 1432 5 0 0
fre 2508 1412 13 0 0
zabor 2544 1424 66 1 8
trop 2652 1412 104 0 0
stand 2840 1416 81 0 0
stand 2872 1432 81 0 0
trop 2932 1436 48 0 0
trop 2996 1428 48 0 0
trop 3188 1436 48 0 0
dom 3232 1408 13 0 0
trop 3308 1436 75 0 0
trop 3444 1420 103 0 0
trop 3500 1412 102 179 179
trop 3532 1412 102 179 179
trop 3596 1412 102 179 179
trop 3660 1412 102 179 179
trop 3716 1412 102 179 179
fre 268 1452 6 0 0
fre 268 1444 6 0 0
fre 308 1460 6 0 0
fre 540 1452 6 0 0
cliff 512 1456 10 179 179
fre 604 1460 27 0 0
fre 596 1460 26 0 0
stand 632 1448 66 0 0
stand 680 1464 65 0 0
zabor 720 1456 112 2 9
fre 740 1452 6 0 0
zabor 752 1456 113 2 9
zabor 784 1456 105 2 8
stand 840 1448 66 0 0
zabor 944 1456 35 0 9
zabor 976 1456 27 0 8
zabor 1008 1456 28 0 8
zabor 1040 1456 30 0 8
zabor 1072 1456 30 0 8
zabor 1104 1456 26 0 8
zabor 1136 1456 28 0 8
zabor 1168 1456 31 0 8
zabor 1200 1456 30 0 8
zabor 1232 1456 28 0 8
zabor 1264 1456 28 0 8
fre 1308 1468 13 0 0
fre 1292 1460 13 0 0
fre 1292 1452 13 0 0
trop 1348 1444 31 0 0
trop 1356 1452 32 0 0
trop 1380 1444 32 0 0
fre 1436 1444 11 0 0
zabor 1424 1456 24 0 8
stand 1464 1464 72 0 0
fre 1476 1444 13 0 0
dom 1568 1440 53 0 0
trop 1660 1452 104 0 0
trop 1732 1452 102 0 0
trop 1788 1452 102 0 0
trop 1844 1452 102 0 0
dom 1952 1440 124 0 0
trop 2140 1444 104 0 0
trop 2212 1444 100 0 0
trop 2348 1468 103 0 0
trop 2452 1452 111 0 0
tree 2488 1448 5 0 0
fre 2492 1468 13 0 0
zabor 2480 1456 65 1 8
fre 2516 1468 12 0 0
fre 2524 1460 13 0 0
fre 2508 1452 13 0 0
zabor 2544 1456 66 1 8
dom 2592 1440 61 0 0
trop 2724 1452 100 0 0
trop 2796 1468 103 0 0
stand 2888 1448 81 0 0
fre 3028 1452 26 0 0
trop 3124 1444 41 0 0
trop 3188 1468 48 0 0
trop 3372 1468 104 0 0
stand 3480 1464 89 0 0
stand 3464 1464 89 0 0
zabor 3568 1456 25 0 8
zabor 3600 1456 30 0 8
zabor 3632 1456 24 0 8
zabor 3664 1456 31 0 8
zabor 3696 1456 28 0 8
zabor 3728 1456 29 0 8
fre 532 1500 6 0 0
fre 684 1484 6 0 0
zabor 720 1488 104 2 8
fre 764 1484 6 0 0
fre 748 1500 6 0 0
zabor 784 1488 104 2 8
stand 840 1496 104 0 0
trop 884 1476 36 0 0
trop 908 1476 36 0 0
zabor 944 1488 29 0 8
fre 964 1484 30 0 0
fre 996 1492 6 0 0
zabor 1264 1488 34 0 9
fre 1276 1492 13 0 0
fre 1276 1476 13 0 0
fre 1308 1492 13 0 0
fre 1292 1476 13 0 0
fre 1300 1476 13 0 0
fre 1292 1492 13 0 0
fre 1292 1500 13 0 0
fre 1300 1500 13 0 0
tree 1320 1496 29 0 0
tree 1320 1480 60 0 0
trop 1372 1500 36 0 0
trop 1396 1500 36 0 0
fre 1436 1500 11 0 0
fre 1436 1492 11 0 0
zabor 1424 1488 29 0 8
fre 1452 1500 13 0 0
fre 1444 1484 13 0 0
trop 1604 1500 112 0 0
trop 1884 1492 110 0 0
trop 1892 1476 112 0 0
dom 2080 1472 61 0 0
trop 2204 1500 100 0 0
trop 2236 1492 100 0 0
trop 2284 1492 100 0 0
dom 2400 1472 57 0 0
trop 2452 1492 111 0 0
stand 2472 1480 29 0 0
tree 2488 1480 5 0 0
zabor 2480 1488 65 1 8
tree 2520 1480 5 0 0
fre 2500 1476 13 0 0
zabor 2512 1488 64 1 8
zabor 2544 1488 64 1 8
trop 2652 1476 104 0 0
stand 2872 1480 81 0 0
fre 2964 1476 6 0 0
fre 3156 1484 6 0 0
trop 3300 1476 75 0 0
trop 3444 1484 103 0 0
trop 3516 1476 75 179 179
trop 3524 1476 75 179 179
trop 3532 1476 75 179 179
fre 220 1516 27 0 0
fre 228 1532 6 0 0
fre 228 1516 26 0 0
fre 300 1508 6 0 0
cliff 464 1520 47 179 179
fre 548 1524 6 0 0
stand 632 1512 104 0 0
zabor 656 1520 104 2 8
fre 684 1516 7 0 0
zabor 688 1520 104 2 8
zabor 720 1520 113 2 9
fre 748 1516 6 0 0
stand 744 1528 112 0 0
zabor 784 1520 105 2 8
fre 812 1516 6 0 0
vor 844 1508 0 0 0
zabor 944 1520 29 0 8
zabor 1264 1520 24 0 8
fre 1276 1508 13 0 0
tree 1304 1528 40 0 0
fre 1316 1524 13 0 0
fre 1436 1508 11 0 0
zabor 1424 1520 26 0 8
tree 1448 1512 37 0 0
fre 1468 1508 13 0 0
trop 1540 1516 109 0 0
trop 1580 1532 112 0 0
trop 1596 1516 109 0 0
trop 1668 1516 77 0 0
fre 1916 1524 13 0 0
trop 1900 1516 111 0 0
trop 2140 1508 104 0 0
trop 2348 1532 103 0 0
trop 2436 1508 110 0 0
fre 2492 1516 30 0 0
trop 2732 1508 100 0 0
trop 2796 1532 103 0 0
stand 2856 1512 80 0 0
trop 2932 1508 48 0 0
trop 2996 1508 48 0 0
fre 3028 1516 6 0 0
stand 3096 1528 54 0 0
trop 3084 1524 40 0 0
dom 3264 1504 12 0 0
trop 3372 1532 104 0 0
stand 3448 1528 99 0 0
stand 3496 1528 89 0 0
stand 3576 1512 44 0 0
zabor 3568 1520 29 0 8
zabor 3600 1520 29 0 8
zabor 3632 1520 31 0 8
zabor 3664 1520 24 0 8
zabor 3696 1520 26 0 8
zabor 3728 1520 30 0 8
fre 244 1564 6 0 0
fre 268 1564 7 0 0
fre 260 1540 7 0 0
zabor 656 1552 105 2 8
vor 724 1540 0 0 0
fre 796 1548 7 0 0
zabor 784 1552 105 2 8
trop 884 1548 36 0 0
trop 908 1548 36 0 0
zabor 944 1552 30 0 8
zabor 1264 1552 24 0 8
fre 1300 1540 13 0 0
fre 1292 1556 14 0 0
tree 1304 1560 36 0 0
fre 1316 1548 14 0 0
tree 1320 1544 20 0 0
zabor 1424 1552 24 0 8
stand 1448 1560 14 0 0
zabor 1456 1552 28 0 8
stand 1496 1560 14 0 0
zabor 1488 1552 30 0 8
trop 1508 1540 111 0 0
fre 1604 1548 13 0 0
dom 1728 1536 50 0 0
dom 1824 1536 50 0 0
trop 1900 1556 111 0 0
tree 1928 1560 37 0 0
fre 1932 1556 12 0 0
fre 1964 1556 32 0 0
trop 2196 1556 100 0 0
trop 2228 1556 100 0 0
trop 2284 1548 100 0 0
trop 2652 1540 104 0 0
trop 2876 1548 31 0 0
fre 2868 1540 12 0 0
fre 2868 1564 12 0 0
fre 3020 1556 28 0 0
fre 3148 1540 8 0 0
trop 3188 1540 48 0 0
zabor 3216 1552 113 2 9
trop 3276 1564 110 0 0
trop 3268 1556 110 0 0
stand 3320 1544 44 0 0
trop 3444 1548 103 0 0
stand 3464 1560 81 0 0
trop 3500 1556 101 179 179
trop 3540 1556 101 179 179
stand 3576 1560 89 0 0
trop 3604 1556 101 179 179
trop 3668 1556 101 179 179
trop 3708 1564 103 179 179
trop 3708 1556 101 179 179
fre 172 1580 7 0 0
fre 212 1580 23 0 0
fre 212 1572 28 0 0
fre 268 1580 6 0 0
fre 300 1572 7 0 0
fre 300 1588 6 0 0
trop 508 1596 127 0 0
fre 524 1596 34 0 0
trop 524 1572 126 0 0
trop 556 1572 127 0 0
zabor 656 1584 104 2 8
fre 716 1572 7 0 0
stand 744 1576 65 0 0
vor 772 1596 9 0 0
zabor 784 1584 104 2 8
stand 824 1576 66 0 0
zabor 816 1584 112 2 9
zabor 944 1584 30 0 8
fre 1052 1572 28 0 0
fre 1116 1572 6 0 0
fre 1188 1572 3 0 0
zabor 1264 1584 28 0 8
fre 1300 1572 13 0 0
fre 1308 1572 13 0 0
fre 1332 1596 13 0 0
fre 1340 1572 14 0 0
trop 1372 1596 36 0 0
fre 1388 1588 12 0 0
trop 1404 1596 36 0 0
fre 1468 1572 11 0 0
fre 1460 1596 13 0 0
fre 1452 1580 13 0 0
fre 1444 1580 13 0 0
fre 1444 1572 13 0 0
trop 1508 1596 111 0 0
stand 1608 1576 44 0 0
trop 1900 1580 111 0 0
fre 1948 1572 13 0 0
fre 1932 1580 12 0 0
fre 1924 1580 12 0 0
fre 1924 1572 12 0 0
trop 2140 1572 104 0 0
trop 2348 1588 103 0 0
dom 2560 1568 59 0 0
trop 2652 1596 104 0 0
trop 2732 1572 100 0 0
trop 2796 1596 103 0 0
fre 2844 1572 13 0 0
fre 2868 1596 12 0 0
fre 2860 1572 12 0 0
fre 2876 1588 14 0 0
fre 2860 1596 13 0 0
fre 2860 1588 13 0 0
tree 2888 1592 29 0 0
stand 2968 1576 54 0 0
fre 3220 1596 9 0 0
zabor 3216 1584 104 2 8
stand 3240 1576 80 0 0
trop 3260 1580 111 0 0
trop 3316 1596 101 0 0
trop 3380 1596 100 0 0
stand 3480 1592 81 0 0
trop 3508 1572 102 179 179
stand 3496 1592 81 0 0
trop 3572 1572 102 179 179
trop 3636 1572 102 179 179
stand 3672 1576 81 0 0
trop 3700 1572 102 179 179
stand 3688 1576 81 0 0
fre 244 1604 20 0 0
cliff 416 1600 48 179 179
fre 620 1628 6 0 0
zabor 656 1616 105 2 8
fre 700 1612 7 0 0
stand 696 1608 66 0 0
zabor 816 1616 105 2 8
trop 884 1620 36 0 0
trop 908 1628 36 0 0
zabor 944 1616 31 0 8
fre 1044 1612 23 0 0
fre 1044 1620 19 0 0
zabor 1264 1616 30 0 8
fre 1284 1628 13 0 0
fre 1300 1628 13 0 0
fre 1324 1628 14 0 0
fre 1452 1620 12 0 0
fre 1460 1620 13 0 0
tree 1480 1608 29 0 0
fre 1484 1612 11 0 0
fre 1476 1612 13 0 0
fre 1476 1604 13 0 0
fre 1484 1604 13 0 0
dom 1568 1600 126 0 0
trop 1668 1604 76 0 0
trop 1748 1612 109 0 0
trop 1804 1612 109 0 0
trop 1868 1612 109 0 0
fre 1916 1628 12 0 0
trop 1924 1612 109 0 0
trop 1956 1612 110 0 0
dom 2048 1600 51 0 0
trop 2140 1628 104 0 0
trop 2204 1612 100 0 0
trop 2244 1604 100 0 0
trop 2276 1604 100 0 0
dom 2432 1600 60 0 0
trop 2724 1612 100 0 0
fre 2844 1628 14 0 0
fre 2876 1628 14 0 0
fre 2876 1604 14 0 0
fre 2868 1628 13 0 0
fre 2876 1612 13 0 0
fre 2860 1620 13 0 0
fre 2892 1604 81 179 179
trop 2988 1604 43 0 0
trop 3060 1620 48 0 0
stand 3160 1608 23 0 0
zabor 3216 1616 105 2 8
stand 3240 1624 88 0 0
trop 3292 1612 104 0 0
trop 3300 1604 100 0 0
trop 3444 1612 103 0 0
stand 3464 1624 99 0 0
stand 3480 1608 81 0 0
stand 3496 1624 81 0 0
zabor 3568 1616 27 0 8
zabor 3600 1616 29 0 8
zabor 3632 1616 28 0 8
zabor 3664 1616 25 0 8
zabor 3696 1616 26 0 8
zabor 3728 1616 29 0 8
fre 164 1636 7 0 0
fre 220 1652 27 0 0
zabor 656 1648 105 2 8
fre 692 1636 6 0 0
fre 708 1652 6 0 0
vor 748 1652 1 0 0
fre 780 1660 6 0 0
fre 772 1636 7 0 0
zabor 816 1648 105 2 8
zabor 944 1648 30 0 8
fre 1020 1660 6 0 0
fre 1036 1636 6 0 0
fre 1100 1660 1 0 0
fre 1124 1636 23 0 0
fre 1124 1644 22 0 0
fre 1124 1652 23 0 0
fre 1140 1652 27 0 0
fre 1132 1660 28 0 0
vor 1236 1652 41 0 0
zabor 1264 1648 24 0 8
fre 1308 1652 13 0 0
fre 1284 1636 14 0 0
fre 1316 1644 13 0 0
tree 1320 1656 20 0 0
fre 1468 1636 13 0 0
fre 1468 1644 13 0 0
fre 1476 1652 12 0 0
fre 1476 1644 13 0 0
trop 1508 1652 111 0 0
fre 1756 1644 13 0 0
fre 1780 1652 13 0 0
fre 1780 1660 12 0 0
fre 1764 1636 12 0 0
fre 1772 1636 12 0 0
trop 1820 1644 111 0 0
stand 1848 1640 21 0 0
tree 1848 1656 29 0 0
fre 1852 1660 13 0 0
zabor 1840 1648 66 1 8
fre 1860 1660 13 0 0
zabor 1872 1648 65 1 8
tree 1896 1656 29 0 0
fre 1916 1636 12 0 0
fre 1916 1660 12 0 0
fre 1900 1652 13 0 0
zabor 1904 1648 64 1 8
fre 1940 1660 13 0 0
zabor 1936 1648 66 1 8
stand 1960 1640 21 0 0
tree 1960 1656 29 0 0
trop 1972 1636 111 0 0
trop 1972 1660 111 0 0
zabor 1968 1648 65 1 8
trop 2236 1644 100 0 0
trop 2340 1660 100 0 0
trop 2660 1660 100 0 0
trop 2796 1660 103 0 0
fre 2844 1644 14 0 0
fre 2852 1652 12 0 0
fre 2876 1660 12 0 0
fre 2868 1644 14 0 0
fre 2868 1652 13 0 0
fre 2868 1636 13 0 0
fre 2884 1636 82 179 179
tree 2888 1640 29 0 0
fre 2900 1644 12 0 0
fre 2884 1652 14 0 0
fre 2884 1644 14 0 0
fre 3028 1636 26 0 0
fre 3028 1644 23 0 0
stand 3080 1640 23 0 0
trop 3180 1636 43 0 0
stand 3224 1640 96 0 0
stand 3224 1656 88 0 0
zabor 3216 1648 104 2 8
trop 3380 1652 100 0 0
trop 3532 1644 75 179 179
trop 3540 1660 75 179 179
fre 204 1676 26 0 0
fre 492 1684 6 0 0
fre 596 1684 6 0 0
fre 620 1668 6 0 0
stand 632 1688 112 0 0
zabor 656 1680 112 2 9
zabor 688 1680 105 2 8
vor 708 1692 0 0 0
fre 764 1676 6 0 0
stand 760 1688 65 0 0
zabor 784 1680 112 2 9
zabor 816 1680 104 2 8
zabor 848 1680 105 2 8
vor 892 1692 40 0 0
stand 952 1688 6 0 0
zabor 944 1680 24 0 8
vor 1164 1692 41 0 0
vor 1164 1676 41 0 0
vor 1212 1668 41 0 0
vor 1244 1692 41 0 0
vor 1228 1676 41 0 0
zabor 1264 1680 37 0 9
fre 1292 1692 13 0 0
tree 1304 1688 18 0 0
fre 1332 1676 14 0 0
trop 1372 1676 36 0 0
trop 1404 1684 36 0 0
fre 1468 1684 13 0 0
trop 1668 1668 77 0 0
fre 1852 1668 13 0 0
zabor 1840 1680 65 1 8
fre 1868 1668 12 0 0
fre 1884 1684 12 0 0
fre 1876 1684 12 0 0
fre 1868 1692 13 0 0
fre 1860 1692 13 0 0
fre 1900 1668 83 179 179
fre 1916 1684 12 0 0
fre 1908 1692 12 0 0
fre 1908 1676 12 0 0
fre 1916 1676 13 0 0
fre 1908 1668 13 0 0
fre 1900 1676 13 0 0
fre 1892 1668 13 0 0
fre 1924 1676 12 0 0
fre 1948 1676 13 0 0
fre 1924 1668 13 0 0
zabor 1968 1680 65 1 8
trop 2140 1668 104 0 0
trop 2196 1668 100 0 0
trop 2252 1676 100 0 0
trop 2292 1668 100 0 0
trop 2340 1668 100 0 0
trop 2420 1668 79 0 0
trop 2500 1668 78 0 0
trop 2556 1668 78 0 0
trop 2572 1668 78 0 0
trop 2588 1668 78 0 0
trop 2660 1668 100 0 0
trop 2724 1668 102 0 0
trop 2788 1668 102 0 0
fre 2828 1676 13 0 0
fre 2876 1684 14 0 0
fre 2860 1684 13 0 0
fre 2860 1692 13 0 0
fre 2868 1684 13 0 0
fre 2852 1676 13 0 0
fre 2892 1668 81 179 179
tree 2888 1688 29 0 0
fre 2892 1692 12 0 0
fre 2900 1684 13 0 0
trop 2940 1692 42 0 0
trop 3060 1684 48 0 0
zabor 3216 1680 105 2 8
stand 3240 1688 96 0 0
stand 3240 1672 96 0 0
trop 3252 1684 112 0 0
trop 3292 1668 104 0 0
trop 3316 1668 102 0 0
trop 3380 1676 100 0 0
trop 3444 1676 103 0 0
trop 3444 1684 103 0 0
stand 3480 1672 81 0 0
trop 3524 1668 73 0 0
fre 148 1716 6 0 0
fre 196 1708 6 0 0
fre 228 1708 28 0 0
cliff 432 1712 11 179 179
fre 588 1724 11 0 0
zabor 688 1712 105 2 8
fre 732 1724 7 0 0
stand 760 1720 66 0 0
zabor 784 1712 105 2 8
zabor 848 1712 104 2 8
trop 884 1700 36 0 0
trop 908 1716 36 0 0
vor 956 1724 40 0 0
zabor 944 1712 29 0 8
vor 972 1724 41 0 0
vor 1052 1724 40 0 0
vor 1028 1724 40 0 0
vor 1028 1708 41 0 0
vor 1068 1716 40 0 0
vor 1116 1700 40 0 0
vor 1092 1700 40 0 0
vor 1092 1716 41 0 0
fre 1164 1716 6 0 0
vor 1196 1700 41 0 0
vor 1188 1708 41 0 0
vor 1252 1724 41 0 0
zabor 1264 1712 34 0 9
fre 1300 1716 13 0 0
fre 1340 1716 14 0 0
fre 1484 1724 11 0 0
trop 1508 1716 111 0 0
trop 1508 1708 111 0 0
trop 1820 1700 111 0 0
tree 1848 1720 29 0 0
fre 1828 1724 13 0 0
zabor 1840 1712 65 1 8
fre 1876 1708 13 0 0
fre 1876 1724 13 0 0
fre 1868 1724 13 0 0
fre 1892 1716 13 0 0
fre 1908 1700 13 0 0
fre 1916 1724 13 0 0
fre 1940 1716 13 0 0
fre 1932 1708 13 0 0
fre 1932 1700 13 0 0
trop 1972 1724 111 0 0
zabor 1968 1712 64 1 8
trop 2348 1724 103 0 0
stand 2600 1720 44 0 0
fre 2844 1708 13 0 0
trop 2828 1700 112 0 0
trop 2828 1708 110 0 0
fre 2868 1708 13 0 0
fre 2852 1708 13 0 0
fre 2884 1724 13 0 0
fre 3036 1700 9 0 0
trop 3060 1724 48 0 0
fre 3092 1708 6 0 0
trop 3132 1724 42 0 0
zabor 3216 1712 104 2 8
trop 3260 1700 110 0 0
trop 3276 1700 110 0 0
stand 3336 1720 44 0 0
stand 3496 1720 88 0 0
trop 3524 1708 73 0 0
stand 3576 1704 44 0 0
fre 212 1748 6 0 0
tree 568 1736 25 0 0
fre 636 1756 6 0 0
zabor 688 1744 104 2 8
fre 724 1748 6 0 0
fre 716 1740 6 0 0
vor 764 1756 33 0 0
fre 780 1740 7 0 0
zabor 784 1744 104 2 8
fre 820 1748 6 0 0
vor 860 1756 9 0 0
zabor 848 1744 112 2 9
vor 916 1732 40 0 0
vor 932 1740 40 0 0
zabor 944 1744 38 0 9
vor 988 1732 41 0 0
vor 1012 1756 40 0 0
vor 1020 1732 41 0 0
vor 1036 1732 40 0 0
vor 1052 1756 40 0 0
vor 1028 1748 41 0 0
vor 1044 1748 41 0 0
vor 1036 1748 41 0 0
vor 1076 1748 41 0 0
vor 1060 1748 41 0 0
vor 1084 1732 41 0 0
vor 1108 1748 41 0 0
vor 1116 1732 41 0 0
vor 1100 1732 41 0 0
vor 1140 1740 40 0 0
vor 1132 1740 41 0 0
vor 1148 1740 41 0 0
vor 1148 1732 41 0 0
vor 1212 1732 25 0 0
stand 1208 1736 91 1 0
vor 1260 1748 41 0 0
zabor 1264 1744 30 0 8
fre 1292 1740 14 0 0
tree 1304 1752 18 0 0
trop 1372 1748 36 0 0
trop 1524 1740 110 0 0
dom 1600 1728 61 0 0
trop 1668 1756 76 0 0
dom 1728 1728 49 0 0
trop 1820 1732 111 0 0
stand 1848 1752 13 0 0
tree 1848 1736 29 0 0
trop 1852 1756 109 0 0
zabor 1840 1744 66 1 8
fre 1884 1740 13 0 0
fre 1860 1756 13 0 0
zabor 1872 1744 65 1 8
tree 1896 1736 29 0 0
fre 1900 1740 13 0 0
trop 1908 1756 109 0 0
zabor 1904 1744 64 1 8
zabor 1936 1744 64 1 8
stand 1960 1752 13 0 0
tree 1960 1736 29 0 0
trop 1956 1756 109 0 0
zabor 1968 1744 66 1 8
dom 2048 1728 51 0 0
trop 2140 1732 104 0 0
trop 2220 1732 100 0 0
trop 2276 1748 100 0 0
trop 2276 1732 100 0 0
stand 2296 1752 45 0 179
stand 2280 1752 53 0 179
trop 2660 1732 77 0 0
trop 2660 1756 77 0 0
stand 2904 1752 44 0 0
tree 2888 1736 29 0 0
fre 2956 1732 6 0 0
fre 2964 1740 6 0 0
fre 3084 1748 9 0 0
zabor 3216 1744 104 2 8
trop 3276 1756 75 0 0
trop 3276 1740 75 0 0
dom 3264 1728 27 0 0
trop 3372 1740 104 0 0
trop 3444 1748 103 0 0
stand 3480 1736 96 0 0
stand 3512 1736 96 0 0
stand 3528 1752 88 0 0
trop 3532 1732 73 0 0
fre 188 1780 6 0 0
fre 188 1772 6 0 0
fre 500 1788 13 0 0
tree 536 1784 29 0 0
fre 540 1764 12 0 0
fre 572 1764 82 179 179
tree 552 1784 25 0 0
fre 548 1764 12 0 0
stand 632 1768 65 0 0
fre 660 1764 6 0 0
zabor 688 1776 105 2 8
fre 724 1772 7 0 0
zabor 720 1776 104 2 8
fre 796 1780 6 0 0
zabor 784 1776 113 2 9
fre 820 1788 6 0 0
stand 840 1784 65 0 0
trop 884 1788 36 0 0
zabor 944 1776 26 0 8
vor 1060 1764 40 0 0
vor 1092 1764 40 0 0
fre 1092 1788 28 0 0
vor 1124 1772 40 0 0
vor 1148 1788 40 0 0
vor 1180 1772 41 0 0
fre 1156 1764 6 0 0
vor 1196 1788 41 0 0
vor 1244 1764 41 0 0
zabor 1264 1776 24 0 8
fre 1292 1788 13 0 0
fre 1300 1772 13 0 0
fre 1308 1772 13 0 0
fre 1284 1788 13 0 0
tree 1304 1768 49 0 0
tree 1352 1784 52 0 0
trop 1404 1764 36 0 0
trop 1540 1764 111 0 0
stand 1576 1784 80 0 0
stand 2120 1768 45 0 179
stand 2136 1784 65 0 179
zabor 2128 1776 105 2 8
stand 2152 1768 53 0 179
zabor 2160 1776 104 2 8
stand 2184 1768 45 0 179
zabor 2192 1776 105 2 8
trop 2220 1788 100 0 0
stand 2216 1784 45 0 179
zabor 2224 1776 105 2 8
stand 2232 1768 53 0 179
stand 2248 1768 45 0 179
zabor 2256 1776 104 2 8
stand 2280 1784 45 0 179
zabor 2288 1776 105 2 8
stand 2328 1768 45 0 179
stand 2328 1784 53 0 179
stand 2312 1784 65 0 179
zabor 2320 1776 105 2 8
trop 2348 1788 103 0 0
zabor 2352 1776 104 2 8
stand 2344 1768 53 0 179
stand 2376 1768 53 0 179
dom 2464 1760 123 0 0
dom 2560 1760 126 0 0
dom 2720 1760 57 0 0
trop 2772 1780 75 0 0
trop 2796 1764 75 0 0
trop 2932 1772 48 0 0
trop 2996 1764 48 0 0
fre 3100 1780 7 0 0
zabor 3216 1776 113 2 9
trop 3548 1780 73 0 0
trop 3532 1780 73 0 0
fre 412 1820 11 0 0
fre 436 1796 11 0 0
fre 428 1820 12 0 0
fre 452 1796 11 0 0
fre 468 1820 11 0 0
fre 500 1796 13 0 0
fre 484 1820 13 0 0
fre 508 1820 13 0 0
tree 520 1800 28 0 0
fre 532 1820 12 0 0
fre 516 1804 13 0 0
fre 548 1804 80 179 179
fre 652 1820 7 0 0
vor 676 1820 1 0 0
zabor 720 1808 113 2 9
zabor 784 1808 105 2 8
stand 840 1816 66 0 0
trop 908 1796 36 0 0
zabor 944 1808 25 0 8
vor 1020 1804 40 0 0
vor 1236 1804 41 0 0
zabor 1264 1808 29 0 8
fre 1300 1804 13 0 0
fre 1292 1796 13 0 0
fre 1292 1804 13 0 0
tree 1320 1800 20 0 0
trop 1372 1820 36 0 0
trop 1404 1820 36 0 0
trop 1516 1812 109 0 0
trop 1540 1820 111 0 0
trop 1612 1804 97 0 0
trop 1740 1820 99 0 0
trop 1780 1812 111 0 0
trop 2140 1796 104 0 0
stand 2152 1800 53 0 179
stand 2184 1800 53 0 179
stand 2200 1800 65 0 179
stand 2264 1800 65 0 179
trop 2276 1812 100 0 0
trop 2660 1796 77 0 0
trop 2804 1812 75 0 0
trop 2796 1812 75 0 0
dom 2848 1792 45 0 0
trop 3060 1804 48 0 0
trop 3124 1796 48 0 0
fre 3156 1804 28 0 0
fre 3156 1796 26 0 0
trop 3188 1804 48 0 0
trop 3308 1812 75 0 0
trop 3372 1804 104 0 0
trop 3444 1804 103 0 0
fre 196 1828 7 0 0
fre 372 1852 11 0 0
dom 352 1824 109 0 0
fre 428 1844 13 0 0
fre 428 1852 13 0 0
fre 476 1836 12 0 0
fre 476 1844 12 0 0
fre 468 1836 13 0 0
tree 504 1832 25 0 0
fre 484 1836 12 0 0
fre 508 1836 13 0 0
fre 508 1828 13 0 0
fre 532 1836 12 0 0
fre 540 1844 12 0 0
fre 516 1828 13 0 0
fre 516 1836 13 0 0
stand 600 1832 104 0 0
stand 744 1832 65 0 0
zabor 784 1840 104 2 8
fre 812 1852 6 0 0
fre 804 1852 6 0 0
fre 812 1836 6 0 0
stand 872 1848 114 0 0
fre 948 1852 13 0 0
zabor 944 1840 30 0 8
fre 964 1844 13 0 0
fre 980 1844 13 0 0
fre 988 1852 13 0 0
zabor 976 1840 29 0 8
fre 1012 1844 11 0 0
fre 1004 1852 11 0 0
zabor 1008 1840 26 0 8
fre 1028 1852 13 0 0
zabor 1040 1840 30 0 8
fre 1076 1852 13 0 0
fre 1068 1852 13 0 0
fre 1060 1852 13 0 0
zabor 1072 1840 33 0 9
fre 1092 1852 13 0 0
zabor 1104 1840 28 0 8
fre 1124 1852 11 0 0
zabor 1136 1840 24 0 8
stand 1176 1848 14 0 0
zabor 1168 1840 28 0 8
zabor 1200 1840 26 0 8
stand 1240 1848 14 0 0
zabor 1232 1840 26 0 8
zabor 1264 1840 26 0 8
tree 1288 1832 18 0 0
tree 1336 1832 28 0 0
tree 1320 1848 25 0 0
dom 1440 1824 5 0 179
trop 1540 1844 111 0 0
fre 1588 1828 82 179 179
fre 1620 1844 80 179 179
dom 1856 1824 52 0 0
dom 1952 1824 52 0 0
dom 2048 1824 48 0 0
trop 2220 1852 100 0 0
trop 2348 1852 103 0 0
dom 2432 1824 53 0 0
fre 2508 1852 13 0 0
fre 2500 1828 13 0 0
trop 2796 1836 75 0 0
trop 2932 1844 48 0 0
trop 2996 1836 48 0 0
stand 3160 1848 23 0 0
dom 3232 1824 13 0 0
trop 3516 1852 73 0 0
trop 3524 1836 73 0 0
tree 456 1864 60 0 0
stand 552 1864 14 0 0
stand 648 1864 66 0 0
zabor 784 1872 112 2 9
vor 836 1860 1 0 0
fre 1004 1860 11 0 0
fre 1028 1868 11 0 0
fre 1052 1860 13 0 0
fre 1060 1860 13 0 0
fre 1092 1860 13 0 0
fre 1292 1860 13 0 0
trop 1556 1868 96 0 0
fre 1596 1860 80 179 179
trop 1676 1860 106 0 0
trop 2140 1860 104 0 0
trop 2276 1876 100 0 0
trop 2476 1876 112 0 0
tree 2504 1864 37 0 0
fre 2524 1868 13 0 0
fre 2508 1860 13 0 0
fre 2516 1876 13 0 0
fre 2500 1868 13 0 0
fre 2532 1884 13 0 0
dom 2592 1856 47 0 0
trop 2660 1884 76 0 0
fre 2956 1876 26 0 0
fre 3028 1860 6 0 0
trop 3060 1884 48 0 0
fre 3092 1884 27 0 0
fre 3092 1876 26 0 0
trop 3124 1868 48 0 0
trop 3188 1876 48 0 0
trop 3372 1868 104 0 0
trop 3444 1868 103 0 0
trop 3548 1884 73 0 0
trop 3532 1868 73 0 0
trop 3532 1876 73 0 0
dom 3584 1856 103 0 0
stand 3832 1880 144 0 179
trop 1732 1916 107 0 0
trop 2156 1900 100 0 0
trop 2212 1916 100 0 0
trop 2348 1916 103 0 0
trop 2420 1900 109 0 0
trop 2484 1900 109 0 0
trop 2540 1916 109 0 0
trop 2588 1908 109 0 0
dom 2720 1888 57 0 0
trop 2788 1892 75 0 0
trop 2788 1916 75 0 0
dom 2848 1888 45 0 0
fre 2964 1900 23 0 0
trop 2996 1916 48 0 0
stand 3032 1912 54 0 0
fre 3148 1900 6 0 0
trop 3308 1908 75 0 0
stand 3688 1896 143 0 179
trop 108 1924 78 0 0
trop 188 1924 79 0 0
trop 260 1924 78 0 0
trop 340 1924 79 0 0
trop 420 1924 78 0 0
trop 492 1924 79 0 0
trop 572 1924 78 0 0
trop 652 1924 79 0 0
trop 732 1924 78 0 0
trop 812 1924 79 0 0
trop 892 1924 78 0 0
trop 964 1924 79 0 0
trop 1044 1924 78 0 0
trop 1124 1924 79 0 0
trop 1204 1924 78 0 0
trop 1276 1924 79 0 0
trop 1356 1924 78 0 0
trop 1436 1924 79 0 0
trop 1508 1924 78 0 0
trop 1596 1932 105 0 0
stand 1656 1928 120 0 0
trop 1836 1924 79 0 0
trop 1916 1924 78 0 0
trop 1996 1924 79 0 0
trop 2076 1924 78 0 0
trop 2148 1932 100 0 0
trop 2276 1932 100 0 0
fre 2476 1932 31 0 0
trop 2508 1924 111 0 0
stand 2616 1928 44 0 0
trop 2756 1932 75 0 0
trop 2932 1924 48 0 0
trop 3124 1948 48 0 0
fre 3156 1932 7 0 0
trop 3188 1948 48 0 0
dom 3232 1920 13 0 0
trop 3372 1932 104 0 0
trop 3444 1932 103 0 0
trop 3508 1948 73 0 0
trop 3548 1924 73 0 0
trop 3532 1924 73 0 0
trop 3532 1940 73 0 0
trop 3524 1948 73 0 0
fre 1404 1980 14 0 0
trop 1772 1980 94 0 0
trop 2212 1980 100 0 0
trop 2348 1980 103 0 0
trop 2508 1980 111 0 0
trop 2660 1956 77 0 0
trop 2788 1972 75 0 0
trop 2788 1956 73 0 0
zabor 2960 1968 24 0 8
trop 3004 1980 51 0 0
zabor 3024 1968 30 0 8
trop 3060 1956 48 0 0
zabor 3088 1968 26 0 8
stand 3160 1976 23 0 0
zabor 3152 1968 28 0 8
stand 184 2008 11 0 0
fre 260 2004 7 0 0
stand 312 2008 19 0 0
stand 424 2008 18 0 0
stand 568 2008 34 0 0
stand 696 2008 33 0 0
stand 712 1992 112 0 0
zabor 752 2000 113 2 9
fre 820 2012 7 0 0
stand 824 1992 40 0 0
fre 876 1996 12 0 0
stand 904 1992 114 0 0
stand 968 2008 48 0 0
stand 1096 2008 43 0 0
stand 1208 2008 42 0 0
dom 1248 1984 67 0 0
fre 1348 2004 29 0 0
fre 1436 2004 14 0 0
fre 1428 2012 14 0 0
fre 1420 1996 14 0 0
fre 1420 2004 14 0 0
fre 1444 2004 14 0 0
dom 1504 1984 27 0 0
trop 1580 2012 98 0 0
trop 1652 1988 108 0 0
trop 1900 2004 111 0 0
dom 1952 1984 55 0 0
stand 2088 1992 44 0 179
trop 2140 1996 104 0 0
trop 2276 1996 100 0 0
dom 2432 1984 124 0 0
dom 2592 1984 57 0 0
dom 2848 1984 45 0 0
stand 2920 2008 22 0 0
trop 2940 1988 51 0 0
zabor 2960 2000 25 0 8
stand 2984 2008 22 0 0
zabor 3024 2000 25 0 8
stand 3048 2008 22 0 0
trop 3068 1988 51 0 0
zabor 3088 2000 29 0 8
stand 3112 2008 22 0 0
trop 3132 1988 51 0 0
zabor 3152 2000 31 0 8
trop 3308 2004 75 0 0
trop 3372 1996 104 0 0
trop 3444 1996 103 0 0
stand 3576 1992 44 0 0
dom 3584 1984 103 0 0
fre 124 2020 13 0 0
fre 124 2028 13 0 0
fre 148 2044 13 0 0
fre 148 2028 13 0 0
fre 156 2036 13 0 0
fre 140 2020 13 0 0
tree 184 2040 28 0 0
tree 168 2040 36 0 0
fre 188 2020 13 0 0
fre 188 2028 13 0 0
fre 180 2028 13 0 0
fre 188 2044 13 0 0
fre 244 2020 6 0 0
tree 248 2040 49 0 0
fre 284 2036 7 0 0
fre 276 2036 6 0 0
fre 324 2036 6 0 0
fre 372 2036 6 0 0
zabor 624 2032 113 2 9
zabor 752 2032 105 2 8
fre 772 2036 11 0 0
vor 828 2044 0 0 0
fre 812 2028 6 0 0
stand 856 2040 66 0 0
fre 884 2044 13 0 0
fre 868 2036 13 0 0
trop 924 2036 36 0 0
trop 948 2044 36 0 0
zabor 1008 2032 25 0 8
zabor 1040 2032 24 0 8
zabor 1072 2032 27 0 8
zabor 1104 2032 30 0 8
zabor 1136 2032 31 0 8
zabor 1168 2032 29 0 8
zabor 1200 2032 25 0 8
zabor 1232 2032 26 0 8
zabor 1264 2032 24 0 8
zabor 1296 2032 25 0 8
zabor 1328 2032 37 0 9
stand 1368 2040 14 0 0
zabor 1360 2032 30 0 8
zabor 1392 2032 39 0 9
zabor 1424 2032 28 0 8
fre 1468 2020 14 0 0
zabor 1456 2032 26 0 8
fre 1476 2028 14 0 0
trop 1716 2036 95 0 0
fre 1772 2044 14 0 0
dom 1856 2016 123 0 0
dom 2016 2016 51 0 0
trop 2092 2028 110 0 0
trop 2212 2036 100 0 0
trop 2348 2044 103 0 0
trop 2508 2044 111 0 0
trop 2660 2044 76 0 0
stand 2888 2040 44 0 0
stand 2936 2040 113 0 0
zabor 2960 2032 31 0 8
zabor 3024 2032 29 0 8
zabor 3088 2032 31 0 8
zabor 3152 2032 27 0 8
trop 3188 2028 48 0 0
dom 3264 2016 12 0 0
fre 156 2076 11 0 0
fre 140 2052 11 0 0
tree 200 2056 12 0 0
fre 212 2060 13 0 0
tree 248 2056 9 0 0
fre 268 2076 81 179 179
fre 268 2052 11 0 0
zabor 624 2064 105 2 8
fre 668 2052 6 0 0
stand 664 2056 66 0 0
fre 692 2076 7 0 0
zabor 752 2064 105 2 8
zabor 784 2064 105 2 8
stand 824 2072 65 0 0
fre 892 2052 12 0 0
fre 892 2068 12 0 0
fre 884 2060 13 0 0
fre 884 2068 13 0 0
zabor 1008 2064 25 0 8
stand 1416 2072 113 0 0
zabor 1456 2064 29 0 8
tree 1496 2072 26 0 0
fre 1516 2076 13 0 0
trop 1532 2052 32 0 0
stand 1576 2056 114 0 0
fre 1796 2060 14 0 0
fre 1804 2068 14 0 0
fre 1820 2068 14 0 0
fre 1836 2060 13 0 0
fre 1868 2068 13 0 0
fre 1876 2076 13 0 0
fre 1860 2060 13 0 0
fre 1916 2076 13 0 0
trop 1900 2060 111 0 0
fre 1940 2068 14 0 0
fre 1932 2068 13 0 0
trop 1964 2068 111 0 0
fre 1988 2060 14 0 0
trop 2140 2060 104 0 0
trop 2212 2060 100 0 0
trop 2276 2060 100 0 0
dom 2784 2048 56 0 0
tree 2856 2072 36 0 0
zabor 2864 2064 25 0 8
stand 2904 2072 14 0 0
zabor 2896 2064 26 0 8
stand 2936 2072 116 0 0
zabor 2928 2064 26 0 8
zabor 2960 2064 28 0 8
zabor 2992 2064 28 0 8
stand 3016 2072 14 0 0
zabor 3024 2064 26 0 8
stand 3064 2072 14 0 0
zabor 3056 2064 27 0 8
zabor 3088 2064 29 0 8
stand 3128 2072 63 0 0
zabor 3120 2064 30 0 8
zabor 3152 2064 31 0 8
stand 3160 2072 31 0 0
stand 3144 2072 63 0 0
stand 3208 2072 39 0 0
stand 3320 2072 44 0 0
trop 3372 2060 104 0 0
trop 3436 2068 100 0 0
trop 3452 2076 100 0 0
trop 3508 2060 101 0 0
trop 3572 2060 101 0 0
stand 3592 2056 81 0 0
stand 3640 2072 81 0 0
stand 3624 2056 81 0 0
trop 3636 2060 101 0 0
trop 3692 2060 101 0 0
stand 3720 2056 99 0 0
stand 3752 2056 88 0 0
trop 3748 2060 101 0 0
stand 3784 2056 88 0 0
stand 3816 2072 89 0 0
trop 3812 2060 101 0 0
trop 3852 2060 101 0 0
stand 3880 2056 89 0 0
stand 3912 2072 89 0 0
trop 3916 2060 101 0 0
stand 3960 2072 81 0 0
stand 3960 2056 81 0 0
stand 3976 2072 81 0 0
trop 3972 2060 101 0 0
trop 4036 2060 101 0 0
tree 136 2088 3 0 0
fre 156 2092 11 0 0
fre 212 2108 82 179 179
fre 220 2084 11 0 0
tree 248 2104 12 0 0
fre 252 2108 13 0 0
fre 244 2092 13 0 0
fre 228 2100 11 0 0
fre 228 2108 11 0 0
fre 260 2092 13 0 0
lay 504 2088 1 0 0
stand 584 2104 104 0 0
zabor 624 2096 105 2 8
vor 748 2108 32 0 0
fre 740 2100 6 0 0
stand 760 2088 104 0 0
zabor 784 2096 105 2 8
zabor 816 2096 105 2 8
fre 884 2108 11 0 0
fre 884 2092 12 0 0
fre 868 2092 13 0 0
fre 884 2084 13 0 0
zabor 1008 2096 27 0 8
fre 1252 2108 27 0 0
zabor 1456 2096 24 0 8
tree 1496 2104 28 0 0
fre 1500 2092 14 0 0
fre 1484 2084 13 0 0
fre 1484 2108 13 0 0
fre 1524 2108 14 0 0
stand 1576 2088 6 0 0
trop 1644 2084 77 0 0
trop 1836 2100 109 0 0
trop 1884 2100 109 0 0
trop 1940 2100 109 0 0
trop 2220 2108 100 0 0
trop 2348 2108 103 0 0
dom 2400 2080 49 0 0
trop 2508 2092 111 0 0
dom 2560 2080 54 0 0
fre 2852 2092 82 179 179
stand 3624 2088 81 0 0
stand 3672 2088 81 0 0
stand 3720 2104 81 0 0
stand 3784 2104 99 0 0
stand 3864 2088 89 0 0
stand 3880 2088 89 0 0
trop 3900 2108 100 0 0
trop 3956 2108 100 0 0
trop 4004 2108 100 0 0
tree 136 2136 5 0 0
tree 152 2136 52 0 0
fre 212 2140 80 179 179
fre 252 2116 13 0 0
fre 252 2140 13 0 0
fre 244 2132 13 0 0
fre 260 2116 13 0 0
fre 268 2132 11 0 0
fre 268 2124 11 0 0
zabor 624 2128 105 2 8
zabor 656 2128 105 2 8
zabor 688 2128 105 2 8
vor 708 2124 9 0 0
vor 796 2140 1 0 0
fre 780 2140 6 0 0
zabor 816 2128 104 2 8
fre 860 2124 11 0 0
zabor 848 2128 105 2 8
tree 888 2136 17 0 0
fre 900 2132 12 0 0
trop 924 2116 36 0 0
trop 948 2124 36 0 0
zabor 1008 2128 24 0 8
fre 1076 2132 6 0 0
fre 1228 2132 3 0 0
fre 1276 2132 26 0 0
fre 1300 2124 28 0 0
fre 1340 2116 6 0 0
zabor 1456 2128 28 0 8
tree 1496 2120 40 0 0
fre 1484 2124 13 0 0
fre 1476 2132 13 0 0
fre 1476 2116 13 0 0
trop 1548 2116 36 0 0
trop 1812 2132 111 0 0
stand 1832 2136 29 0 0
tree 1848 2136 36 0 0
zabor 1840 2128 64 1 8
tree 1880 2136 36 0 0
fre 1884 2140 12 0 0
fre 1860 2140 13 0 0
zabor 1872 2128 65 1 8
tree 1912 2136 36 0 0
fre 1900 2140 13 0 0
fre 1900 2132 13 0 0
zabor 1904 2128 66 1 8
stand 1944 2120 37 0 0
zabor 1936 2128 66 1 8
trop 1964 2132 111 0 0
trop 2140 2124 104 0 0
trop 2212 2132 100 0 0
trop 2276 2116 100 0 0
trop 2508 2132 111 0 0
trop 2652 2124 104 0 0
trop 2724 2116 101 0 0
trop 2780 2116 101 0 0
fre 2796 2132 81 179 179
trop 2844 2116 101 0 0
fre 2884 2116 81 179 179
trop 2900 2116 101 0 0
trop 2964 2116 101 0 0
trop 3028 2116 101 0 0
trop 3092 2116 101 0 0
trop 3132 2116 101 0 0
trop 3196 2124 49 0 0
trop 3196 2140 49 0 0
trop 3252 2116 101 0 0
trop 3300 2116 101 0 0
trop 3316 2116 101 0 0
trop 3380 2124 100 0 0
trop 3436 2116 100 0 0
trop 3500 2116 100 0 0
trop 3532 2124 100 0 0
trop 3564 2116 100 0 0
trop 3604 2124 100 0 0
trop 3636 2132 100 0 0
trop 3668 2124 100 0 0
stand 3736 2120 81 0 0
trop 3724 2124 100 0 0
trop 3780 2116 100 0 0
trop 3804 2116 100 0 0
trop 3836 2116 100 0 0
zabor 3824 2128 25 0 8
zabor 3856 2128 24 0 8
zabor 3888 2128 25 0 8
zabor 3920 2128 27 0 8
trop 4028 2116 100 0 0
fre 228 2148 6 0 0
fre 236 2148 6 0 0
fre 316 2164 6 0 0
cliff 464 2144 11 179 179
fre 532 2172 6 0 0
fre 532 2148 26 0 0
fre 564 2148 6 0 0
fre 660 2172 6 0 0
stand 664 2168 65 0 0
fre 692 2156 7 0 0
zabor 688 2160 104 2 8
zabor 720 2160 112 2 9
fre 756 2148 7 0 0
fre 788 2164 6 0 0
fre 772 2172 6 0 0
fre 820 2164 6 0 0
zabor 848 2160 104 2 8
fre 876 2148 13 0 0
fre 868 2156 13 0 0
fre 868 2172 13 0 0
stand 888 2152 104 0 0
zabor 1008 2160 27 0 8
fre 1052 2172 6 0 0
fre 1140 2172 13 0 0
fre 1348 2164 6 0 0
zabor 1456 2160 29 0 8
tree 1496 2168 49 0 0
tree 1480 2168 28 0 0
fre 1476 2172 13 0 0
fre 1492 2156 13 0 0
tree 1528 2152 26 0 0
fre 1508 2148 14 0 0
fre 1508 2156 13 0 0
trop 1644 2172 76 0 0
dom 1760 2144 122 0 0
tree 1848 2168 36 0 0
fre 1852 2172 13 0 0
fre 1852 2148 13 0 0
zabor 1840 2160 66 1 8
fre 1868 2172 12 0 0
fre 1876 2156 12 0 0
fre 1868 2148 13 0 0
fre 1868 2156 13 0 0
tree 1912 2168 36 0 0
fre 1900 2172 12 0 0
fre 1892 2172 13 0 0
fre 1900 2164 13 0 0
fre 1908 2156 13 0 0
zabor 1936 2160 64 1 8
dom 2048 2144 57 0 0
trop 2212 2172 100 0 0
trop 2276 2172 100 0 0
trop 2348 2172 103 0 0
trop 2420 2164 109 0 0
trop 2460 2148 112 0 0
trop 2484 2164 109 0 0
trop 2964 2172 100 0 0
trop 3196 2172 49 0 0
trop 3196 2156 49 0 0
trop 3252 2164 100 0 0
trop 3444 2148 100 0 0
trop 3436 2172 100 0 0
trop 3500 2172 100 0 0
zabor 3504 2160 31 0 8
trop 3548 2164 100 0 0
trop 3716 2172 100 0 0
trop 3780 2164 100 0 0
trop 3844 2148 100 0 0
trop 3868 2172 100 0 0
trop 3900 2156 100 0 0
stand 3928 2152 6 0 0
zabor 3920 2160 24 0 8
trop 3956 2172 100 0 0
trop 3996 2164 100 0 0
trop 308 2204 127 0 0
trop 348 2188 127 0 0
fre 700 2196 7 0 0
zabor 720 2192 105 2 8
zabor 752 2192 104 2 8
stand 792 2184 65 0 0
fre 860 2204 13 0 0
zabor 848 2192 113 2 9
fre 868 2180 82 179 179
tree 888 2184 60 0 0
fre 892 2204 13 0 0
trop 924 2204 36 0 0
zabor 1008 2192 24 0 8
fre 1140 2188 13 0 0
fre 1180 2196 12 0 0
fre 1172 2188 12 0 0
fre 1180 2180 12 0 0
fre 1156 2196 13 0 0
fre 1156 2188 13 0 0
fre 1204 2204 12 0 0
fre 1204 2180 13 0 0
fre 1212 2196 13 0 0
fre 1204 2196 13 0 0
tree 1224 2200 50 0 0
fre 1236 2204 14 0 0
fre 1228 2180 13 0 0
fre 1252 2204 14 0 0
fre 1340 2180 6 0 0
zabor 1456 2192 24 0 8
fre 1492 2188 13 0 0
fre 1500 2196 13 0 0
fre 1492 2196 13 0 0
fre 1500 2204 13 0 0
fre 1484 2188 13 0 0
fre 1484 2196 13 0 0
fre 1500 2180 13 0 0
tree 1512 2184 3 0 0
fre 1508 2188 13 0 0
trop 1548 2188 36 0 0
fre 1764 2188 13 0 0
trop 1812 2196 111 0 0
fre 1852 2204 13 0 0
zabor 1840 2192 65 1 8
fre 1860 2204 13 0 0
fre 1860 2188 13 0 0
fre 1884 2188 13 0 0
fre 1868 2196 13 0 0
fre 1860 2196 13 0 0
fre 1900 2196 83 179 179
fre 1916 2188 12 0 0
fre 1908 2196 13 0 0
zabor 1936 2192 66 1 8
trop 1964 2188 111 0 0
fre 1988 2188 14 0 0
fre 2004 2188 30 0 0
trop 2092 2180 110 0 0
trop 2140 2188 104 0 0
trop 2652 2180 104 0 0
trop 2724 2188 100 0 0
trop 2780 2188 100 0 0
trop 2844 2180 100 0 0
trop 2900 2180 100 0 0
trop 3020 2180 100 0 0
trop 3036 2180 100 0 0
trop 3100 2196 100 0 0
trop 3116 2196 100 0 0
trop 3132 2188 100 0 0
trop 3196 2188 49 0 0
trop 3196 2204 49 0 0
trop 3316 2188 100 0 0
trop 3380 2188 100 0 0
zabor 3504 2192 25 0 8
trop 3612 2180 100 0 0
dom 3616 2176 107 0 0
trop 3676 2188 100 0 0
trop 3780 2188 100 0 0
dom 3808 2176 107 0 0
trop 3836 2196 100 0 0
stand 3928 2200 6 0 0
zabor 3920 2192 30 0 8
trop 3988 2196 100 0 0
trop 4028 2180 100 0 0
fre 156 2212 28 0 0
fre 180 2236 7 0 0
trop 332 2228 127 0 0
trop 540 2236 127 0 0
trop 580 2236 127 0 0
stand 632 2216 66 0 0
fre 676 2228 6 0 0
vor 708 2220 0 0 0
fre 740 2236 7 0 0
zabor 752 2224 104 2 8
fre 804 2212 6 0 0
zabor 848 2224 105 2 8
fre 876 2228 11 0 0
fre 892 2220 13 0 0
fre 916 2236 81 179 179
tree 904 2216 25 0 0
fre 900 2228 12 0 0
trop 948 2212 36 0 0
zabor 1008 2224 24 0 8
fre 1164 2228 11 0 0
fre 1172 2220 13 0 0
fre 1156 2212 13 0 0
tree 1208 2232 51 0 0
tree 1192 2216 58 0 0
fre 1196 2236 13 0 0
fre 1196 2212 13 0 0
fre 1188 2212 13 0 0
fre 1220 2228 14 0 0
fre 1220 2220 12 0 0
fre 1228 2220 12 0 0
fre 1268 2236 28 0 0
fre 1268 2228 14 0 0
fre 1260 2236 12 0 0
fre 1252 2228 12 0 0
fre 1316 2228 6 0 0
zabor 1456 2224 28 0 8
fre 1476 2236 14 0 0
fre 1492 2220 13 0 0
fre 1532 2236 14 0 0
fre 1516 2220 14 0 0
fre 1508 2236 14 0 0
stand 1576 2232 81 0 0
dom 1696 2208 48 0 0
tree 1848 2216 36 0 0
zabor 1840 2224 64 1 8
fre 1860 2236 13 0 0
fre 1868 2220 13 0 0
tree 1912 2216 36 0 0
fre 1908 2220 12 0 0
fre 1908 2228 12 0 0
fre 1900 2212 13 0 0
zabor 1936 2224 65 1 8
trop 2204 2228 100 0 0
trop 2252 2236 100 0 0
trop 2276 2236 100 0 0
trop 2348 2236 103 0 0
dom 2432 2208 55 0 0
dom 2560 2208 59 0 0
trop 2724 2236 100 0 0
trop 2900 2220 100 0 0
trop 2956 2212 100 0 0
trop 3012 2228 100 0 0
trop 3036 2228 100 0 0
trop 3196 2220 49 0 0
trop 3196 2236 49 0 0
trop 3252 2220 100 0 0
trop 3316 2236 100 0 0
trop 3436 2228 100 0 0
trop 3476 2228 100 0 0
zabor 3504 2224 24 0 8
trop 3548 2220 100 0 0
trop 3524 2220 100 0 0
trop 3612 2220 100 0 0
trop 3676 2220 100 0 0
trop 3724 2228 100 0 0
trop 3724 2236 100 0 0
trop 3780 2220 100 0 0
fre 3828 2220 82 179 179
trop 3892 2212 100 0 0
zabor 3920 2224 30 0 8
trop 3948 2212 100 0 0
trop 3980 2236 100 0 0
trop 4044 2220 100 0 0
fre 148 2260 20 0 0
cliff 432 2256 48 179 179
trop 572 2244 127 0 0
zabor 656 2256 112 2 9
stand 696 2264 66 0 0
zabor 752 2256 113 2 9
stand 776 2264 112 0 0
zabor 784 2256 113 2 9
zabor 816 2256 105 2 8
zabor 848 2256 105 2 8
fre 868 2260 11 0 0
fre 884 2244 12 0 0
fre 972 2252 6 0 0
zabor 1008 2256 28 0 8
fre 1084 2268 27 0 0
fre 1092 2244 6 0 0
fre 1180 2244 11 0 0
fre 1156 2244 11 0 0
fre 1188 2244 11 0 0
fre 1212 2268 12 0 0
fre 1196 2260 13 0 0
tree 1240 2248 21 0 0
fre 1228 2252 13 0 0
zabor 1456 2256 24 0 8
fre 1492 2260 13 0 0
fre 1476 2260 13 0 0
fre 1500 2268 13 0 0
fre 1492 2244 13 0 0
tree 1512 2248 26 0 0
fre 1508 2268 13 0 0
fre 1524 2260 13 0 0
fre 1516 2252 13 0 0
trop 1564 2252 34 0 0
trop 1644 2244 77 0 0
trop 1708 2268 112 0 0
trop 1812 2252 111 0 0
tree 1848 2264 36 0 0
fre 1852 2244 12 0 0
zabor 1840 2256 64 1 8
fre 1868 2268 13 0 0
fre 1860 2252 13 0 0
fre 1884 2252 13 0 0
tree 1912 2264 36 0 0
fre 1908 2244 13 0 0
zabor 1936 2256 64 1 8
trop 1964 2244 111 0 0
fre 1988 2260 13 0 0
trop 2140 2252 104 0 0
stand 2392 2264 5 0 0
trop 2652 2244 104 0 0
trop 2780 2244 100 0 0
trop 2844 2244 100 0 0
trop 2900 2260 100 0 0
trop 2948 2260 100 0 0
trop 3076 2260 100 0 0
trop 3132 2260 100 0 0
trop 3196 2268 49 0 0
trop 3196 2252 49 0 0
trop 3380 2244 100 0 0
trop 3484 2244 100 0 0
stand 3512 2264 5 0 0
trop 3492 2268 100 0 0
zabor 3504 2256 28 0 8
trop 3548 2260 100 0 0
trop 3548 2268 100 0 0
zabor 3536 2256 24 0 8
zabor 3568 2256 27 0 8
zabor 3600 2256 30 0 8
trop 3620 2244 100 0 0
zabor 3632 2256 27 0 8
stand 3656 2264 5 0 0
zabor 3664 2256 30 0 8
trop 3700 2252 100 0 0
stand 3768 2264 5 0 0
trop 3748 2268 100 0 0
zabor 3760 2256 30 0 8
zabor 3792 2256 27 0 8
trop 3836 2244 100 0 0
zabor 3824 2256 24 0 8
stand 3864 2264 14 0 0
zabor 3856 2256 25 0 8
trop 3884 2244 100 0 0
zabor 3888 2256 28 0 8
stand 3912 2264 5 0 0
zabor 3920 2256 31 0 8
trop 3932 2268 100 0 0
trop 3916 2268 100 0 0
trop 4004 2260 100 0 0
trop 4004 2252 100 0 0
trop 4028 2244 100 0 0
trop 4028 2260 100 0 0
fre 220 2300 23 0 0
fre 220 2284 26 0 0
trop 300 2300 127 0 0
zabor 656 2288 104 2 8
fre 724 2292 6 0 0
zabor 752 2288 113 2 9
fre 772 2300 7 0 0
vor 812 2284 9 0 0
tree 888 2280 60 0 0
stand 888 2280 66 0 0
tree 904 2296 18 0 0
trop 924 2284 36 0 0
trop 948 2292 36 0 0
zabor 1008 2288 31 0 8
fre 1084 2276 28 0 0
fre 1076 2276 26 0 0
fre 1124 2292 4 0 0
fre 1236 2276 13 0 0
fre 1348 2284 0 0 0
zabor 1456 2288 33 0 9
fre 1476 2292 14 0 0
fre 1500 2284 13 0 0
tree 1512 2296 29 0 0
fre 1524 2284 13 0 0
fre 1508 2292 13 0 0
fre 1556 2300 13 0 0
trop 1580 2300 32 0 0
trop 1724 2284 109 0 0
trop 1780 2284 109 0 0
stand 1832 2296 29 0 0
fre 1852 2276 13 0 0
fre 1844 2292 13 0 0
zabor 1840 2288 64 1 8
fre 1868 2284 12 0 0
fre 1884 2276 12 0 0
fre 1868 2300 13 0 0
fre 1884 2292 13 0 0
fre 1892 2300 13 0 0
fre 1908 2284 13 0 0
fre 1900 2300 13 0 0
fre 1892 2276 13 0 0
stand 1944 2296 37 0 0
zabor 1936 2288 64 1 8
fre 1996 2276 14 0 0
fre 2012 2300 14 0 0
fre 2004 2292 14 0 0
fre 1988 2284 14 0 0
dom 2080 2272 61 0 0
trop 2196 2276 100 0 0
trop 2260 2276 100 0 0
trop 2292 2284 100 0 0
trop 2412 2300 101 0 0
trop 2476 2300 101 0 0
trop 2540 2300 101 0 0
trop 2596 2300 101 0 0
trop 2732 2292 100 0 0
trop 2780 2300 100 0 0
trop 2836 2292 100 0 0
trop 2892 2292 100 0 0
trop 2996 2284 100 0 0
trop 3036 2276 100 0 0
trop 3100 2284 100 0 0
trop 3132 2292 100 0 0
trop 3196 2284 49 0 0
trop 3196 2300 49 0 0
trop 3252 2284 100 0 0
trop 3316 2284 100 0 0
trop 3380 2300 100 0 0
trop 3436 2276 100 0 0
trop 3588 2292 100 0 0
trop 3612 2300 100 0 0
trop 3668 2292 100 0 0
trop 3708 2276 100 0 0
trop 3764 2292 100 0 0
trop 3780 2284 100 0 0
trop 3836 2292 100 0 0
trop 3900 2300 100 0 0
trop 3948 2276 100 0 0
fre 156 2316 6 0 0
fre 244 2308 28 0 0
fre 236 2316 27 0 0
fre 308 2316 6 0 0
zabor 656 2320 104 2 8
zabor 752 2320 105 2 8
stand 840 2312 65 0 0
zabor 880 2320 112 2 9
zabor 1008 2320 29 0 8
fre 1212 2324 6 0 0
fre 1468 2316 14 0 0
zabor 1456 2320 24 0 8
fre 1476 2308 14 0 0
fre 1484 2316 14 0 0
fre 1492 2332 14 0 0
trop 1644 2332 76 0 0
fre 1780 2324 31 0 0
trop 1812 2308 111 0 0
tree 1848 2312 36 0 0
zabor 1840 2320 66 1 8
fre 1868 2324 12 0 0
fre 1868 2308 12 0 0
fre 1860 2316 13 0 0
fre 1884 2308 13 0 0
tree 1912 2312 36 0 0
fre 1892 2332 13 0 0
fre 1908 2332 13 0 0
fre 1892 2308 13 0 0
zabor 1936 2320 64 1 8
trop 1964 2308 111 0 0
fre 2020 2308 13 0 0
trop 2140 2316 104 0 0
trop 2212 2324 100 0 0
trop 2332 2332 100 0 0
trop 2340 2308 100 0 0
trop 2372 2316 100 0 0
trop 2660 2316 100 0 0
trop 2668 2308 100 0 0
trop 2884 2332 100 0 0
trop 2948 2324 100 0 0
trop 3004 2332 100 0 0
trop 3044 2308 100 0 0
trop 3196 2316 49 0 0
trop 3196 2332 49 0 0
trop 3316 2332 100 0 0
trop 3436 2332 100 0 0
trop 3492 2308 100 0 0
trop 3548 2332 100 0 0
trop 3556 2308 100 0 0
trop 3612 2316 100 0 0
trop 3708 2332 100 0 0
trop 3716 2332 100 0 0
trop 3780 2332 100 0 0
trop 3988 2316 100 0 0
trop 4012 2324 100 0 0
fre 188 2348 6 0 0
fre 252 2348 6 0 0
fre 260 2364 6 0 0
cliff 400 2352 47 179 179
trop 540 2356 127 0 0
zabor 656 2352 104 2 8
stand 696 2344 65 0 0
zabor 752 2352 104 2 8
vor 788 2348 0 0 0
stand 824 2360 66 0 0
zabor 880 2352 105 2 8
trop 924 2364 36 0 0
fre 964 2340 31 0 0
fre 972 2348 6 0 0
zabor 1008 2352 30 0 8
fre 1332 2364 3 0 0
zabor 1456 2352 25 0 8
tree 1848 2360 36 0 0
fre 1844 2364 12 0 0
zabor 1840 2352 65 1 8
fre 1868 2348 12 0 0
fre 1876 2348 13 0 0
fre 1860 2348 13 0 0
fre 1876 2356 13 0 0
tree 1912 2360 36 0 0
fre 1892 2340 12 0 0
fre 1916 2356 13 0 0
fre 1908 2340 13 0 0
zabor 1936 2352 66 1 8
trop 1964 2348 111 0 0
stand 2104 2344 44 0 0
trop 2204 2356 100 0 0
trop 2276 2348 100 0 0
trop 2724 2348 100 0 0
trop 2780 2348 100 0 0
trop 2828 2348 100 0 0
trop 3044 2348 100 0 0
trop 3076 2340 100 0 0
trop 3124 2340 100 0 0
trop 3132 2340 100 0 0
trop 3196 2364 49 0 0
trop 3196 2348 49 0 0
trop 3252 2340 100 0 0
trop 3380 2348 100 0 0
trop 3484 2356 100 0 0
trop 3532 2364 100 0 0
trop 3556 2348 100 0 0
trop 3580 2348 100 0 0
trop 3620 2364 100 0 0
trop 3676 2348 100 0 0
trop 3756 2364 100 0 0
trop 3844 2348 100 0 0
trop 3868 2356 100 0 0
trop 3932 2340 100 0 0
trop 3964 2348 100 0 0
trop 4004 2364 100 0 0
fre 156 2388 7 0 0
fre 172 2372 6 0 0
fre 244 2388 7 0 0
fre 332 2388 6 0 0
trop 452 2396 127 0 0
trop 500 2396 127 0 0
trop 564 2372 127 0 0
zabor 624 2384 112 2 9
fre 660 2380 6 0 0
zabor 656 2384 104 2 8
fre 724 2372 7 0 0
zabor 752 2384 104 2 8
fre 780 2372 6 0 0
fre 796 2372 7 0 0
zabor 816 2384 113 2 9
vor 852 2380 1 0 0
zabor 880 2384 112 2 9
trop 948 2372 36 0 0
zabor 1008 2384 30 0 8
fre 1236 2396 7 0 0
zabor 1456 2384 27 0 8
dom 1568 2368 10 0 0
dom 1728 2368 54 0 0
trop 1812 2372 111 0 0
fre 1852 2380 13 0 0
fre 1844 2372 13 0 0
zabor 1840 2384 65 1 8
fre 1884 2372 12 0 0
fre 1884 2380 12 0 0
fre 1876 2396 13 0 0
fre 1868 2396 13 0 0
fre 1908 2396 13 0 0
fre 1892 2388 13 0 0
fre 1892 2372 13 0 0
fre 1908 2372 13 0 0
zabor 1936 2384 64 1 8
dom 2016 2368 49 0 0
trop 2140 2380 104 0 0
trop 2252 2372 100 0 0
trop 2276 2396 100 0 0
trop 2348 2380 100 0 0
trop 2340 2380 100 0 0
trop 2412 2380 100 0 0
trop 2476 2380 100 0 0
trop 2540 2380 100 0 0
trop 2588 2372 100 0 0
trop 2604 2372 100 0 0
trop 2660 2372 100 0 0
trop 2780 2380 100 0 0
trop 2868 2372 100 0 0
trop 2900 2380 100 0 0
trop 2956 2372 100 0 0
trop 3004 2388 100 0 0
trop 3196 2380 49 0 0
trop 3196 2396 49 0 0
trop 3252 2396 100 0 0
trop 3316 2396 100 0 0
trop 3372 2396 100 0 0
trop 3436 2396 100 0 0
trop 3484 2396 100 0 0
trop 3540 2396 100 0 0
trop 3636 2388 100 0 0
trop 3684 2388 100 0 0
trop 3748 2396 100 0 0
trop 3780 2372 100 0 0
trop 3852 2396 100 0 0
trop 3956 2396 100 0 0
fre 156 2428 6 0 0
stand 632 2408 66 0 0
fre 700 2404 6 0 0
fre 692 2420 6 0 0
fre 700 2428 6 0 0
vor 724 2404 0 0 0
zabor 752 2416 112 2 9
fre 772 2412 7 0 0
fre 836 2404 6 0 0
zabor 880 2416 105 2 8
trop 940 2428 34 0 0
trop 964 2428 34 0 0
zabor 1008 2416 37 0 9
zabor 1456 2416 24 0 8
trop 1644 2404 77 0 0
trop 1788 2404 109 0 0
tree 1848 2408 36 0 0
fre 1852 2412 13 0 0
fre 1852 2404 13 0 0
zabor 1840 2416 66 1 8
fre 1860 2420 13 0 0
tree 1912 2408 36 0 0
fre 1916 2412 13 0 0
fre 1916 2404 13 0 0
fre 1892 2420 13 0 0
fre 1892 2428 13 0 0
zabor 1936 2416 64 1 8
trop 1964 2404 111 0 0
trop 2196 2412 100 0 0
trop 2236 2404 100 0 0
trop 2660 2420 100 0 0
trop 2700 2404 100 0 0
trop 2732 2412 100 0 0
trop 2796 2420 100 0 0
trop 2844 2412 100 0 0
trop 2900 2420 100 0 0
trop 2956 2412 100 0 0
trop 3044 2412 100 0 0
trop 3100 2404 100 0 0
trop 3132 2404 100 0 0
trop 3196 2412 49 0 0
trop 3196 2428 49 0 0
trop 3596 2404 100 0 0
trop 3652 2420 100 0 0
trop 3788 2404 100 0 0
trop 3908 2404 100 0 0
trop 4004 2404 100 0 0
trop 4020 2404 100 0 0
fre 196 2444 7 0 0
fre 244 2444 7 0 0
cliff 368 2448 11 179 179
fre 436 2452 27 0 0
fre 428 2452 26 0 0
fre 468 2452 28 0 0
fre 628 2436 6 0 0
fre 684 2460 6 0 0
fre 684 2452 6 0 0
zabor 688 2448 105 2 8
zabor 720 2448 105 2 8
fre 748 2460 7 0 0
zabor 752 2448 105 2 8
stand 776 2456 104 0 0
stand 824 2440 65 0 0
zabor 880 2448 104 2 8
stand 920 2456 114 0 0
trop 988 2452 33 0 0
zabor 1008 2448 24 0 8
stand 1032 2456 14 0 0
zabor 1040 2448 24 0 8
zabor 1072 2448 29 0 8
zabor 1104 2448 38 0 9
zabor 1136 2448 29 0 8
zabor 1168 2448 28 0 8
zabor 1200 2448 26 0 8
stand 1224 2456 14 0 0
zabor 1232 2448 29 0 8
zabor 1264 2448 31 0 8
stand 1304 2456 14 0 0
zabor 1296 2448 26 0 8
zabor 1328 2448 24 0 8
zabor 1360 2448 25 0 8
zabor 1392 2448 30 0 8
stand 1432 2456 14 0 0
zabor 1424 2448 27 0 8
zabor 1456 2448 27 0 8
stand 1496 2456 5 0 0
dom 1568 2432 56 0 0
trop 1732 2444 109 0 0
trop 1780 2444 109 0 0
trop 1812 2436 111 0 0
tree 1848 2456 36 0 0
fre 1852 2460 13 0 0
zabor 1840 2448 66 1 8
tree 1880 2456 36 0 0
fre 1884 2460 12 0 0
fre 1876 2444 13 0 0
fre 1860 2444 13 0 0
fre 1868 2436 13 0 0
fre 1876 2452 13 0 0
fre 1916 2436 83 179 179
tree 1912 2456 36 0 0
fre 1900 2452 12 0 0
fre 1908 2460 13 0 0
fre 1908 2452 13 0 0
zabor 1936 2448 66 1 8
trop 1996 2452 109 0 0
trop 2020 2452 109 0 0
trop 2076 2436 112 0 0
trop 2076 2452 109 0 0
trop 2140 2444 104 0 0
trop 2212 2460 100 0 0
trop 2244 2452 100 0 0
trop 2292 2452 100 0 0
trop 2348 2444 100 0 0
trop 2412 2444 102 0 0
trop 2476 2444 102 0 0
trop 2540 2444 102 0 0
trop 2588 2444 102 0 0
trop 2604 2444 102 0 0
trop 2660 2444 100 0 0
trop 2724 2452 100 0 0
trop 2788 2444 100 0 0
trop 2796 2460 100 0 0
trop 2812 2460 100 0 0
trop 2868 2460 102 0 0
trop 2932 2460 102 0 0
trop 2996 2460 102 0 0
trop 3044 2460 102 0 0
trop 3108 2460 102 0 0
trop 3132 2460 102 0 0
trop 3196 2460 49 0 0
trop 3196 2444 49 0 0
trop 3252 2460 102 0 0
trop 3316 2460 102 0 0
trop 3380 2460 102 0 0
trop 3436 2460 102 0 0
trop 3500 2460 102 0 0
trop 3564 2460 102 0 0
trop 3628 2460 102 0 0
trop 3684 2460 102 0 0
trop 3740 2460 102 0 0
trop 3804 2460 102 0 0
trop 3852 2436 100 0 0
trop 3852 2460 100 0 0
trop 3956 2460 100 0 0
trop 4012 2460 100 0 0
fre 172 2492 26 0 0
dom 256 2464 40 0 0
fre 460 2484 26 0 0
zabor 688 2480 104 2 8
vor 732 2476 1 0 0
fre 772 2476 6 0 0
vor 812 2476 24 0 0
fre 828 2476 7 0 0
zabor 880 2480 104 2 8
fre 916 2476 12 0 0
fre 940 2484 12 0 0
fre 932 2492 12 0 0
fre 948 2484 13 0 0
trop 988 2476 33 0 0
trop 1052 2476 35 0 0
trop 1100 2492 30 0 0
trop 1140 2476 35 0 0
trop 1228 2476 35 0 0
trop 1316 2476 35 0 0
trop 1396 2476 35 0 0
trop 1468 2476 35 0 0
trop 1532 2476 35 0 0
trop 1644 2492 76 0 0
trop 1812 2468 111 0 0
stand 1832 2488 29 0 0
zabor 1840 2480 66 1 8
fre 1884 2492 14 0 0
zabor 1872 2480 65 1 8
zabor 1904 2480 64 1 8
stand 1944 2488 37 0 0
zabor 1936 2480 64 1 8
trop 1964 2476 111 0 0
fre 2076 2484 13 0 0
fre 2068 2476 13 0 0
fre 2060 2476 13 0 0
fre 2076 2476 13 0 0
stand 2088 2488 44 0 0
fre 2084 2492 13 0 0
stand 2616 2488 44 0 0
trop 2756 2492 100 0 0
fre 3012 2484 83 179 179
fre 3068 2468 82 179 179
trop 3196 2476 49 0 0
trop 3196 2492 49 0 0
trop 3868 2476 100 0 0
trop 3900 2468 100 0 0
trop 3948 2468 100 0 0
trop 3940 2476 100 0 0
trop 4044 2468 100 0 0
fre 180 2500 23 0 0
fre 172 2500 28 0 0
stand 408 2520 113 0 0
fre 412 2500 6 0 0
fre 444 2524 27 0 0
zabor 688 2512 105 2 8
fre 732 2500 6 0 0
zabor 752 2512 112 2 9
fre 780 2516 6 0 0
stand 776 2520 66 0 0
vor 812 2524 0 0 0
fre 852 2500 7 0 0
zabor 848 2512 105 2 8
zabor 880 2512 105 2 8
fre 924 2508 13 0 0
fre 916 2500 13 0 0
fre 932 2500 13 0 0
fre 932 2508 13 0 0
fre 1052 2524 12 0 0
fre 1076 2524 12 0 0
trop 1060 2500 35 0 0
trop 1132 2516 30 0 0
trop 1148 2500 35 0 0
fre 1156 2524 13 0 0
fre 1212 2524 14 0 0
fre 1204 2524 14 0 0
trop 1236 2500 35 0 0
fre 1220 2524 11 0 0
tree 1240 2520 52 0 0
trop 1316 2500 35 0 0
trop 1396 2500 35 0 0
trop 1476 2500 35 0 0
trop 1548 2500 35 0 0
dom 1728 2496 124 0 0
fre 1836 2524 14 0 0
trop 1836 2508 109 0 0
trop 1884 2508 109 0 0
fre 1916 2524 13 0 0
trop 1932 2508 109 0 0
trop 2140 2508 104 0 0
trop 2196 2516 100 0 0
trop 2228 2516 100 0 0
trop 2276 2516 100 0 0
trop 2348 2500 103 0 0
trop 2668 2508 104 0 0
trop 2740 2516 100 0 0
trop 2812 2516 103 0 0
stand 2968 2504 21 0 0
tree 2968 2520 60 0 0
fre 2964 2516 13 0 0
fre 2972 2524 13 0 0
zabor 2960 2512 66 1 8
fre 3004 2524 14 0 0
zabor 2992 2512 64 1 8
tree 3016 2520 60 0 0
fre 3020 2516 12 0 0
zabor 3024 2512 64 1 8
tree 3064 2520 60 0 0
fre 3044 2524 14 0 0
fre 3052 2516 13 0 0
fre 3068 2524 13 0 0
zabor 3056 2512 66 1 8
stand 3080 2504 21 0 0
fre 3084 2524 14 0 0
zabor 3088 2512 66 1 8
stand 3112 2504 63 0 0
stand 3128 2504 63 0 0
stand 3160 2520 63 0 0
stand 3160 2504 31 0 0
stand 3144 2504 63 0 0
trop 3196 2508 49 0 0
trop 3196 2524 49 0 0
stand 3208 2520 63 0 0
stand 3208 2504 39 0 0
stand 3224 2504 63 0 0
stand 3240 2504 63 0 0
stand 3256 2504 63 0 0
stand 3320 2504 44 0 0
dom 3520 2496 55 0 0
trop 3788 2524 111 0 0
trop 4004 2524 100 0 0
trop 4012 2524 100 0 0
trop 4036 2524 100 0 0
fre 196 2540 7 0 0
cliff 368 2544 10 179 179
fre 460 2548 26 0 0
fre 484 2556 6 0 0
zabor 656 2544 104 2 8
zabor 688 2544 112 2 9
fre 708 2540 6 0 0
fre 732 2548 6 0 0
zabor 752 2544 105 2 8
fre 812 2548 7 0 0
zabor 848 2544 104 2 8
stand 888 2536 66 0 0
fre 924 2548 12 0 0
fre 924 2532 12 0 0
fre 932 2540 12 0 0
fre 932 2548 12 0 0
fre 940 2532 13 0 0
fre 1052 2532 13 0 0
fre 1068 2556 12 0 0
fre 1060 2548 13 0 0
fre 1068 2532 13 0 0
fre 1060 2532 13 0 0
trop 1100 2556 36 0 0
fre 1148 2548 14 0 0
fre 1164 2532 13 0 0
fre 1172 2532 13 0 0
fre 1164 2548 14 0 0
tree 1160 2552 26 0 0
fre 1188 2532 13 0 0
fre 1212 2548 13 0 0
fre 1196 2532 14 0 0
tree 1208 2552 5 0 0
fre 1220 2532 14 0 0
fre 1252 2540 82 179 179
fre 1268 2556 14 0 0
fre 1260 2532 14 0 0
tree 1256 2536 37 0 0
tree 1272 2536 9 0 0
fre 1284 2540 13 0 0
fre 1324 2540 32 0 0
trop 1804 2556 111 0 0
trop 1804 2532 111 0 0
fre 1916 2548 13 0 0
fre 1924 2556 14 0 0
fre 1924 2532 13 0 0
fre 1940 2540 13 0 0
dom 2016 2528 51 0 0
trop 2092 2540 110 0 0
trop 2180 2556 100 0 0
trop 2452 2540 111 0 0
dom 2496 2528 125 0 0
dom 2560 2528 51 0 0
trop 2668 2532 104 0 0
trop 2740 2540 100 0 0
trop 2940 2540 111 0 0
fre 2972 2532 14 0 0
fre 2972 2556 13 0 0
fre 2964 2556 13 0 0
zabor 2960 2544 64 1 8
fre 2996 2532 14 0 0
fre 3004 2532 13 0 0
fre 2980 2532 13 0 0
fre 3020 2556 30 0 0
fre 3028 2548 13 0 0
fre 3068 2556 13 0 0
fre 3060 2540 13 0 0
fre 3060 2532 13 0 0
fre 3052 2532 13 0 0
fre 3092 2540 14 0 0
zabor 3088 2544 65 1 8
fre 3124 2548 13 0 0
fre 3108 2540 12 0 0
fre 3108 2556 12 0 0
stand 3160 2536 63 0 0
stand 3160 2552 54 0 0
trop 3188 2540 48 0 0
stand 3208 2536 63 0 0
stand 3208 2552 54 0 0
trop 3356 2532 111 0 0
fre 3380 2556 12 0 0
dom 3424 2528 53 0 0
dom 3648 2528 58 0 0
fre 3716 2556 13 0 0
stand 3816 2536 44 0 0
trop 3860 2532 104 0 0
trop 3892 2532 100 0 0
trop 3924 2532 100 0 0
trop 3964 2532 100 0 0
trop 3988 2532 100 0 0
fre 172 2588 6 0 0
fre 412 2588 6 0 0
fre 436 2572 6 0 0
fre 420 2580 35 0 0
stand 632 2584 66 0 0
zabor 656 2576 104 2 8
zabor 688 2576 104 2 8
fre 732 2580 6 0 0
zabor 752 2576 104 2 8
fre 796 2580 7 0 0
zabor 784 2576 112 2 9
stand 824 2568 112 0 0
zabor 848 2576 112 2 9
vor 892 2580 9 0 0
stand 920 2568 104 0 0
fre 940 2588 12 0 0
fre 1012 2564 29 0 0
fre 1068 2572 12 0 0
fre 1084 2564 13 0 0
trop 1124 2564 36 0 0
zabor 1168 2576 28 0 8
fre 1196 2564 81 179 179
zabor 1200 2576 30 0 8
zabor 1232 2576 34 0 9
zabor 1264 2576 28 0 8
zabor 1296 2576 30 0 8
zabor 1328 2576 27 0 8
zabor 1360 2576 30 0 8
zabor 1392 2576 24 0 8
dom 1408 2560 5 0 0
dom 1536 2560 8 0 0
trop 1644 2564 77 0 0
trop 1716 2588 109 0 0
trop 1772 2588 109 0 0
fre 1876 2572 29 0 0
fre 1916 2580 13 0 0
trop 2140 2572 104 0 0
trop 2244 2588 100 0 0
trop 2284 2572 100 0 0
trop 2348 2564 103 0 0
dom 2400 2560 57 0 0
trop 2452 2572 111 0 0
trop 2668 2572 104 0 0
trop 2732 2588 100 0 0
trop 2748 2580 100 0 0
trop 2812 2580 103 0 0
tree 2968 2584 60 0 0
fre 2972 2588 13 0 0
zabor 2960 2576 64 1 8
fre 3004 2572 14 0 0
fre 2996 2580 13 0 0
fre 2996 2564 13 0 0
tree 3016 2584 60 0 0
fre 3028 2564 14 0 0
fre 3020 2564 14 0 0
fre 3036 2580 13 0 0
fre 3020 2588 13 0 0
fre 3020 2580 13 0 0
fre 3012 2572 13 0 0
tree 3064 2584 60 0 0
fre 3060 2572 12 0 0
fre 3068 2572 13 0 0
fre 3052 2564 13 0 0
fre 3100 2564 14 0 0
fre 3092 2580 14 0 0
zabor 3088 2576 64 1 8
fre 3108 2588 13 0 0
fre 3116 2588 12 0 0
trop 3188 2588 48 0 0
dom 3296 2560 57 0 0
trop 3356 2588 111 0 0
fre 3380 2564 12 0 0
fre 3380 2572 12 0 0
trop 3452 2588 111 0 0
trop 3452 2580 112 0 0
trop 3540 2572 111 0 0
fre 3604 2564 13 0 0
fre 3620 2580 13 0 0
fre 3628 2564 12 0 0
fre 3644 2572 12 0 0
fre 3628 2572 12 0 0
trop 3660 2580 111 0 0
tree 3704 2568 3 0 0
dom 3776 2560 125 0 0
trop 3900 2564 100 0 0
trop 4004 2588 100 0 0
trop 4036 2588 100 0 0
fre 244 2620 6 0 0
fre 236 2604 6 0 0
cliff 368 2608 11 179 179
zabor 688 2608 104 2 8
fre 716 2604 7 0 0
zabor 784 2608 105 2 8
fre 812 2596 7 0 0
zabor 816 2608 104 2 8
fre 844 2620 7 0 0
stand 856 2616 65 0 0
fre 1044 2620 13 0 0
fre 1060 2612 12 0 0
zabor 1168 2608 25 0 8
zabor 1392 2608 28 0 8
trop 1500 2596 36 0 0
fre 1540 2612 33 0 0
fre 2068 2604 13 0 0
fre 2076 2612 13 0 0
fre 2100 2596 13 0 0
fre 2084 2612 13 0 0
trop 2300 2612 100 0 0
trop 2484 2604 109 0 0
trop 2492 2604 109 0 0
trop 2540 2604 109 0 0
stand 2616 2616 44 0 0
trop 2604 2604 109 0 0
dom 2880 2592 57 0 0
trop 2940 2596 111 0 0
stand 2952 2616 13 0 0
fre 2972 2596 13 0 0
zabor 2960 2608 65 1 8
zabor 2992 2608 65 1 8
zabor 3024 2608 65 1 8
fre 3044 2596 13 0 0
zabor 3056 2608 66 1 8
stand 3080 2616 13 0 0
zabor 3088 2608 64 1 8
stand 3128 2600 72 0 0
fre 3132 2620 16 0 0
fre 3108 2620 12 0 0
fre 3124 2612 14 0 0
trop 3340 2596 110 0 0
trop 3380 2612 109 0 0
trop 3420 2620 109 0 0
trop 3580 2620 109 0 0
trop 3628 2620 109 0 0
trop 3676 2620 109 0 0
trop 3740 2612 109 0 0
trop 3788 2612 109 0 0
trop 3860 2596 104 0 0
trop 3940 2596 100 0 0
trop 4044 2620 100 0 0
fre 540 2636 6 0 0
zabor 688 2640 104 2 8
zabor 720 2640 105 2 8
zabor 752 2640 105 2 8
vor 772 2628 1 0 0
zabor 816 2640 104 2 8
zabor 848 2640 105 2 8
zabor 880 2640 112 2 9
zabor 912 2640 105 2 8
stand 936 2632 66 0 0
tree 1016 2648 26 0 0
trop 1100 2636 36 0 0
trop 1124 2652 36 0 0
zabor 1168 2640 30 0 8
stand 1224 2632 0 0 0
fre 1276 2644 6 0 0
stand 1304 2648 0 0 0
zabor 1392 2640 27 0 8
tree 1416 2648 17 0 0
trop 1428 2628 32 0 0
trop 1516 2652 34 0 0
stand 1560 2648 72 0 0
trop 1644 2652 76 0 0
fre 2084 2636 14 0 0
fre 2100 2628 13 0 0
trop 2140 2636 104 0 0
trop 2220 2628 100 0 0
trop 2268 2628 100 0 0
trop 2348 2628 103 0 0
trop 2668 2636 104 0 0
trop 2732 2644 100 0 0
trop 2764 2644 100 0 0
trop 2812 2644 103 0 0
trop 2932 2652 111 0 0
trop 2940 2628 109 0 0
trop 2972 2628 109 0 0
trop 3012 2628 109 0 0
trop 3068 2628 109 0 0
fre 3100 2644 12 0 0
trop 3092 2652 111 0 0
fre 3116 2644 12 0 0
trop 3356 2644 111 0 0
tree 3384 2648 60 0 0
fre 3388 2636 12 0 0
zabor 3376 2640 66 1 8
fre 3396 2652 13 0 0
zabor 3408 2640 65 1 8
tree 3432 2648 60 0 0
zabor 3440 2640 64 1 8
trop 3476 2628 109 0 0
trop 3524 2628 109 0 0
trop 3860 2652 104 0 0
trop 3908 2652 100 0 0
trop 3924 2644 100 0 0
trop 3972 2652 100 0 0
trop 3996 2644 100 0 0
fre 172 2684 7 0 0
stand 616 2680 65 0 0
zabor 688 2672 113 2 9
zabor 752 2672 113 2 9
stand 824 2664 66 0 0
vor 884 2676 33 0 0
zabor 912 2672 104 2 8
fre 1004 2676 13 0 0
fre 1020 2660 13 0 0
fre 1020 2668 13 0 0
fre 1028 2676 11 0 0
fre 1052 2676 13 0 0
fre 1036 2684 13 0 0
fre 1052 2668 13 0 0
tree 1080 2664 12 0 0
zabor 1168 2672 25 0 8
fre 1284 2676 6 0 0
zabor 1392 2672 38 0 9
fre 1412 2660 14 0 0
trop 1644 2684 76 0 0
dom 1728 2656 50 0 0
dom 1824 2656 50 0 0
dom 1920 2656 52 0 0
dom 2016 2656 51 0 0
trop 2092 2668 110 0 0
trop 2220 2684 100 0 0
trop 2284 2668 100 0 0
dom 2400 2656 52 0 0
dom 2496 2656 55 0 0
dom 2560 2656 51 0 0
trop 2876 2676 109 0 0
trop 2900 2676 109 0 0
tree 3112 2664 52 0 0
fre 3124 2676 13 0 0
fre 3116 2684 12 0 0
trop 3188 2660 48 0 0
trop 3356 2684 111 0 0
fre 3388 2660 13 0 0
zabor 3376 2672 66 1 8
fre 3404 2660 83 179 179
fre 3404 2676 12 0 0
fre 3396 2684 13 0 0
fre 3396 2676 13 0 0
fre 3404 2684 13 0 0
fre 3420 2684 13 0 0
fre 3412 2684 13 0 0
fre 3412 2676 13 0 0
fre 3420 2660 13 0 0
fre 3396 2660 13 0 0
fre 3428 2660 82 179 179
zabor 3440 2672 64 1 8
dom 3456 2656 48 0 0
dom 3552 2656 52 0 0
dom 3648 2656 52 0 0
dom 3744 2656 49 0 0
zabor 784 2704 112 2 9
fre 828 2700 7 0 0
stand 808 2712 65 0 0
zabor 912 2704 104 2 8
fre 1020 2716 13 0 0
fre 1028 2692 13 0 0
fre 1044 2708 13 0 0
fre 1036 2700 13 0 0
fre 1060 2708 81 179 179
fre 1060 2700 11 0 0
fre 1076 2700 11 0 0
trop 1100 2716 36 0 0
zabor 1168 2704 28 0 8
fre 1308 2692 6 0 0
zabor 1392 2704 29 0 8
trop 1444 2692 36 0 0
trop 1460 2692 34 0 0
stand 1704 2712 5 0 0
fre 1708 2700 14 0 0
stand 1896 2712 5 0 0
stand 2104 2712 53 0 179
trop 2140 2700 104 0 0
stand 2120 2712 45 0 179
zabor 2128 2704 104 2 8
stand 2152 2696 53 0 179
stand 2152 2712 65 0 179
trop 2188 2692 100 0 0
stand 2184 2712 45 0 179
stand 2200 2696 53 0 179
stand 2216 2712 45 0 179
stand 2232 2712 53 0 179
stand 2248 2712 45 0 179
stand 2264 2712 53 0 179
trop 2276 2700 100 0 0
stand 2280 2712 45 0 179
stand 2296 2696 53 0 179
stand 2328 2712 53 0 179
trop 2348 2692 103 0 0
stand 2344 2696 45 0 179
stand 2392 2712 5 0 0
trop 2668 2700 104 0 0
trop 2740 2708 100 0 0
trop 2812 2700 103 0 0
trop 3076 2708 110 0 0
trop 3092 2700 111 0 0
fre 3116 2708 13 0 0
fre 3124 2700 12 0 0
fre 3132 2700 12 0 0
dom 3296 2688 57 0 0
stand 3368 2712 13 0 0
tree 3384 2696 60 0 0
zabor 3376 2704 64 1 8
zabor 3408 2704 64 1 8
stand 3448 2712 13 0 0
tree 3432 2696 60 0 0
zabor 3440 2704 64 1 8
stand 3624 2712 5 0 0
stand 3720 2712 5 0 0
trop 3860 2700 104 0 0
trop 3924 2700 100 0 0
trop 3980 2708 100 0 0
trop 4028 2692 100 0 0
fre 172 2724 6 0 0
tree 280 2728 29 0 0
fre 268 2748 11 0 0
fre 292 2740 13 0 0
fre 308 2748 13 0 0
fre 332 2724 12 0 0
fre 468 2740 13 0 0
fre 452 2732 13 0 0
fre 476 2724 11 0 0
fre 508 2748 11 0 0
tree 536 2744 52 0 0
fre 524 2748 13 0 0
fre 516 2740 13 0 0
stand 680 2744 66 0 0
stand 728 2728 65 0 0
zabor 720 2736 113 2 9
fre 796 2740 7 0 0
zabor 784 2736 105 2 8
vor 836 2748 1 0 0
zabor 912 2736 104 2 8
stand 952 2744 112 0 0
tree 1048 2728 52 0 0
fre 1028 2740 11 0 0
fre 1036 2740 13 0 0
fre 1044 2724 13 0 0
fre 1084 2748 13 0 0
trop 1124 2732 36 0 0
zabor 1168 2736 36 0 9
stand 1272 2728 0 0 0
fre 1252 2724 6 0 0
fre 1300 2740 28 0 0
stand 1352 2744 0 0 0
zabor 1392 2736 25 0 8
fre 1460 2740 13 0 0
fre 1452 2732 14 0 0
fre 1460 2748 14 0 0
fre 1476 2748 14 0 0
fre 1484 2748 14 0 0
trop 1476 2740 32 0 0
dom 1536 2720 3 0 0
zabor 2096 2736 105 2 8
zabor 2128 2736 105 2 8
stand 2168 2744 53 0 179
zabor 2160 2736 104 2 8
trop 2204 2748 100 0 0
stand 2184 2728 45 0 179
zabor 2192 2736 104 2 8
stand 2216 2744 65 0 179
zabor 2224 2736 105 2 8
trop 2260 2740 100 0 0
stand 2264 2728 65 0 179
zabor 2256 2736 105 2 8
zabor 2288 2736 105 2 8
zabor 2320 2736 104 2 8
stand 2344 2728 53 0 179
zabor 2352 2736 105 2 8
fre 2372 2740 82 179 179
fre 2404 2732 81 179 179
dom 3008 2720 59 0 0
stand 3128 2728 6 0 0
fre 3108 2740 14 0 0
trop 3188 2740 48 0 0
tree 3224 2728 36 0 0
fre 3236 2748 12 0 0
fre 3252 2740 14 0 0
fre 3260 2732 13 0 0
fre 3268 2748 14 0 0
trop 3324 2732 112 0 0
trop 3332 2724 110 0 0
fre 3412 2724 82 179 179
fre 180 2756 6 0 0
fre 284 2764 11 0 0
fre 268 2756 11 0 0
fre 308 2756 13 0 0
fre 316 2756 13 0 0
fre 308 2780 13 0 0
fre 300 2780 13 0 0
fre 340 2772 12 0 0
fre 324 2772 12 0 0
fre 324 2764 13 0 0
tree 360 2760 52 0 0
fre 380 2772 12 0 0
fre 388 2780 12 0 0
fre 476 2756 13 0 0
fre 508 2764 11 0 0
fre 540 2756 13 0 0
fre 524 2772 13 0 0
zabor 720 2768 104 2 8
vor 740 2772 9 0 0
zabor 784 2768 104 2 8
stand 872 2776 65 0 0
zabor 912 2768 112 2 9
fre 1020 2772 11 0 0
fre 1036 2756 13 0 0
zabor 1168 2768 29 0 8
fre 1228 2780 27 0 0
fre 1300 2756 26 0 0
fre 1292 2756 0 0 0
fre 1340 2772 9 0 0
zabor 1392 2768 31 0 8
tree 1464 2760 52 0 0
fre 1468 2764 14 0 0
trop 1444 2780 36 0 0
fre 1476 2756 81 179 179
trop 1508 2772 34 0 0
trop 1636 2764 104 0 0
trop 1708 2756 101 0 0
trop 1740 2756 101 0 0
trop 1780 2756 101 0 0
trop 1836 2756 101 0 0
trop 1892 2756 101 0 0
trop 1956 2756 101 0 0
trop 2020 2756 101 0 0
trop 2084 2756 101 0 0
trop 2148 2764 100 0 0
fre 2324 2756 80 179 179
trop 2308 2756 100 0 0
trop 2348 2764 100 0 0
trop 2412 2756 101 0 0
trop 2484 2756 101 0 0
trop 2476 2756 101 0 0
trop 2548 2756 101 0 0
trop 2564 2756 101 0 0
trop 2612 2756 101 0 0
trop 2676 2764 100 0 0
trop 2676 2772 100 0 0
trop 2740 2772 100 0 0
trop 2812 2764 103 0 0
trop 2908 2780 112 0 0
dom 2880 2752 60 0 0
trop 3092 2756 111 0 0
stand 3128 2776 63 0 0
stand 3144 2776 63 0 0
stand 3160 2776 31 0 0
stand 3224 2776 63 0 0
stand 3208 2776 39 0 0
stand 3256 2760 80 0 0
stand 3240 2776 63 0 0
tree 3288 2776 37 0 0
fre 3284 2756 13 0 0
stand 3320 2776 44 0 0
fre 3300 2772 14 0 0
fre 3300 2756 13 0 0
trop 3356 2772 104 0 0
trop 3372 2756 101 0 0
fre 3452 2780 81 179 179
trop 3428 2756 101 0 0
trop 3484 2756 101 0 0
trop 3548 2756 101 0 0
trop 3612 2756 101 0 0
trop 3676 2756 101 0 0
trop 3740 2756 101 0 0
trop 3796 2756 101 0 0
trop 3860 2772 100 0 0
trop 3876 2756 100 0 0
trop 3916 2756 100 0 0
trop 3948 2772 100 0 0
trop 3956 2780 100 0 0
trop 4020 2756 100 0 0
trop 4044 2756 100 0 0
fre 220 2796 6 0 0
fre 220 2804 12 0 0
fre 268 2796 12 0 0
fre 284 2788 12 0 0
tree 312 2792 29 0 0
tree 296 2808 12 0 0
fre 292 2788 12 0 0
fre 316 2804 13 0 0
fre 316 2788 13 0 0
fre 308 2796 13 0 0
fre 340 2788 11 0 0
fre 332 2788 12 0 0
fre 332 2812 13 0 0
fre 532 2788 11 0 0
tree 568 2808 37 0 0
tree 552 2808 5 0 0
tree 584 2792 49 0 0
tree 584 2808 9 0 0
vor 700 2812 0 0 0
zabor 720 2800 104 2 8
fre 740 2788 6 0 0
fre 780 2788 6 0 0
zabor 784 2800 105 2 8
stand 856 2808 66 0 0
zabor 912 2800 105 2 8
dom 992 2784 40 0 0
fre 1052 2796 13 0 0
tree 1080 2792 18 0 0
tree 1080 2808 25 0 0
trop 1100 2804 36 0 0
trop 1124 2812 36 0 0
zabor 1168 2800 25 0 8
stand 1224 2792 0 0 0
stand 1320 2808 0 0 0
stand 1400 2808 6 0 0
zabor 1392 2800 28 0 8
trop 1444 2812 36 0 0
trop 1532 2796 33 0 0
trop 2196 2804 100 0 0
trop 2252 2796 100 0 0
trop 2300 2812 100 0 0
trop 2356 2812 100 0 0
fre 3308 2796 81 179 179
trop 3524 2812 100 0 0
trop 3580 2812 100 0 0
trop 3692 2812 100 0 0
trop 3788 2812 100 0 0
fre 140 2820 7 0 0
fre 172 2844 23 0 0
fre 164 2820 28 0 0
fre 284 2828 13 0 0
fre 308 2820 13 0 0
fre 300 2828 13 0 0
fre 348 2844 12 0 0
fre 340 2820 12 0 0
fre 324 2836 13 0 0
trop 404 2844 126 0 0
fre 588 2836 11 0 0
zabor 624 2832 113 2 9
zabor 656 2832 105 2 8
zabor 688 2832 113 2 9
fre 732 2820 7 0 0
zabor 720 2832 113 2 9
zabor 784 2832 105 2 8
fre 836 2828 6 0 0
fre 868 2844 7 0 0
zabor 912 2832 112 2 9
stand 1048 2840 114 0 0
zabor 1168 2832 24 0 8
zabor 1392 2832 25 0 8
trop 1636 2836 104 0 0
trop 1636 2828 104 0 0
trop 1700 2836 100 0 0
trop 1740 2836 102 0 0
trop 1764 2836 102 0 0
trop 1828 2836 102 0 0
trop 1892 2836 102 0 0
trop 1956 2836 102 0 0
trop 2020 2836 102 0 0
trop 2084 2836 102 0 0
trop 2148 2828 100 0 0
trop 2148 2844 100 0 0
trop 2356 2836 100 0 0
trop 2412 2836 102 0 0
trop 2476 2836 102 0 0
trop 2540 2836 102 0 0
trop 2564 2836 102 0 0
trop 2612 2836 102 0 0
trop 2676 2836 100 0 0
trop 2740 2836 102 0 0
trop 2804 2836 102 0 0
trop 2876 2836 79 0 0
trop 2956 2836 78 0 0
trop 3036 2836 79 0 0
trop 3116 2836 78 0 0
trop 3132 2836 78 0 0
trop 3196 2836 49 0 0
trop 3252 2836 79 0 0
trop 3292 2836 78 0 0
trop 3364 2836 100 0 0
trop 3420 2836 100 0 0
trop 3476 2828 100 0 0
trop 3524 2836 100 0 0
trop 3636 2820 100 0 0
trop 3732 2820 100 0 0
trop 3820 2820 100 0 0
trop 3884 2828 100 0 0
trop 3940 2828 100 0 0
trop 3996 2828 100 0 0
trop 4012 2828 100 0 0
tree 248 2856 17 0 0
fre 332 2860 11 0 0
fre 332 2852 11 0 0
fre 604 2852 13 0 0
fre 644 2876 13 0 0
zabor 688 2864 105 2 8
zabor 720 2864 112 2 9
zabor 752 2864 104 2 8
zabor 784 2864 104 2 8
fre 804 2876 7 0 0
stand 824 2856 65 0 0
zabor 912 2864 113 2 9
fre 964 2868 6 0 0
fre 980 2860 11 0 0
stand 968 2856 65 0 0
fre 1020 2868 11 0 0
trop 1116 2860 34 0 0
trop 1148 2868 33 0 0
trop 1140 2860 34 0 0
zabor 1168 2864 29 0 8
stand 1192 2872 80 0 0
zabor 1200 2864 24 0 8
zabor 1232 2864 26 0 8
fre 1276 2868 13 0 0
zabor 1264 2864 29 0 8
tree 1304 2872 18 0 0
fre 1308 2876 13 0 0
fre 1292 2868 13 0 0
zabor 1296 2864 34 0 9
zabor 1328 2864 29 0 8
stand 1368 2872 14 0 0
zabor 1360 2864 28 0 8
zabor 1392 2864 29 0 8
trop 1460 2860 34 0 0
dom 1504 2848 44 0 0
trop 1604 2860 112 0 0
trop 1612 2868 110 0 0
trop 1620 2868 110 0 0
trop 2196 2860 100 0 0
trop 2252 2852 100 0 0
trop 2308 2860 100 0 0
trop 2340 2852 100 0 0
fre 2820 2852 81 179 179
fre 2820 2876 13 0 0
fre 2852 2860 82 179 179
trop 3364 2852 100 0 0
trop 3428 2868 100 0 0
trop 3476 2868 100 0 0
trop 3524 2860 100 0 0
trop 3580 2876 100 0 0
trop 3628 2860 100 0 0
trop 3668 2868 100 0 0
trop 3716 2876 100 0 0
trop 3772 2860 100 0 0
trop 3820 2860 100 0 0
fre 172 2900 6 0 0
fre 164 2908 6 0 0
fre 220 2884 7 0 0
fre 196 2900 6 0 0
fre 252 2892 7 0 0
fre 252 2908 6 0 0
trop 428 2884 126 0 0
cliff 480 2896 4 179 179
tree 600 2888 28 0 0
fre 596 2900 13 0 0
fre 636 2900 13 0 0
fre 620 2908 11 0 0
zabor 752 2896 113 2 9
zabor 784 2896 104 2 8
zabor 816 2896 113 2 9
vor 868 2884 0 0 0
zabor 912 2896 104 2 8
fre 956 2900 6 0 0
trop 1052 2908 30 0 0
trop 1124 2892 35 0 0
trop 1148 2892 33 0 0
trop 1220 2892 35 0 0
fre 1292 2900 81 179 179
trop 1300 2892 35 0 0
fre 1316 2884 13 0 0
trop 1380 2892 35 0 0
trop 1468 2892 35 0 0
trop 1556 2892 35 0 0
trop 1668 2900 77 0 0
trop 1980 2908 111 0 0
stand 2088 2888 44 0 0
trop 2140 2908 104 0 0
trop 2204 2908 100 0 0
trop 2252 2908 100 0 0
trop 2356 2900 103 0 0
trop 2516 2900 111 0 0
trop 2676 2900 77 0 0
trop 2812 2900 111 0 0
tree 2840 2904 29 0 0
fre 2844 2900 13 0 0
fre 2836 2884 13 0 0
fre 2836 2900 13 0 0
zabor 2864 2896 31 0 8
zabor 2896 2896 25 0 8
zabor 2928 2896 28 0 8
zabor 2960 2896 27 0 8
stand 3128 2888 63 0 0
stand 3112 2904 46 0 0
stand 3144 2888 63 0 0
stand 3160 2888 31 0 0
stand 3224 2888 63 0 0
stand 3208 2888 39 0 0
stand 3240 2888 63 0 0
trop 3356 2908 104 0 0
fre 3508 2908 82 179 179
tree 3512 2904 33 0 0
fre 3516 2908 13 0 0
fre 3508 2900 13 0 0
lay 3512 2888 11 0 0
lay 3496 2888 11 0 0
lay 3496 2904 11 0 0
lay 3528 2904 11 0 0
lay 3528 2888 11 0 0
stand 3544 2904 21 0 0
trop 3524 2908 100 0 0
zabor 3536 2896 66 1 8
stand 3576 2904 80 0 0
zabor 3568 2896 66 1 8
zabor 3600 2896 66 1 8
stand 3624 2904 80 0 0
zabor 3632 2896 65 1 8
stand 3672 2904 80 0 0
zabor 3664 2896 66 1 8
zabor 3696 2896 66 1 8
lay 3736 2904 11 0 0
stand 3720 2904 21 0 0
zabor 3728 2896 64 1 8
lay 3768 2904 11 0 0
lay 3752 2904 11 0 0
trop 3852 2884 100 0 0
trop 3884 2892 100 0 0
trop 3916 2884 100 0 0
trop 3956 2884 100 0 0
trop 4020 2892 100 0 0
fre 132 2924 7 0 0
fre 188 2932 7 0 0
fre 188 2924 6 0 0
fre 212 2916 6 0 0
fre 220 2924 6 0 0
trop 284 2932 127 0 0
fre 508 2932 28 0 0
fre 516 2932 26 0 0
fre 628 2932 13 0 0
fre 612 2932 13 0 0
fre 660 2940 11 0 0
stand 680 2936 65 0 0
zabor 752 2928 105 2 8
fre 796 2932 6 0 0
fre 788 2924 7 0 0
stand 808 2936 66 0 0
zabor 816 2928 104 2 8
zabor 848 2928 105 2 8
vor 876 2932 25 0 0
fre 876 2916 7 0 0
fre 868 2940 7 0 0
fre 908 2916 6 0 0
zabor 912 2928 105 2 8
zabor 944 2928 104 2 8
trop 1084 2932 30 0 0
trop 1132 2916 35 0 0
fre 1228 2940 13 0 0
fre 1220 2940 13 0 0
fre 1244 2940 13 0 0
trop 1220 2916 35 0 0
fre 1276 2940 13 0 0
fre 1252 2932 13 0 0
fre 1308 2940 1 0 0
trop 1300 2916 35 0 0
fre 1340 2932 81 179 179
tree 1320 2936 52 0 0
trop 1364 2940 31 0 0
trop 1404 2940 32 0 0
trop 1380 2916 31 0 0
trop 1388 2916 35 0 0
trop 1468 2916 35 0 0
zabor 1456 2928 29 0 8
zabor 1488 2928 31 0 8
zabor 1520 2928 30 0 8
trop 1556 2916 35 0 0
zabor 1552 2928 24 0 8
zabor 1584 2928 31 0 8
zabor 1616 2928 36 0 9
trop 1668 2932 77 0 0
dom 1920 2912 123 0 0
dom 2048 2912 126 0 0
trop 2316 2916 100 0 0
dom 2592 2912 125 0 0
trop 2676 2940 77 0 0
trop 2788 2932 110 0 0
trop 2812 2932 111 0 0
fre 2836 2940 11 0 0
fre 2836 2924 13 0 0
zabor 2864 2928 24 0 8
stand 2888 2920 89 0 0
stand 2936 2920 99 0 0
trop 2980 2932 75 0 0
trop 2980 2940 75 0 0
stand 3096 2920 54 0 0
stand 3144 2920 54 0 0
trop 3188 2916 48 0 0
fre 3260 2916 27 0 0
fre 3284 2924 26 0 0
trop 3356 2916 104 0 0
trop 3428 2924 100 0 0
trop 3476 2932 100 0 0
lay 3496 2920 11 0 0
lay 3512 2920 11 0 0
trop 3516 2932 100 0 0
lay 3528 2920 11 0 0
zabor 3536 2928 64 1 8
trop 3572 2916 100 0 0
trop 3628 2924 100 0 0
trop 3676 2932 100 0 0
lay 3736 2936 11 0 0
lay 3736 2920 11 0 0
trop 3732 2916 100 0 0
zabor 3728 2928 66 1 8
fre 3756 2932 82 179 179
tree 3752 2920 33 0 0
fre 3756 2924 13 0 0
fre 3748 2916 13 0 0
lay 3752 2936 11 0 0
lay 3768 2936 11 0 0
lay 3768 2920 11 0 0
trop 3780 2916 100 0 0
trop 3828 2916 100 0 0
fre 180 2964 6 0 0
cliff 432 2960 49 179 179
fre 500 2972 6 0 0
fre 636 2948 13 0 0
fre 652 2948 11 0 0
fre 732 2948 6 0 0
zabor 752 2960 105 2 8
zabor 848 2960 113 2 9
stand 888 2952 104 0 0
fre 948 2956 6 0 0
zabor 944 2960 104 2 8
fre 1012 2972 12 0 0
trop 1052 2972 36 0 0
zabor 1104 2960 28 0 8
fre 1148 2972 6 0 0
zabor 1136 2960 24 0 8
zabor 1168 2960 29 0 8
zabor 1200 2960 26 0 8
zabor 1232 2960 30 0 8
tree 1272 2952 37 0 0
fre 1260 2948 13 0 0
fre 1252 2948 13 0 0
zabor 1264 2960 24 0 8
fre 1292 2964 13 0 0
zabor 1296 2960 27 0 8
zabor 1328 2960 27 0 8
zabor 1360 2960 32 0 9
trop 1380 2956 32 0 0
zabor 1456 2960 24 0 8
dom 1472 2944 43 0 0
fre 1572 2964 35 0 0
zabor 1616 2960 29 0 8
trop 1668 2964 77 0 0
dom 1792 2944 122 0 0
fre 1916 2964 30 0 0
trop 1972 2972 110 0 0
trop 1980 2948 111 0 0
trop 2140 2972 104 0 0
trop 2196 2964 100 0 0
trop 2260 2972 100 0 0
trop 2292 2972 100 0 0
trop 2356 2964 103 0 0
dom 2464 2944 122 0 0
trop 2516 2964 111 0 0
stand 2616 2952 44 0 0
dom 2752 2944 61 0 0
tree 2840 2952 29 0 0
fre 2828 2964 11 0 0
fre 2828 2972 11 0 0
zabor 2864 2960 27 0 8
trop 2892 2956 75 0 0
trop 2940 2972 74 0 0
trop 2916 2956 75 0 0
trop 2916 2948 75 0 0
dom 3040 2944 45 0 0
trop 3132 2948 50 0 0
trop 3252 2964 36 0 0
trop 3356 2972 104 0 0
trop 3476 2972 100 0 0
zabor 3536 2960 64 1 8
trop 3580 2964 100 0 0
trop 3716 2964 100 0 0
zabor 3728 2960 65 1 8
trop 3780 2972 100 0 0
trop 3836 2972 100 0 0
trop 3876 2948 100 0 0
trop 3940 2948 100 0 0
trop 3996 2948 100 0 0
trop 4036 2948 100 0 0
fre 228 3004 7 0 0
fre 244 2980 6 0 0
cliff 352 2992 47 179 179
fre 532 2988 28 0 0
fre 644 2980 11 0 0
stand 712 3000 66 0 0
zabor 752 2992 113 2 9
zabor 816 2992 105 2 8
fre 844 2996 7 0 0
zabor 848 2992 104 2 8
zabor 880 2992 112 2 9
zabor 912 2992 105 2 8
zabor 944 2992 112 2 9
fre 980 2988 13 0 0
fre 1020 2996 13 0 0
fre 1012 2996 13 0 0
fre 996 2996 13 0 0
fre 1004 2980 12 0 0
trop 1076 2988 36 0 0
zabor 1104 2992 34 0 9
fre 1276 3004 6 0 0
fre 1332 2980 81 179 179
tree 1336 2984 49 0 0
zabor 1360 2992 24 0 8
trop 1420 3004 36 0 0
zabor 1456 2992 25 0 8
trop 1540 3004 34 0 0
zabor 1616 2992 24 0 8
trop 1844 2996 109 0 0
trop 1868 2996 109 0 0
trop 1924 2996 109 0 0
trop 1956 2996 111 0 0
trop 2812 2996 111 0 0
tree 2840 3000 29 0 0
zabor 2864 2992 30 0 8
stand 2888 2984 99 0 0
trop 2892 2980 75 0 0
trop 3124 2996 48 0 0
trop 3188 2996 48 0 0
trop 3356 2988 104 0 0
trop 3428 2988 100 0 0
trop 3532 2980 100 0 0
zabor 3536 2992 66 1 8
trop 3580 3004 100 0 0
trop 3644 2996 100 0 0
trop 3644 2980 100 0 0
trop 3708 2996 100 0 0
zabor 3728 2992 65 1 8
trop 3748 3004 100 0 0
trop 3828 2996 100 0 0
trop 3852 3004 100 0 0
trop 3980 3004 100 0 0
trop 4044 3004 100 0 0
fre 156 3020 6 0 0
fre 188 3028 26 0 0
fre 204 3036 27 0 0
trop 412 3028 127 0 0
trop 436 3012 126 0 0
fre 716 3012 6 0 0
zabor 752 3024 104 2 8
zabor 816 3024 104 2 8
stand 840 3016 112 0 0
vor 876 3012 1 0 0
fre 892 3028 7 0 0
zabor 912 3024 105 2 8
fre 1012 3036 13 0 0
fre 1012 3012 13 0 0
fre 1004 3028 12 0 0
fre 1004 3012 12 0 0
zabor 1104 3024 24 0 8
fre 1132 3020 6 0 0
fre 1236 3020 9 0 0
fre 1332 3036 26 0 0
stand 1368 3016 6 0 0
zabor 1360 3024 31 0 8
trop 1396 3012 36 0 0
lay 1464 3032 12 0 0
zabor 1456 3024 31 0 8
zabor 1488 3024 30 0 8
stand 1496 3016 14 0 0
trop 1564 3028 33 0 0
zabor 1552 3024 27 0 8
zabor 1584 3024 31 0 8
zabor 1616 3024 31 0 8
trop 1668 3028 76 0 0
trop 1796 3028 110 0 0
trop 1812 3020 111 0 0
stand 1832 3032 29 0 0
tree 1848 3032 37 0 0
zabor 1840 3024 64 1 8
tree 1880 3032 37 0 0
fre 1884 3028 13 0 0
fre 1860 3036 13 0 0
zabor 1872 3024 64 1 8
tree 1896 3032 37 0 0
fre 1916 3036 14 0 0
fre 1900 3028 14 0 0
zabor 1904 3024 66 1 8
stand 1944 3032 37 0 0
tree 1928 3032 37 0 0
fre 1932 3012 14 0 0
zabor 1936 3024 65 1 8
trop 1956 3020 111 0 0
trop 2140 3036 104 0 0
trop 2204 3020 100 0 0
trop 2252 3036 100 0 0
trop 2308 3028 100 0 0
trop 2356 3020 103 0 0
dom 2432 3008 53 0 0
trop 2516 3020 111 0 0
dom 2592 3008 57 0 0
trop 2676 3028 76 0 0
fre 2772 3012 14 0 0
fre 2780 3012 14 0 0
fre 2820 3028 14 0 0
fre 2844 3036 11 0 0
fre 2844 3012 13 0 0
zabor 2864 3024 24 0 8
stand 2888 3032 99 0 0
trop 2900 3028 75 0 0
trop 2972 3012 75 0 0
trop 2980 3020 75 0 0
trop 3044 3036 75 0 0
trop 3044 3028 75 0 0
fre 3244 3020 28 0 0
fre 3236 3036 26 0 0
dom 3296 3008 90 0 0
trop 3468 3020 100 0 0
trop 3524 3012 100 0 0
zabor 3536 3024 64 1 8
trop 3628 3028 100 0 0
trop 3700 3036 100 0 0
zabor 3728 3024 65 1 8
trop 3804 3012 100 0 0
trop 3916 3012 100 0 0
fre 204 3068 6 0 0
fre 220 3044 28 0 0
trop 420 3052 126 0 0
trop 460 3060 126 0 0
fre 612 3052 13 0 0
stand 664 3064 104 0 0
vor 708 3044 33 0 0
zabor 752 3056 104 2 8
fre 780 3044 6 0 0
zabor 816 3056 104 2 8
fre 852 3044 6 0 0
fre 924 3060 6 0 0
fre 916 3068 6 0 0
zabor 912 3056 104 2 8
trop 1052 3052 36 0 0
trop 1076 3068 36 0 0
zabor 1104 3056 27 0 8
fre 1180 3044 4 0 0
fre 1188 3068 6 0 0
fre 1236 3044 6 0 0
fre 1300 3060 6 0 0
zabor 1360 3056 27 0 8
lay 1448 3048 9 0 0
trop 1444 3060 33 0 0
trop 1484 3060 30 0 0
trop 1548 3052 35 0 0
dom 1760 3040 61 0 0
tree 1848 3064 37 0 0
fre 1852 3068 13 0 0
fre 1844 3068 13 0 0
fre 1828 3060 13 0 0
zabor 1840 3056 64 1 8
fre 1868 3068 14 0 0
fre 1884 3060 14 0 0
fre 1860 3060 13 0 0
fre 1860 3052 13 0 0
fre 1884 3044 13 0 0
fre 1884 3068 13 0 0
fre 1884 3052 13 0 0
fre 1900 3052 83 179 179
fre 1892 3060 14 0 0
fre 1892 3044 13 0 0
fre 1892 3068 13 0 0
fre 1900 3044 13 0 0
fre 1908 3052 13 0 0
tree 1928 3064 37 0 0
fre 1924 3068 13 0 0
zabor 1936 3056 66 1 8
trop 1964 3068 111 0 0
dom 2048 3040 57 0 0
trop 2516 3060 111 0 0
trop 2788 3060 110 0 0
trop 2812 3052 111 0 0
fre 2844 3044 82 179 179
tree 2840 3048 29 0 0
fre 2836 3068 13 0 0
fre 2836 3060 13 0 0
zabor 2864 3056 25 0 8
trop 2924 3044 75 0 0
trop 2980 3044 75 0 0
trop 3252 3044 36 0 0
trop 3356 3044 104 0 0
trop 3428 3052 100 0 0
trop 3532 3060 100 0 0
zabor 3536 3056 66 1 8
trop 3580 3060 100 0 0
dom 3616 3040 14 0 0
trop 3676 3060 100 0 0
trop 3724 3060 100 0 0
zabor 3728 3056 65 1 8
trop 3788 3068 100 0 0
trop 3820 3068 100 0 0
trop 3876 3068 100 0 0
trop 3996 3068 100 0 0
trop 4036 3068 100 0 0
trop 4060 3068 100 0 0
fre 236 3100 23 0 0
fre 228 3084 20 0 0
cliff 320 3088 11 179 179
fre 356 3100 6 0 0
tree 648 3096 3 0 0
zabor 752 3088 112 2 9
vor 796 3076 0 0 0
zabor 816 3088 112 2 9
stand 872 3080 65 0 0
zabor 912 3088 105 2 8
vor 940 3092 0 0 0
fre 1004 3076 13 0 0
zabor 1104 3088 27 0 8
fre 1188 3092 1 0 0
fre 1268 3092 4 0 0
zabor 1360 3088 32 0 9
trop 1396 3092 36 0 0
trop 1420 3100 36 0 0
trop 1468 3076 29 0 0
trop 1668 3092 77 0 0
trop 1812 3076 111 0 0
tree 1848 3080 37 0 0
fre 1844 3076 13 0 0
fre 1844 3100 13 0 0
zabor 1840 3088 64 1 8
fre 1868 3092 14 0 0
fre 1884 3076 14 0 0
fre 1868 3100 13 0 0
fre 1860 3092 13 0 0
fre 1884 3092 13 0 0
fre 1916 3084 14 0 0
fre 1916 3092 14 0 0
fre 1908 3100 14 0 0
fre 1900 3092 13 0 0
fre 1892 3084 13 0 0
fre 1892 3076 13 0 0
fre 1900 3076 13 0 0
tree 1928 3080 37 0 0
zabor 1936 3088 64 1 8
trop 2140 3100 104 0 0
trop 2196 3084 100 0 0
trop 2228 3084 100 0 0
trop 2268 3092 100 0 0
trop 2300 3092 100 0 0
trop 2356 3084 103 0 0
trop 2436 3084 109 0 0
trop 2492 3084 109 0 0
trop 2468 3076 112 0 0
trop 2676 3084 77 0 0
dom 2752 3072 61 0 0
trop 2812 3092 111 0 0
tree 2840 3096 29 0 0
fre 2836 3092 13 0 0
fre 2844 3084 13 0 0
zabor 2864 3088 25 0 8
stand 2888 3080 113 0 0
trop 2892 3092 75 0 0
trop 2940 3076 74 0 0
trop 2980 3076 75 0 0
trop 3180 3092 43 0 0
trop 3468 3084 100 0 0
zabor 3536 3088 65 1 8
trop 3620 3084 100 0 0
zabor 3728 3088 66 1 8
trop 3924 3076 100 0 0
trop 3948 3076 100 0 0
fre 180 3132 6 0 0
fre 404 3108 6 0 0
trop 452 3108 125 0 0
trop 524 3132 117 0 0
fre 580 3108 13 0 0
tree 632 3112 40 0 0
tree 616 3128 3 0 0
tree 648 3128 9 0 0
zabor 752 3120 105 2 8
fre 780 3132 7 0 0
fre 780 3108 7 0 0
zabor 784 3120 112 2 9
fre 820 3124 6 0 0
zabor 816 3120 104 2 8
stand 856 3112 66 0 0
zabor 848 3120 112 2 9
vor 908 3132 9 0 0
zabor 912 3120 112 2 9
fre 932 3108 6 0 0
stand 936 3128 104 0 0
fre 1108 3132 6 0 0
zabor 1104 3120 27 0 8
fre 1260 3116 28 0 0
fre 1252 3108 27 0 0
fre 1252 3132 26 0 0
zabor 1360 3120 31 0 8
dom 1568 3104 6 0 0
trop 1740 3124 109 0 0
trop 1788 3124 109 0 0
trop 1812 3108 111 0 0
stand 1832 3112 29 0 0
tree 1848 3112 37 0 0
zabor 1840 3120 64 1 8
tree 1880 3112 37 0 0
zabor 1872 3120 66 1 8
tree 1896 3112 37 0 0
fre 1916 3108 14 0 0
zabor 1904 3120 66 1 8
stand 1944 3112 37 0 0
tree 1928 3112 37 0 0
zabor 1936 3120 64 1 8
fre 1956 3132 14 0 0
trop 1956 3116 111 0 0
stand 2088 3112 44 0 0
dom 2432 3104 55 0 0
fre 2812 3132 11 0 0
trop 2812 3124 110 0 0
trop 2836 3124 110 0 0
stand 2872 3112 96 0 0
zabor 2864 3120 30 0 8
trop 2924 3132 75 0 0
trop 2924 3116 75 0 0
trop 2972 3116 75 0 0
trop 2972 3108 75 0 0
dom 3040 3104 45 0 0
trop 3356 3108 104 0 0
trop 3428 3108 100 0 0
tree 3512 3128 33 0 0
fre 3516 3132 13 0 0
fre 3508 3124 13 0 0
lay 3496 3128 11 0 0
lay 3496 3112 11 0 0
lay 3512 3112 11 0 0
trop 3508 3116 100 0 0
lay 3528 3112 11 0 0
lay 3528 3128 11 0 0
zabor 3536 3120 65 1 8
trop 3556 3124 100 0 0
trop 3580 3116 100 0 0
trop 3676 3108 100 0 0
trop 3676 3124 100 0 0
lay 3736 3112 11 0 0
lay 3736 3128 11 0 0
trop 3716 3108 100 0 0
zabor 3728 3120 65 1 8
tree 3752 3128 33 0 0
fre 3756 3132 13 0 0
fre 3748 3124 13 0 0
lay 3768 3128 11 0 0
lay 3768 3112 11 0 0
lay 3752 3112 11 0 0
trop 3772 3116 100 0 0
trop 3820 3108 100 0 0
trop 3868 3124 100 0 0
trop 3932 3124 100 0 0
trop 3956 3116 100 0 0
trop 4012 3116 100 0 0
trop 4004 3132 100 0 0
trop 4036 3116 100 0 0
fre 220 3156 28 0 0
fre 356 3164 26 0 0
fre 356 3156 27 0 0
fre 388 3156 6 0 0
lay 584 3160 1 0 0
tree 632 3144 29 0 0
tree 632 3160 40 0 0
fre 612 3148 13 0 0
fre 660 3164 83 179 179
tree 648 3144 18 0 0
stand 712 3160 65 0 0
zabor 752 3152 105 2 8
fre 788 3156 6 0 0
zabor 848 3152 105 2 8
fre 868 3156 7 0 0
zabor 880 3152 112 2 9
fre 916 3164 7 0 0
fre 980 3140 6 0 0
trop 1052 3140 36 0 0
trop 1076 3148 36 0 0
zabor 1104 3152 31 0 8
fre 1228 3140 6 0 0
zabor 1360 3152 29 0 8
fre 1436 3156 13 0 0
tree 1464 3144 40 0 0
fre 1460 3156 13 0 0
fre 1468 3148 14 0 0
fre 1452 3140 14 0 0
fre 1468 3164 14 0 0
fre 1492 3156 81 179 179
tree 1480 3144 20 0 0
trop 1828 3140 109 0 0
trop 1860 3140 109 0 0
trop 1900 3140 109 0 0
trop 1932 3140 109 0 0
dom 2016 3136 51 0 0
trop 2092 3148 110 0 0
trop 2140 3164 104 0 0
trop 2204 3156 100 0 0
trop 2244 3156 100 0 0
trop 2300 3156 100 0 0
trop 2356 3148 103 0 0
dom 2592 3136 61 0 0
trop 2844 3156 111 0 0
zabor 2864 3152 24 0 8
trop 2892 3140 75 0 0
trop 2940 3156 74 0 0
trop 2980 3164 75 0 0
trop 3020 3164 75 0 0
stand 3144 3160 23 0 0
trop 3252 3140 36 0 0
dom 3296 3136 99 0 0
trop 3356 3164 104 0 0
trop 3428 3164 100 0 0
trop 3476 3156 100 0 0
fre 3500 3148 80 179 179
lay 3496 3144 11 0 0
lay 3512 3144 11 0 0
fre 3524 3156 80 179 179
lay 3528 3144 11 0 0
stand 3544 3160 13 0 0
zabor 3536 3152 65 1 8
zabor 3568 3152 65 1 8
zabor 3600 3152 64 1 8
trop 3620 3140 100 0 0
zabor 3664 3152 65 1 8
trop 3708 3164 100 0 0
zabor 3696 3152 66 1 8
lay 3736 3144 11 0 0
stand 3720 3160 13 0 0
zabor 3728 3152 65 1 8
fre 3764 3156 81 179 179
lay 3752 3144 11 0 0
lay 3768 3144 11 0 0
trop 3748 3164 100 0 0
cliff 320 3184 13 179 179
fre 356 3188 6 0 0
fre 596 3188 13 0 0
fre 628 3196 11 0 0
fre 716 3180 6 0 0
zabor 720 3184 113 2 9
zabor 752 3184 104 2 8
fre 796 3188 6 0 0
stand 792 3176 112 0 0
vor 828 3196 1 0 0
fre 852 3188 6 0 0
zabor 848 3184 105 2 8
zabor 880 3184 104 2 8
fre 924 3196 6 0 0
fre 964 3196 6 0 0
zabor 1104 3184 35 0 9
zabor 1360 3184 30 0 8
trop 1396 3180 36 0 0
trop 1420 3188 36 0 0
tree 1448 3176 60 0 0
fre 1452 3172 14 0 0
zabor 1520 3184 36 0 9
zabor 1552 3184 25 0 8
zabor 1584 3184 36 0 9
zabor 1616 3184 29 0 8
trop 1668 3180 76 0 0
dom 1728 3168 49 0 0
trop 2420 3188 109 0 0
trop 2444 3172 112 0 0
trop 2676 3172 76 0 0
dom 2784 3168 58 0 0
fre 2820 3196 11 0 0
zabor 2864 3184 27 0 8
trop 2892 3188 75 0 0
trop 2892 3196 75 0 0
trop 2972 3188 75 0 0
trop 3132 3180 42 0 0
fre 3276 3188 82 179 179
fre 3356 3196 81 179 179
trop 3532 3180 100 0 0
trop 3556 3172 100 0 0
trop 3564 3196 100 0 0
trop 3620 3188 100 0 0
trop 3660 3180 100 0 0
trop 3676 3188 100 0 0
trop 3788 3172 100 0 0
trop 3852 3172 100 0 0
trop 3876 3172 100 0 0
trop 3940 3172 100 0 0
trop 3980 3172 100 0 0
trop 4036 3172 100 0 0
fre 364 3220 28 0 0
trop 548 3220 122 0 0
fre 604 3220 13 0 0
tree 616 3224 60 0 0
fre 636 3212 13 0 0
fre 620 3228 11 0 0
fre 708 3212 6 0 0
zabor 752 3216 104 2 8
stand 824 3224 65 0 0
zabor 880 3216 104 2 8
stand 968 3224 65 0 0
trop 1052 3220 36 0 0
trop 1076 3228 36 0 0
lay 1112 3224 12 0 0
zabor 1104 3216 33 0 9
zabor 1136 3216 29 0 8
stand 1160 3224 14 0 0
zabor 1168 3216 25 0 8
zabor 1200 3216 26 0 8
zabor 1232 3216 39 0 9
zabor 1264 3216 25 0 8
zabor 1296 3216 27 0 8
zabor 1328 3216 30 0 8
zabor 1360 3216 26 0 8
trop 1604 3228 97 0 0
trop 2140 3228 104 0 0
trop 2188 3204 100 0 0
trop 2228 3220 100 0 0
trop 2292 3212 100 0 0
trop 2356 3204 103 0 0
stand 2616 3208 44 0 0
trop 2612 3220 97 0 0
stand 2744 3208 13 0 0
trop 2804 3204 112 0 0
trop 2788 3228 109 0 0
trop 2812 3228 109 0 0
trop 2844 3204 111 0 0
zabor 2864 3216 26 0 8
trop 3028 3212 75 0 0
dom 3040 3200 45 0 0
trop 3252 3220 36 0 0
fre 3252 3204 28 0 0
fre 3268 3204 23 0 0
trop 3356 3220 104 0 0
trop 3428 3212 100 0 0
trop 3476 3220 100 0 0
trop 3508 3228 100 0 0
trop 3716 3228 100 0 0
trop 3772 3220 100 0 0
trop 3788 3228 100 0 0
trop 3812 3228 100 0 0
trop 3900 3228 100 0 0
trop 3948 3228 100 0 0
trop 3980 3228 100 0 0
trop 4012 3220 100 0 0
trop 4028 3220 100 0 0
dom 480 3232 108 0 0
fre 580 3252 13 0 0
fre 596 3244 11 0 0
fre 628 3252 13 0 0
fre 612 3260 13 0 0
fre 620 3252 13 0 0
fre 636 3260 11 0 0
fre 620 3244 11 0 0
fre 668 3236 80 179 179
fre 652 3236 13 0 0
fre 644 3260 11 0 0
stand 680 3256 112 0 0
zabor 752 3248 104 2 8
stand 792 3256 66 0 0
zabor 880 3248 112 2 9
stand 920 3256 66 0 0
lay 1128 3240 9 0 0
stand 1272 3256 16 0 0
stand 1304 3240 16 0 0
stand 1368 3240 16 0 0
trop 1396 3244 36 0 0
trop 1420 3252 36 0 0
dom 1440 3232 49 0 0
fre 1716 3252 82 179 179
fre 1708 3236 80 179 179
trop 1748 3252 99 0 0
trop 1788 3236 111 0 0
dom 1856 3232 50 0 0
dom 1952 3232 52 0 0
dom 2016 3232 51 0 0
trop 2100 3252 110 0 0
trop 2196 3260 100 0 0
dom 2528 3232 61 0 0
trop 2756 3244 99 0 0
fre 2804 3252 13 0 0
fre 2844 3244 11 0 0
fre 2820 3252 13 0 0
tree 2840 3256 28 0 0
fre 2852 3260 11 0 0
zabor 2864 3248 25 0 8
trop 3124 3252 48 0 0
trop 3188 3252 48 0 0
fre 3260 3236 26 0 0
trop 3564 3244 100 0 0
trop 3620 3244 100 0 0
trop 3652 3244 100 0 0
trop 3676 3252 100 0 0
trop 3844 3236 100 0 0
trop 4028 3244 100 0 0
trop 4036 3260 100 0 0
fre 572 3284 13 0 0
tree 600 3288 25 0 0
fre 628 3268 13 0 0
fre 636 3276 13 0 0
fre 628 3276 13 0 0
fre 660 3276 13 0 0
zabor 752 3280 113 2 9
fre 860 3284 7 0 0
zabor 880 3280 105 2 8
vor 900 3268 0 0 0
stand 1016 3272 114 0 0
fre 1180 3268 31 0 0
stand 1432 3288 5 0 0
trop 1548 3292 96 0 0
trop 1676 3284 106 0 0
fre 1740 3276 80 179 179
fre 1820 3268 31 0 0
trop 1884 3292 112 0 0
trop 2140 3292 104 0 0
trop 2260 3268 100 0 0
trop 2308 3268 100 0 0
trop 2356 3268 103 0 0
dom 2432 3264 60 0 0
trop 2556 3284 96 0 0
trop 2684 3268 106 0 0
stand 2824 3272 80 0 0
zabor 2864 3280 26 0 8
dom 2944 3264 44 0 0
stand 3016 3288 5 0 0
stand 3064 3288 63 0 0
stand 3080 3288 63 0 0
stand 3096 3288 31 0 0
stand 3144 3288 63 0 0
stand 3160 3288 63 0 0
stand 3224 3288 63 0 0
stand 3208 3288 39 0 0
stand 3240 3288 63 0 0
dom 3296 3264 90 0 0
trop 3356 3276 104 0 0
trop 3428 3276 100 0 0
trop 3484 3284 100 0 0
trop 3524 3284 100 0 0
trop 3564 3292 100 0 0
trop 3716 3292 100 0 0
trop 3780 3268 100 0 0
trop 3828 3284 100 0 0
trop 3876 3276 100 0 0
trop 3964 3268 100 0 0
trop 3940 3292 100 0 0
trop 4028 3284 100 0 0
trop 4012 3284 100 0 0
zabor 880 3312 112 2 9
stand 2088 3304 44 0 0
trop 2156 3324 100 0 0
trop 2188 3316 100 0 0
trop 2252 3316 100 0 0
trop 2292 3324 100 0 0
fre 2828 3324 82 179 179
fre 2924 3324 80 179 179
trop 3620 3300 100 0 0
trop 3668 3300 100 0 0
trop 3772 3308 100 0 0
trop 3804 3324 100 0 0
trop 3996 3324 100 0 0
trop 100 3348 78 0 0
trop 180 3348 79 0 0
trop 260 3348 78 0 0
trop 340 3348 79 0 0
trop 412 3348 78 0 0
trop 484 3348 79 0 0
trop 564 3348 78 0 0
trop 636 3348 79 0 0
trop 716 3348 78 0 0
trop 796 3348 79 0 0
trop 876 3348 78 0 0
trop 956 3348 79 0 0
trop 1036 3348 78 0 0
trop 1116 3348 79 0 0
trop 1188 3348 78 0 0
trop 1268 3348 79 0 0
trop 1348 3348 78 0 0
trop 1420 3348 79 0 0
trop 1500 3348 78 0 0
trop 1596 3356 105 0 0
stand 1656 3352 120 0 0
trop 1748 3356 107 0 0
trop 1844 3356 79 0 0
trop 1916 3356 78 0 0
trop 1996 3356 79 0 0
trop 2076 3356 78 0 0
trop 2348 3340 100 0 0
trop 2348 3348 100 0 0
trop 2428 3340 79 0 0
trop 2508 3340 78 0 0
trop 2604 3340 105 0 0
stand 2680 3336 120 0 0
trop 2756 3340 107 0 0
fre 2844 3356 80 179 179
trop 2852 3340 79 0 0
trop 2932 3340 78 0 0
trop 3012 3340 79 0 0
trop 3068 3340 78 0 0
trop 3132 3340 49 0 0
trop 3196 3340 49 0 0
trop 3252 3340 79 0 0
trop 3292 3340 78 0 0
trop 3356 3340 102 0 0
trop 3420 3340 102 0 0
trop 3484 3340 102 0 0
trop 3548 3348 100 0 0
trop 3612 3340 100 0 0
trop 3660 3348 100 0 0
trop 3716 3356 100 0 0
trop 3732 3356 100 0 0
trop 3804 3356 100 0 0
trop 3860 3340 100 0 0
trop 3892 3332 100 0 0
trop 3932 3340 100 0 0
trop 3964 3332 100 0 0
trop 4020 3340 100 0 0
trop 4036 3340 100 0 0
trop 2148 3364 100 0 0
trop 2196 3372 100 0 0
trop 2260 3364 100 0 0
trop 2300 3380 100 0 0
fre 2844 3372 80 179 179
fre 2932 3364 82 179 179
stand 3064 3384 63 0 0
stand 3080 3384 63 0 0
stand 3096 3384 31 0 0
stand 3160 3384 63 0 0
stand 3144 3384 63 0 0
stand 3224 3384 63 0 0
stand 3208 3384 39 0 0
stand 3240 3384 63 0 0
trop 3612 3372 100 0 0
trop 3676 3372 100 0 0
trop 3740 3380 100 0 0
trop 3860 3372 100 0 0
trop 3908 3372 100 0 0
trop 3972 3388 100 0 0
trop 4020 3372 100 0 0
trop 4028 3380 100 0 0
fre 148 3420 12 0 0
fre 164 3420 12 0 0
fre 172 3420 13 0 0
fre 180 3412 13 0 0
fre 196 3420 13 0 0
tree 264 3416 17 0 0
fre 308 3420 11 0 0
fre 292 3412 12 0 0
fre 324 3396 11 0 0
fre 348 3420 12 0 0
fre 372 3396 13 0 0
fre 372 3412 13 0 0
fre 404 3404 80 179 179
fre 388 3404 12 0 0
zabor 432 3408 25 0 8
zabor 464 3408 30 0 8
zabor 496 3408 24 0 8
zabor 528 3408 31 0 8
zabor 560 3408 24 0 8
zabor 592 3408 25 0 8
zabor 624 3408 25 0 8
zabor 656 3408 33 0 9
zabor 688 3408 26 0 8
zabor 720 3408 36 0 9
zabor 752 3408 31 0 8
zabor 784 3408 36 0 9
zabor 816 3408 30 0 8
zabor 848 3408 35 0 9
zabor 880 3408 25 0 8
fre 924 3420 11 0 0
fre 924 3404 11 0 0
zabor 912 3408 33 0 9
tree 952 3416 5 0 0
fre 956 3420 13 0 0
fre 940 3412 13 0 0
zabor 944 3408 33 0 9
tree 968 3416 18 0 0
tree 984 3416 49 0 0
fre 972 3404 11 0 0
fre 1020 3420 13 0 0
fre 1020 3412 13 0 0
fre 996 3404 13 0 0
tree 1048 3416 5 0 0
fre 1244 3404 13 0 0
fre 1260 3412 13 0 0
fre 1284 3420 13 0 0
trop 1788 3420 94 0 0
trop 2196 3420 100 0 0
trop 2252 3420 100 0 0
trop 2356 3404 103 0 0
trop 2676 3412 108 0 0
trop 2796 3404 94 0 0
tree 2824 3400 36 0 0
tree 2840 3400 60 0 0
tree 2952 3400 36 0 0
trop 2988 3420 111 0 0
zabor 3024 3408 29 0 8
stand 3048 3416 14 0 0
zabor 3056 3408 26 0 8
stand 3096 3416 114 0 0
zabor 3088 3408 29 0 8
trop 3124 3420 48 0 0
trop 3188 3420 48 0 0
fre 3244 3412 13 0 0
trop 3300 3412 111 0 0
stand 3480 3400 44 0 0
trop 3540 3404 104 0 0
trop 3692 3420 100 0 0
trop 3700 3420 100 0 0
trop 3716 3420 100 0 0
trop 3772 3420 100 0 0
trop 3804 3404 100 0 0
trop 4020 3420 100 0 0
fre 148 3428 12 0 0
fre 156 3436 12 0 0
tree 184 3432 28 0 0
fre 164 3428 12 0 0
fre 204 3436 13 0 0
fre 204 3428 13 0 0
fre 220 3428 13 0 0
fre 236 3452 12 0 0
fre 244 3428 13 0 0
fre 284 3444 13 0 0
fre 276 3444 13 0 0
tree 296 3432 25 0 0
fre 316 3452 12 0 0
fre 292 3452 13 0 0
fre 300 3452 13 0 0
tree 328 3432 60 0 0
fre 332 3436 11 0 0
fre 372 3428 12 0 0
fre 380 3428 13 0 0
fre 380 3436 13 0 0
fre 380 3444 13 0 0
fre 380 3452 13 0 0
fre 364 3436 13 0 0
tree 392 3448 9 0 0
fre 396 3428 13 0 0
zabor 432 3440 25 0 8
fre 500 3444 6 0 0
zabor 912 3440 30 0 8
fre 948 3428 11 0 0
fre 948 3444 13 0 0
fre 940 3436 13 0 0
fre 940 3444 13 0 0
fre 956 3452 13 0 0
fre 948 3436 13 0 0
fre 956 3444 13 0 0
tree 968 3448 12 0 0
fre 972 3444 11 0 0
fre 988 3428 13 0 0
fre 972 3452 13 0 0
fre 964 3428 13 0 0
fre 1004 3428 13 0 0
fre 1012 3428 13 0 0
fre 1028 3452 81 179 179
tree 1032 3432 18 0 0
trop 1084 3452 36 0 0
trop 1108 3452 36 0 0
fre 1180 3444 29 0 0
dom 1408 3424 127 0 0
dom 1536 3424 101 0 0
trop 1588 3444 98 0 0
trop 1668 3428 108 0 0
dom 2048 3424 54 0 0
trop 2140 3428 104 0 0
trop 2300 3444 100 0 0
trop 2596 3428 98 0 0
tree 2824 3432 37 0 0
tree 2856 3432 52 0 0
stand 2952 3432 37 0 0
fre 3028 3428 11 0 0
fre 3036 3428 13 0 0
tree 3064 3448 37 0 0
zabor 3088 3440 30 0 8
stand 3160 3448 23 0 0
fre 3220 3436 81 179 179
tree 3224 3432 13 0 0
fre 3236 3428 82 179 179
fre 3260 3452 13 0 0
fre 3260 3444 11 0 0
fre 3244 3428 11 0 0
fre 3252 3436 12 0 0
dom 3392 3424 123 0 0
trop 3492 3444 110 0 0
trop 3604 3444 100 0 0
trop 3612 3428 100 0 0
trop 3636 3436 100 0 0
trop 3628 3452 100 0 0
trop 3764 3436 100 0 0
trop 3836 3436 100 0 0
trop 3868 3428 100 0 0
trop 3924 3436 100 0 0
trop 3972 3428 100 0 0
trop 4020 3452 100 0 0
fre 268 3484 12 0 0
fre 268 3468 13 0 0
fre 260 3468 13 0 0
tree 312 3480 9 0 0
fre 340 3460 13 0 0
fre 364 3484 82 179 179
tree 376 3464 9 0 0
fre 364 3476 12 0 0
fre 388 3460 12 0 0
fre 396 3460 13 0 0
zabor 432 3472 26 0 8
fre 756 3468 6 0 0
fre 924 3468 11 0 0
zabor 912 3472 27 0 8
fre 948 3460 11 0 0
fre 932 3460 11 0 0
fre 940 3484 13 0 0
fre 988 3460 83 179 179
fre 964 3468 11 0 0
tree 1000 3464 28 0 0
fre 1004 3476 11 0 0
fre 1020 3484 11 0 0
fre 1020 3468 13 0 0
fre 1036 3476 82 179 179
fre 1044 3460 13 0 0
fre 1452 3476 35 0 0
trop 1732 3476 95 0 0
fre 1956 3484 13 0 0
dom 1952 3456 123 0 0
trop 2196 3476 100 0 0
trop 2252 3476 100 0 0
trop 2308 3484 100 0 0
trop 2356 3468 103 0 0
dom 2496 3456 122 0 0
trop 2740 3460 95 0 0
tree 2792 3464 28 0 0
trop 2980 3468 110 0 0
trop 2988 3484 111 0 0
fre 3012 3468 13 0 0
fre 3020 3476 13 0 0
fre 3028 3484 13 0 0
fre 3060 3484 13 0 0
fre 3052 3460 13 0 0
zabor 3088 3472 27 0 8
fre 3236 3460 11 0 0
fre 3268 3460 12 0 0
fre 3308 3476 11 0 0
trop 3300 3460 111 0 0
fre 3340 3476 82 179 179
fre 3356 3484 13 0 0
fre 3340 3484 11 0 0
fre 3364 3476 13 0 0
dom 3456 3456 61 0 0
trop 3540 3468 104 0 0
trop 3604 3484 100 0 0
trop 3660 3476 100 0 0
trop 3716 3476 100 0 0
trop 3748 3476 100 0 0
trop 3796 3484 100 0 0
trop 3844 3484 100 0 0
trop 3892 3484 100 0 0
trop 3924 3476 100 0 0
trop 3964 3476 100 0 0
trop 4004 3484 100 0 0
fre 228 3500 31 0 0
fre 284 3500 12 0 0
fre 364 3500 12 0 0
tree 392 3496 52 0 0
fre 388 3516 12 0 0
fre 388 3500 13 0 0
zabor 432 3504 25 0 8
fre 532 3500 20 0 0
fre 652 3500 0 0 0
fre 804 3516 6 0 0
zabor 912 3504 34 0 9
fre 956 3492 13 0 0
fre 980 3500 11 0 0
tree 1000 3512 5 0 0
fre 1020 3516 11 0 0
fre 1380 3500 82 179 179
tree 1384 3496 26 0 0
fre 1484 3516 13 0 0
dom 1824 3488 124 0 0
fre 1900 3500 13 0 0
fre 1908 3500 13 0 0
fre 1932 3508 13 0 0
fre 1956 3500 13 0 0
fre 1956 3508 13 0 0
dom 2016 3488 49 0 0
trop 2140 3492 104 0 0
trop 2252 3508 100 0 0
trop 2620 3508 110 0 0
trop 2676 3500 77 0 0
dom 2912 3488 59 0 0
fre 3036 3508 81 179 179
fre 3036 3492 11 0 0
fre 3020 3516 13 0 0
fre 3020 3492 13 0 0
fre 3028 3492 13 0 0
fre 3036 3516 13 0 0
fre 3060 3500 81 179 179
tree 3064 3496 37 0 0
fre 3044 3508 13 0 0
zabor 3088 3504 31 0 8
trop 3124 3500 48 0 0
trop 3188 3500 48 0 0
fre 3244 3492 12 0 0
trop 3300 3500 111 0 0
tree 3384 3496 19 0 0
stand 3496 3496 6 0 0
trop 3772 3508 100 0 0
trop 4020 3492 100 0 0
fre 348 3524 80 179 179
tree 360 3544 3 0 0
fre 396 3540 12 0 0
fre 412 3548 12 0 0
fre 388 3532 13 0 0
zabor 432 3536 39 0 9
zabor 464 3536 36 0 9
fre 500 3548 6 0 0
fre 612 3548 7 0 0
fre 708 3524 4 0 0
fre 756 3540 28 0 0
fre 748 3532 26 0 0
fre 812 3540 6 0 0
zabor 912 3536 24 0 8
fre 940 3548 11 0 0
fre 948 3532 11 0 0
fre 940 3540 13 0 0
fre 940 3532 13 0 0
fre 932 3524 13 0 0
lay 1032 3544 1 0 0
trop 1084 3540 36 0 0
trop 1108 3540 36 0 0
fre 1396 3532 14 0 0
fre 1436 3532 14 0 0
tree 1464 3544 3 0 0
fre 1460 3548 13 0 0
dom 1568 3520 51 0 0
trop 1668 3524 77 0 0
trop 1916 3532 109 0 0
fre 1948 3540 13 0 0
trop 1964 3532 109 0 0
trop 2212 3532 100 0 0
trop 2284 3540 100 0 0
trop 2356 3532 103 0 0
dom 2432 3520 53 0 0
tree 2520 3544 60 0 0
dom 2592 3520 61 0 0
stand 2744 3544 13 0 0
dom 2784 3520 60 0 0
fre 2868 3548 13 0 0
fre 2876 3548 13 0 0
fre 2892 3548 13 0 0
fre 2908 3548 13 0 0
fre 2916 3548 13 0 0
fre 2940 3548 13 0 0
fre 2956 3548 13 0 0
trop 2988 3540 111 0 0
fre 3036 3524 30 0 0
fre 3028 3532 11 0 0
tree 3064 3528 37 0 0
fre 3052 3532 11 0 0
zabor 3088 3536 26 0 8
stand 3240 3544 21 0 0
tree 3256 3544 4 0 0
fre 3244 3524 13 0 0
zabor 3248 3536 66 1 8
fre 3276 3540 13 0 0
zabor 3280 3536 65 1 8
tree 3320 3544 4 0 0
fre 3316 3548 12 0 0
zabor 3312 3536 64 1 8
fre 3332 3548 12 0 0
fre 3340 3548 12 0 0
trop 3332 3524 109 0 0
zabor 3344 3536 66 1 8
tree 3384 3544 4 0 0
fre 3372 3548 13 0 0
trop 3388 3524 109 0 0
zabor 3376 3536 64 1 8
stand 3416 3544 21 0 0
zabor 3408 3536 65 1 8
trop 3444 3524 109 0 0
trop 3476 3524 109 0 0
trop 3540 3532 104 0 0
trop 3612 3524 100 0 0
trop 3668 3524 100 0 0
trop 3724 3540 100 0 0
trop 3828 3548 100 0 0
trop 3860 3524 100 0 0
trop 3916 3524 100 0 0
trop 3948 3540 100 0 0
trop 3996 3524 100 0 0
trop 4036 3524 100 0 0
fre 228 3564 7 0 0
fre 372 3556 11 0 0
fre 388 3572 12 0 0
zabor 432 3568 27 0 8
fre 524 3564 6 0 0
fre 572 3556 6 0 0
fre 596 3580 26 0 0
fre 764 3572 6 0 0
fre 780 3580 6 0 0
fre 796 3580 7 0 0
fre 924 3556 11 0 0
zabor 912 3568 26 0 8
fre 940 3572 13 0 0
fre 940 3556 13 0 0
fre 980 3572 80 179 179
fre 972 3556 13 0 0
fre 1164 3580 14 0 0
fre 1172 3572 14 0 0
fre 1196 3572 13 0 0
fre 1188 3572 13 0 0
stand 1272 3576 8 0 0
zabor 1264 3568 26 0 8
zabor 1296 3568 29 0 8
stand 1320 3576 96 0 0
zabor 1328 3568 28 0 8
zabor 1360 3568 24 0 8
fre 1380 3564 14 0 0
zabor 1392 3568 31 0 8
fre 1420 3564 13 0 0
fre 1436 3572 14 0 0
fre 1428 3564 14 0 0
tree 1464 3560 18 0 0
fre 1444 3564 13 0 0
fre 1444 3556 14 0 0
fre 1444 3580 14 0 0
fre 1476 3580 83 179 179
tree 1496 3576 9 0 0
trop 1772 3564 109 0 0
trop 1796 3564 109 0 0
trop 1852 3564 109 0 0
trop 1884 3556 111 0 0
stand 1912 3560 21 0 0
tree 1912 3576 9 0 0
fre 1908 3572 13 0 0
zabor 1904 3568 66 1 8
fre 1940 3580 82 179 179
fre 1948 3572 12 0 0
fre 1924 3564 13 0 0
zabor 1936 3568 65 1 8
stand 1960 3560 21 0 0
tree 1960 3576 9 0 0
zabor 1968 3568 65 1 8
trop 1988 3556 111 0 0
trop 2028 3564 109 0 0
trop 2076 3564 109 0 0
trop 2140 3556 104 0 0
trop 2212 3580 100 0 0
trop 2268 3572 100 0 0
trop 2300 3580 100 0 0
tree 2520 3576 60 0 0
trop 2756 3572 109 0 0
trop 2812 3556 112 0 0
trop 2804 3572 109 0 0
trop 2868 3572 109 0 0
fre 2924 3556 13 0 0
trop 2916 3572 109 0 0
trop 2964 3572 109 0 0
stand 3032 3576 72 0 0
fre 3052 3572 82 179 179
tree 3064 3576 37 0 0
fre 3060 3556 10 0 0
zabor 3088 3568 27 0 8
trop 3124 3580 48 0 0
fre 3252 3556 13 0 0
zabor 3248 3568 65 1 8
fre 3276 3564 11 0 0
fre 3276 3580 12 0 0
fre 3292 3572 13 0 0
fre 3276 3572 13 0 0
fre 3276 3556 13 0 0
fre 3308 3556 12 0 0
fre 3324 3564 13 0 0
fre 3316 3580 13 0 0
fre 3300 3556 13 0 0
fre 3356 3556 13 0 0
fre 3332 3580 13 0 0
fre 3356 3580 13 0 0
fre 3356 3572 13 0 0
fre 3340 3572 13 0 0
fre 3372 3556 13 0 0
zabor 3408 3568 66 1 8
trop 3604 3580 100 0 0
trop 3668 3556 100 0 0
trop 3772 3556 100 0 0
trop 3884 3556 100 0 0
trop 4036 3580 100 0 0
lay 200 3608 16 0 0
zabor 432 3600 28 0 8
fre 508 3588 7 0 0
fre 604 3596 27 0 0
fre 708 3596 0 0 0
zabor 912 3600 27 0 8
fre 948 3604 13 0 0
fre 956 3588 13 0 0
tree 984 3592 29 0 0
fre 988 3596 13 0 0
fre 1180 3604 13 0 0
fre 1172 3604 14 0 0
fre 1196 3596 14 0 0
zabor 1264 3600 28 0 8
fre 1292 3612 14 0 0
zabor 1392 3600 30 0 8
tree 1432 3608 40 0 0
fre 1436 3596 14 0 0
fre 1420 3588 14 0 0
fre 1452 3612 80 179 179
tree 1448 3592 9 0 0
tree 1464 3592 26 0 0
fre 1452 3588 13 0 0
fre 1460 3588 14 0 0
stand 1624 3608 44 0 0
trop 1668 3612 76 0 0
trop 1884 3612 111 0 0
fre 1908 3604 12 0 0
zabor 1904 3600 65 1 8
fre 1948 3604 12 0 0
fre 1932 3604 13 0 0
fre 1948 3596 13 0 0
fre 1948 3588 13 0 0
fre 1940 3596 13 0 0
fre 1924 3588 13 0 0
zabor 1968 3600 64 1 8
trop 2356 3596 103 0 0
trop 2428 3588 109 0 0
trop 2468 3588 109 0 0
trop 2492 3604 111 0 0
tree 2520 3608 60 0 0
stand 2616 3592 44 0 0
trop 2676 3588 76 0 0
fre 2748 3604 11 0 0
zabor 2736 3600 27 0 8
tree 2760 3608 28 0 0
fre 2772 3604 11 0 0
fre 2788 3612 31 0 0
fre 2788 3588 11 0 0
fre 2812 3596 13 0 0
fre 2828 3604 13 0 0
fre 2836 3604 13 0 0
fre 2860 3588 11 0 0
fre 2852 3604 13 0 0
fre 2860 3612 13 0 0
fre 2876 3612 13 0 0
fre 2900 3588 11 0 0
fre 2892 3604 13 0 0
fre 2908 3588 13 0 0
fre 2916 3604 81 179 179
tree 2920 3608 29 0 0
fre 2916 3596 11 0 0
fre 2972 3596 11 0 0
fre 2956 3604 13 0 0
fre 2988 3604 11 0 0
tree 3016 3608 36 0 0
fre 3068 3604 13 0 0
fre 3068 3612 13 0 0
fre 3060 3596 13 0 0
fre 3068 3588 13 0 0
fre 3076 3588 13 0 0
zabor 3088 3600 27 0 8
stand 3176 3608 22 0 0
trop 3196 3588 51 0 0
fre 3228 3588 13 0 0
tree 3256 3608 4 0 0
fre 3244 3596 12 0 0
fre 3260 3588 13 0 0
zabor 3248 3600 66 1 8
fre 3284 3596 12 0 0
fre 3284 3612 13 0 0
fre 3284 3604 13 0 0
fre 3300 3588 11 0 0
fre 3324 3612 13 0 0
fre 3308 3612 13 0 0
fre 3332 3588 13 0 0
fre 3332 3596 13 0 0
fre 3340 3612 13 0 0
fre 3356 3612 13 0 0
tree 3368 3608 4 0 0
fre 3372 3588 13 0 0
zabor 3408 3600 65 1 8
dom 3456 3584 57 0 0
trop 3540 3596 104 0 0
trop 3612 3612 100 0 0
trop 3668 3596 100 0 0
trop 3700 3604 100 0 0
trop 3748 3604 100 0 0
trop 3796 3604 100 0 0
trop 3844 3604 100 0 0
trop 3844 3596 100 0 0
trop 3884 3596 100 0 0
trop 3908 3604 100 0 0
trop 3964 3604 100 0 0
trop 3940 3588 100 0 0
trop 3988 3604 100 0 0
trop 3988 3588 100 0 0
trop 4044 3604 100 0 0
fre 196 3628 6 0 0
fre 340 3620 14 0 0
zabor 432 3632 28 0 8
fre 460 3628 12 0 0
fre 468 3636 12 0 0
fre 468 3620 12 0 0
tree 488 3640 40 0 0
fre 484 3644 12 0 0
fre 620 3636 6 0 0
fre 740 3628 19 0 0
zabor 912 3632 25 0 8
trop 1084 3620 36 0 0
trop 1108 3628 36 0 0
zabor 1264 3632 38 0 9
fre 1308 3636 14 0 0
fre 1292 3620 14 0 0
fre 1292 3644 13 0 0
fre 1284 3636 13 0 0
fre 1284 3628 13 0 0
fre 1316 3636 14 0 0
zabor 1392 3632 25 0 8
tree 1480 3624 9 0 0
dom 1536 3616 48 0 0
fre 1844 3644 31 0 0
stand 1912 3640 13 0 0
tree 1912 3624 9 0 0
zabor 1904 3632 64 1 8
zabor 1936 3632 65 1 8
stand 1960 3640 13 0 0
tree 1960 3624 9 0 0
zabor 1968 3632 65 1 8
trop 2140 3620 104 0 0
trop 2196 3620 100 0 0
trop 2244 3620 100 0 0
trop 2284 3628 100 0 0
trop 2492 3636 111 0 0
tree 2520 3640 60 0 0
fre 2692 3628 80 179 179
zabor 2736 3632 28 0 8
stand 2760 3640 14 0 0
zabor 2768 3632 24 0 8
stand 2792 3640 80 0 0
zabor 2800 3632 25 0 8
zabor 2832 3632 28 0 8
zabor 2864 3632 26 0 8
zabor 2896 3632 26 0 8
zabor 2928 3632 27 0 8
zabor 2960 3632 25 0 8
stand 2984 3640 14 0 0
zabor 2992 3632 26 0 8
zabor 3024 3632 30 0 8
zabor 3056 3632 31 0 8
zabor 3088 3632 28 0 8
stand 3096 3624 114 0 0
zabor 3248 3632 65 1 8
zabor 3280 3632 65 1 8
tree 3320 3624 4 0 0
zabor 3312 3632 66 1 8
fre 3340 3636 13 0 0
fre 3356 3644 13 0 0
zabor 3344 3632 65 1 8
zabor 3376 3632 65 1 8
zabor 3408 3632 64 1 8
trop 3492 3620 110 0 0
stand 3496 3640 44 0 0
trop 3540 3644 104 0 0
trop 3596 3644 100 0 0
trop 3772 3644 110 0 0
fre 252 3676 23 0 0
fre 252 3668 20 0 0
lay 280 3656 21 0 0
fre 332 3652 13 0 0
fre 364 3668 14 0 0
zabor 432 3664 27 0 8
zabor 912 3664 26 0 8
trop 1020 3676 35 0 0
trop 1068 3668 29 0 0
fre 1188 3676 14 0 0
zabor 1264 3664 28 0 8
fre 1300 3660 14 0 0
fre 1324 3676 13 0 0
dom 1376 3648 4 0 0
dom 1792 3648 122 0 0
trop 1876 3676 111 0 0
dom 2048 3648 51 0 0
trop 2212 3676 100 0 0
trop 2260 3676 100 0 0
trop 2284 3668 100 0 0
trop 2356 3652 103 0 0
dom 2432 3648 124 0 0
fre 2524 3676 82 179 179
tree 2520 3672 60 0 0
dom 2592 3648 57 0 0
trop 2676 3660 77 0 0
fre 2772 3668 12 0 0
fre 2764 3660 12 0 0
fre 2780 3676 13 0 0
fre 2788 3676 13 0 0
fre 2796 3668 13 0 0
fre 2796 3676 13 0 0
cliff 2896 3648 26 179 179
cliff 2992 3664 26 179 179
cliff 3296 3664 26 179 179
fre 3372 3652 13 0 0
dom 3424 3648 48 0 0
trop 3636 3652 100 0 0
trop 3676 3652 100 0 0
trop 3724 3660 100 0 0
trop 3764 3660 111 0 0
trop 3804 3676 101 0 0
trop 3868 3676 101 0 0
stand 3880 3656 44 0 0
trop 3932 3676 101 0 0
trop 3972 3676 101 0 0
trop 4044 3652 100 0 0
fre 284 3684 7 0 0
fre 268 3684 26 0 0
fre 348 3708 14 0 0
fre 356 3708 14 0 0
fre 388 3692 13 0 0
fre 404 3708 13 0 0
fre 420 3700 13 0 0
zabor 432 3696 25 0 8
zabor 464 3696 26 0 8
zabor 496 3696 39 0 9
zabor 528 3696 29 0 8
stand 568 3704 14 0 0
zabor 560 3696 25 0 8
zabor 592 3696 31 0 8
stand 632 3704 14 0 0
zabor 624 3696 24 0 8
zabor 656 3696 25 0 8
zabor 688 3696 28 0 8
zabor 720 3696 30 0 8
zabor 752 3696 36 0 9
zabor 784 3696 36 0 9
zabor 816 3696 34 0 9
zabor 848 3696 38 0 9
zabor 880 3696 37 0 9
fre 900 3700 13 0 0
zabor 912 3696 33 0 9
trop 988 3708 30 0 0
trop 964 3692 30 0 0
trop 1044 3700 35 0 0
trop 1092 3692 29 0 0
tree 1240 3704 49 0 0
zabor 1264 3696 26 0 8
tree 1304 3688 37 0 0
trop 1380 3692 34 0 0
dom 1472 3680 56 0 0
trop 1548 3692 112 0 0
trop 1548 3684 112 0 0
stand 1592 3688 5 0 0
trop 1660 3700 91 0 0
trop 1732 3708 109 0 0
trop 1804 3700 109 0 0
trop 1860 3700 109 0 0
trop 2140 3684 104 0 0
trop 2492 3692 111 0 0
tree 2520 3704 60 0 0
trop 2628 3684 110 0 0
trop 2756 3684 34 0 0
fre 2804 3692 80 179 179
tree 2792 3704 36 0 0
tree 2808 3704 9 0 0
fre 2788 3684 13 0 0
cliff 2864 3696 10 179 179
trop 3540 3708 104 0 0
trop 3596 3692 100 0 0
trop 3692 3684 100 0 0
trop 3796 3692 104 0 0
dom 3840 3680 123 0 0
dom 3936 3680 125 0 179
trop 4036 3684 100 0 0
fre 372 3732 12 0 0
tree 392 3720 12 0 0
fre 412 3732 13 0 0
fre 444 3732 14 0 0
fre 452 3732 13 0 0
fre 460 3732 13 0 0
fre 468 3740 13 0 0
fre 500 3740 12 0 0
fre 484 3732 13 0 0
fre 604 3716 26 0 0
fre 612 3716 27 0 0
lay 696 3720 11 0 0
fre 788 3732 12 0 0
fre 868 3724 12 0 0
fre 884 3716 13 0 0
fre 884 3740 13 0 0
fre 908 3724 12 0 0
fre 1020 3732 13 0 0
fre 1012 3740 13 0 0
fre 996 3732 13 0 0
fre 1044 3732 12 0 0
fre 1044 3740 14 0 0
fre 1052 3740 14 0 0
fre 1084 3732 14 0 0
fre 1060 3740 14 0 0
tree 1192 3720 25 0 0
fre 1212 3740 13 0 0
fre 1220 3716 80 179 179
fre 1228 3740 13 0 0
zabor 1264 3728 26 0 8
trop 1388 3732 32 0 0
stand 1432 3720 80 0 0
trop 1892 3740 111 0 0
trop 1892 3724 111 0 0
dom 1920 3712 50 0 0
dom 2016 3712 52 0 0
trop 2196 3740 100 0 0
trop 2228 3740 100 0 0
trop 2276 3732 100 0 0
trop 2284 3732 100 0 0
trop 2356 3716 103 0 0
trop 2492 3716 111 0 0
trop 2524 3732 109 0 0
trop 2556 3732 109 0 0
trop 2604 3732 109 0 0
fre 2732 3740 11 0 0
fre 2740 3740 12 0 0
fre 2740 3716 13 0 0
trop 2772 3724 32 0 0
tree 2792 3720 37 0 0
fre 2900 3740 12 0 0
fre 2892 3724 12 0 0
fre 2916 3724 12 0 0
fre 2940 3732 12 0 0
fre 3004 3724 11 0 0
fre 2988 3740 13 0 0
fre 3036 3740 13 0 0
fre 3044 3732 11 0 0
most 3136 3712 29 0 179
fre 3316 3732 12 0 0
fre 3316 3716 13 0 0
fre 3332 3724 14 0 0
trop 3436 3724 110 0 0
trop 3428 3716 112 0 0
cliff 3424 3712 35 179 179
fre 3468 3732 14 0 0
trop 3484 3724 109 0 0
fre 3532 3740 82 179 179
trop 3652 3716 100 0 0
trop 3708 3740 100 0 0
trop 3684 3740 100 0 0
trop 3724 3724 100 0 0
stand 3800 3720 80 0 0
stand 3848 3720 80 0 0
trop 3860 3732 100 0 0
trop 3916 3732 100 0 0
trop 3956 3724 100 0 0
fre 396 3748 12 0 0
fre 444 3772 14 0 0
fre 468 3748 13 0 0
tree 504 3752 29 0 0
fre 484 3756 13 0 0
fre 532 3764 80 179 179
fre 524 3748 12 0 0
fre 548 3756 14 0 0
lay 680 3768 8 0 0
lay 696 3752 12 0 0
lay 680 3752 14 0 0
fre 708 3764 28 0 0
fre 852 3748 13 0 0
fre 892 3764 13 0 0
fre 908 3772 12 0 0
fre 900 3756 13 0 0
fre 908 3756 13 0 0
fre 908 3764 13 0 0
trop 956 3748 36 0 0
trop 980 3764 36 0 0
fre 1012 3764 14 0 0
tree 1032 3752 36 0 0
fre 1052 3748 12 0 0
fre 1044 3756 14 0 0
fre 1028 3748 14 0 0
fre 1028 3772 14 0 0
fre 1052 3772 13 0 0
fre 1036 3772 13 0 0
fre 1052 3756 13 0 0
fre 1076 3772 80 179 179
fre 1060 3772 12 0 0
fre 1068 3772 12 0 0
fre 1172 3748 14 0 0
fre 1196 3756 14 0 0
tree 1224 3768 12 0 0
fre 1220 3764 13 0 0
fre 1236 3748 13 0 0
fre 1228 3748 13 0 0
zabor 1264 3760 27 0 8
dom 1312 3744 10 0 0
trop 1372 3772 32 0 0
trop 1364 3764 31 0 0
trop 1380 3748 35 0 0
trop 1436 3764 31 0 0
trop 1532 3756 93 0 0
trop 1612 3756 90 0 0
trop 1708 3748 111 0 0
trop 1804 3772 110 0 0
dom 1824 3744 58 0 0
stand 1880 3768 5 0 0
stand 2088 3752 5 0 0
trop 2140 3748 104 0 0
dom 2432 3744 55 0 0
trop 2492 3756 111 0 0
trop 2676 3748 76 0 0
fre 2748 3748 13 0 0
fre 2780 3764 81 179 179
tree 2760 3768 36 0 0
fre 2756 3756 13 0 0
fre 2764 3748 13 0 0
fre 2804 3764 11 0 0
cliff 2864 3760 11 179 179
fre 2908 3764 11 0 0
fre 2892 3756 11 0 0
fre 3004 3764 13 0 0
fre 3028 3756 13 0 0
fre 3012 3756 13 0 0
fre 3020 3772 13 0 0
fre 3020 3756 13 0 0
fre 3044 3748 13 0 0
fre 3284 3748 13 0 0
fre 3300 3772 11 0 0
fre 3340 3764 13 0 0
fre 3348 3764 13 0 0
fre 3340 3756 13 0 0
fre 3348 3756 13 0 0
fre 3332 3748 13 0 0
fre 3364 3772 13 0 0
fre 3436 3748 13 0 0
tree 3464 3752 28 0 0
fre 3476 3756 13 0 0
fre 3460 3764 11 0 0
fre 3492 3748 10 0 0
fre 3532 3756 81 179 179
trop 3540 3772 104 0 0
trop 3588 3748 100 0 0
trop 3612 3756 100 0 0
trop 3796 3756 104 0 0
trop 3932 3772 100 0 0
trop 3972 3772 100 0 0
trop 4020 3748 100 179 179
fre 492 3796 14 0 0
fre 508 3780 13 0 0
fre 484 3780 13 0 0
tree 520 3800 5 0 0
fre 524 3788 12 0 0
fre 540 3780 14 0 0
fre 564 3780 12 0 0
dom 608 3776 40 0 0
fre 772 3788 30 0 0
fre 844 3796 12 0 0
fre 900 3804 12 0 0
fre 1020 3804 14 0 0
fre 1012 3796 13 0 0
tree 1048 3800 17 0 0
fre 1028 3796 14 0 0
zabor 1104 3792 24 0 8
zabor 1136 3792 26 0 8
zabor 1168 3792 27 0 8
zabor 1200 3792 27 0 8
zabor 1232 3792 31 0 8
zabor 1264 3792 25 0 8
fre 1356 3804 36 0 0
tree 1688 3784 5 0 0
trop 1708 3780 111 0 0
trop 1796 3788 111 0 0
trop 1844 3804 101 0 0
trop 1908 3804 101 0 0
trop 1964 3804 101 0 0
trop 2028 3804 101 0 0
trop 2084 3804 101 0 0
trop 2156 3796 100 0 0
trop 2196 3804 100 0 0
trop 2252 3804 100 0 0
trop 2284 3788 100 0 0
trop 2356 3780 103 0 0
trop 2492 3796 111 0 0
dom 2560 3776 54 0 0
fre 2748 3804 13 0 0
fre 2740 3796 13 0 0
fre 2740 3788 13 0 0
fre 2756 3780 13 0 0
trop 2788 3788 36 0 0
fre 2820 3796 11 0 0
fre 2884 3804 11 0 0
fre 2892 3804 13 0 0
fre 2908 3788 13 0 0
fre 2916 3788 13 0 0
fre 2916 3780 13 0 0
fre 2964 3788 13 0 0
fre 2948 3780 13 0 0
fre 2996 3788 13 0 0
fre 3020 3804 12 0 0
fre 3036 3788 13 0 0
fre 3028 3788 13 0 0
fre 3020 3780 13 0 0
fre 3316 3788 11 0 0
fre 3308 3780 11 0 0
fre 3380 3788 11 0 0
fre 3444 3804 10 0 0
fre 3452 3788 11 0 0
fre 3476 3788 14 0 0
fre 3460 3780 14 0 0
fre 3548 3780 81 179 179
fre 3524 3804 80 179 179
trop 3628 3780 100 0 0
trop 3684 3788 100 0 0
trop 3724 3780 100 0 0
trop 3868 3780 100 0 0
trop 3900 3780 100 0 0
fre 228 3812 26 0 0
fre 532 3812 13 0 0
fre 588 3820 6 0 0
fre 700 3812 26 0 0
fre 812 3836 14 0 0
tree 1048 3816 52 0 0
fre 1036 3828 13 0 0
fre 1076 3828 12 0 0
zabor 1104 3824 27 0 8
zabor 1264 3824 30 0 8
stand 1320 3816 72 0 0
trop 1388 3836 36 0 0
fre 1436 3828 80 179 179
trop 1452 3836 92 0 0
trop 1708 3836 111 0 0
trop 1828 3820 104 0 0
trop 2148 3820 100 0 0
trop 2356 3836 103 0 0
trop 2420 3820 109 0 0
fre 2484 3836 11 0 0
trop 2468 3820 109 0 0
trop 2620 3820 110 0 0
trop 2676 3820 77 0 0
lay 2728 3832 1 0 0
fre 2748 3828 12 0 0
fre 2772 3812 11 0 0
fre 2796 3828 14 0 0
fre 2900 3812 13 0 0
fre 2908 3820 13 0 0
fre 2916 3812 11 0 0
fre 2924 3828 11 0 0
fre 2996 3836 13 0 0
tree 3032 3816 17 0 0
fre 3012 3828 13 0 0
fre 3380 3828 12 0 0
fre 3444 3836 11 0 0
tree 3480 3816 29 0 0
fre 3460 3812 11 0 0
fre 3468 3812 11 0 0
fre 3468 3836 13 0 0
fre 3492 3812 14 0 0
trop 3540 3836 104 0 0
trop 3604 3828 100 0 0
trop 3588 3828 100 0 0
trop 3692 3836 100 0 0
trop 3724 3828 100 0 0
trop 3796 3820 104 0 0
dom 3808 3808 124 0 0
trop 3860 3820 100 0 0
trop 3908 3828 100 0 0
trop 3948 3820 100 0 0
trop 4020 3812 100 179 179
trop 4012 3812 100 179 179
fre 140 3860 11 0 0
fre 220 3852 28 0 0
fre 212 3844 23 0 0
fre 548 3868 6 0 0
fre 604 3844 12 0 0
fre 876 3868 14 0 0
fre 900 3868 13 0 0
trop 956 3844 36 0 0
trop 980 3852 36 0 0
zabor 1104 3856 29 0 8
dom 1216 3840 6 0 0
zabor 1264 3856 28 0 8
dom 1536 3840 50 0 0
dom 1632 3840 50 0 0
dom 1760 3840 57 0 0
trop 1892 3860 100 0 0
trop 1956 3844 100 0 0
trop 2004 3852 100 0 0
trop 2060 3860 100 0 0
trop 2100 3860 100 0 0
trop 2156 3852 100 0 0
trop 2204 3860 100 0 0
trop 2228 3860 100 0 0
trop 2276 3852 100 0 0
trop 2300 3852 100 0 0
fre 2492 3844 11 0 0
fre 2476 3844 11 0 0
fre 2484 3860 11 0 0
trop 2516 3844 111 0 0
dom 2560 3840 48 0 0
fre 2740 3860 12 0 0
fre 2764 3852 14 0 0
tree 2808 3848 37 0 0
fre 2796 3852 14 0 0
trop 2788 3868 36 0 0
cliff 2864 3840 10 179 179
fre 2900 3852 13 0 0
fre 2892 3844 13 0 0
fre 2932 3844 11 0 0
fre 3012 3844 13 0 0
fre 3028 3860 13 0 0
fre 3052 3844 13 0 0
tree 3384 3848 25 0 0
fre 3468 3844 13 0 0
cliff 3488 3840 39 179 179
trop 3636 3844 100 0 0
trop 3676 3844 100 0 0
trop 3860 3868 100 0 0
trop 3916 3868 100 0 0
trop 3956 3868 100 0 0
fre 148 3900 13 0 0
fre 140 3892 13 0 0
fre 156 3892 11 0 0
fre 164 3900 11 0 0
fre 220 3892 13 0 0
fre 220 3900 13 0 0
fre 252 3884 13 0 0
fre 252 3876 13 0 0
fre 228 3876 13 0 0
tree 600 3880 59 0 179
tree 664 3896 29 0 179
fre 860 3884 14 0 0
fre 884 3892 13 0 0
fre 876 3876 13 0 0
fre 916 3900 14 0 0
tree 1032 3896 3 0 0
fre 1076 3892 35 0 0
stand 1112 3880 6 0 0
zabor 1104 3888 26 0 8
trop 1300 3884 35 0 0
trop 1460 3892 77 0 0
trop 1556 3900 112 0 0
trop 1652 3900 112 0 0
trop 1708 3876 111 0 0
fre 1732 3892 12 0 0
fre 1732 3884 12 0 0
fre 1820 3900 80 179 179
trop 1828 3884 104 0 0
trop 1948 3892 100 0 0
trop 2052 3900 100 0 0
trop 2260 3900 100 0 0
trop 2292 3900 100 0 0
trop 2356 3900 103 0 0
dom 2400 3872 49 0 0
trop 2516 3900 111 0 0
fre 2540 3892 11 0 0
zabor 2576 3888 28 0 8
fre 2756 3892 31 0 0
fre 2876 3892 13 0 0
fre 2908 3900 13 0 0
fre 2900 3900 13 0 0
fre 3452 3884 13 0 0
fre 3452 3876 13 0 0
fre 3452 3892 13 0 0
tree 3480 3896 26 0 0
fre 3460 3876 13 0 0
fre 3484 3876 13 0 0
fre 3524 3884 80 179 179
trop 3540 3900 104 0 0
trop 3604 3900 100 0 0
trop 3644 3900 100 0 0
trop 3684 3900 100 0 0
trop 3724 3892 100 0 0
stand 3768 3880 5 0 0
trop 3796 3884 104 0 0
trop 3860 3900 100 0 0
trop 4020 3876 100 179 179
fre 124 3916 11 0 0
fre 156 3908 13 0 0
fre 148 3916 11 0 0
fre 132 3916 11 0 0
fre 156 3932 11 0 0
fre 148 3924 11 0 0
fre 180 3908 13 0 0
fre 220 3932 13 0 0
fre 212 3908 13 0 0
fre 820 3924 81 179 179
fre 836 3908 12 0 0
fre 892 3932 14 0 0
fre 900 3924 82 179 179
fre 900 3916 13 0 0
trop 956 3924 36 0 0
trop 980 3932 36 0 0
fre 1020 3924 12 0 0
stand 1064 3928 113 0 0
stand 1112 3928 6 0 0
zabor 1104 3920 24 0 8
zabor 1264 3920 25 0 8
fre 1308 3932 14 0 0
fre 1340 3932 13 0 0
dom 1376 3904 8 0 0
trop 1532 3916 109 0 0
fre 1596 3932 14 0 0
trop 1596 3916 109 0 0
fre 1628 3932 14 0 0
fre 1644 3932 12 0 0
trop 1652 3916 109 0 0
trop 1708 3916 109 0 0
trop 1764 3916 109 0 0
trop 1892 3916 100 0 0
trop 2004 3916 100 0 0
trop 2100 3924 100 0 0
trop 2156 3908 100 0 0
trop 2212 3908 100 0 0
trop 2540 3924 109 0 0
trop 2564 3908 112 0 0
stand 2616 3912 5 0 0
trop 2604 3924 109 0 0
trop 2676 3908 76 0 0
fre 2732 3916 11 0 0
tree 2760 3928 29 0 0
cliff 2864 3920 11 179 179
fre 2988 3908 13 0 0
fre 3012 3932 13 0 0
fre 3452 3908 13 0 0
fre 3468 3916 13 0 0
fre 3468 3908 13 0 0
fre 3492 3908 14 0 0
cliff 3488 3920 39 179 179
trop 3908 3924 100 0 0
trop 3956 3916 100 0 0
fre 148 3956 11 0 0
fre 212 3956 13 0 0
tree 680 3944 34 0 179
fre 852 3956 13 0 0
fre 844 3948 13 0 0
fre 884 3948 14 0 0
fre 892 3956 13 0 0
fre 868 3948 13 0 0
fre 908 3940 13 0 0
fre 900 3956 13 0 0
zabor 1104 3952 27 0 8
zabor 1136 3952 28 0 8
zabor 1168 3952 29 0 8
zabor 1200 3952 29 0 8
fre 1244 3956 13 0 0
zabor 1232 3952 30 0 8
fre 1276 3948 14 0 0
fre 1276 3956 14 0 0
fre 1268 3964 13 0 0
zabor 1264 3952 31 0 8
tree 1304 3960 60 0 0
fre 1292 3940 14 0 0
tree 1336 3960 9 0 0
fre 1340 3948 14 0 0
fre 1332 3940 14 0 0
fre 1316 3940 13 0 0
tree 1368 3944 36 0 0
fre 1396 3964 13 0 0
fre 1396 3956 13 0 0
fre 1388 3956 13 0 0
fre 1380 3956 13 0 0
fre 1420 3964 13 0 0
fre 1524 3940 14 0 0
fre 1532 3948 13 0 0
tree 1544 3944 18 0 0
fre 1548 3956 14 0 0
fre 1556 3956 13 0 0
fre 1540 3948 13 0 0
fre 1556 3948 13 0 0
tree 1576 3960 3 0 0
fre 1596 3940 14 0 0
fre 1572 3964 13 0 0
fre 1580 3956 13 0 0
tree 1608 3960 25 0 0
fre 1628 3940 14 0 0
fre 1620 3956 14 0 0
fre 1628 3964 13 0 0
fre 1612 3948 13 0 0
tree 1656 3960 5 0 0
tree 1640 3960 20 0 0
fre 1644 3948 14 0 0
fre 1636 3956 14 0 0
fre 1652 3948 13 0 0
fre 1660 3940 13 0 0
tree 1672 3960 29 0 0
tree 1688 3960 26 0 0
fre 1668 3948 12 0 0
fre 1676 3948 12 0 0
fre 1684 3948 14 0 0
fre 1692 3956 13 0 0
tree 1720 3944 52 0 0
fre 1716 3940 14 0 0
fre 1708 3948 14 0 0
fre 1700 3948 13 0 0
fre 1724 3964 13 0 0
tree 1736 3960 12 0 0
fre 1732 3940 12 0 0
fre 1732 3948 14 0 0
fre 1756 3956 13 0 0
fre 1748 3948 13 0 0
fre 1748 3940 13 0 0
tree 1768 3960 26 0 0
tree 1768 3944 28 0 0
fre 1812 3956 81 179 179
trop 1828 3948 104 0 0
trop 1948 3956 100 0 0
trop 2060 3956 100 0 0
trop 2164 3948 100 0 0
trop 2228 3964 100 0 0
trop 2252 3964 100 0 0
trop 2300 3964 100 0 0
trop 2356 3964 103 0 0
trop 2428 3956 109 0 0
fre 2436 3956 80 179 179
trop 2460 3948 112 0 0
trop 2452 3948 112 0 0
trop 2484 3956 109 0 0
fre 2524 3964 13 0 0
trop 2508 3948 112 0 0
zabor 2512 3952 31 0 8
fre 2548 3964 13 0 0
zabor 2544 3952 29 0 8
fre 2588 3956 13 0 0
fre 2572 3948 13 0 0
fre 2580 3956 13 0 0
fre 2564 3964 13 0 0
zabor 2576 3952 28 0 8
zabor 2608 3952 26 0 8
trop 2788 3948 36 0 0
fre 3004 3948 13 0 0
fre 3020 3940 13 0 0
fre 3012 3940 13 0 0
most 3168 3936 30 0 179
fre 3476 3940 14 0 0
fre 3460 3948 11 0 0
trop 3540 3964 104 0 0
trop 3612 3956 100 0 0
trop 3604 3956 100 0 0
trop 3676 3940 100 0 0
trop 3724 3940 100 0 0
trop 3796 3940 104 0 0
trop 3884 3964 100 0 0
trop 3908 3964 100 0 0
trop 3956 3964 100 0 0
trop 4020 3940 100 179 179
fre 892 3972 13 0 0
fre 1372 3972 13 0 0
trop 1460 3980 76 0 0
tree 1560 3976 28 0 0
fre 1612 3980 14 0 0
tree 1640 3976 26 0 0
tree 1656 3976 29 0 0
tree 1672 3976 36 0 0
fre 1668 3980 13 0 0
fre 1740 3972 13 0 0
trop 1900 3972 100 0 0
trop 2004 3972 100 0 0
trop 2076 3996 100 0 0
trop 2124 3988 100 0 0
trop 2172 3980 100 0 0
fre 2428 3980 13 0 0
fre 2420 3988 13 0 0
zabor 2416 3984 26 0 8
zabor 2448 3984 31 0 8
fre 2468 3972 11 0 0
fre 2484 3996 13 0 0
fre 2468 3988 13 0 0
zabor 2480 3984 30 0 8
stand 2520 3992 72 0 0
fre 2524 3988 11 0 0
fre 2508 3996 13 0 0
zabor 2512 3984 26 0 8
tree 2552 3976 29 0 0
fre 2556 3988 13 0 0
fre 2548 3972 13 0 0
tree 2584 3976 29 0 0
fre 2572 3972 11 0 0
fre 2572 3988 11 0 0
fre 2612 3980 11 0 0
fre 2620 3972 11 0 0
fre 2596 3996 13 0 0
fre 2596 3980 13 0 0
zabor 2608 3984 25 0 8
trop 2676 3980 77 0 0
trop 3668 3972 100 0 0
trop 3716 3972 100 0 0
trop 3764 3972 112 0 0
trop 3804 3980 100 0 0
trop 3852 3972 100 0 0
trop 4020 3972 100 179 179
trop 1828 4012 104 0 0
trop 1892 4028 100 0 0
trop 1948 4012 100 0 0
trop 2004 4012 100 0 0
trop 2052 4020 100 0 0
trop 2220 4028 100 0 0
trop 2284 4028 100 0 0
trop 2356 4028 103 0 0
fre 2396 4012 13 0 0
fre 2428 4004 13 0 0
fre 2428 4020 13 0 0
zabor 2416 4016 31 0 8
tree 2440 4008 29 0 0
fre 2452 4028 13 0 0
fre 2444 4028 13 0 0
fre 2452 4020 13 0 0
fre 2452 4004 13 0 0
fre 2444 4004 13 0 0
fre 2468 4004 13 0 0
fre 2476 4028 13 0 0
fre 2484 4020 13 0 0
fre 2508 4012 11 0 0
fre 2516 4028 13 0 0
fre 2556 4012 13 0 0
fre 2532 4028 13 0 0
fre 2548 4004 13 0 0
fre 2564 4004 11 0 0
fre 2580 4020 13 0 0
fre 2580 4004 13 0 0
fre 2572 4012 13 0 0
stand 2616 4008 6 0 0
zabor 2608 4016 30 0 8
cliff 2864 4000 10 179 179
cliff 3488 4000 39 179 179
trop 3540 4020 104 0 0
trop 3612 4012 100 0 0
trop 3660 4012 100 0 0
trop 3692 4012 100 0 0
trop 3724 4004 100 0 0
trop 3764 4012 111 179 179
trop 3804 4004 100 179 179
trop 3868 4004 100 179 179
trop 3932 4004 100 179 179
trop 3988 4004 100 179 179
trop 4020 4004 100 179 179
trop 2116 4052 100 0 0
trop 2172 4044 100 0 0
zabor 2416 4048 31 0 8
fre 2492 4036 13 0 0
fre 2476 4060 13 0 0
fre 2500 4036 13 0 0
fre 2524 4036 13 0 0
fre 2556 4044 13 0 0
fre 2564 4060 11 0 0
fre 2620 4052 13 0 0
zabor 2608 4048 28 0 8
trop 2676 4060 76 0 0
zabor 2416 4080 28 0 8
zabor 2608 4080 25 0 8
cliff 3488 4080 39 179 179
