tree 152 152 65 0 179
fre 148 156 1 179 179
fre 164 140 16 179 179
fre 204 156 26 179 179
tree 232 152 43 0 179
fre 228 140 13 179 179
fre 324 156 11 179 179
fre 380 132 9 179 179
fre 452 132 14 179 179
tree 536 152 65 0 179
tree 584 152 44 0 179
fre 588 148 2 179 179
fre 628 140 17 179 179
tree 664 152 65 0 179
tree 648 152 68 0 179
tree 696 152 63 0 179
fre 700 140 10 179 179
tree 712 152 68 0 179
fre 780 156 5 179 179
fre 812 148 16 179 179
fre 1028 156 13 179 179
fre 1044 132 2 179 179
tree 1064 152 63 0 179
fre 1140 148 15 179 179
fre 1180 156 12 179 179
fre 1220 148 10 179 179
fre 1292 148 9 179 179
fre 1452 140 7 179 179
fre 1492 156 2 179 179
fre 1524 148 22 179 179
tree 1576 152 64 0 179
fre 1628 140 15 179 179
fre 1676 148 2 179 179
fre 1708 148 9 179 179
tree 1752 152 69 0 179
fre 1764 140 2 179 179
fre 1820 140 8 179 179
tree 1864 152 50 0 179
fre 1892 148 17 179 179
fre 1956 148 7 179 179
fre 1996 148 11 179 179
fre 2044 148 2 179 179
fre 2076 156 5 179 179
tree 2136 152 64 0 179
tree 2120 152 65 0 179
fre 2148 140 18 179 179
fre 2180 140 12 179 179
fre 2228 148 3 179 179
fre 2284 156 5 179 179
fre 2332 132 9 179 179
fre 2308 156 15 179 179
fre 2340 156 14 179 179
tree 2360 152 4 0 179
tree 2376 152 63 0 179
tree 2392 152 64 0 179
fre 2412 156 2 179 179
fre 2452 156 2 179 179
fre 2436 148 20 179 179
fre 2484 148 1 179 179
fre 2540 132 0 179 179
fre 2588 140 16 179 179
fre 2660 140 5 179 179
tree 2664 152 19 0 179
fre 2692 156 11 179 179
fre 2724 148 2 179 179
fre 2804 148 15 179 179
tree 2808 136 63 0 179
fre 2844 132 12 179 179
tree 2824 152 69 0 179
tree 2840 152 67 0 179
fre 2868 132 0 179 179
fre 2900 148 11 179 179
fre 2932 140 5 179 179
fre 2980 148 13 179 179
fre 3036 140 0 179 179
fre 3100 148 17 179 179
tree 3112 152 66 0 179
tree 3128 152 66 0 179
fre 3164 156 11 179 179
tree 3160 152 67 0 179
fre 3212 132 5 179 179
lay 3224 136 8 0 179
fre 3260 148 15 179 179
cliff 3344 144 8 179 179
fre 3364 156 13 179 179
fre 3460 140 12 179 179
lay 3496 152 11 0 179
fre 3676 140 10 179 179
lay 3656 152 5 0 179
trop 3756 156 35 179 179
fre 3748 140 1 179 179
fre 3788 140 3 179 179
fre 3860 140 9 179 179
fre 3852 156 23 179 179
tree 3896 152 65 0 179
fre 3908 148 14 179 179
tree 3912 152 63 0 179
tree 3912 136 67 0 179
tree 3944 152 67 0 179
fre 196 164 2 179 179
tree 248 168 68 0 179
tree 264 168 64 0 179
fre 292 188 18 179 179
fre 340 172 20 179 179
fre 372 164 1 179 179
fre 412 164 31 179 179
fre 452 172 15 179 179
tree 536 184 4 0 179
fre 540 164 12 179 179
fre 524 180 0 179 179
tree 552 168 64 0 179
fre 660 164 14 179 179
fre 724 172 2 179 179
fre 748 164 28 179 179
tree 792 168 50 0 179
fre 788 180 7 179 179
tree 824 184 66 0 179
fre 1068 172 5 179 179
fre 1132 180 14 179 179
tree 1240 168 65 0 179
fre 1244 172 8 179 179
tree 1272 168 66 0 179
tree 1256 168 67 0 179
fre 1284 180 11 179 179
tree 1320 168 43 0 179
tree 1368 184 64 0 179
tree 1352 184 65 0 179
fre 1372 180 16 179 179
fre 1388 164 5 179 179
tree 1432 184 66 0 179
fre 1436 172 1 179 179
tree 1448 184 64 0 179
fre 1468 180 17 179 179
tree 1512 184 11 0 179
fre 1564 188 9 179 179
fre 1756 164 11 179 179
tree 1816 168 64 0 179
tree 1800 168 63 0 179
fre 1852 164 12 179 179
fre 1868 180 10 179 179
fre 1948 180 23 179 179
fre 1932 180 16 179 179
tree 1992 184 19 0 179
tree 2008 168 63 0 179
tree 1992 168 69 0 179
fre 1996 188 0 179 179
tree 2024 168 66 0 179
fre 2036 180 2 179 179
tree 2056 184 67 0 179
tree 2088 168 57 0 179
tree 2136 184 13 0 179
fre 2116 180 13 179 179
fre 2164 172 7 179 179
fre 2252 164 1 179 179
tree 2408 168 69 0 179
fre 2500 164 11 179 179
fre 2572 172 22 179 179
tree 2600 168 67 0 179
tree 2616 168 68 0 179
fre 2644 188 9 179 179
tree 2632 184 68 0 179
tree 2648 184 63 0 179
tree 2744 168 65 0 179
fre 2772 164 9 179 179
tree 2760 168 65 0 179
tree 2792 168 2 0 179
fre 2836 180 13 179 179
lay 2904 168 20 0 179
lay 2936 184 13 0 179
fre 2988 188 16 179 179
tree 2984 168 69 0 179
tree 3000 184 69 0 179
tree 3016 184 65 0 179
fre 3076 172 12 179 179
tree 3112 184 35 0 179
tree 3160 168 66 0 179
fre 3180 180 1 179 179
fre 3220 180 14 179 179
tree 3224 168 21 0 179
fre 3260 188 20 179 179
fre 3284 164 0 179 179
cliff 3344 176 8 179 179
fre 3364 188 14 179 179
tree 3400 168 67 0 179
tree 3416 168 68 0 179
tree 3416 184 13 0 179
tree 3480 168 35 0 179
fre 3548 188 37 179 179
tree 3576 168 8 0 179
fre 3588 164 81 179 179
fre 3652 180 7 179 179
tree 3656 184 66 0 179
cliff 3696 160 38 179 179
trop 3692 188 12 179 179
trop 3692 180 10 179 179
trop 3708 164 11 179 179
trop 3692 188 24 179 179
trop 3724 180 33 179 179
tree 3768 184 66 0 179
fre 3796 188 2 179 179
trop 3828 180 28 179 179
lay 3816 184 21 0 179
fre 3868 180 16 179 179
tree 3880 168 69 0 179
fre 3932 180 17 179 179
fre 3916 180 20 179 179
tree 3944 184 44 0 179
fre 436 196 2 179 179
fre 1100 196 2 179 179
tree 1176 200 69 0 179
tree 1192 200 63 0 179
fre 1836 196 1 179 179
tree 2648 200 64 0 179
fre 2684 212 0 179 179
tree 2696 216 59 0 179
fre 2740 204 5 179 179
fre 2772 204 12 179 179
fre 2796 196 10 179 179
fre 2868 212 18 179 179
fre 2892 212 2 179 179
lay 2920 216 19 0 179
fre 2948 212 1 179 179
fre 2980 212 11 179 179
fre 3060 212 5 179 179
tree 3048 200 67 0 179
tree 3064 216 69 0 179
tree 3080 216 67 0 179
fre 3148 220 0 179 179
tree 3160 216 63 0 179
tree 3176 216 63 0 179
tree 3208 216 69 0 179
tree 3224 216 67 0 179
fre 3252 220 1 179 179
fre 3380 212 15 179 179
tree 3416 200 58 0 179
tree 3480 216 69 0 179
tree 3496 216 63 0 179
tree 3512 216 66 0 179
tree 3592 216 57 0 179
fre 3652 204 11 179 179
trop 3684 220 3 179 179
trop 3684 204 4 179 179
fre 3724 212 14 179 179
trop 3772 220 31 179 179
tree 3800 200 68 0 179
tree 3800 216 68 0 179
trop 3876 220 27 179 179
tree 3896 216 0 0 179
tree 3928 216 69 0 179
trop 164 236 52 179 179
trop 236 236 52 179 179
trop 308 236 52 179 179
trop 380 236 52 179 179
trop 452 236 52 179 179
trop 628 236 47 179 179
trop 716 236 52 179 179
trop 788 236 52 179 179
trop 860 236 52 179 179
trop 916 236 52 179 179
trop 1076 236 45 179 179
trop 1164 236 52 179 179
trop 1236 236 52 179 179
trop 1308 236 52 179 179
trop 1380 236 52 179 179
trop 1452 236 52 179 179
trop 1524 236 52 179 179
trop 1564 236 52 179 179
trop 1636 236 52 179 179
trop 1708 236 52 179 179
trop 1780 236 52 179 179
trop 1852 236 52 179 179
trop 1924 236 52 179 179
trop 1996 236 52 179 179
trop 2068 236 52 179 179
trop 2140 236 52 179 179
trop 2212 236 52 179 179
trop 2284 236 52 179 179
trop 2356 236 52 179 179
trop 2404 236 52 179 179
trop 2476 236 52 179 179
trop 2556 236 55 179 179
stand 2600 248 38 0 179
tree 2696 232 68 0 179
fre 2828 236 1 179 179
fre 3036 228 4 179 179
tree 3032 232 58 0 179
fre 3116 244 2 179 179
tree 3128 232 68 0 179
tree 3144 232 63 0 179
tree 3160 232 63 0 179
fre 3212 252 7 179 179
tree 3224 232 69 0 179
fre 3236 244 14 179 179
tree 3240 232 64 0 179
tree 3256 248 68 0 179
tree 3416 248 63 0 179
fre 3460 228 83 179 179
tree 3480 248 21 0 179
tree 3512 232 66 0 179
fre 3524 236 82 179 179
tree 3528 232 65 0 179
fre 3596 244 14 179 179
cliff 3696 240 40 179 179
dom 3680 224 40 0 179
fre 3724 252 13 179 179
fre 3740 252 12 179 179
fre 3772 252 8 179 179
fre 3748 236 22 179 179
tree 3800 248 50 0 179
fre 3836 236 30 179 179
fre 3916 228 7 179 179
trop 3948 252 15 179 179
fre 3940 228 26 179 179
stand 600 280 7 0 179
stand 760 264 62 0 179
stand 1016 280 7 0 179
fre 3660 268 0 179 179
fre 3852 260 15 179 179
lay 3896 264 13 0 179
trop 164 300 52 179 179
trop 236 300 52 179 179
trop 308 300 52 179 179
trop 380 300 52 179 179
trop 452 300 52 179 179
trop 532 300 46 179 179
trop 708 300 52 179 179
trop 724 300 52 179 179
trop 900 300 47 179 179
trop 988 300 44 179 179
trop 1164 300 52 179 179
trop 1236 300 52 179 179
trop 1308 300 52 179 179
trop 1380 300 52 179 179
trop 1556 300 47 179 179
trop 1636 300 52 179 179
trop 1708 300 52 179 179
trop 1780 300 52 179 179
trop 1852 300 52 179 179
trop 1924 300 52 179 179
trop 1996 300 52 179 179
trop 2068 300 52 179 179
trop 2140 300 52 179 179
trop 2316 300 47 179 179
trop 2364 308 52 179 179
trop 2436 308 52 179 179
trop 2508 308 52 179 179
trop 2580 308 52 179 179
trop 2652 308 52 179 179
trop 2724 308 52 179 179
trop 2796 308 52 179 179
trop 2868 308 52 179 179
trop 2940 308 52 179 179
trop 3012 308 52 179 179
trop 3084 308 52 179 179
trop 3156 308 52 179 179
trop 3228 308 52 179 179
trop 3724 308 52 179 179
trop 3796 308 52 179 179
trop 3868 308 52 179 179
trop 3940 308 52 179 179
stand 872 344 7 0 179
stand 1528 344 7 0 179
stand 1912 328 15 0 179
stand 2296 344 7 0 179
fre 3268 348 4 179 179
most 3392 320 27 0 179
most 3616 320 26 0 179
fre 3700 348 16 179 179
fre 3860 340 2 179 179
trop 164 364 52 179 179
trop 236 364 52 179 179
trop 308 364 52 179 179
trop 380 364 52 179 179
trop 452 364 52 179 179
trop 524 364 52 179 179
trop 580 364 52 179 179
trop 652 364 52 179 179
trop 724 364 52 179 179
trop 804 364 46 179 179
trop 988 364 52 179 179
trop 1060 364 52 179 179
trop 1132 364 52 179 179
trop 1204 364 52 179 179
trop 1236 364 52 179 179
trop 1308 364 52 179 179
trop 1380 364 52 179 179
trop 1460 364 46 179 179
trop 1644 364 52 179 179
trop 1716 364 52 179 179
trop 1780 364 52 179 179
trop 1852 364 52 179 179
trop 1924 364 52 179 179
trop 1996 364 52 179 179
trop 2068 364 52 179 179
trop 2140 364 52 179 179
trop 2220 364 46 179 179
trop 2404 364 52 179 179
trop 2476 364 52 179 179
trop 2548 364 52 179 179
trop 2620 364 52 179 179
trop 2700 364 52 179 179
trop 2772 364 52 179 179
trop 2844 364 52 179 179
trop 2916 364 52 179 179
trop 2996 364 55 179 179
stand 3048 376 38 0 179
tree 3160 376 67 0 179
fre 3228 380 23 179 179
fre 3244 364 3 179 179
fre 3676 372 2 179 179
tree 3672 360 69 0 179
tree 3688 360 66 0 179
tree 3704 360 69 0 179
tree 3720 360 66 0 179
fre 3756 356 7 179 179
tree 3768 376 68 0 179
fre 3812 364 5 179 179
tree 3832 360 67 0 179
fre 3892 356 11 179 179
fre 3900 364 28 179 179
fre 3916 372 1 179 179
fre 260 396 5 179 179
tree 376 408 67 0 179
fre 436 396 11 179 179
tree 504 408 63 0 179
fre 572 404 11 179 179
tree 824 408 69 0 179
tree 808 408 66 0 179
zabor 880 400 31 0 8
zabor 912 400 25 0 8
zabor 944 400 31 0 8
zabor 976 400 26 0 8
stand 984 408 80 0 179
zabor 1008 400 29 0 8
zabor 1040 400 27 0 8
zabor 1072 400 29 0 8
stand 1176 408 56 0 179
zabor 1296 400 66 1 8
zabor 1328 400 65 1 8
zabor 1360 400 64 1 8
zabor 1392 400 66 1 8
zabor 1424 400 66 1 8
zabor 1456 400 65 1 8
zabor 1488 400 64 1 8
lay 1576 408 9 0 179
fre 1780 396 9 179 179
fre 1932 412 17 179 179
fre 2468 404 14 179 179
fre 2516 412 0 179 179
fre 2740 412 3 179 179
tree 3096 408 68 0 179
tree 3112 408 67 0 179
tree 3128 408 66 0 179
tree 3128 392 63 0 179
fre 3140 404 0 179 179
tree 3160 392 66 0 179
fre 3188 388 7 179 179
fre 3172 388 13 179 179
fre 3196 412 28 179 179
tree 3176 392 68 0 179
tree 3176 408 64 0 179
tree 3208 408 2 0 179
fre 3252 412 9 179 179
tree 3256 408 65 0 179
fre 3284 404 0 179 179
fre 3700 388 28 179 179
fre 3732 396 11 179 179
tree 3720 408 50 0 179
fre 3764 388 1 179 179
fre 3796 412 14 179 179
tree 3784 392 69 0 179
tree 3800 392 68 0 179
tree 3800 408 67 0 179
tree 3816 392 67 0 179
tree 3832 392 64 0 179
tree 3832 408 65 0 179
fre 3852 396 9 179 179
tree 3896 408 68 0 179
fre 3932 412 5 179 179
lay 3944 392 11 0 179
tree 152 424 68 0 179
tree 136 424 69 0 179
tree 168 440 66 0 179
tree 248 424 11 0 179
fre 244 436 0 179 179
fre 308 420 81 179 179
tree 344 424 51 0 179
fre 364 436 82 179 179
fre 396 444 80 179 179
fre 452 444 10 179 179
fre 476 420 14 179 179
tree 488 440 65 0 179
tree 536 440 2 0 179
fre 524 444 7 179 179
fre 668 436 18 179 179
tree 728 440 68 0 179
tree 728 424 63 0 179
tree 712 424 68 0 179
fre 788 420 12 179 179
tree 808 424 67 0 179
zabor 880 432 28 0 8
trop 916 444 104 179 179
dom 896 416 39 0 179
trop 932 436 101 179 179
trop 996 436 101 179 179
trop 1060 436 101 179 179
trop 1124 436 101 179 179
trop 1188 436 101 179 179
stand 1224 440 89 0 179
trop 1252 436 101 179 179
zabor 1296 432 65 1 8
trop 1316 436 101 179 179
trop 1380 436 101 179 179
trop 1436 436 101 179 179
trop 1444 444 103 179 179
zabor 1488 432 65 1 8
fre 1564 420 11 179 179
tree 1624 424 65 0 179
tree 1640 424 68 0 179
fre 1644 436 8 179 179
fre 1692 420 28 179 179
tree 1704 440 67 0 179
fre 1716 420 10 179 179
fre 1836 420 8 179 179
fre 1828 428 0 179 179
tree 1880 440 68 0 179
tree 1880 424 67 0 179
tree 1912 440 69 0 179
tree 1896 440 66 0 179
tree 1928 440 64 0 179
lay 1960 424 10 0 179
fre 1972 436 10 179 179
tree 2040 440 69 0 179
tree 2024 424 68 0 179
tree 2072 440 65 0 179
tree 2056 440 63 0 179
fre 2100 428 11 179 179
fre 2116 420 0 179 179
zabor 2128 432 29 0 8
zabor 2160 432 30 0 8
fre 2196 436 9 179 179
zabor 2192 432 24 0 8
zabor 2224 432 25 0 8
zabor 2256 432 29 0 8
zabor 2288 432 29 0 8
zabor 2320 432 25 0 8
zabor 2352 432 25 0 8
zabor 2384 432 28 0 8
zabor 2416 432 27 0 8
zabor 2448 432 28 0 8
fre 2484 444 2 179 179
zabor 2480 432 30 0 8
zabor 2512 432 25 0 8
tree 2520 440 69 0 179
zabor 2544 432 31 0 8
tree 2552 440 4 0 179
zabor 2576 432 28 0 8
zabor 2608 432 25 0 8
zabor 2640 432 29 0 8
zabor 2672 432 25 0 8
zabor 2704 432 25 0 8
tree 2760 440 66 0 179
fre 2804 436 80 179 179
tree 2792 440 64 0 179
tree 2808 440 68 0 179
tree 2840 424 57 0 179
tree 2872 424 63 0 179
tree 2888 424 63 0 179
tree 2904 440 63 0 179
tree 2920 440 66 0 179
fre 3076 436 9 179 179
fre 3116 428 2 179 179
tree 3128 440 50 0 179
fre 3164 444 14 179 179
fre 3212 436 5 179 179
lay 3224 440 9 0 179
fre 3252 444 26 179 179
tree 3256 424 67 0 179
fre 3268 444 2 179 179
tree 3272 424 67 0 179
tree 3272 440 65 0 179
tree 3288 440 69 0 179
tree 3464 440 63 0 179
lay 3608 440 2 0 179
tree 3688 440 68 0 179
fre 3740 436 12 179 179
fre 3764 428 2 179 179
fre 3772 436 9 179 179
fre 3812 420 18 179 179
tree 3816 424 64 0 179
fre 3868 436 0 179 179
fre 3868 420 13 179 179
tree 3912 424 63 0 179
tree 3928 440 66 0 179
tree 152 472 50 0 179
fre 140 476 3 179 179
fre 140 452 17 179 179
tree 184 456 64 0 179
fre 212 452 83 179 179
fre 260 452 2 179 179
tree 296 456 65 0 179
tree 424 456 64 0 179
tree 424 472 68 0 179
tree 472 472 69 0 179
fre 460 468 3 179 179
tree 488 456 66 0 179
tree 504 472 63 0 179
tree 488 472 66 0 179
fre 700 460 9 179 179
tree 760 472 21 0 179
fre 836 452 10 179 179
zabor 880 464 26 0 8
trop 916 468 104 179 179
dom 1056 448 13 0 179
zabor 1296 464 64 1 8
dom 1344 448 36 0 179
dom 1408 448 36 0 179
zabor 1488 464 64 1 8
tree 1560 456 19 0 179
fre 1620 468 16 179 179
fre 1644 468 2 179 179
tree 1688 472 13 0 179
fre 1844 460 14 179 179
fre 1948 460 4 179 179
fre 2052 460 5 179 179
tree 2120 472 67 0 179
fre 2228 452 13 179 179
fre 2260 476 4 179 179
fre 2348 468 3 179 179
fre 2420 468 1 179 179
fre 2460 460 4 179 179
tree 2456 456 64 0 179
tree 2440 472 63 0 179
fre 2516 452 13 179 179
fre 2628 452 1 179 179
fre 2652 476 4 179 179
tree 2664 456 64 0 179
zabor 2704 464 31 0 8
fre 2724 452 3 179 179
fre 2748 476 11 179 179
tree 2840 472 13 0 179
fre 2860 452 82 179 179
fre 2892 460 80 179 179
tree 3000 456 43 0 179
fre 3012 452 15 179 179
fre 3204 468 31 179 179
tree 3288 456 66 0 179
fre 3404 476 0 179 179
fre 3420 452 10 179 179
fre 3428 476 28 179 179
tree 3480 456 66 0 179
tree 3496 456 63 0 179
tree 3496 472 66 0 179
tree 3512 472 68 0 179
tree 3544 456 63 0 179
tree 3576 472 69 0 179
stand 3608 472 96 0 179
fre 3668 460 0 179 179
fre 3708 460 1 179 179
fre 3812 476 11 179 179
fre 3900 476 10 179 179
tree 3880 456 19 0 179
fre 3916 468 1 179 179
tree 3944 456 68 0 179
tree 3960 472 64 0 179
tree 280 504 35 0 179
tree 408 488 4 0 179
fre 396 492 81 179 179
fre 660 484 1 179 179
tree 744 504 64 0 179
fre 756 492 2 179 179
tree 824 504 67 0 179
tree 808 488 65 0 179
zabor 880 496 28 0 8
trop 972 508 100 179 179
zabor 1296 496 64 1 8
trop 1444 508 103 179 179
zabor 1488 496 64 1 8
tree 1512 488 65 0 179
fre 1532 500 4 179 179
fre 1556 492 26 179 179
fre 1580 492 7 179 179
fre 1692 484 5 179 179
fre 1716 500 13 179 179
fre 1772 508 14 179 179
fre 1900 484 1 179 179
tree 2136 504 68 0 179
tree 2120 488 65 0 179
tree 2152 504 69 0 179
fre 2236 508 14 179 179
fre 2316 484 13 179 179
fre 2388 492 11 179 179
fre 2484 508 9 179 179
fre 2492 508 14 179 179
fre 2588 508 0 179 179
fre 2612 484 12 179 179
zabor 2704 496 29 0 8
fre 2860 500 80 179 179
tree 2856 488 59 0 179
tree 2856 504 43 0 179
tree 2952 504 68 0 179
tree 2952 488 67 0 179
tree 2968 504 66 0 179
fre 3036 508 82 179 179
tree 3048 488 69 0 179
tree 3064 504 67 0 179
tree 3080 504 64 0 179
fre 3188 500 2 179 179
fre 3204 500 3 179 179
fre 3244 492 1 179 179
fre 3252 484 15 179 179
tree 3448 488 4 0 179
tree 3528 488 65 0 179
tree 3544 488 64 0 179
tree 3544 504 64 0 179
fre 3572 492 83 179 179
tree 3608 504 11 0 179
fre 3764 492 29 179 179
tree 136 536 63 0 179
tree 136 520 65 0 179
fre 204 516 33 179 179
tree 392 520 68 0 179
fre 476 516 12 179 179
tree 520 536 69 0 179
fre 644 524 5 179 179
fre 716 532 4 179 179
fre 796 516 14 179 179
lay 824 536 3 0 179
zabor 880 528 31 0 8
trop 916 532 104 179 179
trop 1028 516 100 179 179
trop 1060 516 100 179 179
trop 1100 516 100 179 179
trop 1148 516 100 179 179
trop 1180 516 100 179 179
trop 1244 516 100 179 179
trop 1308 516 100 179 179
trop 1372 516 100 179 179
dom 1408 512 36 0 179
zabor 1488 528 65 1 8
tree 1512 520 69 0 179
tree 1512 536 67 0 179
fre 1508 532 14 179 179
fre 1564 540 31 179 179
fre 1660 532 27 179 179
fre 1884 532 15 179 179
fre 2108 540 16 179 179
tree 2120 520 50 0 179
tree 2152 520 65 0 179
fre 2332 540 0 179 179
fre 2356 516 3 179 179
fre 2540 540 15 179 179
fre 2556 540 28 179 179
fre 2620 532 3 179 179
fre 2700 532 5 179 179
zabor 2704 528 31 0 8
fre 2740 532 2 179 179
tree 2728 536 63 0 179
fre 2836 540 83 179 179
fre 2884 532 82 179 179
fre 2956 524 80 179 179
tree 2984 520 63 0 179
fre 3036 532 81 179 179
tree 3096 520 65 0 179
tree 3112 520 63 0 179
tree 3128 536 69 0 179
fre 3300 532 12 179 179
tree 3304 520 63 0 179
tree 3304 536 67 0 179
cliff 3360 528 11 179 179
lay 3400 520 10 0 179
tree 3432 520 16 0 179
tree 3464 536 66 0 179
fre 3508 540 35 179 179
fre 3660 516 2 179 179
fre 3724 524 0 179 179
fre 3844 516 2 179 179
fre 3876 524 19 179 179
tree 152 568 64 0 179
tree 152 552 68 0 179
tree 248 552 68 0 179
tree 280 568 51 0 179
fre 284 564 82 179 179
fre 340 548 83 179 179
tree 360 568 57 0 179
fre 460 556 9 179 179
tree 520 552 69 0 179
tree 536 568 64 0 179
tree 552 568 64 0 179
fre 572 564 15 179 179
fre 596 548 11 179 179
fre 644 548 10 179 179
fre 700 548 11 179 179
zabor 880 560 25 0 8
dom 1088 544 12 0 179
trop 1244 572 100 179 179
trop 1372 572 100 179 179
stand 1368 552 81 0 179
trop 1444 572 103 179 179
zabor 1488 560 66 1 8
fre 1628 564 1 179 179
fre 1700 556 2 179 179
fre 1788 548 3 179 179
fre 1764 564 9 179 179
fre 1972 548 0 179 179
fre 2004 572 19 179 179
fre 2020 548 12 179 179
fre 2084 564 31 179 179
lay 2184 552 5 0 179
fre 2180 564 3 179 179
fre 2228 556 18 179 179
fre 2332 548 26 179 179
fre 2396 548 11 179 179
fre 2412 556 5 179 179
fre 2508 548 7 179 179
fre 2668 556 1 179 179
zabor 2704 560 30 0 8
tree 2728 568 66 0 179
tree 2840 552 59 0 179
tree 2904 552 13 0 179
tree 2936 568 66 0 179
lay 3032 568 22 0 179
fre 3084 548 81 179 179
fre 3124 564 80 179 179
tree 3304 568 51 0 179
fre 3412 548 80 179 179
tree 3400 568 2 0 179
fre 3484 564 82 179 179
tree 3464 552 65 0 179
tree 3464 568 69 0 179
tree 3528 552 11 0 179
tree 3544 552 21 0 179
tree 3560 568 43 0 179
tree 3592 568 67 0 179
fre 3700 572 13 179 179
cliff 3712 544 39 179 179
lay 3752 552 18 0 179
fre 3796 564 15 179 179
tree 3928 552 43 0 179
fre 180 588 14 179 179
tree 248 584 58 0 179
tree 296 584 63 0 179
fre 356 604 12 179 179
tree 408 584 50 0 179
fre 388 604 14 179 179
fre 428 580 13 179 179
tree 584 584 13 0 179
fre 652 604 29 179 179
fre 796 588 5 179 179
zabor 880 592 27 0 8
trop 916 596 104 179 179
trop 932 580 102 179 179
trop 972 580 102 179 179
trop 1044 588 100 179 179
trop 1028 580 100 179 179
zabor 1040 592 65 1 8
trop 1100 580 100 179 179
trop 1148 580 100 179 179
zabor 1136 592 66 1 8
trop 1180 580 100 179 179
zabor 1168 592 66 1 8
zabor 1200 592 64 1 8
zabor 1232 592 65 1 8
zabor 1264 592 66 1 8
trop 1308 580 100 179 179
zabor 1296 592 64 1 8
dom 1344 576 34 0 179
stand 1400 600 117 0 179
zabor 1488 592 66 1 8
stand 1496 600 117 0 179
fre 1508 580 12 179 179
fre 1668 596 1 179 179
fre 1900 604 5 179 179
tree 2040 584 51 0 179
fre 2108 596 30 179 179
tree 2152 600 66 0 179
fre 2204 604 31 179 179
fre 2332 588 4 179 179
fre 2372 596 16 179 179
fre 2428 580 23 179 179
fre 2484 580 3 179 179
fre 2556 604 1 179 179
fre 2588 604 10 179 179
zabor 2704 592 25 0 8
fre 2716 580 7 179 179
tree 2728 584 66 0 179
fre 2804 596 82 179 179
tree 2792 584 63 0 179
tree 2808 584 67 0 179
tree 2824 584 68 0 179
tree 2856 600 66 0 179
tree 3000 600 4 0 179
tree 3128 600 21 0 179
fre 3156 604 82 179 179
tree 3160 584 65 0 179
tree 3160 600 63 0 179
tree 3176 600 67 0 179
tree 3192 584 11 0 179
fre 3244 604 18 179 179
fre 3268 596 26 179 179
cliff 3328 592 7 179 179
cliff 3360 592 22 179 179
fre 3364 604 14 179 179
tree 3464 584 63 0 179
fre 3556 604 33 179 179
tree 3608 584 69 0 179
fre 3628 580 2 179 179
fre 3700 580 2 179 179
tree 3688 584 63 0 179
tree 3704 584 68 0 179
tree 3704 600 68 0 179
fre 3740 588 9 179 179
tree 3720 600 66 0 179
fre 3916 604 5 179 179
tree 3928 584 65 0 179
fre 148 612 17 179 179
tree 152 632 69 0 179
tree 184 632 69 0 179
fre 164 636 12 179 179
fre 212 612 16 179 179
fre 508 620 12 179 179
fre 780 636 32 179 179
fre 828 628 7 179 179
tree 984 632 11 0 179
fre 988 628 26 179 179
fre 980 628 26 179 179
fre 980 636 26 179 179
fre 988 636 5 179 179
fre 996 636 26 179 179
fre 996 628 26 179 179
zabor 1040 624 66 1 8
stand 1080 616 3 0 179
zabor 1136 624 65 1 8
trop 1444 628 103 179 179
trop 1444 636 103 179 179
zabor 1488 624 28 0 8
fre 1516 636 28 179 179
fre 1588 620 4 179 179
fre 1796 636 2 179 179
fre 1948 628 11 179 179
fre 2052 628 9 179 179
tree 2168 632 67 0 179
tree 2168 616 69 0 179
tree 2152 616 64 0 179
fre 2156 628 0 179 179
fre 2284 636 14 179 179
fre 2308 628 9 179 179
fre 2340 628 2 179 179
zabor 2704 624 25 0 8
tree 2728 632 64 0 179
tree 2792 632 65 0 179
tree 2808 632 69 0 179
tree 2824 632 66 0 179
fre 3052 612 34 179 179
fre 3140 628 81 179 179
tree 3176 616 69 0 179
tree 3192 632 65 0 179
tree 3320 632 68 0 179
fre 3340 636 11 179 179
fre 3404 636 1 179 179
fre 3396 612 3 179 179
fre 3412 636 12 179 179
tree 3448 616 63 0 179
fre 3460 636 26 179 179
fre 3476 612 81 179 179
tree 3464 632 66 0 179
tree 3480 632 68 0 179
tree 3496 632 66 0 179
tree 3624 632 24 0 179
fre 3708 612 11 179 179
cliff 3712 624 40 179 179
tree 3720 616 63 0 179
fre 3748 612 26 179 179
fre 3812 612 9 179 179
fre 3868 612 16 179 179
fre 3924 620 2 179 179
tree 184 648 63 0 179
fre 228 660 13 179 179
fre 284 660 14 179 179
lay 328 648 14 0 179
tree 360 648 63 0 179
fre 404 668 8 179 179
fre 412 660 16 179 179
tree 424 664 4 0 179
fre 468 652 0 179 179
lay 568 648 14 0 179
fre 604 660 17 179 179
fre 708 644 2 179 179
trop 980 660 100 179 179
fre 980 644 26 179 179
fre 988 644 26 179 179
fre 996 644 26 179 179
trop 1052 644 102 179 179
trop 1036 652 104 179 179
zabor 1040 656 64 1 8
zabor 1072 656 66 1 8
trop 1116 644 102 179 179
zabor 1104 656 66 1 8
zabor 1136 656 64 1 8
trop 1180 644 102 179 179
trop 1244 644 102 179 179
stand 1240 664 13 0 179
trop 1308 644 102 179 179
trop 1372 644 102 179 179
trop 1436 644 102 179 179
fre 1492 668 3 179 179
zabor 1488 656 29 0 8
fre 1508 668 2 179 179
fre 1532 668 0 179 179
zabor 1520 656 27 0 8
fre 1516 660 2 179 179
zabor 1552 656 31 0 8
tree 1560 664 35 0 179
fre 1556 660 0 179 179
tree 1592 664 64 0 179
zabor 1616 656 26 0 8
fre 1604 660 26 179 179
fre 1628 652 15 179 179
fre 1644 660 11 179 179
zabor 1648 656 30 0 8
zabor 1680 656 25 0 8
tree 1688 648 65 0 179
tree 1672 648 66 0 179
zabor 1712 656 30 0 8
tree 1720 664 68 0 179
tree 1704 664 69 0 179
fre 1724 652 11 179 179
zabor 1744 656 26 0 8
fre 1764 668 0 179 179
zabor 1776 656 29 0 8
fre 1812 668 1 179 179
zabor 1808 656 24 0 8
fre 1852 668 12 179 179
zabor 1840 656 29 0 8
tree 1880 664 67 0 179
fre 1900 668 0 179 179
tree 1944 648 66 0 179
fre 1964 668 14 179 179
tree 1976 648 69 0 179
tree 1960 648 67 0 179
fre 1980 660 14 179 179
tree 2008 664 64 0 179
tree 1992 664 66 0 179
tree 2040 664 68 0 179
fre 2028 660 4 179 179
zabor 2064 656 24 0 8
tree 2056 648 66 0 179
zabor 2096 656 30 0 8
fre 2108 668 20 179 179
fre 2236 644 12 179 179
fre 2388 644 5 179 179
fre 2476 652 9 179 179
fre 2556 668 26 179 179
fre 2668 652 14 179 179
fre 2716 644 9 179 179
zabor 2704 656 29 0 8
fre 2756 644 15 179 179
tree 2888 648 11 0 179
fre 2932 644 80 179 179
fre 2996 644 83 179 179
lay 3048 648 6 0 179
tree 3112 664 66 0 179
fre 3196 668 80 179 179
fre 3260 652 12 179 179
fre 3284 644 17 179 179
fre 3316 660 14 179 179
tree 3352 664 59 0 179
cliff 3408 640 23 179 179
fre 3444 644 8 179 179
fre 3508 652 82 179 179
tree 3496 648 66 0 179
tree 3512 648 21 0 179
tree 3592 664 11 0 179
cliff 3728 640 33 179 179
tree 3752 664 69 0 179
lay 3784 648 8 0 179
fre 3820 644 1 179 179
fre 3852 668 17 179 179
fre 3900 660 11 179 179
tree 3912 664 68 0 179
fre 148 676 10 179 179
tree 168 680 28 0 179
fre 284 684 15 179 179
lay 296 696 21 0 179
cliff 336 688 17 179 179
fre 364 700 31 179 179
fre 388 676 18 179 179
tree 472 680 64 0 179
tree 472 696 65 0 179
cliff 464 688 14 179 179
tree 568 680 64 0 179
cliff 544 688 21 179 179
tree 632 696 64 0 179
fre 820 700 12 179 179
tree 856 696 68 0 179
tree 840 696 69 0 179
trop 956 700 89 179 179
trop 1812 692 127 179 179
tree 1944 680 59 0 179
tree 2024 680 11 0 179
fre 2068 676 13 179 179
zabor 2096 688 26 0 8
zabor 2128 688 27 0 8
fre 2164 700 15 179 179
zabor 2160 688 30 0 8
tree 2168 680 67 0 179
fre 2148 684 13 179 179
tree 2200 696 19 0 179
fre 2180 684 10 179 179
fre 2220 692 3 179 179
fre 2276 676 0 179 179
fre 2292 700 3 179 179
fre 2332 684 12 179 179
fre 2612 684 17 179 179
fre 2644 684 2 179 179
zabor 2704 688 25 0 8
fre 2740 676 7 179 179
tree 2728 696 66 0 179
tree 2872 696 65 0 179
fre 2940 700 14 179 179
fre 2948 692 9 179 179
tree 2984 696 57 0 179
tree 3016 696 68 0 179
tree 3032 696 69 0 179
tree 3048 680 35 0 179
tree 3080 680 69 0 179
tree 3128 680 65 0 179
tree 3176 680 4 0 179
tree 3272 696 65 0 179
fre 3300 676 4 179 179
tree 3384 680 69 0 179
tree 3384 696 64 0 179
fre 3524 692 7 179 179
tree 3592 680 35 0 179
fre 3628 684 80 179 179
tree 3656 680 65 0 179
tree 3752 680 67 0 179
tree 3800 696 13 0 179
fre 3828 692 0 179 179
fre 3876 676 2 179 179
tree 3912 680 67 0 179
tree 3928 680 65 0 179
tree 3928 696 63 0 179
tree 3944 696 65 0 179
tree 168 728 0 0 179
fre 180 716 26 179 179
fre 220 708 17 179 179
tree 264 712 69 0 179
fre 268 708 9 179 179
fre 324 732 2 179 179
lay 376 728 22 0 179
fre 380 724 30 179 179
fre 436 732 12 179 179
tree 456 712 37 0 179
fre 460 708 11 179 179
fre 700 716 14 179 179
fre 796 708 9 179 179
fre 828 724 15 179 179
tree 856 712 68 0 179
tree 872 728 66 0 179
trop 1068 732 79 179 179
trop 1124 732 78 179 179
trop 1180 732 79 179 179
trop 1260 732 78 179 179
trop 1332 724 101 179 179
trop 1412 732 79 179 179
trop 1492 732 78 179 179
trop 1564 732 79 179 179
trop 1620 732 78 179 179
trop 1692 732 84 179 179
trop 1780 724 85 179 179
trop 1796 732 127 179 179
trop 1844 724 74 179 179
trop 1876 732 72 179 179
trop 1900 724 127 179 179
trop 1948 724 74 179 179
trop 1972 716 127 179 179
trop 2004 716 127 179 179
trop 2068 724 126 179 179
trop 2076 732 72 179 179
trop 2100 724 126 179 179
trop 2180 732 127 179 179
tree 2296 728 68 0 179
fre 2332 708 1 179 179
tree 2312 728 66 0 179
tree 2328 728 66 0 179
tree 2344 728 65 0 179
fre 2412 732 1 179 179
fre 2436 732 13 179 179
fre 2492 708 26 179 179
fre 2508 708 11 179 179
fre 2532 716 0 179 179
zabor 2704 720 26 0 8
fre 2764 732 17 179 179
tree 2760 728 63 0 179
tree 2776 728 65 0 179
tree 2808 712 13 0 179
fre 2852 724 12 179 179
fre 3028 708 81 179 179
tree 3176 728 43 0 179
fre 3212 732 0 179 179
tree 3224 728 63 0 179
tree 3240 728 65 0 179
fre 3276 732 9 179 179
fre 3324 716 5 179 179
fre 3356 716 28 179 179
fre 3372 708 2 179 179
fre 3364 724 7 179 179
fre 3380 708 26 179 179
fre 3412 724 1 179 179
tree 3400 712 65 0 179
fre 3436 708 3 179 179
tree 3544 728 58 0 179
tree 3576 712 67 0 179
tree 3656 728 11 0 179
fre 3684 724 9 179 179
fre 3700 716 16 179 179
fre 3764 716 5 179 179
fre 3788 732 2 179 179
tree 3784 712 64 0 179
fre 3836 732 1 179 179
fre 3812 708 12 179 179
fre 3852 724 23 179 179
fre 3884 732 7 179 179
fre 3900 732 28 179 179
fre 3908 708 13 179 179
fre 188 764 12 179 179
lay 248 744 20 0 179
fre 292 764 0 179 179
dom 512 736 40 0 179
tree 664 744 66 0 179
tree 680 760 68 0 179
fre 732 756 8 179 179
fre 772 748 12 179 179
fre 852 764 0 179 179
tree 872 744 69 0 179
tree 920 760 67 0 179
fre 900 740 18 179 179
trop 1956 740 127 179 179
trop 2084 748 127 179 179
trop 2204 764 126 179 179
trop 2180 756 72 179 179
trop 2252 764 74 179 179
trop 2292 764 127 179 179
fre 2428 740 28 179 179
tree 2408 760 21 0 179
fre 2652 764 11 179 179
zabor 2704 752 26 0 8
fre 2756 756 5 179 179
tree 2776 744 69 0 179
fre 2844 756 8 179 179
tree 3000 744 0 0 179
tree 3064 744 64 0 179
fre 3084 740 5 179 179
fre 3180 740 16 179 179
cliff 3472 736 16 179 179
cliff 3776 736 37 179 179
fre 3948 740 0 179 179
lay 216 792 16 0 179
fre 284 772 4 179 179
fre 404 788 5 179 179
cliff 576 784 7 179 179
fre 620 796 16 179 179
fre 644 780 12 179 179
tree 920 776 69 0 179
fre 908 796 13 179 179
tree 952 776 44 0 179
tree 936 792 68 0 179
zabor 1008 784 29 0 8
zabor 1040 784 30 0 8
zabor 1072 784 27 0 8
zabor 1104 784 29 0 8
zabor 1136 784 28 0 8
zabor 1168 784 25 0 8
zabor 1200 784 31 0 8
zabor 1232 784 26 0 8
zabor 1264 784 31 0 8
trop 1332 796 77 179 179
fre 1396 796 17 179 179
tree 1416 792 69 0 179
fre 1444 788 27 179 179
fre 1476 796 11 179 179
fre 1524 796 26 179 179
fre 1772 788 13 179 179
tree 1832 792 13 0 179
fre 1956 780 9 179 179
fre 2020 796 0 179 179
fre 2060 788 5 179 179
trop 2292 788 127 179 179
trop 2348 788 72 179 179
fre 2452 796 0 179 179
tree 2440 776 65 0 179
tree 2456 776 67 0 179
tree 2456 792 65 0 179
fre 2492 772 4 179 179
tree 2472 792 64 0 179
tree 2504 792 27 0 179
fre 2588 796 5 179 179
fre 2588 772 16 179 179
fre 2612 772 0 179 179
fre 2676 780 3 179 179
fre 2692 780 4 179 179
zabor 2704 784 28 0 8
fre 2724 796 0 179 179
fre 2772 772 19 179 179
fre 2764 796 4 179 179
tree 2776 792 35 0 179
tree 2840 792 67 0 179
tree 2856 792 67 0 179
tree 2856 776 63 0 179
fre 2884 780 0 179 179
tree 2904 792 4 0 179
fre 2932 796 12 179 179
tree 2920 792 63 0 179
fre 2972 772 4 179 179
tree 2968 776 59 0 179
trop 3164 788 74 179 179
trop 3188 772 127 179 179
trop 3220 788 127 179 179
trop 3268 788 72 179 179
trop 3268 772 127 179 179
trop 3268 788 126 179 179
trop 3300 796 127 179 179
trop 3340 780 74 179 179
trop 3332 772 127 179 179
trop 3396 788 74 179 179
trop 3764 796 74 179 179
trop 3780 780 127 179 179
trop 3932 796 126 179 179
lay 152 808 18 0 179
tree 536 824 63 0 179
fre 524 820 2 179 179
fre 740 812 15 179 179
fre 796 804 15 179 179
fre 804 820 14 179 179
tree 936 808 63 0 179
tree 1272 824 19 0 179
tree 1272 808 66 0 179
tree 1400 824 64 0 179
fre 1412 820 4 179 179
tree 1576 824 35 0 179
tree 1624 808 68 0 179
tree 1640 824 65 0 179
tree 1688 824 66 0 179
tree 1736 824 2 0 179
fre 1772 820 4 179 179
fre 1852 828 82 179 179
tree 1848 824 67 0 179
fre 1884 820 80 179 179
tree 1864 808 66 0 179
fre 2044 812 4 179 179
tree 2040 808 69 0 179
tree 2024 808 65 0 179
tree 2072 824 50 0 179
fre 2100 812 0 179 179
tree 2104 808 67 0 179
fre 2124 828 3 179 179
tree 2120 808 69 0 179
fre 2148 812 1 179 179
fre 2172 812 2 179 179
fre 2244 828 7 179 179
trop 2364 812 127 179 179
trop 2372 812 74 179 179
fre 2476 804 9 179 179
tree 2472 808 66 0 179
tree 2520 808 63 0 179
fre 2588 828 2 179 179
tree 2568 808 69 0 179
tree 2616 808 64 0 179
tree 2600 808 67 0 179
zabor 2640 816 26 0 8
zabor 2672 816 26 0 8
zabor 2704 816 26 0 8
trop 2820 820 127 179 179
tree 2920 808 69 0 179
tree 2936 808 69 0 179
tree 2952 808 64 0 179
trop 3060 820 74 179 179
trop 3044 812 127 179 179
trop 3068 828 126 179 179
trop 3124 820 74 179 179
trop 3124 828 127 179 179
trop 3140 812 72 179 179
trop 3388 804 72 179 179
trop 3396 804 127 179 179
most 3584 800 32 0 179
trop 3764 812 74 179 179
trop 3804 804 72 179 179
trop 3804 820 127 179 179
trop 3860 804 74 179 179
trop 3860 812 127 179 179
trop 3900 804 72 179 179
trop 3892 804 126 179 179
trop 3948 804 72 179 179
fre 148 844 14 179 179
fre 188 844 0 179 179
fre 340 852 8 179 179
fre 452 844 7 179 179
fre 492 852 15 179 179
tree 520 856 64 0 179
tree 536 856 68 0 179
tree 536 840 63 0 179
fre 516 844 1 179 179
cliff 560 832 3 179 179
fre 604 844 14 179 179
tree 920 856 68 0 179
tree 1272 840 63 0 179
tree 1272 856 64 0 179
tree 1400 840 63 0 179
tree 1464 856 44 0 179
tree 1480 840 67 0 179
tree 1496 840 64 0 179
tree 1512 840 69 0 179
tree 1528 840 69 0 179
tree 1592 840 66 0 179
tree 1608 840 66 0 179
fre 1660 836 83 179 179
tree 1656 840 65 0 179
tree 1736 856 67 0 179
tree 1736 840 64 0 179
fre 1788 836 23 179 179
tree 1832 840 35 0 179
tree 1944 856 43 0 179
tree 1928 840 44 0 179
fre 2020 836 14 179 179
fre 2148 852 13 179 179
fre 2196 836 11 179 179
tree 2232 840 68 0 179
lay 2216 856 21 0 179
fre 2252 852 14 179 179
tree 2264 856 63 0 179
tree 2264 840 69 0 179
tree 2248 840 65 0 179
tree 2280 856 68 0 179
trop 2436 836 127 179 179
trop 2468 836 127 179 179
trop 2476 852 72 179 179
trop 2572 852 127 179 179
trop 2604 852 127 179 179
trop 2660 860 74 179 179
trop 2660 844 127 179 179
trop 2748 860 126 179 179
trop 2772 860 74 179 179
trop 2860 852 74 179 179
trop 2900 860 72 179 179
trop 2932 860 127 179 179
trop 2956 860 72 179 179
trop 3004 860 127 179 179
trop 3004 852 126 179 179
trop 3020 860 72 179 179
trop 3044 844 127 179 179
tree 3208 856 64 0 179
fre 3236 836 13 179 179
fre 3276 844 15 179 179
tree 3272 840 66 0 179
fre 3324 836 7 179 179
tree 3304 840 66 0 179
fre 3364 852 3 179 179
fre 3444 860 7 179 179
fre 3924 860 12 179 179
fre 212 892 29 179 179
fre 268 892 31 179 179
tree 472 888 65 0 179
tree 488 888 69 0 179
tree 520 872 68 0 179
cliff 544 880 0 179 179
fre 636 876 26 179 179
tree 664 888 65 0 179
tree 648 872 66 0 179
tree 888 872 64 0 179
tree 872 888 66 0 179
tree 904 872 66 0 179
tree 1272 872 65 0 179
trop 1332 884 76 179 179
tree 1400 872 66 0 179
tree 1416 872 65 0 179
tree 1560 872 51 0 179
fre 1572 892 80 179 179
fre 1620 884 83 179 179
tree 1784 872 32 0 179
lay 1816 872 18 0 179
fre 1900 884 35 179 179
fre 1964 884 82 179 179
fre 2140 892 5 179 179
fre 2188 876 17 179 179
fre 2292 884 2 179 179
fre 2316 868 4 179 179
fre 2364 876 5 179 179
fre 2340 876 18 179 179
trop 2516 868 127 179 179
trop 2548 868 72 179 179
trop 2612 868 126 179 179
trop 2652 868 127 179 179
trop 2732 868 72 179 179
trop 2812 868 127 179 179
fre 3052 892 14 179 179
fre 3092 892 3 179 179
fre 3108 868 9 179 179
fre 3140 868 2 179 179
tree 3160 872 65 0 179
fre 3172 868 17 179 179
fre 3380 884 7 179 179
fre 3372 892 16 179 179
tree 3368 888 66 0 179
fre 3444 892 4 179 179
tree 3432 872 67 0 179
tree 3448 888 68 0 179
fre 3772 876 17 179 179
fre 3756 892 0 179 179
fre 3828 868 15 179 179
fre 3852 876 23 179 179
tree 3912 872 69 0 179
tree 3928 888 64 0 179
fre 3948 876 4 179 179
tree 3944 872 68 0 179
tree 264 920 32 0 179
fre 316 900 13 179 179
fre 372 900 10 179 179
fre 452 900 14 179 179
fre 572 908 14 179 179
fre 604 924 23 179 179
fre 652 900 15 179 179
tree 680 904 64 0 179
fre 700 900 4 179 179
fre 756 900 28 179 179
fre 796 924 18 179 179
tree 840 920 67 0 179
tree 856 904 50 0 179
tree 1272 904 66 0 179
tree 1272 920 63 0 179
fre 1508 900 3 179 179
fre 1532 900 11 179 179
tree 1640 920 68 0 179
tree 1656 904 43 0 179
tree 1704 904 66 0 179
fre 1772 908 2 179 179
fre 1772 924 12 179 179
fre 1804 924 10 179 179
tree 1864 920 68 0 179
tree 1880 920 64 0 179
tree 1944 904 2 0 179
tree 1992 920 66 0 179
tree 1992 904 69 0 179
tree 2008 904 63 0 179
fre 2084 900 1 179 179
fre 2116 900 2 179 179
fre 2188 924 16 179 179
fre 2244 916 12 179 179
fre 2316 924 15 179 179
tree 2344 904 8 0 179
fre 2420 916 9 179 179
tree 2424 904 65 0 179
tree 2424 920 66 0 179
fre 2460 916 11 179 179
tree 2440 920 63 0 179
fre 2508 916 4 179 179
fre 2564 916 12 179 179
fre 2604 924 28 179 179
fre 2644 916 12 179 179
fre 2692 924 7 179 179
fre 2732 908 9 179 179
trop 2804 900 123 179 179
stand 2840 904 63 0 179
fre 2868 916 18 179 179
fre 2884 900 27 179 179
fre 2900 908 7 179 179
fre 2924 916 0 179 179
fre 2964 924 7 179 179
fre 2996 924 2 179 179
fre 3012 900 12 179 179
fre 3372 916 17 179 179
tree 3384 904 66 0 179
tree 3368 904 64 0 179
tree 3448 904 67 0 179
tree 3448 920 68 0 179
tree 3768 904 67 0 179
tree 3784 920 51 0 179
fre 3812 900 3 179 179
lay 3864 904 16 0 179
fre 3892 900 30 179 179
fre 3932 900 1 179 179
lay 3928 920 19 0 179
tree 152 936 67 0 179
fre 140 940 9 179 179
lay 200 936 19 0 179
fre 260 940 11 179 179
fre 284 948 15 179 179
fre 308 956 20 179 179
fre 308 932 16 179 179
tree 344 952 36 0 179
cliff 512 928 2 179 179
fre 564 932 13 179 179
tree 664 936 11 0 179
fre 668 932 17 179 179
tree 696 936 68 0 179
tree 696 952 66 0 179
fre 724 940 11 179 179
fre 748 948 13 179 179
fre 804 956 1 179 179
tree 840 952 27 0 179
tree 1272 936 68 0 179
tree 1272 952 66 0 179
tree 1288 936 68 0 179
trop 1332 956 77 179 179
fre 1404 948 2 179 179
fre 1484 932 81 179 179
tree 1480 952 65 0 179
tree 1480 936 66 0 179
tree 1560 936 44 0 179
fre 1660 956 5 179 179
lay 1688 952 6 0 179
tree 1768 952 44 0 179
fre 1804 932 7 179 179
tree 1896 936 67 0 179
tree 1912 952 63 0 179
fre 1940 932 80 179 179
tree 1928 952 67 0 179
tree 2008 952 69 0 179
tree 1992 936 64 0 179
tree 2040 952 59 0 179
fre 2156 948 10 179 179
tree 2168 936 64 0 179
fre 2180 932 9 179 179
tree 2200 952 68 0 179
tree 2216 952 67 0 179
fre 2356 948 30 179 179
fre 2388 948 0 179 179
fre 2452 932 7 179 179
tree 2456 952 68 0 179
fre 2532 956 2 179 179
fre 2636 940 4 179 179
fre 2644 956 5 179 179
tree 2648 936 64 0 179
tree 2680 936 69 0 179
fre 2700 948 2 179 179
tree 2696 936 63 0 179
tree 2712 952 67 0 179
tree 2728 952 69 0 179
zabor 2768 944 28 0 8
zabor 2832 944 27 0 8
fre 2836 932 12 179 179
fre 2868 948 10 179 179
fre 3020 940 1 179 179
tree 3032 952 66 0 179
tree 3048 952 67 0 179
fre 3356 956 14 179 179
tree 3352 952 63 0 179
tree 3368 952 69 0 179
fre 3396 932 0 179 179
fre 3420 940 11 179 179
fre 3412 956 28 179 179
tree 3448 936 67 0 179
tree 3592 952 65 0 179
tree 3608 952 63 0 179
tree 3608 936 64 0 179
fre 3660 940 83 179 179
tree 3672 952 44 0 179
fre 3780 932 11 179 179
tree 3800 952 63 0 179
fre 3852 940 32 179 179
fre 3876 956 10 179 179
tree 168 968 2 0 179
lay 184 984 9 0 179
fre 348 980 17 179 179
tree 376 984 68 0 179
fre 540 988 15 179 179
tree 840 968 69 0 179
tree 1272 984 44 0 179
tree 1272 968 69 0 179
fre 1412 988 16 179 179
tree 1496 984 69 0 179
tree 1496 968 64 0 179
tree 1512 984 64 0 179
fre 1668 988 7 179 179
tree 1752 968 19 0 179
tree 1784 968 4 0 179
tree 1896 984 13 0 179
tree 1928 968 64 0 179
tree 2008 968 67 0 179
tree 2200 984 59 0 179
fre 2212 988 0 179 179
tree 2232 968 64 0 179
fre 2260 980 1 179 179
fre 2244 980 18 179 179
fre 2316 972 14 179 179
fre 2452 988 13 179 179
tree 2472 968 68 0 179
tree 2472 984 69 0 179
fre 2532 972 0 179 179
fre 2580 964 8 179 179
tree 2680 968 27 0 179
fre 2700 972 26 179 179
zabor 2768 976 25 0 8
zabor 2832 976 30 0 8
fre 2860 972 13 179 179
fre 2916 980 14 179 179
fre 2964 980 29 179 179
fre 3020 964 4 179 179
tree 3048 968 68 0 179
fre 3380 964 2 179 179
fre 3372 972 13 179 179
tree 3384 984 4 0 179
fre 3444 988 3 179 179
cliff 3520 976 9 179 179
tree 3592 968 21 0 179
tree 3688 984 58 0 179
fre 3732 980 80 179 179
tree 3720 968 66 0 179
tree 3720 984 67 0 179
cliff 3808 960 34 179 179
fre 3828 964 2 179 179
tree 3832 968 69 0 179
fre 3868 972 14 179 179
tree 3848 984 64 0 179
tree 3896 968 58 0 179
fre 3916 964 13 179 179
fre 172 1004 4 179 179
fre 228 1004 18 179 179
fre 268 1004 0 179 179
fre 332 1012 12 179 179
tree 360 1016 69 0 179
cliff 464 992 47 179 179
tree 584 1016 66 0 179
tree 600 1016 64 0 179
fre 596 996 10 179 179
fre 668 996 0 179 179
fre 748 1012 14 179 179
fre 772 1004 3 179 179
fre 828 1020 2 179 179
tree 840 1016 59 0 179
tree 1272 1016 65 0 179
fre 1396 1004 9 179 179
tree 1400 1000 66 0 179
tree 1416 1000 68 0 179
fre 1572 1020 34 179 179
tree 1640 1016 43 0 179
fre 1764 1004 0 179 179
fre 1820 996 82 179 179
tree 1912 1016 65 0 179
fre 2292 1020 5 179 179
fre 2332 1020 2 179 179
fre 2340 996 4 179 179
tree 2344 1016 67 0 179
tree 2360 1016 67 0 179
tree 2360 1000 66 0 179
tree 2376 1000 65 0 179
tree 2408 1016 66 0 179
fre 2436 1004 20 179 179
fre 2476 1020 3 179 179
tree 2488 1000 66 0 179
fre 2516 1020 1 179 179
tree 2504 1000 63 0 179
tree 2520 1016 68 0 179
fre 2604 1004 15 179 179
fre 2660 1012 7 179 179
fre 2692 1020 11 179 179
fre 2724 1012 3 179 179
zabor 2768 1008 25 0 8
fre 2772 1004 17 179 179
trop 2804 996 122 179 179
zabor 2832 1008 24 0 8
tree 2904 1016 63 0 179
tree 2888 1016 65 0 179
tree 2920 1016 66 0 179
tree 2936 1016 69 0 179
fre 3004 996 9 179 179
fre 3036 1004 26 179 179
fre 3060 996 1 179 179
fre 3060 1020 16 179 179
tree 3064 1016 69 0 179
tree 3064 1000 64 0 179
fre 3380 1020 7 179 179
fre 3412 1012 5 179 179
fre 3436 1020 16 179 179
tree 3560 1016 64 0 179
tree 3576 1016 68 0 179
tree 3704 1000 67 0 179
cliff 3824 992 30 179 179
cliff 3904 992 27 179 179
fre 148 1052 5 179 179
tree 200 1048 65 0 179
tree 344 1032 66 0 179
tree 360 1032 64 0 179
cliff 384 1040 4 179 179
fre 428 1036 5 179 179
trop 532 1044 126 179 179
fre 732 1044 16 179 179
fre 788 1036 20 179 179
fre 948 1052 11 179 179
fre 956 1044 2 179 179
tree 1272 1032 68 0 179
trop 1332 1044 76 179 179
fre 1412 1036 13 179 179
fre 1452 1036 0 179 179
tree 1464 1032 64 0 179
tree 1448 1048 27 0 179
tree 1528 1032 2 0 179
fre 1932 1044 83 179 179
tree 1928 1032 63 0 179
fre 2028 1028 80 179 179
tree 2040 1048 2 0 179
lay 2120 1032 8 0 179
fre 2148 1036 3 179 179
tree 2232 1048 65 0 179
fre 2412 1028 7 179 179
tree 2424 1032 67 0 179
fre 2460 1028 11 179 179
tree 2456 1048 4 0 179
tree 2504 1048 11 0 179
tree 2536 1032 67 0 179
fre 2644 1036 0 179 179
zabor 2768 1040 24 0 8
trop 2804 1028 123 179 179
zabor 2832 1040 30 0 8
fre 3020 1044 9 179 179
tree 3400 1048 63 0 179
cliff 3488 1024 7 179 179
fre 3524 1036 11 179 179
lay 3544 1048 12 0 179
fre 3580 1036 81 179 179
tree 3576 1032 68 0 179
tree 3592 1032 67 0 179
fre 3644 1028 36 179 179
fre 3708 1028 82 179 179
tree 3736 1032 64 0 179
fre 3764 1052 83 179 179
tree 3752 1048 67 0 179
tree 3816 1032 66 0 179
fre 3868 1052 19 179 179
tree 136 1064 64 0 179
tree 152 1080 65 0 179
tree 168 1080 68 0 179
fre 228 1060 12 179 179
dom 288 1056 40 0 179
fre 332 1060 0 179 179
fre 436 1076 18 179 179
tree 472 1080 69 0 179
fre 508 1084 17 179 179
trop 548 1068 125 179 179
trop 612 1084 126 179 179
trop 620 1076 31 179 179
tree 648 1064 66 0 179
fre 676 1084 11 179 179
fre 724 1076 1 179 179
fre 804 1084 26 179 179
tree 840 1080 67 0 179
zabor 848 1072 26 0 8
zabor 880 1072 24 0 8
zabor 912 1072 29 0 8
tree 936 1064 67 0 179
fre 956 1060 10 179 179
zabor 944 1072 25 0 8
fre 972 1060 4 179 179
zabor 976 1072 24 0 8
zabor 1008 1072 26 0 8
zabor 1040 1072 28 0 8
zabor 1072 1072 26 0 8
zabor 1104 1072 25 0 8
zabor 1136 1072 26 0 8
zabor 1168 1072 31 0 8
zabor 1200 1072 28 0 8
zabor 1232 1072 29 0 8
fre 1276 1060 15 179 179
fre 1260 1060 14 179 179
fre 1268 1060 0 179 179
zabor 1264 1072 26 0 8
fre 1388 1076 3 179 179
fre 1420 1076 0 179 179
fre 1492 1084 5 179 179
lay 1592 1080 20 0 179
fre 1644 1068 82 179 179
tree 1640 1064 24 0 179
tree 1672 1080 66 0 179
tree 1672 1064 64 0 179
fre 1716 1060 81 179 179
tree 1752 1064 65 0 179
tree 1768 1080 67 0 179
tree 1784 1064 68 0 179
tree 1832 1080 35 0 179
fre 1876 1076 80 179 179
fre 2100 1076 82 179 179
fre 2164 1068 19 179 179
fre 2508 1068 5 179 179
fre 2524 1076 17 179 179
fre 2500 1084 2 179 179
fre 2556 1076 9 179 179
fre 2564 1076 12 179 179
fre 2732 1084 12 179 179
zabor 2768 1072 30 0 8
fre 2772 1084 11 179 179
fre 2772 1060 14 179 179
tree 2776 1064 68 0 179
tree 2776 1080 63 0 179
zabor 2832 1072 26 0 8
dom 2880 1056 42 0 179
stand 2968 1064 16 0 179
fre 2996 1084 10 179 179
fre 3004 1060 8 179 179
fre 3332 1060 9 179 179
fre 3340 1084 16 179 179
fre 3380 1068 2 179 179
tree 3400 1080 50 0 179
cliff 3472 1072 2 179 179
tree 3544 1080 32 0 179
fre 3604 1084 82 179 179
tree 3624 1080 19 0 179
tree 3720 1064 11 0 179
tree 3768 1064 64 0 179
tree 3784 1080 66 0 179
tree 3816 1080 21 0 179
fre 3940 1060 0 179 179
fre 3956 1068 9 179 179
fre 140 1092 13 179 179
fre 172 1092 17 179 179
cliff 256 1104 34 179 179
fre 292 1116 15 179 179
cliff 368 1088 3 179 179
fre 420 1092 0 179 179
fre 460 1092 4 179 179
fre 524 1116 22 179 179
trop 556 1108 27 179 179
trop 580 1100 127 179 179
trop 644 1116 124 179 179
tree 744 1096 67 0 179
fre 780 1116 5 179 179
tree 808 1112 66 0 179
tree 840 1096 66 0 179
fre 836 1100 7 179 179
trop 900 1116 101 179 179
trop 1340 1116 103 179 179
tree 1400 1112 69 0 179
fre 1428 1116 30 179 179
fre 1460 1092 8 179 179
tree 1544 1112 69 0 179
fre 1668 1100 80 179 179
fre 1732 1092 80 179 179
tree 1736 1112 35 0 179
tree 1880 1096 43 0 179
fre 1916 1100 82 179 179
fre 1956 1092 80 179 179
tree 1960 1112 50 0 179
tree 2024 1112 69 0 179
tree 2040 1112 66 0 179
tree 2216 1112 68 0 179
fre 2612 1092 14 179 179
tree 2648 1112 66 0 179
fre 2700 1108 5 179 179
tree 2728 1112 58 0 179
zabor 2768 1104 29 0 8
fre 2900 1116 35 179 179
zabor 3024 1104 31 0 8
fre 3012 1100 28 179 179
fre 3036 1100 4 179 179
fre 3372 1108 12 179 179
cliff 3440 1104 0 179 179
tree 3512 1112 58 0 179
tree 3576 1112 65 0 179
tree 3576 1096 69 0 179
tree 3656 1112 64 0 179
fre 3708 1108 18 179 179
fre 3788 1108 82 179 179
tree 3784 1096 64 0 179
fre 3932 1108 3 179 179
fre 3948 1100 4 179 179
fre 164 1132 81 179 179
cliff 288 1136 31 179 179
cliff 352 1136 2 179 179
fre 396 1132 14 179 179
fre 444 1148 30 179 179
tree 504 1144 63 0 179
fre 580 1140 3 179 179
trop 684 1148 125 179 179
fre 812 1132 18 179 179
trop 892 1132 104 179 179
trop 980 1124 79 179 179
trop 1060 1124 78 179 179
trop 1140 1124 79 179 179
trop 1220 1124 78 179 179
trop 1252 1124 78 179 179
trop 1340 1124 103 179 179
trop 1316 1132 100 179 179
tree 1400 1144 67 0 179
tree 1400 1128 67 0 179
tree 1560 1128 64 0 179
tree 1592 1144 19 0 179
fre 1628 1140 81 179 179
fre 1700 1148 83 179 179
fre 1772 1148 36 179 179
tree 1880 1144 64 0 179
fre 2068 1124 83 179 179
tree 2056 1144 27 0 179
tree 2136 1144 13 0 179
fre 2212 1132 18 179 179
fre 2524 1124 5 179 179
tree 2520 1128 67 0 179
fre 2612 1140 3 179 179
fre 2596 1132 20 179 179
tree 2648 1128 67 0 179
fre 2660 1148 11 179 179
fre 2700 1140 31 179 179
zabor 2768 1136 27 0 8
stand 2776 1128 6 0 179
trop 2804 1124 122 179 179
zabor 3024 1136 26 0 8
fre 3036 1124 5 179 179
fre 3228 1148 2 179 179
tree 3336 1144 64 0 179
tree 3336 1128 68 0 179
fre 3636 1132 81 179 179
tree 3656 1128 63 0 179
fre 3724 1124 20 179 179
tree 3768 1128 50 0 179
tree 3896 1128 51 0 179
fre 3948 1140 8 179 179
tree 184 1176 11 0 179
tree 200 1160 66 0 179
fre 220 1172 80 179 179
fre 356 1180 10 179 179
fre 388 1180 4 179 179
fre 484 1156 7 179 179
fre 604 1172 13 179 179
trop 676 1156 1 179 179
trop 740 1156 126 179 179
trop 740 1164 127 179 179
trop 796 1156 35 179 179
trop 812 1180 127 179 179
fre 1404 1164 12 179 179
fre 1452 1172 3 179 179
fre 1476 1156 15 179 179
tree 1560 1176 67 0 179
fre 1588 1172 9 179 179
tree 1576 1176 63 0 179
tree 1720 1160 68 0 179
tree 1752 1176 67 0 179
tree 1736 1176 66 0 179
tree 1832 1176 65 0 179
tree 1848 1176 67 0 179
tree 1864 1160 63 0 179
fre 1916 1180 80 179 179
tree 1960 1176 67 0 179
tree 1976 1176 63 0 179
fre 2236 1156 9 179 179
tree 2264 1176 69 0 179
tree 2248 1176 64 0 179
tree 2248 1160 67 0 179
fre 2292 1180 2 179 179
fre 2548 1180 11 179 179
fre 2628 1172 26 179 179
tree 2664 1176 66 0 179
fre 2708 1180 13 179 179
stand 2936 1176 72 0 179
fre 2996 1180 2 179 179
zabor 3024 1168 30 0 8
fre 3044 1156 1 179 179
fre 3244 1172 5 179 179
fre 3260 1180 28 179 179
tree 3240 1160 68 0 179
tree 3256 1160 64 0 179
fre 3292 1156 0 179 179
fre 3292 1180 9 179 179
tree 3304 1160 67 0 179
fre 3356 1172 9 179 179
cliff 3408 1152 3 179 179
tree 3448 1160 63 0 179
tree 3448 1176 66 0 179
tree 3560 1176 65 0 179
tree 3576 1176 67 0 179
tree 3608 1160 2 0 179
tree 3592 1176 67 0 179
fre 3732 1180 9 179 179
fre 3772 1172 11 179 179
tree 3880 1160 68 0 179
fre 3932 1180 18 179 179
tree 168 1208 8 0 179
fre 204 1212 35 179 179
fre 244 1204 82 179 179
fre 300 1196 3 179 179
fre 332 1212 16 179 179
tree 424 1208 66 0 179
fre 436 1204 12 179 179
fre 508 1196 9 179 179
tree 568 1192 57 0 179
tree 616 1208 69 0 179
fre 668 1204 16 179 179
trop 756 1196 127 179 179
trop 796 1204 124 179 179
trop 900 1188 77 179 179
trop 980 1212 104 179 179
trop 996 1204 101 179 179
trop 1044 1204 101 179 179
trop 1108 1204 101 179 179
trop 1172 1204 101 179 179
stand 1160 1192 21 0 179
trop 1244 1212 103 179 179
trop 1236 1204 101 179 179
trop 1316 1212 104 179 179
trop 1316 1196 104 179 179
trop 1340 1204 103 179 179
trop 1340 1188 103 179 179
fre 1396 1196 14 179 179
fre 1460 1188 0 179 179
tree 1496 1208 65 0 179
fre 1516 1212 2 179 179
fre 1548 1196 9 179 179
tree 1704 1192 13 0 179
fre 1884 1204 11 179 179
tree 1960 1192 57 0 179
fre 2036 1196 9 179 179
fre 2076 1212 0 179 179
tree 2088 1192 65 0 179
tree 2104 1192 63 0 179
tree 2104 1208 65 0 179
tree 2120 1208 64 0 179
tree 2168 1192 63 0 179
fre 2244 1204 2 179 179
tree 2280 1208 43 0 179
fre 2588 1196 0 179 179
tree 2584 1208 69 0 179
fre 2660 1204 7 179 179
tree 2664 1192 66 0 179
tree 2680 1192 65 0 179
dom 2784 1184 10 0 179
fre 2996 1204 9 179 179
zabor 3024 1200 28 0 8
fre 3236 1188 11 179 179
tree 3240 1208 11 0 179
fre 3308 1196 27 179 179
fre 3348 1212 15 179 179
fre 3332 1188 26 179 179
tree 3432 1208 63 0 179
fre 3476 1204 3 179 179
tree 3480 1208 65 0 179
fre 3572 1204 7 179 179
fre 3556 1212 11 179 179
tree 3592 1192 63 0 179
fre 3652 1196 13 179 179
tree 3816 1192 67 0 179
tree 3832 1208 64 0 179
tree 3944 1208 24 0 179
fre 132 1220 14 179 179
tree 344 1224 67 0 179
tree 424 1224 67 0 179
fre 476 1220 26 179 179
fre 572 1244 27 179 179
fre 580 1220 14 179 179
fre 740 1244 11 179 179
trop 740 1220 2 179 179
trop 828 1228 126 179 179
trop 820 1244 25 179 179
tree 1496 1224 64 0 179
fre 1508 1236 13 179 179
tree 1512 1224 65 0 179
fre 1548 1220 17 179 179
fre 1612 1220 15 179 179
fre 1660 1228 0 179 179
fre 1636 1220 26 179 179
tree 1656 1224 68 0 179
tree 1656 1240 63 0 179
tree 1800 1224 16 0 179
fre 2028 1228 8 179 179
fre 2060 1220 12 179 179
tree 2120 1224 66 0 179
tree 2136 1224 66 0 179
tree 2152 1240 68 0 179
fre 2252 1220 1 179 179
fre 2244 1236 12 179 179
fre 2308 1236 3 179 179
tree 2568 1224 69 0 179
tree 2584 1224 66 0 179
tree 2584 1240 68 0 179
fre 2620 1228 23 179 179
tree 2600 1240 69 0 179
fre 2636 1244 4 179 179
tree 2728 1240 64 0 179
tree 2744 1240 69 0 179
fre 2844 1244 1 179 179
zabor 2928 1232 24 0 8
zabor 2960 1232 28 0 8
zabor 2992 1232 26 0 8
zabor 3024 1232 27 0 8
fre 3028 1244 2 179 179
fre 3092 1228 14 179 179
tree 3224 1240 67 0 179
fre 3244 1236 0 179 179
fre 3284 1244 4 179 179
fre 3292 1244 14 179 179
fre 3388 1228 1 179 179
fre 3428 1228 9 179 179
fre 3468 1244 15 179 179
tree 3480 1224 69 0 179
fre 3524 1236 8 179 179
fre 3604 1236 27 179 179
fre 3652 1236 0 179 179
fre 3668 1228 15 179 179
tree 3672 1224 68 0 179
tree 3672 1240 66 0 179
fre 3724 1228 8 179 179
fre 3788 1220 3 179 179
fre 3892 1220 12 179 179
tree 3896 1240 66 0 179
fre 3932 1220 7 179 179
fre 3940 1228 19 179 179
fre 132 1268 10 179 179
tree 184 1256 67 0 179
tree 280 1272 43 0 179
fre 364 1252 3 179 179
fre 396 1268 13 179 179
tree 424 1256 27 0 179
tree 424 1272 69 0 179
fre 428 1276 11 179 179
tree 472 1256 63 0 179
tree 456 1256 65 0 179
fre 508 1268 0 179 179
fre 524 1252 15 179 179
fre 572 1260 17 179 179
tree 616 1256 68 0 179
tree 648 1256 67 0 179
fre 660 1268 10 179 179
fre 700 1260 4 179 179
fre 788 1276 0 179 179
fre 812 1268 5 179 179
stand 840 1256 63 0 179
trop 900 1276 76 179 179
trop 980 1276 104 179 179
trop 1244 1276 103 179 179
dom 1216 1248 57 0 179
trop 1316 1276 104 179 179
trop 1340 1268 103 179 179
tree 1416 1272 21 0 179
tree 1464 1272 13 0 179
fre 1580 1252 0 179 179
fre 1612 1260 31 179 179
fre 1652 1276 14 179 179
tree 1656 1256 67 0 179
tree 1736 1272 69 0 179
tree 1768 1256 4 0 179
tree 1816 1272 66 0 179
fre 1884 1268 20 179 179
fre 1900 1252 4 179 179
tree 1960 1272 13 0 179
zabor 2000 1264 66 1 8
zabor 2032 1264 64 1 8
zabor 2064 1264 64 1 8
zabor 2096 1264 64 1 8
zabor 2128 1264 65 1 8
zabor 2160 1264 65 1 8
fre 2172 1276 14 179 179
zabor 2192 1264 65 1 8
zabor 2224 1264 65 1 8
fre 2212 1276 3 179 179
zabor 2256 1264 64 1 8
fre 2292 1252 4 179 179
tree 2280 1272 65 0 179
fre 2332 1268 1 179 179
fre 2316 1276 26 179 179
fre 2588 1252 4 179 179
tree 2600 1256 69 0 179
tree 2600 1272 64 0 179
tree 2616 1272 66 0 179
tree 2632 1272 21 0 179
fre 2660 1260 9 179 179
fre 2724 1268 0 179 179
fre 2756 1268 10 179 179
tree 2760 1256 69 0 179
tree 2808 1272 24 0 179
fre 2828 1268 15 179 179
zabor 2864 1264 30 0 8
fre 2852 1260 26 179 179
zabor 2896 1264 30 0 8
zabor 2928 1264 27 0 8
fre 2972 1276 2 179 179
tree 2968 1256 64 0 179
tree 2984 1256 63 0 179
tree 3016 1272 68 0 179
tree 3032 1256 67 0 179
tree 3128 1256 65 0 179
fre 3172 1268 1 179 179
tree 3208 1256 65 0 179
tree 3224 1256 64 0 179
fre 3260 1276 3 179 179
tree 3240 1272 69 0 179
fre 3324 1252 28 179 179
tree 3304 1256 63 0 179
fre 3388 1260 0 179 179
fre 3468 1260 4 179 179
fre 3508 1268 9 179 179
fre 3588 1260 14 179 179
tree 3688 1256 63 0 179
tree 3704 1272 64 0 179
fre 3716 1276 2 179 179
fre 3724 1276 14 179 179
fre 3780 1276 29 179 179
fre 3812 1252 7 179 179
fre 3852 1268 10 179 179
fre 3892 1276 14 179 179
tree 3896 1256 63 0 179
tree 3880 1272 8 0 179
tree 3912 1256 65 0 179
fre 148 1308 16 179 179
tree 200 1288 44 0 179
fre 212 1300 83 179 179
tree 248 1304 67 0 179
tree 312 1288 64 0 179
fre 356 1292 4 179 179
zabor 368 1296 66 1 8
zabor 400 1296 65 1 8
zabor 432 1296 64 1 8
zabor 464 1296 66 1 8
zabor 496 1296 64 1 8
zabor 528 1296 66 1 8
zabor 560 1296 64 1 8
zabor 592 1296 64 1 8
zabor 624 1296 65 1 8
zabor 656 1296 64 1 8
zabor 688 1296 66 1 8
zabor 720 1296 65 1 8
zabor 752 1296 64 1 8
zabor 784 1296 66 1 8
fre 828 1300 2 179 179
dom 1024 1280 61 0 179
trop 1060 1284 100 179 179
tree 1064 1304 13 0 179
fre 1076 1308 26 179 179
fre 1076 1300 26 179 179
fre 1068 1300 26 179 179
fre 1060 1308 26 179 179
fre 1068 1308 17 179 179
fre 1060 1300 26 179 179
trop 1108 1284 100 179 179
trop 1172 1284 100 179 179
fre 1428 1292 35 179 179
fre 1476 1292 81 179 179
tree 1480 1304 67 0 179
tree 1528 1304 67 0 179
tree 1592 1304 69 0 179
fre 1628 1308 5 179 179
tree 1608 1304 63 0 179
tree 1784 1304 66 0 179
tree 1784 1288 68 0 179
fre 1836 1308 18 179 179
fre 1916 1284 7 179 179
tree 1944 1304 65 0 179
fre 1964 1284 11 179 179
zabor 2000 1296 66 1 8
fre 2028 1284 4 179 179
tree 2200 1288 66 0 179
tree 2232 1288 58 0 179
zabor 2256 1296 66 1 8
zabor 2288 1296 65 1 8
tree 2616 1288 66 0 179
fre 2652 1284 2 179 179
tree 2632 1304 63 0 179
fre 2700 1292 26 179 179
fre 2732 1300 1 179 179
fre 2868 1308 18 179 179
fre 2908 1284 11 179 179
tree 2936 1288 63 0 179
fre 2956 1308 14 179 179
fre 3004 1284 1 179 179
tree 3016 1288 59 0 179
lay 3096 1304 7 0 179
tree 3176 1304 67 0 179
fre 3308 1300 2 179 179
fre 3308 1284 11 179 179
fre 3364 1308 5 179 179
tree 3496 1304 64 0 179
tree 3736 1288 11 0 179
tree 3880 1304 64 0 179
tree 3928 1288 66 0 179
fre 3948 1292 4 179 179
fre 276 1340 37 179 179
fre 316 1324 81 179 179
zabor 368 1328 65 1 8
trop 404 1340 126 179 179
trop 460 1340 127 179 179
trop 468 1340 72 179 179
stand 488 1320 68 0 179
trop 508 1324 127 179 179
stand 520 1320 113 0 179
fre 580 1316 12 179 179
trop 676 1324 127 179 179
trop 676 1332 72 179 179
fre 796 1340 1 179 179
zabor 784 1328 64 1 8
tree 808 1336 64 0 179
fre 828 1332 12 179 179
fre 804 1316 14 179 179
trop 980 1340 104 179 179
fre 1076 1316 26 179 179
fre 1060 1316 26 179 179
fre 1068 1316 26 179 179
trop 1244 1332 103 179 179
tree 1240 1336 4 0 179
fre 1244 1332 26 179 179
fre 1236 1332 26 179 179
fre 1236 1340 26 179 179
fre 1244 1340 9 179 179
fre 1252 1340 26 179 179
fre 1252 1332 26 179 179
trop 1316 1340 104 179 179
trop 1340 1332 103 179 179
tree 1416 1336 67 0 179
fre 1468 1332 82 179 179
fre 1516 1340 82 179 179
fre 1532 1316 80 179 179
tree 1528 1320 43 0 179
tree 1624 1320 63 0 179
tree 1608 1320 67 0 179
fre 1644 1340 12 179 179
zabor 1680 1328 66 1 8
zabor 1712 1328 65 1 8
fre 1700 1340 14 179 179
zabor 1744 1328 66 1 8
zabor 1776 1328 65 1 8
zabor 1808 1328 66 1 8
zabor 1840 1328 66 1 8
zabor 1872 1328 65 1 8
zabor 1904 1328 65 1 8
tree 1912 1336 63 0 179
zabor 1936 1328 65 1 8
zabor 1968 1328 64 1 8
zabor 2000 1328 65 1 8
tree 2008 1336 65 0 179
tree 2024 1320 67 0 179
trop 2076 1340 75 179 179
trop 2132 1316 72 179 179
fre 2268 1316 17 179 179
zabor 2288 1328 65 1 8
fre 2300 1332 17 179 179
fre 2364 1340 7 179 179
tree 2648 1320 67 0 179
fre 2660 1332 11 179 179
fre 2796 1324 14 179 179
fre 3012 1316 9 179 179
fre 3052 1316 2 179 179
fre 3124 1316 3 179 179
fre 3268 1324 9 179 179
tree 3320 1336 63 0 179
tree 3336 1320 66 0 179
tree 3448 1336 58 0 179
tree 3464 1336 11 0 179
tree 3496 1320 63 0 179
fre 3532 1340 80 179 179
tree 3576 1320 68 0 179
tree 3560 1336 64 0 179
tree 3592 1320 68 0 179
fre 3716 1340 4 179 179
fre 3804 1316 9 179 179
fre 3860 1332 18 179 179
tree 3928 1336 32 0 179
tree 184 1352 19 0 179
tree 264 1368 2 0 179
tree 344 1368 58 0 179
zabor 368 1360 65 1 8
trop 412 1364 73 179 179
fre 540 1356 10 179 179
trop 748 1364 73 179 179
dom 736 1344 98 0 179
fre 796 1364 17 179 179
zabor 784 1360 65 1 8
fre 836 1356 23 179 179
trop 900 1348 77 179 179
trop 1060 1348 100 179 179
trop 1124 1348 100 179 179
trop 1172 1348 100 179 179
trop 1220 1372 100 179 179
fre 1236 1348 26 179 179
fre 1244 1348 26 179 179
fre 1252 1348 26 179 179
trop 1340 1356 103 179 179
fre 1396 1372 12 179 179
tree 1464 1368 4 0 179
tree 1528 1352 66 0 179
tree 1512 1352 65 0 179
fre 1540 1372 81 179 179
tree 1592 1352 68 0 179
tree 1592 1368 67 0 179
lay 1624 1368 12 0 179
zabor 1680 1360 66 1 8
fre 1780 1356 2 179 179
fre 1972 1348 7 179 179
trop 2084 1356 72 179 179
trop 2140 1364 73 179 179
trop 2188 1356 73 179 179
fre 2260 1348 1 179 179
zabor 2288 1360 64 1 8
tree 2296 1368 68 0 179
tree 2296 1352 66 0 179
tree 2312 1352 66 0 179
fre 2364 1364 11 179 179
fre 2740 1348 5 179 179
fre 2892 1364 2 179 179
fre 2916 1372 26 179 179
fre 2996 1372 29 179 179
fre 3068 1348 2 179 179
fre 3044 1356 3 179 179
fre 3140 1364 28 179 179
fre 3228 1372 15 179 179
fre 3236 1348 12 179 179
fre 3252 1348 0 179 179
tree 3288 1352 69 0 179
tree 3400 1368 67 0 179
tree 3432 1368 67 0 179
tree 3448 1368 68 0 179
tree 3464 1368 66 0 179
fre 3500 1348 82 179 179
fre 3612 1348 80 179 179
tree 3608 1368 66 0 179
tree 3624 1368 51 0 179
fre 3780 1348 31 179 179
lay 3896 1368 10 0 179
fre 3932 1348 8 179 179
tree 152 1400 65 0 179
fre 156 1404 16 179 179
fre 196 1380 1 179 179
lay 264 1400 2 0 179
tree 296 1384 64 0 179
fre 348 1404 2 179 179
zabor 368 1392 64 1 8
stand 392 1400 89 0 179
trop 412 1380 127 179 179
stand 664 1400 142 0 179
trop 684 1404 127 179 179
trop 724 1388 73 179 179
zabor 784 1392 66 1 8
fre 812 1396 28 179 179
fre 804 1396 7 179 179
fre 844 1404 16 179 179
trop 980 1404 104 179 179
dom 1024 1376 61 0 179
trop 1060 1388 100 179 179
trop 1124 1380 100 179 179
dom 1120 1376 48 0 179
trop 1188 1396 100 179 179
trop 1268 1396 94 179 179
tree 1448 1384 50 0 179
fre 1484 1404 80 179 179
tree 1512 1384 43 0 179
lay 1640 1400 21 0 179
zabor 1680 1392 66 1 8
trop 1740 1388 73 179 179
trop 1780 1404 72 179 179
trop 1828 1404 73 179 179
trop 1884 1380 72 179 179
trop 1956 1404 75 179 179
trop 2012 1404 127 179 179
trop 1996 1388 127 179 179
trop 2020 1404 126 179 179
trop 2188 1380 72 179 179
zabor 2288 1392 64 1 8
fre 2276 1396 16 179 179
tree 2296 1400 69 0 179
tree 2296 1384 67 0 179
tree 2712 1400 65 0 179
tree 2696 1384 69 0 179
tree 2712 1384 69 0 179
fre 2732 1380 4 179 179
fre 2804 1380 5 179 179
fre 2876 1396 1 179 179
fre 2892 1388 12 179 179
fre 2924 1380 3 179 179
fre 3108 1380 7 179 179
tree 3192 1400 66 0 179
tree 3208 1400 63 0 179
tree 3224 1400 63 0 179
tree 3384 1400 0 0 179
fre 3452 1404 83 179 179
tree 3464 1384 69 0 179
tree 3480 1384 68 0 179
tree 3544 1400 66 0 179
tree 3544 1384 67 0 179
fre 3564 1404 81 179 179
tree 3624 1384 67 0 179
tree 3672 1400 66 0 179
tree 3736 1400 63 0 179
fre 3756 1404 11 179 179
fre 3812 1380 11 179 179
fre 3892 1388 0 179 179
fre 204 1420 2 179 179
fre 292 1412 0 179 179
zabor 368 1424 64 1 8
stand 424 1432 65 0 179
trop 436 1412 72 179 179
dom 640 1408 117 0 179
trop 732 1428 126 179 179
trop 748 1420 73 179 179
zabor 784 1424 65 1 8
fre 804 1412 13 179 179
fre 836 1436 0 179 179
trop 900 1436 76 179 179
trop 980 1428 104 179 179
trop 996 1428 102 179 179
trop 1060 1428 102 179 179
trop 1124 1428 102 179 179
trop 1164 1428 102 179 179
trop 1340 1420 103 179 179
trop 1324 1428 100 179 179
fre 1412 1436 0 179 179
tree 1464 1416 63 0 179
tree 1480 1416 66 0 179
tree 1528 1416 4 0 179
fre 1564 1436 33 179 179
zabor 1680 1424 65 1 8
stand 1736 1432 99 0 179
trop 1764 1412 74 179 179
trop 1972 1436 127 179 179
stand 2008 1416 50 0 179
stand 2120 1432 89 0 179
trop 2148 1420 127 179 179
trop 2220 1428 75 179 179
zabor 2288 1424 64 1 8
fre 2332 1436 3 179 179
lay 2312 1416 3 0 179
fre 2740 1428 14 179 179
tree 2744 1432 63 0 179
tree 2728 1416 66 0 179
fre 2772 1420 9 179 179
fre 2884 1420 0 179 179
fre 2892 1436 13 179 179
fre 2980 1428 16 179 179
fre 3100 1428 15 179 179
fre 3212 1420 17 179 179
tree 3208 1432 64 0 179
tree 3224 1416 65 0 179
tree 3240 1432 69 0 179
tree 3256 1432 69 0 179
tree 3352 1432 69 0 179
tree 3352 1416 63 0 179
tree 3368 1416 69 0 179
tree 3448 1416 35 0 179
fre 3548 1412 82 179 179
fre 3620 1428 35 179 179
tree 3688 1432 50 0 179
tree 3752 1416 64 0 179
tree 3768 1416 69 0 179
fre 3796 1420 9 179 179
tree 3784 1432 65 0 179
tree 3800 1432 64 0 179
fre 3868 1436 16 179 179
fre 3860 1412 26 179 179
fre 3908 1428 2 179 179
fre 3932 1428 11 179 179
fre 3964 1420 7 179 179
fre 164 1444 9 179 179
tree 248 1464 68 0 179
fre 284 1452 11 179 179
tree 328 1464 63 0 179
fre 324 1444 14 179 179
zabor 368 1456 64 1 8
stand 392 1448 81 0 179
trop 388 1460 127 179 179
trop 436 1452 126 179 179
trop 420 1460 73 179 179
dom 512 1440 116 0 179
trop 724 1460 72 179 179
zabor 784 1456 64 1 8
fre 804 1444 9 179 179
stand 968 1448 29 0 179
trop 1212 1452 95 179 179
trop 1308 1468 100 179 179
trop 1308 1460 100 179 179
trop 1300 1468 100 179 179
trop 1316 1460 100 179 179
trop 1316 1452 100 179 179
trop 1316 1444 100 179 179
tree 1464 1464 59 0 179
tree 1528 1448 64 0 179
tree 1528 1464 63 0 179
tree 1544 1464 63 0 179
tree 1624 1464 27 0 179
tree 1640 1448 65 0 179
zabor 1680 1456 66 1 8
trop 1780 1444 72 179 179
trop 1796 1460 73 179 179
trop 2036 1452 72 179 179
trop 2068 1444 75 179 179
zabor 2288 1456 64 1 8
fre 2308 1444 8 179 179
fre 2340 1468 0 179 179
fre 2356 1444 2 179 179
tree 2792 1464 59 0 179
fre 2828 1444 2 179 179
fre 3044 1444 11 179 179
fre 3052 1460 14 179 179
fre 3172 1468 5 179 179
fre 3188 1460 14 179 179
tree 3240 1448 66 0 179
tree 3256 1448 65 0 179
tree 3272 1448 66 0 179
tree 3272 1464 69 0 179
tree 3320 1464 51 0 179
tree 3336 1464 50 0 179
lay 3416 1448 20 0 179
fre 3516 1444 83 179 179
tree 3512 1464 19 0 179
tree 3592 1464 27 0 179
fre 3740 1468 10 179 179
fre 3820 1460 8 179 179
tree 3816 1448 63 0 179
tree 3832 1464 64 0 179
fre 156 1500 26 179 179
fre 220 1476 13 179 179
tree 232 1480 21 0 179
tree 248 1480 69 0 179
fre 236 1500 5 179 179
fre 228 1476 3 179 179
tree 264 1480 67 0 179
fre 300 1500 16 179 179
fre 316 1500 1 179 179
tree 328 1496 65 0 179
zabor 368 1488 64 1 8
trop 460 1492 126 179 179
trop 452 1476 127 179 179
trop 476 1500 72 179 179
trop 508 1476 127 179 179
fre 596 1476 34 179 179
trop 668 1484 126 179 179
trop 708 1500 73 179 179
trop 820 1500 86 179 179
trop 1268 1500 100 179 179
trop 1300 1476 100 179 179
trop 1284 1492 100 179 179
trop 1292 1484 100 179 179
trop 1356 1484 94 179 179
fre 1404 1492 2 179 179
fre 1420 1476 20 179 179
fre 1500 1500 83 179 179
tree 1544 1480 66 0 179
zabor 1680 1488 64 1 8
trop 1748 1492 75 179 179
trop 1780 1484 72 179 179
trop 1876 1476 126 179 179
trop 1876 1492 127 179 179
trop 2036 1492 126 179 179
trop 2060 1492 126 179 179
dom 2176 1472 90 0 179
trop 2252 1476 73 179 179
zabor 2288 1488 65 1 8
fre 2324 1476 10 179 179
lay 2312 1496 19 0 179
tree 2776 1480 69 0 179
tree 2792 1480 68 0 179
tree 2792 1496 64 0 179
tree 2808 1496 66 0 179
fre 2884 1484 5 179 179
fre 3052 1484 5 179 179
fre 3156 1500 0 179 179
fre 3228 1476 3 179 179
fre 3244 1476 2 179 179
tree 3256 1496 63 0 179
tree 3288 1480 65 0 179
tree 3288 1496 64 0 179
fre 3364 1484 82 179 179
fre 3436 1476 39 179 179
tree 3464 1496 68 0 179
tree 3480 1496 64 0 179
tree 3496 1496 68 0 179
tree 3512 1480 44 0 179
tree 3528 1480 11 0 179
tree 3544 1480 19 0 179
fre 3676 1500 1 179 179
lay 3704 1480 22 0 179
tree 3864 1480 35 0 179
fre 3892 1492 9 179 179
fre 3932 1476 17 179 179
fre 172 1508 12 179 179
fre 284 1516 17 179 179
tree 296 1528 28 0 179
tree 328 1512 67 0 179
tree 344 1528 68 0 179
tree 328 1528 68 0 179
zabor 368 1520 66 1 8
zabor 400 1520 66 1 8
trop 476 1516 73 179 179
trop 708 1524 126 179 179
trop 724 1508 127 179 179
trop 732 1532 87 179 179
trop 900 1516 100 179 179
trop 980 1516 79 179 179
trop 1060 1516 78 179 179
trop 1092 1516 78 179 179
trop 1164 1508 101 179 179
trop 1236 1524 102 179 179
trop 1228 1516 100 179 179
trop 1252 1508 100 179 179
tree 1384 1512 69 0 179
fre 1412 1516 8 179 179
tree 1448 1528 65 0 179
tree 1464 1528 66 0 179
tree 1480 1528 69 0 179
lay 1544 1528 3 0 179
fre 1596 1524 80 179 179
tree 1608 1512 66 0 179
zabor 1680 1520 66 1 8
trop 1740 1532 73 179 179
trop 1876 1532 72 179 179
dom 1952 1504 92 0 179
trop 2012 1524 127 179 179
dom 2016 1504 87 0 179
trop 2196 1516 74 179 179
zabor 2288 1520 65 1 8
fre 2308 1524 3 179 179
fre 2340 1524 4 179 179
fre 2796 1524 3 179 179
tree 2824 1512 66 0 179
tree 2856 1512 2 0 179
fre 2956 1524 14 179 179
fre 3012 1532 2 179 179
fre 3092 1532 12 179 179
fre 3140 1516 26 179 179
fre 3252 1508 9 179 179
tree 3240 1512 21 0 179
fre 3364 1524 81 179 179
fre 3412 1524 83 179 179
tree 3432 1512 16 0 179
fre 3476 1508 80 179 179
fre 3500 1508 81 179 179
tree 3608 1512 64 0 179
tree 3640 1528 19 0 179
fre 3700 1516 13 179 179
fre 3684 1532 5 179 179
fre 3764 1516 0 179 179
fre 3796 1532 12 179 179
fre 3844 1508 28 179 179
tree 3880 1528 68 0 179
tree 3896 1528 64 0 179
fre 3908 1532 3 179 179
fre 132 1564 0 179 179
fre 204 1540 20 179 179
fre 332 1548 0 179 179
fre 372 1556 12 179 179
zabor 400 1552 66 1 8
trop 460 1564 126 179 179
stand 504 1544 142 0 179
fre 564 1540 0 179 179
trop 548 1564 126 179 179
trop 644 1556 126 179 179
trop 684 1548 72 179 179
trop 716 1556 72 179 179
fre 796 1564 7 179 179
zabor 784 1552 66 1 8
trop 1172 1540 100 179 179
trop 1300 1540 95 179 179
fre 1372 1540 10 179 179
fre 1396 1548 16 179 179
tree 1496 1560 68 0 179
fre 1564 1540 2 179 179
tree 1624 1544 27 0 179
fre 1660 1548 14 179 179
zabor 1680 1552 64 1 8
trop 1892 1556 126 179 179
trop 1988 1540 74 179 179
trop 2012 1556 126 179 179
dom 2016 1536 80 0 179
trop 2028 1548 74 179 179
zabor 2288 1552 66 1 8
lay 2328 1544 9 0 179
fre 2844 1556 23 179 179
fre 2852 1548 9 179 179
fre 2852 1540 26 179 179
fre 2908 1548 2 179 179
tree 2904 1544 65 0 179
fre 2924 1556 7 179 179
tree 2920 1560 68 0 179
tree 2936 1560 66 0 179
fre 3012 1540 2 179 179
fre 3164 1548 2 179 179
fre 3228 1540 12 179 179
fre 3260 1556 13 179 179
fre 3316 1556 2 179 179
tree 3368 1544 44 0 179
fre 3396 1564 82 179 179
tree 3400 1544 66 0 179
tree 3400 1560 64 0 179
fre 3452 1564 81 179 179
lay 3464 1544 7 0 179
tree 3512 1560 50 0 179
tree 3528 1544 64 0 179
tree 3544 1544 67 0 179
tree 3560 1544 66 0 179
tree 3576 1544 68 0 179
tree 3592 1544 64 0 179
tree 3592 1560 11 0 179
fre 3628 1556 81 179 179
tree 3640 1544 66 0 179
tree 3656 1560 63 0 179
tree 3672 1560 68 0 179
fre 3724 1564 3 179 179
fre 3892 1540 13 179 179
tree 3896 1544 69 0 179
tree 3912 1544 65 0 179
fre 3948 1540 26 179 179
tree 152 1592 65 0 179
tree 136 1592 64 0 179
fre 196 1580 15 179 179
fre 260 1572 29 179 179
tree 344 1576 68 0 179
fre 332 1596 13 179 179
tree 360 1592 65 0 179
zabor 400 1584 64 1 8
trop 452 1580 73 179 179
trop 500 1580 72 179 179
trop 524 1572 127 179 179
tree 792 1592 65 0 179
zabor 784 1584 64 1 8
tree 824 1592 64 0 179
fre 820 1596 1 179 179
fre 836 1572 4 179 179
trop 900 1580 77 179 179
trop 996 1596 101 179 179
trop 1012 1596 101 179 179
trop 1076 1596 101 179 179
trop 1164 1588 77 179 179
fre 1236 1588 18 179 179
fre 1276 1596 5 179 179
fre 1292 1580 11 179 179
tree 1288 1592 65 0 179
tree 1304 1592 65 0 179
tree 1304 1576 63 0 179
tree 1336 1576 64 0 179
fre 1356 1580 9 179 179
tree 1368 1576 2 0 179
fre 1404 1596 32 179 179
tree 1496 1576 66 0 179
fre 1524 1580 16 179 179
tree 1560 1576 19 0 179
fre 1636 1596 5 179 179
tree 1656 1592 69 0 179
zabor 1680 1584 64 1 8
trop 1740 1588 127 179 179
dom 1824 1568 81 0 179
trop 1908 1588 75 179 179
trop 2116 1572 72 179 179
zabor 2288 1584 64 1 8
fre 2292 1572 1 179 179
fre 2308 1572 13 179 179
tree 2760 1592 68 0 179
fre 2844 1596 1 179 179
fre 2828 1588 13 179 179
tree 2824 1576 65 0 179
lay 2888 1576 12 0 179
fre 2916 1580 3 179 179
fre 3084 1572 1 179 179
tree 3400 1576 69 0 179
fre 3524 1580 80 179 179
tree 3800 1592 63 0 179
tree 3800 1576 66 0 179
fre 3828 1596 4 179 179
fre 3812 1580 7 179 179
fre 3908 1580 8 179 179
tree 168 1624 35 0 179
fre 180 1604 18 179 179
fre 300 1628 15 179 179
fre 324 1628 11 179 179
zabor 400 1616 64 1 8
trop 508 1620 72 179 179
trop 484 1604 73 179 179
trop 564 1612 126 179 179
fre 724 1604 15 179 179
fre 796 1628 12 179 179
zabor 784 1616 66 1 8
tree 824 1624 64 0 179
fre 820 1620 11 179 179
trop 980 1612 104 179 179
dom 992 1600 49 0 179
trop 1084 1604 103 179 179
fre 1228 1628 9 179 179
fre 1268 1620 0 179 179
fre 1324 1612 3 179 179
fre 1372 1620 11 179 179
fre 1428 1628 2 179 179
fre 1444 1612 5 179 179
fre 1476 1604 14 179 179
fre 1524 1628 0 179 179
fre 1540 1628 15 179 179
tree 1544 1608 63 0 179
fre 1580 1612 0 179 179
tree 1608 1624 68 0 179
tree 1624 1624 65 0 179
zabor 1680 1616 65 1 8
tree 1688 1624 66 0 179
tree 1688 1608 68 0 179
trop 1724 1628 75 179 179
trop 1764 1628 127 179 179
trop 1836 1628 75 179 179
trop 1972 1604 73 179 179
trop 2084 1628 127 179 179
dom 2176 1600 99 0 179
trop 2220 1628 75 179 179
zabor 2288 1616 65 1 8
fre 2308 1612 14 179 179
fre 2356 1628 8 179 179
fre 2372 1620 16 179 179
fre 2636 1628 12 179 179
fre 2900 1628 0 179 179
fre 2988 1612 9 179 179
fre 3068 1620 3 179 179
fre 3116 1604 11 179 179
tree 3160 1608 66 0 179
fre 3196 1628 15 179 179
tree 3176 1624 69 0 179
tree 3192 1624 63 0 179
fre 3204 1604 18 179 179
tree 3240 1624 64 0 179
tree 3256 1624 64 0 179
fre 3292 1620 18 179 179
tree 3272 1624 63 0 179
tree 3352 1624 50 0 179
tree 3384 1608 4 0 179
fre 3404 1628 81 179 179
tree 3464 1608 59 0 179
tree 3496 1624 68 0 179
tree 3496 1608 66 0 179
fre 3540 1620 83 179 179
tree 3576 1608 68 0 179
tree 3576 1624 65 0 179
tree 3640 1608 63 0 179
tree 3656 1624 63 0 179
fre 3772 1604 11 179 179
fre 3916 1612 9 179 179
fre 3948 1628 14 179 179
fre 156 1652 11 179 179
fre 268 1652 9 179 179
fre 324 1660 23 179 179
tree 376 1640 20 0 179
fre 372 1660 3 179 179
zabor 400 1648 64 1 8
trop 444 1660 73 179 179
trop 476 1636 127 179 179
trop 516 1652 126 179 179
dom 512 1632 106 0 179
zabor 784 1648 64 1 8
fre 804 1636 27 179 179
fre 828 1652 5 179 179
fre 812 1660 2 179 179
trop 900 1652 76 179 179
trop 1164 1652 76 179 179
tree 1240 1640 66 0 179
fre 1292 1636 13 179 179
tree 1320 1640 64 0 179
tree 1384 1640 65 0 179
tree 1384 1656 69 0 179
fre 1620 1644 0 179 179
tree 1624 1640 68 0 179
zabor 1680 1648 66 1 8
fre 1700 1652 10 179 179
trop 1836 1636 72 179 179
trop 1996 1644 73 179 179
trop 2052 1652 73 179 179
trop 2100 1660 126 179 179
trop 2100 1644 126 179 179
trop 2092 1660 127 179 179
trop 2188 1660 126 179 179
zabor 2288 1648 64 1 8
fre 2364 1636 0 179 179
tree 2664 1656 19 0 179
tree 2696 1640 64 0 179
fre 2788 1636 2 179 179
fre 2804 1644 1 179 179
fre 2948 1636 15 179 179
fre 2964 1644 26 179 179
fre 3068 1644 26 179 179
fre 3076 1636 13 179 179
fre 3116 1652 0 179 179
fre 3148 1636 1 179 179
tree 3224 1640 35 0 179
tree 3272 1640 66 0 179
fre 3300 1644 1 179 179
fre 3412 1636 83 179 179
tree 3480 1656 68 0 179
tree 3496 1656 66 0 179
tree 3496 1640 64 0 179
tree 3576 1656 69 0 179
fre 3596 1644 80 179 179
tree 3592 1656 50 0 179
tree 3704 1656 67 0 179
fre 3740 1644 2 179 179
tree 3720 1656 66 0 179
fre 3764 1660 7 179 179
fre 3860 1644 16 179 179
fre 164 1676 1 179 179
tree 232 1688 66 0 179
fre 244 1676 3 179 179
zabor 400 1680 66 1 8
trop 468 1684 72 179 179
trop 484 1676 126 179 179
trop 516 1692 72 179 179
dom 672 1664 90 0 179
trop 708 1676 127 179 179
fre 748 1668 2 179 179
zabor 784 1680 64 1 8
fre 804 1668 13 179 179
fre 836 1692 4 179 179
trop 980 1676 104 179 179
trop 1036 1676 100 179 179
trop 1084 1668 103 179 179
zabor 1200 1680 64 1 8
zabor 1232 1680 65 1 8
zabor 1264 1680 64 1 8
zabor 1296 1680 65 1 8
zabor 1328 1680 65 1 8
zabor 1360 1680 66 1 8
zabor 1392 1680 65 1 8
zabor 1424 1680 66 1 8
tree 1448 1688 64 0 179
tree 1464 1688 64 0 179
zabor 1456 1680 64 1 8
tree 1496 1688 67 0 179
zabor 1488 1680 65 1 8
zabor 1520 1680 66 1 8
fre 1556 1684 11 179 179
fre 1660 1692 13 179 179
tree 1656 1672 63 0 179
zabor 1680 1680 66 1 8
fre 1692 1676 9 179 179
fre 1700 1692 11 179 179
trop 1828 1692 72 179 179
trop 1940 1684 73 179 179
trop 2140 1676 72 179 179
trop 2164 1692 126 179 179
zabor 2288 1680 64 1 8
tree 2328 1688 65 0 179
tree 2312 1672 67 0 179
tree 2568 1688 66 0 179
fre 2620 1676 9 179 179
fre 2596 1676 20 179 179
tree 2616 1688 68 0 179
tree 2632 1688 69 0 179
tree 2632 1672 67 0 179
fre 2828 1684 3 179 179
fre 2860 1684 11 179 179
fre 2988 1692 1 179 179
fre 2996 1668 28 179 179
fre 3044 1692 0 179 179
fre 3084 1684 26 179 179
fre 3116 1684 28 179 179
fre 3148 1684 12 179 179
tree 3384 1688 67 0 179
tree 3400 1688 63 0 179
tree 3416 1672 64 0 179
fre 3484 1668 80 179 179
tree 3496 1688 43 0 179
fre 3564 1692 38 179 179
fre 3732 1668 14 179 179
fre 3852 1684 9 179 179
fre 3932 1684 0 179 179
tree 136 1704 64 0 179
fre 156 1700 8 179 179
tree 168 1720 5 0 179
tree 248 1704 64 0 179
tree 264 1720 65 0 179
tree 312 1720 43 0 179
fre 308 1708 13 179 179
zabor 400 1712 66 1 8
trop 468 1724 127 179 179
trop 580 1716 127 179 179
fre 612 1708 19 179 179
fre 636 1724 3 179 179
trop 732 1708 127 179 179
trop 732 1716 72 179 179
zabor 784 1712 64 1 8
fre 820 1700 31 179 179
fre 804 1716 14 179 179
trop 900 1724 77 179 179
trop 1164 1724 77 179 179
zabor 1200 1712 64 1 8
lay 1224 1720 1 0 179
trop 1244 1708 104 179 179
trop 1244 1716 104 179 179
stand 1272 1704 81 0 179
trop 1260 1700 101 179 179
trop 1292 1700 101 179 179
trop 1348 1700 101 179 179
trop 1404 1700 101 179 179
trop 1468 1700 101 179 179
tree 1496 1704 58 0 179
trop 1476 1708 103 179 179
zabor 1520 1712 64 1 8
tree 1528 1720 69 0 179
tree 1544 1720 68 0 179
trop 1604 1708 73 179 179
trop 1604 1716 126 179 179
tree 1656 1704 66 0 179
tree 1656 1720 21 0 179
zabor 1680 1712 65 1 8
fre 1668 1724 7 179 179
trop 1780 1716 75 179 179
dom 1792 1696 84 0 179
dom 1856 1696 84 0 179
dom 1920 1696 84 0 179
trop 2052 1708 127 179 179
trop 2204 1724 72 179 179
trop 2204 1708 127 179 179
trop 2244 1724 126 179 179
zabor 2288 1712 66 1 8
fre 2332 1724 4 179 179
tree 2344 1704 50 0 179
fre 2556 1716 11 179 179
fre 2588 1700 2 179 179
tree 2616 1704 27 0 179
fre 2868 1724 18 179 179
tree 2888 1720 19 0 179
fre 2932 1724 16 179 179
fre 2972 1724 1 179 179
fre 2956 1724 3 179 179
fre 3092 1708 3 179 179
fre 3124 1724 5 179 179
fre 3236 1700 7 179 179
fre 3284 1716 19 179 179
tree 3320 1704 65 0 179
tree 3336 1720 63 0 179
tree 3384 1720 58 0 179
tree 3432 1704 2 0 179
lay 3656 1720 21 0 179
fre 3692 1708 12 179 179
tree 3720 1704 64 0 179
tree 3720 1720 67 0 179
tree 3736 1720 68 0 179
fre 3764 1724 4 179 179
tree 3752 1720 69 0 179
tree 3768 1704 13 0 179
fre 3804 1700 23 179 179
tree 3896 1720 68 0 179
tree 3912 1720 66 0 179
tree 3912 1704 11 0 179
fre 156 1748 9 179 179
fre 340 1756 0 179 179
fre 364 1748 14 179 179
zabor 400 1744 66 1 8
zabor 432 1744 65 1 8
zabor 464 1744 64 1 8
fre 500 1756 11 179 179
zabor 496 1744 65 1 8
zabor 528 1744 65 1 8
zabor 560 1744 65 1 8
zabor 592 1744 64 1 8
zabor 624 1744 66 1 8
zabor 656 1744 66 1 8
zabor 688 1744 66 1 8
zabor 720 1744 66 1 8
zabor 752 1744 66 1 8
zabor 784 1744 65 1 8
tree 808 1736 58 0 179
fre 812 1740 15 179 179
fre 836 1740 0 179 179
trop 980 1740 104 179 179
trop 1028 1740 100 179 179
trop 1084 1732 103 179 179
zabor 1200 1744 65 1 8
stand 1208 1752 59 0 179
dom 1408 1728 93 0 179
zabor 1520 1744 65 1 8
fre 1540 1740 1 179 179
tree 1544 1752 69 0 179
tree 1544 1736 65 0 179
trop 1588 1740 127 179 179
fre 1660 1748 15 179 179
tree 1656 1752 68 0 179
zabor 1680 1744 65 1 8
trop 1836 1748 126 179 179
trop 1868 1756 126 179 179
trop 1908 1748 127 179 179
trop 2020 1748 72 179 179
trop 2052 1740 73 179 179
dom 2144 1728 98 0 179
trop 2164 1740 127 179 179
trop 2204 1740 126 179 179
stand 2216 1752 36 0 179
zabor 2288 1744 66 1 8
fre 2316 1756 3 179 179
tree 2312 1736 69 0 179
fre 2348 1756 3 179 179
tree 2376 1752 66 0 179
tree 2392 1752 67 0 179
fre 2420 1732 1 179 179
fre 2476 1740 18 179 179
tree 2520 1752 68 0 179
fre 2596 1732 3 179 179
fre 2716 1732 81 179 179
tree 2712 1752 63 0 179
tree 2776 1752 11 0 179
fre 2916 1748 2 179 179
tree 2920 1736 65 0 179
fre 2972 1740 9 179 179
fre 2956 1756 1 179 179
fre 3068 1740 4 179 179
fre 3100 1748 2 179 179
tree 3096 1752 69 0 179
tree 3096 1736 68 0 179
tree 3112 1752 64 0 179
tree 3176 1752 59 0 179
fre 3244 1740 2 179 179
fre 3356 1756 2 179 179
tree 3336 1736 66 0 179
tree 3368 1736 65 0 179
fre 3404 1756 9 179 179
tree 3512 1752 64 0 179
tree 3528 1752 63 0 179
fre 3572 1756 81 179 179
fre 3604 1748 80 179 179
tree 3608 1736 67 0 179
tree 3624 1752 63 0 179
fre 3740 1756 12 179 179
tree 3736 1736 65 0 179
fre 3772 1732 9 179 179
tree 3752 1736 69 0 179
fre 3788 1732 17 179 179
fre 3884 1732 8 179 179
fre 3916 1740 5 179 179
tree 3928 1736 65 0 179
tree 3944 1736 64 0 179
tree 280 1784 63 0 179
tree 264 1784 67 0 179
tree 344 1784 63 0 179
tree 408 1768 65 0 179
tree 408 1784 68 0 179
tree 392 1784 65 0 179
fre 412 1780 10 179 179
tree 424 1768 63 0 179
tree 440 1768 63 0 179
tree 456 1768 68 0 179
fre 468 1764 13 179 179
tree 520 1784 21 0 179
tree 536 1768 66 0 179
fre 668 1764 0 179 179
fre 724 1780 2 179 179
tree 744 1784 2 0 179
tree 776 1784 67 0 179
fre 796 1772 2 179 179
tree 824 1768 63 0 179
fre 844 1788 1 179 179
trop 980 1780 104 179 179
dom 1024 1760 22 0 179
trop 1028 1780 100 179 179
trop 1084 1780 103 179 179
trop 1244 1764 104 179 179
trop 1308 1772 100 179 179
trop 1348 1780 100 179 179
stand 1400 1768 81 0 179
trop 1404 1772 100 179 179
stand 1496 1784 5 0 179
trop 1476 1764 103 179 179
zabor 1520 1776 65 1 8
fre 1548 1772 18 179 179
tree 1544 1784 65 0 179
fre 1660 1780 5 179 179
zabor 1680 1776 65 1 8
trop 1764 1764 72 179 179
trop 1828 1780 127 179 179
trop 1876 1772 126 179 179
trop 1988 1780 74 179 179
trop 2084 1764 73 179 179
trop 2116 1780 75 179 179
trop 2148 1772 127 179 179
trop 2196 1780 127 179 179
zabor 2288 1776 65 1 8
fre 2308 1780 2 179 179
tree 2312 1784 65 0 179
tree 2344 1768 2 0 179
fre 2372 1780 11 179 179
fre 2388 1764 28 179 179
tree 2408 1768 68 0 179
fre 2452 1772 3 179 179
tree 2504 1784 69 0 179
tree 2504 1768 63 0 179
fre 2564 1764 0 179 179
fre 2740 1772 82 179 179
tree 2728 1784 69 0 179
tree 2728 1768 66 0 179
tree 2776 1768 13 0 179
tree 2808 1768 66 0 179
tree 2792 1768 11 0 179
tree 2824 1768 68 0 179
tree 2840 1784 63 0 179
tree 2840 1768 66 0 179
fre 2892 1764 3 179 179
tree 3016 1784 69 0 179
fre 3044 1764 31 179 179
fre 3124 1772 13 179 179
tree 3128 1768 64 0 179
tree 3160 1784 69 0 179
tree 3144 1768 64 0 179
tree 3176 1784 67 0 179
fre 3268 1772 8 179 179
fre 3284 1764 14 179 179
tree 3352 1768 66 0 179
tree 3384 1784 69 0 179
tree 3384 1768 64 0 179
tree 3368 1768 69 0 179
tree 3400 1784 67 0 179
fre 3452 1764 5 179 179
fre 3604 1780 82 179 179
tree 3592 1784 21 0 179
tree 3640 1768 66 0 179
fre 3660 1788 80 179 179
tree 3656 1768 64 0 179
tree 3656 1784 69 0 179
fre 3884 1764 13 179 179
tree 3928 1784 68 0 179
tree 3928 1768 2 0 179
fre 148 1820 16 179 179
tree 200 1800 63 0 179
fre 212 1812 83 179 179
tree 264 1816 9 0 179
fre 284 1820 10 179 179
tree 312 1816 63 0 179
tree 344 1800 63 0 179
tree 520 1816 64 0 179
fre 540 1820 37 179 179
fre 572 1804 82 179 179
tree 584 1800 66 0 179
fre 620 1812 81 179 179
tree 648 1816 69 0 179
tree 664 1800 65 0 179
fre 684 1796 82 179 179
tree 728 1816 67 0 179
fre 732 1804 28 179 179
fre 724 1812 15 179 179
tree 776 1800 64 0 179
fre 828 1804 18 179 179
lay 808 1800 10 0 179
fre 820 1804 1 179 179
trop 900 1812 76 179 179
trop 1164 1812 76 179 179
trop 1244 1812 104 179 179
zabor 1520 1808 65 1 8
tree 1528 1816 63 0 179
fre 1540 1812 15 179 179
trop 1604 1812 73 179 179
trop 1604 1796 75 179 179
trop 1620 1804 126 179 179
zabor 1680 1808 66 1 8
trop 1948 1812 72 179 179
trop 2156 1812 73 179 179
trop 2164 1820 127 179 179
zabor 2288 1808 64 1 8
tree 2312 1800 69 0 179
fre 2348 1804 0 179 179
fre 2420 1812 9 179 179
fre 2492 1820 12 179 179
tree 2552 1800 51 0 179
lay 2648 1800 19 0 179
fre 2692 1820 37 179 179
tree 2744 1800 57 0 179
tree 2728 1800 21 0 179
tree 2776 1816 66 0 179
fre 2788 1812 81 179 179
tree 2808 1800 65 0 179
tree 2792 1816 63 0 179
fre 2876 1820 2 179 179
fre 3092 1804 7 179 179
fre 3132 1820 22 179 179
tree 3192 1816 69 0 179
fre 3228 1812 7 179 179
tree 3208 1816 63 0 179
tree 3224 1816 68 0 179
tree 3240 1816 66 0 179
fre 3276 1804 3 179 179
tree 3336 1816 66 0 179
fre 3380 1812 11 179 179
fre 3420 1812 3 179 179
tree 3448 1800 66 0 179
tree 3448 1816 68 0 179
tree 3432 1816 64 0 179
fre 3476 1812 7 179 179
tree 3480 1816 67 0 179
tree 3464 1800 66 0 179
tree 3544 1800 50 0 179
tree 3656 1800 21 0 179
tree 3784 1800 69 0 179
fre 3820 1804 15 179 179
tree 3864 1800 63 0 179
tree 3944 1816 66 0 179
tree 3960 1800 68 0 179
fre 188 1844 0 179 179
tree 200 1848 51 0 179
fre 276 1836 81 179 179
tree 296 1832 27 0 179
fre 316 1852 80 179 179
fre 340 1852 2 179 179
fre 380 1852 8 179 179
tree 392 1832 63 0 179
fre 428 1844 15 179 179
tree 488 1848 35 0 179
tree 632 1848 63 0 179
tree 616 1832 44 0 179
tree 648 1832 65 0 179
tree 728 1832 63 0 179
tree 808 1848 52 0 179
zabor 944 1840 66 1 8
zabor 976 1840 65 1 8
trop 980 1836 104 179 179
zabor 1008 1840 64 1 8
zabor 1040 1840 64 1 8
trop 1028 1836 100 179 179
zabor 1072 1840 66 1 8
trop 1084 1828 103 179 179
zabor 1104 1840 64 1 8
stand 1208 1848 28 0 179
zabor 1200 1840 65 1 8
trop 1308 1844 100 179 179
trop 1340 1844 100 179 179
trop 1404 1836 102 179 179
trop 1468 1836 102 179 179
dom 1472 1824 35 0 179
trop 1476 1828 103 179 179
zabor 1520 1840 65 1 8
tree 1528 1848 65 0 179
fre 1548 1836 13 179 179
tree 1560 1832 57 0 179
fre 1652 1828 4 179 179
zabor 1680 1840 64 1 8
stand 1704 1832 20 0 179
trop 1748 1844 73 179 179
trop 1788 1852 75 179 179
trop 1860 1836 72 179 179
trop 1900 1828 75 179 179
trop 1980 1836 74 179 179
trop 2052 1844 73 179 179
trop 2236 1828 73 179 179
tree 2264 1848 63 0 179
zabor 2288 1840 64 1 8
fre 2356 1836 2 179 179
fre 2468 1836 1 179 179
tree 2552 1848 67 0 179
fre 2564 1852 18 179 179
tree 2776 1832 69 0 179
tree 2808 1848 67 0 179
tree 2792 1848 63 0 179
tree 2792 1832 69 0 179
fre 2892 1828 19 179 179
fre 2972 1844 81 179 179
tree 2968 1848 44 0 179
tree 3032 1832 68 0 179
tree 3048 1848 69 0 179
tree 3048 1832 68 0 179
tree 3096 1848 64 0 179
tree 3080 1848 69 0 179
tree 3128 1848 8 0 179
fre 3172 1836 10 179 179
fre 3212 1836 1 179 179
tree 3256 1848 65 0 179
fre 3316 1852 12 179 179
tree 3320 1848 65 0 179
tree 3336 1832 68 0 179
fre 3372 1844 18 179 179
fre 3428 1852 1 179 179
fre 3556 1852 11 179 179
tree 3592 1832 65 0 179
tree 3640 1848 68 0 179
fre 3652 1828 81 179 179
tree 3656 1848 69 0 179
fre 3780 1828 0 179 179
fre 3900 1836 10 179 179
fre 3908 1852 11 179 179
fre 196 1876 14 179 179
tree 248 1864 64 0 179
tree 248 1880 69 0 179
tree 264 1880 68 0 179
fre 404 1876 27 179 179
fre 420 1876 3 179 179
tree 456 1880 63 0 179
tree 472 1864 9 0 179
tree 504 1864 59 0 179
fre 516 1884 28 179 179
tree 584 1880 43 0 179
fre 604 1876 83 179 179
tree 696 1864 43 0 179
fre 732 1884 20 179 179
tree 744 1864 64 0 179
fre 740 1860 81 179 179
tree 808 1880 66 0 179
tree 808 1864 69 0 179
fre 812 1868 14 179 179
trop 900 1884 77 179 179
zabor 944 1872 65 1 8
trop 1084 1884 103 179 179
zabor 1104 1872 66 1 8
trop 1164 1884 77 179 179
zabor 1200 1872 64 1 8
trop 1244 1860 104 179 179
zabor 1360 1872 66 1 8
tree 1384 1864 68 0 179
tree 1400 1864 65 0 179
zabor 1392 1872 66 1 8
zabor 1424 1872 64 1 8
fre 1460 1884 11 179 179
zabor 1456 1872 64 1 8
fre 1492 1884 27 179 179
zabor 1488 1872 65 1 8
zabor 1520 1872 66 1 8
fre 1540 1860 0 179 179
trop 1628 1868 126 179 179
trop 1660 1884 74 179 179
trop 1684 1884 126 179 179
trop 1764 1884 73 179 179
trop 1956 1876 126 179 179
trop 2116 1876 74 179 179
tree 2216 1880 65 0 179
tree 2248 1880 64 0 179
zabor 2288 1872 64 1 8
fre 2396 1884 4 179 179
fre 2388 1884 11 179 179
fre 2444 1860 3 179 179
tree 2472 1864 69 0 179
tree 2488 1864 66 0 179
tree 2504 1864 63 0 179
tree 2632 1864 13 0 179
tree 2648 1864 27 0 179
fre 2732 1868 80 179 179
tree 2808 1864 66 0 179
fre 3092 1860 17 179 179
tree 3096 1864 66 0 179
tree 3080 1864 64 0 179
fre 3116 1860 16 179 179
fre 3204 1876 4 179 179
fre 3236 1860 9 179 179
fre 3244 1860 15 179 179
tree 3256 1864 65 0 179
tree 3240 1880 43 0 179
fre 3300 1860 2 179 179
fre 3380 1884 0 179 179
fre 3444 1876 10 179 179
fre 3452 1876 26 179 179
fre 3620 1884 15 179 179
tree 3704 1864 66 0 179
tree 3720 1864 66 0 179
tree 3720 1880 64 0 179
fre 3780 1860 2 179 179
fre 3844 1884 7 179 179
fre 3948 1860 2 179 179
tree 136 1912 65 0 179
tree 136 1896 68 0 179
fre 188 1916 81 179 179
fre 188 1900 4 179 179
tree 200 1896 43 0 179
fre 364 1908 0 179 179
fre 388 1908 0 179 179
fre 428 1908 18 179 179
tree 504 1896 63 0 179
tree 504 1912 64 0 179
fre 524 1892 9 179 179
fre 732 1900 0 179 179
fre 748 1900 23 179 179
fre 780 1892 4 179 179
tree 824 1912 63 0 179
zabor 944 1904 64 1 8
trop 980 1900 104 179 179
dom 1024 1888 124 0 179
trop 1028 1900 100 179 179
zabor 1104 1904 64 1 8
zabor 1200 1904 65 1 8
stand 1224 1896 89 0 179
trop 1244 1908 104 179 179
trop 1292 1908 100 179 179
trop 1340 1900 103 179 179
zabor 1360 1904 66 1 8
tree 1384 1912 67 0 179
fre 1388 1908 9 179 179
fre 1404 1892 4 179 179
tree 1432 1912 17 0 179
fre 1436 1892 18 179 179
tree 1448 1896 63 0 179
tree 1464 1896 63 0 179
fre 1476 1892 2 179 179
tree 1512 1896 51 0 179
fre 1508 1892 13 179 179
fre 1516 1900 4 179 179
trop 1604 1916 73 179 179
trop 1604 1916 126 179 179
trop 1644 1892 72 179 179
trop 1644 1892 127 179 179
trop 1708 1908 127 179 179
trop 1916 1900 74 179 179
trop 2020 1916 73 179 179
trop 2076 1900 72 179 179
zabor 2160 1904 64 1 8
zabor 2192 1904 65 1 8
fre 2204 1892 0 179 179
zabor 2224 1904 66 1 8
zabor 2256 1904 65 1 8
zabor 2288 1904 65 1 8
tree 2312 1912 64 0 179
tree 2328 1912 66 0 179
fre 2348 1892 5 179 179
fre 2612 1908 82 179 179
fre 2684 1908 83 179 179
tree 2680 1896 51 0 179
tree 2696 1896 58 0 179
tree 2808 1896 43 0 179
fre 2868 1892 80 179 179
tree 2904 1912 2 0 179
fre 2940 1916 82 179 179
tree 3000 1912 59 0 179
tree 3032 1896 64 0 179
tree 3048 1896 64 0 179
tree 3064 1912 64 0 179
fre 3180 1908 19 179 179
fre 3484 1916 0 179 179
fre 3492 1916 7 179 179
tree 3544 1912 68 0 179
tree 3544 1896 67 0 179
fre 3604 1900 14 179 179
tree 3624 1912 65 0 179
tree 3640 1912 66 0 179
tree 3720 1896 63 0 179
fre 3820 1908 9 179 179
fre 3908 1900 13 179 179
tree 152 1944 4 0 179
fre 140 1940 12 179 179
fre 244 1932 82 179 179
tree 312 1928 66 0 179
fre 340 1948 80 179 179
fre 404 1948 9 179 179
lay 520 1944 8 0 179
tree 568 1928 18 0 179
tree 616 1944 64 0 179
fre 660 1940 11 179 179
tree 728 1928 66 0 179
tree 776 1928 37 0 179
tree 824 1928 68 0 179
tree 952 1944 60 0 179
zabor 944 1936 65 1 8
trop 1084 1948 103 179 179
stand 1112 1944 114 0 179
zabor 1104 1936 65 1 8
zabor 1200 1936 64 1 8
trop 1292 1932 100 179 179
zabor 1360 1936 64 1 8
tree 1384 1928 66 0 179
tree 1384 1944 64 0 179
fre 1388 1948 8 179 179
zabor 1680 1936 65 1 8
trop 1772 1948 72 179 179
trop 1828 1924 74 179 179
trop 1844 1924 75 179 179
trop 1860 1932 73 179 179
trop 1988 1940 126 179 179
trop 2044 1948 126 179 179
stand 2104 1944 81 0 179
zabor 2160 1936 66 1 8
tree 2184 1944 68 0 179
tree 2200 1944 64 0 179
tree 2200 1928 69 0 179
fre 2220 1940 17 179 179
fre 2300 1948 1 179 179
fre 2324 1940 28 179 179
tree 2376 1944 67 0 179
fre 2420 1924 26 179 179
fre 2436 1932 12 179 179
fre 2476 1948 15 179 179
fre 2500 1948 7 179 179
fre 2644 1948 82 179 179
lay 2632 1928 16 0 179
fre 2708 1948 82 179 179
tree 2728 1944 67 0 179
fre 2764 1948 34 179 179
fre 2876 1932 81 179 179
tree 2920 1928 43 0 179
tree 2984 1944 69 0 179
tree 3080 1944 27 0 179
fre 3156 1924 1 179 179
tree 3224 1944 63 0 179
tree 3208 1944 64 0 179
tree 3208 1928 69 0 179
fre 3252 1940 0 179 179
fre 3300 1948 15 179 179
tree 3304 1928 19 0 179
fre 3340 1940 5 179 179
tree 3576 1928 63 0 179
tree 3560 1928 69 0 179
fre 3628 1940 27 179 179
tree 3704 1944 44 0 179
tree 3720 1944 68 0 179
fre 3796 1940 12 179 179
fre 3900 1940 2 179 179
tree 3896 1944 66 0 179
tree 168 1960 68 0 179
fre 244 1980 38 179 179
tree 280 1960 64 0 179
tree 328 1976 51 0 179
fre 324 1980 3 179 179
tree 376 1960 63 0 179
tree 408 1976 69 0 179
tree 392 1976 64 0 179
fre 388 1972 12 179 179
tree 488 1960 69 0 179
fre 548 1964 9 179 179
fre 548 1956 16 179 179
tree 600 1976 49 0 179
fre 668 1964 10 179 179
tree 696 1960 19 0 179
tree 776 1976 67 0 179
fre 804 1972 12 179 179
fre 836 1956 18 179 179
trop 900 1972 76 179 179
zabor 944 1968 66 1 8
trop 980 1964 104 179 179
trop 996 1964 102 179 179
trop 1020 1964 102 179 179
trop 1076 1964 102 179 179
trop 1164 1972 76 179 179
tree 1208 1976 65 0 179
zabor 1200 1968 64 1 8
trop 1244 1972 104 179 179
trop 1300 1980 100 179 179
trop 1340 1964 103 179 179
zabor 1360 1968 65 1 8
tree 1384 1960 64 0 179
trop 1580 1972 126 179 179
fre 1660 1980 19 179 179
zabor 1680 1968 66 1 8
fre 1668 1964 12 179 179
stand 1704 1976 81 0 179
trop 1940 1964 73 179 179
trop 1956 1956 127 179 179
trop 2020 1980 72 179 179
trop 2044 1980 73 179 179
zabor 2160 1968 64 1 8
fre 2204 1964 2 179 179
tree 2216 1960 4 0 179
fre 2268 1980 5 179 179
fre 2340 1980 3 179 179
fre 2340 1964 4 179 179
tree 2376 1960 66 0 179
tree 2392 1976 65 0 179
fre 2412 1964 27 179 179
fre 2460 1972 3 179 179
tree 2616 1976 69 0 179
tree 2712 1960 67 0 179
tree 2696 1960 65 0 179
tree 2872 1976 68 0 179
fre 2884 1972 83 179 179
tree 2984 1960 63 0 179
tree 2984 1976 68 0 179
fre 3020 1972 82 179 179
fre 3244 1980 5 179 179
fre 3276 1980 17 179 179
tree 3336 1960 66 0 179
tree 3352 1960 64 0 179
fre 3388 1964 28 179 179
tree 3368 1960 69 0 179
fre 3420 1956 2 179 179
fre 3420 1964 4 179 179
fre 3428 1980 14 179 179
fre 3452 1956 27 179 179
fre 3492 1972 12 179 179
fre 3524 1956 18 179 179
fre 3548 1980 20 179 179
fre 3572 1956 1 179 179
lay 3560 1960 3 0 179
tree 3608 1960 66 0 179
tree 3592 1976 21 0 179
fre 3628 1956 9 179 179
tree 3624 1960 67 0 179
tree 3672 1960 66 0 179
fre 3692 1956 0 179 179
fre 3876 1980 15 179 179
tree 3896 1960 65 0 179
fre 3932 1964 14 179 179
fre 148 2004 80 179 179
tree 184 1992 68 0 179
fre 172 1996 81 179 179
tree 280 1992 65 0 179
tree 312 1992 68 0 179
fre 300 1996 9 179 179
tree 328 1992 66 0 179
tree 344 1992 67 0 179
tree 344 2008 64 0 179
fre 332 2004 28 179 179
fre 372 2012 5 179 179
tree 408 1992 64 0 179
fre 412 2012 3 179 179
tree 472 2008 69 0 179
fre 540 2012 0 179 179
tree 584 2008 65 0 179
fre 588 2004 83 179 179
fre 588 2012 1 179 179
tree 632 2008 69 0 179
tree 664 2008 60 0 179
tree 792 1992 68 0 179
tree 776 1992 69 0 179
fre 788 1996 83 179 179
tree 824 1992 64 0 179
fre 820 2012 0 179 179
tree 952 2008 25 0 179
zabor 944 2000 65 1 8
zabor 976 2000 66 1 8
tree 1016 2008 37 0 179
zabor 1008 2000 66 1 8
stand 1048 2008 44 0 179
zabor 1040 2000 66 1 8
tree 1080 2008 12 0 179
zabor 1072 2000 64 1 8
stand 1112 2008 117 0 179
zabor 1104 2000 65 1 8
tree 1208 1992 67 0 179
zabor 1200 2000 64 1 8
dom 1248 1984 37 0 179
zabor 1360 2000 64 1 8
tree 1384 2008 65 0 179
fre 1388 1988 14 179 179
fre 1388 2012 2 179 179
trop 1604 1996 73 179 179
trop 1612 1996 126 179 179
fre 1652 1996 8 179 179
zabor 1680 2000 66 1 8
stand 1768 2008 81 0 179
trop 1836 2004 75 179 179
trop 1860 2012 127 179 179
trop 1940 1988 127 179 179
trop 2020 1996 127 179 179
zabor 2160 2000 64 1 8
fre 2196 2012 10 179 179
tree 2184 2008 66 0 179
fre 2220 1996 19 179 179
fre 2332 1988 22 179 179
fre 2396 2012 9 179 179
fre 2460 2012 11 179 179
fre 2476 2004 9 179 179
tree 2616 2008 2 0 179
tree 2680 2008 64 0 179
tree 2872 1992 69 0 179
tree 2888 1992 67 0 179
fre 2932 1996 80 179 179
tree 2936 2008 4 0 179
tree 3000 1992 67 0 179
tree 3000 2008 63 0 179
tree 3048 1992 43 0 179
fre 3124 2012 1 179 179
fre 3196 2004 3 179 179
fre 3220 2012 2 179 179
fre 3252 2004 7 179 179
fre 3236 2012 26 179 179
tree 3288 2008 69 0 179
tree 3384 1992 21 0 179
tree 3416 2008 64 0 179
fre 3460 2004 14 179 179
fre 3548 2012 26 179 179
fre 3556 1996 2 179 179
fre 3620 2004 30 179 179
tree 3704 2008 64 0 179
tree 3720 2008 69 0 179
lay 3768 2008 18 0 179
tree 3816 1992 63 0 179
tree 3816 2008 64 0 179
tree 3832 2008 67 0 179
tree 3848 2008 69 0 179
tree 3880 1992 44 0 179
fre 3908 1988 26 179 179
tree 152 2024 68 0 179
fre 188 2020 82 179 179
tree 216 2024 25 0 179
fre 204 2036 80 179 179
tree 232 2024 63 0 179
fre 228 2036 0 179 179
tree 264 2024 26 0 179
fre 292 2028 13 179 179
fre 324 2044 10 179 179
tree 360 2024 64 0 179
tree 360 2040 64 0 179
tree 376 2040 63 0 179
tree 472 2024 63 0 179
tree 536 2024 64 0 179
tree 520 2024 4 0 179
fre 532 2020 80 179 179
tree 616 2040 49 0 179
fre 628 2036 81 179 179
fre 708 2036 33 179 179
tree 824 2040 65 0 179
tree 808 2024 65 0 179
tree 824 2024 68 0 179
trop 1172 2044 103 179 179
tree 1208 2024 66 0 179
tree 1208 2040 21 0 179
zabor 1200 2032 65 1 8
trop 1244 2036 104 179 179
tree 1256 2040 63 0 179
trop 1260 2036 102 179 179
trop 1340 2028 103 179 179
trop 1324 2036 102 179 179
zabor 1360 2032 64 1 8
tree 1384 2040 66 0 179
trop 1588 2036 126 179 179
fre 1652 2036 11 179 179
zabor 1680 2032 64 1 8
stand 1752 2024 81 0 179
trop 1772 2020 72 179 179
stand 1800 2024 81 0 179
dom 1920 2016 33 0 179
dom 1952 2016 33 0 179
dom 2048 2016 32 0 179
fre 2108 2044 9 179 179
fre 2140 2044 5 179 179
zabor 2160 2032 66 1 8
tree 2184 2024 69 0 179
fre 2252 2028 0 179 179
fre 2428 2044 7 179 179
tree 2648 2024 64 0 179
tree 2712 2024 66 0 179
fre 2780 2044 82 179 179
tree 2840 2024 57 0 179
tree 2856 2024 43 0 179
tree 2936 2024 35 0 179
fre 2948 2020 81 179 179
tree 3000 2024 67 0 179
tree 3064 2040 68 0 179
fre 3116 2036 7 179 179
fre 3252 2028 12 179 179
tree 3288 2024 68 0 179
tree 3480 2040 66 0 179
tree 3592 2024 68 0 179
fre 3740 2036 2 179 179
tree 3736 2024 68 0 179
tree 3720 2024 69 0 179
fre 3836 2044 2 179 179
fre 3828 2028 16 179 179
fre 3876 2044 17 179 179
tree 3880 2024 63 0 179
tree 3896 2040 66 0 179
fre 3916 2036 0 179 179
fre 156 2068 12 179 179
fre 172 2068 3 179 179
fre 228 2076 5 179 179
fre 236 2060 15 179 179
tree 376 2056 65 0 179
tree 408 2072 64 0 179
fre 396 2068 18 179 179
tree 456 2072 64 0 179
tree 456 2056 64 0 179
tree 472 2072 63 0 179
fre 500 2076 3 179 179
tree 504 2056 69 0 179
fre 524 2076 18 179 179
fre 596 2068 11 179 179
fre 628 2060 19 179 179
tree 696 2072 25 0 179
tree 760 2056 63 0 179
trop 892 2052 104 179 179
trop 980 2052 79 179 179
trop 1028 2052 79 179 179
trop 1092 2052 78 179 179
trop 1172 2052 103 179 179
zabor 1200 2064 66 1 8
tree 1240 2056 25 0 179
zabor 1232 2064 65 1 8
zabor 1264 2064 65 1 8
trop 1252 2060 100 179 179
zabor 1296 2064 66 1 8
zabor 1328 2064 66 1 8
zabor 1360 2064 64 1 8
tree 1384 2056 69 0 179
fre 1396 2068 0 179 179
tree 1432 2072 19 0 179
fre 1420 2076 28 179 179
fre 1436 2068 3 179 179
trop 1588 2060 75 179 179
trop 1572 2076 127 179 179
tree 1656 2056 66 0 179
zabor 1680 2064 65 1 8
fre 1668 2060 9 179 179
zabor 1712 2064 66 1 8
zabor 1744 2064 66 1 8
fre 1732 2076 10 179 179
zabor 1776 2064 65 1 8
zabor 1808 2064 66 1 8
zabor 1840 2064 66 1 8
zabor 1872 2064 64 1 8
zabor 1904 2064 65 1 8
zabor 1936 2064 65 1 8
zabor 1968 2064 65 1 8
zabor 2000 2064 65 1 8
zabor 2032 2064 65 1 8
zabor 2064 2064 65 1 8
zabor 2096 2064 65 1 8
zabor 2128 2064 64 1 8
fre 2124 2076 3 179 179
zabor 2160 2064 64 1 8
fre 2204 2052 7 179 179
fre 2236 2060 12 179 179
fre 2228 2052 26 179 179
fre 2292 2076 14 179 179
fre 2348 2076 11 179 179
fre 2412 2052 13 179 179
fre 2500 2068 18 179 179
fre 2508 2060 26 179 179
tree 2520 2072 65 0 179
tree 2536 2072 67 0 179
tree 2616 2056 51 0 179
tree 2648 2072 69 0 179
tree 2648 2056 66 0 179
fre 2684 2076 80 179 179
tree 2712 2056 4 0 179
lay 2760 2072 20 0 179
fre 2868 2052 81 179 179
tree 2872 2072 59 0 179
tree 2856 2072 57 0 179
fre 2900 2052 80 179 179
lay 2952 2056 18 0 179
fre 2996 2076 33 179 179
tree 3064 2072 64 0 179
tree 3080 2056 66 0 179
fre 3108 2060 16 179 179
fre 3180 2060 15 179 179
dom 3360 2048 127 0 179
fre 3516 2060 5 179 179
tree 3496 2056 65 0 179
tree 3544 2072 43 0 179
tree 3560 2056 65 0 179
tree 3608 2056 69 0 179
fre 3644 2068 3 179 179
tree 3624 2056 63 0 179
fre 3724 2068 13 179 179
cliff 3744 2048 41 179 179
fre 3772 2076 14 179 179
fre 3796 2068 1 179 179
cliff 3824 2048 17 179 179
fre 3836 2060 12 179 179
lay 3864 2072 20 0 179
fre 3932 2076 1 179 179
tree 152 2104 26 0 179
fre 156 2092 27 179 179
fre 188 2108 14 179 179
fre 164 2084 0 179 179
tree 200 2104 67 0 179
fre 276 2084 30 179 179
fre 316 2084 15 179 179
fre 364 2092 23 179 179
tree 424 2088 9 0 179
tree 552 2088 68 0 179
fre 588 2092 4 179 179
fre 636 2084 13 179 179
tree 792 2104 65 0 179
tree 808 2104 67 0 179
tree 840 2088 51 0 179
fre 836 2108 17 179 179
fre 1436 2108 15 179 179
fre 1444 2092 26 179 179
trop 1564 2108 127 179 179
trop 1596 2092 126 179 179
fre 1652 2092 18 179 179
tree 1704 2088 13 0 179
fre 1732 2100 12 179 179
tree 1768 2088 64 0 179
tree 1768 2104 68 0 179
tree 1800 2088 68 0 179
fre 1836 2100 13 179 179
tree 1880 2104 68 0 179
fre 1892 2100 1 179 179
tree 1896 2088 67 0 179
fre 1924 2108 7 179 179
tree 1928 2088 21 0 179
fre 1980 2092 10 179 179
tree 2008 2088 65 0 179
tree 2040 2104 64 0 179
tree 2024 2104 67 0 179
fre 2060 2092 15 179 179
tree 2056 2104 65 0 179
tree 2056 2088 69 0 179
tree 2104 2104 67 0 179
tree 2120 2104 63 0 179
fre 2140 2108 2 179 179
fre 2260 2108 30 179 179
lay 2296 2104 6 0 179
fre 2316 2084 3 179 179
fre 2492 2084 2 179 179
fre 2556 2108 7 179 179
tree 2536 2088 68 0 179
tree 2536 2104 65 0 179
tree 2552 2104 67 0 179
fre 2684 2108 81 179 179
tree 2680 2088 2 0 179
tree 2680 2104 57 0 179
lay 2760 2104 2 0 179
lay 2792 2088 14 0 179
tree 2856 2104 2 0 179
fre 3076 2084 11 179 179
fre 3140 2100 23 179 179
fre 3220 2092 3 179 179
fre 3260 2100 9 179 179
fre 3732 2084 8 179 179
fre 3900 2084 30 179 179
fre 172 2140 17 179 179
fre 236 2116 13 179 179
tree 312 2136 58 0 179
fre 308 2140 11 179 179
tree 344 2136 64 0 179
tree 360 2136 64 0 179
fre 356 2124 0 179 179
fre 564 2116 20 179 179
tree 600 2136 66 0 179
tree 600 2120 69 0 179
fre 588 2132 0 179 179
tree 648 2120 64 0 179
tree 664 2120 65 0 179
fre 764 2132 80 179 179
tree 792 2136 11 0 179
tree 808 2120 64 0 179
trop 900 2116 77 179 179
trop 980 2140 104 179 179
trop 996 2132 101 179 179
trop 1012 2132 101 179 179
trop 1076 2132 101 179 179
trop 1084 2140 103 179 179
trop 1164 2124 77 179 179
trop 1244 2132 104 179 179
trop 1260 2116 101 179 179
trop 1324 2116 101 179 179
trop 1388 2116 101 179 179
trop 1396 2124 103 179 179
fre 1436 2132 10 179 179
tree 1448 2120 66 0 179
tree 1448 2136 63 0 179
trop 1540 2140 126 179 179
fre 1620 2140 3 179 179
fre 1708 2124 4 179 179
tree 1752 2136 57 0 179
tree 1784 2136 19 0 179
tree 1816 2120 65 0 179
tree 1816 2136 68 0 179
tree 1832 2136 68 0 179
tree 1864 2120 67 0 179
fre 1964 2124 30 179 179
fre 1988 2140 14 179 179
fre 2100 2132 23 179 179
fre 2188 2132 4 179 179
tree 2376 2136 65 0 179
tree 2392 2136 67 0 179
fre 2428 2124 0 179 179
tree 2424 2136 64 0 179
tree 2552 2120 66 0 179
tree 2584 2136 67 0 179
tree 2680 2136 65 0 179
fre 2724 2116 82 179 179
fre 2820 2132 35 179 179
fre 2932 2116 83 179 179
tree 2920 2120 51 0 179
tree 3000 2136 63 0 179
fre 3188 2116 9 179 179
fre 3212 2132 19 179 179
fre 3244 2124 2 179 179
tree 3256 2136 69 0 179
tree 3240 2136 44 0 179
tree 3272 2136 66 0 179
fre 3308 2132 0 179 179
fre 3684 2132 14 179 179
cliff 3744 2128 36 179 179
cliff 3744 2112 39 179 179
fre 3748 2132 2 179 179
fre 3756 2124 28 179 179
tree 3752 2136 11 0 179
tree 3800 2136 65 0 179
tree 3784 2120 64 0 179
fre 3820 2132 11 179 179
fre 3852 2116 31 179 179
fre 3892 2124 10 179 179
fre 3940 2132 12 179 179
fre 140 2172 2 179 179
fre 180 2164 22 179 179
fre 236 2156 12 179 179
tree 264 2168 68 0 179
tree 344 2152 65 0 179
fre 356 2148 3 179 179
tree 392 2168 69 0 179
fre 388 2164 5 179 179
fre 628 2172 17 179 179
tree 648 2168 66 0 179
fre 652 2148 3 179 179
tree 728 2152 67 0 179
tree 712 2152 12 0 179
fre 764 2172 4 179 179
fre 780 2156 8 179 179
dom 992 2144 19 0 179
dom 1248 2144 20 0 179
dom 1344 2144 52 0 179
fre 1436 2164 1 179 179
fre 1452 2164 23 179 179
trop 1564 2156 73 179 179
trop 1564 2172 126 179 179
fre 1620 2164 20 179 179
tree 1640 2168 11 0 179
fre 1676 2148 32 179 179
fre 1716 2164 8 179 179
tree 1736 2152 68 0 179
fre 1780 2148 2 179 179
fre 1812 2156 7 179 179
tree 1864 2152 64 0 179
tree 1864 2168 69 0 179
tree 1880 2168 68 0 179
tree 1896 2168 67 0 179
fre 2028 2172 4 179 179
fre 2084 2172 31 179 179
fre 2124 2148 14 179 179
fre 2252 2172 1 179 179
tree 2264 2152 63 0 179
fre 2276 2164 9 179 179
tree 2280 2168 68 0 179
tree 2280 2152 63 0 179
fre 2324 2172 31 179 179
fre 2412 2164 16 179 179
tree 2408 2152 11 0 179
tree 2440 2152 68 0 179
tree 2456 2152 63 0 179
fre 2468 2164 5 179 179
tree 2472 2152 69 0 179
fre 2556 2164 15 179 179
tree 2552 2152 50 0 179
tree 2744 2168 43 0 179
fre 2764 2164 80 179 179
tree 2776 2152 68 0 179
tree 2904 2152 68 0 179
tree 2984 2152 64 0 179
fre 3124 2156 13 179 179
fre 3156 2164 10 179 179
fre 3188 2164 17 179 179
fre 3244 2164 12 179 179
tree 3272 2152 66 0 179
fre 3676 2156 0 179 179
fre 3708 2172 3 179 179
tree 3688 2152 67 0 179
fre 3804 2156 9 179 179
tree 3800 2152 66 0 179
fre 3924 2164 2 179 179
tree 3928 2168 69 0 179
tree 3944 2168 63 0 179
fre 156 2180 28 179 179
fre 188 2196 1 179 179
fre 692 2204 28 179 179
fre 684 2180 10 179 179
fre 748 2196 11 179 179
fre 740 2196 2 179 179
tree 808 2184 21 0 179
fre 828 2196 15 179 179
fre 828 2180 26 179 179
trop 900 2204 76 179 179
trop 980 2196 104 179 179
trop 996 2196 102 179 179
trop 1028 2196 102 179 179
trop 1084 2188 103 179 179
trop 1068 2196 102 179 179
stand 1096 2184 68 0 179
stand 1096 2200 74 0 179
trop 1164 2204 76 179 179
trop 1244 2196 104 179 179
trop 1260 2196 102 179 179
trop 1324 2196 102 179 179
trop 1396 2180 103 179 179
trop 1388 2196 102 179 179
fre 1444 2204 5 179 179
fre 1612 2188 9 179 179
fre 1652 2204 15 179 179
fre 1684 2180 1 179 179
fre 1916 2180 13 179 179
tree 1912 2184 63 0 179
tree 1960 2184 68 0 179
tree 1976 2184 64 0 179
fre 2004 2204 7 179 179
tree 1992 2184 63 0 179
fre 2164 2196 3 179 179
fre 2180 2188 5 179 179
fre 2252 2196 13 179 179
fre 2380 2188 32 179 179
fre 2460 2204 31 179 179
fre 2540 2188 3 179 179
fre 2540 2180 4 179 179
tree 2600 2184 63 0 179
tree 2600 2200 64 0 179
tree 2616 2200 66 0 179
tree 2808 2184 68 0 179
fre 2836 2180 80 179 179
tree 2824 2200 63 0 179
fre 2868 2204 82 179 179
fre 2924 2204 16 179 179
tree 2968 2200 21 0 179
tree 2984 2200 35 0 179
fre 3076 2204 4 179 179
fre 3132 2196 30 179 179
fre 3212 2204 0 179 179
fre 3236 2196 26 179 179
tree 3256 2200 65 0 179
fre 3708 2196 13 179 179
fre 3772 2180 18 179 179
fre 3812 2204 14 179 179
fre 3844 2204 1 179 179
fre 3876 2180 32 179 179
fre 3916 2204 5 179 179
tree 168 2216 19 0 179
fre 204 2220 16 179 179
tree 728 2232 20 0 179
fre 716 2212 19 179 179
tree 760 2216 65 0 179
tree 760 2232 69 0 179
tree 824 2216 28 0 179
fre 804 2220 8 179 179
stand 1016 2216 80 0 179
stand 1048 2216 9 0 179
stand 1064 2216 83 0 179
stand 1080 2216 67 0 179
stand 1096 2216 84 0 179
stand 1336 2216 13 0 179
fre 1436 2220 9 179 179
tree 1464 2232 25 0 179
tree 1448 2216 67 0 179
fre 1468 2228 0 179 179
tree 1480 2232 9 0 179
fre 1484 2236 17 179 179
fre 1508 2236 16 179 179
fre 1508 2228 7 179 179
tree 1592 2232 68 0 179
tree 1624 2232 68 0 179
tree 1640 2232 63 0 179
tree 2040 2216 65 0 179
fre 2084 2220 11 179 179
tree 2104 2232 4 0 179
tree 2216 2216 67 0 179
tree 2232 2232 69 0 179
tree 2248 2232 67 0 179
fre 2276 2228 11 179 179
fre 2300 2236 18 179 179
tree 2280 2216 57 0 179
fre 2308 2228 20 179 179
lay 2392 2232 20 0 179
fre 2428 2236 2 179 179
lay 2536 2232 19 0 179
fre 2604 2212 9 179 179
tree 2616 2216 63 0 179
fre 2652 2212 13 179 179
tree 2696 2216 63 0 179
tree 2744 2232 64 0 179
tree 2728 2232 63 0 179
tree 2824 2216 67 0 179
fre 2948 2212 0 179 179
fre 3036 2220 11 179 179
fre 3012 2228 0 179 179
tree 3064 2232 63 0 179
fre 3116 2236 16 179 179
fre 3164 2220 14 179 179
fre 3140 2228 28 179 179
fre 3260 2236 11 179 179
tree 3256 2216 64 0 179
lay 3832 2232 21 0 179
fre 3844 2212 26 179 179
tree 3912 2232 65 0 179
tree 3944 2216 27 0 179
fre 148 2260 11 179 179
fre 156 2244 7 179 179
tree 184 2264 67 0 179
fre 188 2252 26 179 179
fre 180 2244 4 179 179
fre 732 2260 12 179 179
fre 740 2244 0 179 179
trop 1564 2260 73 179 179
trop 1572 2244 126 179 179
fre 1612 2244 17 179 179
tree 1624 2248 63 0 179
fre 2268 2268 0 179 179
tree 2248 2248 67 0 179
tree 2264 2248 68 0 179
tree 2264 2264 69 0 179
tree 2280 2264 63 0 179
fre 2356 2244 12 179 179
fre 2396 2252 26 179 179
fre 2484 2252 8 179 179
fre 2524 2268 0 179 179
fre 2628 2260 15 179 179
fre 2700 2252 17 179 179
tree 2744 2248 64 0 179
tree 2760 2264 66 0 179
fre 2860 2268 0 179 179
tree 2936 2248 59 0 179
tree 3080 2248 64 0 179
fre 3132 2260 12 179 179
tree 3224 2264 67 0 179
cliff 3792 2256 39 179 179
fre 3796 2244 2 179 179
fre 3844 2268 14 179 179
tree 3928 2248 69 0 179
fre 3956 2260 1 179 179
fre 140 2300 18 179 179
tree 184 2280 67 0 179
zabor 688 2288 30 0 8
trop 828 2276 93 179 179
trop 892 2284 102 179 179
trop 900 2284 102 179 179
trop 980 2284 79 179 179
trop 1060 2284 78 179 179
trop 1092 2284 78 179 179
trop 1164 2284 100 179 179
trop 1244 2284 79 179 179
trop 1324 2284 78 179 179
trop 1380 2284 79 179 179
trop 1436 2284 84 179 179
trop 1516 2276 85 179 179
trop 1556 2300 126 179 179
fre 1620 2300 16 179 179
tree 1624 2280 65 0 179
fre 2396 2284 1 179 179
fre 2460 2284 19 179 179
fre 2556 2292 11 179 179
fre 2548 2276 26 179 179
fre 2620 2276 12 179 179
fre 2652 2284 28 179 179
fre 2684 2276 20 179 179
fre 2740 2292 14 179 179
fre 2780 2300 1 179 179
fre 2804 2284 7 179 179
tree 2792 2280 63 0 179
tree 2824 2280 66 0 179
tree 2840 2280 68 0 179
fre 3068 2276 2 179 179
lay 3208 2280 4 0 179
fre 3236 2300 14 179 179
tree 3256 2280 64 0 179
tree 3240 2280 64 0 179
tree 3800 2280 63 0 179
cliff 3808 2288 34 179 179
tree 3832 2296 69 0 179
cliff 3888 2272 3 179 179
fre 3924 2276 3 179 179
tree 3944 2280 58 0 179
tree 152 2328 67 0 179
tree 136 2328 67 0 179
fre 188 2324 10 179 179
fre 172 2316 5 179 179
zabor 688 2320 24 0 8
fre 700 2316 18 179 179
tree 696 2328 69 0 179
tree 712 2312 59 0 179
fre 1500 2332 4 179 179
trop 1564 2316 73 179 179
tree 1624 2312 57 0 179
fre 2004 2308 3 179 179
tree 1992 2312 66 0 179
fre 2020 2332 26 179 179
tree 2040 2328 69 0 179
fre 2116 2324 10 179 179
fre 2188 2324 26 179 179
fre 2284 2316 23 179 179
fre 2356 2308 15 179 179
tree 2360 2328 69 0 179
fre 2380 2324 4 179 179
fre 2404 2324 28 179 179
fre 2492 2324 7 179 179
fre 2492 2316 9 179 179
fre 2572 2308 3 179 179
fre 2628 2332 7 179 179
fre 2740 2308 26 179 179
fre 2836 2332 4 179 179
fre 2844 2316 2 179 179
tree 2824 2312 43 0 179
tree 2888 2312 63 0 179
tree 2920 2328 68 0 179
fre 2956 2308 3 179 179
tree 2968 2328 64 0 179
tree 2984 2328 63 0 179
tree 3032 2328 66 0 179
tree 3160 2328 66 0 179
fre 3228 2316 16 179 179
tree 3240 2312 64 0 179
tree 3256 2312 68 0 179
fre 3676 2332 3 179 179
cliff 3824 2320 30 179 179
cliff 3872 2320 2 179 179
fre 3916 2332 17 179 179
fre 3948 2316 4 179 179
fre 132 2340 14 179 179
fre 180 2340 0 179 179
zabor 688 2352 25 0 8
fre 700 2340 3 179 179
tree 696 2344 64 0 179
trop 748 2356 92 179 179
trop 884 2364 101 179 179
trop 948 2364 101 179 179
trop 1012 2364 101 179 179
trop 1076 2364 101 179 179
trop 1164 2348 77 179 179
trop 1260 2364 101 179 179
trop 1316 2364 101 179 179
trop 1404 2364 101 179 179
trop 1380 2364 101 179 179
trop 1452 2364 101 179 179
tree 1496 2344 66 0 179
fre 1492 2348 11 179 179
fre 1508 2356 20 179 179
trop 1540 2356 126 179 179
trop 1548 2356 75 179 179
fre 1620 2356 7 179 179
fre 1612 2348 9 179 179
fre 2116 2364 0 179 179
fre 2268 2356 15 179 179
fre 2388 2348 3 179 179
tree 2376 2344 65 0 179
fre 2452 2356 7 179 179
fre 2524 2340 11 179 179
fre 2676 2340 16 179 179
fre 2724 2340 32 179 179
fre 2804 2364 15 179 179
fre 2900 2356 0 179 179
fre 2940 2340 7 179 179
tree 2920 2344 67 0 179
tree 2936 2344 69 0 179
tree 2952 2344 69 0 179
tree 2984 2360 68 0 179
tree 3032 2344 65 0 179
fre 3140 2364 8 179 179
fre 3172 2348 7 179 179
fre 3220 2340 0 179 179
fre 3540 2364 5 179 179
fre 3884 2348 7 179 179
lay 3912 2360 5 0 179
tree 3928 2360 4 0 179
fre 3948 2340 5 179 179
tree 168 2392 67 0 179
tree 184 2392 63 0 179
zabor 688 2384 31 0 8
tree 696 2376 63 0 179
trop 852 2388 100 179 179
trop 860 2380 100 179 179
trop 868 2372 100 179 179
dom 896 2368 24 0 179
trop 1084 2372 103 179 179
trop 1244 2372 104 179 179
dom 1248 2368 17 0 179
trop 1460 2372 103 179 179
fre 1508 2372 2 179 179
trop 1572 2372 126 179 179
fre 1620 2380 1 179 179
tree 1608 2376 64 0 179
fre 2132 2372 28 179 179
fre 2180 2372 13 179 179
fre 2228 2372 17 179 179
fre 2244 2388 14 179 179
tree 2344 2392 69 0 179
tree 2360 2376 63 0 179
fre 2372 2380 15 179 179
fre 2420 2388 4 179 179
fre 2708 2372 11 179 179
fre 2772 2380 15 179 179
fre 2788 2388 26 179 179
fre 2860 2388 17 179 179
fre 2988 2396 0 179 179
tree 3000 2376 63 0 179
fre 3060 2380 9 179 179
fre 3116 2396 13 179 179
tree 3528 2376 32 0 179
tree 3544 2376 16 0 179
fre 3580 2372 0 179 179
tree 3592 2392 67 0 179
fre 3868 2372 15 179 179
tree 3896 2376 65 0 179
tree 3896 2392 69 0 179
fre 3924 2380 11 179 179
tree 168 2408 65 0 179
zabor 688 2416 30 0 8
fre 700 2404 0 179 179
fre 700 2420 14 179 179
trop 756 2412 77 179 179
trop 836 2404 104 179 179
dom 1024 2400 50 0 179
trop 1084 2404 103 179 179
tree 1096 2408 60 0 179
fre 1100 2412 26 179 179
fre 1092 2412 26 179 179
fre 1092 2404 26 179 179
fre 1100 2404 26 179 179
trop 1164 2412 76 179 179
dom 1408 2400 54 0 179
tree 1512 2408 64 0 179
fre 1508 2428 9 179 179
fre 1508 2404 14 179 179
trop 1548 2404 73 179 179
tree 1608 2408 67 0 179
fre 2148 2428 7 179 179
fre 2316 2420 0 179 179
fre 2340 2404 12 179 179
tree 2344 2408 66 0 179
tree 2360 2408 68 0 179
zabor 2384 2416 26 0 8
tree 2392 2424 69 0 179
tree 2376 2424 65 0 179
tree 2392 2408 11 0 179
zabor 2416 2416 31 0 8
zabor 2448 2416 28 0 8
zabor 2480 2416 27 0 8
fre 2476 2404 13 179 179
zabor 2512 2416 28 0 8
fre 2524 2428 26 179 179
tree 2552 2424 11 0 179
fre 2564 2420 9 179 179
fre 2580 2404 11 179 179
tree 2616 2408 67 0 179
fre 2636 2428 12 179 179
cliff 2720 2400 22 179 179
lay 2760 2408 10 0 179
fre 2868 2412 12 179 179
tree 3032 2408 64 0 179
fre 3100 2404 2 179 179
fre 3740 2412 2 179 179
tree 3752 2424 21 0 179
fre 3948 2412 2 179 179
tree 3944 2408 66 0 179
fre 148 2444 0 179 179
zabor 688 2448 30 0 8
fre 692 2460 15 179 179
fre 700 2444 19 179 179
trop 836 2460 104 179 179
dom 832 2432 57 0 179
trop 916 2444 100 179 179
trop 948 2444 100 179 179
stand 984 2440 13 0 179
trop 1012 2444 100 179 179
trop 1164 2436 77 179 179
trop 1244 2436 104 179 179
stand 1336 2440 37 0 179
trop 1316 2436 100 179 179
trop 1404 2436 100 179 179
trop 1380 2436 100 179 179
trop 1460 2436 103 179 179
tree 1512 2440 67 0 179
tree 1512 2456 67 0 179
fre 1508 2444 13 179 179
fre 1604 2436 5 179 179
fre 2180 2460 12 179 179
fre 2212 2460 3 179 179
fre 2212 2436 23 179 179
fre 2260 2436 12 179 179
fre 2316 2452 9 179 179
tree 2328 2440 67 0 179
tree 2344 2440 63 0 179
stand 2456 2440 113 0 179
fre 2492 2436 1 179 179
tree 2488 2456 58 0 179
zabor 2512 2448 27 0 8
tree 2568 2440 65 0 179
tree 2600 2440 65 0 179
cliff 2672 2448 14 179 179
fre 2684 2444 15 179 179
fre 2676 2460 27 179 179
fre 2732 2460 4 179 179
fre 2780 2460 13 179 179
fre 2884 2452 3 179 179
fre 2900 2452 5 179 179
fre 2972 2460 2 179 179
fre 3004 2436 14 179 179
fre 3060 2452 11 179 179
fre 3764 2436 12 179 179
fre 140 2476 3 179 179
zabor 688 2480 31 0 8
fre 700 2492 17 179 179
trop 756 2484 76 179 179
trop 916 2468 100 179 179
trop 964 2476 100 179 179
trop 1020 2484 100 179 179
trop 1084 2468 103 179 179
tree 1512 2488 63 0 179
fre 1508 2484 17 179 179
fre 1508 2468 1 179 179
trop 1548 2492 126 179 179
trop 1556 2468 73 179 179
fre 2284 2468 4 179 179
tree 2312 2472 69 0 179
tree 2488 2488 66 0 179
zabor 2512 2480 30 0 8
fre 2524 2476 2 179 179
fre 2556 2468 18 179 179
fre 2604 2476 13 179 179
tree 2632 2472 50 0 179
cliff 2784 2464 23 179 179
fre 2796 2476 16 179 179
tree 2824 2488 65 0 179
fre 2852 2484 7 179 179
fre 3012 2468 19 179 179
fre 3068 2476 1 179 179
fre 3172 2476 17 179 179
fre 3404 2492 14 179 179
tree 152 2504 64 0 179
fre 148 2516 28 179 179
tree 184 2520 68 0 179
tree 168 2520 51 0 179
zabor 688 2512 28 0 8
tree 696 2520 66 0 179
trop 836 2524 104 179 179
trop 916 2524 100 179 179
trop 980 2524 100 179 179
trop 1012 2524 100 179 179
trop 1164 2524 76 179 179
trop 1244 2508 104 179 179
trop 1260 2508 102 179 179
dom 1312 2496 58 0 179
trop 1316 2508 102 179 179
trop 1380 2508 102 179 179
fre 1436 2508 5 179 179
fre 1436 2500 26 179 179
fre 1428 2500 26 179 179
fre 1428 2508 26 179 179
fre 1428 2516 26 179 179
fre 1436 2516 26 179 179
tree 1432 2504 13 0 179
fre 1444 2508 26 179 179
fre 1444 2500 26 179 179
fre 1444 2516 26 179 179
trop 1460 2500 103 179 179
trop 1444 2508 102 179 179
tree 1512 2520 11 0 179
fre 1516 2508 19 179 179
fre 1508 2524 14 179 179
trop 1564 2524 126 179 179
tree 1608 2504 59 0 179
fre 1884 2524 4 179 179
tree 2216 2520 69 0 179
tree 2216 2504 65 0 179
fre 2492 2516 7 179 179
tree 2488 2504 68 0 179
zabor 2512 2512 31 0 8
zabor 2544 2512 29 0 8
fre 2572 2516 16 179 179
tree 2600 2504 67 0 179
fre 2748 2524 2 179 179
tree 2760 2520 66 0 179
cliff 2816 2496 22 179 179
tree 2840 2520 4 0 179
fre 2868 2516 14 179 179
fre 2940 2508 10 179 179
fre 2916 2500 18 179 179
tree 3016 2520 58 0 179
fre 3052 2500 31 179 179
fre 3108 2524 29 179 179
fre 3156 2500 5 179 179
tree 3224 2520 68 0 179
tree 3224 2504 64 0 179
tree 3208 2504 68 0 179
tree 3432 2504 19 0 179
fre 164 2548 17 179 179
tree 216 2552 64 0 179
fre 196 2556 26 179 179
tree 232 2552 64 0 179
zabor 688 2544 27 0 8
fre 700 2540 16 179 179
trop 756 2556 80 179 179
dom 832 2528 20 0 179
trop 1084 2532 103 179 179
fre 1228 2548 26 179 179
fre 1220 2548 26 179 179
fre 1220 2556 26 179 179
fre 1228 2556 26 179 179
tree 1224 2552 40 0 179
trop 1332 2556 35 179 179
trop 1356 2556 5 179 179
trop 1380 2556 15 179 179
trop 1436 2556 25 179 179
zabor 1488 2544 27 0 8
fre 1500 2540 11 179 179
fre 1492 2556 10 179 179
zabor 1520 2544 31 0 8
trop 1556 2556 75 179 179
fre 1604 2532 7 179 179
tree 1880 2536 66 0 179
tree 2232 2536 63 0 179
fre 2260 2548 16 179 179
dom 2304 2528 66 0 179
dom 2400 2528 56 0 179
fre 2524 2556 11 179 179
zabor 2544 2544 30 0 8
fre 2548 2540 11 179 179
tree 2760 2536 63 0 179
tree 2776 2536 64 0 179
tree 2776 2552 64 0 179
fre 2812 2548 3 179 179
tree 2792 2552 68 0 179
cliff 2864 2544 23 179 179
tree 2872 2552 69 0 179
tree 2872 2536 63 0 179
fre 3012 2540 9 179 179
fre 3044 2540 15 179 179
fre 3164 2540 9 179 179
fre 3188 2540 23 179 179
fre 3228 2532 7 179 179
fre 3236 2556 1 179 179
tree 3272 2552 64 0 179
fre 132 2588 9 179 179
fre 196 2588 4 179 179
fre 268 2564 2 179 179
fre 292 2588 28 179 179
zabor 688 2576 24 0 8
fre 700 2564 9 179 179
tree 696 2584 37 0 179
trop 836 2588 104 179 179
trop 844 2588 102 179 179
trop 908 2588 102 179 179
trop 972 2588 102 179 179
trop 1036 2588 102 179 179
trop 1052 2588 100 179 179
trop 1068 2572 100 179 179
trop 1076 2564 100 179 179
dom 1056 2560 122 0 179
tree 1496 2568 63 0 179
trop 1484 2580 28 179 179
zabor 1520 2576 26 0 8
fre 1516 2564 0 179 179
fre 1508 2588 16 179 179
fre 1620 2580 22 179 179
fre 1756 2588 3 179 179
fre 1780 2588 14 179 179
fre 1796 2588 0 179 179
tree 1816 2584 4 0 179
tree 2216 2584 67 0 179
tree 2216 2568 67 0 179
fre 2276 2572 4 179 179
tree 2520 2584 68 0 179
fre 2532 2588 28 179 179
zabor 2544 2576 31 0 8
tree 2536 2584 64 0 179
fre 2612 2564 1 179 179
fre 2604 2564 9 179 179
fre 2596 2572 26 179 179
stand 2632 2584 142 0 179
dom 2720 2560 109 0 179
lay 2744 2568 5 0 179
fre 2764 2564 0 179 179
tree 2808 2568 69 0 179
fre 2948 2564 2 179 179
fre 3004 2580 11 179 179
tree 3224 2568 59 0 179
fre 3236 2564 12 179 179
fre 3236 2588 15 179 179
tree 3288 2584 68 0 179
tree 3288 2568 65 0 179
tree 3272 2568 67 0 179
tree 3320 2568 65 0 179
fre 156 2612 22 179 179
fre 180 2612 1 179 179
tree 232 2616 21 0 179
fre 244 2604 29 179 179
fre 292 2596 14 179 179
tree 344 2616 67 0 179
zabor 368 2608 26 0 8
fre 372 2612 7 179 179
zabor 400 2608 31 0 8
fre 388 2620 14 179 179
fre 404 2620 19 179 179
zabor 432 2608 26 0 8
fre 444 2612 9 179 179
fre 436 2620 13 179 179
zabor 464 2608 24 0 8
fre 468 2620 17 179 179
zabor 496 2608 31 0 8
fre 484 2620 14 179 179
zabor 528 2608 29 0 8
fre 524 2612 18 179 179
zabor 560 2608 26 0 8
fre 548 2620 13 179 179
zabor 592 2608 27 0 8
fre 580 2620 14 179 179
fre 604 2620 20 179 179
zabor 624 2608 27 0 8
fre 620 2620 12 179 179
zabor 656 2608 29 0 8
fre 644 2620 2 179 179
fre 660 2620 10 179 179
zabor 688 2608 28 0 8
fre 684 2612 1 179 179
fre 692 2604 11 179 179
tree 680 2616 68 0 179
stand 824 2616 29 0 179
tree 1016 2616 20 0 179
fre 1012 2620 26 179 179
fre 1012 2612 26 179 179
fre 1020 2612 26 179 179
fre 1020 2620 26 179 179
tree 1064 2616 26 0 179
fre 1068 2620 26 179 179
fre 1060 2620 26 179 179
fre 1060 2612 26 179 179
fre 1068 2612 26 179 179
trop 1156 2612 91 179 179
trop 1324 2596 104 179 179
trop 1372 2596 100 179 179
trop 1436 2596 100 179 179
trop 1444 2604 100 179 179
trop 1452 2612 100 179 179
trop 1460 2612 100 179 179
trop 1468 2620 100 179 179
tree 1448 2616 68 0 179
zabor 1520 2608 26 0 8
fre 1524 2604 18 179 179
trop 1564 2620 75 179 179
trop 1564 2620 126 179 179
fre 1620 2612 10 179 179
fre 2156 2596 18 179 179
fre 2188 2596 28 179 179
fre 2316 2612 1 179 179
fre 2516 2620 8 179 179
zabor 2544 2608 29 0 8
fre 2564 2612 14 179 179
lay 2584 2600 20 0 179
fre 2668 2612 14 179 179
fre 2708 2620 30 179 179
fre 2748 2604 7 179 179
fre 2788 2596 9 179 179
fre 2788 2604 26 179 179
stand 2808 2616 74 0 179
lay 2840 2616 6 0 179
tree 2824 2600 51 0 179
fre 3004 2604 1 179 179
fre 3020 2612 5 179 179
fre 3052 2612 26 179 179
fre 3108 2596 13 179 179
fre 3156 2604 26 179 179
fre 3244 2620 3 179 179
fre 3516 2612 3 179 179
tree 3544 2616 66 0 179
fre 3596 2604 0 179 179
tree 3608 2616 66 0 179
fre 3948 2620 16 179 179
fre 148 2636 13 179 179
fre 180 2628 15 179 179
fre 204 2636 8 179 179
fre 364 2628 1 179 179
tree 360 2632 64 0 179
fre 412 2628 5 179 179
fre 460 2628 0 179 179
fre 508 2628 3 179 179
tree 520 2632 64 0 179
fre 572 2628 0 179 179
tree 568 2632 0 0 179
stand 712 2632 63 0 179
trop 748 2644 81 179 179
trop 1348 2636 100 179 179
tree 1384 2648 66 0 179
trop 1412 2636 100 179 179
trop 1476 2636 100 179 179
tree 1528 2648 68 0 179
zabor 1520 2640 30 0 8
fre 1532 2636 2 179 179
fre 1524 2644 17 179 179
fre 1620 2628 7 179 179
tree 1624 2632 65 0 179
fre 1652 2636 15 179 179
fre 1932 2652 0 179 179
fre 2076 2652 5 179 179
fre 2180 2652 0 179 179
tree 2200 2632 19 0 179
fre 2252 2628 3 179 179
fre 2404 2644 0 179 179
fre 2476 2644 10 179 179
tree 2520 2648 68 0 179
zabor 2544 2640 31 0 8
fre 2548 2636 3 179 179
fre 2732 2652 17 179 179
stand 2744 2648 83 0 179
stand 2744 2632 77 0 179
stand 2776 2648 84 0 179
stand 2776 2632 86 0 179
stand 2760 2648 67 0 179
stand 2808 2632 84 0 179
stand 2792 2632 71 0 179
fre 2940 2628 7 179 179
fre 2988 2636 2 179 179
fre 3028 2628 28 179 179
fre 3100 2628 4 179 179
fre 3380 2652 12 179 179
tree 3368 2648 69 0 179
tree 3480 2632 69 0 179
tree 3480 2648 35 0 179
tree 3512 2632 65 0 179
fre 3564 2644 13 179 179
fre 3612 2628 28 179 179
fre 3652 2628 0 179 179
trop 204 2684 74 179 179
trop 252 2676 127 179 179
trop 276 2684 72 179 179
trop 292 2676 127 179 179
trop 340 2668 127 179 179
trop 388 2676 72 179 179
trop 396 2676 127 179 179
trop 444 2676 74 179 179
trop 452 2668 127 179 179
trop 588 2676 86 179 179
trop 660 2684 84 179 179
trop 748 2676 85 179 179
trop 860 2668 86 179 179
trop 948 2676 79 179 179
trop 1028 2676 78 179 179
trop 1108 2668 90 179 179
dom 1280 2656 57 0 179
stand 1368 2680 13 0 179
tree 1384 2664 68 0 179
tree 1384 2680 63 0 179
trop 1412 2684 100 179 179
dom 1440 2656 15 0 179
trop 1476 2684 100 179 179
tree 1528 2664 68 0 179
trop 1508 2668 17 179 179
zabor 1520 2672 27 0 8
fre 1524 2660 1 179 179
fre 1524 2684 13 179 179
trop 1572 2676 126 179 179
fre 1628 2676 11 179 179
tree 1656 2664 64 0 179
fre 1668 2684 0 179 179
fre 1804 2668 23 179 179
tree 1832 2680 68 0 179
fre 1900 2684 9 179 179
tree 1928 2664 66 0 179
tree 1976 2664 67 0 179
fre 1996 2668 4 179 179
tree 1992 2664 69 0 179
tree 2024 2664 63 0 179
fre 2132 2668 11 179 179
tree 2136 2664 21 0 179
fre 2148 2668 7 179 179
tree 2152 2680 69 0 179
lay 2360 2664 22 0 179
lay 2360 2680 22 0 179
lay 2376 2664 20 0 179
fre 2460 2668 2 179 179
tree 2440 2680 69 0 179
tree 2488 2680 68 0 179
tree 2472 2680 69 0 179
zabor 2544 2672 29 0 8
tree 2584 2680 19 0 179
fre 2644 2668 9 179 179
fre 2628 2660 28 179 179
fre 2812 2660 14 179 179
fre 2836 2676 1 179 179
fre 2860 2660 27 179 179
cliff 2880 2656 13 179 179
fre 3180 2676 18 179 179
fre 3228 2660 2 179 179
fre 3300 2684 0 179 179
fre 3348 2660 2 179 179
fre 3340 2676 5 179 179
fre 3420 2684 9 179 179
tree 3416 2664 69 0 179
tree 3400 2680 65 0 179
fre 3476 2660 23 179 179
fre 3492 2660 0 179 179
fre 3548 2668 7 179 179
fre 3588 2684 19 179 179
fre 3628 2660 5 179 179
fre 3676 2660 10 179 179
fre 3868 2660 4 179 179
tree 3864 2680 68 0 179
trop 164 2692 72 179 179
trop 172 2700 127 179 179
trop 324 2700 127 179 179
trop 500 2708 87 179 179
trop 772 2700 87 179 179
trop 1348 2700 100 179 179
zabor 1520 2704 24 0 8
fre 1532 2708 7 179 179
fre 1732 2716 12 179 179
fre 1804 2692 1 179 179
fre 1836 2692 13 179 179
fre 1868 2708 3 179 179
tree 2168 2712 69 0 179
tree 2184 2696 68 0 179
lay 2312 2696 17 0 179
stand 2328 2696 103 0 179
fre 2364 2708 36 179 179
lay 2360 2712 22 0 179
lay 2360 2696 17 0 179
fre 2436 2692 15 179 179
fre 2596 2692 10 179 179
fre 2684 2692 11 179 179
fre 3020 2692 11 179 179
tree 3080 2712 63 0 179
tree 3096 2696 64 0 179
fre 3140 2708 9 179 179
fre 3244 2716 11 179 179
fre 3348 2700 26 179 179
fre 3380 2700 4 179 179
fre 3524 2716 0 179 179
fre 3588 2716 3 179 179
fre 3612 2700 15 179 179
tree 3640 2712 63 0 179
tree 3656 2712 64 0 179
tree 3688 2712 59 0 179
tree 3720 2712 65 0 179
fre 3756 2716 2 179 179
fre 3892 2692 12 179 179
tree 152 2744 66 0 179
fre 148 2740 4 179 179
fre 196 2740 12 179 179
trop 236 2724 126 179 179
trop 244 2740 73 179 179
stand 328 2744 12 0 179
tree 376 2744 11 0 179
fre 388 2732 8 179 179
fre 420 2732 13 179 179
tree 440 2744 50 0 179
fre 476 2748 23 179 179
tree 488 2744 66 0 179
fre 516 2740 16 179 179
fre 572 2740 4 179 179
fre 612 2748 28 179 179
tree 664 2744 26 0 179
tree 696 2744 69 0 179
fre 716 2740 15 179 179
fre 732 2732 26 179 179
fre 740 2748 2 179 179
fre 756 2732 12 179 179
fre 1020 2724 28 179 179
fre 1020 2748 28 179 179
fre 1020 2732 3 179 179
trop 1036 2748 111 179 179
trop 1052 2748 111 179 179
fre 1068 2724 28 179 179
fre 1068 2748 28 179 179
fre 1068 2732 3 179 179
trop 1348 2748 100 179 179
trop 1412 2748 100 179 179
trop 1476 2748 100 179 179
trop 1508 2740 36 179 179
zabor 1520 2736 28 0 8
fre 1516 2724 8 179 179
fre 1524 2748 14 179 179
fre 1532 2740 28 179 179
tree 1528 2728 66 0 179
trop 1564 2740 126 179 179
trop 1572 2740 73 179 179
tree 1624 2728 66 0 179
tree 1640 2728 66 0 179
fre 1668 2724 14 179 179
tree 1832 2728 44 0 179
fre 1884 2724 12 179 179
fre 1892 2748 9 179 179
fre 2196 2724 12 179 179
tree 2216 2728 67 0 179
fre 2252 2724 14 179 179
lay 2312 2728 17 0 179
lay 2360 2744 22 0 179
lay 2360 2728 17 0 179
fre 2468 2732 14 179 179
dom 2496 2720 19 0 179
lay 2712 2728 22 0 179
fre 3308 2740 13 179 179
fre 3500 2740 17 179 179
tree 3576 2744 63 0 179
fre 3556 2724 12 179 179
tree 3592 2744 66 0 179
tree 3608 2728 64 0 179
tree 3592 2728 4 0 179
fre 3804 2732 8 179 179
fre 3788 2748 18 179 179
fre 3844 2732 14 179 179
tree 152 2760 66 0 179
fre 140 2780 19 179 179
fre 140 2764 15 179 179
fre 188 2772 18 179 179
fre 164 2756 9 179 179
trop 252 2756 127 179 179
trop 292 2764 126 179 179
fre 388 2780 0 179 179
fre 412 2764 37 179 179
tree 392 2776 67 0 179
fre 428 2756 82 179 179
fre 460 2772 11 179 179
tree 504 2760 69 0 179
tree 536 2776 3 0 179
tree 568 2760 68 0 179
fre 548 2764 81 179 179
tree 600 2776 27 0 179
fre 620 2780 0 179 179
tree 632 2776 63 0 179
fre 644 2764 82 179 179
fre 756 2764 13 179 179
fre 748 2780 27 179 179
tree 744 2760 67 0 179
fre 764 2756 83 179 179
zabor 784 2768 64 1 8
tree 776 2760 67 0 179
zabor 816 2768 66 1 8
tree 808 2776 66 0 179
zabor 848 2768 65 1 8
tree 856 2776 69 0 179
stand 888 2776 140 0 179
zabor 880 2768 65 1 8
tree 872 2776 68 0 179
zabor 912 2768 66 1 8
tree 904 2776 68 0 179
fre 1020 2772 28 179 179
fre 1020 2756 3 179 179
trop 1052 2756 111 179 179
fre 1068 2772 28 179 179
fre 1068 2756 3 179 179
dom 1184 2752 59 0 179
dom 1248 2752 61 0 179
dom 1280 2752 61 0 179
zabor 1520 2768 29 0 8
fre 1532 2772 23 179 179
tree 1624 2760 63 0 179
dom 1664 2752 62 0 179
tree 1720 2760 65 0 179
tree 1704 2776 27 0 179
tree 1864 2760 66 0 179
fre 1932 2772 22 179 179
dom 2016 2752 105 0 179
fre 2252 2780 15 179 179
lay 2360 2760 22 0 179
fre 2380 2780 0 179 179
lay 2376 2760 20 0 179
fre 2436 2772 13 179 179
tree 2664 2776 65 0 179
tree 2696 2776 58 0 179
tree 3048 2776 68 0 179
tree 3048 2760 69 0 179
tree 3064 2760 20 0 179
lay 3128 2776 3 0 179
tree 3208 2776 67 0 179
tree 3496 2760 32 0 179
tree 3528 2760 68 0 179
tree 3576 2776 11 0 179
tree 3816 2776 16 0 179
fre 3852 2764 0 179 179
fre 3892 2756 26 179 179
fre 3940 2772 3 179 179
fre 148 2804 5 179 179
tree 168 2792 44 0 179
tree 200 2808 66 0 179
fre 204 2796 1 179 179
trop 284 2788 73 179 179
trop 308 2804 127 179 179
trop 300 2812 72 179 179
tree 440 2792 64 0 179
fre 476 2804 26 179 179
tree 520 2808 69 0 179
fre 564 2804 12 179 179
tree 584 2792 68 0 179
fre 596 2788 17 179 179
tree 616 2792 63 0 179
fre 668 2812 80 179 179
fre 700 2788 33 179 179
tree 744 2792 44 0 179
zabor 784 2800 64 1 8
tree 792 2792 37 0 179
fre 796 2796 26 179 179
fre 796 2788 26 179 179
fre 788 2788 26 179 179
fre 788 2796 26 179 179
stand 872 2792 80 0 179
dom 960 2784 63 0 179
trop 1156 2812 100 179 179
trop 1220 2812 100 179 179
trop 1284 2812 100 179 179
tree 1320 2808 37 0 179
fre 1324 2812 26 179 179
fre 1316 2812 26 179 179
fre 1324 2804 26 179 179
fre 1316 2804 26 179 179
trop 1348 2812 100 179 179
trop 1412 2812 100 179 179
trop 1476 2812 100 179 179
zabor 1488 2800 26 0 8
fre 1484 2812 5 179 179
fre 1492 2796 15 179 179
zabor 1520 2800 30 0 8
fre 1508 2804 11 179 179
fre 1532 2804 4 179 179
fre 1532 2788 0 179 179
fre 1508 2788 18 179 179
fre 1620 2788 14 179 179
fre 1708 2804 29 179 179
fre 1820 2788 12 179 179
fre 1804 2796 13 179 179
dom 1824 2784 107 0 179
stand 1944 2808 5 0 179
fre 1932 2796 7 179 179
fre 1988 2804 38 179 179
dom 2144 2784 105 1 179
stand 2184 2792 101 0 179
fre 2316 2804 3 179 179
fre 2348 2796 2 179 179
fre 2652 2812 31 179 179
fre 2676 2788 12 179 179
fre 2708 2804 30 179 179
tree 2744 2808 63 0 179
fre 2748 2788 22 179 179
zabor 2896 2800 104 2 8
tree 3032 2808 64 0 179
tree 3224 2792 59 0 179
tree 3240 2792 64 0 179
tree 3272 2808 63 0 179
tree 3288 2808 68 0 179
tree 3288 2792 21 0 179
tree 3368 2808 65 0 179
fre 3516 2796 20 179 179
tree 3560 2792 65 0 179
tree 3672 2808 63 0 179
tree 3688 2808 67 0 179
tree 3880 2808 67 0 179
tree 3912 2808 66 0 179
tree 3928 2808 64 0 179
tree 152 2824 8 0 179
fre 164 2820 13 179 179
fre 220 2828 22 179 179
fre 204 2844 2 179 179
trop 316 2836 126 179 179
trop 348 2836 126 179 179
trop 324 2836 74 179 179
fre 468 2836 9 179 179
tree 456 2824 17 0 179
fre 452 2820 82 179 179
tree 520 2840 66 0 179
fre 564 2820 27 179 179
tree 552 2824 35 0 179
tree 584 2840 16 0 179
dom 640 2816 53 0 179
fre 652 2820 2 179 179
tree 728 2840 67 0 179
fre 724 2836 81 179 179
dom 768 2816 55 0 179
trop 820 2836 104 179 179
trop 828 2820 101 179 179
trop 836 2836 100 179 179
trop 892 2820 101 179 179
trop 900 2836 100 179 179
trop 956 2820 101 179 179
trop 964 2836 100 179 179
trop 1020 2820 101 179 179
trop 1028 2836 100 179 179
trop 1060 2820 101 179 179
trop 1092 2836 100 179 179
trop 1100 2820 101 179 179
zabor 1488 2832 30 0 8
fre 1492 2828 10 179 179
fre 1500 2844 11 179 179
tree 1496 2824 68 0 179
fre 1516 2836 12 179 179
tree 1528 2824 67 0 179
fre 1692 2836 20 179 179
fre 1788 2844 9 179 179
fre 1812 2844 23 179 179
fre 1852 2836 30 179 179
fre 2028 2820 33 179 179
fre 2116 2836 13 179 179
fre 2156 2844 31 179 179
fre 2380 2836 0 179 179
fre 2420 2828 3 179 179
fre 2476 2844 17 179 179
tree 2472 2824 67 0 179
dom 2528 2816 22 0 179
fre 2620 2820 32 179 179
lay 2680 2840 5 0 179
fre 2732 2844 29 179 179
lay 2776 2824 11 0 179
lay 2824 2840 18 0 179
stand 2872 2840 104 0 179
zabor 2864 2832 104 2 8
zabor 2896 2832 105 2 8
fre 3012 2820 1 179 179
tree 3400 2824 64 0 179
tree 3432 2824 17 0 179
fre 3596 2828 35 179 179
tree 3688 2824 67 0 179
tree 3720 2824 52 0 179
lay 3816 2824 4 0 179
tree 3880 2840 63 0 179
tree 3928 2824 67 0 179
fre 148 2860 11 179 179
fre 188 2868 31 179 179
fre 260 2860 14 179 179
trop 380 2860 73 179 179
trop 404 2868 127 179 179
tree 504 2872 67 0 179
fre 548 2876 3 179 179
tree 600 2872 64 0 179
fre 620 2868 1 179 179
fre 612 2852 83 179 179
fre 660 2852 16 179 179
trop 676 2868 127 179 179
trop 1156 2876 100 179 179
trop 1220 2876 100 179 179
trop 1252 2876 100 179 179
trop 1316 2876 100 179 179
trop 1372 2876 100 179 179
trop 1436 2876 100 179 179
dom 1472 2848 22 0 179
trop 1500 2876 100 179 179
fre 1500 2852 9 179 179
fre 1516 2860 13 179 179
fre 2100 2852 12 179 179
fre 2356 2852 16 179 179
fre 2380 2876 2 179 179
fre 2460 2868 11 179 179
tree 2488 2856 63 0 179
tree 2472 2856 68 0 179
fre 2596 2868 1 179 179
fre 2644 2868 29 179 179
tree 2776 2872 64 0 179
zabor 2864 2864 105 2 8
fre 2876 2868 13 179 179
fre 3020 2876 32 179 179
fre 3132 2852 28 179 179
tree 152 2904 51 0 179
fre 140 2900 26 179 179
fre 148 2884 1 179 179
fre 196 2900 30 179 179
tree 312 2904 36 0 179
fre 316 2884 0 179 179
tree 328 2904 69 0 179
fre 324 2908 16 179 179
trop 420 2892 72 179 179
fre 540 2884 10 179 179
tree 536 2904 52 0 179
fre 524 2908 80 179 179
fre 588 2908 35 179 179
tree 616 2904 68 0 179
trop 676 2900 126 179 179
trop 732 2900 127 179 179
trop 724 2900 127 179 179
trop 716 2900 127 179 179
trop 724 2908 126 179 179
dom 768 2880 54 0 179
trop 820 2900 104 179 179
trop 836 2900 100 179 179
trop 900 2900 100 179 179
fre 924 2892 26 179 179
fre 924 2900 26 179 179
fre 924 2908 26 179 179
tree 936 2904 58 0 179
fre 948 2908 26 179 179
fre 948 2900 26 179 179
fre 948 2892 26 179 179
fre 940 2892 26 179 179
fre 932 2892 26 179 179
fre 940 2908 2 179 179
fre 940 2900 3 179 179
fre 932 2908 0 179 179
fre 932 2900 5 179 179
trop 964 2900 100 179 179
trop 1028 2900 100 179 179
trop 1092 2900 100 179 179
trop 1220 2900 100 179 179
trop 1260 2892 100 179 179
trop 1316 2908 100 179 179
trop 1380 2908 100 179 179
fre 1524 2884 8 179 179
trop 1596 2908 127 179 179
cliff 1728 2896 70 179 179
fre 1964 2892 15 179 179
cliff 1952 2880 36 179 179
stand 2008 2904 81 0 179
stand 2024 2904 81 0 179
tree 2168 2888 66 0 179
tree 2152 2904 69 0 179
fre 2444 2900 1 179 179
tree 2488 2888 63 0 179
fre 2612 2908 31 179 179
tree 2648 2904 68 0 179
fre 2692 2908 0 179 179
stand 2744 2904 142 0 179
fre 2724 2892 31 179 179
fre 2764 2892 32 179 179
tree 2792 2888 66 0 179
zabor 2864 2896 105 2 8
fre 2868 2908 23 179 179
fre 2876 2884 14 179 179
stand 2888 2904 112 0 179
cliff 2928 2880 11 179 179
tree 2952 2888 66 0 179
fre 2988 2884 26 179 179
lay 3048 2904 10 0 179
fre 3380 2884 19 179 179
fre 3740 2900 26 179 179
tree 152 2920 66 0 179
fre 172 2932 30 179 179
fre 228 2940 28 179 179
fre 300 2940 7 179 179
fre 340 2916 10 179 179
tree 360 2936 63 0 179
trop 420 2916 126 179 179
trop 468 2940 127 179 179
fre 564 2932 13 179 179
fre 588 2940 4 179 179
tree 616 2920 69 0 179
fre 644 2916 81 179 179
trop 732 2940 127 179 179
trop 740 2916 126 179 179
tree 760 2936 68 0 179
fre 924 2916 26 179 179
fre 948 2916 26 179 179
fre 940 2916 26 179 179
fre 932 2916 26 179 179
trop 1092 2916 100 179 179
trop 1156 2916 100 179 179
dom 1184 2912 48 0 179
dom 1280 2912 20 0 179
dom 1344 2912 17 0 179
trop 1436 2940 100 179 179
dom 1472 2912 22 0 179
most 1568 2912 8 0 179
cliff 1808 2912 69 179 179
cliff 1888 2912 70 179 179
lay 1944 2936 20 0 179
tree 2136 2936 63 0 179
dom 2528 2912 61 0 179
fre 2652 2924 15 179 179
fre 2884 2924 26 179 179
tree 2968 2920 67 0 179
tree 2968 2936 66 0 179
fre 3028 2924 27 179 179
tree 3096 2920 64 0 179
vor 3308 2932 65 179 179
fre 3524 2924 19 179 179
fre 3700 2924 22 179 179
fre 3876 2932 27 179 179
tree 152 2952 19 0 179
fre 148 2956 14 179 179
fre 148 2972 13 179 179
fre 172 2964 23 179 179
fre 220 2948 12 179 179
fre 276 2964 5 179 179
tree 312 2968 43 0 179
tree 344 2968 63 0 179
tree 328 2968 66 0 179
tree 328 2952 69 0 179
fre 412 2972 26 179 179
fre 388 2948 17 179 179
fre 404 2956 4 179 179
cliff 384 2944 23 179 179
trop 468 2956 73 179 179
trop 484 2972 74 179 179
tree 568 2952 65 0 179
fre 588 2956 17 179 179
tree 616 2952 21 0 179
trop 676 2948 126 179 179
dom 672 2944 48 0 179
trop 716 2956 126 179 179
tree 760 2952 65 0 179
stand 792 2968 37 0 179
trop 820 2964 104 179 179
trop 836 2964 100 179 179
trop 836 2964 102 179 179
trop 876 2964 102 179 179
trop 900 2964 100 179 179
trop 940 2964 102 179 179
trop 964 2964 100 179 179
trop 1004 2964 102 179 179
trop 1028 2964 100 179 179
trop 1220 2948 100 179 179
trop 1284 2948 100 179 179
trop 1348 2948 100 179 179
trop 1388 2948 100 179 179
trop 1500 2948 100 179 179
cliff 1984 2944 38 179 179
stand 2056 2952 89 0 179
fre 2460 2964 12 179 179
tree 2488 2968 51 0 179
stand 2584 2968 17 0 179
fre 2580 2948 20 179 179
lay 2632 2952 20 0 179
zabor 2896 2960 104 2 8
fre 2892 2948 17 179 179
cliff 2928 2960 12 179 179
fre 2972 2972 2 179 179
fre 3020 2972 31 179 179
fre 3132 2948 20 179 179
fre 3228 2972 27 179 179
tree 152 3000 64 0 179
fre 132 3004 15 179 179
fre 308 2996 0 179 179
cliff 336 2992 16 179 179
tree 360 3000 67 0 179
fre 428 2988 2 179 179
trop 492 2980 126 179 179
dom 576 2976 36 0 179
trop 596 3004 127 179 179
trop 620 3004 126 179 179
trop 668 2980 127 179 179
trop 692 3004 127 179 179
trop 700 2996 126 179 179
trop 732 2980 126 179 179
trop 740 3004 126 179 179
tree 760 2984 66 0 179
zabor 784 2992 65 1 8
zabor 816 2992 64 1 8
zabor 848 2992 66 1 8
zabor 912 2992 66 1 8
zabor 944 2992 65 1 8
stand 952 3000 14 0 179
zabor 976 2992 66 1 8
zabor 1008 2992 65 1 8
zabor 1040 2992 65 1 8
trop 1092 2980 100 179 179
trop 1156 2980 100 179 179
stand 1352 2984 80 0 179
trop 1372 3004 106 179 179
trop 1436 3004 100 179 179
dom 1504 2976 62 0 179
trop 1604 2988 127 179 179
cliff 1984 2992 37 179 179
fre 2020 2988 31 179 179
fre 2084 3004 32 179 179
fre 2220 2996 34 179 179
fre 2348 2980 35 179 179
tree 2520 2984 65 0 179
tree 2536 2984 69 0 179
fre 2580 2988 2 179 179
vor 2852 2980 16 179 179
zabor 2896 2992 104 2 8
fre 3044 3004 31 179 179
tree 3112 3000 66 0 179
tree 3112 2984 59 0 179
fre 3452 2980 26 179 179
fre 3796 2996 23 179 179
lay 3944 3000 13 0 179
fre 236 3036 20 179 179
fre 236 3012 1 179 179
lay 344 3032 20 0 179
fre 364 3020 3 179 179
tree 440 3016 5 0 179
fre 444 3036 0 179 179
trop 508 3028 127 179 179
trop 516 3020 72 179 179
trop 580 3036 126 179 179
trop 660 3012 127 179 179
trop 684 3028 127 179 179
fre 788 3036 38 179 179
trop 852 3036 72 179 179
trop 884 3028 73 179 179
trop 884 3012 74 179 179
stand 1016 3016 81 0 179
stand 1000 3016 81 0 179
zabor 1040 3024 65 1 8
trop 1068 3036 104 179 179
dom 1088 3008 23 0 179
trop 1220 3012 100 179 179
trop 1276 3012 100 179 179
trop 1500 3012 100 179 179
stand 1544 3016 37 0 179
trop 1628 3036 126 179 179
stand 1736 3016 98 0 179
fre 2036 3012 30 179 179
fre 2068 3028 28 179 179
dom 2336 3008 104 0 179
fre 2468 3020 1 179 179
lay 2536 3032 16 0 179
lay 2552 3016 17 0 179
stand 2568 3016 6 0 179
zabor 2896 3024 105 2 8
cliff 2944 3024 10 179 179
fre 3060 3020 14 179 179
tree 3144 3016 67 0 179
fre 3380 3020 26 179 179
fre 204 3044 16 179 179
lay 376 3048 17 0 179
tree 440 3048 68 0 179
lay 440 3064 5 0 179
cliff 416 3040 10 179 179
trop 532 3052 73 179 179
trop 556 3060 126 179 179
trop 604 3060 127 179 179
trop 636 3052 127 179 179
trop 692 3060 127 179 179
fre 980 3068 35 179 179
trop 980 3044 72 179 179
stand 1016 3048 81 0 179
zabor 1040 3056 66 1 8
trop 1068 3060 104 179 179
trop 1092 3044 100 179 179
trop 1156 3044 100 179 179
fre 1276 3060 26 179 179
fre 1268 3060 26 179 179
fre 1268 3068 26 179 179
tree 1256 3048 66 0 179
tree 1272 3064 50 0 179
fre 1276 3068 1 179 179
fre 1284 3060 26 179 179
fre 1284 3068 26 179 179
stand 1352 3064 120 0 179
dom 1472 3040 51 0 179
fre 2036 3060 4 179 179
fre 2060 3044 10 179 179
fre 2428 3044 14 179 179
fre 2468 3068 15 179 179
lay 2568 3048 12 0 179
fre 2596 3068 30 179 179
vor 2668 3068 66 179 179
vor 2812 3060 67 179 179
fre 3060 3044 23 179 179
fre 3100 3044 30 179 179
fre 3292 3052 28 179 179
vor 3500 3068 67 179 179
fre 3524 3044 23 179 179
fre 3844 3068 28 179 179
fre 140 3092 3 179 179
dom 288 3072 126 0 179
fre 348 3076 0 179 179
lay 376 3080 11 0 179
tree 360 3096 65 0 179
cliff 384 3088 7 179 179
fre 420 3092 10 179 179
tree 472 3080 63 0 179
fre 460 3100 31 179 179
trop 532 3084 126 179 179
trop 548 3100 126 179 179
trop 636 3092 126 179 179
trop 612 3076 126 179 179
trop 636 3084 126 179 179
trop 628 3076 127 179 179
trop 652 3100 127 179 179
trop 780 3084 73 179 179
trop 820 3092 74 179 179
trop 932 3084 75 179 179
trop 996 3100 73 179 179
zabor 1040 3088 65 1 8
trop 1220 3076 100 179 179
fre 1268 3076 26 179 179
fre 1276 3076 26 179 179
fre 1284 3076 26 179 179
trop 1292 3076 105 179 179
trop 1444 3076 107 179 179
trop 1500 3076 100 179 179
trop 1604 3076 127 179 179
cliff 1984 3072 39 179 179
fre 2028 3076 8 179 179
dom 2048 3072 103 0 179
lay 2168 3096 9 0 179
stand 2232 3096 81 0 179
fre 2252 3100 14 179 179
fre 2356 3076 37 179 179
fre 2452 3100 31 179 179
fre 2732 3092 31 179 179
dom 2880 3072 30 2 179
cliff 2928 3088 9 179 179
fre 2948 3092 13 179 179
fre 2956 3076 0 179 179
fre 3116 3076 4 179 179
fre 3404 3076 36 179 179
fre 3580 3084 20 179 179
fre 3716 3076 28 179 179
fre 3740 3092 27 179 179
fre 140 3116 2 179 179
fre 204 3124 4 179 179
fre 340 3108 31 179 179
tree 376 3128 68 0 179
fre 436 3124 5 179 179
fre 492 3124 9 179 179
trop 580 3116 126 179 179
trop 612 3116 126 179 179
dom 800 3104 80 0 179
fre 876 3116 36 179 179
zabor 1040 3120 65 1 8
trop 1068 3124 104 179 179
trop 1092 3132 100 179 179
trop 1092 3108 100 179 179
trop 1156 3132 100 179 179
trop 1156 3108 100 179 179
dom 1216 3104 57 0 179
trop 1436 3132 100 179 179
trop 1500 3132 100 179 179
trop 1620 3108 126 179 179
lay 1928 3112 3 0 179
fre 1972 3132 31 179 179
fre 2004 3116 26 179 179
lay 2120 3112 19 0 179
fre 2196 3132 29 179 179
dom 2528 3104 57 0 179
fre 2588 3108 9 179 179
fre 2716 3116 10 179 179
stand 2744 3112 113 0 179
tree 2760 3128 65 0 179
stand 2856 3112 78 0 179
vor 2876 3132 64 179 179
stand 2872 3112 82 1 179
stand 2888 3128 82 1 179
fre 2940 3108 11 179 179
fre 3108 3124 48 179 179
lay 3352 3128 2 0 179
tree 152 3160 69 0 179
fre 180 3148 15 179 179
fre 164 3164 1 179 179
tree 184 3160 63 0 179
lay 232 3160 18 0 179
fre 268 3148 28 179 179
fre 316 3156 32 179 179
fre 372 3148 2 179 179
fre 356 3148 8 179 179
lay 392 3144 10 0 179
tree 392 3160 63 0 179
tree 440 3144 64 0 179
fre 460 3140 27 179 179
tree 488 3144 43 0 179
trop 572 3164 75 179 179
trop 556 3164 73 179 179
trop 612 3148 127 179 179
trop 668 3156 127 179 179
dom 832 3136 96 0 179
dom 992 3136 92 0 179
zabor 1040 3152 66 1 8
trop 1220 3140 100 179 179
trop 1276 3140 100 179 179
trop 1364 3148 108 179 179
most 1568 3136 9 0 179
fre 1948 3164 0 179 179
tree 1960 3160 67 0 179
cliff 1984 3152 39 179 179
stand 2040 3160 99 0 179
lay 2104 3144 21 0 179
tree 2152 3144 66 0 179
fre 2356 3164 11 179 179
fre 2428 3140 7 179 179
tree 2440 3144 64 0 179
fre 2724 3148 5 179 179
fre 2764 3156 32 179 179
stand 2888 3160 74 0 179
stand 2888 3144 68 1 179
fre 2940 3140 3 179 179
cliff 2928 3136 8 179 179
fre 2964 3148 28 179 179
tree 3064 3144 65 0 179
tree 3080 3160 69 0 179
vor 3124 3164 19 179 179
vor 3228 3164 11 179 179
cliff 144 3184 31 179 179
tree 168 3176 51 0 179
cliff 208 3184 29 179 179
lay 216 3176 12 0 179
fre 244 3172 10 179 179
lay 280 3192 4 0 179
fre 276 3172 11 179 179
tree 264 3192 68 0 179
fre 340 3196 27 179 179
lay 376 3192 8 0 179
lay 376 3176 9 0 179
fre 356 3180 13 179 179
cliff 432 3184 12 179 179
fre 492 3172 30 179 179
trop 572 3180 126 179 179
trop 644 3196 126 179 179
trop 668 3188 126 179 179
tree 680 3192 68 0 179
dom 704 3168 20 0 179
trop 748 3196 100 179 179
dom 800 3168 21 0 179
trop 812 3196 100 179 179
trop 876 3196 100 179 179
trop 940 3196 100 179 179
dom 992 3168 52 0 179
trop 1004 3196 100 179 179
dom 1056 3168 52 0 179
trop 1068 3196 100 179 179
dom 1120 3168 49 0 179
trop 1132 3196 100 179 179
trop 1196 3196 100 179 179
dom 1248 3168 53 0 179
trop 1260 3196 100 179 179
trop 1324 3196 100 179 179
trop 1388 3196 100 179 179
trop 1452 3196 100 179 179
dom 1472 3168 59 0 179
trop 1476 3196 100 179 179
trop 1500 3196 100 179 179
trop 1596 3188 127 179 179
trop 1596 3188 126 179 179
fre 1932 3188 2 179 179
tree 1960 3192 69 0 179
lay 1992 3192 4 0 179
fre 2076 3196 3 179 179
fre 2164 3196 19 179 179
fre 2172 3172 9 179 179
fre 2380 3188 10 179 179
tree 2440 3176 63 0 179
tree 2472 3192 68 0 179
tree 2488 3192 64 0 179
tree 2488 3176 63 0 179
fre 2580 3180 7 179 179
lay 2664 3192 13 0 179
fre 2740 3172 11 179 179
stand 2872 3192 65 0 179
stand 2888 3176 84 0 179
cliff 2896 3168 7 179 179
tree 2936 3176 69 0 179
tree 2920 3192 63 0 179
fre 3012 3172 12 179 179
fre 3044 3196 9 179 179
lay 3160 3192 5 0 179
vor 3348 3188 20 179 179
cliff 304 3216 34 179 179
lay 312 3208 14 0 179
lay 296 3224 5 0 179
lay 328 3224 3 0 179
lay 344 3224 7 0 179
fre 348 3212 14 179 179
fre 492 3228 29 179 179
tree 520 3208 67 0 179
tree 680 3208 63 0 179
fre 676 3220 13 179 179
fre 692 3228 14 179 179
fre 692 3212 1 179 179
fre 684 3228 7 179 179
dom 928 3200 58 0 179
stand 984 3224 13 0 179
tree 1208 3224 64 0 179
tree 1224 3208 57 0 179
dom 1344 3200 60 0 179
stand 1400 3224 13 0 179
tree 1528 3224 65 0 179
fre 1932 3228 14 179 179
zabor 1936 3216 65 1 8
zabor 1968 3216 64 1 8
zabor 2000 3216 65 1 8
cliff 1984 3216 40 179 179
fre 2044 3228 27 179 179
fre 2044 3204 2 179 179
zabor 2032 3216 64 1 8
fre 2068 3228 13 179 179
zabor 2064 3216 66 1 8
fre 2100 3228 13 179 179
zabor 2096 3216 66 1 8
fre 2124 3228 12 179 179
zabor 2128 3216 65 1 8
zabor 2160 3216 66 1 8
lay 2200 3208 1 0 179
zabor 2192 3216 66 1 8
dom 2528 3200 61 0 179
fre 2572 3228 15 179 179
fre 2580 3212 14 179 179
fre 2572 3204 13 179 179
stand 2600 3208 82 0 179
stand 2600 3224 74 0 179
fre 2652 3212 28 179 179
fre 2652 3220 1 179 179
lay 3032 3208 7 0 179
fre 3108 3204 55 179 179
fre 3140 3228 50 179 179
fre 3148 3204 7 179 179
fre 3388 3212 28 179 179
fre 3644 3204 26 179 179
fre 3740 3228 19 179 179
fre 3884 3204 20 179 179
lay 152 3256 9 0 179
fre 164 3244 1 179 179
fre 196 3260 30 179 179
fre 236 3244 13 179 179
cliff 368 3232 28 179 179
fre 540 3236 13 179 179
fre 524 3252 14 179 179
fre 516 3260 7 179 179
trop 604 3252 73 179 179
trop 636 3252 127 179 179
trop 620 3260 72 179 179
fre 676 3236 28 179 179
tree 1512 3240 69 0 179
fre 1628 3252 2 179 179
tree 1672 3256 20 0 179
tree 1912 3240 65 0 179
fre 1932 3260 16 179 179
tree 1960 3240 58 0 179
fre 1972 3236 28 179 179
fre 2076 3236 9 179 179
tree 2088 3240 5 0 179
tree 2120 3240 64 0 179
tree 2168 3240 67 0 179
lay 2264 3256 3 0 179
fre 2260 3252 4 179 179
dom 2336 3232 58 0 179
fre 2388 3260 20 179 179
dom 2432 3232 60 0 179
fre 2580 3236 26 179 179
stand 2584 3256 71 0 179
stand 2568 3256 67 0 179
stand 2600 3256 84 0 179
stand 2600 3240 74 0 179
cliff 2896 3248 48 179 179
fre 3100 3236 57 179 179
vor 3188 3260 9 179 179
fre 3220 3252 44 179 179
vor 3268 3244 66 179 179
fre 3468 3252 57 179 179
fre 3812 3236 33 179 179
fre 3844 3252 26 179 179
fre 3908 3236 27 179 179
fre 148 3268 7 179 179
lay 168 3272 21 0 179
tree 216 3272 64 0 179
fre 236 3268 27 179 179
fre 276 3292 14 179 179
fre 284 3268 8 179 179
fre 324 3292 11 179 179
tree 456 3288 64 0 179
tree 472 3272 49 0 179
fre 540 3276 17 179 179
fre 548 3292 23 179 179
trop 580 3276 126 179 179
trop 620 3276 126 179 179
fre 668 3292 12 179 179
most 800 3264 10 0 179
stand 888 3272 81 0 179
most 992 3264 6 0 179
most 1184 3264 6 0 179
stand 1320 3272 81 0 179
most 1440 3264 11 0 179
fre 1660 3268 28 179 179
most 1728 3264 60 0 179
fre 1820 3276 69 179 179
fre 1820 3268 69 179 179
trop 1820 3284 120 179 179
trop 1812 3284 120 179 179
trop 1820 3284 112 179 179
most 1824 3264 60 0 179
fre 1828 3276 69 179 179
trop 1828 3292 120 179 179
cliff 1968 3264 43 179 179
fre 2180 3284 3 179 179
fre 2196 3268 23 179 179
fre 2308 3276 2 179 179
lay 2424 3272 22 0 179
fre 2436 3284 30 179 179
stand 2504 3272 13 0 179
lay 2792 3288 21 0 179
vor 3108 3284 9 179 179
fre 3420 3276 47 179 179
vor 3500 3276 9 179 179
fre 3876 3276 22 179 179
lay 3944 3272 12 0 179
fre 284 3308 10 179 179
cliff 304 3312 34 179 179
tree 312 3320 68 0 179
tree 296 3304 63 0 179
fre 364 3316 31 179 179
lay 392 3320 6 0 179
fre 428 3324 15 179 179
fre 444 3308 4 179 179
tree 424 3304 65 0 179
fre 460 3316 23 179 179
fre 500 3316 1 179 179
tree 536 3320 66 0 179
fre 540 3308 8 179 179
tree 552 3320 65 0 179
lay 664 3304 14 0 179
fre 652 3316 11 179 179
fre 644 3300 0 179 179
fre 700 3324 27 179 179
fre 700 3316 8 179 179
trop 836 3300 127 179 179
trop 876 3316 126 179 179
trop 1004 3324 126 179 179
trop 1044 3308 126 179 179
trop 1244 3316 126 179 179
trop 1388 3308 127 179 179
trop 1444 3308 127 179 179
trop 1492 3316 126 179 179
fre 1620 3324 31 179 179
fre 1820 3324 69 179 179
fre 1820 3316 69 179 179
fre 1820 3308 69 179 179
trop 1820 3324 120 179 179
trop 1820 3316 120 179 179
trop 1804 3316 120 179 179
trop 1812 3324 120 179 179
trop 1812 3324 112 179 179
trop 1820 3316 112 179 179
fre 1828 3324 69 179 179
fre 1828 3316 69 179 179
fre 1836 3324 69 179 179
fre 1844 3324 69 179 179
fre 1836 3316 69 179 179
fre 1828 3308 69 179 179
fre 1844 3316 69 179 179
fre 1836 3308 69 179 179
trop 1836 3316 120 179 179
trop 1828 3324 120 179 179
trop 1836 3324 112 179 179
cliff 1936 3296 45 179 179
fre 2020 3316 31 179 179
fre 2476 3300 31 179 179
lay 2728 3320 19 0 179
lay 2824 3304 8 0 179
fre 2820 3324 27 179 179
fre 2836 3316 7 179 179
cliff 2864 3312 3 179 179
fre 2980 3324 31 179 179
fre 3020 3308 29 179 179
fre 3060 3308 16 179 179
tree 3064 3304 11 0 179
tree 3048 3320 69 0 179
fre 3116 3316 41 179 179
vor 3156 3324 20 179 179
fre 3324 3308 26 179 179
fre 3428 3316 19 179 179
vor 3484 3308 16 179 179
vor 3612 3308 8 179 179
cliff 192 3344 70 179 179
cliff 256 3328 73 179 179
fre 324 3332 28 179 179
fre 484 3332 0 179 179
tree 680 3336 25 0 179
fre 676 3332 2 179 179
trop 828 3348 127 179 179
trop 1164 3332 126 179 179
trop 1268 3340 126 179 179
trop 1332 3340 127 179 179
fre 1556 3340 3 179 179
tree 1704 3352 63 0 179
cliff 1728 3328 79 179 179
fre 1820 3332 68 179 179
fre 1812 3340 68 179 179
fre 1804 3332 68 179 179
fre 1812 3332 68 179 179
fre 1820 3348 68 179 179
fre 1820 3340 68 179 179
trop 1820 3332 120 179 179
trop 1820 3332 112 179 179
fre 1828 3340 68 179 179
fre 1836 3348 68 179 179
fre 1836 3356 68 179 179
fre 1828 3356 68 179 179
fre 1828 3348 68 179 179
fre 1844 3356 68 179 179
fre 1844 3348 69 179 179
fre 1844 3340 69 179 179
fre 1836 3340 69 179 179
fre 1836 3332 69 179 179
fre 1828 3332 69 179 179
fre 1844 3332 69 179 179
trop 1844 3332 120 179 179
trop 1836 3332 120 179 179
trop 1836 3340 120 179 179
trop 1828 3340 120 179 179
trop 1828 3332 120 179 179
trop 1836 3332 112 179 179
trop 1828 3340 112 179 179
tree 1896 3336 69 0 179
tree 1896 3352 63 0 179
lay 2008 3352 20 0 179
fre 1988 3348 30 179 179
fre 2044 3340 29 179 179
lay 2072 3352 16 0 179
fre 2084 3348 31 179 179
tree 2344 3352 66 0 179
tree 2376 3352 68 0 179
tree 2408 3352 63 0 179
tree 2584 3352 66 0 179
fre 2668 3348 19 179 179
fre 2684 3348 12 179 179
fre 2812 3332 5 179 179
fre 2932 3340 17 179 179
stand 3000 3352 112 0 179
fre 3044 3348 19 179 179
fre 3060 3340 14 179 179
zabor 3088 3344 27 0 8
vor 3292 3340 17 179 179
fre 3508 3348 51 179 179
fre 3532 3340 52 179 179
fre 3564 3356 49 179 179
zabor 3632 3344 27 0 8
zabor 3696 3344 31 0 8
vor 3724 3332 16 179 179
stand 3896 3352 65 0 179
stand 1288 3384 144 0 179
tree 1576 3368 19 0 179
tree 1624 3384 69 0 179
tree 1608 3384 65 0 179
fre 1652 3388 0 179 179
fre 1700 3380 18 179 179
cliff 1744 3376 84 179 179
fre 1940 3364 26 179 179
tree 1960 3368 68 0 179
fre 2124 3372 10 179 179
fre 2172 3380 22 179 179
fre 2188 3388 11 179 179
lay 2232 3368 18 0 179
fre 2260 3372 7 179 179
fre 2292 3380 1 179 179
tree 2328 3368 59 0 179
fre 2308 3388 19 179 179
tree 2568 3368 19 0 179
tree 2616 3368 64 0 179
tree 2648 3368 13 0 179
fre 2708 3364 20 179 179
tree 2792 3368 66 0 179
cliff 2848 3360 2 179 179
fre 3036 3388 59 179 179
zabor 3088 3376 36 0 9
fre 3116 3380 48 179 179
zabor 3280 3376 27 0 8
fre 3348 3380 53 179 179
vor 3396 3372 10 179 179
vor 3460 3388 65 179 179
stand 3496 3384 53 0 179
zabor 3632 3376 38 0 9
fre 3652 3380 69 179 179
zabor 3696 3376 39 0 9
stand 3912 3368 61 0 179
cliff 368 3392 70 179 179
cliff 448 3392 70 179 179
cliff 528 3408 69 179 179
stand 1144 3400 143 0 179
cliff 1936 3392 40 179 179
cliff 2368 3408 87 179 179
cliff 2400 3392 88 179 179
cliff 2464 3408 70 179 179
cliff 2544 3408 73 179 179
cliff 2592 3408 72 179 179
cliff 2816 3408 71 179 179
fre 3108 3396 60 179 179
fre 3132 3412 46 179 179
fre 3212 3412 57 179 179
fre 3292 3412 64 179 179
zabor 3280 3408 35 0 9
stand 3416 3416 104 0 179
zabor 3440 3408 28 0 8
fre 3716 3412 56 179 179
fre 3748 3420 61 179 179
fre 3940 3420 58 179 179
most 608 3424 8 0 179
cliff 1632 3424 66 179 179
cliff 1696 3424 67 179 179
cliff 1968 3424 64 179 179
cliff 2048 3440 70 179 179
cliff 2208 3440 66 179 179
cliff 2288 3440 72 179 179
cliff 2336 3424 71 179 179
cliff 2656 3424 70 179 179
cliff 2736 3440 69 179 179
cliff 2784 3424 72 179 179
fre 3308 3436 67 179 179
zabor 3440 3440 39 0 9
fre 3484 3428 65 179 179
fre 3468 3436 54 179 179
stand 3576 3448 121 0 179
fre 3724 3428 63 179 179
fre 3764 3428 45 179 179
stand 3848 3432 111 0 179
cliff 2128 3456 69 179 179
stand 3176 3464 125 0 179
stand 3368 3496 126 0 179
stand 3848 3528 110 1 179
most 608 3648 7 0 179
fre 620 3708 31 179 179
fre 596 3732 31 179 179
fre 612 3724 32 179 179
dom 672 3712 100 0 179
lay 712 3736 7 0 179
lay 600 3752 13 0 179
lay 664 3752 5 0 179
lay 696 3752 8 0 179
lay 680 3752 6 0 179
cliff 672 3792 71 179 179
stand 2840 3800 107 0 179
lay 632 3816 12 0 179
cliff 656 3808 72 179 179
stand 2808 3896 106 0 179
