lay 1400 24 67 0 179
lay 1464 40 67 0 179
lay 3992 40 67 0 179
lay 4056 40 67 0 179
zabor 2864 80 30 0 8
lay 1416 104 67 0 179
lay 1448 120 67 0 179
trop 1700 100 62 179 179
tree 2360 120 35 0 179
trop 2356 100 115 179 179
lay 2616 120 67 0 179
lay 3256 120 67 0 179
lay 4008 104 67 0 179
tree 1544 136 35 0 179
tree 1592 152 16 0 179
tree 1832 152 37 0 179
tree 2328 152 14 0 179
lay 2360 152 67 0 179
tree 2344 136 38 0 179
tree 2392 136 36 0 179
trop 2460 148 107 179 179
trop 2516 132 111 179 179
lay 2584 136 67 0 179
lay 2680 152 67 0 179
lay 2872 152 67 0 179
lay 3976 136 67 0 179
lay 4008 152 67 0 179
lay 4392 136 67 0 179
trop 5932 148 62 179 179
lay 6040 152 67 0 179
lay 6808 152 67 0 179
tree 7944 152 13 0 179
tree 1560 168 35 0 179
tree 1848 184 14 0 179
lay 2232 168 67 0 179
lay 2216 184 67 0 179
lay 2296 168 67 0 179
lay 2344 184 67 0 179
tree 2536 168 13 0 179
lay 2568 184 67 0 179
lay 2616 168 67 0 179
lay 2728 184 67 0 179
lay 2840 184 67 0 179
lay 2840 168 67 0 179
lay 2920 168 67 0 179
lay 2952 184 67 0 179
lay 3976 168 67 0 179
tree 4280 184 13 0 179
lay 4376 168 67 0 179
lay 5736 168 67 0 179
tree 5976 168 37 0 179
lay 6024 168 67 0 179
tree 6920 184 0 0 179
trop 6996 188 212 179 179
tree 7032 168 16 0 179
tree 7480 184 40 0 179
tree 7480 168 34 0 179
lay 7608 184 26 0 179
lay 7848 184 26 0 179
tree 7880 184 38 0 179
tree 7896 184 17 0 179
tree 7944 168 13 0 179
lay 1464 200 67 0 179
tree 1560 216 40 0 179
tree 1832 200 14 0 179
tree 1832 216 35 0 179
tree 1864 200 36 0 179
tree 1864 216 12 0 179
trop 1996 220 111 179 179
lay 2120 200 67 0 179
fre 2156 220 10 179 179
lay 2392 216 67 0 179
lay 2440 200 31 0 179
lay 2520 200 67 0 179
lay 2584 216 67 0 179
lay 2696 200 67 0 179
lay 2728 216 67 0 179
lay 2792 200 67 0 179
lay 2920 216 67 0 179
lay 2952 216 67 0 179
lay 4056 200 67 0 179
tree 5784 216 14 0 179
tree 5800 216 34 0 179
tree 5816 200 37 0 179
tree 5848 216 40 0 179
tree 6008 200 35 0 179
lay 6040 200 67 0 179
dom 6048 192 245 0 179
dom 6144 192 245 0 179
dom 6464 192 255 0 179
dom 6496 192 255 0 179
dom 6528 192 255 0 179
dom 6560 192 255 0 179
lay 6824 200 67 0 179
tree 6904 200 40 0 179
tree 6984 216 36 0 179
tree 7048 216 39 0 179
lay 7080 216 26 0 179
lay 7304 200 26 0 179
trop 7452 204 212 179 179
tree 7448 200 37 0 179
tree 7656 216 38 0 179
tree 7704 216 37 0 179
lay 7720 216 48 0 179
tree 7720 216 0 0 179
tree 7752 216 35 0 179
tree 7768 200 34 0 179
lay 7912 216 48 0 179
tree 7912 200 40 0 179
lay 8040 200 26 0 179
lay 1480 232 67 0 179
trop 1852 236 210 179 179
tree 1848 248 39 0 179
trop 1956 236 108 179 179
lay 2088 232 67 0 179
fre 2148 236 65 179 179
fre 2188 228 34 179 179
most 2464 224 61 0 179
lay 3000 248 67 0 179
lay 3032 232 67 0 179
lay 3064 232 51 0 179
lay 3960 232 67 0 179
trop 4132 236 114 179 179
zabor 4176 240 26 0 8
zabor 4208 240 31 0 8
zabor 4240 240 27 0 8
trop 4292 228 109 179 179
stand 4312 232 54 0 179
zabor 4336 240 28 0 8
trop 4372 228 109 179 179
zabor 4368 240 32 0 9
zabor 4400 240 29 0 8
trop 4436 228 109 179 179
stand 4424 232 54 0 179
zabor 4496 240 29 0 8
zabor 4528 240 28 0 8
trop 4572 228 109 179 179
zabor 4560 240 25 0 8
stand 4616 232 158 0 179
stand 4632 232 182 0 179
trop 4692 228 109 179 179
trop 4828 228 109 179 179
lay 4888 232 28 0 179
dom 4864 224 199 0 179
dom 4928 224 308 0 179
trop 4964 228 109 179 179
stand 5016 232 62 0 179
stand 5016 248 39 0 179
stand 5000 248 159 0 179
trop 5108 228 109 179 179
zabor 5168 240 24 0 8
zabor 5200 240 37 0 9
zabor 5232 240 26 0 8
trop 5252 228 109 179 179
zabor 5264 240 24 0 8
zabor 5296 240 25 0 8
zabor 5328 240 24 0 8
zabor 5360 240 28 0 8
trop 5388 228 109 179 179
zabor 5392 240 31 0 8
zabor 5424 240 38 0 9
zabor 5456 240 33 0 9
zabor 5488 240 30 0 8
trop 5532 228 109 179 179
zabor 5520 240 31 0 8
zabor 5552 240 34 0 9
zabor 5584 240 29 0 8
trop 5612 228 115 179 179
zabor 5616 240 29 0 8
stand 5640 248 62 0 179
lay 5736 232 67 0 179
tree 5784 232 12 0 179
trop 5820 236 212 179 179
tree 5832 248 14 0 179
tree 6008 232 12 0 179
tree 6008 248 40 0 179
lay 6024 232 67 0 179
lay 6136 248 58 0 179
lay 6216 232 27 0 179
lay 6280 248 58 0 179
dom 6368 224 255 0 179
stand 6488 248 149 0 179
lay 6520 232 28 0 179
lay 6504 232 58 0 179
stand 6552 248 149 0 179
dom 6656 224 255 0 179
lay 6664 232 58 0 179
lay 6808 232 67 0 179
tree 6872 248 40 0 179
trop 6940 236 212 179 179
tree 6920 248 36 0 179
tree 6920 232 38 0 179
tree 6984 248 34 0 179
tree 6984 232 34 0 179
tree 7000 232 12 0 179
trop 7020 244 212 179 179
tree 7016 232 36 0 179
tree 7016 248 36 0 179
tree 7320 248 34 0 179
tree 7400 248 17 0 179
tree 7400 232 17 0 179
tree 7432 248 36 0 179
tree 7432 232 17 0 179
tree 7448 232 39 0 179
tree 7656 232 17 0 179
lay 7720 248 26 0 179
tree 7736 248 13 0 179
tree 7864 232 14 0 179
tree 7896 248 11 0 179
lay 1480 264 67 0 179
tree 1576 264 34 0 179
trop 1700 276 62 179 179
tree 1832 264 0 0 179
tree 1848 280 35 0 179
tree 1880 264 17 0 179
tree 1880 280 15 0 179
tree 1864 264 39 0 179
lay 2104 280 67 0 179
lay 2424 280 67 0 179
lay 2584 280 67 0 179
lay 2824 280 67 0 179
lay 3048 280 67 0 179
lay 3096 280 51 0 179
lay 3912 264 67 0 179
tree 5768 280 14 0 179
tree 5784 264 38 0 179
trop 5924 276 62 179 179
lay 6808 264 67 0 179
lay 6824 264 67 0 179
tree 6920 280 12 0 179
trop 7020 284 212 179 179
tree 7032 280 12 0 179
tree 7064 264 17 0 179
tree 7336 264 0 0 179
tree 7368 264 34 0 179
lay 7496 280 26 0 179
tree 7896 264 10 0 179
tree 7944 264 17 0 179
lay 7992 280 26 0 179
tree 1592 312 16 0 179
tree 1832 296 39 0 179
tree 1848 296 12 0 179
tree 1880 296 10 0 179
tree 1896 296 14 0 179
lay 2120 312 67 0 179
lay 2184 296 67 0 179
lay 2264 312 67 0 179
tree 2328 296 38 0 179
tree 2312 312 37 0 179
lay 2312 312 67 0 179
lay 2344 296 67 0 179
fre 2396 308 13 179 179
trop 2468 300 107 179 179
lay 2520 296 19 0 179
tree 2536 312 13 0 179
tree 2552 312 0 0 179
lay 2584 296 67 0 179
lay 2648 296 67 0 179
lay 2792 296 67 0 179
lay 3112 312 67 0 179
lay 3144 296 67 0 179
lay 3160 296 51 0 179
lay 3864 296 67 0 179
lay 3896 312 67 0 179
tree 4040 312 34 0 179
tree 4056 312 36 0 179
zabor 4112 304 25 0 8
trop 4132 316 111 179 179
trop 4348 292 107 179 179
zabor 4624 304 27 0 8
lay 4648 296 27 0 179
trop 5044 300 97 179 179
lay 5736 296 67 0 179
tree 5768 296 14 0 179
tree 5832 312 17 0 179
lay 6040 296 67 0 179
tree 6024 296 38 0 179
lay 6328 296 28 0 179
lay 6520 296 26 0 179
lay 6792 312 67 0 179
trop 6844 308 209 179 179
tree 6824 312 39 0 179
tree 6840 312 12 0 179
tree 6840 296 14 0 179
lay 6984 296 26 0 179
tree 7000 312 14 0 179
tree 7000 296 0 0 179
tree 7048 312 12 0 179
tree 7336 296 12 0 179
trop 7388 292 212 179 179
tree 7576 296 0 0 179
tree 7752 296 0 0 179
lay 1528 344 67 0 179
tree 1560 344 13 0 179
tree 1592 344 38 0 179
stand 1800 328 17 0 179
tree 1848 328 36 0 179
tree 1832 344 0 0 179
trop 1956 332 108 179 179
fre 2124 348 7 179 179
fre 2156 332 30 179 179
lay 2232 328 67 0 179
lay 2280 344 60 0 179
lay 2328 344 67 0 179
fre 2404 332 14 179 179
lay 2424 328 3 0 179
lay 2488 344 67 0 179
lay 2520 344 67 0 179
lay 2536 344 67 0 179
tree 2648 344 36 0 179
lay 2632 344 67 0 179
lay 2680 328 67 0 179
lay 2696 328 67 0 179
lay 2824 344 67 0 179
lay 2872 328 67 0 179
lay 2904 328 67 0 179
lay 2968 344 67 0 179
lay 2952 328 67 0 179
lay 3000 344 67 0 179
lay 3064 328 67 0 179
lay 3112 328 67 0 179
lay 3176 344 67 0 179
lay 3208 328 51 0 179
zabor 4112 336 31 0 8
trop 4172 324 106 179 179
lay 4200 328 28 0 179
trop 4220 340 19 179 179
lay 4520 344 27 0 179
trop 4540 324 97 179 179
trop 4548 340 19 179 179
zabor 4624 336 24 0 8
trop 4764 340 19 179 179
trop 4740 324 97 179 179
trop 4860 348 109 179 179
trop 4836 324 97 179 179
trop 4884 332 109 179 179
trop 4948 324 95 179 179
trop 4948 348 19 179 179
lay 5016 328 27 0 179
trop 5012 348 95 179 179
trop 5052 348 109 179 179
trop 5060 348 97 179 179
trop 5060 332 97 179 179
trop 5076 332 19 179 179
trop 5148 340 19 179 179
lay 5240 344 28 0 179
trop 5252 340 109 179 179
trop 5292 332 109 179 179
trop 5356 348 109 179 179
lay 5400 344 27 0 179
trop 5404 340 109 179 179
trop 5492 340 19 179 179
trop 5548 332 109 179 179
trop 5548 340 19 179 179
lay 5592 344 27 0 179
trop 5716 340 116 179 179
tree 5784 328 39 0 179
trop 5924 340 108 179 179
trop 6012 348 212 179 179
tree 6008 344 14 0 179
lay 6040 328 67 0 179
tree 6024 328 34 0 179
stand 6264 344 181 0 179
stand 6296 328 179 0 179
stand 6280 344 180 0 179
stand 6296 344 189 0 179
stand 6328 344 162 0 179
stand 6312 328 163 0 179
lay 6408 328 58 0 179
tree 6856 344 39 0 179
tree 6888 328 0 0 179
lay 7208 328 26 0 179
tree 7496 344 12 0 179
tree 1592 376 35 0 179
tree 1608 376 10 0 179
lay 2072 360 67 0 179
lay 2232 376 67 0 179
lay 2280 376 67 0 179
lay 2360 376 60 0 179
lay 2392 360 67 0 179
lay 2408 376 64 0 179
lay 2456 376 67 0 179
lay 2504 360 64 0 179
lay 2600 376 67 0 179
lay 2680 360 67 0 179
lay 2712 376 67 0 179
lay 2808 360 67 0 179
lay 2920 360 51 0 179
lay 3032 376 67 0 179
lay 3864 360 67 0 179
zabor 4112 368 30 0 8
trop 4252 356 101 179 179
trop 4260 372 115 179 179
trop 4340 364 96 179 179
trop 4356 372 108 179 179
trop 4404 372 108 179 179
trop 4460 356 114 179 179
zabor 4624 368 28 0 8
trop 4964 364 100 179 179
trop 4964 380 100 179 179
trop 5020 380 100 179 179
trop 5012 364 109 179 179
trop 5196 372 109 179 179
trop 5188 356 95 179 179
trop 5260 372 109 179 179
trop 5348 356 95 179 179
trop 5412 380 109 179 179
trop 5476 372 109 179 179
trop 5532 356 95 179 179
tree 5992 376 37 0 179
tree 5992 360 0 0 179
tree 6008 376 39 0 179
lay 6264 376 28 0 179
stand 6264 360 183 0 179
stand 6248 360 156 0 179
stand 6296 360 158 0 179
stand 6280 376 159 0 179
stand 6312 360 161 0 179
stand 6312 376 160 0 179
lay 6440 360 28 0 179
dom 6432 352 255 0 179
lay 6584 376 58 0 179
lay 6616 376 27 0 179
dom 6592 352 255 0 179
lay 6760 376 67 0 179
lay 6776 360 67 0 179
tree 6808 360 17 0 179
tree 6840 376 38 0 179
tree 6872 360 14 0 179
tree 6904 376 14 0 179
tree 6904 360 12 0 179
tree 7032 376 35 0 179
tree 7016 376 39 0 179
tree 7336 360 12 0 179
tree 7416 360 35 0 179
tree 7496 360 0 0 179
tree 7576 376 14 0 179
tree 7592 360 34 0 179
lay 1320 408 67 0 179
lay 1368 392 67 0 179
lay 1528 408 67 0 179
tree 1576 392 0 0 179
tree 1592 408 35 0 179
tree 1592 392 37 0 179
tree 1624 392 10 0 179
lay 1608 408 54 0 179
lay 2216 408 67 0 179
trop 2308 412 200 179 179
lay 2312 392 60 0 179
lay 2328 392 67 0 179
tree 2360 408 40 0 179
lay 2440 392 60 0 179
trop 2492 388 108 179 179
lay 2520 408 59 0 179
lay 2504 408 67 0 179
lay 2536 408 67 0 179
lay 2568 392 60 0 179
tree 2632 408 39 0 179
lay 2632 392 64 0 179
tree 2664 392 37 0 179
lay 2664 408 67 0 179
lay 2760 392 67 0 179
lay 2792 392 67 0 179
tree 2840 408 15 0 179
lay 2856 392 51 0 179
tree 2904 408 38 0 179
tree 2920 392 39 0 179
trop 2932 412 200 179 179
lay 2936 408 51 0 179
tree 2968 392 34 0 179
lay 2984 392 51 0 179
lay 3208 392 67 0 179
lay 3832 408 67 0 179
tree 4008 392 38 0 179
tree 4040 392 37 0 179
tree 4040 408 14 0 179
trop 4100 404 108 179 179
lay 4360 408 27 0 179
trop 4356 396 108 179 179
trop 4452 388 100 179 179
lay 4888 408 28 0 179
trop 4972 404 98 179 179
trop 4980 388 100 179 179
trop 5340 388 109 179 179
trop 5556 388 109 179 179
tree 5768 392 17 0 179
tree 5992 392 34 0 179
lay 6728 408 67 0 179
tree 6840 392 0 0 179
tree 6856 392 14 0 179
trop 6908 404 212 179 179
tree 6888 392 35 0 179
tree 7016 392 37 0 179
lay 7272 392 26 0 179
tree 7320 408 34 0 179
tree 7480 392 0 0 179
lay 7496 392 26 0 179
tree 7832 408 38 0 179
lay 1272 424 67 0 179
lay 1336 424 67 0 179
lay 1368 424 67 0 179
tree 1592 440 0 0 179
tree 1592 424 36 0 179
tree 1816 424 17 0 179
tree 1816 440 0 0 179
tree 1848 440 40 0 179
tree 1864 424 0 0 179
trop 1956 444 108 179 179
lay 2056 424 67 0 179
tree 2264 440 41 0 179
lay 2248 440 67 0 179
lay 2296 424 67 0 179
tree 2328 424 34 0 179
tree 2360 440 38 0 179
lay 2344 440 67 0 179
lay 2376 424 67 0 179
lay 2440 424 67 0 179
tree 2472 424 36 0 179
tree 2488 424 39 0 179
tree 2520 424 41 0 179
lay 2616 440 64 0 179
tree 2696 440 40 0 179
lay 2712 424 67 0 179
lay 2696 424 67 0 179
lay 2776 440 67 0 179
lay 2776 424 60 0 179
lay 2808 440 67 0 179
lay 2888 440 51 0 179
lay 2984 440 51 0 179
lay 3016 440 67 0 179
lay 3064 424 67 0 179
lay 3256 424 67 0 179
lay 3816 440 67 0 179
tree 3960 440 40 0 179
tree 3976 424 38 0 179
tree 4024 424 37 0 179
tree 4040 440 35 0 179
tree 4184 440 15 0 179
tree 4168 440 13 0 179
tree 4216 440 13 0 179
trop 4348 436 102 179 179
trop 4380 420 108 179 179
trop 4412 436 99 179 179
tree 4520 440 15 0 179
tree 4536 440 16 0 179
tree 4568 440 13 0 179
lay 4616 424 28 0 179
trop 4956 420 99 179 179
trop 4940 444 108 179 179
trop 4932 436 94 179 179
trop 4988 420 110 179 179
lay 5064 440 28 0 179
stand 5064 424 182 0 179
stand 5080 424 183 0 179
stand 5096 424 159 0 179
stand 5320 424 160 0 179
stand 5480 424 159 0 179
stand 5640 424 62 0 179
tree 5720 440 37 0 179
lay 5768 440 26 0 179
tree 5784 440 34 0 179
tree 5768 424 34 0 179
tree 5816 440 17 0 179
tree 5816 424 38 0 179
tree 6008 424 38 0 179
lay 6696 440 67 0 179
tree 6760 440 40 0 179
tree 6776 424 39 0 179
tree 6792 424 34 0 179
tree 6840 440 35 0 179
tree 6824 424 38 0 179
trop 6916 444 211 179 179
lay 6984 424 26 0 179
lay 7160 440 26 0 179
tree 7320 440 38 0 179
tree 7576 424 36 0 179
trop 7588 420 209 179 179
lay 7704 424 26 0 179
tree 7816 440 0 0 179
tree 7816 424 40 0 179
tree 7832 424 12 0 179
lay 7896 424 26 0 179
lay 1256 472 67 0 179
lay 1384 456 67 0 179
lay 1528 472 67 0 179
tree 1592 456 38 0 179
trop 1700 452 62 179 179
trop 1836 460 209 179 179
tree 1848 456 14 0 179
lay 2136 456 67 0 179
lay 2200 456 67 0 179
tree 2264 472 40 0 179
lay 2312 472 60 0 179
lay 2344 456 67 0 179
lay 2456 456 68 0 179
tree 2472 456 41 0 179
lay 2488 472 68 0 179
lay 2504 456 67 0 179
lay 2584 456 67 0 179
lay 2648 456 59 0 179
lay 2632 472 67 0 179
lay 2824 472 67 0 179
lay 2856 456 67 0 179
lay 2872 456 67 0 179
lay 2904 472 67 0 179
lay 2952 472 51 0 179
lay 3960 456 57 0 179
tree 3960 456 36 0 179
tree 3992 472 0 0 179
zabor 4112 464 30 0 8
trop 4364 476 18 179 179
trop 4436 452 111 179 179
zabor 4624 464 31 0 8
trop 4892 452 117 179 179
trop 4908 468 18 179 179
trop 4900 452 103 179 179
trop 4972 460 99 179 179
trop 4972 452 111 179 179
stand 5176 456 179 0 179
lay 5416 472 67 0 179
trop 5660 460 212 179 179
tree 5688 472 38 0 179
tree 5720 456 35 0 179
tree 5752 472 34 0 179
trop 5780 460 212 179 179
trop 5924 452 62 179 179
lay 6072 456 67 0 179
lay 6200 472 67 0 179
lay 6264 456 67 0 179
lay 6424 472 67 0 179
lay 6520 472 67 0 179
lay 6568 472 67 0 179
lay 6664 456 67 0 179
trop 6820 452 209 179 179
tree 7000 456 17 0 179
tree 6984 472 17 0 179
tree 7464 472 14 0 179
trop 7628 468 209 179 179
tree 7656 472 37 0 179
tree 7752 472 12 0 179
trop 7804 468 211 179 179
tree 7800 472 36 0 179
tree 7816 456 34 0 179
tree 7816 472 35 0 179
tree 8040 472 35 0 179
lay 1416 488 67 0 179
lay 1432 488 67 0 179
lay 1448 504 67 0 179
lay 1496 488 67 0 179
lay 1576 488 67 0 179
lay 1640 504 49 0 179
tree 1832 504 17 0 179
lay 2008 488 67 0 179
fre 2012 492 26 179 179
trop 1988 500 110 179 179
fre 2020 492 14 179 179
fre 2084 500 12 179 179
lay 2184 504 67 0 179
lay 2264 488 67 0 179
lay 2280 488 60 0 179
lay 2536 488 67 0 179
lay 2584 488 67 0 179
tree 2616 504 40 0 179
lay 2616 488 64 0 179
lay 2616 504 67 0 179
tree 2648 488 37 0 179
lay 2632 504 60 0 179
lay 2680 488 64 0 179
lay 2680 504 67 0 179
lay 2712 504 67 0 179
lay 2744 504 67 0 179
lay 2728 488 67 0 179
lay 2776 488 67 0 179
lay 2792 488 67 0 179
lay 2904 488 67 0 179
lay 2936 504 67 0 179
lay 3016 504 67 0 179
lay 3080 504 67 0 179
lay 3784 504 67 0 179
tree 3960 488 14 0 179
tree 4008 504 38 0 179
zabor 4112 496 32 0 9
zabor 4624 496 26 0 8
trop 4748 500 19 179 179
trop 4740 484 106 179 179
trop 4836 484 104 179 179
trop 4852 492 118 179 179
trop 5028 508 121 179 179
lay 5352 504 67 0 179
tree 5432 504 38 0 179
tree 5496 488 17 0 179
tree 5528 488 40 0 179
tree 5576 488 14 0 179
tree 5672 488 37 0 179
tree 5752 504 38 0 179
tree 5800 504 37 0 179
tree 6008 488 12 0 179
lay 6024 488 26 0 179
tree 6024 504 40 0 179
lay 6072 488 67 0 179
lay 6136 488 67 0 179
tree 6232 504 0 0 179
lay 6312 488 67 0 179
tree 6424 504 38 0 179
lay 6456 488 67 0 179
tree 6488 504 39 0 179
tree 6504 504 39 0 179
tree 6520 504 12 0 179
tree 6536 504 40 0 179
lay 6616 488 67 0 179
tree 6600 504 14 0 179
tree 6600 488 17 0 179
tree 6680 504 34 0 179
tree 6696 504 36 0 179
lay 6776 504 26 0 179
tree 6808 488 40 0 179
tree 6824 488 14 0 179
trop 7348 492 211 179 179
tree 7384 488 38 0 179
tree 7368 504 2 0 179
tree 7480 504 12 0 179
trop 7716 484 209 179 179
trop 7724 508 209 179 179
tree 7736 504 36 0 179
tree 7768 488 37 0 179
tree 7752 504 40 0 179
tree 7800 504 40 0 179
tree 7816 488 40 0 179
tree 7944 504 38 0 179
tree 8040 504 14 0 179
tree 8056 488 17 0 179
lay 1240 536 67 0 179
lay 1272 520 67 0 179
lay 1592 536 67 0 179
trop 1836 524 209 179 179
tree 1832 520 14 0 179
tree 1832 536 40 0 179
tree 1864 520 10 0 179
fre 2052 516 23 179 179
fre 2052 532 68 179 179
lay 2168 536 67 0 179
lay 2248 536 67 0 179
lay 2296 520 67 0 179
lay 2328 520 67 0 179
lay 2520 536 67 0 179
lay 2536 520 67 0 179
lay 2600 536 67 0 179
trop 2652 524 200 179 179
tree 2664 520 38 0 179
lay 2664 536 67 0 179
lay 2824 520 67 0 179
lay 2936 536 67 0 179
lay 2936 520 67 0 179
lay 3000 536 67 0 179
lay 2984 520 49 0 179
lay 3048 536 67 0 179
lay 3768 536 67 0 179
tree 3960 520 36 0 179
tree 3960 536 0 0 179
trop 3972 540 212 179 179
trop 4100 516 108 179 179
zabor 4112 528 30 0 8
trop 4388 540 108 179 179
zabor 4624 528 25 0 8
lay 4760 520 27 0 179
trop 5052 516 105 179 179
trop 5060 524 121 179 179
trop 5084 524 19 179 179
lay 5240 520 67 0 179
tree 5384 536 17 0 179
tree 5432 520 39 0 179
tree 5432 536 0 0 179
tree 5464 536 36 0 179
trop 5476 516 212 179 179
trop 5524 516 212 179 179
tree 5592 520 34 0 179
trop 5628 532 210 179 179
tree 5608 520 40 0 179
trop 5684 540 212 179 179
tree 5704 536 37 0 179
trop 5740 524 212 179 179
tree 5736 520 12 0 179
tree 5800 520 40 0 179
tree 5976 536 39 0 179
tree 6072 536 14 0 179
trop 6284 532 212 179 179
tree 6280 520 12 0 179
tree 6296 520 39 0 179
trop 6380 540 212 179 179
tree 6392 520 40 0 179
trop 6620 532 209 179 179
trop 6652 540 209 179 179
tree 6680 520 39 0 179
tree 6712 536 37 0 179
trop 6756 540 212 179 179
trop 6772 516 209 179 179
trop 6876 516 209 179 179
tree 6920 536 40 0 179
tree 7256 536 39 0 179
trop 7276 540 212 179 179
tree 7464 520 39 0 179
tree 7640 536 17 0 179
tree 7768 536 34 0 179
tree 7784 536 37 0 179
trop 7836 516 212 179 179
tree 7816 536 36 0 179
tree 7864 536 39 0 179
tree 7848 536 39 0 179
trop 7900 540 209 179 179
trop 7924 540 209 179 179
tree 7912 536 38 0 179
tree 7928 520 38 0 179
tree 7960 536 37 0 179
tree 7944 520 17 0 179
trop 7972 524 209 179 179
tree 7992 536 0 0 179
tree 7976 536 0 0 179
tree 8024 536 14 0 179
tree 8008 536 17 0 179
tree 8056 536 37 0 179
trop 8092 540 209 179 179
lay 1032 568 67 0 179
lay 1080 568 67 0 179
tree 1368 552 0 0 179
tree 1592 568 40 0 179
tree 1592 552 0 0 179
lay 1592 568 48 0 179
tree 1832 552 35 0 179
lay 1864 568 49 0 179
fre 1972 556 27 179 179
fre 2020 572 33 179 179
fre 2020 548 9 179 179
lay 2104 552 67 0 179
lay 2152 552 67 0 179
lay 2232 568 60 0 179
lay 2248 568 67 0 179
lay 2472 552 67 0 179
lay 2520 568 67 0 179
trop 2556 564 200 179 179
lay 2568 568 67 0 179
lay 2648 568 67 0 179
lay 2664 568 67 0 179
lay 2696 552 67 0 179
lay 2728 552 67 0 179
lay 2744 568 67 0 179
lay 2920 568 67 0 179
lay 3128 568 67 0 179
lay 3112 552 67 0 179
lay 3704 552 67 0 179
tree 3928 552 38 0 179
tree 3976 552 36 0 179
tree 4024 568 37 0 179
lay 4168 568 28 0 179
trop 4212 572 19 179 179
trop 4444 572 114 179 179
lay 4504 552 27 0 179
trop 4548 572 19 179 179
stand 4632 568 163 0 179
stand 4632 552 184 0 179
stand 4648 568 178 0 179
stand 4648 552 161 0 179
lay 4904 568 27 0 179
trop 4924 556 108 179 179
trop 4972 564 110 179 179
lay 5176 552 67 0 179
trop 5268 564 210 179 179
tree 5272 568 17 0 179
tree 5368 552 12 0 179
tree 5368 568 0 0 179
lay 5496 568 26 0 179
tree 5496 568 39 0 179
tree 5512 568 39 0 179
tree 5528 552 39 0 179
tree 5672 568 12 0 179
tree 5688 552 36 0 179
tree 5768 552 40 0 179
lay 5800 568 26 0 179
trop 5796 556 212 179 179
tree 5816 568 39 0 179
tree 5800 552 0 0 179
lay 6040 568 26 0 179
tree 6104 568 14 0 179
tree 6088 568 39 0 179
lay 6216 552 26 0 179
tree 6232 568 36 0 179
tree 6264 568 17 0 179
tree 6424 568 38 0 179
tree 6408 552 41 0 179
lay 6472 552 26 0 179
trop 6540 564 212 179 179
tree 6584 568 17 0 179
tree 6568 568 17 0 179
tree 6680 552 34 0 179
tree 6696 552 38 0 179
tree 6728 552 36 0 179
tree 6840 568 39 0 179
tree 6840 552 17 0 179
tree 6904 568 36 0 179
tree 6920 552 17 0 179
tree 6936 568 34 0 179
lay 6968 568 26 0 179
trop 6964 548 209 179 179
tree 6952 552 34 0 179
tree 7000 568 36 0 179
lay 7144 568 26 0 179
tree 7256 568 12 0 179
tree 7240 568 0 0 179
lay 7320 568 26 0 179
tree 7336 552 0 0 179
tree 7352 552 14 0 179
tree 7384 552 34 0 179
trop 7588 564 209 179 179
trop 7644 548 209 179 179
trop 7628 556 209 179 179
tree 7640 552 35 0 179
tree 7624 552 37 0 179
tree 7672 568 17 0 179
trop 7708 572 209 179 179
tree 7784 568 12 0 179
tree 7832 568 0 0 179
tree 7848 568 37 0 179
trop 7876 548 212 179 179
tree 7928 568 38 0 179
trop 7948 572 209 179 179
tree 7960 552 0 0 179
trop 7988 548 209 179 179
tree 8040 568 12 0 179
tree 8040 552 0 0 179
lay 984 600 67 0 179
lay 1128 584 67 0 179
lay 1160 584 67 0 179
lay 1240 584 67 0 179
tree 1320 600 35 0 179
tree 1336 584 10 0 179
tree 1592 584 35 0 179
tree 1608 600 0 0 179
trop 1956 580 108 179 179
lay 2024 584 67 0 179
most 2048 576 60 0 179
lay 2312 584 67 0 179
lay 2488 600 67 0 179
lay 2552 584 67 0 179
tree 2584 584 10 0 179
tree 2584 600 16 0 179
lay 2600 600 67 0 179
lay 2680 600 67 0 179
lay 2728 600 67 0 179
lay 2856 600 67 0 179
lay 2936 600 67 0 179
lay 2984 584 49 0 179
lay 3000 584 67 0 179
lay 3064 600 49 0 179
lay 3144 600 67 0 179
zabor 3696 592 25 0 8
zabor 3728 592 25 0 8
lay 3720 584 67 0 179
zabor 3792 592 29 0 8
zabor 3824 592 26 0 8
zabor 3856 592 31 0 8
lay 3912 584 67 0 179
tree 3912 584 39 0 179
tree 3928 584 37 0 179
tree 3960 584 0 0 179
trop 3988 580 209 179 179
tree 3976 584 38 0 179
dom 4000 576 308 0 179
trop 4276 580 101 179 179
trop 4276 588 115 179 179
trop 4380 580 94 179 179
trop 4404 580 114 179 179
trop 4444 588 114 179 179
lay 4648 584 28 0 179
trop 4932 596 94 179 179
trop 4972 580 98 179 179
tree 5336 584 12 0 179
tree 5320 584 41 0 179
trop 5356 580 212 179 179
tree 5352 584 36 0 179
tree 5464 600 35 0 179
tree 5480 600 39 0 179
tree 5496 584 35 0 179
tree 5576 600 12 0 179
tree 5592 584 40 0 179
tree 5656 600 38 0 179
lay 5688 584 26 0 179
tree 5672 584 0 0 179
trop 5724 588 210 179 179
tree 5768 600 17 0 179
tree 5992 600 39 0 179
tree 5992 584 35 0 179
trop 6036 580 212 179 179
tree 6040 584 12 0 179
trop 6092 588 209 179 179
tree 6088 584 37 0 179
tree 6104 584 38 0 179
trop 6140 588 212 179 179
tree 6248 600 39 0 179
tree 6312 584 40 0 179
tree 6392 584 36 0 179
tree 6504 600 37 0 179
trop 6588 596 212 179 179
tree 6568 600 40 0 179
tree 6584 584 36 0 179
tree 6776 600 37 0 179
tree 6824 600 38 0 179
tree 6824 584 36 0 179
trop 6900 580 212 179 179
tree 6904 600 36 0 179
tree 6888 600 35 0 179
tree 6888 584 37 0 179
tree 6920 584 38 0 179
tree 6936 584 37 0 179
tree 6984 584 39 0 179
tree 7448 600 12 0 179
trop 7468 588 209 179 179
tree 7464 600 0 0 179
tree 7480 584 34 0 179
tree 7576 584 35 0 179
trop 7588 580 209 179 179
tree 7592 584 40 0 179
tree 7656 584 39 0 179
tree 7704 584 40 0 179
trop 7764 588 209 179 179
tree 7752 584 37 0 179
lay 7784 600 26 0 179
tree 7784 600 34 0 179
tree 7800 584 12 0 179
tree 7784 584 38 0 179
lay 7960 600 26 0 179
tree 8056 584 40 0 179
lay 904 632 67 0 179
lay 936 616 67 0 179
tree 1304 616 13 0 179
tree 1288 632 0 0 179
tree 1560 632 17 0 179
tree 1592 632 35 0 179
lay 1592 616 48 0 179
tree 1608 616 36 0 179
lay 1640 632 49 0 179
lay 1688 616 49 0 179
trop 1700 628 62 179 179
tree 1816 616 40 0 179
tree 1832 632 17 0 179
lay 1992 632 67 0 179
lay 2120 632 67 0 179
lay 2168 632 60 0 179
lay 2200 616 60 0 179
lay 2216 616 67 0 179
lay 2232 616 67 0 179
lay 2216 632 64 0 179
lay 2280 616 67 0 179
lay 2344 616 67 0 179
lay 2376 616 67 0 179
lay 2520 632 68 0 179
lay 2520 616 67 0 179
tree 2536 616 15 0 179
lay 2536 616 67 0 179
lay 2568 616 67 0 179
lay 2744 632 67 0 179
lay 2776 632 68 0 179
lay 2760 632 67 0 179
lay 2904 616 67 0 179
lay 2984 632 51 0 179
lay 3176 616 67 0 179
zabor 3696 624 37 0 9
lay 3896 632 67 0 179
tree 3928 616 35 0 179
tree 3928 632 35 0 179
trop 4092 620 108 179 179
zabor 4112 624 27 0 8
trop 4164 636 106 179 179
trop 4364 620 18 179 179
trop 4436 612 100 179 179
zabor 4624 624 27 0 8
lay 4888 616 28 0 179
trop 4892 612 117 179 179
trop 4908 620 18 179 179
trop 4900 612 103 179 179
tree 5256 616 37 0 179
tree 5272 616 39 0 179
tree 5816 616 37 0 179
trop 5916 612 62 179 179
trop 5924 612 108 179 179
tree 5992 616 36 0 179
tree 6072 616 35 0 179
dom 6176 608 262 0 179
tree 6552 616 36 0 179
dom 6688 608 134 0 179
stand 6824 616 159 0 179
stand 6840 616 158 0 179
stand 6824 632 150 0 179
tree 7544 616 0 0 179
tree 7528 616 17 0 179
lay 888 648 67 0 179
tree 1080 664 12 0 179
tree 1416 648 16 0 179
tree 1448 664 11 0 179
tree 1592 664 35 0 179
tree 1592 648 40 0 179
tree 1816 664 15 0 179
tree 1832 648 11 0 179
tree 1848 648 36 0 179
tree 1848 664 0 0 179
lay 2040 648 67 0 179
lay 2168 664 67 0 179
lay 2216 648 67 0 179
lay 2328 648 67 0 179
lay 2376 664 67 0 179
lay 2504 648 67 0 179
lay 2568 664 67 0 179
lay 2712 648 67 0 179
lay 2712 664 67 0 179
lay 2744 664 68 0 179
lay 2760 648 67 0 179
lay 2808 664 67 0 179
lay 2824 648 49 0 179
lay 2872 648 67 0 179
lay 2920 648 67 0 179
lay 2968 648 67 0 179
lay 2984 664 67 0 179
lay 3016 664 63 0 179
lay 3048 664 51 0 179
lay 3128 648 49 0 179
fre 3676 660 19 179 179
zabor 3696 656 29 0 8
fre 3684 668 7 179 179
lay 3720 648 67 0 179
dom 3904 640 66 0 179
dom 4032 640 199 0 179
zabor 4112 656 31 0 8
trop 4348 668 102 179 179
zabor 4624 656 32 0 9
trop 4732 644 106 179 179
trop 4748 660 19 179 179
trop 4836 644 104 179 179
trop 4852 660 118 179 179
lay 5032 664 27 0 179
stand 5224 664 40 0 179
dom 5248 640 308 0 179
stand 5480 664 18 0 179
stand 5784 664 18 0 179
trop 5900 652 117 179 179
stand 6120 648 32 0 179
stand 6456 648 18 0 179
dom 6528 640 135 0 179
stand 6760 648 40 0 179
stand 7048 664 43 0 179
stand 7352 648 43 0 179
stand 7656 648 49 0 179
stand 7960 648 48 0 179
lay 968 696 67 0 179
lay 1016 680 67 0 179
tree 1128 696 14 0 179
tree 1160 696 15 0 179
tree 1448 696 17 0 179
tree 1496 696 13 0 179
tree 1528 680 17 0 179
tree 1576 696 16 0 179
tree 1576 680 34 0 179
lay 1592 680 49 0 179
lay 1848 696 49 0 179
lay 2024 696 67 0 179
fre 2060 700 69 179 179
fre 2116 700 2 179 179
lay 2216 680 67 0 179
lay 2232 696 67 0 179
tree 2536 696 11 0 179
tree 2552 696 13 0 179
lay 2552 680 67 0 179
lay 2584 696 67 0 179
lay 2776 696 60 0 179
lay 2792 696 67 0 179
lay 2824 680 67 0 179
lay 2872 680 51 0 179
lay 2920 696 67 0 179
lay 2968 680 51 0 179
lay 3000 680 51 0 179
lay 3032 680 67 0 179
lay 3160 680 67 0 179
fre 3644 700 26 179 179
zabor 3696 688 30 0 8
tree 3896 680 0 0 179
tree 3896 696 34 0 179
zabor 4112 688 24 0 8
tree 4200 680 10 0 179
tree 4216 680 0 0 179
lay 4360 680 27 0 179
trop 4412 676 99 179 179
tree 4520 680 0 0 179
tree 4536 680 11 0 179
tree 4568 680 10 0 179
zabor 4624 688 26 0 8
trop 4940 676 108 179 179
trop 5052 676 105 179 179
trop 5052 684 121 179 179
trop 5036 676 121 179 179
trop 5084 692 19 179 179
trop 5188 684 123 179 179
dom 5696 672 199 0 179
stand 5784 680 151 0 179
trop 5932 676 108 179 179
trop 6084 676 113 179 179
trop 6108 676 113 179 179
stand 6088 696 30 0 179
trop 6132 676 113 179 179
trop 6164 676 113 179 179
trop 6196 676 113 179 179
trop 6228 676 113 179 179
trop 6260 676 113 179 179
trop 6292 676 113 179 179
trop 6324 676 113 179 179
trop 6356 676 113 179 179
trop 6388 676 113 179 179
trop 6420 676 113 179 179
trop 6452 676 113 179 179
trop 6484 676 113 179 179
trop 6516 676 113 179 179
trop 6548 676 113 179 179
trop 6580 676 113 179 179
trop 6612 676 113 179 179
trop 6676 692 53 179 179
trop 6748 676 113 179 179
trop 6724 676 113 179 179
trop 6772 676 113 179 179
trop 6804 676 113 179 179
trop 6836 676 113 179 179
trop 6868 676 113 179 179
trop 6900 676 113 179 179
trop 6932 676 113 179 179
trop 6964 676 113 179 179
trop 6996 676 113 179 179
trop 7028 676 113 179 179
trop 7060 676 113 179 179
trop 7092 676 113 179 179
trop 7124 676 113 179 179
trop 7156 676 113 179 179
trop 7188 676 113 179 179
trop 7220 676 113 179 179
trop 7252 676 113 179 179
trop 7284 676 113 179 179
trop 7316 676 113 179 179
trop 7348 676 113 179 179
trop 7380 676 113 179 179
trop 7412 676 113 179 179
trop 7444 676 113 179 179
trop 7476 676 113 179 179
trop 7508 676 113 179 179
trop 7540 676 113 179 179
trop 7572 676 113 179 179
trop 7604 676 113 179 179
trop 7636 676 113 179 179
trop 7668 676 113 179 179
trop 7700 676 113 179 179
trop 7732 676 113 179 179
trop 7764 676 113 179 179
trop 7796 676 113 179 179
trop 7828 676 113 179 179
trop 7860 676 113 179 179
trop 7892 676 113 179 179
trop 7924 676 113 179 179
trop 7956 676 113 179 179
trop 7988 676 113 179 179
trop 8020 676 113 179 179
trop 8052 676 113 179 179
trop 8084 676 113 179 179
trop 8116 676 113 179 179
trop 8148 676 113 179 179
lay 904 712 67 0 179
tree 1224 728 0 0 179
tree 1272 728 11 0 179
tree 1288 728 13 0 179
tree 1304 712 10 0 179
lay 1496 728 70 0 179
tree 1496 728 0 0 179
tree 1560 728 40 0 179
tree 1576 728 34 0 179
lay 1576 712 70 0 179
stand 1768 728 1 0 179
tree 1816 728 38 0 179
tree 1832 728 0 0 179
tree 1880 712 15 0 179
trop 1956 716 108 179 179
fre 2076 708 20 179 179
fre 2124 724 19 179 179
lay 2184 712 67 0 179
lay 2344 712 67 0 179
lay 2392 712 67 0 179
lay 2424 728 67 0 179
lay 2568 728 68 0 179
lay 2584 728 67 0 179
lay 2600 712 68 0 179
lay 2776 728 67 0 179
lay 2824 712 51 0 179
lay 2872 728 51 0 179
lay 2888 728 64 0 179
lay 2920 712 51 0 179
lay 3016 728 51 0 179
lay 3064 712 67 0 179
lay 3096 712 49 0 179
lay 3176 728 67 0 179
zabor 3696 720 28 0 8
lay 3688 728 67 0 179
dom 3776 704 255 1 179
tree 3880 712 38 0 179
tree 3880 728 34 0 179
trop 4372 732 108 179 179
trop 4396 708 108 179 179
stand 4648 728 182 0 179
stand 4648 712 179 0 179
trop 4932 732 94 179 179
trop 5260 724 105 179 179
trop 5268 716 121 179 179
trop 5372 724 97 179 179
trop 5492 708 97 179 179
trop 5628 724 97 179 179
trop 5772 724 97 179 179
trop 5836 708 118 179 179
trop 5828 724 118 179 179
trop 5868 716 104 179 179
fre 988 740 25 179 179
fre 972 740 33 179 179
fre 1028 748 4 179 179
lay 1080 744 67 0 179
fre 1076 764 32 179 179
tree 1464 760 0 0 179
lay 1624 744 49 0 179
tree 1608 744 12 0 179
tree 1816 744 34 0 179
lay 1800 744 49 0 179
lay 1912 760 49 0 179
lay 2056 744 67 0 179
lay 2136 744 67 0 179
fre 2124 764 14 179 179
lay 2200 744 67 0 179
lay 2232 760 67 0 179
lay 2376 760 67 0 179
lay 2424 744 67 0 179
lay 2440 744 67 0 179
lay 2712 760 67 0 179
lay 2744 760 67 0 179
lay 2792 760 51 0 179
trop 2828 740 200 179 179
lay 2840 760 67 0 179
lay 2904 760 51 0 179
lay 2904 744 67 0 179
lay 2952 744 51 0 179
lay 3032 744 60 0 179
lay 3128 760 67 0 179
lay 3112 760 49 0 179
fre 3636 748 17 179 179
fre 3636 764 25 179 179
zabor 3696 752 28 0 8
lay 3784 744 28 0 179
trop 4060 748 96 179 179
trop 4076 748 123 179 179
trop 4108 748 123 179 179
trop 4380 740 94 179 179
trop 4396 764 108 179 179
lay 4488 744 28 0 179
lay 4680 760 27 0 179
lay 4904 744 27 0 179
trop 5228 764 114 179 179
trop 5316 764 118 179 179
trop 5452 748 109 179 179
trop 5548 748 109 179 179
trop 5540 756 114 179 179
trop 5668 748 109 179 179
trop 5788 748 115 179 179
trop 5796 764 115 179 179
trop 5796 756 101 179 179
trop 6092 740 113 179 179
trop 6108 740 113 179 179
stand 6088 760 30 0 179
trop 6132 740 113 179 179
trop 6164 740 113 179 179
trop 6196 740 113 179 179
trop 6228 740 113 179 179
trop 6260 740 113 179 179
trop 6292 740 113 179 179
trop 6324 740 113 179 179
trop 6356 740 113 179 179
trop 6388 740 113 179 179
trop 6420 740 113 179 179
trop 6452 740 113 179 179
trop 6484 740 113 179 179
trop 6516 740 113 179 179
trop 6548 740 113 179 179
trop 6580 740 113 179 179
trop 6612 740 113 179 179
trop 6676 756 53 179 179
trop 6748 740 113 179 179
trop 6724 740 113 179 179
trop 6772 740 113 179 179
trop 6804 740 113 179 179
trop 6836 740 113 179 179
trop 6868 740 113 179 179
trop 6900 740 113 179 179
trop 6932 740 113 179 179
trop 6964 740 113 179 179
trop 6996 740 113 179 179
trop 7028 740 113 179 179
trop 7060 740 113 179 179
trop 7092 740 113 179 179
trop 7124 740 113 179 179
trop 7156 740 113 179 179
trop 7188 740 113 179 179
trop 7220 740 113 179 179
trop 7252 740 113 179 179
trop 7284 740 113 179 179
trop 7316 740 113 179 179
trop 7348 740 113 179 179
trop 7380 740 113 179 179
trop 7412 740 113 179 179
trop 7444 740 113 179 179
trop 7476 740 113 179 179
trop 7508 740 113 179 179
trop 7540 740 113 179 179
trop 7572 740 113 179 179
trop 7604 740 113 179 179
trop 7636 740 113 179 179
trop 7668 740 113 179 179
trop 7700 740 113 179 179
trop 7732 740 113 179 179
trop 7764 740 113 179 179
trop 7796 740 113 179 179
trop 7828 740 113 179 179
trop 7860 740 113 179 179
trop 7892 740 113 179 179
trop 7924 740 113 179 179
trop 7956 740 113 179 179
trop 7988 740 113 179 179
trop 8020 740 113 179 179
trop 8052 740 113 179 179
trop 8084 740 113 179 179
trop 8116 740 113 179 179
trop 8148 740 113 179 179
lay 1144 776 67 0 179
fre 1132 796 65 179 179
lay 1176 792 67 0 179
tree 1288 792 15 0 179
tree 1464 776 12 0 179
lay 1512 792 49 0 179
tree 1576 776 37 0 179
lay 1752 776 49 0 179
tree 1848 792 39 0 179
lay 2040 792 67 0 179
fre 2076 788 23 179 179
lay 2120 792 67 0 179
lay 2152 776 67 0 179
trop 2188 796 200 179 179
lay 2184 792 67 0 179
lay 2216 776 67 0 179
lay 2232 792 67 0 179
lay 2360 776 67 0 179
lay 2360 792 67 0 179
lay 2376 792 67 0 179
lay 2424 776 67 0 179
lay 2456 792 67 0 179
lay 2488 792 67 0 179
lay 2680 776 67 0 179
lay 2744 792 49 0 179
trop 2804 780 200 179 179
lay 2840 792 60 0 179
lay 2824 792 67 0 179
lay 2968 776 51 0 179
lay 3000 792 67 0 179
trop 3012 780 200 179 179
lay 3096 776 67 0 179
trop 3868 772 123 179 179
trop 3884 788 202 179 179
lay 3960 776 26 0 179
dom 4000 768 142 0 179
trop 4092 788 123 179 179
zabor 4112 784 31 0 8
trop 4212 788 19 179 179
trop 4268 796 115 179 179
trop 4372 796 18 179 179
trop 4532 788 19 179 179
zabor 4624 784 27 0 8
trop 4908 796 96 179 179
trop 4916 772 117 179 179
trop 4900 772 103 179 179
zabor 5008 784 32 0 9
zabor 5040 784 24 0 8
zabor 5072 784 26 0 8
trop 5244 788 100 179 179
zabor 5328 784 29 0 8
zabor 5360 784 28 0 8
zabor 5392 784 25 0 8
zabor 5424 784 31 0 8
zabor 5552 784 30 0 8
trop 5556 780 100 179 179
zabor 5584 784 26 0 8
zabor 5616 784 25 0 8
zabor 5648 784 28 0 8
zabor 5680 784 24 0 8
zabor 5712 784 29 0 8
zabor 5744 784 31 0 8
zabor 5776 784 29 0 8
zabor 5808 784 27 0 8
zabor 5840 784 29 0 8
trop 5916 780 62 179 179
trop 5932 772 108 179 179
dom 6176 768 257 0 179
dom 6272 768 257 0 179
dom 6368 768 257 0 179
lay 1144 824 67 0 179
tree 1528 808 40 0 179
tree 1544 808 38 0 179
lay 1544 808 48 0 179
fre 1620 804 4 179 179
fre 1612 820 32 179 179
trop 1700 804 62 179 179
lay 1800 808 49 0 179
tree 1832 824 38 0 179
lay 2152 824 67 0 179
lay 2200 824 67 0 179
lay 2184 808 67 0 179
lay 2248 824 67 0 179
lay 2280 808 67 0 179
lay 2312 824 67 0 179
lay 2360 808 67 0 179
trop 2388 812 200 179 179
lay 2456 824 67 0 179
lay 2568 824 67 0 179
lay 2600 808 67 0 179
lay 2600 824 67 0 179
lay 2712 824 67 0 179
lay 2808 808 67 0 179
lay 2888 824 63 0 179
lay 2888 808 67 0 179
lay 2936 808 51 0 179
trop 2972 804 200 179 179
lay 2968 824 67 0 179
lay 3080 808 67 0 179
lay 3144 824 67 0 179
lay 3208 808 27 0 179
lay 3656 808 67 0 179
zabor 3696 816 25 0 8
dom 3776 800 255 0 179
trop 3836 804 107 179 179
trop 3860 804 115 179 179
tree 3896 824 38 0 179
zabor 4112 816 37 0 9
lay 4200 808 27 0 179
trop 4236 804 109 179 179
trop 4260 804 101 179 179
trop 4364 804 108 179 179
trop 4412 804 114 179 179
trop 4412 812 114 179 179
trop 4540 804 109 179 179
zabor 4624 816 38 0 9
trop 4732 804 106 179 179
trop 4764 820 19 179 179
trop 4844 804 104 179 179
trop 4852 820 118 179 179
zabor 5008 816 27 0 8
lay 5032 808 67 0 179
stand 5048 824 42 0 179
zabor 5328 816 24 0 8
dom 5504 800 262 0 179
zabor 5840 816 24 0 8
trop 5892 828 116 179 179
trop 6140 828 209 179 179
tree 7496 824 39 0 179
tree 7624 824 39 0 179
tree 7720 824 14 0 179
lay 1208 856 67 0 179
fre 1204 860 24 179 179
fre 1620 836 23 179 179
fre 1620 852 28 179 179
tree 1864 856 37 0 179
lay 1880 856 49 0 179
trop 1956 836 108 179 179
lay 1976 840 49 0 179
lay 2056 840 67 0 179
lay 2296 856 67 0 179
lay 2344 840 67 0 179
lay 2392 856 67 0 179
lay 2472 856 67 0 179
lay 2504 856 67 0 179
lay 2712 840 67 0 179
lay 2760 840 51 0 179
lay 2808 856 67 0 179
lay 2856 856 60 0 179
lay 2856 840 67 0 179
lay 2904 840 67 0 179
lay 2968 856 49 0 179
lay 3000 840 67 0 179
lay 3064 856 67 0 179
lay 3128 840 67 0 179
lay 3672 840 67 0 179
zabor 3696 848 24 0 8
trop 3836 836 107 179 179
trop 3860 852 108 179 179
trop 4060 860 103 179 179
trop 4076 860 117 179 179
zabor 4112 848 25 0 8
trop 4428 852 100 179 179
zabor 4624 848 25 0 8
trop 4924 844 108 179 179
trop 4948 844 108 179 179
zabor 5008 848 28 0 8
trop 5164 844 117 179 179
trop 5172 860 103 179 179
zabor 5328 848 25 0 8
stand 5416 840 42 0 179
trop 5508 860 99 179 179
dom 5664 832 244 0 179
trop 5900 852 102 179 179
trop 5900 860 116 179 179
tree 6056 856 12 0 179
tree 6072 856 37 0 179
trop 6188 852 209 179 179
trop 6252 844 209 179 179
trop 6260 860 209 179 179
tree 6296 856 39 0 179
tree 6360 856 12 0 179
tree 7080 856 34 0 179
tree 7144 856 40 0 179
lay 7272 840 28 0 179
lay 7400 856 69 0 179
tree 7432 856 17 0 179
tree 7464 856 14 0 179
tree 7496 856 35 0 179
tree 7496 840 36 0 179
tree 7576 856 0 0 179
tree 7592 856 37 0 179
tree 7720 840 36 0 179
lay 1240 888 67 0 179
lay 1272 888 67 0 179
lay 1320 872 67 0 179
lay 1384 888 67 0 179
fre 1532 868 15 179 179
fre 1588 884 15 179 179
lay 1816 888 49 0 179
tree 1848 872 39 0 179
tree 1848 888 40 0 179
trop 1860 884 209 179 179
tree 1864 872 39 0 179
lay 2072 872 67 0 179
lay 2184 872 67 0 179
lay 2232 872 67 0 179
lay 2312 872 67 0 179
lay 2360 888 67 0 179
lay 2424 888 67 0 179
lay 2456 888 67 0 179
lay 2504 872 67 0 179
lay 2536 888 67 0 179
lay 2680 872 67 0 179
lay 2712 872 51 0 179
lay 2728 888 67 0 179
lay 2760 888 67 0 179
lay 2824 888 64 0 179
lay 2824 872 67 0 179
lay 2856 872 60 0 179
lay 3000 872 49 0 179
lay 3048 872 67 0 179
lay 3688 872 67 0 179
trop 3836 876 107 179 179
trop 3916 876 97 179 179
trop 3948 876 121 179 179
trop 3948 876 105 179 179
trop 4052 884 97 179 179
trop 4380 892 94 179 179
trop 5124 868 118 179 179
trop 5148 892 104 179 179
tree 5160 872 13 0 179
lay 5160 888 69 0 179
zabor 5328 880 26 0 8
trop 5508 868 111 179 179
trop 5844 868 118 179 179
trop 5852 876 104 179 179
trop 5924 884 108 179 179
trop 5980 892 209 179 179
tree 6008 872 0 0 179
tree 5992 888 35 0 179
trop 6052 868 209 179 179
tree 6088 872 0 0 179
tree 6136 872 0 0 179
tree 6120 888 40 0 179
tree 6168 872 38 0 179
tree 6152 872 35 0 179
tree 6184 872 17 0 179
tree 6184 888 38 0 179
tree 6216 888 36 0 179
tree 6264 888 0 0 179
tree 6296 888 38 0 179
tree 6280 872 36 0 179
trop 6332 876 209 179 179
tree 6312 888 37 0 179
trop 6348 876 209 179 179
trop 6388 876 209 179 179
tree 6392 872 40 0 179
tree 6376 872 0 0 179
dom 6528 864 129 0 179
dom 6560 864 130 0 179
trop 6684 868 108 179 179
dom 6752 864 128 0 179
lay 6776 872 26 0 179
tree 6792 872 35 0 179
trop 6876 876 209 179 179
tree 6872 872 37 0 179
tree 6904 872 36 0 179
lay 6968 872 27 0 179
tree 7064 888 39 0 179
tree 7048 888 38 0 179
tree 7080 872 35 0 179
lay 7096 872 69 0 179
tree 7144 872 35 0 179
tree 7272 872 40 0 179
tree 7400 872 40 0 179
tree 7448 872 36 0 179
lay 7656 888 69 0 179
tree 7704 888 17 0 179
tree 7688 888 17 0 179
lay 7768 872 69 0 179
tree 7800 888 39 0 179
tree 7848 872 37 0 179
tree 7848 888 38 0 179
tree 7864 888 12 0 179
tree 7896 888 38 0 179
lay 7928 872 69 0 179
tree 7928 888 17 0 179
tree 7992 888 14 0 179
tree 7976 872 12 0 179
tree 7976 888 36 0 179
tree 8008 872 39 0 179
tree 8040 888 37 0 179
lay 1240 920 67 0 179
lay 1336 904 67 0 179
lay 1432 920 67 0 179
trop 1820 924 209 179 179
tree 1816 920 37 0 179
trop 1924 916 120 179 179
trop 1940 900 120 179 179
lay 1992 904 49 0 179
lay 2104 904 67 0 179
lay 2184 904 67 0 179
lay 2232 920 67 0 179
lay 2248 920 67 0 179
lay 2328 920 60 0 179
lay 2312 904 67 0 179
lay 2472 920 67 0 179
lay 2760 920 67 0 179
lay 2792 904 67 0 179
lay 2872 920 60 0 179
lay 2888 904 67 0 179
lay 2936 904 51 0 179
lay 2968 904 67 0 179
lay 3640 904 67 0 179
trop 3836 908 117 179 179
trop 3820 900 122 179 179
dom 3904 896 238 0 179
trop 3972 916 109 179 179
trop 4028 908 101 179 179
trop 4116 908 101 179 179
trop 4124 908 122 179 179
trop 4164 908 122 179 179
lay 4264 904 28 0 179
trop 4348 908 102 179 179
trop 4348 900 116 179 179
trop 4436 900 111 179 179
stand 4840 920 183 0 179
stand 4856 920 158 0 179
tree 5160 920 40 0 179
tree 5224 920 12 0 179
tree 5256 920 39 0 179
zabor 5328 912 31 0 8
trop 5436 924 96 179 179
stand 5528 920 182 0 179
stand 5528 904 184 0 179
stand 5688 904 185 0 179
stand 5704 904 184 0 179
stand 5736 904 181 0 179
stand 5752 904 182 0 179
stand 5736 920 183 0 179
trop 5852 908 115 179 179
trop 5852 900 101 179 179
tree 5960 920 40 0 179
tree 5976 920 35 0 179
trop 6012 916 209 179 179
tree 6040 920 39 0 179
trop 6076 908 209 179 179
tree 6056 904 34 0 179
tree 6088 904 40 0 179
trop 6188 924 209 179 179
tree 6200 904 34 0 179
tree 6200 920 0 0 179
tree 6216 904 35 0 179
tree 6296 904 14 0 179
tree 6360 904 39 0 179
tree 6344 920 38 0 179
trop 6484 924 68 179 179
tree 6872 904 36 0 179
lay 7160 920 26 0 179
tree 7416 904 12 0 179
tree 7400 904 34 0 179
tree 7432 904 38 0 179
tree 7576 904 0 0 179
tree 7608 904 37 0 179
tree 7640 920 14 0 179
tree 7704 920 38 0 179
tree 7736 904 34 0 179
tree 7784 904 36 0 179
tree 7816 904 12 0 179
tree 7864 904 40 0 179
tree 8040 904 35 0 179
tree 8056 920 17 0 179
lay 1224 936 67 0 179
lay 1288 936 67 0 179
lay 1304 936 67 0 179
lay 1352 936 67 0 179
lay 1416 936 67 0 179
tree 1496 936 15 0 179
tree 1512 936 17 0 179
stand 1768 952 1 0 179
tree 1816 952 16 0 179
lay 1848 952 49 0 179
lay 2072 936 67 0 179
lay 2088 952 67 0 179
lay 2200 936 67 0 179
lay 2232 952 67 0 179
lay 2328 936 67 0 179
lay 2360 936 59 0 179
lay 2392 952 67 0 179
lay 2472 952 67 0 179
lay 2520 952 67 0 179
lay 2648 936 67 0 179
lay 2664 936 67 0 179
lay 2680 952 49 0 179
lay 2712 936 51 0 179
trop 2748 956 200 179 179
lay 2808 936 67 0 179
lay 2856 936 67 0 179
lay 2920 952 67 0 179
lay 2968 936 67 0 179
lay 3112 952 67 0 179
lay 3656 952 67 0 179
zabor 3696 944 25 0 8
dom 3744 928 255 0 179
trop 3836 956 116 179 179
stand 4040 936 251 0 179
stand 4072 952 158 0 179
stand 4104 936 155 0 179
trop 4372 948 96 179 179
stand 4840 952 2 0 179
stand 4856 936 159 0 179
stand 4840 936 156 0 179
lay 4888 952 26 0 179
dom 4928 928 255 0 179
trop 5052 948 117 179 179
trop 5060 948 103 179 179
tree 5240 952 12 0 179
zabor 5328 944 27 0 8
dom 5408 928 142 0 179
trop 5916 948 62 179 179
trop 5996 956 209 179 179
tree 5992 936 37 0 179
tree 5992 952 38 0 179
tree 6040 936 14 0 179
tree 6168 936 40 0 179
tree 6312 936 39 0 179
trop 6356 932 209 179 179
stand 6424 952 24 0 179
trop 6644 932 74 179 179
trop 6644 956 118 179 179
tree 6808 952 14 0 179
lay 6824 936 26 0 179
lay 6824 952 69 0 179
tree 6856 936 36 0 179
tree 6888 936 34 0 179
lay 7544 936 28 0 179
tree 7640 936 0 0 179
tree 7704 936 12 0 179
tree 7896 936 34 0 179
tree 7912 936 17 0 179
tree 8056 936 38 0 179
lay 1256 968 67 0 179
lay 1288 984 67 0 179
lay 1416 984 67 0 179
lay 1528 984 49 0 179
trop 1700 980 62 179 179
tree 1816 984 15 0 179
trop 1812 988 209 179 179
tree 1800 968 39 0 179
tree 1880 968 14 0 179
trop 1956 964 108 179 179
lay 2248 984 67 0 179
lay 2296 984 67 0 179
trop 2364 988 200 179 179
lay 2360 984 60 0 179
lay 2360 968 64 0 179
lay 2584 984 67 0 179
lay 2600 984 67 0 179
lay 2648 968 67 0 179
lay 2632 968 49 0 179
lay 2760 968 67 0 179
lay 2808 968 60 0 179
lay 2792 984 67 0 179
lay 2856 984 67 0 179
trop 2884 972 200 179 179
lay 2936 984 67 0 179
lay 2952 984 49 0 179
lay 2984 984 67 0 179
lay 3160 984 67 0 179
zabor 3696 976 25 0 8
lay 3704 968 67 0 179
stand 3720 968 186 0 179
stand 3736 968 183 0 179
stand 3720 984 182 0 179
stand 3736 984 159 0 179
trop 3820 972 117 179 179
trop 3836 964 96 179 179
lay 4040 968 51 0 179
trop 4332 980 96 179 179
trop 4364 972 18 179 179
lay 4728 984 27 0 179
trop 4892 980 127 179 179
trop 5004 980 118 179 179
trop 5012 972 104 179 179
tree 5144 984 35 0 179
zabor 5328 976 28 0 8
trop 5468 964 108 179 179
stand 5528 984 155 0 179
dom 5664 960 244 0 179
trop 5852 988 118 179 179
trop 5860 988 104 179 179
tree 5992 968 14 0 179
tree 6040 968 0 0 179
trop 6196 964 209 179 179
lay 6280 968 26 0 179
trop 6564 964 71 179 179
trop 6652 988 117 179 179
lay 6776 984 25 0 179
tree 6792 984 36 0 179
tree 6856 984 37 0 179
lay 6936 968 26 0 179
tree 7224 984 37 0 179
tree 7224 968 14 0 179
lay 7384 984 25 0 179
tree 7384 968 39 0 179
tree 7448 984 39 0 179
trop 7532 964 194 179 179
lay 1480 1016 49 0 179
tree 1576 1016 35 0 179
tree 1816 1016 35 0 179
tree 1832 1000 11 0 179
trop 1828 1012 209 179 179
lay 1896 1016 49 0 179
lay 2024 1016 49 0 179
lay 2136 1000 67 0 179
lay 2152 1016 67 0 179
lay 2376 1000 67 0 179
lay 2440 1000 67 0 179
lay 2488 1000 67 0 179
lay 2504 1016 67 0 179
lay 2648 1016 67 0 179
lay 2680 1000 67 0 179
lay 2728 1000 67 0 179
lay 2824 1000 67 0 179
lay 2888 1000 64 0 179
lay 2888 1016 67 0 179
lay 3656 1000 67 0 179
trop 3876 1020 108 179 179
lay 3976 1000 26 0 179
tree 4056 1000 38 0 179
tree 4040 1016 36 0 179
lay 4072 1016 51 0 179
stand 4104 1000 155 0 179
lay 4136 1016 27 0 179
tree 4616 1016 11 0 179
tree 4632 1000 10 0 179
dom 4704 992 277 0 179
stand 4888 1016 189 0 179
stand 4872 1016 188 0 179
stand 4888 1000 187 0 179
stand 4920 1016 182 0 179
stand 4920 1000 185 0 179
stand 4904 1000 186 0 179
stand 4936 1016 183 0 179
stand 4936 1000 184 0 179
trop 4996 1020 104 179 179
trop 5036 996 117 179 179
tree 5080 1000 12 0 179
tree 5096 1000 17 0 179
lay 5144 1016 70 0 179
tree 5160 1000 38 0 179
tree 5176 1000 35 0 179
zabor 5328 1008 27 0 8
stand 5512 1016 159 0 179
stand 5528 1016 156 0 179
stand 5544 1000 158 0 179
stand 5544 1016 162 0 179
trop 5836 1020 115 179 179
trop 5836 1020 101 179 179
trop 5924 1004 108 179 179
tree 6008 1000 37 0 179
trop 6076 1020 209 179 179
tree 6088 1016 38 0 179
lay 6136 1016 26 0 179
trop 6236 1020 209 179 179
lay 6440 1000 61 0 179
trop 6588 1012 116 179 179
trop 6596 1004 69 179 179
tree 7048 1016 12 0 179
tree 7064 1016 34 0 179
lay 7320 1016 26 0 179
tree 7336 1016 12 0 179
tree 7384 1000 37 0 179
tree 7400 1016 14 0 179
trop 7524 1012 194 179 179
tree 7768 1016 14 0 179
tree 7832 1016 39 0 179
tree 7816 1000 40 0 179
tree 8056 1000 39 0 179
lay 1576 1032 49 0 179
tree 1816 1032 14 0 179
tree 1800 1048 35 0 179
tree 1848 1048 12 0 179
trop 1956 1044 108 179 179
lay 2184 1048 67 0 179
lay 2312 1032 67 0 179
lay 2344 1032 67 0 179
lay 2504 1032 67 0 179
lay 2648 1048 67 0 179
lay 2664 1048 49 0 179
lay 2712 1048 67 0 179
lay 2728 1048 60 0 179
lay 2760 1048 67 0 179
lay 2808 1032 59 0 179
lay 2808 1048 64 0 179
lay 2840 1048 67 0 179
lay 2936 1048 67 0 179
lay 2920 1048 49 0 179
lay 2968 1048 67 0 179
lay 2968 1032 67 0 179
lay 3272 1032 27 0 179
zabor 3696 1040 31 0 8
lay 3688 1048 67 0 179
trop 3828 1028 122 179 179
stand 3944 1048 26 0 179
trop 3980 1036 15 179 179
lay 4104 1048 51 0 179
trop 4228 1028 102 179 179
trop 4340 1036 96 179 179
trop 4364 1044 96 179 179
trop 4844 1028 97 179 179
trop 4860 1028 105 179 179
trop 4884 1036 121 179 179
trop 4972 1036 118 179 179
trop 5020 1036 103 179 179
trop 5028 1044 117 179 179
tree 5112 1032 40 0 179
tree 5144 1032 38 0 179
zabor 5328 1040 30 0 8
zabor 5840 1040 26 0 8
trop 5996 1028 209 179 179
tree 6008 1032 40 0 179
tree 6008 1048 17 0 179
trop 6036 1036 209 179 179
tree 6184 1032 14 0 179
tree 6248 1032 39 0 179
tree 6248 1048 14 0 179
tree 6264 1048 17 0 179
trop 6276 1036 209 179 179
tree 6296 1048 35 0 179
lay 6424 1032 26 0 179
dom 6464 1024 311 0 179
tree 6712 1048 36 0 179
dom 6784 1024 250 0 179
trop 7308 1052 194 179 179
tree 7384 1048 38 0 179
tree 7400 1048 14 0 179
lay 7624 1048 69 0 179
tree 7672 1048 17 0 179
tree 7720 1032 0 0 179
tree 7736 1032 38 0 179
tree 7992 1048 36 0 179
tree 8024 1048 14 0 179
tree 8024 1032 40 0 179
lay 1432 1064 67 0 179
lay 1544 1080 49 0 179
tree 1800 1064 39 0 179
tree 1816 1064 39 0 179
tree 1832 1080 36 0 179
lay 1848 1064 49 0 179
lay 1976 1064 49 0 179
lay 2088 1080 49 0 179
lay 2136 1064 67 0 179
lay 2248 1080 67 0 179
lay 2280 1064 67 0 179
lay 2344 1080 67 0 179
lay 2392 1080 67 0 179
lay 2440 1064 67 0 179
lay 2488 1064 67 0 179
lay 2472 1064 67 0 179
lay 2648 1064 67 0 179
lay 2648 1080 67 0 179
lay 2664 1080 51 0 179
trop 2708 1060 200 179 179
lay 2776 1064 60 0 179
lay 2792 1064 67 0 179
lay 2904 1080 67 0 179
lay 3032 1064 67 0 179
lay 3112 1080 67 0 179
lay 3640 1080 67 0 179
zabor 3696 1072 31 0 8
lay 3704 1064 67 0 179
dom 3776 1056 255 0 179
dom 3904 1056 255 0 179
stand 3944 1080 26 0 179
stand 3944 1064 40 0 179
trop 3956 1084 202 179 179
tree 4024 1080 37 0 179
tree 4024 1064 38 0 179
tree 4056 1080 40 0 179
stand 4104 1064 155 0 179
stand 4200 1080 188 0 179
stand 4200 1064 189 0 179
trop 4228 1076 96 179 179
trop 4380 1060 94 179 179
trop 4388 1068 108 179 179
lay 4552 1064 53 0 179
tree 4552 1080 14 0 179
tree 4568 1080 0 0 179
tree 4600 1064 14 0 179
tree 4584 1064 12 0 179
trop 4868 1068 109 179 179
trop 4972 1076 118 179 179
trop 4964 1068 104 179 179
lay 5128 1080 26 0 179
zabor 5328 1072 28 0 8
stand 5432 1080 188 0 179
trop 5468 1084 108 179 179
stand 5464 1064 189 0 179
zabor 5840 1072 30 0 8
trop 5908 1068 73 179 179
trop 5924 1060 108 179 179
tree 6024 1064 0 0 179
tree 6072 1064 0 0 179
tree 6056 1080 14 0 179
tree 6072 1080 17 0 179
tree 6232 1064 0 0 179
tree 6232 1080 34 0 179
trop 6252 1060 209 179 179
tree 6280 1080 38 0 179
tree 6296 1080 14 0 179
trop 6332 1060 209 179 179
tree 6344 1064 37 0 179
trop 6652 1060 111 179 179
tree 6712 1064 38 0 179
tree 6696 1080 39 0 179
dom 6784 1056 250 0 179
lay 6840 1064 26 0 179
dom 6880 1056 246 0 179
lay 7096 1080 48 0 179
tree 7096 1064 36 0 179
tree 7400 1064 38 0 179
tree 7416 1080 34 0 179
tree 7608 1064 36 0 179
tree 7624 1080 35 0 179
tree 7672 1064 12 0 179
lay 7832 1080 70 0 179
tree 7864 1064 34 0 179
lay 8024 1064 48 0 179
lay 1432 1096 67 0 179
tree 1560 1096 37 0 179
tree 1816 1096 40 0 179
tree 1800 1112 36 0 179
trop 1956 1108 108 179 179
lay 2168 1096 67 0 179
lay 2264 1096 67 0 179
lay 2312 1112 67 0 179
lay 2472 1112 67 0 179
lay 2632 1112 67 0 179
lay 2664 1112 67 0 179
lay 2680 1096 67 0 179
lay 2728 1096 67 0 179
lay 2744 1096 67 0 179
lay 2776 1112 67 0 179
lay 2824 1096 60 0 179
lay 2840 1112 67 0 179
lay 2872 1112 67 0 179
lay 2904 1096 67 0 179
lay 2920 1096 49 0 179
lay 2936 1112 51 0 179
lay 3032 1112 67 0 179
lay 3064 1096 67 0 179
lay 3144 1112 67 0 179
lay 3608 1096 67 0 179
fre 3612 1100 34 179 179
lay 3656 1096 67 0 179
zabor 3696 1104 31 0 8
lay 3752 1112 27 0 179
trop 3836 1092 96 179 179
lay 3976 1096 26 0 179
fre 4060 1116 20 179 179
fre 4068 1092 14 179 179
fre 4068 1100 16 179 179
lay 4360 1112 27 0 179
tree 4520 1112 40 0 179
tree 4536 1112 35 0 179
tree 4552 1096 17 0 179
tree 4552 1112 13 0 179
lay 4664 1112 58 0 179
lay 4904 1112 60 0 179
trop 4980 1116 126 179 179
tree 5128 1112 38 0 179
tree 5176 1096 35 0 179
tree 5160 1096 35 0 179
tree 5288 1096 34 0 179
tree 5288 1112 36 0 179
zabor 5328 1104 24 0 8
trop 5436 1092 96 179 179
stand 5432 1096 187 0 179
trop 5692 1108 209 179 179
trop 5708 1100 209 179 179
tree 5768 1096 14 0 179
tree 5768 1112 37 0 179
stand 5800 1112 251 0 179
zabor 5840 1104 31 0 8
trop 6044 1092 209 179 179
tree 6088 1112 14 0 179
tree 6104 1096 36 0 179
tree 6520 1112 38 0 179
tree 6648 1112 38 0 179
lay 6728 1112 26 0 179
dom 6784 1088 250 0 179
tree 7096 1112 37 0 179
tree 7112 1112 35 0 179
lay 7192 1096 27 0 179
tree 7672 1112 38 0 179
tree 7704 1112 38 0 179
lay 7752 1096 70 0 179
tree 7816 1112 38 0 179
tree 7832 1112 0 0 179
tree 7848 1096 38 0 179
tree 7848 1112 39 0 179
tree 7864 1096 17 0 179
tree 8024 1096 37 0 179
tree 8040 1112 17 0 179
lay 1464 1144 67 0 179
tree 1544 1144 39 0 179
tree 1560 1128 16 0 179
lay 1592 1144 49 0 179
trop 1804 1132 209 179 179
tree 1816 1144 34 0 179
lay 1896 1144 49 0 179
lay 2088 1144 67 0 179
lay 2120 1128 67 0 179
lay 2152 1144 67 0 179
lay 2264 1144 67 0 179
lay 2344 1128 64 0 179
lay 2360 1128 67 0 179
lay 2392 1144 59 0 179
lay 2440 1128 67 0 179
lay 2488 1128 67 0 179
lay 2680 1144 67 0 179
lay 2744 1144 67 0 179
lay 2808 1128 67 0 179
lay 2840 1128 60 0 179
lay 2952 1144 51 0 179
lay 3000 1128 51 0 179
lay 3000 1144 67 0 179
lay 3032 1128 67 0 179
lay 3048 1128 51 0 179
lay 3080 1144 67 0 179
lay 3144 1144 67 0 179
lay 3480 1128 27 0 179
lay 3624 1128 28 0 179
fre 3628 1124 64 179 179
lay 3656 1144 67 0 179
trop 3820 1124 122 179 179
trop 3916 1132 122 179 179
trop 4028 1140 15 179 179
fre 4052 1124 64 179 179
fre 4084 1124 3 179 179
fre 4076 1148 15 179 179
stand 4200 1144 188 0 179
stand 4200 1128 187 0 179
trop 4372 1124 108 179 179
dom 4928 1120 255 0 179
dom 5024 1120 255 0 179
tree 5112 1144 37 0 179
tree 5176 1128 38 0 179
tree 5176 1144 0 0 179
zabor 5328 1136 29 0 8
dom 5408 1120 142 0 179
tree 5688 1144 0 0 179
tree 5672 1144 34 0 179
tree 5720 1128 40 0 179
tree 5704 1128 38 0 179
tree 5720 1144 39 0 179
tree 5736 1128 36 0 179
lay 5752 1128 70 0 179
tree 5768 1144 40 0 179
zabor 5840 1136 27 0 8
tree 5976 1144 34 0 179
tree 6120 1128 36 0 179
lay 6248 1128 49 0 179
lay 6376 1144 26 0 179
trop 6596 1124 62 179 179
trop 6620 1132 108 179 179
tree 7016 1144 12 0 179
tree 7016 1128 40 0 179
lay 7048 1128 25 0 179
tree 7384 1128 40 0 179
lay 7464 1144 28 0 179
tree 7672 1144 34 0 179
tree 7688 1128 34 0 179
tree 7768 1144 38 0 179
tree 7800 1128 12 0 179
tree 7832 1144 12 0 179
tree 7832 1128 34 0 179
tree 1544 1176 37 0 179
lay 1544 1176 70 0 179
trop 1700 1156 62 179 179
trop 1820 1164 209 179 179
lay 1848 1160 49 0 179
trop 1924 1156 120 179 179
lay 2104 1160 67 0 179
lay 2232 1160 67 0 179
lay 2280 1176 67 0 179
lay 2376 1160 60 0 179
lay 2408 1160 67 0 179
trop 2452 1156 200 179 179
lay 2456 1176 67 0 179
lay 2488 1160 67 0 179
lay 2552 1176 67 0 179
lay 2648 1176 67 0 179
lay 2696 1176 67 0 179
lay 2728 1160 67 0 179
lay 2792 1176 67 0 179
lay 2840 1176 67 0 179
lay 2904 1160 49 0 179
lay 2888 1176 64 0 179
lay 2936 1176 67 0 179
lay 2952 1160 67 0 179
lay 3000 1160 51 0 179
lay 3032 1176 51 0 179
lay 3080 1176 67 0 179
lay 3640 1176 67 0 179
fre 3620 1180 63 179 179
zabor 3696 1168 26 0 8
dom 3776 1152 255 0 179
lay 4008 1160 6 0 179
lay 4024 1160 4 0 179
stand 4024 1160 147 0 179
tree 4056 1160 38 0 179
lay 4136 1176 27 0 179
stand 4136 1176 166 0 179
tree 4600 1176 10 0 179
tree 4600 1160 11 0 179
tree 4632 1160 0 0 179
tree 4616 1176 17 0 179
tree 4616 1160 14 0 179
lay 4776 1160 28 0 179
trop 4780 1172 107 179 179
trop 4772 1156 96 179 179
lay 5064 1160 26 0 179
tree 5176 1160 17 0 179
lay 5160 1160 70 0 179
tree 5336 1160 34 0 179
zabor 5328 1168 25 0 8
tree 5592 1176 15 0 179
lay 5624 1160 69 0 179
tree 5656 1160 35 0 179
tree 5640 1160 14 0 179
tree 5752 1160 0 0 179
zabor 5840 1168 26 0 8
trop 5908 1164 73 179 179
tree 5992 1176 0 0 179
trop 6100 1156 209 179 179
tree 6104 1176 14 0 179
trop 6140 1156 209 179 179
tree 6136 1160 12 0 179
lay 6152 1176 49 0 179
dom 6336 1152 78 0 179
trop 6732 1180 204 179 179
lay 6872 1160 26 0 179
lay 7032 1160 48 0 179
tree 7032 1176 14 0 179
tree 7016 1176 36 0 179
tree 7064 1176 34 0 179
tree 7448 1160 0 0 179
tree 7464 1176 36 0 179
lay 472 1192 67 0 179
lay 520 1192 67 0 179
lay 568 1192 67 0 179
lay 1416 1192 67 0 179
tree 1544 1208 0 0 179
tree 1544 1192 38 0 179
tree 1848 1192 37 0 179
trop 1924 1196 120 179 179
lay 2072 1208 67 0 179
lay 2248 1208 67 0 179
lay 2312 1192 67 0 179
lay 2376 1192 67 0 179
lay 2504 1192 67 0 179
lay 2536 1208 67 0 179
lay 2600 1208 67 0 179
lay 2744 1192 67 0 179
lay 2760 1208 67 0 179
trop 2860 1204 200 179 179
lay 2856 1208 64 0 179
lay 2904 1208 49 0 179
lay 2936 1192 67 0 179
lay 3048 1208 67 0 179
lay 3128 1192 67 0 179
lay 3160 1192 27 0 179
fre 3612 1204 12 179 179
lay 3624 1208 67 0 179
fre 3620 1196 20 179 179
zabor 3696 1200 25 0 8
trop 3836 1204 96 179 179
trop 3988 1212 15 179 179
lay 4040 1192 6 0 179
fre 4060 1188 2 179 179
fre 4084 1196 62 179 179
stand 4200 1192 184 0 179
stand 4200 1208 183 0 179
trop 4228 1196 96 179 179
tree 4632 1192 16 0 179
trop 4764 1196 107 179 179
trop 4780 1188 18 179 179
trop 4820 1188 108 179 179
tree 4984 1208 12 0 179
lay 5096 1192 67 0 179
tree 5128 1208 34 0 179
tree 5160 1192 36 0 179
tree 5288 1192 12 0 179
tree 5288 1208 38 0 179
zabor 5328 1200 29 0 8
trop 5500 1204 98 179 179
trop 5500 1196 110 179 179
tree 5768 1208 17 0 179
stand 5800 1192 176 0 179
zabor 5840 1200 26 0 8
trop 5924 1188 108 179 179
tree 5992 1208 17 0 179
tree 6024 1208 37 0 179
tree 6040 1208 37 0 179
tree 6120 1208 40 0 179
tree 6520 1208 38 0 179
tree 6648 1208 38 0 179
tree 7192 1192 37 0 179
tree 7176 1192 35 0 179
lay 7288 1208 25 0 179
lay 7704 1208 53 0 179
tree 7688 1208 12 0 179
tree 7736 1192 35 0 179
tree 7880 1208 40 0 179
tree 7880 1192 0 0 179
fre 436 1236 26 179 179
fre 492 1236 37 179 179
lay 1336 1224 67 0 179
lay 1528 1240 70 0 179
tree 1560 1240 39 0 179
tree 1544 1224 39 0 179
tree 1544 1240 40 0 179
lay 1592 1224 49 0 179
tree 1848 1224 39 0 179
tree 1848 1240 35 0 179
trop 1956 1228 108 179 179
lay 2040 1240 67 0 179
lay 2184 1224 67 0 179
lay 2376 1224 67 0 179
lay 2424 1224 67 0 179
lay 2472 1224 67 0 179
lay 2520 1240 67 0 179
lay 2728 1224 67 0 179
lay 2792 1240 67 0 179
lay 2824 1224 67 0 179
lay 2920 1224 67 0 179
lay 2952 1240 67 0 179
lay 3176 1240 67 0 179
zabor 3696 1232 27 0 8
trop 3820 1236 122 179 179
trop 3860 1228 202 179 179
trop 3876 1220 108 179 179
tree 4024 1240 34 0 179
tree 4008 1240 40 0 179
tree 4072 1240 40 0 179
trop 4364 1228 108 179 179
trop 4380 1228 94 179 179
trop 4396 1228 108 179 179
stand 4680 1240 54 0 179
stand 4888 1240 54 0 179
stand 4952 1224 153 0 179
zabor 5328 1232 27 0 8
tree 5576 1240 10 0 179
tree 5688 1240 36 0 179
tree 5704 1224 14 0 179
lay 5704 1240 69 0 179
zabor 5840 1232 25 0 8
trop 6012 1228 209 179 179
tree 6008 1240 34 0 179
trop 6116 1236 209 179 179
tree 6184 1224 39 0 179
lay 6280 1240 49 0 179
stand 6424 1240 24 0 179
lay 6792 1224 61 0 179
tree 7016 1240 12 0 179
lay 7176 1240 70 0 179
tree 7384 1240 17 0 179
tree 7496 1240 12 0 179
tree 7512 1240 36 0 179
lay 7544 1224 53 0 179
tree 7560 1240 17 0 179
tree 7592 1240 40 0 179
tree 7608 1240 38 0 179
lay 7864 1224 70 0 179
tree 7864 1224 40 0 179
lay 488 1272 67 0 179
lay 552 1272 67 0 179
lay 584 1256 67 0 179
tree 1528 1256 40 0 179
stand 1768 1256 1 0 179
trop 1844 1252 209 179 179
tree 1848 1272 12 0 179
lay 2152 1256 67 0 179
lay 2216 1272 67 0 179
trop 2260 1260 200 179 179
lay 2296 1256 67 0 179
lay 2488 1272 67 0 179
lay 2488 1256 67 0 179
lay 2504 1272 67 0 179
lay 2856 1256 67 0 179
lay 2856 1272 67 0 179
lay 2920 1256 67 0 179
lay 2968 1272 67 0 179
lay 3000 1272 67 0 179
lay 3016 1272 67 0 179
lay 3048 1272 67 0 179
lay 3176 1256 67 0 179
fre 3596 1252 10 179 179
zabor 3696 1264 25 0 8
zabor 3728 1264 25 0 8
zabor 3760 1264 36 0 9
zabor 3792 1264 29 0 8
zabor 3888 1264 31 0 8
zabor 3920 1264 27 0 8
zabor 3952 1264 35 0 9
zabor 3984 1264 24 0 8
stand 4024 1272 1 0 179
tree 4056 1256 36 0 179
tree 4056 1272 36 0 179
tree 4072 1256 38 0 179
tree 4072 1272 40 0 179
trop 4516 1260 200 179 179
trop 4780 1260 96 179 179
trop 4804 1276 108 179 179
trop 4820 1260 108 179 179
tree 5128 1272 12 0 179
zabor 5328 1264 25 0 8
tree 5352 1256 35 0 179
zabor 5360 1264 28 0 8
tree 5384 1256 35 0 179
zabor 5392 1264 27 0 8
tree 5432 1272 0 0 179
tree 5416 1272 37 0 179
zabor 5424 1264 29 0 8
zabor 5552 1264 29 0 8
tree 5592 1256 13 0 179
tree 5592 1272 14 0 179
tree 5576 1272 11 0 179
lay 5576 1256 69 0 179
zabor 5584 1264 31 0 8
zabor 5616 1264 26 0 8
tree 5656 1256 12 0 179
zabor 5648 1264 29 0 8
zabor 5680 1264 27 0 8
tree 5720 1256 40 0 179
tree 5720 1272 14 0 179
tree 5704 1272 34 0 179
zabor 5712 1264 27 0 8
zabor 5744 1264 24 0 8
tree 5768 1256 34 0 179
zabor 5776 1264 28 0 8
zabor 5808 1264 30 0 8
zabor 5840 1264 30 0 8
trop 5908 1276 73 179 179
trop 6012 1276 209 179 179
tree 6008 1272 0 0 179
trop 6020 1260 209 179 179
tree 6024 1272 0 0 179
trop 6140 1252 209 179 179
tree 6136 1272 38 0 179
tree 6152 1256 34 0 179
tree 6200 1272 37 0 179
lay 6376 1256 26 0 179
trop 6612 1268 108 179 179
tree 6984 1256 17 0 179
tree 7192 1272 40 0 179
tree 7176 1272 39 0 179
tree 7192 1256 17 0 179
lay 7416 1272 25 0 179
trop 7476 1276 194 179 179
tree 7736 1256 12 0 179
tree 7960 1272 40 0 179
fre 500 1284 11 179 179
lay 568 1288 67 0 179
lay 568 1304 67 0 179
lay 648 1304 67 0 179
lay 1224 1288 67 0 179
lay 1256 1288 67 0 179
lay 1304 1288 67 0 179
tree 1480 1304 35 0 179
tree 1528 1288 40 0 179
tree 1848 1304 36 0 179
tree 1864 1288 35 0 179
lay 2040 1288 67 0 179
lay 2136 1288 67 0 179
lay 2184 1288 67 0 179
lay 2216 1304 64 0 179
lay 2344 1288 48 0 179
tree 2360 1304 38 0 179
lay 2408 1288 67 0 179
lay 2440 1288 67 0 179
lay 2520 1304 67 0 179
lay 2760 1288 67 0 179
lay 2808 1288 67 0 179
lay 2936 1288 67 0 179
lay 2984 1288 49 0 179
lay 3016 1304 67 0 179
lay 3160 1288 67 0 179
lay 3544 1288 27 0 179
lay 3592 1288 67 0 179
stand 3688 1304 53 0 179
zabor 3792 1296 25 0 8
trop 3836 1300 116 179 179
trop 3860 1308 123 179 179
zabor 3888 1296 28 0 8
stand 3912 1304 40 0 179
stand 3912 1288 150 0 179
tree 3992 1304 38 0 179
trop 3980 1308 106 179 179
tree 4008 1288 36 0 179
tree 4040 1304 36 0 179
tree 4040 1288 37 0 179
tree 4056 1288 38 0 179
tree 4072 1288 37 0 179
lay 4360 1304 28 0 179
trop 4372 1300 108 179 179
trop 4772 1284 108 179 179
lay 5064 1288 67 0 179
lay 5080 1288 67 0 179
tree 5096 1288 40 0 179
tree 5320 1304 38 0 179
zabor 5360 1296 24 0 8
tree 5400 1288 36 0 179
tree 5384 1288 40 0 179
tree 5432 1288 39 0 179
dom 5504 1280 262 0 179
trop 5580 1308 105 179 179
trop 5924 1300 108 179 179
tree 5992 1304 34 0 179
tree 6040 1304 37 0 179
trop 6052 1300 209 179 179
tree 6136 1288 39 0 179
tree 6120 1304 37 0 179
trop 6204 1284 209 179 179
trop 6412 1292 110 179 179
trop 6596 1292 62 179 179
tree 6648 1304 38 0 179
tree 6840 1288 40 0 179
lay 6936 1288 28 0 179
tree 7016 1304 0 0 179
tree 7176 1304 36 0 179
tree 7176 1288 37 0 179
tree 7192 1288 39 0 179
trop 7396 1308 194 179 179
tree 7864 1304 12 0 179
tree 7896 1304 37 0 179
tree 7944 1288 17 0 179
fre 460 1324 19 179 179
lay 488 1336 67 0 179
fre 500 1340 6 179 179
lay 664 1336 67 0 179
lay 712 1336 67 0 179
lay 1208 1336 67 0 179
lay 1224 1336 67 0 179
tree 1464 1320 37 0 179
tree 1528 1336 39 0 179
tree 1544 1336 0 0 179
trop 1700 1332 62 179 179
lay 1832 1320 70 0 179
tree 1848 1336 37 0 179
lay 2104 1320 67 0 179
lay 2232 1336 67 0 179
lay 2248 1336 59 0 179
lay 2312 1336 48 0 179
tree 2328 1336 41 0 179
lay 2360 1336 48 0 179
tree 2360 1336 37 0 179
lay 2408 1336 67 0 179
trop 2412 1324 215 179 179
lay 2504 1320 67 0 179
lay 2600 1320 67 0 179
lay 2632 1320 67 0 179
lay 2696 1320 67 0 179
lay 2808 1320 67 0 179
lay 2856 1320 67 0 179
lay 2888 1320 67 0 179
lay 2952 1320 67 0 179
lay 3016 1320 67 0 179
lay 3032 1336 67 0 179
lay 3064 1336 67 0 179
stand 3752 1320 61 0 179
trop 3836 1316 96 179 179
tree 3976 1320 36 0 179
tree 4056 1320 36 0 179
tree 4072 1320 37 0 179
lay 4104 1336 26 0 179
trop 4228 1324 96 179 179
trop 4388 1316 108 179 179
tree 4504 1336 20 0 179
trop 4764 1332 107 179 179
trop 4836 1324 108 179 179
lay 5048 1320 67 0 179
lay 5128 1336 54 0 179
tree 5128 1336 37 0 179
trop 5468 1316 97 179 179
trop 5588 1316 121 179 179
trop 5620 1316 97 179 179
trop 5748 1316 97 179 179
trop 5796 1316 97 179 179
trop 5868 1316 104 179 179
trop 5868 1316 118 179 179
tree 6024 1320 38 0 179
trop 6060 1324 209 179 179
tree 6104 1336 12 0 179
trop 6132 1332 209 179 179
tree 6120 1336 17 0 179
dom 6272 1312 82 0 179
dom 6304 1312 298 0 179
dom 6432 1312 86 0 179
dom 6720 1312 297 0 179
tree 7032 1336 37 0 179
tree 7016 1320 0 0 179
lay 7080 1336 69 0 179
tree 7080 1336 37 0 179
tree 7096 1320 39 0 179
tree 7368 1336 34 0 179
tree 7384 1320 38 0 179
lay 472 1368 67 0 179
lay 520 1368 67 0 179
lay 600 1352 67 0 179
fre 748 1372 29 179 179
lay 1176 1352 67 0 179
tree 1384 1352 36 0 179
tree 1416 1352 36 0 179
tree 1416 1368 40 0 179
lay 1480 1368 70 0 179
lay 1544 1352 49 0 179
tree 1816 1368 38 0 179
tree 1848 1368 17 0 179
tree 1832 1352 37 0 179
trop 1956 1348 108 179 179
trop 1988 1364 110 179 179
lay 2056 1352 67 0 179
lay 2104 1352 67 0 179
lay 2168 1352 67 0 179
lay 2312 1352 67 0 179
lay 2408 1352 64 0 179
trop 2412 1372 215 179 179
lay 2456 1352 67 0 179
lay 2488 1352 67 0 179
lay 2520 1352 67 0 179
lay 2584 1352 67 0 179
lay 2568 1352 67 0 179
lay 2600 1368 67 0 179
lay 2728 1368 67 0 179
lay 2760 1368 67 0 179
lay 2792 1352 67 0 179
lay 2840 1368 67 0 179
lay 2920 1368 67 0 179
trop 2948 1348 200 179 179
lay 3000 1352 49 0 179
lay 3032 1352 67 0 179
lay 3128 1352 67 0 179
lay 3160 1368 67 0 179
lay 3752 1352 27 0 179
lay 4184 1352 51 0 179
trop 4388 1372 108 179 179
tree 4504 1368 25 0 179
tree 4504 1352 10 0 179
tree 4488 1352 11 0 179
lay 4632 1368 27 0 179
trop 4628 1348 97 179 179
trop 4628 1364 19 179 179
trop 4780 1364 96 179 179
trop 4788 1348 107 179 179
trop 4788 1348 18 179 179
trop 4804 1356 123 179 179
lay 4952 1368 27 0 179
trop 4932 1348 97 179 179
trop 4956 1364 19 179 179
tree 5112 1352 12 0 179
tree 5304 1352 17 0 179
tree 5304 1368 37 0 179
lay 5288 1352 70 0 179
zabor 5392 1360 28 0 8
zabor 5424 1360 30 0 8
zabor 5456 1360 25 0 8
trop 5460 1348 109 179 179
zabor 5488 1360 24 0 8
zabor 5520 1360 31 0 8
trop 5516 1348 109 179 179
zabor 5616 1360 31 0 8
trop 5628 1348 109 179 179
zabor 5648 1360 28 0 8
zabor 5680 1360 25 0 8
zabor 5712 1360 29 0 8
trop 5724 1348 109 179 179
zabor 5744 1360 24 0 8
trop 5820 1348 109 179 179
lay 6232 1368 61 0 179
trop 6612 1356 108 179 179
tree 7032 1352 36 0 179
tree 7096 1352 39 0 179
tree 7144 1352 34 0 179
lay 7240 1368 25 0 179
tree 7624 1368 35 0 179
tree 7688 1368 14 0 179
trop 7852 1372 202 179 179
lay 600 1384 67 0 179
lay 664 1384 67 0 179
lay 744 1384 67 0 179
fre 772 1396 65 179 179
lay 1176 1400 67 0 179
tree 1384 1400 16 0 179
tree 1512 1400 39 0 179
tree 1512 1384 34 0 179
trop 1812 1404 209 179 179
tree 1800 1384 34 0 179
tree 1816 1400 38 0 179
tree 1848 1400 17 0 179
tree 1864 1400 13 0 179
trop 1948 1404 126 179 179
lay 2072 1400 67 0 179
lay 2088 1384 67 0 179
lay 2168 1400 67 0 179
tree 2232 1400 34 0 179
lay 2216 1384 60 0 179
lay 2248 1400 48 0 179
tree 2264 1400 40 0 179
dom 2304 1376 298 0 179
lay 2344 1400 28 0 179
lay 2344 1384 67 0 179
lay 2392 1400 67 0 179
lay 2408 1384 59 0 179
lay 2488 1400 67 0 179
trop 2500 1388 200 179 179
lay 2536 1384 67 0 179
lay 2600 1400 67 0 179
lay 2712 1384 67 0 179
trop 2836 1388 200 179 179
lay 2824 1384 67 0 179
lay 2872 1400 67 0 179
lay 2904 1384 67 0 179
lay 3032 1384 49 0 179
lay 3048 1384 67 0 179
lay 3080 1384 67 0 179
lay 3080 1400 67 0 179
lay 3176 1400 67 0 179
stand 3784 1384 76 0 179
trop 3788 1404 202 179 179
trop 3828 1396 123 179 179
trop 3852 1404 108 179 179
stand 3896 1384 76 0 179
trop 3900 1396 123 179 179
trop 3884 1404 108 179 179
stand 4184 1384 185 0 179
stand 4168 1400 180 0 179
stand 4184 1400 184 0 179
stand 4200 1384 185 0 179
stand 4200 1400 183 0 179
stand 4216 1400 179 0 179
stand 4216 1384 159 0 179
trop 4324 1388 96 179 179
trop 4372 1404 96 179 179
trop 4380 1388 94 179 179
tree 4504 1400 25 0 179
tree 4504 1384 35 0 179
tree 4488 1400 14 0 179
trop 4684 1396 115 179 179
trop 4684 1388 115 179 179
trop 4684 1388 101 179 179
trop 4764 1380 107 179 179
trop 4788 1396 123 179 179
trop 4788 1380 107 179 179
trop 4820 1404 123 179 179
trop 4804 1388 108 179 179
trop 4844 1388 114 179 179
trop 4892 1380 114 179 179
trop 4900 1404 100 179 179
tree 5128 1384 2 0 179
lay 5160 1384 57 0 179
tree 5288 1384 14 0 179
tree 5288 1400 35 0 179
zabor 5392 1392 29 0 8
dom 5440 1376 238 0 179
trop 5556 1396 116 179 179
zabor 5744 1392 26 0 8
trop 5908 1404 62 179 179
trop 6012 1388 209 179 179
tree 6008 1400 40 0 179
trop 6020 1388 209 179 179
tree 6120 1400 40 0 179
tree 6648 1400 38 0 179
dom 6880 1376 299 0 179
lay 6920 1400 28 0 179
tree 7528 1400 12 0 179
tree 7576 1400 14 0 179
tree 7624 1384 39 0 179
tree 7688 1400 12 0 179
lay 536 1416 67 0 179
fre 540 1428 69 179 179
lay 568 1432 67 0 179
lay 696 1432 67 0 179
lay 776 1432 67 0 179
lay 1112 1416 67 0 179
lay 1144 1416 67 0 179
tree 1304 1432 37 0 179
tree 1304 1416 0 0 179
tree 1368 1432 0 0 179
tree 1480 1416 40 0 179
tree 1512 1416 0 0 179
tree 1576 1432 16 0 179
trop 1828 1420 209 179 179
tree 1832 1416 37 0 179
tree 1848 1416 12 0 179
tree 1848 1432 40 0 179
tree 1864 1416 12 0 179
lay 2072 1432 67 0 179
lay 2136 1432 67 0 179
lay 2168 1416 67 0 179
lay 2200 1432 21 0 179
lay 2232 1432 39 0 179
lay 2296 1432 67 0 179
lay 2360 1416 26 0 179
lay 2424 1432 11 0 179
lay 2504 1432 46 0 179
tree 2520 1432 2 0 179
lay 2504 1416 60 0 179
tree 2536 1432 36 0 179
lay 2632 1432 67 0 179
lay 2680 1432 67 0 179
lay 2664 1432 67 0 179
lay 2712 1416 67 0 179
lay 2760 1416 67 0 179
lay 2792 1416 67 0 179
lay 2904 1416 59 0 179
lay 2968 1416 67 0 179
lay 2984 1432 64 0 179
lay 3032 1432 67 0 179
lay 3112 1416 67 0 179
lay 3160 1416 67 0 179
stand 3784 1416 104 0 179
trop 3836 1428 123 179 179
stand 3896 1416 104 0 179
trop 3908 1420 123 179 179
lay 3992 1416 27 0 179
stand 4184 1432 179 0 179
stand 4168 1432 179 0 179
stand 4184 1416 182 0 179
trop 4348 1436 96 179 179
trop 4364 1428 18 179 179
tree 4504 1416 20 0 179
trop 4764 1436 18 179 179
trop 4804 1428 123 179 179
tree 5272 1432 36 0 179
zabor 5392 1424 28 0 8
trop 5620 1420 111 179 179
dom 5664 1408 255 0 179
zabor 5744 1424 29 0 8
tree 5816 1416 16 0 179
trop 5876 1428 102 179 179
trop 5924 1436 108 179 179
tree 6024 1432 38 0 179
trop 6140 1412 209 179 179
trop 6148 1436 209 179 179
dom 6208 1408 66 0 179
lay 6440 1432 49 0 179
trop 6524 1428 121 179 179
trop 6612 1436 108 179 179
trop 6716 1436 118 179 179
tree 7064 1432 40 0 179
tree 7144 1432 17 0 179
dom 7168 1408 66 0 179
tree 7320 1432 15 0 179
lay 7384 1416 27 0 179
tree 7496 1432 34 0 179
tree 7544 1416 14 0 179
lay 7560 1416 69 0 179
tree 7576 1432 17 0 179
tree 7640 1432 12 0 179
tree 7624 1416 34 0 179
tree 7848 1432 14 0 179
tree 8056 1432 12 0 179
lay 568 1464 67 0 179
fre 756 1444 18 179 179
lay 808 1464 67 0 179
lay 1016 1464 67 0 179
lay 1080 1464 67 0 179
tree 1368 1448 38 0 179
lay 1352 1464 70 0 179
tree 1400 1464 37 0 179
tree 1448 1464 34 0 179
tree 1528 1448 36 0 179
tree 1832 1448 37 0 179
tree 1832 1464 34 0 179
trop 1868 1452 209 179 179
trop 1932 1452 120 179 179
trop 1956 1468 108 179 179
lay 2120 1464 67 0 179
trop 2196 1444 215 179 179
lay 2232 1448 30 0 179
lay 2328 1464 50 0 179
lay 2424 1448 10 0 179
lay 2440 1448 9 0 179
trop 2444 1444 215 179 179
trop 2468 1444 215 179 179
trop 2500 1444 215 179 179
trop 2564 1468 215 179 179
trop 2724 1468 215 179 179
trop 2780 1460 215 179 179
trop 2756 1468 215 179 179
trop 2796 1468 215 179 179
lay 2840 1448 67 0 179
lay 2904 1448 64 0 179
lay 2904 1464 67 0 179
lay 2968 1464 67 0 179
trop 2996 1452 200 179 179
lay 3048 1448 49 0 179
lay 3112 1448 67 0 179
lay 3176 1464 67 0 179
dom 3680 1440 82 0 179
trop 3900 1452 98 179 179
dom 4032 1440 276 0 179
lay 4136 1448 26 0 179
trop 4812 1452 18 179 179
lay 4904 1448 67 0 179
stand 5048 1448 161 0 179
stand 5032 1464 160 0 179
tree 5240 1464 0 0 179
tree 5272 1464 35 0 179
tree 5256 1448 35 0 179
tree 5304 1448 39 0 179
zabor 5392 1456 27 0 8
lay 5480 1464 58 0 179
trop 5516 1468 114 179 179
lay 5624 1464 58 0 179
zabor 5744 1456 27 0 8
tree 5800 1448 15 0 179
trop 5884 1444 116 179 179
tree 6056 1464 0 0 179
tree 6120 1464 40 0 179
dom 6336 1440 298 0 179
dom 6400 1440 310 0 179
trop 6476 1444 115 179 179
trop 6596 1444 62 179 179
trop 6652 1468 114 179 179
lay 6808 1448 61 0 179
trop 6796 1468 109 179 179
tree 7144 1448 37 0 179
tree 7304 1448 36 0 179
tree 7304 1464 13 0 179
tree 7512 1448 38 0 179
tree 7544 1464 0 0 179
tree 7640 1448 17 0 179
lay 7656 1448 66 0 179
trop 8020 1452 209 179 179
lay 152 1496 67 0 179
lay 888 1496 67 0 179
tree 1112 1496 38 0 179
tree 1336 1496 16 0 179
tree 1400 1496 0 0 179
tree 1384 1480 16 0 179
tree 1416 1480 39 0 179
tree 1416 1496 0 0 179
tree 1496 1480 38 0 179
tree 1528 1496 16 0 179
tree 1848 1480 39 0 179
tree 1848 1496 17 0 179
lay 2168 1496 67 0 179
lay 2184 1496 3 0 179
trop 2268 1484 215 179 179
trop 2316 1492 215 179 179
lay 2424 1496 50 0 179
trop 2596 1500 215 179 179
trop 2620 1484 215 179 179
lay 2680 1496 50 0 179
trop 2676 1500 215 179 179
lay 2760 1496 50 0 179
trop 2772 1484 215 179 179
lay 2952 1480 67 0 179
lay 2984 1496 67 0 179
lay 3064 1480 49 0 179
lay 3080 1480 67 0 179
lay 3128 1480 67 0 179
tree 3976 1496 40 0 179
lay 4040 1496 51 0 179
trop 4228 1484 103 179 179
zabor 4528 1488 24 0 8
zabor 4560 1488 30 0 8
zabor 4592 1488 27 0 8
zabor 4624 1488 25 0 8
zabor 4656 1488 38 0 9
trop 4780 1476 116 179 179
trop 4772 1476 102 179 179
trop 4844 1484 111 179 179
trop 4852 1484 99 179 179
zabor 4912 1488 30 0 8
zabor 4944 1488 31 0 8
zabor 4976 1488 26 0 8
zabor 5008 1488 38 0 9
zabor 5040 1488 28 0 8
tree 5192 1496 40 0 179
tree 5224 1480 38 0 179
tree 5272 1496 17 0 179
tree 5256 1496 37 0 179
lay 5256 1480 70 0 179
zabor 5392 1488 31 0 8
trop 5540 1500 115 179 179
zabor 5744 1488 28 0 8
tree 5816 1480 35 0 179
trop 6020 1476 209 179 179
tree 6024 1496 17 0 179
tree 6104 1496 40 0 179
tree 6120 1496 14 0 179
tree 6136 1480 14 0 179
trop 6164 1500 209 179 179
tree 6152 1480 17 0 179
tree 6152 1496 34 0 179
tree 6168 1496 37 0 179
lay 6360 1496 49 0 179
tree 6520 1496 38 0 179
tree 6648 1496 38 0 179
tree 7080 1496 37 0 179
tree 7080 1480 35 0 179
lay 7320 1480 61 0 179
tree 7688 1480 12 0 179
tree 7736 1496 34 0 179
tree 7800 1496 35 0 179
tree 7784 1496 12 0 179
tree 7848 1480 40 0 179
tree 7992 1480 39 0 179
tree 8024 1496 40 0 179
tree 8008 1480 39 0 179
trop 8020 1492 209 179 179
tree 8056 1480 36 0 179
lay 216 1512 67 0 179
lay 584 1512 67 0 179
lay 840 1512 67 0 179
lay 968 1512 67 0 179
tree 1096 1528 40 0 179
tree 1112 1512 36 0 179
tree 1208 1528 35 0 179
tree 1224 1528 0 0 179
tree 1288 1512 16 0 179
tree 1288 1528 39 0 179
tree 1320 1512 37 0 179
tree 1384 1528 0 0 179
tree 1448 1528 40 0 179
tree 1528 1512 40 0 179
lay 1512 1528 70 0 179
tree 1576 1512 16 0 179
tree 1576 1528 16 0 179
trop 1700 1508 62 179 179
trop 1812 1532 209 179 179
tree 1864 1512 12 0 179
trop 1924 1532 120 179 179
trop 1964 1532 200 179 179
lay 2136 1528 67 0 179
lay 2232 1512 67 0 179
zabor 2256 1520 25 0 8
zabor 2288 1520 39 0 9
zabor 2320 1520 25 0 8
zabor 2352 1520 31 0 8
zabor 2384 1520 26 0 8
trop 2396 1508 215 179 179
zabor 2480 1520 26 0 8
trop 2484 1524 215 179 179
zabor 2512 1520 29 0 8
lay 2536 1528 50 0 179
zabor 2576 1520 24 0 8
zabor 2608 1520 38 0 9
zabor 2640 1520 29 0 8
zabor 2672 1520 26 0 8
zabor 2736 1520 28 0 8
zabor 2768 1520 25 0 8
zabor 2800 1520 26 0 8
lay 2840 1512 67 0 179
zabor 2832 1520 25 0 8
lay 2904 1528 67 0 179
lay 2936 1512 67 0 179
lay 3000 1512 67 0 179
lay 3032 1528 67 0 179
lay 3064 1512 67 0 179
trop 3964 1532 121 179 179
trop 3964 1524 105 179 179
trop 4044 1524 105 179 179
lay 4360 1512 27 0 179
zabor 4656 1520 29 0 8
zabor 4912 1520 25 0 8
tree 5256 1528 40 0 179
trop 5612 1524 116 179 179
zabor 5744 1520 28 0 8
dom 5792 1504 299 0 179
trop 5924 1532 108 179 179
trop 6028 1524 209 179 179
tree 6024 1528 39 0 179
trop 6052 1532 209 179 179
tree 6056 1528 39 0 179
tree 6104 1512 34 0 179
fre 6148 1532 14 179 179
fre 6204 1516 24 179 179
trop 6204 1508 209 179 179
tree 6200 1512 34 0 179
fre 6220 1524 29 179 179
tree 6328 1528 35 0 179
trop 6612 1524 108 179 179
lay 6696 1528 61 0 179
lay 7352 1528 27 0 179
tree 7640 1528 37 0 179
lay 152 1544 67 0 179
lay 216 1560 67 0 179
lay 264 1560 67 0 179
lay 344 1560 67 0 179
lay 600 1544 67 0 179
tree 1080 1560 16 0 179
tree 1112 1544 36 0 179
tree 1128 1560 36 0 179
lay 1144 1544 48 0 179
tree 1160 1544 39 0 179
tree 1288 1544 39 0 179
tree 1336 1560 38 0 179
tree 1352 1560 35 0 179
lay 1448 1544 70 0 179
tree 1512 1544 37 0 179
tree 1544 1560 40 0 179
tree 1544 1544 36 0 179
stand 1768 1544 1 0 179
tree 1832 1560 37 0 179
tree 1848 1560 40 0 179
lay 2104 1560 67 0 179
lay 2136 1560 67 0 179
trop 2228 1540 215 179 179
zabor 2256 1552 31 0 8
lay 2296 1544 49 0 179
trop 2348 1548 215 179 179
zabor 2480 1552 24 0 8
zabor 2576 1552 26 0 8
lay 2616 1560 50 0 179
trop 2692 1548 215 179 179
lay 2792 1560 50 0 179
zabor 2832 1552 27 0 8
lay 2968 1544 67 0 179
lay 3016 1544 67 0 179
tree 3608 1560 31 0 179
fre 3644 1556 23 179 179
trop 4068 1556 115 179 179
trop 4068 1564 101 179 179
trop 4164 1548 104 179 179
stand 4264 1560 54 0 179
stand 4472 1560 54 0 179
zabor 4656 1552 25 0 8
trop 4780 1548 108 179 179
trop 4836 1564 108 179 179
zabor 4912 1552 39 0 9
trop 5476 1556 110 179 179
trop 5524 1556 111 179 179
zabor 5744 1552 26 0 8
trop 5988 1556 209 179 179
tree 6040 1544 36 0 179
fre 6140 1540 22 179 179
fre 6172 1540 27 179 179
fre 6196 1556 33 179 179
fre 6180 1564 16 179 179
fre 6228 1556 9 179 179
trop 6332 1564 110 179 179
lay 6392 1544 49 0 179
stand 6424 1560 24 0 179
trop 6588 1548 73 179 179
dom 6784 1536 79 0 179
tree 7064 1560 17 0 179
tree 7048 1560 36 0 179
lay 7192 1544 27 0 179
lay 7496 1560 27 0 179
lay 7528 1544 61 0 179
tree 7736 1560 37 0 179
tree 7976 1560 35 0 179
trop 7988 1540 209 179 179
tree 8008 1544 12 0 179
lay 248 1576 67 0 179
lay 280 1576 67 0 179
lay 312 1592 67 0 179
lay 632 1592 67 0 179
tree 1192 1576 40 0 179
tree 1304 1592 37 0 179
tree 1336 1576 39 0 179
tree 1368 1576 39 0 179
tree 1368 1592 38 0 179
tree 1432 1592 16 0 179
tree 1448 1592 35 0 179
tree 1528 1592 36 0 179
trop 1828 1588 209 179 179
tree 1832 1576 38 0 179
tree 1848 1576 34 0 179
tree 1832 1592 12 0 179
lay 2072 1592 67 0 179
lay 2184 1576 67 0 179
zabor 2256 1584 31 0 8
trop 2316 1588 215 179 179
lay 2440 1576 50 0 179
zabor 2480 1584 31 0 8
trop 2492 1588 215 179 179
trop 2468 1588 215 179 179
trop 2556 1596 215 179 179
zabor 2576 1584 29 0 8
zabor 2608 1584 29 0 8
trop 2700 1580 215 179 179
zabor 2832 1584 29 0 8
zabor 2864 1584 37 0 9
trop 2860 1572 215 179 179
zabor 2896 1584 30 0 8
zabor 2928 1584 25 0 8
lay 2968 1576 67 0 179
zabor 2960 1584 25 0 8
lay 2984 1576 67 0 179
lay 3624 1592 67 0 179
fre 3620 1588 18 179 179
fre 3628 1572 31 179 179
trop 3924 1580 116 179 179
trop 3924 1596 102 179 179
zabor 4656 1584 29 0 8
trop 4788 1572 108 179 179
trop 4772 1588 96 179 179
trop 4820 1588 108 179 179
zabor 4912 1584 24 0 8
dom 5536 1568 272 0 179
zabor 5744 1584 30 0 8
trop 5916 1572 62 179 179
tree 5992 1576 34 0 179
tree 6024 1576 12 0 179
fre 6212 1588 30 179 179
tree 6520 1592 38 0 179
tree 6632 1592 38 0 179
trop 6908 1588 204 179 179
lay 6984 1592 61 0 179
tree 7368 1592 37 0 179
trop 7380 1580 209 179 179
trop 7908 1588 209 179 179
tree 7960 1592 14 0 179
lay 408 1608 67 0 179
lay 440 1624 67 0 179
lay 504 1624 67 0 179
lay 600 1624 67 0 179
tree 1048 1624 0 0 179
tree 1032 1624 17 0 179
tree 1064 1608 12 0 179
tree 1080 1624 0 0 179
tree 1096 1608 16 0 179
tree 1128 1608 0 0 179
tree 1352 1624 34 0 179
tree 1368 1624 37 0 179
lay 1352 1624 70 0 179
tree 1464 1608 39 0 179
tree 1496 1624 16 0 179
tree 1512 1608 16 0 179
tree 1528 1624 37 0 179
tree 1832 1608 34 0 179
lay 2072 1624 67 0 179
trop 2100 1612 200 179 179
lay 2136 1624 67 0 179
trop 2180 1604 200 179 179
lay 2184 1608 67 0 179
trop 2260 1604 215 179 179
lay 2280 1624 50 0 179
lay 2360 1608 58 0 179
trop 2348 1604 215 179 179
lay 2376 1608 58 0 179
zabor 2480 1616 38 0 9
zabor 2608 1616 31 0 8
lay 2696 1608 58 0 179
trop 2732 1628 215 179 179
lay 2920 1608 50 0 179
zabor 2960 1616 31 0 8
lay 2984 1624 67 0 179
lay 3016 1608 67 0 179
trop 3988 1628 99 179 179
stand 4120 1608 59 0 179
tree 4216 1608 16 0 179
dom 4544 1600 274 0 179
tree 4616 1624 34 0 179
zabor 4656 1616 31 0 8
stand 4680 1608 159 0 179
stand 4888 1608 159 0 179
zabor 4912 1616 28 0 8
dom 5024 1600 274 0 179
tree 5176 1608 0 0 179
tree 5160 1624 41 0 179
tree 5288 1608 39 0 179
tree 5288 1624 14 0 179
zabor 5392 1616 29 0 8
zabor 5744 1616 28 0 8
tree 5800 1624 17 0 179
tree 5992 1608 37 0 179
fre 6164 1620 18 179 179
trop 6612 1620 108 179 179
trop 7284 1620 209 179 179
trop 7372 1612 209 179 179
tree 7448 1624 36 0 179
trop 7444 1620 209 179 179
trop 7932 1628 209 179 179
tree 7944 1624 35 0 179
tree 7944 1608 14 0 179
tree 7960 1624 0 0 179
tree 7992 1624 34 0 179
trop 7980 1612 209 179 179
tree 8024 1608 39 0 179
tree 8008 1624 12 0 179
lay 440 1656 67 0 179
lay 520 1656 67 0 179
lay 584 1656 67 0 179
lay 1064 1640 70 0 179
tree 1064 1640 0 0 179
tree 1112 1640 36 0 179
tree 1112 1656 0 0 179
tree 1096 1656 36 0 179
tree 1192 1656 36 0 179
lay 1208 1656 48 0 179
tree 1336 1656 39 0 179
tree 1336 1640 40 0 179
tree 1352 1656 35 0 179
tree 1416 1640 37 0 179
tree 1448 1640 0 0 179
tree 1512 1640 38 0 179
lay 1512 1656 70 0 179
tree 1560 1656 37 0 179
tree 1848 1656 17 0 179
trop 1868 1652 209 179 179
trop 1948 1644 200 179 179
trop 1956 1652 108 179 179
lay 2152 1640 67 0 179
trop 2236 1660 215 179 179
zabor 2480 1648 29 0 8
trop 2516 1636 215 179 179
trop 2572 1644 108 179 179
trop 2604 1644 215 179 179
lay 2808 1656 58 0 179
zabor 2960 1648 29 0 8
lay 3000 1656 67 0 179
lay 3048 1640 67 0 179
lay 4552 1656 25 0 179
zabor 4656 1648 37 0 9
trop 4788 1652 18 179 179
zabor 4912 1648 26 0 8
lay 5048 1656 26 0 179
tree 5208 1640 36 0 179
tree 5240 1656 37 0 179
tree 5224 1656 0 0 179
tree 5256 1640 37 0 179
zabor 5392 1648 27 0 8
lay 5480 1640 58 0 179
zabor 5744 1648 25 0 8
trop 6548 1660 74 179 179
lay 6792 1656 28 0 179
tree 6936 1640 19 0 179
lay 7032 1656 28 0 179
tree 7288 1656 36 0 179
trop 7292 1660 209 179 179
tree 7320 1640 0 0 179
tree 7368 1656 40 0 179
tree 7368 1640 36 0 179
trop 7380 1644 209 179 179
tree 7416 1656 40 0 179
tree 7432 1640 36 0 179
trop 7428 1652 209 179 179
trop 7468 1660 209 179 179
tree 7944 1640 36 0 179
trop 7948 1660 209 179 179
trop 8020 1652 209 179 179
lay 216 1672 61 0 179
lay 472 1672 67 0 179
tree 1080 1672 17 0 179
tree 1096 1672 12 0 179
tree 1112 1688 12 0 179
tree 1240 1672 38 0 179
tree 1304 1672 36 0 179
tree 1320 1688 0 0 179
tree 1368 1672 39 0 179
tree 1368 1688 16 0 179
tree 1384 1672 35 0 179
tree 1464 1672 39 0 179
tree 1480 1672 40 0 179
tree 1496 1688 36 0 179
tree 1496 1672 38 0 179
tree 1512 1672 16 0 179
lay 1592 1672 49 0 179
trop 1700 1684 62 179 179
lay 1768 1672 49 0 179
trop 1844 1676 209 179 179
tree 1848 1672 14 0 179
tree 1832 1688 36 0 179
tree 1880 1688 15 0 179
lay 2088 1672 67 0 179
lay 2120 1672 67 0 179
trop 2188 1676 215 179 179
zabor 2256 1680 25 0 8
lay 2344 1688 58 0 179
lay 2440 1672 50 0 179
zabor 2480 1680 26 0 8
trop 2524 1684 215 179 179
zabor 2608 1680 25 0 8
lay 2680 1688 50 0 179
trop 2676 1684 215 179 179
lay 2856 1672 58 0 179
lay 3016 1672 67 0 179
lay 3048 1672 67 0 179
lay 3128 1672 27 0 179
lay 3224 1672 28 0 179
trop 3924 1668 96 179 179
trop 3964 1684 123 179 179
trop 4116 1676 110 179 179
trop 4108 1684 98 179 179
tree 4104 1672 37 0 179
tree 4504 1672 40 0 179
tree 4584 1688 38 0 179
zabor 4656 1680 27 0 8
lay 4792 1672 28 0 179
trop 4796 1676 108 179 179
zabor 4912 1680 29 0 8
tree 4984 1672 11 0 179
tree 5000 1672 10 0 179
tree 5144 1688 37 0 179
lay 5208 1688 69 0 179
zabor 5392 1680 30 0 8
dom 5536 1664 274 0 179
lay 5640 1672 58 0 179
trop 5692 1676 121 179 179
trop 5828 1676 118 179 179
trop 5948 1668 70 179 179
trop 5924 1668 108 179 179
trop 6092 1692 63 179 179
trop 6188 1692 63 179 179
trop 6308 1684 72 179 179
trop 6412 1684 72 179 179
trop 6740 1668 204 179 179
tree 6744 1688 38 0 179
tree 6840 1688 41 0 179
tree 7096 1688 38 0 179
lay 7224 1688 26 0 179
tree 7288 1688 37 0 179
tree 7272 1688 34 0 179
tree 7288 1672 17 0 179
tree 7304 1672 0 0 179
trop 7548 1684 209 179 179
tree 7560 1688 36 0 179
tree 7928 1672 40 0 179
tree 8040 1688 40 0 179
tree 8040 1672 38 0 179
tree 904 1720 40 0 179
tree 952 1720 40 0 179
tree 968 1704 0 0 179
tree 1048 1720 36 0 179
tree 1064 1720 40 0 179
tree 1064 1704 36 0 179
lay 1112 1720 70 0 179
tree 1112 1704 34 0 179
tree 1096 1704 37 0 179
tree 1160 1720 15 0 179
tree 1224 1720 11 0 179
tree 1320 1704 16 0 179
tree 1336 1704 39 0 179
tree 1448 1704 39 0 179
tree 1496 1720 35 0 179
tree 1544 1720 16 0 179
tree 1832 1704 39 0 179
lay 2072 1704 67 0 179
lay 2168 1704 67 0 179
lay 2184 1720 67 0 179
zabor 2256 1712 26 0 8
trop 2244 1716 215 179 179
trop 2308 1708 215 179 179
zabor 2480 1712 24 0 8
trop 2468 1716 215 179 179
zabor 2608 1712 25 0 8
trop 2612 1724 215 179 179
zabor 2640 1712 35 0 9
zabor 2672 1712 31 0 8
lay 2824 1704 58 0 179
lay 2920 1704 50 0 179
zabor 2960 1712 29 0 8
trop 2988 1724 215 179 179
trop 3004 1724 215 179 179
lay 3064 1720 67 0 179
lay 3064 1704 67 0 179
dom 4032 1696 116 0 179
stand 4120 1704 154 0 179
lay 4136 1720 5 0 179
trop 4188 1700 116 179 179
trop 4204 1708 102 179 179
zabor 4656 1712 31 0 8
trop 4772 1700 96 179 179
trop 4780 1724 108 179 179
zabor 4912 1712 29 0 8
tree 5240 1720 12 0 179
tree 5304 1720 12 0 179
zabor 5392 1712 27 0 8
trop 5700 1708 109 179 179
zabor 5744 1712 24 0 8
lay 5768 1720 61 0 179
trop 5804 1716 115 179 179
trop 5924 1700 75 179 179
trop 6012 1700 114 179 179
trop 6228 1700 109 179 179
trop 6372 1700 109 179 179
trop 6452 1700 115 179 179
trop 6604 1708 108 179 179
tree 7256 1704 17 0 179
tree 7288 1704 0 0 179
tree 7336 1720 35 0 179
tree 7496 1704 34 0 179
trop 7500 1700 209 179 179
tree 7576 1704 34 0 179
tree 7704 1720 38 0 179
lay 7720 1720 69 0 179
tree 7736 1704 39 0 179
tree 7720 1720 38 0 179
tree 7752 1704 0 0 179
tree 7768 1704 38 0 179
tree 7912 1720 36 0 179
trop 7908 1708 209 179 179
tree 8040 1720 17 0 179
tree 696 1752 38 0 179
tree 792 1752 37 0 179
tree 808 1752 35 0 179
tree 824 1752 39 0 179
tree 856 1752 14 0 179
tree 888 1752 0 0 179
tree 920 1752 34 0 179
tree 904 1736 40 0 179
tree 1128 1752 17 0 179
lay 1272 1736 70 0 179
tree 1336 1736 38 0 179
tree 1352 1736 0 0 179
tree 1368 1736 36 0 179
tree 1384 1752 36 0 179
tree 1432 1736 38 0 179
tree 1480 1752 0 0 179
tree 1480 1736 0 0 179
lay 1576 1752 49 0 179
tree 1768 1736 0 0 179
tree 1784 1736 16 0 179
lay 1832 1752 49 0 179
lay 2024 1752 67 0 179
lay 2088 1736 67 0 179
zabor 2256 1744 24 0 8
trop 2316 1748 215 179 179
trop 2340 1732 215 179 179
trop 2388 1748 215 179 179
trop 2444 1748 215 179 179
trop 2652 1756 215 179 179
zabor 2672 1744 27 0 8
zabor 2704 1744 24 0 8
trop 2692 1756 215 179 179
zabor 2736 1744 25 0 8
zabor 2768 1744 30 0 8
zabor 2864 1744 25 0 8
zabor 2896 1744 25 0 8
trop 2892 1740 215 179 179
zabor 2928 1744 33 0 9
zabor 2960 1744 26 0 8
lay 3672 1736 67 0 179
dom 3808 1728 199 0 179
tree 3880 1736 30 0 179
tree 3880 1752 35 0 179
tree 4408 1752 40 0 179
tree 4488 1752 12 0 179
trop 4828 1748 108 179 179
tree 5016 1736 37 0 179
tree 5000 1736 38 0 179
tree 5000 1752 35 0 179
tree 5096 1736 37 0 179
tree 5112 1752 12 0 179
tree 5128 1736 36 0 179
tree 5240 1752 36 0 179
tree 5320 1736 12 0 179
zabor 5392 1744 26 0 8
zabor 5744 1744 28 0 8
trop 5916 1748 62 179 179
zabor 6064 1744 24 0 8
zabor 6096 1744 28 0 8
zabor 6128 1744 24 0 8
zabor 6160 1744 26 0 8
zabor 6192 1744 29 0 8
zabor 6224 1744 29 0 8
zabor 6256 1744 27 0 8
zabor 6288 1744 28 0 8
zabor 6320 1744 24 0 8
zabor 6416 1744 29 0 8
zabor 6448 1744 30 0 8
zabor 6672 1744 27 0 8
zabor 6704 1744 24 0 8
zabor 6736 1744 33 0 9
zabor 6768 1744 28 0 8
zabor 6800 1744 24 0 8
zabor 6832 1744 31 0 8
zabor 6864 1744 30 0 8
zabor 6960 1744 29 0 8
zabor 6992 1744 27 0 8
zabor 7024 1744 31 0 8
zabor 7056 1744 28 0 8
tree 7208 1752 12 0 179
tree 7336 1736 34 0 179
tree 7336 1752 0 0 179
lay 7384 1752 27 0 179
tree 7672 1736 38 0 179
tree 7720 1736 37 0 179
tree 7768 1752 38 0 179
tree 7912 1736 14 0 179
lay 88 1784 61 0 179
tree 296 1768 14 0 179
lay 376 1768 55 0 179
tree 360 1768 17 0 179
tree 424 1768 17 0 179
tree 744 1784 34 0 179
lay 792 1784 53 0 179
tree 792 1784 35 0 179
tree 776 1768 39 0 179
tree 968 1768 12 0 179
tree 1000 1768 34 0 179
tree 1112 1784 35 0 179
lay 1192 1768 70 0 179
tree 1224 1784 36 0 179
tree 1272 1784 13 0 179
tree 1416 1784 0 0 179
tree 1416 1768 36 0 179
tree 1496 1784 36 0 179
tree 1832 1768 35 0 179
tree 1880 1784 17 0 179
trop 1860 1788 209 179 179
trop 1860 1780 209 179 179
tree 1864 1768 0 0 179
tree 1864 1784 36 0 179
trop 1924 1788 120 179 179
lay 2072 1768 67 0 179
lay 2184 1768 67 0 179
trop 2228 1764 215 179 179
lay 2248 1768 50 0 179
zabor 2256 1776 35 0 9
lay 2424 1784 58 0 179
trop 2580 1764 108 179 179
trop 2596 1772 215 179 179
trop 2780 1772 118 179 179
trop 2932 1764 215 179 179
trop 2980 1780 215 179 179
lay 3032 1768 67 0 179
lay 3048 1784 67 0 179
lay 3704 1768 67 0 179
tree 4024 1768 40 0 179
tree 4024 1784 39 0 179
tree 4040 1768 35 0 179
trop 4204 1780 103 179 179
tree 4264 1768 13 0 179
tree 4264 1784 35 0 179
tree 4328 1784 12 0 179
tree 4344 1784 35 0 179
tree 4440 1768 39 0 179
tree 4440 1784 35 0 179
tree 4488 1784 17 0 179
stand 4680 1768 159 0 179
trop 4772 1780 153 179 179
trop 4812 1764 108 179 179
stand 4888 1768 159 0 179
lay 5048 1784 69 0 179
zabor 5392 1776 24 0 8
zabor 5424 1776 25 0 8
zabor 5456 1776 31 0 8
zabor 5488 1776 30 0 8
zabor 5520 1776 26 0 8
zabor 5552 1776 28 0 8
zabor 5584 1776 27 0 8
zabor 5616 1776 25 0 8
zabor 5648 1776 30 0 8
zabor 5680 1776 31 0 8
zabor 5712 1776 29 0 8
zabor 5744 1776 28 0 8
zabor 6064 1776 30 0 8
lay 6136 1768 49 0 179
lay 6328 1784 51 0 179
lay 6360 1784 51 0 179
dom 6432 1760 297 0 179
tree 6520 1768 15 0 179
trop 6580 1780 73 179 179
trop 6612 1780 108 179 179
zabor 6672 1776 30 0 8
lay 6728 1784 49 0 179
stand 6776 1784 177 0 179
zabor 7056 1776 31 0 8
lay 7080 1768 27 0 179
trop 7188 1764 209 179 179
tree 7176 1784 37 0 179
tree 7272 1784 12 0 179
tree 7608 1768 12 0 179
trop 7596 1764 209 179 179
tree 7720 1768 40 0 179
lay 8040 1784 67 0 179
tree 472 1800 12 0 179
tree 904 1816 0 0 179
tree 920 1800 37 0 179
lay 968 1800 70 0 179
tree 1016 1800 35 0 179
tree 1032 1816 35 0 179
tree 1096 1800 37 0 179
tree 1112 1816 12 0 179
tree 1112 1800 17 0 179
tree 1288 1816 13 0 179
tree 1336 1816 35 0 179
tree 1432 1800 37 0 179
tree 1480 1816 37 0 179
tree 1496 1816 37 0 179
lay 1608 1816 49 0 179
tree 1864 1800 13 0 179
trop 1876 1796 209 179 179
trop 1956 1796 108 179 179
lay 2040 1800 67 0 179
lay 2072 1816 67 0 179
lay 2168 1816 67 0 179
lay 2200 1816 67 0 179
zabor 2256 1808 27 0 8
lay 2360 1800 58 0 179
zabor 2480 1808 31 0 8
trop 2476 1796 215 179 179
zabor 2512 1808 25 0 8
trop 2636 1804 114 179 179
trop 2700 1812 215 179 179
trop 2724 1804 115 179 179
trop 2820 1804 109 179 179
trop 2908 1812 215 179 179
trop 2972 1804 215 179 179
lay 3016 1800 67 0 179
lay 3272 1816 28 0 179
lay 3656 1816 67 0 179
stand 3720 1800 61 0 179
lay 3720 1800 67 0 179
tree 3992 1816 35 0 179
tree 4024 1800 36 0 179
tree 4088 1800 40 0 179
trop 4116 1804 105 179 179
trop 4100 1820 67 179 179
trop 4204 1812 117 179 179
stand 4232 1816 178 0 179
stand 4232 1800 178 0 179
stand 4248 1816 178 0 179
tree 4344 1816 0 0 179
tree 4344 1800 0 0 179
tree 4328 1800 12 0 179
trop 4788 1820 18 179 179
tree 4984 1816 36 0 179
tree 4968 1800 14 0 179
tree 5048 1816 12 0 179
tree 5096 1800 34 0 179
tree 5112 1800 0 0 179
lay 5208 1816 70 0 179
tree 5224 1816 37 0 179
lay 5336 1816 69 0 179
trop 5964 1820 111 179 179
zabor 5968 1808 24 0 8
zabor 6000 1808 27 0 8
zabor 6032 1808 27 0 8
zabor 6064 1808 27 0 8
dom 6176 1792 79 0 179
lay 6200 1816 49 0 179
tree 6248 1816 0 0 179
dom 6336 1792 81 0 179
lay 6360 1800 51 0 179
lay 6376 1800 51 0 179
dom 6432 1792 297 0 179
zabor 6672 1808 28 0 8
dom 6720 1792 298 0 179
lay 6776 1816 49 0 179
zabor 7056 1808 29 0 8
tree 7272 1800 36 0 179
trop 7276 1796 209 179 179
trop 7452 1796 194 179 179
tree 7576 1816 38 0 179
trop 7572 1820 209 179 179
tree 7592 1816 39 0 179
tree 7768 1800 35 0 179
tree 136 1848 11 0 179
lay 200 1848 28 0 179
lay 632 1848 61 0 179
lay 792 1832 61 0 179
tree 920 1832 39 0 179
tree 968 1848 37 0 179
tree 1016 1832 36 0 179
tree 1032 1832 34 0 179
tree 1032 1848 38 0 179
tree 1192 1848 17 0 179
tree 1240 1832 16 0 179
tree 1304 1848 38 0 179
lay 1336 1832 53 0 179
tree 1528 1832 40 0 179
tree 1576 1848 36 0 179
lay 1592 1832 49 0 179
stand 1768 1832 1 0 179
lay 1816 1832 49 0 179
tree 1848 1848 12 0 179
lay 1880 1848 48 0 179
tree 1880 1832 40 0 179
tree 1864 1848 34 0 179
lay 2104 1848 67 0 179
lay 2168 1832 67 0 179
zabor 2256 1840 28 0 8
lay 2312 1848 50 0 179
zabor 2480 1840 26 0 8
trop 2564 1852 116 179 179
trop 2644 1852 215 179 179
zabor 2672 1840 29 0 8
zabor 2704 1840 27 0 8
lay 2776 1848 50 0 179
zabor 2800 1840 28 0 8
zabor 2832 1840 31 0 8
trop 2852 1828 215 179 179
trop 2916 1836 215 179 179
trop 2948 1844 215 179 179
lay 3000 1848 67 0 179
lay 3160 1832 67 0 179
fre 3508 1844 1 179 179
fre 3532 1836 36 179 179
lay 3608 1832 67 0 179
fre 3588 1844 65 179 179
stand 3688 1848 66 0 179
trop 3940 1852 69 179 179
tree 3992 1832 39 0 179
tree 4008 1832 37 0 179
stand 4248 1832 178 0 179
stand 4232 1832 158 0 179
trop 4772 1828 96 179 179
tree 4968 1848 35 0 179
tree 5048 1832 0 0 179
tree 5160 1848 12 0 179
tree 5176 1848 35 0 179
tree 5224 1848 12 0 179
tree 5288 1832 39 0 179
tree 5320 1832 34 0 179
tree 5352 1848 40 0 179
tree 5416 1832 12 0 179
tree 5432 1848 40 0 179
tree 5448 1848 12 0 179
lay 5496 1832 69 0 179
tree 5512 1832 17 0 179
tree 5528 1832 39 0 179
tree 5560 1848 0 0 179
tree 5576 1832 0 0 179
tree 5592 1832 40 0 179
tree 5576 1848 40 0 179
tree 5624 1848 0 0 179
lay 5624 1832 48 0 179
tree 5656 1848 37 0 179
tree 5672 1848 34 0 179
tree 5800 1848 40 0 179
zabor 5968 1840 25 0 8
lay 6184 1832 49 0 179
lay 6328 1848 51 0 179
lay 6360 1848 51 0 179
trop 6564 1852 117 179 179
trop 6588 1836 116 179 179
zabor 6672 1840 27 0 8
trop 6916 1836 200 179 179
zabor 7056 1840 26 0 8
trop 7364 1852 194 179 179
tree 7544 1848 37 0 179
tree 376 1880 13 0 179
tree 392 1880 14 0 179
tree 552 1864 14 0 179
tree 568 1880 11 0 179
tree 968 1880 34 0 179
tree 1000 1864 12 0 179
lay 1032 1880 70 0 179
tree 1144 1880 39 0 179
lay 1176 1864 69 0 179
tree 1160 1880 35 0 179
tree 1176 1880 12 0 179
tree 1208 1864 17 0 179
tree 1336 1880 16 0 179
tree 1464 1864 34 0 179
tree 1448 1880 40 0 179
tree 1496 1880 16 0 179
lay 1544 1864 70 0 179
lay 1608 1864 49 0 179
trop 1700 1860 62 179 179
lay 1880 1880 49 0 179
lay 2056 1880 67 0 179
lay 2152 1880 67 0 179
lay 2200 1880 67 0 179
lay 2232 1864 67 0 179
zabor 2256 1872 27 0 8
trop 2308 1876 215 179 179
lay 2392 1880 58 0 179
zabor 2480 1872 32 0 9
trop 2580 1884 108 179 179
zabor 2640 1872 29 0 8
zabor 2672 1872 29 0 8
trop 2684 1860 215 179 179
zabor 2832 1872 24 0 8
zabor 2864 1872 25 0 8
trop 2852 1876 215 179 179
zabor 2896 1872 39 0 9
zabor 2928 1872 25 0 8
zabor 2960 1872 26 0 8
lay 3048 1880 67 0 179
lay 3432 1864 67 0 179
lay 3480 1864 67 0 179
lay 3528 1880 67 0 179
fre 3548 1884 11 179 179
fre 3540 1860 69 179 179
lay 3560 1880 67 0 179
lay 3624 1864 67 0 179
lay 3656 1864 67 0 179
stand 3752 1880 65 0 179
tree 4088 1864 36 0 179
tree 4296 1864 0 0 179
tree 4312 1864 10 0 179
tree 4520 1880 14 0 179
tree 4552 1880 36 0 179
tree 4584 1880 36 0 179
tree 4600 1880 35 0 179
tree 4616 1880 37 0 179
tree 4664 1880 38 0 179
lay 4664 1880 48 0 179
lay 4792 1880 27 0 179
trop 4812 1868 108 179 179
tree 4952 1864 37 0 179
lay 5016 1864 70 0 179
tree 5032 1864 38 0 179
lay 5096 1864 69 0 179
tree 5128 1880 0 0 179
tree 5144 1880 14 0 179
tree 5144 1864 39 0 179
tree 5208 1880 39 0 179
tree 5496 1864 12 0 179
tree 5480 1880 17 0 179
tree 5736 1864 35 0 179
tree 5752 1864 12 0 179
tree 5768 1864 39 0 179
zabor 5968 1872 28 0 8
lay 6056 1880 49 0 179
dom 6048 1856 82 0 179
trop 6260 1868 126 179 179
stand 6424 1864 41 0 179
trop 6532 1860 126 179 179
zabor 6672 1872 30 0 8
lay 6744 1864 49 0 179
lay 6776 1864 49 0 179
lay 6792 1864 58 0 179
lay 6952 1880 58 0 179
zabor 7056 1872 36 0 9
trop 7436 1884 194 179 179
tree 7544 1864 39 0 179
tree 984 1896 0 0 179
tree 1048 1896 34 0 179
tree 1080 1896 38 0 179
tree 1128 1896 38 0 179
tree 1224 1912 40 0 179
tree 1256 1912 17 0 179
tree 1336 1896 11 0 179
tree 1560 1912 40 0 179
trop 1956 1916 108 179 179
lay 2040 1912 67 0 179
lay 2120 1912 67 0 179
zabor 2160 1904 31 0 8
zabor 2192 1904 28 0 8
zabor 2256 1904 28 0 8
lay 2408 1896 58 0 179
lay 2440 1896 50 0 179
zabor 2480 1904 30 0 8
zabor 2608 1904 27 0 8
trop 2620 1892 111 179 179
trop 2612 1892 215 179 179
zabor 2640 1904 29 0 8
trop 2628 1916 215 179 179
lay 2696 1896 50 0 179
trop 2708 1916 215 179 179
lay 2920 1912 50 0 179
zabor 2960 1904 26 0 8
trop 2988 1900 215 179 179
lay 3032 1912 67 0 179
lay 3416 1912 67 0 179
lay 3464 1912 67 0 179
stand 3768 1912 65 0 179
trop 3788 1900 202 179 179
stand 3848 1896 45 0 179
trop 4220 1916 110 179 179
trop 4220 1900 98 179 179
trop 4220 1900 110 179 179
lay 4264 1896 27 0 179
lay 4392 1912 27 0 179
dom 4448 1888 199 0 179
zabor 4656 1904 24 0 8
stand 4680 1912 54 0 179
stand 4888 1912 54 0 179
zabor 4912 1904 31 0 8
tree 4952 1912 35 0 179
tree 5016 1912 40 0 179
tree 5032 1912 12 0 179
tree 5112 1896 36 0 179
trop 5796 1916 209 179 179
trop 5908 1892 73 179 179
zabor 5968 1904 31 0 8
lay 6072 1912 51 0 179
lay 6072 1896 49 0 179
lay 6104 1896 51 0 179
trop 6196 1900 151 179 179
trop 6380 1916 120 179 179
trop 6596 1900 73 179 179
zabor 6672 1904 30 0 8
zabor 7056 1904 26 0 8
trop 7444 1900 200 179 179
tree 7560 1912 12 0 179
lay 7832 1896 67 0 179
lay 7864 1896 67 0 179
lay 104 1944 61 0 179
tree 472 1928 15 0 179
lay 520 1944 53 0 179
lay 552 1944 53 0 179
tree 1016 1928 12 0 179
tree 1032 1944 17 0 179
tree 1032 1928 40 0 179
tree 1048 1928 36 0 179
lay 1064 1944 69 0 179
tree 1064 1944 40 0 179
tree 1080 1928 17 0 179
tree 1144 1928 38 0 179
tree 1400 1928 39 0 179
lay 1480 1928 48 0 179
tree 1512 1944 39 0 179
tree 1528 1928 0 0 179
tree 1560 1928 16 0 179
tree 1832 1928 37 0 179
lay 2072 1944 67 0 179
zabor 2160 1936 30 0 8
lay 2200 1928 49 0 179
lay 2280 1928 50 0 179
trop 2412 1948 215 179 179
zabor 2480 1936 33 0 9
zabor 2640 1936 32 0 9
lay 2744 1928 58 0 179
lay 2744 1944 58 0 179
trop 2772 1924 215 179 179
lay 2840 1928 58 0 179
trop 2852 1932 215 179 179
zabor 2960 1936 37 0 9
lay 3000 1944 67 0 179
lay 3144 1944 67 0 179
lay 3480 1928 67 0 179
lay 3528 1928 67 0 179
trop 3964 1924 202 179 179
dom 4032 1920 211 0 179
trop 4148 1924 102 179 179
dom 4320 1920 308 0 179
stand 4360 1928 17 0 179
stand 4504 1928 151 0 179
stand 4536 1944 76 0 179
stand 4568 1944 112 0 179
stand 4600 1928 1 0 179
zabor 4656 1936 30 0 8
zabor 4688 1936 29 0 8
zabor 4720 1936 28 0 8
zabor 4752 1936 33 0 9
zabor 4784 1936 25 0 8
zabor 4816 1936 38 0 9
zabor 4848 1936 25 0 8
zabor 4880 1936 39 0 9
stand 4888 1944 1 0 179
zabor 4912 1936 29 0 8
tree 4984 1928 34 0 179
tree 5000 1928 14 0 179
stand 5144 1944 1 0 179
stand 5432 1944 1 0 179
stand 5640 1928 56 0 179
stand 5720 1944 41 0 179
tree 5800 1928 37 0 179
zabor 5968 1936 25 0 8
lay 6088 1928 49 0 179
trop 6412 1924 114 179 179
zabor 6672 1936 29 0 8
zabor 6704 1936 25 0 8
zabor 7056 1936 29 0 8
lay 7112 1928 61 0 179
tree 7560 1928 40 0 179
trop 7572 1932 209 179 179
lay 7736 1944 67 0 179
lay 200 1976 27 0 179
tree 440 1976 14 0 179
tree 424 1960 11 0 179
lay 472 1960 53 0 179
tree 584 1960 14 0 179
tree 664 1960 11 0 179
tree 1048 1976 12 0 179
tree 1128 1976 40 0 179
tree 1432 1976 38 0 179
tree 1496 1960 12 0 179
lay 1592 1976 49 0 179
tree 1816 1976 17 0 179
trop 1820 1956 210 179 179
tree 1832 1976 40 0 179
trop 1852 1972 214 179 179
trop 1924 1980 120 179 179
trop 1972 1972 200 179 179
trop 2132 1964 215 179 179
zabor 2160 1968 29 0 8
trop 2204 1964 215 179 179
lay 2264 1960 58 0 179
lay 2264 1976 58 0 179
trop 2284 1980 215 179 179
zabor 2480 1968 28 0 8
trop 2500 1956 215 179 179
trop 2596 1972 215 179 179
zabor 2640 1968 31 0 8
lay 2728 1960 58 0 179
lay 2904 1960 58 0 179
zabor 2960 1968 28 0 8
lay 3064 1976 16 0 179
lay 3416 1960 27 0 179
lay 3432 1960 67 0 179
lay 3464 1976 67 0 179
trop 3980 1972 70 179 179
dom 4192 1952 262 0 179
trop 5628 1972 120 179 179
stand 5720 1960 49 0 179
tree 5784 1976 12 0 179
zabor 5968 1968 26 0 8
tree 6040 1960 0 0 179
tree 6056 1960 13 0 179
trop 6236 1964 111 179 179
trop 6300 1964 108 179 179
trop 6620 1972 108 179 179
zabor 6704 1968 27 0 8
lay 6840 1976 58 0 179
zabor 7056 1968 25 0 8
tree 7240 1976 38 0 179
lay 8024 1976 65 0 179
tree 472 2008 10 0 179
tree 504 1992 16 0 179
tree 520 2008 12 0 179
lay 568 2008 53 0 179
tree 568 1992 16 0 179
lay 744 1992 61 0 179
lay 952 1992 61 0 179
tree 1064 2008 14 0 179
tree 1160 2008 35 0 179
trop 1252 1996 194 179 179
tree 1816 1992 17 0 179
stand 1880 1992 166 0 179
trop 1948 2004 120 179 179
trop 1956 2004 108 179 179
lay 2088 1992 67 0 179
trop 2124 1996 200 179 179
zabor 2160 2000 28 0 8
trop 2148 2004 215 179 179
lay 2184 2008 67 0 179
lay 2376 2008 58 0 179
trop 2388 1988 215 179 179
zabor 2480 2000 27 0 8
trop 2588 2012 108 179 179
lay 2664 1992 50 0 179
lay 2808 2008 50 0 179
trop 2804 2004 209 179 179
tree 2792 1992 40 0 179
zabor 2960 2000 31 0 8
trop 3020 1988 215 179 179
lay 3080 2008 67 0 179
lay 3128 1992 67 0 179
lay 3256 2008 27 0 179
lay 3512 1992 27 0 179
lay 3496 1992 67 0 179
trop 3660 1988 202 179 179
trop 4060 1996 97 179 179
trop 4068 1996 72 179 179
trop 4180 1996 67 179 179
trop 4268 2004 68 179 179
trop 4420 2004 63 179 179
trop 4596 2004 63 179 179
trop 4764 2004 63 179 179
trop 4940 2004 63 179 179
trop 5116 2004 63 179 179
trop 5292 2004 63 179 179
trop 5468 2004 63 179 179
trop 5516 2004 63 179 179
stand 5832 1992 56 0 179
zabor 5968 2000 28 0 8
lay 6120 2008 49 0 179
trop 6204 2012 151 179 179
trop 6212 2004 127 179 179
trop 6332 2012 151 179 179
trop 6324 1996 120 179 179
dom 6432 1984 82 0 179
lay 6504 1992 51 0 179
tree 6568 1992 40 0 179
tree 7192 1992 12 0 179
trop 7188 1988 209 179 179
tree 7208 1992 37 0 179
trop 7220 1988 209 179 179
trop 7260 1988 209 179 179
trop 7324 2004 209 179 179
tree 7336 2008 37 0 179
tree 7384 2008 40 0 179
trop 7380 2012 209 179 179
trop 7884 1996 200 179 179
tree 472 2024 10 0 179
tree 456 2040 10 0 179
tree 536 2040 35 0 179
tree 584 2040 16 0 179
tree 888 2040 12 0 179
tree 1016 2040 14 0 179
trop 1260 2028 194 179 179
trop 1324 2044 194 179 179
tree 1432 2040 0 0 179
tree 1512 2024 35 0 179
tree 1576 2024 13 0 179
trop 1700 2036 62 179 179
tree 1832 2040 0 0 179
trop 1940 2020 120 179 179
lay 2088 2024 67 0 179
trop 2140 2028 215 179 179
zabor 2160 2032 28 0 8
trop 2276 2028 215 179 179
lay 2360 2024 50 0 179
zabor 2480 2032 28 0 8
lay 2472 2024 50 0 179
zabor 2512 2032 31 0 8
trop 2500 2044 215 179 179
lay 2984 2024 50 0 179
trop 3036 2044 215 179 179
lay 3096 2024 67 0 179
lay 3448 2040 67 0 179
lay 3496 2040 67 0 179
lay 3528 2024 67 0 179
tree 3880 2040 0 0 179
tree 3912 2024 14 0 179
trop 4004 2020 97 179 179
trop 5564 2044 120 179 179
trop 5588 2044 120 179 179
trop 5612 2036 107 179 179
trop 5612 2044 107 179 179
trop 5644 2036 71 179 179
trop 5804 2044 209 179 179
trop 5916 2020 62 179 179
zabor 5968 2032 24 0 8
trop 6092 2044 126 179 179
trop 6180 2028 127 179 179
lay 6472 2040 51 0 179
lay 6504 2024 49 0 179
tree 6552 2024 38 0 179
trop 6548 2044 127 179 179
zabor 6704 2032 24 0 8
trop 6852 2028 200 179 179
zabor 7056 2032 26 0 8
tree 7208 2040 14 0 179
tree 7208 2024 38 0 179
trop 7220 2044 209 179 179
trop 7292 2020 209 179 179
tree 7304 2040 39 0 179
tree 7352 2040 14 0 179
tree 7336 2024 35 0 179
trop 7340 2028 209 179 179
trop 7484 2028 194 179 179
tree 120 2056 14 0 179
tree 136 2056 34 0 179
tree 632 2056 35 0 179
tree 1112 2072 12 0 179
lay 1144 2072 48 0 179
tree 1160 2072 12 0 179
trop 1180 2076 194 179 179
trop 1260 2068 194 179 179
tree 1448 2056 37 0 179
tree 1464 2072 40 0 179
tree 1480 2056 12 0 179
tree 1496 2072 38 0 179
tree 1544 2056 14 0 179
tree 1544 2072 14 0 179
tree 1832 2056 38 0 179
tree 1832 2072 38 0 179
trop 1828 2052 214 179 179
trop 1972 2052 200 179 179
trop 1956 2076 108 179 179
lay 2120 2072 67 0 179
zabor 2160 2064 28 0 8
zabor 2192 2064 24 0 8
zabor 2224 2064 27 0 8
lay 2264 2056 50 0 179
zabor 2288 2064 31 0 8
zabor 2320 2064 27 0 8
trop 2308 2068 215 179 179
zabor 2352 2064 24 0 8
zabor 2384 2064 30 0 8
zabor 2480 2064 25 0 8
trop 2548 2076 215 179 179
zabor 2640 2064 29 0 8
trop 2628 2068 215 179 179
trop 2788 2076 215 179 179
trop 2844 2068 215 179 179
lay 2888 2072 58 0 179
trop 2996 2052 215 179 179
lay 3096 2072 67 0 179
lay 3560 2056 67 0 179
zabor 4016 2064 29 0 8
zabor 4048 2064 31 0 8
zabor 4080 2064 36 0 9
zabor 4112 2064 24 0 8
zabor 4144 2064 24 0 8
zabor 4176 2064 31 0 8
zabor 4208 2064 31 0 8
zabor 4240 2064 39 0 9
zabor 4272 2064 24 0 8
zabor 4304 2064 30 0 8
zabor 4336 2064 28 0 8
zabor 4368 2064 29 0 8
zabor 4400 2064 33 0 9
zabor 4432 2064 32 0 9
zabor 4464 2064 29 0 8
zabor 4496 2064 29 0 8
stand 4536 2056 76 0 179
stand 4568 2056 112 0 179
trop 5556 2068 109 179 179
trop 5564 2060 101 179 179
trop 5580 2068 120 179 179
trop 5620 2052 119 179 179
trop 5628 2052 107 179 179
stand 5736 2056 56 0 179
tree 5816 2056 37 0 179
tree 5800 2056 0 0 179
trop 5924 2060 108 179 179
zabor 5968 2064 29 0 8
dom 6080 2048 78 0 179
lay 6120 2072 49 0 179
trop 6148 2060 123 179 179
trop 6188 2060 121 179 179
trop 6244 2076 120 179 179
stand 6264 2056 144 0 179
lay 6296 2056 27 0 179
lay 6280 2072 51 0 179
trop 6364 2052 111 179 179
stand 6408 2072 1 0 179
lay 6456 2056 49 0 179
stand 6536 2056 166 0 179
trop 6540 2068 126 179 179
zabor 6672 2064 27 0 8
zabor 6704 2064 27 0 8
lay 6936 2072 58 0 179
trop 6948 2076 200 179 179
zabor 7056 2064 24 0 8
tree 7224 2072 36 0 179
trop 7244 2076 209 179 179
trop 124 2092 194 179 179
lay 600 2104 53 0 179
tree 584 2104 35 0 179
tree 616 2088 0 0 179
tree 728 2104 17 0 179
tree 1176 2104 35 0 179
tree 1176 2088 35 0 179
tree 1480 2104 39 0 179
tree 1496 2104 17 0 179
tree 1512 2088 40 0 179
tree 1576 2104 13 0 179
lay 2072 2104 67 0 179
lay 2136 2088 67 0 179
trop 2212 2092 215 179 179
zabor 2640 2096 30 0 8
lay 2728 2088 58 0 179
lay 2760 2088 58 0 179
lay 2856 2088 58 0 179
lay 2920 2088 58 0 179
zabor 2960 2096 30 0 8
trop 2980 2108 215 179 179
lay 3048 2104 67 0 179
lay 3064 2088 67 0 179
lay 3096 2104 67 0 179
lay 3128 2104 35 0 179
lay 3144 2088 39 0 179
lay 3560 2088 67 0 179
lay 3576 2104 67 0 179
tree 3864 2104 35 0 179
tree 3896 2088 40 0 179
tree 4008 2088 34 0 179
tree 5224 2104 0 0 179
tree 5512 2104 35 0 179
tree 5816 2088 12 0 179
tree 5832 2104 39 0 179
zabor 5968 2096 29 0 8
stand 6040 2104 1 0 179
lay 6056 2088 49 0 179
lay 6104 2088 49 0 179
trop 6148 2108 123 179 179
trop 6556 2084 123 179 179
trop 6620 2084 108 179 179
zabor 6672 2096 30 0 8
zabor 7056 2096 31 0 8
tree 7192 2104 37 0 179
trop 7196 2092 209 179 179
tree 7240 2088 12 0 179
lay 7560 2088 67 0 179
tree 248 2120 12 0 179
tree 600 2120 13 0 179
lay 616 2136 53 0 179
tree 664 2136 16 0 179
tree 648 2120 13 0 179
lay 808 2120 61 0 179
lay 856 2136 61 0 179
tree 1016 2120 0 0 179
tree 1144 2136 14 0 179
trop 1164 2132 194 179 179
trop 1292 2116 194 179 179
lay 1480 2120 70 0 179
tree 1576 2136 15 0 179
stand 1768 2120 1 0 179
tree 1816 2120 17 0 179
lay 2104 2136 67 0 179
trop 2164 2140 215 179 179
zabor 2192 2128 25 0 8
zabor 2224 2128 25 0 8
zabor 2256 2128 36 0 9
zabor 2288 2128 28 0 8
zabor 2320 2128 24 0 8
zabor 2352 2128 28 0 8
trop 2388 2116 109 179 179
trop 2444 2140 215 179 179
trop 2500 2124 115 179 179
zabor 2640 2128 37 0 9
trop 2628 2132 110 179 179
lay 2696 2136 50 0 179
lay 2744 2136 58 0 179
trop 2796 2132 215 179 179
lay 2920 2136 50 0 179
zabor 2960 2128 29 0 8
trop 3004 2124 215 179 179
lay 3112 2120 38 0 179
lay 3576 2136 67 0 179
tree 3864 2120 14 0 179
lay 3896 2120 53 0 179
tree 3896 2136 14 0 179
tree 3880 2136 0 0 179
tree 3912 2136 35 0 179
tree 3944 2120 39 0 179
tree 4248 2136 14 0 179
tree 4264 2136 13 0 179
tree 4392 2136 16 0 179
tree 5240 2120 11 0 179
tree 5416 2120 11 0 179
tree 5448 2136 35 0 179
tree 5480 2120 40 0 179
tree 5528 2120 37 0 179
tree 5560 2120 16 0 179
tree 5560 2136 12 0 179
tree 5544 2136 0 0 179
tree 5576 2136 11 0 179
tree 5592 2136 16 0 179
trop 5628 2124 102 179 179
trop 5740 2132 119 179 179
trop 5732 2124 119 179 179
trop 5740 2140 106 179 179
tree 5800 2136 37 0 179
tree 5816 2120 35 0 179
lay 5816 2120 48 0 179
trop 5988 2140 115 179 179
trop 6140 2140 127 179 179
trop 6244 2140 120 179 179
trop 6268 2124 110 179 179
trop 6324 2132 109 179 179
trop 6340 2124 120 179 179
trop 6460 2132 109 179 179
trop 6556 2140 123 179 179
zabor 6672 2128 25 0 8
zabor 7056 2128 28 0 8
trop 7164 2140 209 179 179
tree 7176 2136 35 0 179
lay 7480 2136 67 0 179
lay 7832 2136 64 0 179
lay 248 2152 61 0 179
tree 632 2152 17 0 179
tree 616 2152 0 0 179
lay 1032 2168 61 0 179
tree 1144 2152 0 0 179
tree 1192 2168 38 0 179
tree 1448 2168 14 0 179
tree 1464 2168 37 0 179
tree 1496 2168 34 0 179
trop 1916 2172 192 179 179
trop 1908 2148 192 179 179
trop 1924 2164 120 179 179
lay 2040 2168 67 0 179
lay 2024 2168 67 0 179
zabor 2192 2160 29 0 8
trop 2212 2148 216 179 179
trop 2220 2156 215 179 179
lay 2312 2168 50 0 179
zabor 2352 2160 28 0 8
zabor 2384 2160 37 0 9
trop 2380 2148 215 179 179
zabor 2416 2160 24 0 8
zabor 2448 2160 27 0 8
zabor 2640 2160 28 0 8
lay 2840 2168 50 0 179
trop 2908 2164 215 179 179
zabor 2960 2160 28 0 8
trop 2972 2172 215 179 179
trop 3028 2164 215 179 179
lay 3096 2168 15 0 179
lay 3144 2152 67 0 179
lay 3704 2168 67 0 179
trop 3756 2148 202 179 179
tree 3880 2168 35 0 179
trop 4060 2156 202 179 179
tree 4280 2152 16 0 179
tree 4296 2152 11 0 179
tree 4296 2168 14 0 179
tree 4520 2168 10 0 179
tree 4536 2168 17 0 179
tree 4568 2168 12 0 179
tree 4552 2168 0 0 179
tree 5208 2168 15 0 179
tree 5272 2152 35 0 179
tree 5352 2152 35 0 179
tree 5560 2152 0 0 179
lay 5560 2168 70 0 179
tree 5592 2152 16 0 179
trop 5740 2156 119 179 179
tree 5800 2152 14 0 179
trop 5892 2156 120 179 179
trop 5948 2164 116 179 179
zabor 5968 2160 31 0 8
trop 6092 2164 127 179 179
trop 6148 2164 123 179 179
trop 6220 2164 122 179 179
lay 6456 2168 10 0 179
lay 6440 2168 9 0 179
lay 6536 2152 27 0 179
zabor 6672 2160 34 0 9
lay 6712 2152 61 0 179
zabor 6704 2160 28 0 8
zabor 6736 2160 39 0 9
zabor 6768 2160 39 0 9
zabor 6800 2160 24 0 8
zabor 6832 2160 28 0 8
zabor 6864 2160 29 0 8
zabor 6960 2160 31 0 8
zabor 6992 2160 36 0 9
zabor 7024 2160 37 0 9
zabor 7056 2160 31 0 8
tree 7144 2152 38 0 179
tree 7160 2168 34 0 179
lay 7432 2168 67 0 179
trop 7596 2164 200 179 179
tree 168 2200 12 0 179
tree 200 2184 16 0 179
tree 568 2184 16 0 179
lay 600 2200 53 0 179
tree 584 2184 0 0 179
tree 936 2200 13 0 179
tree 1080 2200 10 0 179
tree 1400 2184 37 0 179
tree 1400 2200 35 0 179
tree 1496 2200 40 0 179
lay 1544 2184 48 0 179
tree 1576 2200 36 0 179
tree 1848 2200 12 0 179
trop 1932 2180 192 179 179
trop 1956 2196 108 179 179
lay 2152 2200 67 0 179
zabor 2192 2192 24 0 8
zabor 2448 2192 31 0 8
trop 2452 2180 215 179 179
zabor 2480 2192 31 0 8
zabor 2544 2192 24 0 8
trop 2540 2180 215 179 179
zabor 2576 2192 31 0 8
zabor 2640 2192 29 0 8
zabor 2672 2192 28 0 8
zabor 2704 2192 27 0 8
zabor 2736 2192 39 0 9
zabor 2768 2192 29 0 8
trop 2788 2204 215 179 179
zabor 2864 2192 27 0 8
zabor 2896 2192 38 0 9
zabor 2928 2192 26 0 8
zabor 2960 2192 37 0 9
trop 2948 2180 215 179 179
lay 3048 2184 67 0 179
lay 3176 2184 27 0 179
lay 3608 2184 67 0 179
tree 4200 2184 14 0 179
tree 4392 2184 35 0 179
lay 4456 2200 53 0 179
tree 4472 2184 0 0 179
tree 4488 2200 13 0 179
tree 4536 2200 12 0 179
tree 4520 2200 12 0 179
tree 4552 2200 14 0 179
tree 4712 2200 14 0 179
tree 5240 2184 10 0 179
tree 5304 2184 11 0 179
tree 5288 2200 14 0 179
tree 5368 2200 35 0 179
tree 5368 2184 0 0 179
tree 5432 2184 36 0 179
tree 5448 2184 35 0 179
tree 5528 2184 38 0 179
tree 5560 2184 37 0 179
trop 5668 2180 62 179 179
trop 5740 2188 119 179 179
trop 5780 2204 115 179 179
trop 5812 2180 105 179 179
trop 5908 2180 73 179 179
trop 5892 2196 118 179 179
trop 5924 2180 108 179 179
zabor 5968 2192 26 0 8
lay 6200 2200 4 0 179
stand 6200 2200 147 0 179
dom 6368 2176 311 0 179
lay 6440 2200 11 0 179
trop 6452 2188 120 179 179
lay 6472 2200 10 0 179
trop 6556 2188 123 179 179
trop 6588 2188 117 179 179
tree 7160 2184 38 0 179
trop 7748 2180 200 179 179
lay 7960 2184 64 0 179
tree 600 2216 13 0 179
tree 616 2232 13 0 179
lay 712 2232 61 0 179
tree 1128 2232 11 0 179
tree 1144 2232 0 0 179
tree 1272 2216 40 0 179
lay 1400 2232 53 0 179
tree 1384 2216 17 0 179
lay 1496 2232 48 0 179
tree 1592 2232 10 0 179
lay 1576 2232 49 0 179
trop 1700 2212 62 179 179
tree 1864 2216 36 0 179
trop 1956 2228 192 179 179
trop 1964 2220 192 179 179
lay 2008 2232 67 0 179
lay 2040 2216 67 0 179
lay 2104 2216 67 0 179
lay 2264 2216 58 0 179
lay 2408 2216 50 0 179
lay 2520 2232 50 0 179
zabor 2576 2224 30 0 8
trop 2628 2236 116 179 179
dom 2656 2208 297 0 179
zabor 2672 2224 31 0 8
trop 2700 2212 215 179 179
trop 2748 2212 215 179 179
trop 2876 2212 215 179 179
trop 2924 2236 215 179 179
trop 2972 2228 215 179 179
lay 3048 2232 67 0 179
lay 3096 2232 67 0 179
lay 3080 2232 67 0 179
lay 3608 2232 67 0 179
tree 4008 2232 34 0 179
tree 4088 2216 14 0 179
tree 4104 2216 14 0 179
tree 4408 2232 12 0 179
tree 4424 2216 16 0 179
tree 4472 2232 11 0 179
tree 4488 2216 16 0 179
tree 4600 2216 12 0 179
tree 4632 2216 14 0 179
tree 4664 2232 17 0 179
tree 4728 2232 35 0 179
tree 4744 2216 12 0 179
tree 4888 2232 11 0 179
tree 4904 2216 17 0 179
tree 5048 2232 16 0 179
lay 5144 2232 67 0 179
tree 5272 2216 13 0 179
tree 5256 2216 35 0 179
tree 5352 2216 12 0 179
tree 5432 2232 39 0 179
tree 5448 2232 40 0 179
tree 5448 2216 36 0 179
tree 5464 2216 40 0 179
tree 5480 2216 38 0 179
tree 5512 2232 14 0 179
tree 5592 2232 13 0 179
tree 5576 2232 39 0 179
tree 5608 2216 14 0 179
stand 5736 2232 1 0 179
trop 5780 2236 111 179 179
tree 5800 2216 14 0 179
dom 6016 2208 70 0 179
lay 6056 2232 51 0 179
trop 6164 2220 123 179 179
trop 6252 2236 127 179 179
lay 6440 2216 10 0 179
lay 6472 2216 8 0 179
trop 6556 2220 123 179 179
zabor 6672 2224 30 0 8
lay 6984 2216 61 0 179
tree 7048 2216 37 0 179
tree 7064 2232 36 0 179
tree 7128 2216 37 0 179
lay 7384 2232 67 0 179
lay 7432 2232 67 0 179
trop 188 2244 194 179 179
tree 552 2248 0 0 179
tree 552 2264 11 0 179
lay 1176 2248 61 0 179
tree 1336 2248 36 0 179
tree 1320 2264 0 0 179
tree 1352 2248 14 0 179
tree 1352 2264 16 0 179
tree 1512 2248 16 0 179
tree 1512 2264 0 0 179
tree 1608 2264 16 0 179
trop 1852 2244 209 179 179
tree 1848 2264 34 0 179
tree 1864 2248 34 0 179
tree 1896 2248 35 0 179
trop 1964 2268 192 179 179
trop 1972 2268 192 179 179
trop 1964 2244 192 179 179
lay 2024 2264 67 0 179
lay 2168 2264 67 0 179
zabor 2192 2256 24 0 8
trop 2228 2252 215 179 179
lay 2328 2248 58 0 179
trop 2324 2268 215 179 179
trop 2372 2260 215 179 179
zabor 2576 2256 24 0 8
trop 2588 2260 215 179 179
lay 3048 2264 67 0 179
lay 3560 2248 67 0 179
tree 4424 2248 11 0 179
tree 4456 2248 17 0 179
tree 5016 2248 14 0 179
lay 5096 2248 67 0 179
lay 5096 2264 67 0 179
lay 5176 2248 67 0 179
tree 5288 2248 11 0 179
tree 5336 2248 10 0 179
tree 5384 2248 0 0 179
lay 5448 2248 48 0 179
tree 5528 2248 35 0 179
tree 5544 2264 36 0 179
tree 5816 2264 37 0 179
zabor 5968 2256 29 0 8
lay 6008 2248 51 0 179
trop 6180 2260 121 179 179
trop 6380 2260 121 179 179
trop 6508 2260 118 179 179
trop 6604 2268 126 179 179
trop 6652 2268 127 179 179
zabor 6640 2256 27 0 8
zabor 6672 2256 30 0 8
zabor 6768 2256 26 0 8
zabor 6800 2256 27 0 8
zabor 6832 2256 30 0 8
dom 6944 2240 86 0 179
zabor 7056 2256 26 0 8
tree 7176 2264 37 0 179
lay 7688 2248 64 0 179
trop 100 2292 194 179 179
trop 140 2292 194 179 179
lay 392 2280 61 0 179
tree 552 2280 15 0 179
tree 856 2296 13 0 179
lay 952 2296 61 0 179
tree 1400 2280 0 0 179
lay 1608 2296 49 0 179
tree 1816 2296 39 0 179
trop 1836 2300 214 179 179
tree 1880 2280 17 0 179
lay 1880 2296 7 0 179
trop 1932 2284 120 179 179
trop 1948 2300 120 179 179
trop 1988 2292 110 179 179
lay 2136 2280 67 0 179
trop 2180 2292 192 179 179
zabor 2192 2288 27 0 8
lay 2424 2296 58 0 179
lay 2440 2280 58 0 179
lay 2488 2280 58 0 179
zabor 2576 2288 34 0 9
trop 2692 2276 114 179 179
trop 2836 2276 109 179 179
trop 2852 2284 215 179 179
trop 2948 2292 215 179 179
trop 2964 2276 215 179 179
trop 3004 2284 215 179 179
lay 3048 2296 67 0 179
lay 3176 2296 67 0 179
lay 3496 2296 67 0 179
lay 3528 2280 67 0 179
trop 3884 2276 202 179 179
tree 3976 2280 40 0 179
tree 3992 2296 36 0 179
tree 4072 2296 38 0 179
trop 4276 2284 211 179 179
tree 4296 2296 15 0 179
tree 4312 2296 11 0 179
lay 4696 2296 67 0 179
lay 4712 2296 67 0 179
lay 5112 2280 67 0 179
lay 5224 2296 67 0 179
tree 5496 2280 0 0 179
tree 5496 2296 37 0 179
tree 5560 2296 13 0 179
tree 5784 2296 0 0 179
tree 5816 2280 39 0 179
zabor 5968 2288 28 0 8
lay 6024 2280 27 0 179
trop 6204 2292 109 179 179
trop 6348 2292 109 179 179
trop 6860 2276 200 179 179
tree 7192 2296 38 0 179
tree 7208 2296 34 0 179
lay 7336 2280 67 0 179
trop 7412 2276 200 179 179
lay 8072 2280 67 0 179
trop 156 2332 194 179 179
tree 584 2312 11 0 179
lay 632 2312 61 0 179
trop 1748 2332 106 179 179
trop 1836 2324 119 179 179
tree 1848 2312 13 0 179
tree 1864 2312 16 0 179
trop 1900 2308 196 179 179
lay 1944 2328 4 0 179
lay 1992 2328 67 0 179
lay 2008 2312 19 0 179
lay 2104 2328 67 0 179
lay 2168 2328 67 0 179
trop 2188 2316 192 179 179
zabor 2192 2320 31 0 8
lay 2232 2312 49 0 179
trop 2300 2332 215 179 179
trop 2340 2316 215 179 179
trop 2388 2332 215 179 179
lay 2536 2312 49 0 179
zabor 2576 2320 39 0 9
trop 2644 2324 126 179 179
trop 2692 2324 215 179 179
zabor 2768 2320 26 0 8
trop 2772 2308 215 179 179
zabor 2800 2320 24 0 8
zabor 2832 2320 24 0 8
zabor 2896 2320 24 0 8
trop 2900 2308 215 179 179
zabor 2928 2320 27 0 8
zabor 2960 2320 26 0 8
trop 3020 2324 215 179 179
tree 4008 2312 40 0 179
tree 4056 2328 34 0 179
tree 4072 2312 38 0 179
tree 4216 2328 35 0 179
tree 4232 2328 10 0 179
tree 4232 2312 16 0 179
tree 4248 2312 10 0 179
tree 4328 2312 35 0 179
tree 4344 2312 12 0 179
tree 4360 2312 17 0 179
tree 4376 2312 12 0 179
tree 4392 2312 35 0 179
lay 4440 2328 67 0 179
lay 4536 2328 67 0 179
lay 4616 2312 67 0 179
lay 4664 2328 67 0 179
lay 4792 2328 67 0 179
lay 5016 2312 67 0 179
lay 5112 2328 67 0 179
lay 5224 2312 67 0 179
tree 5512 2312 0 0 179
lay 5528 2312 70 0 179
tree 5544 2312 38 0 179
tree 5784 2312 39 0 179
trop 5796 2316 210 179 179
trop 5916 2316 73 179 179
trop 5924 2316 108 179 179
zabor 5968 2320 28 0 8
lay 6008 2312 27 0 179
tree 6024 2312 38 0 179
stand 6056 2312 175 0 179
lay 6536 2328 49 0 179
lay 6680 2328 49 0 179
trop 6676 2332 126 179 179
trop 6740 2316 203 179 179
trop 6748 2324 203 179 179
trop 6756 2332 203 179 179
zabor 7056 2320 27 0 8
lay 8104 2328 67 0 179
lay 1608 2360 49 0 179
trop 1780 2340 106 179 179
tree 1816 2360 35 0 179
trop 1804 2348 119 179 179
trop 1868 2356 106 179 179
lay 1928 2344 51 0 179
trop 1948 2364 120 179 179
trop 1956 2364 120 179 179
lay 2008 2360 7 0 179
trop 2124 2364 126 179 179
trop 2148 2340 194 179 179
trop 2196 2340 192 179 179
zabor 2192 2352 35 0 9
zabor 2224 2352 31 0 8
zabor 2256 2352 25 0 8
zabor 2288 2352 29 0 8
zabor 2352 2352 24 0 8
zabor 2384 2352 25 0 8
zabor 2416 2352 25 0 8
zabor 2448 2352 27 0 8
zabor 2512 2352 26 0 8
zabor 2544 2352 29 0 8
trop 2548 2364 215 179 179
zabor 2576 2352 28 0 8
trop 2636 2356 117 179 179
dom 2688 2336 299 0 179
zabor 2736 2352 27 0 8
zabor 2768 2352 31 0 8
trop 2788 2340 216 179 179
lay 2824 2344 50 0 179
trop 2940 2340 216 179 179
zabor 2960 2352 32 0 9
trop 2996 2340 215 179 179
lay 3080 2360 19 0 179
lay 3480 2344 67 0 179
lay 3576 2360 67 0 179
lay 3608 2344 67 0 179
tree 3928 2360 38 0 179
tree 3944 2344 39 0 179
tree 3992 2360 37 0 179
tree 3976 2360 38 0 179
tree 4008 2360 38 0 179
trop 4012 2340 213 179 179
tree 4024 2344 34 0 179
tree 4104 2344 17 0 179
lay 4328 2360 67 0 179
lay 4504 2360 67 0 179
lay 4536 2360 67 0 179
lay 4600 2344 67 0 179
lay 4584 2344 67 0 179
lay 4760 2344 67 0 179
lay 4824 2344 67 0 179
tree 4920 2360 13 0 179
tree 4904 2344 16 0 179
lay 5032 2360 67 0 179
lay 5064 2344 67 0 179
lay 5096 2344 67 0 179
lay 5272 2344 67 0 179
lay 5304 2344 67 0 179
tree 5464 2360 36 0 179
tree 5544 2360 15 0 179
tree 5544 2344 13 0 179
trop 5668 2356 62 179 179
tree 5784 2344 12 0 179
tree 5816 2360 11 0 179
tree 5816 2344 12 0 179
tree 5832 2360 11 0 179
trop 5956 2364 110 179 179
zabor 5968 2352 25 0 8
tree 5992 2360 15 0 179
stand 6024 2344 164 0 179
lay 6280 2360 61 0 179
tree 6344 2360 11 0 179
tree 6344 2344 10 0 179
stand 6376 2344 153 0 179
dom 6528 2336 297 0 179
trop 6716 2356 200 179 179
trop 6740 2356 203 179 179
trop 6764 2356 203 179 179
trop 6860 2356 203 179 179
trop 6908 2364 203 179 179
zabor 7056 2352 31 0 8
lay 7096 2360 61 0 179
trop 7564 2356 200 179 179
lay 8056 2344 67 0 179
lay 8072 2344 67 0 179
tree 328 2392 39 0 179
tree 328 2376 17 0 179
tree 376 2392 14 0 179
tree 712 2392 12 0 179
lay 856 2392 61 0 179
tree 1080 2392 11 0 179
trop 1284 2372 105 179 179
trop 1412 2372 97 179 179
trop 1532 2372 97 179 179
trop 1700 2380 62 179 179
trop 1836 2380 119 179 179
trop 1876 2372 101 179 179
trop 1916 2380 108 179 179
trop 1980 2380 106 179 179
trop 2012 2396 119 179 179
most 2048 2368 60 0 179
trop 2140 2372 194 179 179
lay 2168 2392 6 0 179
trop 2196 2388 97 179 179
trop 2748 2372 215 179 179
zabor 2768 2384 24 0 8
zabor 2960 2384 27 0 8
trop 3044 2388 215 179 179
lay 3496 2376 67 0 179
lay 3528 2376 67 0 179
lay 3672 2392 67 0 179
tree 3928 2376 14 0 179
tree 3912 2376 17 0 179
trop 3940 2388 212 179 179
tree 3960 2376 35 0 179
tree 3976 2376 38 0 179
tree 4008 2376 0 0 179
tree 4024 2376 40 0 179
tree 4024 2392 34 0 179
lay 4184 2376 67 0 179
tree 4264 2392 15 0 179
lay 4328 2376 67 0 179
lay 4520 2392 67 0 179
lay 4872 2376 67 0 179
tree 4936 2376 12 0 179
lay 5032 2392 67 0 179
lay 5336 2376 67 0 179
tree 5416 2376 12 0 179
tree 5512 2392 38 0 179
tree 5576 2376 10 0 179
tree 5592 2392 17 0 179
tree 5784 2376 0 0 179
tree 5784 2392 34 0 179
zabor 5968 2384 28 0 8
zabor 6000 2384 28 0 8
zabor 6032 2384 29 0 8
zabor 6064 2384 30 0 8
zabor 6096 2384 28 0 8
zabor 6128 2384 31 0 8
zabor 6160 2384 30 0 8
zabor 6224 2384 31 0 8
zabor 6256 2384 27 0 8
lay 6536 2392 49 0 179
lay 6568 2376 49 0 179
tree 6760 2392 36 0 179
trop 6788 2396 203 179 179
trop 6900 2396 200 179 179
trop 6956 2380 203 179 179
zabor 7056 2384 24 0 8
lay 7272 2392 67 0 179
lay 8040 2392 67 0 179
tree 136 2424 34 0 179
tree 312 2424 35 0 179
tree 328 2408 37 0 179
tree 344 2424 37 0 179
lay 552 2408 61 0 179
lay 1096 2408 61 0 179
tree 1352 2424 35 0 179
tree 1592 2424 11 0 179
trop 1740 2404 95 179 179
trop 1764 2412 108 179 179
trop 1876 2404 119 179 179
trop 1900 2404 95 179 179
tree 1928 2424 38 0 179
lay 2040 2424 8 0 179
lay 2136 2408 67 0 179
trop 2116 2428 126 179 179
trop 2116 2412 126 179 179
trop 2356 2420 109 179 179
trop 2468 2428 109 179 179
trop 2524 2428 109 179 179
lay 2584 2424 28 0 179
trop 2580 2412 118 179 179
trop 2636 2404 215 179 179
trop 2684 2420 116 179 179
zabor 2768 2416 39 0 9
trop 2780 2404 215 179 179
lay 2856 2424 58 0 179
lay 2856 2408 58 0 179
zabor 2960 2416 24 0 8
zabor 2992 2416 33 0 9
trop 2980 2404 215 179 179
lay 3080 2408 67 0 179
lay 3112 2408 67 0 179
lay 3624 2408 67 0 179
lay 3736 2408 67 0 179
tree 3992 2424 37 0 179
trop 4012 2420 212 179 179
lay 4104 2408 67 0 179
lay 4152 2424 67 0 179
lay 4200 2424 67 0 179
lay 4376 2424 67 0 179
lay 4408 2408 67 0 179
lay 4456 2408 67 0 179
lay 4792 2408 67 0 179
lay 4856 2408 67 0 179
tree 4968 2424 11 0 179
lay 5080 2408 67 0 179
lay 5112 2424 67 0 179
lay 5352 2424 67 0 179
lay 5400 2424 67 0 179
tree 5464 2408 40 0 179
tree 5528 2424 40 0 179
lay 5528 2424 48 0 179
tree 5544 2408 38 0 179
trop 5924 2428 108 179 179
stand 5960 2408 1 0 179
dom 6048 2400 310 0 179
dom 6112 2400 298 0 179
dom 6368 2400 66 0 179
trop 6708 2404 203 179 179
zabor 6704 2416 27 0 8
trop 6852 2404 203 179 179
trop 6956 2412 203 179 179
trop 7788 2412 200 179 179
lay 7912 2424 67 0 179
lay 7992 2424 67 0 179
lay 7992 2408 67 0 179
tree 152 2440 37 0 179
tree 280 2456 36 0 179
tree 296 2440 14 0 179
tree 312 2456 12 0 179
tree 392 2456 39 0 179
tree 424 2440 37 0 179
tree 888 2440 12 0 179
trop 1260 2436 100 179 179
tree 1416 2456 14 0 179
tree 1544 2440 12 0 179
tree 1608 2456 0 0 179
stand 1768 2456 28 0 179
tree 1848 2456 0 0 179
tree 1880 2440 14 0 179
trop 1876 2436 100 179 179
trop 1868 2444 122 179 179
trop 1948 2452 214 179 179
trop 1972 2436 108 179 179
tree 1976 2456 38 0 179
lay 2024 2440 29 0 179
trop 2156 2436 193 179 179
trop 2484 2452 215 179 179
trop 2660 2460 215 179 179
trop 2740 2460 215 179 179
zabor 2768 2448 26 0 8
lay 2824 2440 50 0 179
zabor 2960 2448 25 0 8
lay 3048 2440 67 0 179
lay 3080 2440 67 0 179
lay 3112 2456 67 0 179
lay 3624 2440 67 0 179
trop 3828 2460 202 179 179
tree 3912 2440 12 0 179
tree 3944 2440 14 0 179
tree 3976 2440 39 0 179
tree 3976 2456 37 0 179
lay 4040 2440 67 0 179
lay 4248 2456 67 0 179
lay 4232 2440 67 0 179
lay 4776 2456 67 0 179
lay 4856 2440 67 0 179
tree 4920 2456 13 0 179
tree 4968 2440 14 0 179
lay 5368 2456 67 0 179
tree 5544 2440 38 0 179
trop 5708 2460 70 179 179
trop 5892 2460 74 179 179
lay 6216 2456 61 0 179
trop 6468 2460 108 179 179
dom 6496 2432 299 0 179
tree 6712 2456 40 0 179
tree 6728 2456 38 0 179
lay 6904 2456 61 0 179
trop 6980 2460 200 179 179
lay 7944 2440 67 0 179
lay 7976 2440 67 0 179
tree 216 2472 17 0 179
tree 248 2488 35 0 179
tree 264 2488 14 0 179
lay 392 2472 70 0 179
tree 440 2488 14 0 179
tree 424 2488 34 0 179
tree 504 2488 35 0 179
tree 936 2488 17 0 179
tree 984 2488 11 0 179
tree 1512 2488 39 0 179
tree 1528 2472 38 0 179
lay 1528 2472 70 0 179
lay 1592 2472 49 0 179
tree 1608 2488 11 0 179
tree 1832 2488 35 0 179
tree 1848 2488 0 0 179
tree 1960 2472 41 0 179
lay 2024 2488 67 0 179
lay 2120 2472 67 0 179
trop 2156 2468 123 179 179
trop 2172 2476 192 179 179
trop 2164 2476 192 179 179
zabor 2224 2480 38 0 9
trop 2236 2476 215 179 179
zabor 2256 2480 28 0 8
zabor 2288 2480 29 0 8
zabor 2352 2480 24 0 8
zabor 2384 2480 30 0 8
zabor 2416 2480 25 0 8
zabor 2448 2480 24 0 8
zabor 2512 2480 30 0 8
zabor 2544 2480 31 0 8
zabor 2608 2480 24 0 8
trop 2604 2492 215 179 179
zabor 2640 2480 29 0 8
zabor 2672 2480 27 0 8
zabor 2736 2480 27 0 8
zabor 2768 2480 29 0 8
trop 2860 2484 215 179 179
lay 2936 2488 50 0 179
trop 2988 2468 215 179 179
lay 3080 2488 20 0 179
lay 3624 2488 67 0 179
lay 3672 2488 67 0 179
tree 3976 2472 38 0 179
lay 4008 2488 66 0 179
lay 4056 2472 67 0 179
lay 4040 2488 67 0 179
lay 4280 2472 67 0 179
lay 4312 2488 67 0 179
lay 4392 2472 67 0 179
lay 4760 2488 67 0 179
lay 4824 2488 67 0 179
lay 5048 2488 67 0 179
lay 5080 2488 67 0 179
lay 5432 2472 67 0 179
tree 5496 2488 16 0 179
tree 5544 2472 16 0 179
trop 5804 2468 121 179 179
lay 6504 2488 61 0 179
tree 6648 2488 40 0 179
tree 6664 2488 36 0 179
tree 6696 2472 40 0 179
lay 7816 2472 67 0 179
lay 7880 2472 67 0 179
lay 7896 2472 67 0 179
cliff 7904 2480 126 179 179
cliff 7952 2480 72 179 179
cliff 7952 2464 92 179 179
cliff 7936 2480 89 179 179
cliff 7984 2464 18 179 179
cliff 7968 2464 91 179 179
cliff 8016 2480 19 179 179
cliff 8032 2480 16 179 179
cliff 8064 2480 17 179 179
tree 248 2520 12 0 179
tree 296 2504 40 0 179
tree 344 2520 17 0 179
tree 360 2504 12 0 179
tree 376 2520 34 0 179
tree 440 2520 35 0 179
tree 488 2520 35 0 179
tree 1032 2520 15 0 179
tree 1304 2504 36 0 179
tree 1320 2504 40 0 179
lay 1320 2520 48 0 179
lay 1416 2520 48 0 179
tree 1496 2504 17 0 179
lay 1592 2520 49 0 179
trop 1804 2524 99 179 179
tree 1960 2504 39 0 179
tree 1960 2520 12 0 179
lay 2024 2520 67 0 179
lay 2136 2504 67 0 179
zabor 2224 2512 29 0 8
lay 2280 2504 49 0 179
lay 2376 2504 49 0 179
lay 2504 2504 49 0 179
zabor 2544 2512 29 0 8
trop 2564 2508 116 179 179
zabor 2608 2512 25 0 8
trop 2636 2500 216 179 179
lay 2680 2504 49 0 179
lay 2760 2504 49 0 179
zabor 2960 2512 27 0 8
lay 3048 2504 67 0 179
lay 3720 2520 67 0 179
tree 4056 2520 38 0 179
lay 4328 2520 67 0 179
lay 4376 2504 67 0 179
lay 4360 2520 67 0 179
lay 4792 2504 67 0 179
lay 4984 2520 67 0 179
lay 4968 2504 67 0 179
lay 5016 2504 67 0 179
trop 5756 2500 122 179 179
trop 5748 2524 114 179 179
stand 5736 2520 1 0 179
trop 5804 2500 72 179 179
trop 5828 2500 121 179 179
trop 5908 2508 126 179 179
trop 5940 2500 15 179 179
lay 6008 2504 61 0 179
trop 6060 2500 121 179 179
lay 6664 2504 17 0 179
zabor 6736 2512 25 0 8
zabor 6768 2512 25 0 8
lay 6760 2520 61 0 179
zabor 6832 2512 26 0 8
zabor 6864 2512 25 0 8
zabor 6896 2512 28 0 8
zabor 6928 2512 28 0 8
zabor 7024 2512 25 0 8
zabor 7056 2512 27 0 8
lay 7800 2504 67 0 179
lay 7848 2504 67 0 179
cliff 7888 2512 75 179 179
tree 152 2552 34 0 179
tree 136 2552 12 0 179
lay 136 2552 48 0 179
tree 184 2536 14 0 179
tree 168 2536 35 0 179
tree 184 2552 40 0 179
tree 168 2552 39 0 179
tree 216 2536 13 0 179
tree 232 2536 16 0 179
tree 264 2536 37 0 179
tree 328 2536 0 0 179
tree 440 2536 17 0 179
tree 456 2536 10 0 179
tree 488 2552 38 0 179
lay 632 2552 61 0 179
lay 808 2536 61 0 179
tree 872 2552 17 0 179
tree 872 2536 17 0 179
trop 1188 2532 99 179 179
tree 1400 2536 35 0 179
tree 1432 2552 17 0 179
tree 1448 2536 12 0 179
tree 1528 2536 35 0 179
tree 1512 2536 14 0 179
tree 1560 2552 10 0 179
lay 1560 2552 49 0 179
tree 1576 2552 11 0 179
trop 1700 2556 62 179 179
tree 1944 2536 12 0 179
tree 1928 2552 34 0 179
trop 1948 2532 209 179 179
tree 1960 2552 35 0 179
lay 2184 2552 67 0 179
trop 2196 2540 192 179 179
zabor 2224 2544 27 0 8
zabor 2256 2544 28 0 8
trop 2388 2556 200 179 179
trop 2452 2548 215 179 179
zabor 2544 2544 29 0 8
trop 2564 2540 215 179 179
zabor 2608 2544 26 0 8
lay 2728 2552 58 0 179
trop 2772 2548 215 179 179
trop 2868 2532 215 179 179
zabor 2960 2544 27 0 8
trop 2972 2556 215 179 179
trop 3004 2540 215 179 179
lay 3720 2552 67 0 179
tree 3976 2536 13 0 179
tree 4024 2536 39 0 179
trop 4044 2540 212 179 179
lay 4056 2536 67 0 179
tree 4072 2536 40 0 179
lay 4088 2552 67 0 179
lay 4840 2536 67 0 179
lay 4872 2536 67 0 179
lay 5384 2536 67 0 179
lay 5416 2552 67 0 179
tree 5496 2536 35 0 179
tree 5512 2552 40 0 179
lay 5512 2552 48 0 179
trop 5668 2532 62 179 179
trop 5876 2532 122 179 179
trop 5932 2532 109 179 179
trop 5924 2556 108 179 179
trop 6004 2532 109 179 179
trop 6012 2532 114 179 179
trop 6124 2532 109 179 179
trop 6228 2532 109 179 179
tree 6328 2552 35 0 179
trop 6324 2532 115 179 179
lay 6584 2552 67 0 179
lay 7752 2536 67 0 179
cliff 7824 2528 126 179 179
cliff 7872 2544 78 179 179
tree 200 2568 36 0 179
lay 216 2584 48 0 179
tree 232 2584 39 0 179
tree 344 2568 38 0 179
tree 376 2584 40 0 179
tree 888 2568 11 0 179
tree 1032 2568 35 0 179
tree 1336 2568 39 0 179
tree 1336 2584 38 0 179
lay 1384 2568 48 0 179
tree 1528 2584 12 0 179
tree 1848 2568 34 0 179
tree 1832 2568 36 0 179
lay 2040 2584 67 0 179
lay 2184 2568 67 0 179
trop 2212 2564 192 179 179
zabor 2256 2576 28 0 8
trop 2388 2564 200 179 179
trop 2412 2580 200 179 179
zabor 2544 2576 29 0 8
trop 2572 2588 215 179 179
zabor 2608 2576 28 0 8
lay 2648 2568 49 0 179
lay 2712 2584 49 0 179
lay 2872 2584 58 0 179
zabor 2960 2576 28 0 8
lay 3032 2568 67 0 179
lay 3080 2584 67 0 179
lay 3624 2584 67 0 179
lay 3672 2568 67 0 179
tree 3992 2568 36 0 179
tree 4072 2584 34 0 179
lay 4888 2568 67 0 179
lay 4936 2584 67 0 179
lay 4968 2584 67 0 179
lay 5000 2568 67 0 179
tree 5512 2568 35 0 179
tree 5560 2584 16 0 179
tree 5800 2584 37 0 179
trop 5892 2572 96 179 179
lay 6328 2584 67 0 179
tree 6312 2568 38 0 179
tree 6360 2568 36 0 179
trop 6428 2580 107 179 179
trop 6484 2564 111 179 179
lay 6552 2568 67 0 179
lay 6648 2584 67 0 179
lay 6840 2584 67 0 179
lay 7720 2584 67 0 179
lay 7736 2568 67 0 179
cliff 7792 2576 72 179 179
cliff 7824 2560 78 179 179
tree 232 2616 34 0 179
tree 232 2600 0 0 179
tree 296 2600 38 0 179
tree 360 2616 0 0 179
tree 472 2616 13 0 179
tree 488 2600 35 0 179
tree 984 2616 0 0 179
tree 1048 2616 35 0 179
lay 1240 2616 61 0 179
tree 1368 2600 0 0 179
tree 1432 2616 39 0 179
lay 1496 2616 48 0 179
tree 1512 2616 38 0 179
tree 1784 2616 14 0 179
tree 1800 2600 12 0 179
tree 1848 2600 14 0 179
tree 1832 2616 0 0 179
tree 1912 2616 11 0 179
lay 1944 2616 67 0 179
lay 1928 2616 67 0 179
trop 2228 2620 197 179 179
zabor 2256 2608 26 0 8
lay 2296 2600 50 0 179
lay 2392 2600 50 0 179
lay 2520 2600 49 0 179
trop 2612 2604 200 179 179
zabor 2608 2608 24 0 8
zabor 2640 2608 25 0 8
lay 2696 2616 67 0 179
trop 2772 2596 215 179 179
lay 2872 2616 58 0 179
zabor 2960 2608 31 0 8
lay 3000 2600 67 0 179
lay 3576 2600 67 0 179
lay 3672 2616 67 0 179
tree 3832 2600 37 0 179
trop 3884 2620 213 179 179
tree 3896 2600 37 0 179
tree 3912 2616 17 0 179
tree 4024 2616 13 0 179
tree 4008 2616 15 0 179
lay 4104 2600 67 0 179
lay 4856 2600 67 0 179
tree 5528 2600 35 0 179
tree 5816 2616 14 0 179
trop 5980 2612 99 179 179
lay 6200 2600 67 0 179
lay 6184 2616 67 0 179
lay 6264 2600 67 0 179
lay 6312 2616 67 0 179
lay 6536 2616 67 0 179
lay 6584 2600 67 0 179
lay 6696 2616 67 0 179
lay 6808 2616 67 0 179
lay 6808 2600 67 0 179
lay 6888 2600 67 0 179
lay 6920 2616 67 0 179
trop 7404 2596 200 179 179
lay 7688 2616 67 0 179
cliff 7776 2608 82 179 179
tree 248 2648 35 0 179
tree 312 2632 36 0 179
tree 376 2632 39 0 179
tree 424 2632 40 0 179
tree 472 2632 15 0 179
tree 632 2648 14 0 179
tree 1400 2648 14 0 179
lay 1512 2632 70 0 179
tree 1528 2632 0 0 179
tree 1784 2632 37 0 179
tree 1800 2648 17 0 179
lay 1896 2648 67 0 179
lay 1992 2632 67 0 179
lay 2024 2632 67 0 179
lay 2152 2648 67 0 179
zabor 2256 2640 32 0 9
lay 2488 2648 49 0 179
lay 2536 2648 67 0 179
zabor 2544 2640 30 0 8
lay 2584 2648 67 0 179
zabor 2640 2640 34 0 9
trop 2628 2636 215 179 179
zabor 2672 2640 27 0 8
zabor 2704 2640 24 0 8
lay 2728 2632 67 0 179
zabor 2736 2640 25 0 8
lay 2760 2648 67 0 179
zabor 2768 2640 26 0 8
zabor 2800 2640 29 0 8
zabor 2960 2640 27 0 8
lay 3032 2648 34 0 179
lay 3576 2648 67 0 179
trop 3828 2636 202 179 179
tree 3848 2648 38 0 179
tree 3912 2648 12 0 179
lay 4104 2632 67 0 179
lay 4888 2632 67 0 179
lay 4920 2632 67 0 179
lay 4904 2632 67 0 179
lay 5432 2632 67 0 179
tree 5528 2648 40 0 179
tree 5800 2632 14 0 179
tree 5800 2648 35 0 179
tree 5832 2632 36 0 179
tree 5832 2648 12 0 179
trop 5964 2652 111 179 179
lay 6088 2632 67 0 179
fre 6124 2652 10 179 179
lay 6360 2648 67 0 179
lay 6408 2632 31 0 179
lay 6488 2632 67 0 179
lay 6552 2648 67 0 179
lay 6664 2632 67 0 179
lay 6696 2648 67 0 179
lay 6760 2632 67 0 179
lay 6888 2648 67 0 179
lay 6920 2648 67 0 179
trop 7580 2644 200 179 179
lay 7656 2632 67 0 179
cliff 7744 2640 82 179 179
cliff 7760 2624 80 179 179
trop 20 2676 194 179 179
trop 92 2660 194 179 179
tree 264 2680 12 0 179
tree 264 2664 37 0 179
lay 376 2680 56 0 179
tree 360 2664 35 0 179
tree 360 2680 12 0 179
tree 392 2680 34 0 179
tree 504 2680 12 0 179
tree 664 2680 14 0 179
lay 792 2664 61 0 179
tree 952 2680 12 0 179
tree 952 2664 12 0 179
tree 968 2664 10 0 179
tree 1240 2680 35 0 179
tree 1368 2664 34 0 179
lay 1432 2680 70 0 179
tree 1448 2680 12 0 179
tree 1512 2664 17 0 179
tree 1544 2680 17 0 179
tree 1560 2680 14 0 179
tree 1608 2680 15 0 179
tree 1816 2680 17 0 179
tree 1848 2680 12 0 179
trop 1836 2668 214 179 179
lay 1912 2680 67 0 179
lay 1944 2680 67 0 179
zabor 2256 2672 26 0 8
lay 2328 2664 58 0 179
trop 2396 2684 215 179 179
lay 2520 2680 67 0 179
zabor 2544 2672 27 0 8
lay 2600 2680 67 0 179
lay 2664 2664 67 0 179
lay 2760 2680 67 0 179
zabor 2800 2672 27 0 8
lay 2856 2664 49 0 179
lay 2920 2680 49 0 179
zabor 2960 2672 27 0 8
lay 3000 2680 67 0 179
lay 3080 2680 67 0 179
lay 3624 2680 67 0 179
lay 3752 2664 67 0 179
tree 3880 2664 40 0 179
tree 3896 2680 38 0 179
lay 3992 2664 67 0 179
lay 3992 2680 67 0 179
lay 4168 2664 67 0 179
lay 5448 2664 67 0 179
tree 5752 2664 13 0 179
tree 5768 2664 35 0 179
trop 5820 2668 210 179 179
tree 5816 2680 39 0 179
trop 5924 2668 108 179 179
lay 6056 2664 67 0 179
fre 6116 2668 65 179 179
fre 6156 2660 34 179 179
most 6432 2656 61 0 179
lay 6968 2680 67 0 179
lay 7000 2664 67 0 179
lay 7624 2680 67 0 179
lay 7624 2664 67 0 179
cliff 7712 2672 80 179 179
cliff 7728 2656 78 179 179
tree 248 2696 12 0 179
tree 280 2712 17 0 179
tree 296 2696 38 0 179
tree 360 2712 38 0 179
tree 680 2696 16 0 179
lay 760 2696 61 0 179
tree 1416 2696 35 0 179
tree 1464 2712 17 0 179
tree 1528 2696 39 0 179
lay 1624 2696 49 0 179
stand 1768 2712 2 0 179
tree 1832 2696 0 0 179
lay 2120 2712 67 0 179
lay 2184 2696 67 0 179
zabor 2256 2704 24 0 8
lay 2296 2712 49 0 179
lay 2408 2696 50 0 179
lay 2488 2696 49 0 179
lay 2536 2712 67 0 179
zabor 2544 2704 39 0 9
lay 2680 2696 67 0 179
lay 2792 2712 67 0 179
zabor 2800 2704 29 0 8
lay 2840 2712 49 0 179
zabor 2864 2704 31 0 8
zabor 2896 2704 27 0 8
zabor 2928 2704 27 0 8
lay 2968 2712 67 0 179
zabor 2960 2704 39 0 9
lay 3048 2696 67 0 179
lay 3672 2712 67 0 179
tree 3864 2712 12 0 179
tree 3880 2696 12 0 179
trop 3908 2692 212 179 179
tree 3928 2712 35 0 179
tree 3944 2696 37 0 179
lay 4040 2696 67 0 179
lay 5448 2696 67 0 179
tree 5544 2696 34 0 179
trop 5668 2708 62 179 179
tree 5800 2696 0 0 179
tree 5816 2712 35 0 179
tree 5848 2696 17 0 179
tree 5848 2712 15 0 179
tree 5832 2696 39 0 179
trop 5892 2708 96 179 179
lay 6072 2712 67 0 179
lay 6392 2712 67 0 179
lay 6552 2712 67 0 179
lay 6792 2712 67 0 179
lay 7016 2712 67 0 179
lay 7064 2712 67 0 179
lay 7608 2712 67 0 179
cliff 7680 2704 80 179 179
cliff 7696 2688 82 179 179
tree 232 2728 40 0 179
tree 360 2728 38 0 179
tree 392 2728 39 0 179
tree 632 2728 15 0 179
tree 664 2744 16 0 179
tree 712 2744 13 0 179
tree 1112 2728 14 0 179
tree 1432 2728 39 0 179
tree 1480 2744 36 0 179
trop 1700 2740 62 179 179
lay 1960 2728 67 0 179
lay 1960 2744 67 0 179
lay 2184 2728 67 0 179
zabor 2256 2736 31 0 8
zabor 2288 2736 36 0 9
zabor 2320 2736 24 0 8
zabor 2352 2736 38 0 9
zabor 2384 2736 26 0 8
zabor 2416 2736 29 0 8
zabor 2448 2736 24 0 8
lay 2488 2744 49 0 179
zabor 2480 2736 38 0 9
zabor 2512 2736 24 0 8
zabor 2544 2736 35 0 9
lay 2584 2728 67 0 179
lay 2696 2728 67 0 179
lay 2824 2744 67 0 179
lay 2904 2744 67 0 179
lay 3000 2744 35 0 179
lay 3016 2728 38 0 179
tree 3880 2728 0 0 179
tree 3928 2728 35 0 179
tree 3912 2728 39 0 179
trop 3940 2732 213 179 179
lay 4024 2744 67 0 179
lay 4120 2744 67 0 179
lay 4136 2728 67 0 179
tree 5560 2744 16 0 179
tree 5800 2728 39 0 179
tree 5816 2728 12 0 179
tree 5848 2728 10 0 179
tree 5864 2728 14 0 179
lay 6088 2744 67 0 179
lay 6152 2728 67 0 179
lay 6232 2744 67 0 179
lay 6280 2744 67 0 179
lay 6312 2728 67 0 179
fre 6364 2740 13 179 179
trop 6436 2732 107 179 179
lay 6488 2728 19 0 179
tree 6504 2744 13 0 179
tree 6520 2744 0 0 179
lay 6552 2728 67 0 179
lay 6616 2728 67 0 179
lay 6760 2728 67 0 179
lay 7080 2744 67 0 179
lay 7560 2744 67 0 179
cliff 7648 2736 78 179 179
cliff 7664 2720 80 179 179
tree 216 2776 39 0 179
lay 232 2776 56 0 179
lay 392 2760 56 0 179
lay 664 2776 53 0 179
tree 680 2776 0 0 179
tree 680 2760 13 0 179
tree 984 2776 16 0 179
tree 1240 2760 12 0 179
tree 1256 2776 13 0 179
lay 1288 2760 61 0 179
tree 1432 2760 39 0 179
tree 1528 2760 39 0 179
lay 1512 2760 70 0 179
tree 1592 2760 35 0 179
lay 1592 2776 49 0 179
tree 1608 2776 0 0 179
tree 1608 2760 17 0 179
tree 1816 2760 0 0 179
lay 2008 2760 67 0 179
lay 2024 2760 67 0 179
lay 2200 2760 67 0 179
lay 2344 2760 67 0 179
lay 2392 2760 67 0 179
lay 2552 2760 67 0 179
lay 2616 2776 67 0 179
lay 2696 2776 67 0 179
lay 2776 2760 67 0 179
lay 2856 2776 67 0 179
lay 2888 2760 67 0 179
lay 2952 2776 67 0 179
lay 2984 2760 67 0 179
lay 3032 2760 67 0 179
lay 3640 2776 67 0 179
tree 3848 2776 13 0 179
tree 3928 2776 40 0 179
lay 4072 2760 67 0 179
lay 5496 2776 67 0 179
tree 5528 2776 13 0 179
tree 5560 2776 38 0 179
tree 5816 2760 36 0 179
tree 5800 2776 0 0 179
trop 5924 2764 108 179 179
fre 6092 2780 7 179 179
fre 6124 2764 30 179 179
lay 6200 2760 67 0 179
fre 6372 2764 14 179 179
lay 6392 2760 3 0 179
lay 6648 2760 67 0 179
lay 6664 2760 67 0 179
lay 6792 2776 67 0 179
lay 6840 2760 67 0 179
lay 6872 2760 67 0 179
lay 6936 2776 67 0 179
lay 6920 2760 67 0 179
lay 6968 2776 67 0 179
lay 7032 2760 67 0 179
lay 7080 2760 67 0 179
lay 7528 2760 67 0 179
cliff 7616 2768 80 179 179
cliff 7632 2752 79 179 179
tree 184 2808 36 0 179
tree 168 2808 37 0 179
tree 200 2792 39 0 179
tree 248 2808 34 0 179
tree 232 2808 39 0 179
tree 232 2792 37 0 179
tree 344 2808 34 0 179
tree 360 2792 39 0 179
tree 392 2792 34 0 179
tree 392 2808 38 0 179
tree 408 2808 40 0 179
tree 424 2792 40 0 179
tree 472 2792 12 0 179
tree 632 2792 35 0 179
tree 712 2808 13 0 179
tree 712 2792 17 0 179
tree 744 2808 16 0 179
tree 776 2808 13 0 179
tree 856 2792 16 0 179
tree 1288 2808 35 0 179
tree 1496 2792 37 0 179
tree 1528 2792 17 0 179
tree 1512 2792 17 0 179
tree 1528 2808 34 0 179
tree 1848 2792 13 0 179
tree 1896 2808 36 0 179
tree 1928 2792 36 0 179
lay 2040 2808 67 0 179
lay 2200 2792 67 0 179
lay 2248 2792 67 0 179
lay 2280 2808 67 0 179
lay 2280 2792 67 0 179
lay 2408 2808 67 0 179
lay 2456 2792 67 0 179
lay 2504 2792 67 0 179
lay 2536 2808 67 0 179
lay 2568 2792 67 0 179
lay 2824 2792 67 0 179
lay 3016 2792 33 0 179
lay 3048 2808 67 0 179
lay 3640 2808 67 0 179
lay 3704 2808 67 0 179
tree 3880 2792 34 0 179
trop 3908 2804 212 179 179
tree 3912 2808 34 0 179
trop 4004 2788 202 179 179
tree 5560 2808 35 0 179
tree 5576 2808 10 0 179
stand 5736 2792 1 0 179
lay 6040 2792 67 0 179
lay 6200 2808 67 0 179
zabor 6256 2800 28 0 8
zabor 6288 2800 26 0 8
zabor 6320 2800 29 0 8
zabor 6352 2800 24 0 8
zabor 6416 2800 31 0 8
lay 6504 2808 60 0 179
lay 6648 2792 67 0 179
lay 6680 2808 67 0 179
lay 6776 2792 67 0 179
lay 7000 2808 67 0 179
lay 7480 2808 67 0 179
lay 7496 2792 67 0 179
cliff 7568 2800 72 179 179
cliff 7600 2784 80 179 179
tree 216 2840 36 0 179
tree 232 2824 35 0 179
tree 264 2840 38 0 179
tree 296 2840 37 0 179
tree 312 2840 35 0 179
tree 360 2824 36 0 179
tree 424 2824 0 0 179
tree 536 2840 11 0 179
tree 600 2824 35 0 179
tree 728 2840 15 0 179
tree 744 2840 0 0 179
tree 760 2824 14 0 179
lay 920 2824 61 0 179
tree 936 2824 17 0 179
lay 1000 2840 53 0 179
lay 1096 2840 61 0 179
tree 1496 2840 35 0 179
tree 1480 2824 36 0 179
tree 1544 2840 0 0 179
lay 1560 2840 49 0 179
tree 1832 2824 40 0 179
tree 1880 2840 36 0 179
tree 1896 2824 0 0 179
trop 1908 2836 212 179 179
tree 1944 2840 14 0 179
tree 1960 2840 35 0 179
lay 2248 2824 67 0 179
lay 2312 2824 67 0 179
lay 2376 2824 67 0 179
lay 2440 2840 67 0 179
lay 2504 2840 67 0 179
lay 2904 2824 67 0 179
lay 3048 2824 67 0 179
lay 3112 2824 67 0 179
lay 3160 2840 67 0 179
lay 3144 2840 67 0 179
trop 3812 2828 202 179 179
lay 5288 2840 67 0 179
lay 5336 2824 67 0 179
lay 5496 2840 67 0 179
tree 5544 2824 0 0 179
tree 5560 2840 35 0 179
tree 5560 2824 37 0 179
tree 5592 2824 10 0 179
lay 5576 2840 54 0 179
trop 5892 2828 96 179 179
lay 6184 2840 67 0 179
zabor 6256 2832 32 0 9
zabor 6416 2832 30 0 8
tree 6456 2824 10 0 179
tree 6456 2840 35 0 179
lay 6728 2824 67 0 179
lay 6760 2824 67 0 179
lay 7464 2824 67 0 179
lay 7464 2840 67 0 179
cliff 7552 2832 79 179 179
tree 264 2856 34 0 179
tree 424 2856 15 0 179
lay 424 2872 54 0 179
tree 536 2856 0 0 179
tree 632 2856 12 0 179
tree 680 2856 17 0 179
tree 680 2872 10 0 179
tree 712 2856 16 0 179
tree 776 2872 10 0 179
tree 792 2856 17 0 179
tree 776 2856 15 0 179
tree 1080 2856 16 0 179
tree 1064 2872 15 0 179
tree 1096 2856 16 0 179
tree 1352 2856 14 0 179
tree 1432 2856 17 0 179
tree 1496 2872 36 0 179
tree 1512 2872 10 0 179
trop 1980 2852 192 179 179
lay 2072 2856 67 0 179
lay 2072 2872 67 0 179
lay 2360 2872 67 0 179
lay 2392 2872 67 0 179
lay 2440 2856 67 0 179
lay 3688 2872 67 0 179
lay 3736 2872 67 0 179
trop 3868 2868 209 179 179
tree 3864 2856 34 0 179
trop 3900 2868 209 179 179
tree 3928 2856 40 0 179
lay 5240 2856 67 0 179
lay 5304 2856 67 0 179
lay 5336 2856 67 0 179
tree 5560 2872 0 0 179
tree 5560 2856 36 0 179
tree 5608 2872 0 0 179
tree 5784 2856 17 0 179
tree 5784 2872 0 0 179
tree 5816 2872 40 0 179
tree 5832 2856 0 0 179
trop 5924 2876 108 179 179
lay 6024 2856 67 0 179
zabor 6256 2864 30 0 8
lay 6344 2872 28 0 179
trop 6356 2868 203 179 179
trop 6348 2860 203 179 179
zabor 6416 2864 36 0 9
trop 6492 2860 102 179 179
zabor 6544 2864 36 0 9
zabor 6576 2864 27 0 8
zabor 6640 2864 28 0 8
zabor 6672 2864 25 0 8
zabor 6768 2864 31 0 8
zabor 6800 2864 25 0 8
zabor 6832 2864 35 0 9
tree 6904 2856 15 0 179
lay 6984 2872 67 0 179
lay 7032 2856 67 0 179
lay 7448 2872 67 0 179
cliff 7520 2848 75 179 179
tree 424 2904 14 0 179
tree 424 2888 12 0 179
tree 440 2888 35 0 179
tree 456 2888 14 0 179
tree 664 2888 12 0 179
lay 728 2888 53 0 179
tree 792 2888 17 0 179
tree 1048 2904 13 0 179
lay 1464 2904 70 0 179
tree 1448 2904 35 0 179
tree 1496 2888 11 0 179
tree 1560 2904 39 0 179
tree 1608 2904 17 0 179
tree 1800 2904 10 0 179
tree 1928 2888 40 0 179
tree 1960 2904 15 0 179
tree 1960 2888 16 0 179
lay 3784 2888 67 0 179
lay 3816 2904 67 0 179
tree 3880 2888 37 0 179
tree 3912 2888 38 0 179
lay 5224 2904 67 0 179
lay 5352 2888 67 0 179
lay 5496 2904 67 0 179
tree 5560 2888 38 0 179
trop 5668 2884 62 179 179
trop 5804 2892 209 179 179
tree 5816 2888 14 0 179
lay 6104 2888 67 0 179
lay 6168 2888 67 0 179
lay 6328 2888 58 0 179
zabor 6416 2896 30 0 8
zabor 6448 2896 37 0 9
zabor 6544 2896 25 0 8
trop 6644 2908 203 179 179
zabor 6672 2896 24 0 8
zabor 6704 2896 29 0 8
lay 6696 2888 58 0 179
zabor 6736 2896 37 0 9
zabor 6768 2896 28 0 8
zabor 6832 2896 26 0 8
tree 6920 2904 13 0 179
tree 6936 2888 14 0 179
lay 7432 2904 67 0 179
cliff 7504 2880 78 179 179
trop 188 2916 194 179 179
trop 220 2932 194 179 179
trop 292 2924 194 179 179
tree 408 2920 10 0 179
tree 424 2920 12 0 179
tree 616 2920 14 0 179
tree 760 2936 12 0 179
lay 808 2936 53 0 179
tree 840 2936 17 0 179
tree 1192 2936 10 0 179
tree 1496 2936 14 0 179
tree 1544 2920 13 0 179
tree 1576 2936 10 0 179
tree 1592 2920 11 0 179
trop 1700 2916 62 179 179
tree 1832 2920 39 0 179
tree 1880 2920 37 0 179
tree 1944 2920 10 0 179
tree 1960 2920 12 0 179
lay 2088 2920 67 0 179
lay 2088 2936 67 0 179
lay 2120 2936 67 0 179
lay 2200 2936 67 0 179
lay 2216 2920 67 0 179
lay 2280 2936 67 0 179
lay 2904 2936 67 0 179
lay 2936 2936 67 0 179
lay 3000 2936 67 0 179
lay 3048 2936 67 0 179
lay 3096 2936 67 0 179
lay 3704 2920 67 0 179
tree 3912 2936 36 0 179
lay 5384 2920 67 0 179
lay 5400 2920 67 0 179
lay 5416 2936 67 0 179
lay 5464 2920 67 0 179
lay 5544 2920 67 0 179
lay 5608 2936 49 0 179
tree 5800 2936 17 0 179
trop 5892 2940 96 179 179
lay 5976 2920 67 0 179
fre 5980 2924 26 179 179
trop 5956 2932 110 179 179
fre 5988 2924 14 179 179
fre 6052 2932 12 179 179
lay 6152 2936 67 0 179
zabor 6256 2928 31 0 8
trop 6420 2924 203 179 179
zabor 6448 2928 25 0 8
trop 6484 2916 96 179 179
zabor 6544 2928 26 0 8
lay 6616 2936 58 0 179
lay 6632 2936 58 0 179
trop 6636 2932 203 179 179
trop 6644 2924 203 179 179
trop 6796 2932 203 179 179
zabor 6832 2928 25 0 8
tree 6920 2920 11 0 179
lay 6984 2936 67 0 179
lay 7048 2936 67 0 179
lay 7144 2936 58 0 179
lay 7416 2920 67 0 179
cliff 7488 2912 76 179 179
tree 120 2952 35 0 179
tree 152 2952 35 0 179
trop 252 2972 194 179 179
tree 632 2952 14 0 179
lay 648 2952 53 0 179
tree 744 2952 11 0 179
tree 760 2968 15 0 179
lay 1224 2952 49 0 179
tree 1528 2968 17 0 179
tree 1512 2952 35 0 179
tree 1624 2968 0 0 179
trop 1700 2972 62 179 179
tree 1848 2952 35 0 179
tree 1928 2952 35 0 179
tree 1960 2952 39 0 179
tree 1976 2952 0 0 179
lay 2152 2952 67 0 179
lay 2312 2952 67 0 179
lay 2424 2952 67 0 179
lay 2456 2952 67 0 179
lay 2552 2968 67 0 179
lay 2568 2968 67 0 179
lay 2600 2952 67 0 179
lay 2664 2952 67 0 179
lay 2680 2952 67 0 179
lay 2696 2968 67 0 179
lay 2808 2952 67 0 179
lay 2808 2968 67 0 179
lay 2968 2968 67 0 179
lay 2984 2968 67 0 179
lay 3032 2968 67 0 179
lay 3064 2968 67 0 179
lay 3080 2968 67 0 179
lay 3656 2952 67 0 179
tree 3880 2952 39 0 179
tree 3928 2968 34 0 179
lay 5208 2968 67 0 179
lay 5240 2952 67 0 179
lay 5560 2968 67 0 179
trop 5804 2956 209 179 179
tree 5800 2952 14 0 179
tree 5800 2968 40 0 179
tree 5832 2952 10 0 179
fre 6020 2948 23 179 179
fre 6020 2964 68 179 179
lay 6136 2968 67 0 179
zabor 6256 2960 25 0 8
trop 6300 2964 203 179 179
trop 6388 2956 203 179 179
zabor 6448 2960 27 0 8
trop 6516 2948 108 179 179
zabor 6832 2960 29 0 8
tree 6920 2968 12 0 179
lay 6968 2968 58 0 179
lay 7016 2968 67 0 179
lay 7384 2952 67 0 179
lay 7416 2952 67 0 179
cliff 7440 2944 85 179 179
cliff 7472 2944 78 179 179
tree 1048 3000 16 0 179
tree 1496 3000 36 0 179
tree 1512 2984 14 0 179
tree 1608 2984 11 0 179
stand 1768 2984 17 0 179
tree 1848 2984 36 0 179
tree 1848 3000 17 0 179
trop 1860 2988 209 179 179
trop 2108 3004 192 179 179
trop 2092 2980 192 179 179
trop 2212 2988 192 179 179
lay 2328 2984 67 0 179
lay 2360 2984 67 0 179
lay 2376 2984 67 0 179
lay 2408 2984 67 0 179
trop 2452 3004 192 179 179
lay 2504 2984 67 0 179
lay 2568 3000 67 0 179
trop 2684 3004 192 179 179
trop 2660 2980 192 179 179
lay 2728 2984 67 0 179
lay 2776 2984 67 0 179
lay 2888 2984 67 0 179
lay 2968 2984 67 0 179
lay 3112 2984 67 0 179
lay 3672 3000 67 0 179
lay 3768 2984 28 0 179
trop 3796 2980 108 179 179
tree 3896 2984 13 0 179
tree 3928 2984 14 0 179
lay 5000 3000 67 0 179
lay 5048 3000 67 0 179
tree 5336 2984 0 0 179
tree 5560 3000 40 0 179
tree 5560 2984 0 0 179
lay 5560 3000 48 0 179
tree 5800 2984 35 0 179
lay 5832 3000 49 0 179
fre 5940 2988 27 179 179
fre 5988 3004 33 179 179
fre 5988 2980 9 179 179
lay 6072 2984 67 0 179
lay 6120 2984 67 0 179
zabor 6192 2992 32 0 9
zabor 6224 2992 26 0 8
lay 6232 2984 58 0 179
zabor 6256 2992 24 0 8
trop 6284 3004 203 179 179
lay 6408 3000 58 0 179
zabor 6544 2992 28 0 8
trop 6652 2980 203 179 179
lay 6680 2984 28 0 179
trop 6724 2988 203 179 179
tree 6920 3000 16 0 179
lay 7096 3000 67 0 179
lay 7080 2984 67 0 179
lay 7368 3000 67 0 179
cliff 7456 2992 79 179 179
lay 120 3016 56 0 179
tree 136 3032 17 0 179
tree 152 3032 39 0 179
tree 184 3032 40 0 179
tree 408 3032 14 0 179
tree 408 3016 12 0 179
tree 440 3032 34 0 179
tree 632 3032 17 0 179
tree 1080 3032 16 0 179
tree 1128 3016 17 0 179
lay 1192 3032 49 0 179
lay 1288 3016 49 0 179
tree 1400 3016 12 0 179
tree 1448 3016 14 0 179
tree 1496 3016 36 0 179
tree 1528 3032 36 0 179
tree 1576 3032 0 0 179
tree 1608 3032 15 0 179
tree 1640 3016 16 0 179
tree 1864 3016 14 0 179
tree 1880 3032 40 0 179
tree 1960 3016 40 0 179
tree 1976 3016 0 0 179
trop 1996 3020 211 179 179
tree 2024 3016 39 0 179
tree 2072 3032 12 0 179
trop 2204 3028 192 179 179
trop 2252 3020 192 179 179
trop 2364 3036 192 179 179
trop 2476 3028 192 179 179
trop 2484 3036 192 179 179
lay 2552 3016 67 0 179
trop 2588 3012 192 179 179
lay 2616 3016 67 0 179
trop 2636 3028 192 179 179
lay 2808 3016 67 0 179
lay 2840 3032 67 0 179
lay 2856 3016 67 0 179
lay 2904 3016 67 0 179
lay 2984 3032 67 0 179
lay 3016 3016 67 0 179
lay 4952 3032 67 0 179
lay 5096 3016 67 0 179
lay 5128 3016 67 0 179
lay 5208 3016 67 0 179
tree 5288 3032 35 0 179
tree 5304 3016 10 0 179
tree 5560 3016 35 0 179
tree 5576 3032 0 0 179
lay 5992 3016 67 0 179
most 6016 3008 60 0 179
zabor 6192 3024 24 0 8
trop 6356 3036 203 179 179
lay 6504 3032 58 0 179
zabor 6544 3024 28 0 8
trop 6660 3012 203 179 179
trop 6692 3036 203 179 179
lay 6744 3032 58 0 179
zabor 6832 3024 29 0 8
lay 7112 3032 67 0 179
lay 7352 3032 67 0 179
cliff 7392 3024 84 179 179
cliff 7424 3008 74 179 179
tree 104 3048 15 0 179
tree 408 3048 34 0 179
tree 456 3064 0 0 179
tree 472 3048 0 0 179
tree 632 3048 14 0 179
tree 680 3048 16 0 179
lay 1272 3064 49 0 179
tree 1464 3064 36 0 179
tree 1528 3048 40 0 179
tree 1560 3064 14 0 179
tree 1944 3048 13 0 179
tree 1992 3048 37 0 179
lay 2280 3048 60 0 179
trop 2300 3060 192 179 179
trop 2348 3060 192 179 179
trop 2412 3068 192 179 179
trop 2572 3060 192 179 179
trop 2748 3052 192 179 179
lay 2760 3048 67 0 179
lay 2824 3064 67 0 179
lay 2920 3048 67 0 179
lay 3064 3048 51 0 179
cliff 3104 3040 31 179 179
lay 3704 3064 51 0 179
trop 3860 3060 114 179 179
lay 3976 3048 67 0 179
lay 4872 3064 67 0 179
lay 4904 3048 67 0 179
tree 5272 3048 13 0 179
tree 5256 3064 0 0 179
tree 5528 3064 17 0 179
tree 5560 3064 35 0 179
lay 5560 3048 48 0 179
tree 5576 3048 36 0 179
lay 5608 3064 49 0 179
lay 5656 3048 49 0 179
trop 5668 3060 62 179 179
tree 5784 3048 40 0 179
tree 5800 3064 17 0 179
lay 5960 3064 67 0 179
lay 6088 3064 67 0 179
lay 6344 3064 58 0 179
trop 6388 3052 203 179 179
zabor 6448 3056 25 0 8
zabor 6544 3056 38 0 9
trop 6548 3044 110 179 179
trop 6548 3052 98 179 179
zabor 6576 3056 31 0 8
zabor 6608 3056 28 0 8
lay 6744 3048 58 0 179
trop 6764 3060 203 179 179
trop 6796 3060 203 179 179
zabor 6832 3056 25 0 8
lay 6952 3064 60 0 179
lay 7144 3048 67 0 179
lay 7352 3048 67 0 179
tree 104 3080 34 0 179
tree 136 3080 35 0 179
trop 284 3076 194 179 179
lay 376 3080 53 0 179
tree 408 3096 14 0 179
tree 440 3096 35 0 179
tree 1208 3080 13 0 179
trop 1772 3092 108 179 179
trop 1836 3092 105 179 179
stand 1896 3080 1 0 179
stand 2184 3080 1 0 179
trop 2452 3076 192 179 179
trop 2460 3084 192 179 179
stand 2472 3080 1 0 179
stand 2776 3080 1 0 179
trop 2948 3100 109 179 179
lay 3080 3080 51 0 179
stand 3096 3080 1 0 179
stand 3704 3096 112 0 179
stand 3736 3080 151 0 179
trop 3764 3084 117 179 179
lay 3976 3096 67 0 179
lay 4856 3080 67 0 179
tree 5048 3096 12 0 179
tree 5384 3080 16 0 179
tree 5416 3096 11 0 179
tree 5560 3096 35 0 179
tree 5560 3080 40 0 179
stand 5736 3096 1 0 179
tree 5784 3096 15 0 179
tree 5800 3080 11 0 179
tree 5816 3080 36 0 179
tree 5816 3096 0 0 179
trop 5892 3076 96 179 179
lay 6008 3080 67 0 179
zabor 6192 3088 26 0 8
trop 6268 3076 203 179 179
lay 6264 3080 58 0 179
zabor 6448 3088 26 0 8
zabor 6608 3088 24 0 8
zabor 6832 3088 26 0 8
tree 7032 3080 40 0 179
lay 7336 3096 67 0 179
cliff 7360 3088 83 179 179
cliff 7392 3072 72 179 179
cliff 7408 3072 77 179 179
tree 440 3112 40 0 179
tree 440 3128 37 0 179
tree 648 3112 11 0 179
lay 1176 3112 49 0 179
lay 1288 3128 49 0 179
tree 1400 3128 39 0 179
tree 1480 3112 35 0 179
tree 1480 3128 14 0 179
tree 1528 3112 14 0 179
tree 1544 3112 40 0 179
lay 1544 3128 70 0 179
tree 1576 3112 34 0 179
trop 1676 3108 108 179 179
trop 1732 3108 70 179 179
trop 2996 3132 109 179 179
lay 3064 3112 51 0 179
lay 3096 3128 51 0 179
lay 3752 3128 27 0 179
trop 3796 3108 118 179 179
lay 3832 3128 28 0 179
lay 4008 3128 67 0 179
lay 4936 3128 67 0 179
lay 4984 3112 67 0 179
tree 5096 3128 14 0 179
tree 5128 3128 15 0 179
tree 5416 3128 17 0 179
tree 5464 3128 13 0 179
tree 5496 3112 17 0 179
tree 5544 3128 16 0 179
tree 5544 3112 34 0 179
lay 5560 3112 49 0 179
lay 5816 3128 49 0 179
lay 5992 3128 67 0 179
fre 6028 3132 69 179 179
fre 6084 3132 2 179 179
stand 6120 3128 166 0 179
zabor 6192 3120 29 0 8
trop 6268 3116 203 179 179
zabor 6288 3120 25 0 8
zabor 6320 3120 30 0 8
zabor 6384 3120 24 0 8
zabor 6416 3120 34 0 9
zabor 6448 3120 31 0 8
trop 6500 3124 117 179 179
trop 6500 3116 103 179 179
tree 6520 3128 38 0 179
zabor 6608 3120 24 0 8
zabor 6640 3120 34 0 9
zabor 6672 3120 26 0 8
zabor 6736 3120 26 0 8
zabor 6768 3120 36 0 9
zabor 6800 3120 31 0 8
zabor 6832 3120 38 0 9
lay 7128 3112 67 0 179
lay 7336 3112 67 0 179
cliff 7360 3120 87 179 179
tree 296 3160 10 0 179
tree 328 3144 13 0 179
tree 1416 3160 17 0 179
tree 1528 3160 13 0 179
trop 1700 3148 62 179 179
trop 1796 3148 111 179 179
trop 1844 3140 63 179 179
trop 1836 3164 109 179 179
trop 1964 3140 63 179 179
trop 2116 3140 63 179 179
trop 2292 3140 63 179 179
trop 2468 3140 63 179 179
trop 2644 3140 63 179 179
trop 2820 3140 63 179 179
trop 2932 3140 33 179 179
trop 3004 3156 72 179 179
most 3392 3136 4 0 179
most 3616 3136 6 0 179
lay 4008 3160 67 0 179
lay 4872 3144 67 0 179
tree 5192 3160 0 0 179
tree 5240 3160 11 0 179
tree 5256 3160 13 0 179
tree 5272 3144 10 0 179
tree 5464 3160 0 0 179
tree 5528 3160 40 0 179
tree 5544 3160 34 0 179
lay 5544 3144 70 0 179
tree 5784 3160 38 0 179
tree 5800 3160 0 0 179
tree 5848 3144 15 0 179
trop 5924 3148 108 179 179
fre 6044 3140 20 179 179
fre 6092 3156 19 179 179
zabor 6192 3152 27 0 8
zabor 6288 3152 24 0 8
trop 6276 3140 203 179 179
tree 6312 3144 13 0 179
trop 6452 3164 104 179 179
trop 6476 3156 118 179 179
lay 6520 3144 60 0 179
stand 6536 3160 151 0 179
trop 6628 3156 121 179 179
trop 6628 3156 105 179 179
tree 6936 3144 38 0 179
tree 6920 3160 36 0 179
lay 7144 3160 67 0 179
tree 104 3176 40 0 179
tree 280 3176 17 0 179
tree 312 3192 11 0 179
tree 296 3176 15 0 179
tree 344 3176 16 0 179
tree 392 3176 39 0 179
trop 772 3172 202 179 179
tree 1064 3176 16 0 179
tree 1400 3176 34 0 179
tree 1432 3176 35 0 179
lay 1432 3176 69 0 179
tree 1528 3192 40 0 179
tree 1560 3176 14 0 179
tree 1592 3176 36 0 179
lay 2552 3192 39 0 179
lay 2680 3176 60 0 179
trop 2884 3196 101 179 179
lay 2888 3192 31 0 179
lay 2936 3192 49 0 179
trop 2948 3172 101 179 179
lay 3064 3176 51 0 179
most 3200 3168 7 0 179
stand 3704 3176 112 0 179
trop 3740 3172 115 179 179
lay 3736 3176 51 0 179
lay 3736 3192 51 0 179
trop 3844 3172 109 179 179
trop 3964 3172 122 179 179
fre 4956 3172 25 179 179
fre 4940 3172 33 179 179
fre 4996 3180 4 179 179
lay 5048 3176 67 0 179
fre 5044 3196 32 179 179
tree 5432 3192 0 0 179
lay 5592 3176 49 0 179
tree 5576 3176 12 0 179
tree 5784 3176 34 0 179
lay 5768 3176 49 0 179
lay 5880 3192 49 0 179
lay 6024 3176 67 0 179
lay 6104 3176 67 0 179
fre 6092 3196 14 179 179
zabor 6192 3184 38 0 9
zabor 6224 3184 30 0 8
zabor 6256 3184 26 0 8
zabor 6288 3184 35 0 9
trop 6372 3188 114 179 179
trop 6676 3180 101 179 179
trop 6692 3188 115 179 179
tree 6904 3192 41 0 179
tree 6904 3176 37 0 179
lay 7000 3176 67 0 179
lay 7048 3192 27 0 179
dom 7040 3168 255 0 179
lay 7096 3192 67 0 179
cliff 7376 3168 81 179 179
lay 184 3224 53 0 179
tree 248 3208 37 0 179
lay 296 3208 56 0 179
tree 312 3208 36 0 179
tree 328 3208 16 0 179
tree 360 3208 0 0 179
lay 408 3208 56 0 179
tree 392 3224 37 0 179
tree 408 3208 38 0 179
trop 908 3220 202 179 179
lay 1096 3224 53 0 179
tree 1144 3224 16 0 179
tree 1144 3208 14 0 179
tree 1192 3208 16 0 179
tree 1416 3208 40 0 179
tree 1432 3224 37 0 179
tree 1448 3208 17 0 179
tree 1464 3208 10 0 179
tree 1528 3224 17 0 179
lay 1528 3208 69 0 179
trop 1820 3228 100 179 179
trop 1804 3228 99 179 179
tree 1800 3224 35 0 179
trop 1828 3204 109 179 179
tree 1832 3224 35 0 179
cliff 2160 3200 45 179 179
lay 2168 3208 51 0 179
cliff 2176 3200 49 179 179
lay 2184 3224 51 0 179
cliff 2208 3200 52 179 179
lay 2232 3208 51 0 179
cliff 2240 3200 52 179 179
lay 2264 3208 51 0 179
cliff 2272 3200 49 179 179
cliff 2304 3200 50 179 179
lay 2312 3208 51 0 179
cliff 2336 3200 51 179 179
lay 2344 3208 51 0 179
cliff 2368 3200 50 179 179
lay 2376 3208 51 0 179
tree 2408 3224 16 0 179
cliff 2400 3200 50 179 179
cliff 2432 3200 49 179 179
lay 2456 3224 51 0 179
cliff 2464 3200 52 179 179
lay 2488 3208 51 0 179
cliff 2496 3200 50 179 179
cliff 2528 3200 29 179 179
cliff 2544 3216 34 179 179
lay 2888 3224 44 0 179
trop 2940 3228 109 179 179
lay 3064 3224 51 0 179
lay 3736 3224 51 0 179
lay 3768 3208 67 0 179
lay 3752 3208 51 0 179
stand 3896 3224 188 0 179
stand 3912 3224 187 0 179
lay 3992 3208 67 0 179
lay 5112 3208 67 0 179
fre 5100 3228 65 179 179
lay 5144 3224 67 0 179
tree 5256 3224 15 0 179
tree 5432 3208 12 0 179
lay 5480 3224 49 0 179
tree 5544 3208 37 0 179
lay 5720 3208 49 0 179
tree 5816 3224 39 0 179
trop 5900 3212 96 179 179
lay 6008 3224 67 0 179
fre 6044 3220 23 179 179
lay 6088 3224 67 0 179
zabor 6384 3216 30 0 8
trop 6388 3220 100 179 179
zabor 6416 3216 25 0 8
zabor 6448 3216 28 0 8
zabor 6480 3216 30 0 8
zabor 6576 3216 24 0 8
zabor 6608 3216 24 0 8
zabor 6640 3216 25 0 8
zabor 6672 3216 28 0 8
zabor 6704 3216 36 0 9
tree 6824 3208 40 0 179
lay 6968 3224 67 0 179
lay 7064 3208 67 0 179
lay 7160 3224 27 0 179
lay 7240 3208 67 0 179
lay 216 3256 56 0 179
tree 280 3240 36 0 179
lay 296 3256 56 0 179
tree 296 3240 34 0 179
tree 424 3240 16 0 179
tree 440 3240 38 0 179
tree 472 3256 14 0 179
tree 472 3240 17 0 179
tree 488 3240 17 0 179
tree 1064 3256 17 0 179
tree 1144 3256 0 0 179
lay 1160 3240 57 0 179
tree 1512 3256 40 0 179
stand 1640 3240 72 0 179
stand 1784 3240 72 0 179
trop 1796 3244 111 179 179
tree 1816 3240 0 0 179
tree 1848 3256 39 0 179
tree 1992 3256 0 0 179
lay 2136 3240 51 0 179
cliff 2144 3232 40 179 179
trop 2260 3244 209 179 179
tree 2248 3256 0 0 179
tree 2264 3256 0 0 179
trop 2300 3252 209 179 179
tree 2280 3256 40 0 179
tree 2328 3240 30 0 179
tree 2456 3256 37 0 179
trop 2468 3252 209 179 179
trop 2500 3252 209 179 179
tree 2504 3240 39 0 179
cliff 2528 3232 51 179 179
lay 2552 3240 52 0 179
cliff 2576 3248 32 179 179
cliff 2560 3232 31 179 179
trop 2812 3252 194 179 179
trop 2908 3236 194 179 179
fre 3676 3260 16 179 179
fre 3652 3252 66 179 179
fre 3700 3252 28 179 179
fre 3700 3260 67 179 179
lay 3736 3256 67 0 179
trop 3820 3236 116 179 179
lay 3832 3256 67 0 179
stand 3880 3240 189 0 179
stand 3880 3256 149 0 179
stand 3896 3256 187 0 179
lay 3928 3256 67 0 179
lay 4024 3240 67 0 179
tree 4056 3256 35 0 179
trop 4076 3260 209 179 179
stand 4104 3240 147 0 179
lay 5112 3256 67 0 179
tree 5496 3240 40 0 179
tree 5512 3240 38 0 179
lay 5512 3240 48 0 179
fre 5588 3236 4 179 179
fre 5580 3252 32 179 179
trop 5668 3236 62 179 179
lay 5768 3240 49 0 179
tree 5800 3256 38 0 179
lay 6120 3256 67 0 179
trop 6364 3260 111 179 179
zabor 6384 3248 39 0 9
trop 6620 3252 203 179 179
stand 6632 3256 182 0 179
stand 6632 3240 184 0 179
stand 6680 3256 158 0 179
stand 6680 3240 183 0 179
stand 6664 3256 187 0 179
stand 6664 3240 186 0 179
zabor 6704 3248 31 0 8
zabor 6736 3248 34 0 9
lay 6824 3256 60 0 179
tree 6888 3240 37 0 179
lay 7048 3240 67 0 179
lay 7112 3256 67 0 179
lay 7272 3256 67 0 179
lay 7384 3256 21 0 179
tree 216 3288 35 0 179
tree 232 3272 12 0 179
tree 248 3272 36 0 179
tree 344 3288 14 0 179
tree 328 3288 12 0 179
tree 360 3272 38 0 179
tree 408 3272 34 0 179
tree 1048 3288 14 0 179
tree 1064 3272 35 0 179
tree 1144 3272 12 0 179
tree 1400 3288 0 0 179
tree 1464 3288 11 0 179
stand 1624 3288 151 0 179
stand 1640 3272 149 0 179
trop 1700 3284 66 179 179
tree 1864 3272 39 0 179
tree 1960 3272 38 0 179
tree 1992 3288 38 0 179
tree 2040 3272 17 0 179
tree 2040 3288 17 0 179
cliff 2112 3280 40 179 179
cliff 2128 3264 37 179 179
trop 2172 3276 209 179 179
tree 2152 3288 16 0 179
tree 2200 3272 39 0 179
tree 2232 3288 16 0 179
trop 2252 3276 209 179 179
tree 2264 3272 38 0 179
tree 2248 3272 0 0 179
trop 2300 3276 209 179 179
trop 2332 3268 209 179 179
tree 2312 3272 37 0 179
trop 2372 3276 209 179 179
tree 2488 3288 40 0 179
trop 2524 3276 209 179 179
trop 2508 3292 209 179 179
tree 2504 3288 34 0 179
tree 2552 3288 0 0 179
lay 2584 3288 52 0 179
cliff 2592 3280 29 179 179
cliff 2592 3264 30 179 179
trop 2740 3268 194 179 179
trop 2860 3284 194 179 179
trop 2924 3292 194 179 179
trop 2988 3276 102 179 179
lay 3096 3272 51 0 179
cliff 3120 3264 81 179 179
lay 3128 3288 2 0 179
fre 3676 3276 14 179 179
fre 3668 3292 18 179 179
fre 3692 3276 17 179 179
stand 3736 3272 153 0 179
lay 3800 3272 67 0 179
lay 3896 3288 67 0 179
lay 3912 3288 67 0 179
lay 3928 3272 27 0 179
stand 3960 3272 184 0 179
stand 3960 3288 183 0 179
lay 3992 3272 27 0 179
stand 3976 3272 180 0 179
stand 3976 3288 181 0 179
stand 3992 3272 159 0 179
stand 4024 3288 176 0 179
tree 4040 3272 39 0 179
tree 4056 3272 35 0 179
tree 4056 3288 0 0 179
tree 4072 3272 39 0 179
lay 5176 3288 67 0 179
fre 5172 3292 24 179 179
fre 5588 3268 23 179 179
fre 5588 3284 28 179 179
tree 5832 3288 37 0 179
lay 5848 3288 49 0 179
lay 5944 3272 49 0 179
lay 6024 3272 67 0 179
tree 6264 3288 15 0 179
trop 6364 3276 99 179 179
zabor 6384 3280 30 0 8
lay 6424 3288 58 0 179
trop 6436 3292 203 179 179
lay 6616 3288 58 0 179
trop 6596 3292 203 179 179
trop 6644 3276 203 179 179
zabor 6736 3280 31 0 8
trop 6820 3284 200 179 179
lay 6968 3272 67 0 179
lay 7032 3288 67 0 179
lay 7048 3272 58 0 179
lay 7096 3272 67 0 179
tree 136 3320 36 0 179
tree 184 3304 12 0 179
tree 296 3304 36 0 179
tree 424 3304 12 0 179
tree 1128 3320 16 0 179
tree 1160 3320 15 0 179
tree 1368 3320 16 0 179
tree 1448 3304 14 0 179
tree 1480 3304 16 0 179
tree 1576 3320 17 0 179
tree 1944 3320 39 0 179
lay 1992 3304 48 0 179
tree 2040 3304 0 0 179
cliff 2096 3296 48 179 179
tree 2136 3304 37 0 179
lay 2120 3304 51 0 179
trop 2172 3324 209 179 179
tree 2168 3304 40 0 179
tree 2152 3304 35 0 179
tree 2200 3304 40 0 179
tree 2184 3304 0 0 179
trop 2220 3308 209 179 179
lay 2280 3304 49 0 179
lay 2344 3320 49 0 179
trop 2420 3300 209 179 179
tree 2408 3304 39 0 179
lay 2424 3320 49 0 179
tree 2472 3320 34 0 179
tree 2488 3320 34 0 179
tree 2472 3304 0 0 179
tree 2584 3320 16 0 179
cliff 2608 3296 28 179 179
lay 2616 3304 52 0 179
cliff 2624 3312 34 179 179
trop 2764 3300 194 179 179
trop 3028 3308 108 179 179
lay 3112 3320 37 0 179
fre 3668 3316 14 179 179
fre 3668 3300 21 179 179
fre 3700 3308 3 179 179
lay 3816 3304 26 0 179
lay 3848 3320 67 0 179
lay 3880 3320 67 0 179
stand 3992 3304 186 0 179
stand 3976 3320 182 0 179
stand 3992 3320 182 0 179
stand 3976 3304 158 0 179
tree 4088 3304 36 0 179
lay 5208 3320 67 0 179
lay 5240 3320 67 0 179
lay 5288 3304 67 0 179
lay 5352 3320 67 0 179
fre 5500 3300 15 179 179
fre 5556 3316 15 179 179
lay 5784 3320 49 0 179
tree 5816 3304 39 0 179
tree 5816 3320 40 0 179
trop 5828 3316 209 179 179
tree 5832 3304 39 0 179
trop 5900 3324 96 179 179
lay 6040 3304 67 0 179
lay 6152 3304 67 0 179
lay 6264 3304 60 0 179
trop 6332 3324 108 179 179
zabor 6384 3312 36 0 9
trop 6452 3300 203 179 179
zabor 6736 3312 25 0 8
trop 6804 3300 116 179 179
trop 6804 3316 102 179 179
trop 6956 3324 200 179 179
lay 6968 3304 67 0 179
lay 7000 3304 28 0 179
lay 7016 3304 67 0 179
lay 7304 3304 67 0 179
lay 168 3352 53 0 179
lay 312 3336 56 0 179
tree 328 3352 36 0 179
tree 376 3352 0 0 179
lay 440 3352 53 0 179
trop 644 3332 202 179 179
tree 1144 3336 12 0 179
tree 1128 3352 11 0 179
lay 1176 3336 53 0 179
tree 1240 3336 10 0 179
tree 1352 3336 11 0 179
tree 1416 3336 35 0 179
tree 1560 3352 39 0 179
tree 1544 3352 17 0 179
tree 1560 3336 40 0 179
tree 1608 3352 10 0 179
tree 1848 3352 34 0 179
tree 1848 3336 35 0 179
lay 1896 3336 70 0 179
tree 1912 3352 37 0 179
tree 1928 3336 35 0 179
cliff 2096 3328 46 179 179
lay 2136 3336 52 0 179
lay 2120 3336 51 0 179
trop 2188 3332 209 179 179
tree 2200 3352 38 0 179
trop 2292 3356 209 179 179
tree 2296 3352 38 0 179
trop 2436 3332 209 179 179
tree 2440 3336 37 0 179
tree 2488 3336 16 0 179
trop 2532 3356 209 179 179
trop 2564 3340 209 179 179
tree 2600 3352 38 0 179
cliff 2640 3328 32 179 179
cliff 2656 3344 35 179 179
trop 2932 3340 194 179 179
trop 3036 3356 111 179 179
lay 3128 3352 50 0 179
lay 3160 3336 46 0 179
fre 3684 3348 35 179 179
lay 3720 3336 67 0 179
lay 3752 3336 27 0 179
trop 3852 3332 108 179 179
dom 3872 3328 255 0 179
lay 5208 3352 67 0 179
lay 5304 3336 67 0 179
lay 5400 3352 67 0 179
trop 5788 3356 209 179 179
tree 5784 3352 37 0 179
trop 5892 3348 120 179 179
trop 5908 3332 120 179 179
lay 5960 3336 49 0 179
lay 6072 3336 67 0 179
lay 6152 3336 67 0 179
trop 6300 3356 96 179 179
zabor 6384 3344 31 0 8
lay 6472 3352 61 0 179
lay 6648 3336 58 0 179
lay 6936 3336 67 0 179
lay 7352 3336 67 0 179
tree 264 3384 36 0 179
lay 296 3384 53 0 179
tree 328 3368 36 0 179
tree 376 3384 13 0 179
tree 360 3384 15 0 179
tree 360 3368 12 0 179
tree 536 3368 11 0 179
tree 520 3368 11 0 179
tree 520 3384 13 0 179
trop 812 3372 202 179 179
tree 984 3384 16 0 179
tree 1256 3368 13 0 179
tree 1400 3384 16 0 179
tree 1528 3384 17 0 179
lay 1544 3368 70 0 179
tree 1608 3368 16 0 179
lay 1608 3368 49 0 179
stand 1608 3384 186 0 179
stand 1624 3384 183 0 179
stand 1624 3368 187 0 179
lay 1800 3384 27 0 179
tree 1832 3384 0 0 179
tree 1976 3384 10 0 179
tree 2008 3384 0 0 179
tree 2024 3368 36 0 179
cliff 2096 3360 22 179 179
cliff 2112 3376 27 179 179
lay 2136 3384 52 0 179
lay 2152 3368 52 0 179
tree 2232 3384 38 0 179
tree 2296 3384 39 0 179
trop 2316 3388 209 179 179
tree 2472 3368 40 0 179
tree 2520 3384 35 0 179
lay 2504 3384 49 0 179
tree 2584 3384 0 0 179
tree 2648 3384 38 0 179
tree 2632 3384 36 0 179
cliff 2672 3360 49 179 179
cliff 2704 3360 32 179 179
lay 2712 3384 52 0 179
cliff 2720 3376 35 179 179
trop 3020 3372 194 179 179
lay 3112 3384 67 0 179
lay 3144 3384 67 0 179
fre 3676 3364 8 179 179
lay 3752 3368 67 0 179
dom 3744 3360 199 0 179
lay 3912 3384 67 0 179
lay 5192 3368 67 0 179
lay 5256 3368 67 0 179
lay 5272 3368 67 0 179
lay 5320 3368 67 0 179
lay 5384 3368 67 0 179
tree 5464 3368 15 0 179
tree 5480 3368 17 0 179
tree 5784 3384 16 0 179
lay 5816 3384 49 0 179
lay 6040 3368 67 0 179
lay 6056 3384 67 0 179
lay 6168 3368 67 0 179
lay 6200 3384 67 0 179
zabor 6384 3376 30 0 8
dom 6464 3360 255 0 179
trop 6500 3388 200 179 179
dom 6656 3360 255 0 179
zabor 6736 3376 26 0 8
trop 6836 3372 108 179 179
tree 6888 3384 41 0 179
tree 6888 3368 2 0 179
lay 6936 3368 67 0 179
lay 7080 3384 67 0 179
trop 140 3412 200 179 179
tree 296 3400 36 0 179
tree 328 3400 15 0 179
tree 1192 3416 10 0 179
tree 1208 3416 11 0 179
lay 1368 3416 69 0 179
tree 1384 3416 12 0 179
tree 1400 3400 34 0 179
tree 1480 3400 36 0 179
tree 1528 3400 35 0 179
tree 1560 3416 36 0 179
tree 1544 3416 0 0 179
lay 1640 3400 28 0 179
tree 1912 3400 40 0 179
tree 1992 3416 0 0 179
tree 2040 3416 0 0 179
tree 2024 3400 39 0 179
cliff 2128 3392 46 179 179
lay 2168 3416 51 0 179
trop 2236 3396 209 179 179
tree 2216 3416 39 0 179
tree 2216 3400 35 0 179
tree 2296 3416 37 0 179
trop 2556 3396 209 179 179
trop 2540 3420 209 179 179
tree 2584 3400 37 0 179
trop 2596 3396 209 179 179
tree 2600 3416 38 0 179
trop 2636 3396 209 179 179
tree 2648 3400 0 0 179
tree 2712 3416 16 0 179
cliff 2736 3392 52 179 179
cliff 2768 3392 32 179 179
cliff 2784 3408 34 179 179
lay 3704 3416 67 0 179
lay 3848 3400 67 0 179
lay 3928 3416 27 0 179
lay 5224 3400 67 0 179
lay 5256 3416 67 0 179
lay 5384 3416 67 0 179
lay 5496 3416 49 0 179
trop 5668 3412 62 179 179
stand 5736 3416 3 0 179
tree 5784 3416 15 0 179
trop 5780 3420 209 179 179
tree 5768 3400 39 0 179
tree 5848 3400 14 0 179
lay 6216 3416 67 0 179
trop 6332 3404 108 179 179
tree 6344 3400 16 0 179
stand 6552 3400 149 0 179
lay 6568 3400 26 0 179
zabor 6736 3408 27 0 8
zabor 6768 3408 39 0 9
lay 6952 3416 67 0 179
lay 7128 3416 67 0 179
tree 1176 3448 0 0 179
tree 1192 3432 15 0 179
tree 1336 3448 40 0 179
tree 1528 3432 39 0 179
tree 1560 3448 36 0 179
dom 1760 3424 255 0 179
tree 1832 3432 35 0 179
lay 1960 3432 70 0 179
tree 2008 3448 38 0 179
tree 1992 3448 36 0 179
tree 2008 3432 10 0 179
tree 2040 3432 37 0 179
tree 2072 3432 39 0 179
tree 2088 3448 34 0 179
cliff 2128 3424 19 179 179
cliff 2144 3440 24 179 179
lay 2168 3448 52 0 179
tree 2216 3432 0 0 179
tree 2248 3432 0 0 179
trop 2284 3444 209 179 179
trop 2356 3428 209 179 179
tree 2360 3432 37 0 179
trop 2404 3452 209 179 179
tree 2536 3432 38 0 179
lay 2568 3448 49 0 179
tree 2600 3432 16 0 179
trop 2628 3444 209 179 179
tree 2632 3448 36 0 179
tree 2680 3432 35 0 179
trop 2724 3444 209 179 179
tree 2744 3448 34 0 179
trop 2756 3452 209 179 179
cliff 2800 3424 49 179 179
cliff 2832 3424 50 179 179
cliff 2864 3424 31 179 179
cliff 2880 3440 36 179 179
cliff 2960 3424 28 179 179
cliff 2976 3440 35 179 179
lay 3800 3432 67 0 179
lay 3784 3432 26 0 179
lay 3848 3448 67 0 179
dom 3872 3424 255 0 179
tree 4024 3432 34 0 179
tree 4072 3432 38 0 179
lay 5448 3448 49 0 179
tree 5544 3448 35 0 179
tree 5784 3448 35 0 179
tree 5800 3432 11 0 179
trop 5796 3444 209 179 179
lay 5864 3448 49 0 179
trop 5900 3428 96 179 179
lay 5992 3448 49 0 179
lay 6104 3432 67 0 179
lay 6120 3448 67 0 179
lay 6552 3432 27 0 179
trop 6636 3428 203 179 179
trop 6708 3428 203 179 179
zabor 6768 3440 26 0 8
trop 6804 3436 96 179 179
trop 7004 3444 200 179 179
trop 996 3468 202 179 179
tree 1384 3480 17 0 179
tree 1400 3480 15 0 179
tree 1432 3464 17 0 179
tree 1464 3480 40 0 179
tree 1464 3464 36 0 179
lay 1624 3464 67 0 179
dom 1632 3456 199 0 179
trop 1708 3460 202 179 179
lay 1768 3480 26 0 179
tree 1864 3480 37 0 179
tree 2024 3480 34 0 179
cliff 2160 3456 48 179 179
tree 2232 3464 34 0 179
tree 2216 3464 39 0 179
trop 2268 3476 209 179 179
trop 2252 3460 209 179 179
tree 2248 3480 37 0 179
tree 2296 3464 16 0 179
tree 2328 3464 40 0 179
trop 2396 3476 209 179 179
tree 2392 3464 35 0 179
lay 2472 3464 49 0 179
tree 2664 3464 39 0 179
tree 2776 3464 36 0 179
tree 2824 3464 16 0 179
tree 2856 3464 34 0 179
trop 2892 3484 209 179 179
tree 2904 3480 37 0 179
tree 2888 3480 16 0 179
tree 2888 3464 38 0 179
cliff 2896 3456 49 179 179
cliff 2928 3456 52 179 179
cliff 2960 3456 49 179 179
cliff 2992 3456 50 179 179
lay 3000 3480 51 0 179
cliff 3024 3456 31 179 179
lay 3032 3480 52 0 179
cliff 3040 3472 33 179 179
lay 3880 3480 67 0 179
tree 4024 3464 40 0 179
tree 4072 3464 36 0 179
lay 5544 3464 49 0 179
tree 5784 3464 14 0 179
tree 5768 3480 35 0 179
tree 5816 3480 12 0 179
tree 6024 3480 30 0 179
tree 6056 3464 10 0 179
lay 6152 3480 67 0 179
zabor 6384 3472 31 0 8
lay 6472 3480 58 0 179
dom 6496 3456 199 0 179
trop 6716 3460 203 179 179
tree 6872 3480 15 0 179
lay 6936 3480 67 0 179
trop 7068 3460 200 179 179
tree 7240 3464 35 0 179
tree 7288 3480 16 0 179
trop 100 3508 200 179 179
trop 532 3492 202 179 179
tree 968 3496 11 0 179
tree 1384 3512 37 0 179
tree 1848 3512 36 0 179
tree 1848 3496 34 0 179
lay 1896 3496 48 0 179
tree 1912 3512 36 0 179
tree 1896 3512 40 0 179
tree 1976 3512 34 0 179
tree 1976 3496 36 0 179
tree 2088 3512 12 0 179
cliff 2160 3488 47 179 179
lay 2184 3496 51 0 179
trop 2236 3500 209 179 179
tree 2232 3496 38 0 179
tree 2232 3512 38 0 179
tree 2248 3512 34 0 179
trop 2316 3516 209 179 179
tree 2312 3496 39 0 179
tree 2328 3496 0 0 179
trop 2396 3500 209 179 179
tree 2440 3512 37 0 179
tree 2472 3512 35 0 179
tree 2696 3512 39 0 179
tree 2712 3512 40 0 179
tree 2744 3512 39 0 179
trop 2772 3500 209 179 179
trop 2828 3500 209 179 179
trop 2844 3492 209 179 179
trop 2860 3516 209 179 179
tree 2904 3496 38 0 179
trop 2948 3508 209 179 179
tree 2968 3496 16 0 179
tree 2984 3512 35 0 179
tree 3016 3512 36 0 179
lay 3016 3496 52 0 179
cliff 3056 3488 50 179 179
cliff 3088 3488 31 179 179
lay 3096 3512 52 0 179
lay 3736 3512 67 0 179
lay 3752 3512 67 0 179
lay 3928 3512 27 0 179
tree 4008 3496 0 0 179
trop 4084 3500 212 179 179
tree 4088 3512 37 0 179
lay 5400 3496 67 0 179
lay 5512 3512 49 0 179
tree 5768 3496 39 0 179
tree 5784 3496 39 0 179
tree 5800 3512 36 0 179
lay 5816 3496 49 0 179
lay 5944 3496 49 0 179
tree 6024 3512 11 0 179
tree 6024 3496 20 0 179
lay 6056 3512 49 0 179
lay 6104 3496 67 0 179
lay 6216 3512 67 0 179
lay 6248 3496 67 0 179
lay 6264 3512 9 0 179
lay 6248 3512 8 0 179
zabor 6384 3504 27 0 8
trop 6428 3508 203 179 179
stand 6664 3512 183 0 179
stand 6680 3512 182 0 179
lay 6664 3496 58 0 179
lay 6664 3512 58 0 179
trop 6836 3508 108 179 179
lay 6984 3512 27 0 179
lay 7000 3496 67 0 179
lay 7080 3512 67 0 179
tree 7256 3496 35 0 179
trop 724 3548 202 179 179
tree 1336 3544 15 0 179
tree 1320 3544 12 0 179
tree 1544 3528 39 0 179
tree 1592 3544 40 0 179
lay 1592 3544 48 0 179
tree 1608 3544 14 0 179
lay 1624 3544 28 0 179
dom 1760 3520 255 0 179
lay 1880 3544 48 0 179
tree 1864 3544 39 0 179
tree 1912 3528 34 0 179
lay 2056 3544 48 0 179
tree 2072 3528 34 0 179
tree 2056 3528 40 0 179
cliff 2160 3520 20 179 179
cliff 2176 3536 26 179 179
lay 2200 3528 52 0 179
trop 2228 3532 209 179 179
tree 2232 3544 35 0 179
trop 2244 3548 209 179 179
tree 2264 3528 0 0 179
tree 2360 3544 39 0 179
tree 2344 3544 40 0 179
trop 2452 3524 209 179 179
tree 2456 3528 35 0 179
tree 2440 3544 0 0 179
trop 2556 3524 194 179 179
trop 2652 3540 209 179 179
trop 2668 3524 209 179 179
tree 2696 3528 36 0 179
tree 2728 3528 40 0 179
tree 2760 3544 34 0 179
tree 2824 3544 0 0 179
tree 2872 3528 35 0 179
tree 2936 3528 39 0 179
trop 3060 3548 209 179 179
tree 3048 3528 34 0 179
stand 3720 3544 104 0 179
stand 3752 3544 53 0 179
stand 3784 3544 61 0 179
lay 3784 3528 28 0 179
stand 3880 3544 65 0 179
lay 3928 3528 67 0 179
trop 3980 3524 202 179 179
tree 4056 3528 38 0 179
lay 5400 3528 67 0 179
tree 5528 3528 37 0 179
tree 5784 3528 40 0 179
tree 5768 3544 36 0 179
trop 5892 3540 96 179 179
trop 5924 3540 108 179 179
lay 6136 3528 67 0 179
lay 6264 3528 7 0 179
tree 6248 3544 13 0 179
trop 6364 3524 110 179 179
trop 6364 3524 98 179 179
zabor 6384 3536 29 0 8
trop 6596 3548 203 179 179
trop 6708 3532 203 179 179
zabor 6768 3536 30 0 8
tree 6856 3544 30 0 179
lay 6888 3528 67 0 179
lay 7000 3544 67 0 179
lay 7032 3528 67 0 179
trop 7068 3524 200 179 179
tree 7256 3544 40 0 179
tree 472 3560 12 0 179
lay 472 3560 67 0 179
tree 1304 3576 39 0 179
lay 1336 3560 48 0 179
tree 1352 3560 35 0 179
tree 1464 3576 38 0 179
tree 1512 3560 35 0 179
tree 1560 3560 0 0 179
stand 1736 3560 158 0 179
stand 1752 3576 160 0 179
stand 1736 3576 161 0 179
tree 2024 3560 14 0 179
tree 2072 3576 39 0 179
cliff 2192 3552 48 179 179
lay 2200 3560 52 0 179
tree 2248 3576 34 0 179
tree 2264 3560 35 0 179
trop 2340 3572 209 179 179
tree 2376 3576 39 0 179
tree 2440 3576 0 0 179
tree 2472 3576 39 0 179
lay 2616 3560 49 0 179
tree 2680 3560 37 0 179
tree 2760 3576 39 0 179
tree 2776 3560 35 0 179
tree 2760 3560 39 0 179
trop 2812 3580 214 179 179
trop 2788 3564 209 179 179
tree 2808 3560 38 0 179
tree 2840 3576 0 0 179
tree 2824 3576 36 0 179
tree 2840 3560 38 0 179
tree 2888 3576 37 0 179
tree 2968 3576 35 0 179
tree 3000 3560 38 0 179
tree 3080 3576 34 0 179
fre 3628 3580 65 179 179
fre 3644 3580 66 179 179
fre 3684 3556 67 179 179
lay 3752 3576 67 0 179
lay 3800 3576 67 0 179
stand 3864 3560 66 0 179
lay 3880 3576 67 0 179
stand 3912 3576 104 0 179
tree 4056 3560 39 0 179
tree 4056 3576 12 0 179
tree 4072 3576 37 0 179
lay 5432 3576 67 0 179
tree 5512 3576 39 0 179
tree 5528 3560 16 0 179
lay 5560 3576 49 0 179
trop 5772 3564 209 179 179
tree 5784 3576 34 0 179
lay 5864 3576 49 0 179
lay 6056 3576 67 0 179
lay 6088 3560 67 0 179
lay 6120 3576 67 0 179
lay 6232 3576 67 0 179
tree 6216 3576 30 0 179
zabor 6384 3568 24 0 8
zabor 6416 3568 37 0 9
zabor 6448 3568 28 0 8
zabor 6512 3568 28 0 8
zabor 6544 3568 31 0 8
zabor 6576 3568 39 0 9
trop 6612 3556 203 179 179
zabor 6736 3568 28 0 8
zabor 6768 3568 33 0 9
trop 6812 3580 103 179 179
lay 6936 3560 67 0 179
lay 7048 3576 67 0 179
lay 7112 3576 67 0 179
tree 1320 3592 36 0 179
tree 1512 3608 35 0 179
tree 1528 3608 14 0 179
tree 1560 3592 35 0 179
tree 1576 3608 35 0 179
tree 1592 3608 40 0 179
tree 1608 3608 15 0 179
lay 1608 3592 48 0 179
lay 1656 3608 49 0 179
cliff 2192 3584 20 179 179
cliff 2208 3600 24 179 179
lay 2216 3608 52 0 179
tree 2312 3608 40 0 179
tree 2312 3592 38 0 179
tree 2344 3608 34 0 179
trop 2388 3604 209 179 179
tree 2504 3592 38 0 179
lay 2504 3592 49 0 179
tree 2712 3608 0 0 179
tree 2696 3592 36 0 179
trop 2732 3588 209 179 179
tree 2808 3608 40 0 179
tree 2840 3592 16 0 179
trop 2940 3588 209 179 179
tree 2968 3592 0 0 179
trop 2988 3612 209 179 179
trop 3092 3604 209 179 179
lay 3624 3608 67 0 179
lay 3640 3592 67 0 179
lay 3672 3608 67 0 179
lay 3720 3592 67 0 179
stand 3720 3592 76 0 179
stand 3800 3592 76 0 179
lay 3800 3592 28 0 179
stand 3880 3592 76 0 179
stand 3960 3592 76 0 179
tree 5512 3608 37 0 179
lay 5512 3608 70 0 179
trop 5668 3588 62 179 179
trop 5788 3596 209 179 179
lay 5816 3592 49 0 179
trop 5892 3588 120 179 179
tree 5992 3592 16 0 179
lay 6072 3592 67 0 179
lay 6200 3592 67 0 179
lay 6264 3592 13 0 179
lay 6280 3608 17 0 179
lay 6328 3608 60 0 179
stand 6552 3592 187 0 179
stand 6536 3592 188 0 179
tree 6536 3608 30 0 179
zabor 6576 3600 24 0 8
zabor 6608 3600 34 0 9
zabor 6640 3600 25 0 8
zabor 6704 3600 24 0 8
zabor 6736 3600 28 0 8
trop 6812 3596 117 179 179
lay 6968 3592 67 0 179
lay 7048 3608 67 0 179
trop 7076 3588 200 179 179
tree 7272 3592 34 0 179
trop 444 3644 202 179 179
tree 1432 3624 35 0 179
tree 1496 3624 17 0 179
tree 1528 3624 17 0 179
tree 1512 3640 12 0 179
tree 1592 3640 11 0 179
tree 1608 3624 35 0 179
lay 1784 3640 27 0 179
tree 1912 3640 34 0 179
tree 2008 3624 0 0 179
tree 2008 3640 34 0 179
tree 2088 3640 16 0 179
cliff 2224 3616 22 179 179
cliff 2240 3632 26 179 179
trop 2284 3628 209 179 179
trop 2316 3644 209 179 179
tree 2312 3624 11 0 179
tree 2360 3624 39 0 179
tree 2488 3624 36 0 179
tree 2472 3640 36 0 179
trop 2548 3636 209 179 179
tree 2552 3640 34 0 179
lay 2712 3624 49 0 179
tree 2712 3640 38 0 179
tree 2712 3624 16 0 179
tree 2744 3640 35 0 179
tree 2776 3624 38 0 179
trop 2932 3620 209 179 179
tree 2936 3624 38 0 179
trop 2972 3620 209 179 179
tree 2968 3640 37 0 179
tree 2952 3624 16 0 179
trop 2980 3636 209 179 179
tree 3048 3624 16 0 179
tree 3064 3640 35 0 179
trop 3076 3644 209 179 179
tree 3096 3624 36 0 179
lay 3128 3640 51 0 179
lay 3800 3624 67 0 179
lay 3912 3624 67 0 179
lay 3928 3624 1 0 179
lay 4440 3624 67 0 179
lay 4488 3624 67 0 179
lay 4536 3624 67 0 179
lay 5384 3624 67 0 179
tree 5512 3640 0 0 179
tree 5512 3624 38 0 179
tree 5816 3624 37 0 179
trop 5892 3628 120 179 179
trop 5892 3644 96 179 179
lay 6040 3640 67 0 179
lay 6232 3624 15 0 179
tree 6248 3640 17 0 179
trop 6436 3628 121 179 179
trop 6452 3636 105 179 179
trop 6572 3636 97 179 179
trop 6668 3636 97 179 179
trop 6764 3636 118 179 179
trop 6764 3636 104 179 179
lay 6904 3624 67 0 179
lay 6936 3640 58 0 179
lay 7016 3640 67 0 179
trop 7044 3636 200 179 179
lay 7096 3624 67 0 179
tree 7288 3640 16 0 179
tree 312 3656 11 0 179
tree 1272 3672 12 0 179
tree 1304 3656 15 0 179
tree 1288 3672 0 0 179
tree 1352 3672 0 0 179
tree 1400 3672 17 0 179
tree 1384 3656 37 0 179
lay 1496 3672 70 0 179
tree 1528 3656 13 0 179
tree 1512 3656 35 0 179
tree 1512 3672 12 0 179
tree 1592 3656 10 0 179
trop 1724 3676 202 179 179
tree 1896 3672 37 0 179
tree 1912 3656 11 0 179
lay 1928 3656 69 0 179
tree 1928 3656 38 0 179
lay 2008 3672 69 0 179
tree 2056 3672 39 0 179
cliff 2256 3648 23 179 179
cliff 2272 3664 24 179 179
tree 2280 3656 36 0 179
lay 2280 3672 52 0 179
tree 2328 3656 38 0 179
tree 2344 3672 36 0 179
trop 2380 3668 209 179 179
tree 2408 3656 40 0 179
trop 2524 3676 209 179 179
lay 2552 3656 49 0 179
trop 2572 3668 209 179 179
tree 2568 3672 34 0 179
trop 2732 3660 209 179 179
tree 2744 3672 35 0 179
tree 2760 3672 38 0 179
tree 2984 3656 0 0 179
trop 3068 3660 209 179 179
tree 3048 3672 34 0 179
lay 3816 3656 67 0 179
lay 3880 3656 67 0 179
lay 3896 3656 30 0 179
fre 4404 3668 26 179 179
fre 4460 3668 37 179 179
lay 5304 3656 67 0 179
lay 5496 3672 70 0 179
tree 5528 3672 39 0 179
tree 5512 3656 39 0 179
tree 5512 3672 40 0 179
lay 5560 3656 49 0 179
tree 5816 3656 39 0 179
tree 5816 3672 35 0 179
lay 6008 3672 67 0 179
lay 6152 3656 67 0 179
trop 6508 3676 114 179 179
trop 6556 3668 122 179 179
trop 6636 3668 109 179 179
trop 6732 3668 109 179 179
trop 6772 3668 101 179 179
lay 6840 3656 60 0 179
lay 6920 3672 67 0 179
lay 6968 3656 27 0 179
tree 7256 3672 13 0 179
tree 7288 3672 38 0 179
trop 588 3708 202 179 179
tree 904 3688 11 0 179
lay 904 3688 67 0 179
trop 988 3700 202 179 179
tree 1224 3704 38 0 179
lay 1304 3704 57 0 179
tree 1320 3704 10 0 179
tree 1432 3688 34 0 179
tree 1464 3704 12 0 179
tree 1496 3688 38 0 179
tree 1544 3688 0 0 179
lay 1640 3688 49 0 179
tree 1880 3688 34 0 179
tree 2008 3688 36 0 179
tree 2200 3688 0 0 179
tree 2184 3688 34 0 179
cliff 2288 3680 20 179 179
cliff 2304 3696 26 179 179
lay 2312 3688 52 0 179
trop 2364 3708 209 179 179
tree 2360 3688 40 0 179
trop 2420 3700 209 179 179
trop 2412 3684 209 179 179
trop 2436 3684 209 179 179
tree 2520 3704 34 0 179
tree 2536 3688 40 0 179
tree 2712 3688 38 0 179
tree 2728 3688 38 0 179
lay 2792 3688 49 0 179
trop 2836 3708 194 179 179
tree 2968 3704 34 0 179
trop 2980 3692 209 179 179
trop 2996 3684 209 179 179
tree 3032 3704 37 0 179
tree 3016 3704 40 0 179
tree 3064 3704 16 0 179
lay 3144 3688 51 0 179
lay 3144 3704 51 0 179
lay 3592 3688 67 0 179
lay 3752 3688 67 0 179
lay 3800 3704 67 0 179
lay 3944 3688 67 0 179
lay 3960 3704 18 0 179
lay 4456 3704 67 0 179
lay 4520 3704 67 0 179
lay 4552 3688 67 0 179
tree 5496 3688 40 0 179
stand 5736 3688 1 0 179
trop 5812 3684 209 179 179
tree 5816 3704 12 0 179
lay 6120 3688 67 0 179
zabor 6160 3696 36 0 9
tree 6168 3704 30 0 179
zabor 6192 3696 25 0 8
tree 6200 3704 10 0 179
zabor 6256 3696 27 0 8
zabor 6288 3696 26 0 8
zabor 6320 3696 27 0 8
zabor 6352 3696 38 0 9
zabor 6384 3696 27 0 8
zabor 6416 3696 36 0 9
trop 6484 3708 108 179 179
zabor 6512 3696 32 0 9
zabor 6544 3696 28 0 8
zabor 6640 3696 27 0 8
zabor 6672 3696 32 0 9
zabor 6704 3696 29 0 8
zabor 6736 3696 31 0 8
zabor 6768 3696 37 0 9
trop 6836 3700 200 179 179
lay 6936 3704 67 0 179
lay 6984 3704 67 0 179
trop 7100 3708 200 179 179
lay 7144 3688 67 0 179
tree 7288 3704 35 0 179
tree 7304 3704 10 0 179
tree 120 3736 38 0 179
tree 136 3736 39 0 179
trop 764 3724 202 179 179
tree 1112 3736 34 0 179
tree 1240 3736 15 0 179
tree 1224 3720 14 0 179
lay 1224 3736 48 0 179
tree 1272 3736 10 0 179
tree 1304 3720 0 0 179
tree 1400 3736 10 0 179
tree 1384 3736 40 0 179
tree 1416 3736 11 0 179
tree 1432 3720 37 0 179
tree 1496 3720 12 0 179
tree 1528 3736 35 0 179
tree 1544 3736 17 0 179
tree 1608 3720 12 0 179
tree 1848 3736 37 0 179
tree 1832 3736 0 0 179
tree 1864 3736 40 0 179
tree 1880 3720 11 0 179
tree 1976 3720 38 0 179
tree 1960 3720 36 0 179
tree 2040 3736 0 0 179
tree 2088 3736 36 0 179
tree 2152 3736 40 0 179
cliff 2320 3712 23 179 179
cliff 2336 3728 26 179 179
lay 2360 3736 52 0 179
tree 2392 3736 0 0 179
trop 2468 3740 209 179 179
trop 2524 3724 209 179 179
tree 2520 3736 40 0 179
tree 2520 3720 35 0 179
trop 2556 3716 209 179 179
tree 2552 3736 37 0 179
tree 2536 3720 34 0 179
tree 2712 3720 39 0 179
tree 2968 3720 35 0 179
tree 2984 3720 0 0 179
trop 3084 3740 209 179 179
tree 3080 3720 36 0 179
tree 3096 3736 35 0 179
lay 3672 3736 67 0 179
fre 4468 3716 11 179 179
lay 4536 3720 67 0 179
lay 4536 3736 67 0 179
lay 4616 3736 67 0 179
lay 5192 3720 67 0 179
lay 5224 3720 67 0 179
lay 5272 3720 67 0 179
tree 5448 3736 35 0 179
tree 5496 3720 40 0 179
tree 5816 3736 36 0 179
tree 5832 3720 35 0 179
lay 6008 3720 67 0 179
lay 6104 3720 67 0 179
zabor 6160 3728 28 0 8
tree 6168 3736 11 0 179
lay 6200 3736 5 0 179
zabor 6416 3728 24 0 8
trop 6460 3724 116 179 179
trop 6452 3732 96 179 179
zabor 6512 3728 27 0 8
zabor 6768 3728 29 0 8
lay 7096 3736 27 0 179
lay 7128 3720 67 0 179
tree 7272 3720 0 0 179
tree 7288 3736 35 0 179
tree 7288 3720 37 0 179
tree 7320 3720 10 0 179
lay 7304 3736 54 0 179
tree 1096 3752 34 0 179
lay 1144 3768 48 0 179
tree 1208 3768 11 0 179
tree 1208 3752 12 0 179
tree 1240 3752 14 0 179
tree 1256 3768 38 0 179
tree 1368 3752 39 0 179
tree 1400 3768 38 0 179
tree 1400 3752 37 0 179
tree 1432 3768 35 0 179
lay 1416 3768 70 0 179
tree 1528 3752 15 0 179
tree 1512 3752 14 0 179
tree 1832 3752 37 0 179
trop 1868 3756 212 179 179
tree 1864 3768 40 0 179
tree 2136 3768 37 0 179
trop 2172 3756 209 179 179
trop 2244 3772 209 179 179
cliff 2352 3744 21 179 179
cliff 2368 3760 26 179 179
tree 2424 3752 35 0 179
tree 2424 3768 37 0 179
tree 2440 3768 0 0 179
trop 2508 3772 209 179 179
tree 2504 3752 16 0 179
trop 2580 3764 209 179 179
tree 2600 3768 39 0 179
tree 2936 3768 38 0 179
trop 2980 3748 209 179 179
tree 3016 3768 37 0 179
tree 3064 3768 37 0 179
lay 3144 3768 51 0 179
lay 3736 3768 67 0 179
lay 3768 3768 67 0 179
tree 4088 3752 38 0 179
fre 4428 3756 19 179 179
lay 4456 3768 67 0 179
fre 4468 3772 6 179 179
lay 4632 3768 67 0 179
lay 4680 3768 67 0 179
lay 5176 3768 67 0 179
lay 5192 3768 67 0 179
tree 5432 3752 37 0 179
tree 5496 3768 39 0 179
tree 5512 3768 0 0 179
trop 5668 3764 62 179 179
lay 5800 3752 70 0 179
tree 5816 3768 37 0 179
trop 5892 3756 96 179 179
trop 5892 3772 96 179 179
lay 6072 3752 67 0 179
zabor 6160 3760 29 0 8
tree 6184 3768 7 0 179
lay 6248 3768 58 0 179
trop 6268 3764 203 179 179
lay 6312 3752 58 0 179
trop 6316 3756 203 179 179
trop 6588 3772 203 179 179
trop 6564 3756 203 179 179
lay 6616 3752 58 0 179
trop 6692 3772 203 179 179
trop 6700 3748 203 179 179
trop 6852 3764 102 179 179
lay 7032 3768 67 0 179
trop 7156 3748 200 179 179
tree 7288 3768 0 0 179
tree 7288 3752 36 0 179
tree 7336 3768 0 0 179
lay 120 3800 53 0 179
tree 120 3784 34 0 179
trop 324 3796 202 179 179
tree 872 3784 13 0 179
lay 1320 3800 70 0 179
tree 1368 3800 39 0 179
tree 1496 3784 14 0 179
tree 1528 3784 35 0 179
tree 1544 3784 13 0 179
tree 1880 3800 11 0 179
tree 1864 3800 34 0 179
trop 1964 3788 194 179 179
tree 2072 3784 0 0 179
tree 2120 3784 35 0 179
tree 2200 3800 11 0 179
trop 2212 3796 209 179 179
trop 2268 3796 209 179 179
tree 2264 3800 37 0 179
tree 2280 3784 0 0 179
lay 2296 3784 49 0 179
cliff 2384 3776 53 179 179
tree 2424 3784 38 0 179
tree 2504 3784 34 0 179
trop 2540 3780 209 179 179
tree 2616 3784 35 0 179
lay 2632 3800 49 0 179
trop 2764 3788 194 179 179
trop 2916 3788 209 179 179
tree 2920 3784 16 0 179
trop 2980 3804 209 179 179
tree 2984 3800 38 0 179
tree 3048 3784 35 0 179
tree 4088 3800 12 0 179
lay 4440 3800 67 0 179
lay 4488 3800 67 0 179
lay 4568 3784 67 0 179
fre 4716 3804 29 179 179
lay 5144 3784 67 0 179
tree 5352 3784 36 0 179
tree 5384 3784 36 0 179
tree 5384 3800 40 0 179
lay 5448 3800 70 0 179
lay 5512 3784 49 0 179
tree 5784 3800 38 0 179
tree 5816 3800 17 0 179
tree 5800 3784 37 0 179
trop 5924 3780 108 179 179
trop 5956 3796 110 179 179
trop 5956 3804 98 179 179
lay 6024 3784 67 0 179
lay 6072 3784 67 0 179
trop 6244 3796 203 179 179
lay 6248 3784 58 0 179
trop 6396 3788 203 179 179
trop 6484 3804 108 179 179
zabor 6512 3792 25 0 8
lay 7096 3784 67 0 179
lay 7128 3800 67 0 179
tree 7288 3784 38 0 179
tree 152 3832 17 0 179
tree 1304 3816 34 0 179
tree 1432 3832 17 0 179
tree 1448 3832 12 0 179
tree 1480 3832 35 0 179
tree 1496 3832 39 0 179
lay 1768 3832 49 0 179
tree 1816 3832 38 0 179
tree 1848 3816 35 0 179
tree 1864 3816 40 0 179
tree 1896 3832 39 0 179
trop 2012 3812 194 179 179
trop 2052 3836 194 179 179
tree 2216 3816 36 0 179
tree 2232 3816 0 0 179
cliff 2384 3808 21 179 179
cliff 2400 3824 24 179 179
tree 2440 3816 39 0 179
tree 2456 3816 40 0 179
trop 2484 3836 209 179 179
trop 2508 3812 209 179 179
tree 2536 3832 38 0 179
tree 2584 3832 34 0 179
trop 2596 3828 209 179 179
tree 2648 3832 40 0 179
tree 2744 3832 40 0 179
trop 2876 3820 209 179 179
tree 2904 3832 38 0 179
tree 3016 3832 38 0 179
tree 3064 3832 38 0 179
trop 3116 3812 209 179 179
trop 3108 3828 209 179 179
tree 3128 3832 36 0 179
trop 4092 3812 209 179 179
lay 4568 3816 67 0 179
lay 4632 3816 67 0 179
lay 4712 3816 67 0 179
fre 4740 3828 65 179 179
lay 5144 3832 67 0 179
tree 5352 3832 16 0 179
tree 5480 3832 39 0 179
tree 5480 3816 34 0 179
trop 5780 3836 209 179 179
tree 5768 3816 34 0 179
tree 5784 3832 38 0 179
tree 5816 3832 17 0 179
tree 5832 3832 13 0 179
trop 5916 3836 126 179 179
lay 6040 3832 67 0 179
lay 6056 3816 67 0 179
zabor 6160 3824 31 0 8
lay 6344 3816 58 0 179
zabor 6416 3824 31 0 8
zabor 6512 3824 28 0 8
lay 6632 3816 58 0 179
zabor 6768 3824 29 0 8
dom 6912 3808 296 0 179
stand 7032 3816 176 0 179
lay 7048 3816 67 0 179
lay 7048 3832 67 0 179
lay 7272 3816 67 0 179
tree 104 3864 40 0 179
trop 444 3844 202 179 179
tree 584 3848 11 0 179
trop 788 3860 202 179 179
tree 1192 3848 35 0 179
tree 1240 3864 15 0 179
tree 1224 3864 37 0 179
tree 1256 3848 34 0 179
tree 1448 3864 17 0 179
lay 1560 3848 49 0 179
trop 1636 3852 202 179 179
trop 1804 3844 209 179 179
tree 1800 3848 34 0 179
tree 2120 3848 13 0 179
trop 2172 3860 209 179 179
tree 2168 3864 40 0 179
trop 2188 3860 209 179 179
trop 2212 3852 209 179 179
cliff 2416 3840 53 179 179
tree 2456 3848 35 0 179
tree 2440 3864 34 0 179
trop 2476 3844 209 179 179
trop 2524 3868 209 179 179
trop 2548 3860 209 179 179
tree 2568 3864 0 0 179
trop 2628 3868 209 179 179
tree 2648 3848 38 0 179
tree 2888 3864 16 0 179
tree 2968 3848 34 0 179
trop 3068 3844 209 179 179
tree 3048 3864 38 0 179
tree 3064 3848 40 0 179
trop 3084 3860 209 179 179
tree 3096 3864 40 0 179
lay 3160 3848 51 0 179
lay 3816 3864 67 0 179
tree 4024 3848 36 0 179
tree 4024 3864 36 0 179
trop 4036 3868 209 179 179
tree 4088 3864 35 0 179
lay 4504 3848 67 0 179
fre 4508 3860 69 179 179
lay 4536 3864 67 0 179
lay 4664 3864 67 0 179
lay 4744 3864 67 0 179
lay 5080 3848 67 0 179
lay 5112 3848 67 0 179
tree 5272 3864 37 0 179
tree 5272 3848 0 0 179
tree 5336 3864 0 0 179
tree 5448 3848 40 0 179
tree 5480 3848 0 0 179
tree 5544 3864 16 0 179
trop 5796 3852 209 179 179
tree 5800 3848 37 0 179
tree 5816 3848 12 0 179
tree 5816 3864 40 0 179
tree 5832 3848 12 0 179
trop 5892 3860 96 179 179
lay 6040 3864 67 0 179
lay 6104 3864 67 0 179
zabor 6160 3856 28 0 8
lay 6280 3864 28 0 179
zabor 6416 3856 26 0 8
trop 6452 3868 96 179 179
zabor 6512 3856 28 0 8
lay 6600 3848 58 0 179
zabor 6768 3856 27 0 8
lay 6792 3848 7 0 179
lay 6808 3864 10 0 179
lay 6968 3864 25 0 179
lay 7080 3848 67 0 179
lay 7128 3848 67 0 179
lay 7288 3864 67 0 179
lay 680 3896 55 0 179
tree 744 3880 12 0 179
trop 1076 3876 194 179 179
tree 1224 3896 40 0 179
tree 1224 3880 36 0 179
tree 1256 3896 0 0 179
lay 1256 3880 70 0 179
tree 1336 3896 35 0 179
tree 1400 3896 36 0 179
tree 1800 3896 38 0 179
tree 1816 3896 11 0 179
tree 1864 3880 39 0 179
tree 2168 3896 17 0 179
trop 2268 3892 209 179 179
tree 2264 3896 40 0 179
lay 2344 3880 49 0 179
cliff 2416 3872 23 179 179
cliff 2432 3888 27 179 179
lay 2456 3896 52 0 179
tree 2472 3880 35 0 179
tree 2472 3896 38 0 179
tree 2552 3896 37 0 179
trop 2588 3876 209 179 179
trop 2756 3884 194 179 179
tree 2840 3896 38 0 179
trop 2900 3900 209 179 179
trop 2908 3876 209 179 179
tree 2968 3896 38 0 179
tree 2984 3896 35 0 179
tree 3080 3896 36 0 179
tree 3096 3880 40 0 179
trop 3132 3900 209 179 179
tree 4024 3880 36 0 179
tree 4056 3896 34 0 179
lay 4536 3896 67 0 179
fre 4724 3876 18 179 179
lay 4776 3896 67 0 179
lay 4984 3896 67 0 179
lay 5048 3896 67 0 179
tree 5336 3880 38 0 179
lay 5320 3896 70 0 179
tree 5368 3896 37 0 179
tree 5416 3896 34 0 179
tree 5496 3880 36 0 179
tree 5800 3880 37 0 179
tree 5800 3896 34 0 179
trop 5836 3884 209 179 179
lay 6088 3896 67 0 179
zabor 6160 3888 26 0 8
trop 6212 3884 203 179 179
lay 6296 3896 58 0 179
zabor 6416 3888 26 0 8
trop 6700 3892 203 179 179
lay 6744 3880 27 0 179
zabor 6768 3888 25 0 8
lay 6808 3880 7 0 179
trop 6852 3884 96 179 179
tree 6888 3896 15 0 179
tree 7288 3896 40 0 179
tree 7288 3880 0 0 179
lay 7288 3896 48 0 179
lay 7352 3896 27 0 179
tree 104 3928 10 0 179
tree 136 3912 38 0 179
tree 216 3928 0 0 179
tree 200 3912 12 0 179
tree 648 3912 12 0 179
tree 984 3912 38 0 179
tree 968 3928 0 0 179
tree 984 3928 39 0 179
tree 968 3912 37 0 179
tree 1112 3928 10 0 179
tree 1112 3912 10 0 179
tree 1128 3912 40 0 179
tree 1224 3912 36 0 179
tree 1272 3928 12 0 179
tree 1288 3912 12 0 179
tree 1304 3928 12 0 179
tree 1288 3928 35 0 179
tree 1320 3928 15 0 179
tree 1320 3912 12 0 179
lay 1336 3912 70 0 179
tree 1384 3928 12 0 179
lay 1416 3912 66 0 179
tree 1784 3928 11 0 179
tree 1800 3912 36 0 179
lay 2136 3928 49 0 179
tree 2248 3912 40 0 179
tree 2280 3928 37 0 179
trop 2332 3916 209 179 179
cliff 2448 3904 53 179 179
trop 2580 3908 209 179 179
tree 2568 3912 34 0 179
lay 2648 3912 49 0 179
tree 2648 3912 34 0 179
tree 2856 3928 39 0 179
tree 2888 3912 34 0 179
tree 2984 3912 39 0 179
trop 3052 3916 209 179 179
tree 3064 3928 39 0 179
tree 3080 3912 40 0 179
lay 3160 3912 51 0 179
lay 4120 3928 67 0 179
lay 4856 3928 67 0 179
tree 5080 3928 38 0 179
tree 5304 3928 16 0 179
tree 5368 3928 0 0 179
tree 5352 3912 16 0 179
tree 5384 3912 39 0 179
tree 5384 3928 0 0 179
tree 5464 3912 38 0 179
tree 5496 3928 16 0 179
tree 5816 3912 39 0 179
tree 5816 3928 17 0 179
trop 6060 3924 121 179 179
trop 6212 3908 203 179 179
zabor 6416 3920 34 0 9
trop 6484 3924 108 179 179
zabor 6512 3920 24 0 8
lay 6632 3928 27 0 179
zabor 6768 3920 26 0 8
trop 6972 3932 104 179 179
lay 7048 3912 67 0 179
lay 7096 3912 67 0 179
lay 7128 3912 27 0 179
tree 7288 3912 35 0 179
tree 7304 3928 0 0 179
tree 136 3960 17 0 179
trop 596 3956 202 179 179
tree 1000 3944 17 0 179
tree 1016 3960 37 0 179
tree 1000 3960 36 0 179
lay 1000 3944 48 0 179
tree 1160 3960 35 0 179
tree 1320 3960 34 0 179
tree 1368 3944 35 0 179
tree 1384 3944 16 0 179
tree 1416 3960 10 0 179
tree 1432 3944 35 0 179
tree 1464 3944 0 0 179
trop 1532 3964 202 179 179
tree 1784 3944 35 0 179
tree 1800 3944 37 0 179
trop 1916 3956 194 179 179
tree 2008 3960 34 0 179
tree 2040 3960 0 0 179
tree 2024 3944 39 0 179
tree 2088 3960 38 0 179
tree 2232 3960 13 0 179
tree 2248 3960 10 0 179
tree 2360 3944 35 0 179
tree 2344 3960 13 0 179
cliff 2448 3936 19 179 179
tree 2488 3960 39 0 179
cliff 2464 3952 26 179 179
tree 2504 3944 11 0 179
trop 2556 3964 209 179 179
tree 2552 3960 37 0 179
trop 2588 3956 209 179 179
tree 2600 3960 35 0 179
tree 2648 3960 34 0 179
trop 2660 3964 209 179 179
trop 2700 3964 209 179 179
tree 2696 3960 40 0 179
tree 2904 3960 39 0 179
tree 2888 3960 40 0 179
tree 2888 3944 37 0 179
tree 2936 3960 36 0 179
tree 3048 3944 38 0 179
tree 3080 3960 39 0 179
lay 3160 3960 51 0 179
trop 3988 3948 194 179 179
lay 4184 3944 67 0 179
lay 4312 3944 27 0 179
lay 4552 3944 67 0 179
lay 4808 3944 67 0 179
lay 4936 3944 67 0 179
tree 5064 3960 40 0 179
tree 5080 3944 36 0 179
tree 5176 3960 35 0 179
tree 5192 3960 0 0 179
tree 5256 3944 16 0 179
tree 5256 3960 39 0 179
tree 5288 3944 37 0 179
tree 5352 3960 0 0 179
tree 5416 3960 40 0 179
tree 5496 3944 40 0 179
lay 5480 3960 70 0 179
tree 5544 3944 16 0 179
tree 5544 3960 16 0 179
trop 5668 3940 62 179 179
trop 5780 3964 209 179 179
tree 5832 3944 12 0 179
lay 6104 3960 67 0 179
zabor 6416 3952 25 0 8
zabor 6512 3952 32 0 9
trop 6852 3948 96 179 179
lay 7000 3960 67 0 179
lay 7032 3944 67 0 179
tree 7256 3960 17 0 179
tree 7288 3960 35 0 179
lay 7288 3944 48 0 179
tree 7304 3944 36 0 179
lay 7336 3960 49 0 179
tree 120 3992 12 0 179
lay 104 3992 69 0 179
lay 152 3976 53 0 179
tree 152 3976 15 0 179
tree 168 3976 38 0 179
tree 184 3992 14 0 179
trop 356 3980 202 179 179
tree 1016 3976 17 0 179
lay 1016 3976 48 0 179
tree 1176 3976 14 0 179
tree 1160 3976 40 0 179
tree 1208 3976 12 0 179
tree 1272 3992 37 0 179
tree 1320 3992 35 0 179
tree 1384 3976 38 0 179
tree 1448 3976 15 0 179
tree 1720 3992 34 0 179
tree 1752 3976 37 0 179
trop 1796 3988 212 179 179
tree 1816 3992 38 0 179
tree 1832 3976 35 0 179
trop 2084 3988 212 179 179
tree 2104 3976 35 0 179
tree 2136 3976 36 0 179
tree 2168 3992 39 0 179
tree 2280 3976 0 0 179
tree 2360 3976 17 0 179
cliff 2480 3968 47 179 179
tree 2520 3976 40 0 179
tree 2536 3992 34 0 179
tree 2872 3992 35 0 179
tree 2936 3976 16 0 179
tree 2936 3992 37 0 179
tree 2968 3992 37 0 179
trop 3020 3988 209 179 179
tree 3032 3992 16 0 179
tree 3048 3992 34 0 179
trop 3076 3988 209 179 179
trop 3100 3980 209 179 179
trop 4012 3996 194 179 179
lay 4024 3976 67 0 179
lay 4056 3976 67 0 179
lay 4184 3992 67 0 179
lay 4232 3992 67 0 179
lay 4312 3992 67 0 179
lay 4568 3976 67 0 179
tree 5048 3992 16 0 179
tree 5080 3976 36 0 179
tree 5096 3992 36 0 179
lay 5112 3976 48 0 179
tree 5128 3976 39 0 179
tree 5256 3976 39 0 179
tree 5304 3992 38 0 179
tree 5320 3992 35 0 179
lay 5416 3976 70 0 179
tree 5480 3976 37 0 179
tree 5512 3992 40 0 179
tree 5512 3976 36 0 179
stand 5736 3976 1 0 179
tree 5800 3992 37 0 179
tree 5816 3992 40 0 179
lay 6072 3992 67 0 179
lay 6104 3992 67 0 179
trop 6188 3980 203 179 179
lay 6280 3992 28 0 179
zabor 6416 3984 28 0 8
zabor 6512 3984 26 0 8
trop 6516 3972 203 179 179
trop 6564 3988 203 179 179
lay 6600 3992 58 0 179
lay 6712 3992 58 0 179
zabor 6768 3984 27 0 8
stand 6904 3976 147 0 179
lay 6904 3992 6 0 179
lay 6904 3976 3 0 179
lay 6984 3976 67 0 179
trop 7052 3996 200 179 179
tree 7288 3992 35 0 179
tree 7288 3976 40 0 179
tree 104 4008 37 0 179
lay 184 4024 53 0 179
tree 168 4008 12 0 179
tree 184 4008 13 0 179
tree 200 4024 13 0 179
tree 1032 4008 14 0 179
tree 1240 4024 34 0 179
lay 1224 4008 70 0 179
tree 1272 4008 34 0 179
tree 1256 4024 12 0 179
tree 1352 4024 17 0 179
tree 1736 4024 39 0 179
tree 1800 4008 11 0 179
tree 2056 4008 0 0 179
tree 2216 4024 37 0 179
trop 2244 4020 212 179 179
tree 2264 4008 36 0 179
tree 2280 4024 34 0 179
trop 2380 4012 194 179 179
cliff 2480 4000 48 179 179
tree 2504 4008 37 0 179
tree 2536 4008 11 0 179
tree 2584 4024 40 0 179
tree 2600 4008 37 0 179
tree 2600 4024 0 0 179
tree 2632 4024 38 0 179
lay 2696 4024 49 0 179
trop 2980 4028 209 179 179
tree 3000 4024 36 0 179
trop 3036 4004 209 179 179
tree 3048 4008 35 0 179
lay 3144 4008 51 0 179
lay 3160 4008 51 0 179
lay 3672 4024 27 0 179
lay 3656 4008 67 0 179
trop 4052 4012 194 179 179
lay 4216 4008 67 0 179
lay 4248 4008 67 0 179
lay 4280 4024 67 0 179
lay 4600 4024 67 0 179
trop 4732 4020 200 179 179
tree 5160 4008 40 0 179
tree 5272 4024 37 0 179
tree 5304 4008 39 0 179
tree 5336 4008 39 0 179
tree 5336 4024 38 0 179
tree 5400 4024 16 0 179
tree 5416 4024 35 0 179
tree 5496 4024 36 0 179
trop 5796 4020 209 179 179
tree 5800 4008 38 0 179
tree 5816 4008 34 0 179
tree 5800 4024 12 0 179
lay 6040 4024 67 0 179
lay 6136 4024 58 0 179
zabor 6160 4016 24 0 8
trop 6220 4020 203 179 179
lay 6264 4024 58 0 179
trop 6396 4004 203 179 179
lay 6376 4008 58 0 179
trop 6452 4004 96 179 179
trop 6580 4020 203 179 179
trop 6732 4020 203 179 179
zabor 6768 4016 26 0 8
lay 6952 4008 67 0 179
trop 7044 4004 200 179 179
trop 7052 4028 200 179 179
tree 7192 4024 13 0 179
tree 7224 4008 17 0 179
tree 7272 4024 16 0 179
tree 7272 4008 34 0 179
lay 7288 4008 49 0 179
tree 120 4040 12 0 179
tree 104 4040 35 0 179
tree 248 4040 39 0 179
tree 264 4056 17 0 179
trop 932 4052 194 179 179
tree 1048 4040 39 0 179
tree 1112 4056 38 0 179
tree 1192 4056 12 0 179
tree 1224 4056 40 0 179
tree 1256 4040 39 0 179
tree 1352 4040 12 0 179
tree 1672 4040 39 0 179
tree 1688 4056 0 0 179
trop 1708 4052 212 179 179
tree 1720 4040 38 0 179
tree 1704 4040 37 0 179
trop 1860 4060 212 179 179
trop 1956 4052 209 179 179
tree 2040 4040 37 0 179
tree 2136 4040 34 0 179
trop 2156 4060 211 179 179
tree 2168 4040 36 0 179
tree 2280 4040 40 0 179
cliff 2464 4048 42 179 179
lay 2472 4040 51 0 179
tree 2520 4056 34 0 179
trop 2572 4036 209 179 179
trop 2628 4060 209 179 179
trop 2804 4036 194 179 179
lay 2856 4040 49 0 179
tree 2872 4056 36 0 179
trop 2884 4052 209 179 179
tree 2936 4040 37 0 179
tree 2968 4040 40 0 179
tree 2952 4040 37 0 179
tree 2984 4056 40 0 179
tree 3048 4056 39 0 179
lay 3144 4056 51 0 179
lay 3656 4040 67 0 179
lay 4376 4040 67 0 179
lay 4568 4056 67 0 179
tree 5016 4056 0 0 179
tree 5000 4056 17 0 179
tree 5032 4040 12 0 179
tree 5048 4056 0 0 179
tree 5064 4040 16 0 179
tree 5096 4040 0 0 179
tree 5320 4056 34 0 179
tree 5336 4056 37 0 179
lay 5320 4056 70 0 179
tree 5432 4040 39 0 179
tree 5464 4056 16 0 179
tree 5480 4040 16 0 179
tree 5496 4056 37 0 179
tree 5800 4040 34 0 179
trop 5956 4052 110 179 179
trop 5956 4060 98 179 179
lay 6040 4056 67 0 179
lay 6104 4056 67 0 179
tree 6088 4056 15 0 179
zabor 6160 4048 24 0 8
trop 6244 4044 203 179 179
trop 6372 4036 203 179 179
trop 6372 4060 203 179 179
trop 6484 4044 108 179 179
zabor 6512 4048 27 0 8
lay 6616 4056 58 0 179
zabor 6768 4048 32 0 9
lay 6952 4056 67 0 179
lay 7016 4056 27 0 179
tree 7192 4056 0 0 179
tree 7256 4056 40 0 179
tree 7272 4056 34 0 179
lay 7272 4040 70 0 179
tree 136 4072 36 0 179
tree 200 4072 12 0 179
tree 280 4072 40 0 179
lay 296 4072 53 0 179
tree 296 4088 13 0 179
tree 328 4088 34 0 179
trop 868 4076 194 179 179
tree 1032 4072 36 0 179
lay 1080 4088 48 0 179
tree 1080 4072 0 0 179
tree 1096 4072 34 0 179
tree 1128 4072 12 0 179
lay 1256 4072 48 0 179
tree 1272 4072 36 0 179
tree 1304 4088 10 0 179
trop 1316 4092 194 179 179
lay 1528 4088 49 0 179
tree 1656 4088 40 0 179
tree 1656 4072 11 0 179
tree 1640 4088 11 0 179
tree 1736 4072 40 0 179
tree 1960 4088 34 0 179
tree 1976 4088 36 0 179
tree 2024 4088 37 0 179
tree 2200 4088 39 0 179
tree 2216 4072 35 0 179
tree 2328 4072 17 0 179
trop 2348 4076 91 179 179
cliff 2432 4080 47 179 179
cliff 2432 4064 45 179 179
lay 2456 4072 51 0 179
trop 2524 4076 209 179 179
tree 2520 4072 35 0 179
tree 2552 4072 39 0 179
tree 2616 4072 16 0 179
trop 2652 4068 209 179 179
tree 2664 4072 35 0 179
trop 2692 4076 209 179 179
tree 2696 4072 39 0 179
trop 2804 4084 194 179 179
tree 2952 4088 40 0 179
tree 3016 4072 36 0 179
lay 3048 4088 28 0 179
lay 3144 4072 51 0 179
lay 3160 4088 51 0 179
lay 3688 4072 67 0 179
lay 5032 4072 70 0 179
tree 5032 4072 0 0 179
tree 5080 4072 36 0 179
tree 5080 4088 0 0 179
tree 5064 4088 36 0 179
tree 5160 4088 36 0 179
lay 5176 4088 48 0 179
tree 5304 4088 39 0 179
tree 5304 4072 40 0 179
tree 5320 4088 35 0 179
tree 5384 4072 37 0 179
tree 5416 4072 0 0 179
tree 5480 4072 38 0 179
lay 5480 4088 70 0 179
tree 5528 4088 37 0 179
tree 5816 4088 17 0 179
trop 5836 4084 209 179 179
lay 6120 4072 67 0 179
zabor 6160 4080 26 0 8
trop 6324 4084 203 179 179
trop 6380 4068 203 179 179
zabor 6416 4080 26 0 8
zabor 6512 4080 25 0 8
zabor 6768 4080 28 0 8
dom 6848 4064 295 0 179
lay 6872 4088 26 0 179
trop 6924 4092 102 179 179
lay 6968 4088 67 0 179
lay 7016 4072 67 0 179
lay 7320 4072 49 0 179
tree 7304 4072 12 0 179
lay 3048 4104 1 0 179
lay 3752 4104 28 0 179
lay 4088 4104 28 0 179
trop 5668 4108 62 179 179
zabor 6160 4112 32 0 9
zabor 6192 4112 28 0 8
zabor 6224 4112 39 0 9
zabor 6256 4112 31 0 8
zabor 6320 4112 24 0 8
zabor 6352 4112 28 0 8
zabor 6384 4112 30 0 8
zabor 6416 4112 30 0 8
zabor 6512 4112 24 0 8
zabor 6544 4112 35 0 9
zabor 6576 4112 27 0 8
zabor 6608 4112 25 0 8
zabor 6640 4112 27 0 8
lay 6680 4120 58 0 179
zabor 6736 4112 30 0 8
zabor 6768 4112 26 0 8
lay 7208 4120 49 0 179
tree 7272 4104 37 0 179
lay 3960 4152 27 0 179
tree 5096 4136 35 0 179
tree 5144 4152 16 0 179
tree 5816 4152 30 0 179
trop 5900 4140 103 179 179
trop 5900 4140 117 179 179
tree 5928 4152 38 0 179
stand 6408 4136 104 0 179
trop 6452 4156 117 179 179
trop 6452 4148 103 179 179
trop 6444 4140 96 179 179
stand 6520 4136 104 0 179
tree 7224 4136 40 0 179
tree 7240 4136 38 0 179
lay 7240 4136 48 0 179
fre 7316 4132 4 179 179
fre 7308 4148 32 179 179
dom 2144 4160 79 0 179
trop 4732 4172 200 179 179
trop 4932 4172 200 179 179
tree 5112 4168 35 0 179
trop 5788 4172 105 179 179
trop 5788 4172 121 179 179
trop 5892 4172 97 179 179
trop 6044 4172 121 179 179
trop 6212 4180 97 179 179
lay 6296 4184 60 0 179
trop 6404 4188 104 179 179
trop 6404 4188 118 179 179
lay 6456 4184 60 0 179
fre 7316 4164 23 179 179
fre 7316 4180 28 179 179
trop 7412 4180 204 179 179
cliff 8016 4176 38 179 179
cliff 8032 4160 49 179 179
cliff 8064 4160 51 179 179
cliff 8096 4160 49 179 179
lay 792 4200 26 0 179
tree 904 4216 0 0 179
tree 904 4200 40 0 179
tree 920 4200 12 0 179
lay 984 4200 26 0 179
trop 2356 4204 88 179 179
lay 3864 4216 27 0 179
tree 5112 4216 40 0 179
trop 5836 4204 114 179 179
trop 5948 4204 109 179 179
trop 6116 4212 109 179 179
trop 6212 4212 109 179 179
trop 6316 4212 115 179 179
trop 6476 4204 108 179 179
tree 6872 4216 37 0 179
fre 7228 4196 15 179 179
fre 7284 4212 15 179 179
cliff 8000 4208 43 179 179
tree 8040 4216 40 0 179
tree 8088 4216 0 0 179
tree 840 4248 12 0 179
trop 892 4244 211 179 179
tree 888 4248 36 0 179
tree 904 4232 34 0 179
tree 904 4248 35 0 179
tree 1240 4248 37 0 179
tree 1272 4248 25 0 179
tree 1712 4248 35 0 179
tree 2968 4248 17 0 179
lay 3592 4248 27 0 179
trop 5636 4252 74 179 179
lay 6392 4248 60 0 179
tree 6424 4232 38 0 179
trop 6596 4252 203 179 179
tree 6744 4248 35 0 179
lay 6808 4248 69 0 179
tree 6792 4248 40 0 179
tree 6872 4232 39 0 179
tree 7032 4232 0 0 179
tree 7176 4248 36 0 179
cliff 7984 4224 97 179 179
cliff 8000 4240 118 179 179
trop 804 4260 209 179 179
trop 812 4284 209 179 179
tree 824 4280 36 0 179
tree 856 4264 37 0 179
tree 840 4280 40 0 179
tree 888 4280 40 0 179
tree 904 4264 40 0 179
tree 1208 4280 23 0 179
tree 1192 4264 34 0 179
tree 1224 4280 23 0 179
tree 1240 4280 23 0 179
tree 1256 4264 23 0 179
tree 1728 4264 37 0 179
tree 1728 4280 12 0 179
tree 1824 4280 12 0 179
tree 1824 4264 35 0 179
lay 1840 4280 56 0 179
tree 1856 4280 34 0 179
tree 1968 4280 12 0 179
tree 2408 4280 16 0 179
tree 2504 4264 14 0 179
tree 2520 4280 16 0 179
tree 2568 4280 39 0 179
tree 2648 4280 40 0 179
tree 2632 4280 38 0 179
tree 2648 4264 40 0 179
tree 2680 4264 0 0 179
tree 2664 4264 36 0 179
tree 2664 4280 16 0 179
tree 2936 4280 38 0 179
tree 5128 4264 34 0 179
trop 5260 4284 75 179 179
trop 5412 4284 67 179 179
trop 5772 4260 118 179 179
tree 6616 4264 17 0 179
tree 6680 4264 16 0 179
tree 6760 4280 39 0 179
tree 6792 4264 40 0 179
tree 6792 4280 12 0 179
tree 6808 4280 12 0 179
tree 6840 4264 39 0 179
tree 6856 4264 34 0 179
tree 7096 4264 34 0 179
tree 7160 4264 36 0 179
lay 7288 4280 29 0 179
lay 7320 4280 33 0 179
lay 7320 4264 43 0 179
lay 7352 4280 34 0 179
lay 7512 4280 48 0 179
tree 7512 4280 37 0 179
tree 7528 4280 37 0 179
lay 8024 4264 67 0 179
cliff 8000 4272 125 179 179
tree 8040 4280 14 0 179
tree 792 4296 17 0 179
tree 856 4312 34 0 179
tree 872 4312 37 0 179
trop 924 4292 212 179 179
tree 904 4312 36 0 179
tree 952 4312 39 0 179
tree 936 4312 39 0 179
trop 988 4316 209 179 179
tree 1176 4312 23 0 179
lay 1208 4312 67 0 179
tree 1208 4296 23 0 179
tree 1192 4296 24 0 179
lay 1240 4312 67 0 179
lay 1256 4296 67 0 179
lay 1256 4312 50 0 179
tree 1256 4296 24 0 179
lay 1304 4312 67 0 179
lay 1288 4296 67 0 179
lay 1336 4312 50 0 179
lay 1352 4312 67 0 179
trop 1396 4316 200 179 179
lay 1384 4312 67 0 179
lay 1400 4312 67 0 179
lay 1432 4312 67 0 179
lay 1464 4312 67 0 179
tree 1712 4296 12 0 179
tree 1744 4312 17 0 179
tree 1760 4296 38 0 179
tree 1824 4312 38 0 179
tree 1976 4296 40 0 179
lay 2224 4296 61 0 179
tree 2520 4296 39 0 179
tree 2584 4312 0 0 179
tree 2600 4312 40 0 179
tree 2616 4296 37 0 179
tree 2936 4296 40 0 179
tree 2920 4296 0 0 179
tree 3000 4296 36 0 179
tree 2984 4312 40 0 179
lay 3080 4296 60 0 179
trop 3124 4292 194 179 179
lay 3976 4312 28 0 179
lay 4120 4312 27 0 179
tree 5144 4312 16 0 179
trop 5444 4292 72 179 179
trop 5508 4292 68 179 179
trop 6476 4316 123 179 179
lay 6472 4296 60 0 179
lay 6680 4296 1 0 179
tree 6808 4312 39 0 179
tree 7096 4296 34 0 179
tree 7128 4312 37 0 179
lay 7144 4312 70 0 179
tree 7144 4296 39 0 179
lay 7304 4296 34 0 179
lay 7320 4296 29 0 179
lay 7304 4312 33 0 179
lay 7352 4296 29 0 179
tree 7448 4296 38 0 179
tree 7544 4312 0 0 179
tree 7704 4312 36 0 179
lay 7704 4296 67 0 179
lay 7688 4296 67 0 179
tree 7720 4312 26 0 179
lay 8024 4296 67 0 179
lay 8024 4312 67 0 179
cliff 8000 4304 118 179 179
tree 408 4344 15 0 179
tree 568 4344 13 0 179
tree 760 4344 17 0 179
trop 796 4348 209 179 179
tree 872 4344 12 0 179
tree 920 4344 0 0 179
tree 936 4344 37 0 179
trop 964 4324 212 179 179
tree 968 4328 0 0 179
tree 1144 4328 23 0 179
tree 1128 4328 23 0 179
lay 1176 4344 67 0 179
tree 1192 4328 24 0 179
lay 1304 4344 67 0 179
lay 1368 4344 67 0 179
lay 1400 4344 67 0 179
lay 1496 4344 68 0 179
lay 1496 4328 50 0 179
lay 1512 4328 68 0 179
trop 1540 4332 200 179 179
tree 1696 4328 40 0 179
tree 1824 4328 38 0 179
tree 1856 4328 39 0 179
tree 1992 4344 16 0 179
tree 2168 4328 12 0 179
tree 2168 4344 16 0 179
trop 2284 4324 84 179 179
tree 2520 4328 13 0 179
tree 2568 4344 0 0 179
lay 2584 4328 53 0 179
tree 2664 4344 13 0 179
tree 2920 4328 0 0 179
tree 2952 4344 17 0 179
tree 2968 4344 12 0 179
lay 2984 4328 70 0 179
tree 5112 4344 13 0 179
tree 5144 4344 38 0 179
trop 5532 4324 101 179 179
dom 5792 4320 202 1 179
trop 6444 4340 116 179 179
lay 6712 4344 39 0 179
tree 6824 4344 39 0 179
tree 6904 4328 35 0 179
tree 6920 4344 37 0 179
trop 7060 4340 195 179 179
tree 7080 4328 37 0 179
tree 7096 4344 39 0 179
tree 7160 4344 38 0 179
tree 7256 4344 36 0 179
tree 7544 4328 17 0 179
tree 7560 4328 39 0 179
lay 7656 4328 67 0 179
cliff 7728 4320 65 179 179
cliff 7744 4336 77 179 179
tree 7784 4344 23 0 179
lay 8008 4344 67 0 179
cliff 8000 4336 125 179 179
lay 440 4376 57 0 179
tree 424 4376 14 0 179
tree 472 4360 40 0 179
tree 488 4376 13 0 179
tree 536 4376 17 0 179
tree 552 4360 34 0 179
tree 744 4360 39 0 179
tree 792 4360 40 0 179
trop 852 4364 209 179 179
tree 840 4360 37 0 179
lay 872 4376 26 0 179
tree 872 4376 34 0 179
tree 888 4360 12 0 179
tree 872 4360 38 0 179
tree 984 4360 14 0 179
tree 1112 4376 23 0 179
tree 1096 4376 41 0 179
lay 1176 4360 67 0 179
lay 1160 4376 50 0 179
lay 1192 4376 67 0 179
trop 1220 4356 200 179 179
lay 1240 4360 67 0 179
lay 1256 4360 67 0 179
lay 1272 4360 51 0 179
lay 1320 4376 67 0 179
lay 1336 4360 51 0 179
lay 1384 4376 51 0 179
lay 1432 4360 51 0 179
lay 1480 4360 67 0 179
lay 1496 4360 67 0 179
lay 1576 4376 68 0 179
tree 1680 4376 39 0 179
lay 1696 4376 56 0 179
lay 1856 4360 56 0 179
tree 2168 4360 38 0 179
tree 2168 4376 35 0 179
tree 2152 4376 12 0 179
tree 2520 4360 16 0 179
tree 2536 4360 14 0 179
tree 2536 4376 13 0 179
tree 2552 4360 34 0 179
tree 2616 4360 12 0 179
tree 2632 4376 14 0 179
tree 2872 4360 12 0 179
tree 2872 4376 12 0 179
tree 2936 4360 14 0 179
tree 2936 4376 38 0 179
tree 5144 4376 35 0 179
tree 5160 4376 10 0 179
tree 5464 4360 34 0 179
trop 5644 4364 96 179 179
lay 6184 4376 28 0 179
trop 6308 4372 204 179 179
tree 6808 4376 12 0 179
tree 6920 4360 37 0 179
tree 7096 4360 0 0 179
tree 7144 4376 37 0 179
tree 7176 4376 39 0 179
tree 7176 4360 35 0 179
lay 7208 4360 70 0 179
tree 7208 4376 36 0 179
tree 7272 4376 37 0 179
tree 7464 4360 12 0 179
tree 7464 4376 14 0 179
lay 7656 4360 67 0 179
cliff 7680 4368 84 179 179
cliff 7712 4352 73 179 179
lay 8024 4360 67 0 179
cliff 8000 4368 120 179 179
tree 8056 4360 36 0 179
tree 440 4392 38 0 179
lay 456 4392 53 0 179
tree 1112 4392 23 0 179
lay 1256 4408 51 0 179
lay 1304 4392 51 0 179
lay 1432 4392 50 0 179
lay 1448 4392 60 0 179
lay 1512 4392 51 0 179
lay 1544 4392 67 0 179
tree 1632 4408 37 0 179
tree 1648 4408 36 0 179
tree 1664 4392 39 0 179
tree 1696 4392 37 0 179
tree 1696 4408 39 0 179
tree 1712 4408 34 0 179
tree 1808 4408 34 0 179
tree 1824 4392 39 0 179
tree 1872 4408 40 0 179
tree 1856 4408 38 0 179
tree 1856 4392 34 0 179
tree 1888 4392 40 0 179
tree 1936 4392 12 0 179
tree 2104 4408 38 0 179
tree 2392 4408 38 0 179
tree 2408 4408 0 0 179
tree 2424 4408 15 0 179
lay 2408 4408 48 0 179
tree 2824 4408 34 0 179
lay 2856 4408 70 0 179
tree 2856 4392 17 0 179
tree 2872 4408 35 0 179
tree 2920 4408 0 0 179
tree 2968 4392 0 0 179
tree 2968 4408 38 0 179
tree 3000 4408 14 0 179
tree 3048 4392 0 0 179
tree 3128 4408 39 0 179
tree 3272 4392 14 0 179
tree 4584 4392 17 0 179
trop 4820 4404 200 179 179
lay 5016 4392 27 0 179
trop 4996 4412 200 179 179
tree 5128 4392 0 0 179
tree 5144 4408 35 0 179
tree 5144 4392 37 0 179
tree 5176 4392 10 0 179
lay 5160 4408 54 0 179
tree 5464 4408 40 0 179
lay 5464 4408 54 0 179
tree 5480 4392 36 0 179
trop 5644 4404 102 179 179
tree 5944 4408 39 0 179
tree 5944 4392 38 0 179
tree 6008 4392 14 0 179
trop 6004 4404 209 179 179
tree 6072 4408 16 0 179
tree 6136 4392 41 0 179
tree 6328 4408 17 0 179
tree 6680 4408 15 0 179
tree 6808 4392 38 0 179
tree 6872 4392 36 0 179
tree 6888 4408 39 0 179
tree 7304 4408 36 0 179
tree 7480 4392 12 0 179
tree 7496 4392 40 0 179
lay 7608 4392 43 0 179
lay 7656 4392 67 0 179
cliff 7680 4400 84 179 179
lay 8024 4392 67 0 179
cliff 8000 4400 120 179 179
tree 440 4440 12 0 179
tree 440 4424 34 0 179
tree 472 4440 37 0 179
tree 456 4424 36 0 179
lay 584 4440 53 0 179
tree 632 4440 40 0 179
tree 648 4440 15 0 179
tree 1080 4424 23 0 179
tree 1112 4424 25 0 179
tree 1112 4440 25 0 179
lay 1144 4424 67 0 179
lay 1144 4440 67 0 179
tree 1128 4424 24 0 179
lay 1208 4424 67 0 179
lay 1272 4424 60 0 179
lay 1304 4440 51 0 179
lay 1368 4424 50 0 179
lay 1400 4440 62 0 179
lay 1448 4424 0 0 179
lay 1512 4440 50 0 179
tree 1512 4440 23 0 179
tree 1512 4424 38 0 179
lay 1528 4440 3 0 179
lay 1560 4424 67 0 179
lay 1544 4424 3 0 179
lay 1544 4440 3 0 179
lay 1608 4440 68 0 179
tree 1680 4440 36 0 179
tree 1696 4424 35 0 179
tree 1728 4440 38 0 179
lay 1752 4424 55 0 179
tree 1776 4440 35 0 179
tree 1760 4440 37 0 179
tree 1824 4424 36 0 179
tree 1888 4424 0 0 179
tree 2000 4440 11 0 179
tree 2040 4440 17 0 179
tree 2088 4424 12 0 179
trop 2236 4428 81 179 179
tree 2360 4440 36 0 179
lay 2360 4424 48 0 179
tree 2376 4424 0 0 179
tree 2376 4440 15 0 179
tree 2408 4424 40 0 179
tree 2664 4424 16 0 179
tree 2680 4440 37 0 179
tree 2888 4440 36 0 179
tree 3016 4424 40 0 179
tree 3048 4440 14 0 179
tree 3080 4440 35 0 179
tree 3128 4424 14 0 179
lay 3192 4424 60 0 179
trop 3236 4444 194 179 179
trop 3476 4436 194 179 179
lay 3480 4424 60 0 179
lay 4040 4440 28 0 179
tree 5144 4440 0 0 179
tree 5144 4424 36 0 179
tree 5192 4440 0 0 179
trop 5260 4444 62 179 179
tree 5416 4424 12 0 179
tree 5416 4440 12 0 179
tree 5464 4424 39 0 179
tree 5480 4440 39 0 179
trop 5644 4444 102 179 179
tree 5688 4424 40 0 179
tree 6008 4440 40 0 179
trop 5996 4444 209 179 179
trop 6444 4444 96 179 179
tree 6872 4440 14 0 179
tree 6904 4424 39 0 179
tree 7240 4440 17 0 179
lay 7288 4424 69 0 179
tree 7320 4424 34 0 179
tree 7304 4440 37 0 179
tree 7336 4424 40 0 179
tree 7336 4440 12 0 179
tree 7368 4440 39 0 179
lay 7480 4440 70 0 179
tree 7512 4424 14 0 179
tree 7528 4424 12 0 179
tree 7528 4440 35 0 179
lay 7592 4440 33 0 179
lay 7656 4424 67 0 179
cliff 7680 4432 86 179 179
lay 8024 4440 67 0 179
cliff 8000 4432 119 179 179
tree 424 4472 16 0 179
tree 504 4472 41 0 179
tree 488 4472 38 0 179
tree 600 4456 41 0 179
tree 600 4472 37 0 179
lay 616 4472 57 0 179
tree 648 4472 14 0 179
tree 664 4472 16 0 179
tree 1064 4456 38 0 179
lay 1128 4472 67 0 179
lay 1176 4456 67 0 179
lay 1176 4472 51 0 179
lay 1224 4456 51 0 179
lay 1256 4472 50 0 179
lay 1384 4472 67 0 179
lay 1384 4456 51 0 179
tree 1400 4472 39 0 179
lay 1416 4472 3 0 179
lay 1432 4456 1 0 179
lay 1448 4472 50 0 179
lay 1448 4456 3 0 179
tree 1496 4456 41 0 179
lay 1496 4472 3 0 179
lay 1480 4472 5 0 179
lay 1528 4472 3 0 179
lay 1576 4456 51 0 179
tree 1728 4456 34 0 179
lay 1888 4472 54 0 179
tree 1888 4456 15 0 179
tree 2000 4456 0 0 179
tree 2360 4456 14 0 179
tree 2344 4456 15 0 179
tree 2520 4472 38 0 179
tree 2536 4472 38 0 179
tree 2552 4472 12 0 179
tree 2680 4456 34 0 179
tree 2680 4472 36 0 179
tree 2840 4472 34 0 179
tree 2856 4472 36 0 179
tree 3000 4472 36 0 179
lay 3032 4472 69 0 179
tree 3064 4472 12 0 179
tree 3096 4472 38 0 179
tree 3080 4472 12 0 179
tree 4792 4472 35 0 179
tree 4776 4472 35 0 179
tree 5144 4456 38 0 179
tree 5400 4472 13 0 179
tree 5496 4456 12 0 179
tree 5592 4472 13 0 179
trop 5636 4468 200 179 179
dom 5792 4448 272 1 179
tree 5912 4456 14 0 179
tree 5960 4456 40 0 179
trop 6156 4476 195 179 179
tree 6680 4456 11 0 179
lay 6696 4456 54 0 179
tree 6696 4456 10 0 179
lay 6888 4472 70 0 179
tree 6888 4456 38 0 179
tree 6888 4472 17 0 179
dom 7072 4448 70 0 179
tree 7288 4472 12 0 179
tree 7336 4472 37 0 179
tree 7480 4472 36 0 179
tree 7576 4472 39 0 179
lay 7608 4472 32 0 179
lay 7640 4472 67 0 179
lay 7656 4472 67 0 179
cliff 7680 4464 85 179 179
lay 7992 4456 67 0 179
tree 408 4504 39 0 179
tree 568 4504 17 0 179
tree 632 4488 10 0 179
tree 664 4504 37 0 179
tree 664 4488 10 0 179
trop 740 4500 198 179 179
tree 1048 4488 25 0 179
lay 1112 4488 67 0 179
lay 1160 4488 67 0 179
tree 1320 4504 23 0 179
tree 1336 4504 23 0 179
lay 1352 4488 50 0 179
lay 1368 4488 50 0 179
tree 1368 4504 23 0 179
tree 1368 4488 24 0 179
tree 1352 4504 34 0 179
tree 1400 4504 23 0 179
tree 1384 4504 26 0 179
lay 1416 4488 3 0 179
lay 1480 4504 3 0 179
lay 1496 4488 3 0 179
lay 1496 4504 5 0 179
lay 1528 4488 62 0 179
lay 1512 4504 3 0 179
lay 1512 4488 3 0 179
lay 1560 4488 60 0 179
lay 1560 4504 51 0 179
lay 1640 4488 67 0 179
lay 1640 4504 67 0 179
tree 1904 4488 35 0 179
tree 1888 4488 12 0 179
tree 1888 4504 14 0 179
tree 1920 4488 14 0 179
tree 2128 4488 12 0 179
trop 2308 4500 203 179 179
tree 2552 4488 40 0 179
lay 2664 4488 1 0 179
tree 3000 4488 37 0 179
tree 3096 4488 0 0 179
tree 3448 4504 14 0 179
lay 5128 4488 67 0 179
tree 5528 4488 40 0 179
tree 5544 4504 0 0 179
lay 5912 4504 67 0 179
trop 6476 4492 108 179 179
tree 6712 4488 11 0 179
lay 6776 4488 43 0 179
lay 6808 4504 46 0 179
tree 6872 4504 17 0 179
tree 6952 4504 0 0 179
tree 6968 4504 40 0 179
lay 7256 4504 29 0 179
lay 7256 4488 44 0 179
tree 7304 4488 0 0 179
tree 7432 4504 40 0 179
tree 7480 4488 37 0 179
tree 7528 4488 0 0 179
tree 7544 4504 36 0 179
lay 7560 4504 29 0 179
cliff 7680 4496 87 179 179
cliff 7920 4496 116 179 179
lay 7960 4504 67 0 179
cliff 7936 4496 123 179 179
lay 7992 4488 67 0 179
cliff 7984 4480 112 179 179
tree 536 4536 39 0 179
tree 520 4536 41 0 179
tree 568 4520 13 0 179
tree 600 4520 36 0 179
tree 888 4520 37 0 179
lay 1048 4536 50 0 179
lay 1064 4536 67 0 179
lay 1096 4520 67 0 179
lay 1144 4536 67 0 179
lay 1144 4520 51 0 179
lay 1192 4536 60 0 179
lay 1192 4520 51 0 179
lay 1240 4536 50 0 179
lay 1256 4536 62 0 179
lay 1288 4520 51 0 179
tree 1304 4536 25 0 179
lay 1320 4520 67 0 179
tree 1320 4536 23 0 179
tree 1336 4536 26 0 179
tree 1320 4520 35 0 179
lay 1368 4520 67 0 179
tree 1368 4520 23 0 179
tree 1352 4536 25 0 179
lay 1400 4520 67 0 179
lay 1416 4536 51 0 179
lay 1416 4520 3 0 179
lay 1432 4536 3 0 179
lay 1464 4520 3 0 179
lay 1464 4536 5 0 179
lay 1496 4536 3 0 179
lay 1480 4520 3 0 179
lay 1496 4520 5 0 179
lay 1512 4520 3 0 179
lay 1544 4536 60 0 179
lay 1592 4520 67 0 179
lay 1656 4536 67 0 179
trop 1756 4524 194 179 179
tree 1872 4520 10 0 179
tree 1888 4520 12 0 179
tree 2008 4536 0 0 179
lay 2312 4520 51 0 179
dom 2336 4512 86 0 179
lay 2376 4520 49 0 179
tree 2472 4536 39 0 179
tree 2552 4520 41 0 179
trop 2628 4516 203 179 179
tree 3064 4520 12 0 179
tree 3048 4520 38 0 179
tree 3176 4520 34 0 179
tree 3416 4520 35 0 179
tree 3416 4536 34 0 179
tree 3400 4536 39 0 179
tree 3448 4520 35 0 179
lay 5144 4536 67 0 179
tree 5400 4520 36 0 179
tree 5400 4536 39 0 179
lay 5416 4520 53 0 179
tree 5480 4520 38 0 179
tree 5496 4536 14 0 179
tree 6296 4520 40 0 179
tree 6600 4520 35 0 179
tree 6648 4536 16 0 179
lay 6808 4536 39 0 179
tree 6872 4520 40 0 179
tree 6968 4520 12 0 179
dom 7200 4512 319 1 179
lay 7256 4520 32 0 179
lay 7304 4520 33 0 179
lay 7336 4520 32 0 179
lay 7512 4536 40 0 179
lay 7544 4536 43 0 179
lay 7528 4536 30 0 179
lay 7656 4520 67 0 179
cliff 7680 4528 13 179 179
lay 7896 4536 67 0 179
lay 7928 4520 67 0 179
cliff 7904 4528 111 179 179
tree 376 4552 34 0 179
lay 872 4552 56 0 179
trop 1052 4548 200 179 179
lay 1048 4552 67 0 179
lay 1112 4552 50 0 179
lay 1272 4552 51 0 179
tree 1304 4568 25 0 179
lay 1320 4568 67 0 179
tree 1336 4552 26 0 179
tree 1336 4568 26 0 179
tree 1368 4552 23 0 179
tree 1368 4568 26 0 179
lay 1352 4568 5 0 179
lay 1400 4552 3 0 179
lay 1384 4552 5 0 179
lay 1400 4568 2 0 179
lay 1416 4552 3 0 179
lay 1464 4552 3 0 179
lay 1448 4568 1 0 179
lay 1480 4568 3 0 179
lay 1480 4552 3 0 179
lay 1544 4552 51 0 179
lay 1624 4552 67 0 179
lay 1656 4568 67 0 179
lay 1656 4552 50 0 179
trop 1676 4572 200 179 179
trop 1716 4572 194 179 179
tree 1976 4552 35 0 179
tree 1976 4568 13 0 179
lay 2120 4568 49 0 179
dom 2112 4544 81 0 179
trop 2284 4564 83 179 179
lay 2344 4552 49 0 179
tree 2456 4552 38 0 179
tree 2456 4568 0 0 179
tree 2568 4552 16 0 179
tree 2616 4568 38 0 179
tree 2632 4568 34 0 179
lay 2856 4568 60 0 179
tree 3016 4568 37 0 179
tree 3112 4568 40 0 179
trop 3196 4572 194 179 179
lay 3416 4568 69 0 179
tree 3448 4568 0 0 179
tree 3448 4552 40 0 179
tree 3464 4568 40 0 179
tree 3464 4552 38 0 179
tree 5144 4568 40 0 179
tree 5144 4552 0 0 179
lay 5144 4568 48 0 179
tree 5512 4568 14 0 179
lay 5560 4568 53 0 179
tree 5608 4552 37 0 179
tree 5608 4568 39 0 179
trop 5708 4556 98 179 179
lay 5864 4568 67 0 179
trop 6060 4548 65 179 179
dom 6080 4544 199 0 179
trop 6140 4564 195 179 179
tree 6296 4568 38 0 179
trop 6444 4572 96 179 179
tree 6616 4552 35 0 179
tree 6680 4552 17 0 179
dom 6688 4544 293 1 179
stand 6824 4568 176 0 179
dom 6944 4544 309 0 179
trop 6980 4556 195 179 179
stand 7096 4568 137 0 179
lay 7448 4552 33 0 179
lay 7480 4552 31 0 179
lay 7464 4552 44 0 179
lay 7496 4552 20 0 179
lay 7544 4568 34 0 179
lay 7656 4568 67 0 179
lay 7896 4568 67 0 179
cliff 7888 4544 48 179 179
dom 8000 4544 199 1 179
tree 312 4600 16 0 179
tree 328 4600 15 0 179
tree 392 4584 13 0 179
lay 696 4600 49 0 179
lay 760 4600 49 0 179
tree 872 4600 13 0 179
tree 872 4584 12 0 179
lay 1016 4584 68 0 179
lay 1048 4600 50 0 179
lay 1096 4584 67 0 179
lay 1096 4600 67 0 179
lay 1128 4584 67 0 179
lay 1176 4584 51 0 179
lay 1208 4600 51 0 179
lay 1272 4600 50 0 179
tree 1304 4584 23 0 179
tree 1304 4600 23 0 179
tree 1288 4600 24 0 179
lay 1320 4600 62 0 179
tree 1336 4600 23 0 179
tree 1336 4584 23 0 179
lay 1368 4584 67 0 179
lay 1352 4584 3 0 179
lay 1384 4600 5 0 179
lay 1432 4600 51 0 179
lay 1416 4584 50 0 179
lay 1496 4584 51 0 179
lay 1592 4600 67 0 179
lay 1640 4600 67 0 179
tree 1976 4584 37 0 179
tree 1992 4600 39 0 179
lay 2376 4600 49 0 179
tree 2456 4600 37 0 179
tree 2488 4600 34 0 179
tree 2520 4584 39 0 179
tree 2552 4584 16 0 179
lay 2552 4600 53 0 179
tree 2616 4600 34 0 179
tree 2600 4584 12 0 179
trop 2860 4580 194 179 179
tree 2968 4584 17 0 179
tree 2984 4584 0 0 179
tree 3000 4600 35 0 179
tree 3048 4600 34 0 179
tree 3080 4600 35 0 179
tree 3112 4584 39 0 179
lay 3208 4584 60 0 179
tree 3400 4600 17 0 179
tree 3416 4600 38 0 179
tree 3416 4584 38 0 179
tree 3640 4600 17 0 179
tree 3672 4600 38 0 179
tree 3688 4584 14 0 179
tree 5144 4584 35 0 179
tree 5160 4600 0 0 179
tree 5464 4584 12 0 179
tree 5464 4600 0 0 179
tree 5592 4600 14 0 179
trop 5620 4580 200 179 179
tree 5640 4600 16 0 179
tree 5848 4600 36 0 179
tree 5832 4600 34 0 179
tree 6008 4584 16 0 179
trop 6124 4588 198 179 179
tree 6200 4584 17 0 179
tree 6216 4600 36 0 179
tree 6232 4600 40 0 179
tree 6216 4584 14 0 179
tree 6264 4600 16 0 179
tree 6248 4600 16 0 179
tree 6296 4600 10 0 179
trop 6476 4596 108 179 179
tree 6616 4600 40 0 179
lay 6648 4584 54 0 179
tree 6664 4600 10 0 179
trop 7044 4588 117 179 179
trop 7044 4588 103 179 179
stand 7384 4600 1 0 179
lay 7512 4584 36 0 179
stand 7640 4584 151 0 179
stand 7624 4584 1 0 179
vor 7956 4596 64 179 179
lay 568 4616 49 0 179
dom 736 4608 82 0 179
tree 840 4632 17 0 179
tree 856 4632 41 0 179
tree 872 4616 13 0 179
lay 1048 4632 68 0 179
lay 1096 4632 50 0 179
lay 1144 4632 51 0 179
lay 1192 4616 60 0 179
lay 1240 4632 5 0 179
tree 1272 4632 25 0 179
tree 1272 4616 23 0 179
lay 1304 4616 67 0 179
tree 1288 4616 25 0 179
tree 1288 4632 25 0 179
lay 1320 4632 3 0 179
lay 1368 4616 51 0 179
lay 1352 4616 3 0 179
lay 1416 4616 15 0 179
lay 1448 4616 62 0 179
lay 1480 4632 51 0 179
lay 1528 4616 67 0 179
lay 1544 4632 67 0 179
lay 1624 4616 67 0 179
tree 1872 4616 12 0 179
tree 1872 4632 14 0 179
tree 1904 4632 34 0 179
tree 1976 4632 11 0 179
lay 1992 4616 26 0 179
tree 1992 4616 35 0 179
trop 2084 4612 203 179 179
lay 2136 4616 49 0 179
tree 2472 4616 38 0 179
tree 2488 4616 16 0 179
tree 2616 4616 0 0 179
tree 2616 4632 38 0 179
tree 2632 4632 14 0 179
tree 2632 4616 14 0 179
tree 3064 4616 38 0 179
tree 3400 4616 40 0 179
tree 3400 4632 14 0 179
tree 3416 4616 14 0 179
lay 3656 4616 48 0 179
tree 3800 4632 12 0 179
lay 3992 4616 66 0 179
tree 4008 4632 15 0 179
tree 4840 4616 35 0 179
tree 5112 4632 17 0 179
tree 5144 4632 35 0 179
lay 5144 4616 48 0 179
tree 5160 4616 36 0 179
lay 5192 4632 49 0 179
trop 5260 4620 62 179 179
tree 5464 4616 16 0 179
tree 5464 4632 40 0 179
tree 5448 4632 12 0 179
tree 5480 4632 39 0 179
dom 5792 4608 255 0 179
dom 5920 4608 255 1 179
tree 6040 4616 38 0 179
tree 6264 4616 39 0 179
tree 6280 4616 41 0 179
tree 6344 4632 36 0 179
trop 6444 4636 96 179 179
trop 6908 4628 97 179 179
trop 7020 4620 118 179 179
trop 7020 4612 97 179 179
trop 7020 4628 104 179 179
trop 7100 4620 97 179 179
trop 7228 4612 121 179 179
trop 7228 4612 105 179 179
trop 7204 4612 97 179 179
trop 7252 4620 105 179 179
trop 7252 4620 121 179 179
lay 7592 4616 49 0 179
lay 7656 4632 51 0 179
lay 7912 4632 49 0 179
tree 184 4664 12 0 179
tree 200 4664 37 0 179
trop 436 4652 198 179 179
lay 504 4648 49 0 179
dom 512 4640 79 0 179
lay 1080 4664 68 0 179
tree 1112 4648 23 0 179
lay 1144 4664 67 0 179
lay 1128 4648 50 0 179
lay 1192 4664 51 0 179
tree 1240 4648 25 0 179
tree 1240 4664 25 0 179
lay 1272 4648 51 0 179
tree 1256 4664 36 0 179
tree 1288 4648 26 0 179
lay 1288 4648 5 0 179
lay 1384 4648 14 0 179
lay 1416 4664 50 0 179
lay 1512 4664 67 0 179
lay 1544 4648 50 0 179
lay 1576 4664 67 0 179
trop 1604 4644 200 179 179
lay 1624 4648 67 0 179
tree 1872 4648 34 0 179
tree 1936 4648 0 0 179
tree 1920 4664 0 0 179
tree 2248 4664 15 0 179
tree 2680 4648 12 0 179
tree 2696 4664 13 0 179
trop 2868 4644 194 179 179
lay 3064 4648 60 0 179
tree 3624 4648 37 0 179
tree 3624 4664 38 0 179
lay 3720 4664 48 0 179
tree 3784 4648 39 0 179
tree 3800 4648 14 0 179
tree 5144 4664 35 0 179
tree 5144 4648 40 0 179
tree 5416 4648 34 0 179
lay 5512 4664 56 0 179
tree 5544 4664 39 0 179
trop 5996 4668 65 179 179
tree 6040 4648 14 0 179
trop 6020 4660 203 179 179
trop 6108 4668 65 179 179
tree 6200 4648 41 0 179
tree 6232 4648 12 0 179
tree 6248 4664 40 0 179
tree 6248 4648 39 0 179
lay 6280 4648 53 0 179
tree 6280 4648 12 0 179
tree 6280 4664 39 0 179
tree 6328 4664 37 0 179
tree 6344 4664 39 0 179
tree 6632 4648 34 0 179
trop 6756 4660 75 179 179
trop 6876 4660 63 179 179
trop 7012 4660 63 179 179
trop 7164 4660 67 179 179
trop 7252 4652 63 179 179
trop 7412 4644 63 179 179
trop 7580 4644 63 179 179
lay 7640 4664 51 0 179
most 7776 4640 5 0 179
trop 7980 4652 63 179 179
trop 8100 4652 63 179 179
tree 184 4680 12 0 179
lay 776 4696 49 0 179
lay 1064 4680 68 0 179
lay 1112 4696 67 0 179
tree 1192 4696 26 0 179
tree 1240 4680 25 0 179
tree 1240 4696 25 0 179
tree 1224 4696 36 0 179
tree 1256 4680 25 0 179
tree 1256 4696 24 0 179
lay 1304 4696 15 0 179
lay 1336 4680 13 0 179
lay 1368 4696 67 0 179
lay 1416 4696 51 0 179
lay 1432 4680 51 0 179
lay 1464 4696 67 0 179
lay 1512 4696 67 0 179
lay 1576 4680 67 0 179
trop 1748 4676 194 179 179
tree 1872 4696 14 0 179
tree 1904 4696 35 0 179
trop 2340 4684 87 179 179
dom 2432 4672 311 0 179
tree 2536 4680 40 0 179
tree 2696 4680 37 0 179
trop 3260 4700 114 179 179
tree 3272 4696 39 0 179
trop 3404 4700 109 179 179
tree 3608 4680 17 0 179
tree 3608 4696 40 0 179
lay 3624 4680 48 0 179
tree 3656 4680 40 0 179
tree 3704 4696 34 0 179
tree 3736 4696 12 0 179
tree 3752 4680 39 0 179
tree 4088 4696 14 0 179
lay 4104 4696 66 0 179
tree 4376 4680 0 0 179
tree 4472 4680 35 0 179
lay 4488 4696 66 0 179
tree 4488 4696 35 0 179
tree 5048 4696 13 0 179
tree 5080 4680 17 0 179
tree 5128 4696 16 0 179
tree 5128 4680 34 0 179
lay 5144 4680 49 0 179
tree 5528 4696 0 0 179
tree 5512 4680 37 0 179
tree 5512 4696 40 0 179
lay 5528 4680 53 0 179
tree 5624 4680 34 0 179
tree 5688 4680 0 0 179
trop 5796 4676 105 179 179
trop 5884 4692 198 179 179
trop 5868 4700 65 179 179
tree 6248 4696 10 0 179
tree 6312 4680 13 0 179
lay 6312 4696 48 0 179
tree 6360 4696 14 0 179
tree 6648 4696 16 0 179
trop 7244 4684 114 179 179
trop 7268 4692 100 179 179
lay 7624 4696 50 0 179
tree 168 4728 16 0 179
tree 200 4728 16 0 179
lay 264 4728 55 0 179
tree 312 4728 0 0 179
tree 296 4712 12 0 179
lay 312 4728 54 0 179
tree 888 4728 40 0 179
lay 1064 4728 68 0 179
lay 1144 4728 51 0 179
lay 1192 4712 50 0 179
tree 1208 4728 23 0 179
tree 1192 4728 39 0 179
lay 1240 4712 62 0 179
lay 1224 4712 51 0 179
tree 1224 4712 26 0 179
tree 1224 4728 23 0 179
lay 1240 4728 5 0 179
lay 1272 4712 51 0 179
lay 1256 4712 5 0 179
lay 1352 4728 50 0 179
trop 1500 4724 200 179 179
lay 1480 4728 67 0 179
tree 1904 4728 37 0 179
tree 1904 4712 40 0 179
lay 2200 4728 49 0 179
trop 2212 4716 203 179 179
dom 2240 4704 298 0 179
lay 2360 4728 49 0 179
tree 2616 4712 37 0 179
tree 2632 4712 36 0 179
tree 2632 4728 13 0 179
tree 3240 4728 37 0 179
trop 3508 4708 115 179 179
lay 3576 4712 60 0 179
tree 4168 4712 17 0 179
tree 4280 4712 10 0 179
tree 4488 4728 16 0 179
tree 4680 4712 15 0 179
tree 5048 4728 0 0 179
tree 5112 4728 40 0 179
tree 5128 4728 34 0 179
lay 5128 4712 70 0 179
tree 5448 4712 14 0 179
tree 5448 4728 0 0 179
tree 5496 4712 39 0 179
tree 5512 4712 40 0 179
dom 5664 4704 238 1 179
trop 5876 4708 101 179 179
trop 5980 4708 95 179 179
tree 6280 4712 34 0 179
tree 6296 4728 10 0 179
tree 6296 4712 15 0 179
tree 6360 4712 16 0 179
trop 6508 4732 110 179 179
trop 6508 4732 98 179 179
tree 6616 4728 13 0 179
tree 6648 4728 38 0 179
dom 6784 4704 316 1 179
trop 6964 4708 100 179 179
trop 6948 4724 100 179 179
dom 7328 4704 318 0 179
lay 7336 4728 34 0 179
lay 7656 4728 67 0 179
lay 7656 4712 67 0 179
cliff 7680 4720 86 179 179
lay 7944 4728 67 0 179
dom 7968 4704 203 1 179
tree 248 4744 39 0 179
tree 280 4760 10 0 179
tree 264 4744 34 0 179
tree 312 4744 39 0 179
trop 564 4764 198 179 179
trop 772 4748 198 179 179
lay 888 4760 54 0 179
lay 1080 4760 68 0 179
lay 1080 4744 50 0 179
lay 1112 4760 67 0 179
lay 1176 4744 60 0 179
lay 1208 4744 3 0 179
lay 1208 4760 0 0 179
lay 1256 4760 51 0 179
lay 1272 4744 15 0 179
lay 1288 4760 51 0 179
lay 1320 4744 67 0 179
lay 1384 4744 67 0 179
lay 1432 4760 67 0 179
lay 1416 4744 51 0 179
lay 1496 4760 67 0 179
trop 1572 4764 198 179 179
tree 1760 4760 10 0 179
tree 1792 4744 13 0 179
lay 2008 4744 26 0 179
tree 2120 4760 10 0 179
tree 2600 4760 38 0 179
tree 2664 4760 39 0 179
tree 3064 4760 17 0 179
tree 3224 4760 38 0 179
tree 3224 4744 38 0 179
tree 3256 4760 34 0 179
tree 3288 4760 40 0 179
tree 3464 4744 0 0 179
tree 3464 4760 40 0 179
tree 3528 4760 0 0 179
lay 5176 4744 49 0 179
tree 5160 4744 12 0 179
tree 5400 4760 12 0 179
tree 5432 4744 34 0 179
tree 5432 4760 37 0 179
tree 5592 4744 41 0 179
tree 5576 4744 14 0 179
tree 5608 4744 39 0 179
stand 5752 4760 180 0 179
stand 5768 4760 182 0 179
trop 5996 4756 65 179 179
tree 6648 4760 35 0 179
tree 6664 4760 10 0 179
tree 6664 4744 35 0 179
trop 6852 4740 96 179 179
trop 6892 4764 108 179 179
dom 6912 4736 291 1 179
trop 7028 4748 96 179 179
dom 7072 4736 290 0 179
trop 7188 4764 116 179 179
trop 7188 4756 116 179 179
trop 7188 4748 195 179 179
trop 7196 4764 102 179 179
trop 7260 4748 111 179 179
trop 7260 4756 99 179 179
lay 7640 4760 67 0 179
cliff 7680 4752 86 179 179
lay 7944 4760 67 0 179
vor 8036 4740 74 179 179
tree 296 4776 17 0 179
tree 872 4792 0 0 179
tree 888 4792 13 0 179
tree 888 4776 12 0 179
lay 1048 4776 68 0 179
lay 1064 4776 68 0 179
trop 1124 4796 200 179 179
lay 1144 4776 67 0 179
lay 1208 4792 50 0 179
lay 1272 4792 51 0 179
lay 1368 4792 51 0 179
lay 1384 4776 60 0 179
lay 1496 4776 67 0 179
tree 1568 4776 40 0 179
tree 1744 4776 17 0 179
tree 1760 4776 15 0 179
tree 1776 4792 11 0 179
tree 1808 4776 16 0 179
tree 1856 4776 39 0 179
tree 2088 4776 17 0 179
tree 2120 4776 15 0 179
tree 2120 4792 16 0 179
trop 2340 4788 81 179 179
trop 2396 4788 203 179 179
tree 2600 4776 14 0 179
lay 2648 4792 54 0 179
tree 2680 4792 16 0 179
tree 2984 4792 37 0 179
lay 3016 4792 69 0 179
tree 3016 4792 36 0 179
lay 3272 4776 70 0 179
tree 3480 4776 0 0 179
tree 3480 4792 37 0 179
lay 3544 4792 48 0 179
tree 3528 4776 38 0 179
tree 3528 4792 12 0 179
tree 3544 4792 40 0 179
trop 3668 4772 121 179 179
trop 3796 4788 72 179 179
trop 3884 4780 72 179 179
lay 5064 4792 49 0 179
tree 5128 4776 37 0 179
trop 5260 4796 62 179 179
tree 5400 4776 39 0 179
tree 5432 4776 39 0 179
tree 5432 4792 0 0 179
tree 5416 4776 16 0 179
tree 5464 4792 16 0 179
trop 5726 4798 72 179 179
stand 5768 4776 183 0 179
trop 5846 4790 72 179 179
trop 5918 4798 101 179 179
tree 6328 4792 12 0 179
tree 6632 4776 0 0 179
tree 6648 4792 35 0 179
tree 6648 4776 37 0 179
tree 6680 4776 10 0 179
lay 6664 4792 54 0 179
stand 6808 4792 1 0 179
trop 6868 4772 98 179 179
trop 6900 4796 98 179 179
zabor 6896 4784 25 0 8
trop 7068 4788 108 179 179
tree 7464 4792 0 0 179
tree 7512 4792 17 0 179
lay 7624 4792 67 0 179
lay 7656 4792 67 0 179
cliff 7680 4784 84 179 179
cliff 7920 4768 118 179 179
tree 7992 4792 0 0 179
lay 680 4824 4 0 179
lay 680 4808 49 0 179
stand 680 4824 147 0 179
trop 708 4812 198 179 179
tree 872 4808 36 0 179
lay 1096 4824 67 0 179
lay 1144 4824 67 0 179
lay 1128 4808 67 0 179
lay 1192 4808 67 0 179
lay 1224 4824 51 0 179
lay 1272 4824 60 0 179
lay 1320 4808 51 0 179
lay 1352 4808 62 0 179
lay 1384 4824 67 0 179
lay 1400 4824 50 0 179
lay 1432 4824 67 0 179
lay 1448 4808 51 0 179
lay 1496 4824 67 0 179
tree 1712 4808 37 0 179
tree 1776 4808 36 0 179
lay 1760 4808 56 0 179
tree 1792 4808 16 0 179
tree 1824 4808 0 0 179
tree 1872 4808 38 0 179
tree 1856 4824 37 0 179
lay 1872 4808 56 0 179
tree 2040 4808 37 0 179
tree 2056 4808 14 0 179
lay 2168 4824 69 0 179
tree 2232 4824 17 0 179
tree 2232 4808 41 0 179
tree 2248 4824 15 0 179
lay 2280 4808 49 0 179
lay 2456 4808 49 0 179
tree 2600 4808 12 0 179
tree 2600 4824 0 0 179
tree 2696 4808 16 0 179
tree 2840 4808 38 0 179
tree 2824 4824 34 0 179
tree 2920 4808 39 0 179
tree 2968 4824 0 0 179
tree 2952 4824 35 0 179
tree 3000 4824 0 0 179
tree 3080 4824 36 0 179
trop 3220 4820 111 179 179
tree 3288 4808 17 0 179
lay 3416 4808 60 0 179
tree 3480 4808 0 0 179
tree 3544 4808 40 0 179
trop 3844 4820 115 179 179
tree 4312 4824 13 0 179
lay 4328 4824 56 0 179
tree 4856 4808 0 0 179
tree 4904 4808 14 0 179
tree 4936 4808 0 0 179
tree 5080 4808 40 0 179
tree 5096 4808 38 0 179
lay 5096 4808 48 0 179
fre 5172 4804 4 179 179
fre 5164 4820 32 179 179
trop 5766 4822 97 179 179
trop 5814 4822 97 179 179
trop 5910 4822 104 179 179
trop 5972 4812 102 179 179
tree 6648 4824 0 0 179
tree 6648 4808 36 0 179
tree 6696 4824 0 0 179
trop 6756 4828 62 179 179
zabor 6896 4816 24 0 8
dom 7264 4800 292 1 179
trop 7268 4812 194 179 179
trop 7268 4804 194 179 179
tree 7432 4824 40 0 179
lay 7496 4808 69 0 179
tree 7496 4824 39 0 179
tree 7512 4824 40 0 179
tree 7544 4824 40 0 179
lay 7608 4808 67 0 179
lay 7640 4808 67 0 179
cliff 7920 4800 94 179 179
cliff 7936 4816 96 179 179
lay 7976 4824 67 0 179
tree 7992 4824 12 0 179
zabor 272 4848 38 0 9
zabor 304 4848 33 0 9
lay 456 4840 49 0 179
lay 504 4840 49 0 179
lay 664 4856 49 0 179
lay 792 4856 51 0 179
lay 856 4840 28 0 179
tree 888 4840 11 0 179
lay 1064 4840 68 0 179
lay 1160 4840 51 0 179
lay 1208 4856 67 0 179
lay 1256 4840 50 0 179
lay 1304 4856 51 0 179
lay 1352 4856 67 0 179
lay 1480 4856 67 0 179
lay 1680 4856 56 0 179
tree 1744 4840 36 0 179
tree 1760 4840 34 0 179
lay 1760 4856 56 0 179
tree 1904 4840 38 0 179
tree 1888 4840 16 0 179
tree 1936 4840 17 0 179
tree 1936 4856 14 0 179
tree 1952 4840 17 0 179
dom 2048 4832 310 0 179
lay 2168 4856 26 0 179
tree 2152 4856 39 0 179
tree 2152 4840 34 0 179
tree 2200 4840 40 0 179
tree 2264 4840 17 0 179
tree 2472 4840 11 0 179
tree 2536 4856 35 0 179
tree 2696 4840 12 0 179
tree 2696 4856 41 0 179
tree 2984 4840 12 0 179
tree 3096 4840 12 0 179
tree 3096 4856 39 0 179
tree 3288 4840 12 0 179
trop 3396 4844 194 179 179
lay 3528 4840 48 0 179
tree 3528 4856 36 0 179
tree 3544 4856 34 0 179
trop 3908 4852 121 179 179
tree 4216 4840 35 0 179
lay 4248 4856 57 0 179
tree 4264 4840 12 0 179
tree 4312 4840 17 0 179
tree 4376 4840 11 0 179
fre 5172 4836 23 179 179
fre 5172 4852 28 179 179
trop 5606 4862 101 179 179
trop 5646 4854 95 179 179
tree 6168 4840 17 0 179
tree 6232 4840 17 0 179
tree 6296 4856 41 0 179
tree 6328 4840 16 0 179
trop 6316 4852 195 179 179
trop 6612 4860 121 179 179
trop 6612 4860 105 179 179
tree 6648 4840 38 0 179
trop 6732 4852 96 179 179
dom 6816 4832 315 0 179
trop 6908 4860 110 179 179
trop 6964 4852 121 179 179
trop 6948 4852 121 179 179
trop 7092 4844 106 179 179
trop 7180 4844 118 179 179
trop 7180 4852 104 179 179
trop 7260 4852 110 179 179
trop 7252 4852 98 179 179
trop 7292 4860 194 179 179
tree 7432 4840 40 0 179
tree 7560 4840 17 0 179
lay 7608 4840 67 0 179
cliff 7664 4848 73 179 179
cliff 7696 4832 79 179 179
lay 7960 4856 67 0 179
cliff 7952 4832 118 179 179
zabor 112 4880 25 0 8
zabor 144 4880 27 0 8
zabor 176 4880 28 0 8
zabor 208 4880 30 0 8
zabor 240 4880 26 0 8
zabor 272 4880 31 0 8
lay 296 4888 68 0 179
dom 448 4864 78 0 179
lay 472 4888 49 0 179
lay 744 4872 49 0 179
lay 824 4872 51 0 179
dom 800 4864 81 0 179
lay 1096 4872 68 0 179
lay 1160 4888 67 0 179
lay 1224 4888 67 0 179
lay 1272 4872 67 0 179
lay 1272 4888 51 0 179
lay 1368 4888 51 0 179
lay 1400 4888 67 0 179
lay 1432 4872 67 0 179
lay 1464 4888 67 0 179
tree 1680 4888 35 0 179
tree 1712 4872 36 0 179
tree 1696 4872 12 0 179
tree 1792 4888 12 0 179
tree 1808 4888 14 0 179
tree 1824 4872 38 0 179
tree 1872 4872 34 0 179
tree 2168 4872 34 0 179
tree 2184 4888 16 0 179
tree 2472 4872 41 0 179
tree 2472 4888 16 0 179
tree 2504 4872 17 0 179
tree 2504 4888 34 0 179
tree 2616 4872 41 0 179
lay 2664 4872 54 0 179
tree 2696 4872 34 0 179
tree 2696 4888 0 0 179
tree 2856 4872 17 0 179
tree 2936 4888 40 0 179
tree 3064 4872 39 0 179
tree 3048 4872 38 0 179
tree 3128 4888 17 0 179
tree 3480 4872 37 0 179
tree 4008 4888 16 0 179
tree 4008 4872 16 0 179
tree 4216 4888 17 0 179
fre 5084 4868 15 179 179
fre 5140 4884 15 179 179
tree 5416 4888 15 0 179
stand 5560 4888 178 0 179
stand 5586 4874 160 0 179
stand 5650 4890 154 0 179
stand 5714 4890 154 0 179
trop 5846 4886 100 179 179
tree 6136 4872 40 0 179
tree 6280 4888 0 0 179
tree 6312 4888 0 0 179
lay 6632 4872 67 0 179
trop 6676 4876 97 179 179
trop 6660 4868 97 179 179
trop 6844 4892 97 179 179
trop 6828 4868 195 179 179
trop 6884 4892 97 179 179
trop 6972 4868 105 179 179
trop 6988 4876 118 179 179
trop 6996 4876 104 179 179
zabor 7024 4880 31 0 8
zabor 7056 4880 28 0 8
zabor 7088 4880 30 0 8
trop 7108 4884 109 179 179
zabor 7120 4880 30 0 8
zabor 7152 4880 24 0 8
trop 7292 4884 194 179 179
lay 7448 4888 70 0 179
tree 7448 4872 40 0 179
tree 7576 4888 39 0 179
tree 7560 4888 36 0 179
lay 7608 4888 67 0 179
lay 7592 4872 67 0 179
cliff 7632 4864 84 179 179
cliff 7952 4864 118 179 179
lay 7976 4888 67 0 179
zabor 272 4912 35 0 9
lay 280 4904 68 0 179
lay 424 4904 49 0 179
trop 588 4900 198 179 179
tree 704 4904 12 0 179
lay 792 4920 51 0 179
lay 824 4920 51 0 179
lay 1096 4904 68 0 179
lay 1160 4904 51 0 179
lay 1240 4904 51 0 179
lay 1304 4904 67 0 179
lay 1288 4904 50 0 179
lay 1320 4904 67 0 179
lay 1432 4920 50 0 179
tree 1600 4920 36 0 179
tree 1648 4904 12 0 179
tree 1760 4904 36 0 179
tree 1888 4904 12 0 179
lay 1960 4904 26 0 179
trop 2116 4924 203 179 179
tree 2232 4920 13 0 179
tree 2232 4904 14 0 179
trop 2332 4900 92 179 179
tree 2488 4920 0 0 179
tree 2472 4904 37 0 179
tree 2488 4904 12 0 179
tree 2504 4904 35 0 179
tree 2568 4920 11 0 179
tree 2600 4904 34 0 179
tree 2680 4904 13 0 179
tree 2664 4920 37 0 179
tree 2888 4920 14 0 179
tree 2904 4920 40 0 179
lay 2920 4904 70 0 179
tree 2920 4904 40 0 179
tree 2936 4904 34 0 179
tree 2920 4920 40 0 179
tree 3000 4904 38 0 179
tree 3160 4920 35 0 179
lay 3288 4920 69 0 179
tree 3288 4920 40 0 179
tree 3272 4920 39 0 179
tree 3720 4920 14 0 179
tree 3752 4920 17 0 179
lay 3768 4904 60 0 179
tree 3800 4904 10 0 179
tree 3784 4904 15 0 179
trop 4020 4916 110 179 179
tree 4040 4904 0 0 179
tree 4088 4920 13 0 179
lay 4104 4904 56 0 179
trop 5236 4924 74 179 179
stand 5490 4906 161 0 179
stand 5586 4906 160 0 179
stand 5586 4922 156 0 179
stand 5618 4922 161 0 179
stand 5602 4906 158 0 179
stand 5602 4922 159 0 179
stand 5634 4922 156 0 179
stand 5666 4922 157 0 179
tree 6120 4904 16 0 179
tree 6152 4904 41 0 179
tree 6184 4920 39 0 179
tree 6248 4904 12 0 179
lay 6248 4920 57 0 179
tree 6280 4904 41 0 179
tree 6280 4920 36 0 179
tree 6312 4904 17 0 179
lay 6648 4920 67 0 179
trop 6692 4900 109 179 179
trop 6844 4916 122 179 179
trop 6868 4908 122 179 179
trop 6852 4916 122 179 179
trop 6892 4916 122 179 179
trop 6884 4916 115 179 179
trop 6964 4908 109 179 179
trop 7028 4900 100 179 179
zabor 7152 4912 24 0 8
tree 7448 4904 38 0 179
tree 7464 4920 36 0 179
tree 7464 4904 17 0 179
lay 7576 4920 67 0 179
lay 7592 4920 67 0 179
cliff 7632 4896 85 179 179
cliff 7952 4896 119 179 179
lay 7976 4920 67 0 179
lay 184 4936 58 0 179
lay 1128 4952 68 0 179
trop 1180 4932 200 179 179
lay 1160 4952 67 0 179
lay 1192 4952 68 0 179
lay 1208 4936 68 0 179
lay 1272 4936 67 0 179
lay 1256 4952 68 0 179
lay 1304 4936 67 0 179
lay 1352 4936 67 0 179
lay 1384 4936 67 0 179
lay 1416 4936 67 0 179
lay 1464 4936 67 0 179
lay 1776 4936 56 0 179
tree 1792 4952 36 0 179
tree 1840 4952 0 0 179
tree 2216 4936 17 0 179
tree 2456 4952 12 0 179
tree 2488 4952 16 0 179
tree 2472 4936 13 0 179
tree 2584 4936 41 0 179
tree 2648 4936 0 0 179
tree 2648 4952 14 0 179
trop 3180 4932 108 179 179
tree 3192 4952 35 0 179
tree 3208 4936 34 0 179
tree 3240 4936 12 0 179
tree 3288 4952 37 0 179
tree 3384 4952 40 0 179
tree 3400 4952 35 0 179
lay 3576 4952 67 0 179
lay 3784 4936 56 0 179
tree 3800 4952 10 0 179
tree 4040 4936 16 0 179
tree 4088 4936 16 0 179
trop 4412 4956 68 179 179
trop 4548 4956 63 179 179
trop 4732 4956 63 179 179
trop 4908 4956 63 179 179
trop 5084 4956 63 179 179
trop 5590 4958 104 179 179
trop 5630 4934 14 179 179
stand 5634 4938 156 0 179
tree 6104 4952 36 0 179
tree 6120 4936 14 0 179
tree 6152 4936 40 0 179
tree 6168 4952 14 0 179
tree 6216 4952 14 0 179
tree 6248 4936 17 0 179
tree 6648 4952 40 0 179
tree 6648 4936 0 0 179
lay 6648 4952 48 0 179
trop 6708 4948 96 179 179
trop 6892 4932 122 179 179
trop 6892 4956 195 179 179
dom 7008 4928 289 0 179
zabor 7152 4944 29 0 8
lay 7560 4936 67 0 179
tree 7576 4936 14 0 179
lay 7608 4952 67 0 179
lay 7608 4936 67 0 179
cliff 7632 4928 86 179 179
lay 7960 4952 67 0 179
cliff 7952 4928 125 179 179
zabor 272 4976 24 0 8
lay 296 4984 67 0 179
trop 356 4972 200 179 179
trop 716 4980 194 179 179
trop 844 4988 120 179 179
lay 888 4968 28 0 179
trop 1596 4964 200 179 179
tree 1728 4984 36 0 179
tree 1792 4968 36 0 179
tree 1824 4968 12 0 179
tree 1824 4984 15 0 179
tree 1840 4984 13 0 179
lay 1912 4984 35 0 179
tree 1984 4984 13 0 179
tree 1984 4968 11 0 179
tree 2000 4968 11 0 179
lay 2120 4984 26 0 179
dom 2112 4960 82 0 179
trop 2332 4988 96 179 179
tree 2424 4984 0 0 179
tree 2424 4968 36 0 179
tree 2440 4968 11 0 179
tree 2680 4984 16 0 179
tree 2712 4984 35 0 179
tree 2872 4968 35 0 179
lay 2968 4984 48 0 179
tree 2984 4984 37 0 179
lay 3032 4968 60 0 179
tree 3256 4984 0 0 179
tree 3272 4968 14 0 179
lay 3384 4984 27 0 179
tree 3400 4984 36 0 179
lay 3560 4984 67 0 179
lay 3608 4984 67 0 179
lay 3624 4968 67 0 179
trop 5236 4988 71 179 179
trop 5260 4972 62 179 179
tree 5416 4984 17 0 179
trop 5630 4990 101 179 179
trop 5646 4990 95 179 179
trop 5726 4966 104 179 179
trop 5972 4964 103 179 179
tree 6008 4984 10 0 179
tree 6040 4968 36 0 179
tree 6024 4984 16 0 179
tree 6104 4968 15 0 179
tree 6136 4984 14 0 179
tree 6120 4984 17 0 179
lay 6136 4984 53 0 179
lay 6120 4968 53 0 179
tree 6248 4968 38 0 179
tree 6648 4968 35 0 179
tree 6664 4984 0 0 179
trop 6924 4980 195 179 179
dom 6912 4960 88 0 179
zabor 7152 4976 26 0 8
trop 7260 4980 194 179 179
tree 7480 4984 0 0 179
tree 7496 4968 17 0 179
tree 7496 4984 14 0 179
lay 7528 4968 67 0 179
cliff 7600 4960 126 179 179
cliff 7648 4976 82 179 179
cliff 7952 4960 125 179 179
zabor 272 5008 27 0 8
stand 312 5016 70 0 179
stand 312 5000 70 0 179
lay 416 5016 61 0 179
tree 704 5016 35 0 179
tree 720 5016 38 0 179
trop 756 5004 194 179 179
dom 1824 4992 297 0 179
lay 1944 5000 36 0 179
lay 1928 5016 37 0 179
trop 2188 5004 15 179 179
lay 2232 5000 5 0 179
stand 2232 5000 147 0 179
tree 2440 5016 41 0 179
dom 2656 4992 66 0 179
tree 2856 5000 39 0 179
tree 2936 5000 12 0 179
tree 2952 5016 39 0 179
tree 2968 5000 12 0 179
trop 3148 5012 117 179 179
trop 3212 5020 110 179 179
tree 3416 5000 34 0 179
tree 3432 5000 14 0 179
tree 3432 5016 35 0 179
lay 3544 5016 67 0 179
lay 3528 5016 67 0 179
lay 3656 5016 67 0 179
lay 3672 5016 67 0 179
lay 4024 5000 60 0 179
lay 5432 5016 54 0 179
tree 5416 5000 17 0 179
tree 5992 5000 10 0 179
lay 6008 5016 48 0 179
tree 6040 5016 36 0 179
tree 6072 5016 39 0 179
tree 6072 5000 40 0 179
lay 6072 5016 48 0 179
tree 6232 5000 13 0 179
tree 6616 5016 17 0 179
tree 6648 5016 35 0 179
lay 6648 5000 48 0 179
tree 6664 5000 36 0 179
lay 6696 5016 49 0 179
trop 6716 5020 96 179 179
trop 6756 5004 62 179 179
trop 6820 4996 111 179 179
trop 6844 5012 102 179 179
trop 6868 4996 195 179 179
trop 6884 5020 108 179 179
trop 6924 4996 197 179 179
zabor 7152 5008 30 0 8
tree 7384 5016 37 0 179
tree 7400 5016 35 0 179
lay 7528 5000 67 0 179
cliff 7552 5008 84 179 179
cliff 7584 4992 74 179 179
cliff 7952 4992 120 179 179
lay 7976 5000 67 0 179
zabor 272 5040 30 0 8
lay 312 5032 27 0 179
stand 312 5048 70 0 179
tree 528 5048 0 0 179
tree 688 5048 40 0 179
trop 1692 5052 206 179 179
trop 1844 5052 206 179 179
lay 2008 5048 12 0 179
trop 2332 5028 103 179 179
tree 2424 5032 35 0 179
tree 2408 5048 0 0 179
trop 2444 5036 203 179 179
trop 2636 5052 203 179 179
trop 2644 5036 15 179 179
tree 2840 5048 36 0 179
tree 2888 5048 17 0 179
tree 2904 5032 0 0 179
tree 2952 5048 14 0 179
lay 3288 5032 27 0 179
trop 3308 5036 194 179 179
dom 3296 5024 86 0 179
lay 3544 5048 67 0 179
lay 3704 5048 67 0 179
trop 4124 5028 121 179 179
tree 5432 5048 40 0 179
stand 5640 5048 155 0 179
trop 5788 5036 105 179 179
trop 5884 5044 104 179 179
tree 6008 5032 36 0 179
tree 6040 5032 12 0 179
tree 6056 5048 16 0 179
tree 6104 5032 15 0 179
tree 6104 5048 34 0 179
lay 6088 5048 48 0 179
tree 6120 5032 17 0 179
tree 6200 5048 41 0 179
tree 6648 5048 35 0 179
tree 6648 5032 40 0 179
stand 6808 5032 1 0 179
trop 6900 5028 196 179 179
zabor 7152 5040 27 0 8
lay 7512 5032 67 0 179
cliff 7552 5040 85 179 179
cliff 7952 5024 119 179 179
zabor 272 5072 28 0 8
tree 528 5080 34 0 179
tree 736 5064 40 0 179
tree 752 5080 40 0 179
lay 736 5064 48 0 179
trop 932 5076 105 179 179
trop 1044 5076 97 179 179
trop 1172 5076 97 179 179
trop 1300 5076 97 179 179
trop 1860 5068 106 179 179
trop 1964 5084 203 179 179
lay 1960 5064 31 0 179
trop 2164 5076 202 179 179
tree 2408 5064 38 0 179
tree 2424 5080 39 0 179
trop 2668 5060 65 179 179
lay 3288 5064 60 0 179
trop 3452 5084 117 179 179
lay 3528 5080 67 0 179
lay 3704 5064 67 0 179
lay 3752 5064 67 0 179
lay 3768 5064 67 0 179
lay 3784 5080 67 0 179
lay 3848 5080 67 0 179
tree 3992 5080 12 0 179
tree 3976 5064 11 0 179
trop 4132 5060 121 179 179
trop 4244 5060 115 179 179
trop 5759 5079 94 179 179
tree 5928 5064 0 0 179
tree 5992 5080 0 0 179
tree 6072 5064 17 0 179
tree 6104 5064 40 0 179
tree 6152 5064 13 0 179
tree 6200 5064 36 0 179
trop 6372 5076 200 179 179
tree 6552 5080 13 0 179
tree 6584 5064 17 0 179
tree 6632 5080 16 0 179
tree 6632 5064 34 0 179
lay 6648 5064 49 0 179
trop 6924 5076 196 179 179
trop 6980 5076 115 179 179
trop 6996 5084 101 179 179
stand 7064 5064 164 0 179
zabor 7152 5072 30 0 8
tree 7384 5064 14 0 179
lay 7416 5080 48 0 179
tree 7464 5080 34 0 179
lay 7528 5064 67 0 179
cliff 7552 5072 83 179 179
lay 7944 5080 67 0 179
lay 7960 5064 67 0 179
cliff 7952 5056 120 179 179
tree 8040 5080 39 0 179
lay 216 5096 58 0 179
lay 280 5096 67 0 179
zabor 272 5104 31 0 8
stand 296 5112 253 0 179
stand 328 5112 253 0 179
trop 372 5092 200 179 179
dom 640 5088 86 0 179
lay 648 5096 49 0 179
tree 800 5112 12 0 179
tree 832 5096 16 0 179
trop 1476 5108 206 179 179
trop 2036 5100 106 179 179
trop 2124 5100 106 179 179
trop 2212 5100 97 179 179
trop 2276 5092 104 179 179
trop 2340 5092 65 179 179
trop 2404 5108 98 179 179
tree 2440 5096 40 0 179
dom 2592 5088 78 0 179
trop 3052 5108 118 179 179
lay 3528 5096 67 0 179
lay 3560 5112 67 0 179
lay 3816 5096 67 0 179
tree 3880 5112 15 0 179
trop 4260 5092 115 179 179
trop 4412 5092 73 179 179
tree 5432 5112 14 0 179
tree 5464 5112 13 0 179
lay 5592 5096 27 0 179
trop 5799 5095 98 179 179
trop 5815 5095 99 179 179
tree 5944 5096 0 0 179
tree 5992 5096 0 0 179
tree 6552 5112 0 0 179
tree 6616 5112 40 0 179
tree 6632 5112 34 0 179
lay 6632 5096 70 0 179
trop 6836 5092 114 179 179
trop 6884 5116 100 179 179
tree 7416 5112 36 0 179
tree 7432 5096 37 0 179
lay 7512 5096 67 0 179
cliff 7936 5104 112 179 179
zabor 272 5136 26 0 8
zabor 304 5136 28 0 8
trop 604 5124 198 179 179
trop 1804 5132 100 179 179
trop 2308 5132 101 179 179
trop 2324 5132 101 179 179
tree 2472 5128 38 0 179
trop 2644 5140 15 179 179
trop 2828 5140 109 179 179
trop 2868 5148 109 179 179
trop 2916 5140 109 179 179
trop 3292 5132 121 179 179
trop 3420 5132 118 179 179
lay 3560 5144 67 0 179
tree 3720 5128 16 0 179
lay 3864 5128 67 0 179
lay 3896 5144 67 0 179
trop 4036 5132 194 179 179
trop 4404 5148 73 179 179
tree 5096 5144 0 0 179
tree 5112 5144 39 0 179
tree 5176 5144 11 0 179
trop 5260 5148 62 179 179
tree 5432 5144 40 0 179
trop 5737 5121 102 179 179
tree 5813 5133 11 0 179
tree 5864 5144 16 0 179
tree 6200 5144 14 0 179
lay 6680 5128 49 0 179
tree 6664 5128 12 0 179
trop 6724 5132 96 179 179
zabor 6896 5136 31 0 8
dom 6944 5120 288 0 179
tree 7336 5144 37 0 179
tree 7384 5144 35 0 179
tree 7368 5144 34 0 179
tree 7400 5128 0 0 179
lay 7464 5128 67 0 179
cliff 7536 5136 72 179 179
cliff 7568 5120 77 179 179
lay 7928 5128 67 0 179
cliff 7920 5120 120 179 179
zabor 112 5168 24 0 8
lay 136 5176 67 0 179
zabor 144 5168 30 0 8
zabor 176 5168 26 0 8
zabor 208 5168 31 0 8
lay 312 5176 67 0 179
zabor 304 5168 27 0 8
lay 344 5176 67 0 179
tree 496 5160 38 0 179
tree 480 5160 35 0 179
tree 512 5176 34 0 179
trop 676 5156 198 179 179
trop 724 5156 194 179 179
trop 820 5156 194 179 179
trop 1596 5172 105 179 179
trop 1708 5172 104 179 179
trop 1980 5164 100 179 179
trop 2668 5156 65 179 179
trop 2716 5172 100 179 179
lay 3016 5160 60 0 179
tree 3240 5176 35 0 179
lay 3576 5160 67 0 179
lay 3896 5176 67 0 179
tree 3960 5160 40 0 179
tree 3992 5160 37 0 179
tree 3992 5176 12 0 179
trop 4444 5180 105 179 179
tree 4856 5160 12 0 179
tree 4888 5176 34 0 179
tree 4904 5160 38 0 179
tree 4936 5176 38 0 179
tree 4984 5160 38 0 179
tree 5016 5160 35 0 179
tree 5032 5160 34 0 179
tree 5048 5176 14 0 179
tree 5064 5160 0 0 179
tree 5064 5176 14 0 179
tree 5112 5160 14 0 179
tree 5096 5176 34 0 179
dom 5600 5152 277 1 179
tree 5896 5160 15 0 179
stand 5923 5179 159 0 179
lay 6568 5176 49 0 179
tree 6632 5160 37 0 179
trop 6756 5180 62 179 179
trop 6860 5172 111 179 179
trop 6868 5180 194 179 179
zabor 6896 5168 29 0 8
trop 6956 5180 194 179 179
lay 7432 5160 67 0 179
cliff 7520 5168 78 179 179
lay 7880 5176 67 0 179
lay 7896 5160 67 0 179
cliff 7872 5152 116 179 179
cliff 7888 5152 122 179 179
cliff 7872 5168 120 179 179
zabor 304 5200 31 0 8
tree 592 5192 14 0 179
tree 592 5208 38 0 179
trop 732 5204 194 179 179
trop 772 5204 194 179 179
trop 1676 5204 101 179 179
trop 1876 5212 104 179 179
tree 2200 5208 10 0 179
tree 2200 5192 14 0 179
trop 2332 5196 203 179 179
trop 2612 5212 65 179 179
tree 2872 5192 38 0 179
tree 2904 5192 39 0 179
tree 3192 5208 35 0 179
lay 3224 5208 48 0 179
tree 3240 5192 39 0 179
lay 3512 5208 67 0 179
lay 3496 5208 67 0 179
lay 3544 5208 67 0 179
lay 3576 5208 67 0 179
lay 3608 5192 67 0 179
tree 3912 5208 35 0 179
lay 3928 5192 67 0 179
tree 3960 5192 13 0 179
lay 3960 5192 67 0 179
tree 3992 5192 35 0 179
lay 3976 5192 67 0 179
lay 3992 5192 67 0 179
tree 4056 5208 35 0 179
lay 4040 5208 67 0 179
tree 4072 5192 14 0 179
tree 4072 5208 34 0 179
lay 4072 5208 67 0 179
tree 4696 5208 0 0 179
tree 4680 5208 40 0 179
tree 4760 5192 40 0 179
tree 4744 5192 0 0 179
tree 4792 5208 38 0 179
tree 4872 5192 36 0 179
tree 4936 5192 37 0 179
lay 5064 5208 70 0 179
tree 5080 5192 0 0 179
tree 5080 5208 38 0 179
tree 5432 5208 16 0 179
lay 5448 5208 54 0 179
tree 5464 5192 12 0 179
trop 5673 5201 65 179 179
trop 5689 5201 65 179 179
dom 5856 5184 246 0 179
stand 5907 5195 162 0 179
stand 5923 5211 156 0 179
stand 5939 5211 159 0 179
dom 5984 5184 245 0 179
dom 6112 5184 245 2 179
tree 6296 5192 40 0 179
tree 6584 5192 40 0 179
tree 6600 5192 38 0 179
lay 6600 5192 48 0 179
fre 6676 5188 4 179 179
fre 6668 5204 32 179 179
trop 6812 5212 99 179 179
dom 6816 5184 317 1 179
zabor 6896 5200 28 0 8
tree 7336 5208 36 0 179
lay 7432 5192 67 0 179
lay 7432 5208 67 0 179
cliff 7456 5200 87 179 179
cliff 7488 5184 73 179 179
cliff 7872 5200 125 179 179
zabor 304 5232 28 0 8
lay 360 5240 67 0 179
tree 464 5240 12 0 179
tree 576 5224 14 0 179
tree 608 5240 38 0 179
tree 640 5240 34 0 179
trop 788 5244 194 179 179
trop 1756 5220 105 179 179
trop 1772 5236 206 179 179
tree 2152 5240 41 0 179
tree 2216 5224 34 0 179
lay 2232 5240 15 0 179
trop 2500 5228 105 179 179
trop 2556 5228 97 179 179
trop 2596 5244 203 179 179
trop 2668 5228 65 179 179
trop 2724 5244 106 179 179
trop 2732 5236 106 179 179
tree 2888 5224 12 0 179
lay 2920 5240 69 0 179
tree 3000 5224 12 0 179
tree 3096 5240 17 0 179
tree 3112 5224 0 0 179
tree 3112 5240 0 0 179
tree 3224 5240 38 0 179
tree 3240 5224 36 0 179
lay 3352 5224 60 0 179
lay 3608 5224 67 0 179
lay 3624 5240 67 0 179
lay 4008 5224 67 0 179
lay 4008 5240 67 0 179
tree 4056 5224 17 0 179
tree 4120 5240 40 0 179
lay 4104 5240 67 0 179
tree 4648 5240 39 0 179
tree 4984 5224 14 0 179
tree 5032 5240 39 0 179
tree 5080 5224 0 0 179
tree 5432 5240 12 0 179
stand 5592 5240 157 0 179
stand 5576 5240 162 0 179
stand 5624 5224 158 0 179
stand 5608 5224 159 0 179
stand 5656 5240 156 0 179
trop 5735 5223 96 179 179
tree 5811 5227 14 0 179
trop 5817 5233 65 179 179
stand 5843 5243 179 0 179
tree 5891 5243 16 0 179
stand 5923 5227 160 0 179
tree 6312 5224 12 0 179
fre 6676 5220 23 179 179
fre 6676 5236 28 179 179
trop 6860 5220 194 179 179
zabor 6896 5232 26 0 8
lay 6936 5224 5 0 179
stand 6936 5224 147 0 179
lay 7896 5224 67 0 179
cliff 7872 5232 119 179 179
lay 7992 5240 48 0 179
tree 8008 5240 0 0 179
lay 184 5272 58 0 179
zabor 304 5264 26 0 8
lay 360 5256 67 0 179
tree 528 5256 34 0 179
tree 512 5256 36 0 179
tree 512 5272 38 0 179
tree 544 5272 14 0 179
lay 624 5256 48 0 179
tree 624 5256 40 0 179
tree 608 5272 12 0 179
tree 656 5272 11 0 179
lay 1080 5256 26 0 179
tree 1192 5272 0 0 179
tree 1192 5256 40 0 179
tree 1208 5256 12 0 179
lay 1272 5256 26 0 179
lay 2232 5272 30 0 179
lay 2344 5272 21 0 179
trop 2668 5260 95 179 179
tree 2856 5272 14 0 179
tree 2936 5256 35 0 179
tree 2936 5272 12 0 179
tree 2952 5272 34 0 179
tree 2968 5256 36 0 179
tree 3128 5256 37 0 179
tree 3160 5256 17 0 179
tree 3176 5272 0 0 179
lay 3496 5256 67 0 179
lay 3672 5256 67 0 179
lay 3656 5256 67 0 179
lay 4008 5256 67 0 179
tree 4056 5256 15 0 179
lay 4136 5272 67 0 179
tree 4632 5256 38 0 179
tree 5048 5256 35 0 179
tree 5096 5256 39 0 179
tree 5160 5272 16 0 179
stand 5176 5256 1 0 179
stand 5592 5256 163 0 179
stand 5624 5256 160 0 179
trop 5657 5249 65 179 179
stand 5640 5256 161 0 179
trop 5727 5263 104 179 179
stand 5827 5259 178 1 179
trop 5929 5265 65 179 179
stand 5944 5272 188 0 179
stand 5928 5272 187 0 179
trop 5977 5249 65 179 179
trop 6081 5249 65 179 179
trop 6220 5260 65 179 179
tree 6296 5272 12 0 179
tree 6312 5256 0 0 179
tree 6360 5272 12 0 179
fre 6588 5252 15 179 179
fre 6644 5268 15 179 179
zabor 6896 5264 25 0 8
zabor 6928 5264 29 0 8
zabor 6960 5264 30 0 8
zabor 6992 5264 24 0 8
zabor 7024 5264 27 0 8
zabor 7056 5264 25 0 8
zabor 7088 5264 31 0 8
tree 7256 5256 15 0 179
lay 7368 5272 67 0 179
cliff 7440 5264 75 179 179
cliff 7472 5248 77 179 179
lay 7864 5272 67 0 179
tree 7992 5256 40 0 179
tree 7976 5256 36 0 179
trop 8012 5252 200 179 179
tree 8008 5256 17 0 179
lay 296 5288 67 0 179
zabor 304 5296 24 0 8
zabor 336 5296 32 0 9
lay 496 5288 70 0 179
tree 512 5304 35 0 179
trop 732 5292 194 179 179
tree 736 5304 39 0 179
tree 1128 5304 12 0 179
trop 1180 5300 211 179 179
tree 1176 5304 36 0 179
tree 1192 5288 34 0 179
tree 1192 5304 35 0 179
trop 1580 5284 206 179 179
trop 1900 5300 98 179 179
tree 2840 5288 36 0 179
tree 2856 5288 17 0 179
tree 2904 5288 36 0 179
tree 3000 5304 39 0 179
tree 3352 5304 39 0 179
lay 3496 5288 67 0 179
lay 3704 5288 67 0 179
lay 3720 5288 67 0 179
lay 4120 5304 67 0 179
tree 4248 5304 37 0 179
tree 4232 5304 17 0 179
trop 4356 5292 194 179 179
tree 4552 5304 38 0 179
tree 4568 5304 35 0 179
tree 4616 5288 36 0 179
lay 4664 5288 69 0 179
tree 4728 5304 17 0 179
tree 4744 5304 14 0 179
tree 5064 5304 12 0 179
tree 5064 5288 35 0 179
tree 5112 5288 38 0 179
tree 5464 5288 34 0 179
trop 5476 5284 202 179 179
trop 5847 5287 105 179 179
stand 5987 5307 183 0 179
tree 6392 5304 17 0 179
tree 6376 5288 39 0 179
tree 7224 5304 35 0 179
lay 7400 5288 67 0 179
cliff 7408 5280 87 179 179
cliff 7824 5296 117 179 179
cliff 7856 5280 111 179 179
zabor 304 5328 33 0 9
lay 360 5320 67 0 179
tree 480 5336 39 0 179
tree 512 5320 39 0 179
tree 624 5320 14 0 179
tree 640 5320 38 0 179
tree 640 5336 14 0 179
tree 752 5320 40 0 179
tree 768 5336 34 0 179
trop 1092 5316 209 179 179
trop 1100 5340 209 179 179
tree 1112 5336 36 0 179
tree 1144 5320 37 0 179
tree 1128 5336 40 0 179
tree 1176 5336 40 0 179
tree 1192 5320 40 0 179
lay 3128 5336 48 0 179
tree 3112 5336 17 0 179
tree 3144 5336 39 0 179
tree 3224 5320 38 0 179
tree 3336 5320 12 0 179
trop 3412 5324 116 179 179
trop 3444 5316 123 179 179
lay 3496 5320 67 0 179
trop 3596 5324 200 179 179
lay 3736 5320 67 0 179
lay 3768 5336 67 0 179
lay 4152 5336 67 0 179
lay 4168 5336 67 0 179
tree 4296 5336 14 0 179
tree 4328 5336 40 0 179
tree 4376 5336 14 0 179
tree 4584 5320 39 0 179
tree 4584 5336 40 0 179
tree 4648 5320 14 0 179
tree 4680 5336 37 0 179
tree 4712 5320 35 0 179
tree 4744 5336 39 0 179
tree 4808 5320 35 0 179
tree 4824 5336 34 0 179
tree 4840 5336 12 0 179
tree 5112 5320 0 0 179
trop 5260 5316 62 179 179
trop 5591 5343 97 179 179
trop 5663 5327 104 179 179
trop 5727 5319 73 179 179
trop 5711 5343 94 179 179
trop 5775 5343 97 179 179
trop 5871 5335 95 179 179
trop 5927 5343 97 179 179
trop 6015 5335 105 179 179
trop 6143 5335 97 179 179
trop 6372 5332 203 179 179
tree 6456 5336 36 0 179
tree 6488 5336 40 0 179
tree 6472 5320 14 0 179
lay 6472 5336 48 0 179
stand 6808 5320 1 0 179
dom 7008 5312 314 0 179
tree 7320 5320 38 0 179
lay 7384 5320 67 0 179
cliff 7408 5312 86 179 179
cliff 7824 5312 118 179 179
lay 7848 5320 67 0 179
lay 280 5352 68 0 179
tree 480 5352 0 0 179
tree 512 5368 14 0 179
tree 512 5352 17 0 179
tree 528 5352 37 0 179
tree 576 5352 38 0 179
tree 592 5352 39 0 179
tree 656 5352 17 0 179
tree 784 5352 37 0 179
tree 1080 5352 17 0 179
tree 1144 5368 34 0 179
tree 1160 5368 37 0 179
trop 1212 5348 212 179 179
tree 1192 5368 36 0 179
tree 1240 5368 39 0 179
tree 1224 5368 39 0 179
trop 1276 5372 209 179 179
lay 3064 5368 60 0 179
tree 3128 5352 12 0 179
tree 3112 5352 36 0 179
tree 3304 5352 37 0 179
lay 3512 5352 67 0 179
lay 3528 5368 67 0 179
lay 3768 5368 67 0 179
lay 3752 5352 67 0 179
lay 4200 5352 67 0 179
lay 4248 5368 67 0 179
tree 4296 5352 38 0 179
tree 4376 5352 0 0 179
tree 4360 5368 12 0 179
tree 4392 5368 40 0 179
tree 4600 5352 35 0 179
tree 4648 5368 17 0 179
tree 4696 5352 34 0 179
tree 4744 5352 0 0 179
tree 4760 5352 34 0 179
tree 4856 5352 14 0 179
tree 5016 5368 14 0 179
tree 5032 5368 36 0 179
trop 5484 5364 95 179 179
trop 6111 5367 101 179 179
trop 6137 5345 65 179 179
trop 6191 5351 104 179 179
tree 6424 5352 12 0 179
tree 6456 5352 38 0 179
trop 6756 5356 62 179 179
tree 7176 5368 11 0 179
lay 7320 5368 46 0 179
lay 7352 5368 46 0 179
lay 7368 5352 67 0 179
cliff 7408 5344 84 179 179
cliff 7824 5344 120 179 179
lay 7848 5352 67 0 179
tree 7928 5368 36 0 179
tree 7912 5368 17 0 179
tree 7992 5368 39 0 179
tree 8008 5368 37 0 179
lay 360 5384 67 0 179
tree 464 5384 34 0 179
tree 496 5384 0 0 179
tree 496 5400 13 0 179
lay 528 5400 69 0 179
tree 608 5400 34 0 179
tree 704 5384 36 0 179
tree 704 5400 14 0 179
tree 720 5400 36 0 179
lay 736 5400 48 0 179
tree 848 5384 17 0 179
tree 880 5400 35 0 179
lay 888 5400 53 0 179
tree 1048 5400 17 0 179
trop 1084 5404 209 179 179
tree 1160 5400 12 0 179
tree 1208 5400 0 0 179
tree 1224 5400 37 0 179
trop 1252 5380 212 179 179
tree 1256 5384 0 0 179
tree 1736 5400 40 0 179
tree 2920 5384 11 0 179
tree 2952 5400 13 0 179
tree 2968 5400 13 0 179
tree 3224 5384 38 0 179
tree 3224 5400 35 0 179
lay 3288 5384 69 0 179
tree 3272 5384 35 0 179
tree 3368 5384 34 0 179
lay 3576 5400 67 0 179
lay 3784 5400 67 0 179
lay 4216 5384 67 0 179
tree 4264 5384 13 0 179
tree 4264 5400 35 0 179
lay 4264 5400 67 0 179
tree 4312 5400 37 0 179
tree 4328 5384 39 0 179
tree 4360 5384 17 0 179
tree 4392 5384 12 0 179
lay 4456 5400 67 0 179
lay 4456 5384 67 0 179
lay 4488 5384 67 0 179
lay 4504 5384 67 0 179
lay 4536 5384 67 0 179
lay 4552 5384 67 0 179
lay 4600 5400 67 0 179
lay 4632 5400 67 0 179
lay 4664 5400 67 0 179
tree 4872 5384 14 0 179
lay 5016 5384 48 0 179
tree 5016 5384 12 0 179
tree 5032 5384 36 0 179
tree 5587 5403 13 0 179
trop 5631 5383 101 179 179
trop 5743 5391 107 179 179
trop 5815 5407 99 179 179
trop 5863 5399 97 179 179
trop 6047 5391 72 179 179
trop 6023 5391 97 179 179
trop 6065 5385 65 179 179
trop 6284 5404 65 179 179
tree 6424 5384 12 0 179
tree 6424 5400 37 0 179
lay 7352 5384 46 0 179
cliff 7424 5392 79 179 179
lay 7832 5384 67 0 179
cliff 7824 5376 119 179 179
lay 7960 5400 70 0 179
tree 7976 5384 35 0 179
lay 216 5416 58 0 179
lay 328 5416 67 0 179
tree 448 5432 40 0 179
tree 448 5416 40 0 179
lay 488 5432 54 0 179
tree 560 5432 37 0 179
tree 544 5416 10 0 179
tree 576 5416 0 0 179
tree 624 5432 12 0 179
tree 656 5416 10 0 179
tree 672 5416 15 0 179
tree 736 5416 36 0 179
tree 880 5432 12 0 179
tree 1032 5416 39 0 179
tree 1080 5416 40 0 179
trop 1140 5420 209 179 179
tree 1128 5416 37 0 179
lay 1160 5432 26 0 179
tree 1160 5432 34 0 179
tree 1176 5416 12 0 179
tree 1160 5416 38 0 179
tree 1272 5416 14 0 179
tree 1656 5432 36 0 179
tree 1752 5416 41 0 179
trop 2132 5428 200 179 179
lay 2488 5416 26 0 179
tree 2600 5432 0 0 179
tree 2600 5416 40 0 179
tree 2616 5416 12 0 179
lay 2680 5416 26 0 179
tree 2968 5416 17 0 179
tree 3256 5416 39 0 179
tree 3288 5432 14 0 179
tree 3320 5432 36 0 179
tree 3336 5432 36 0 179
lay 3608 5416 67 0 179
lay 3624 5416 67 0 179
lay 3640 5432 67 0 179
lay 3800 5416 67 0 179
lay 3816 5416 67 0 179
lay 3864 5416 67 0 179
lay 3880 5432 67 0 179
lay 4216 5416 67 0 179
lay 4296 5416 67 0 179
tree 4328 5416 0 0 179
lay 4328 5432 67 0 179
lay 4360 5432 67 0 179
lay 4392 5416 67 0 179
lay 4552 5432 67 0 179
lay 4680 5416 67 0 179
lay 4712 5416 67 0 179
lay 4744 5416 67 0 179
lay 4792 5416 67 0 179
lay 4808 5432 67 0 179
tree 4968 5416 0 0 179
tree 5000 5416 34 0 179
tree 5048 5416 34 0 179
lay 5336 5432 27 0 179
tree 5587 5419 12 0 179
trop 5799 5415 98 179 179
trop 6039 5431 101 179 179
tree 6424 5432 0 0 179
lay 7288 5432 67 0 179
lay 7304 5416 67 0 179
cliff 7392 5408 76 179 179
lay 7816 5432 67 0 179
cliff 7808 5424 110 179 179
tree 7912 5432 35 0 179
tree 7912 5416 14 0 179
tree 7960 5416 17 0 179
tree 7976 5432 17 0 179
trop 8140 5436 200 179 179
zabor 304 5456 37 0 9
lay 328 5448 67 0 179
tree 480 5464 14 0 179
tree 608 5464 35 0 179
tree 720 5448 38 0 179
tree 736 5464 39 0 179
lay 768 5464 48 0 179
tree 768 5464 12 0 179
tree 784 5464 34 0 179
tree 800 5464 39 0 179
tree 816 5464 40 0 179
tree 800 5448 35 0 179
tree 816 5448 14 0 179
tree 848 5448 13 0 179
tree 864 5448 16 0 179
tree 1624 5464 16 0 179
tree 1656 5448 41 0 179
lay 1704 5464 53 0 179
tree 1752 5448 36 0 179
lay 1832 5448 9 0 179
tree 2536 5464 12 0 179
trop 2588 5460 211 179 179
tree 2584 5464 36 0 179
tree 2600 5448 34 0 179
tree 2600 5464 35 0 179
tree 2872 5448 35 0 179
tree 2872 5464 38 0 179
tree 3144 5464 37 0 179
trop 3404 5452 117 179 179
lay 3640 5464 67 0 179
lay 3864 5448 67 0 179
lay 4424 5448 67 0 179
lay 4440 5464 67 0 179
lay 4552 5448 67 0 179
lay 4792 5448 67 0 179
lay 4824 5448 67 0 179
lay 4856 5448 67 0 179
lay 4904 5448 67 0 179
lay 4920 5448 67 0 179
lay 4952 5448 67 0 179
tree 5048 5464 17 0 179
tree 5464 5464 15 0 179
trop 5452 5468 195 179 179
trop 5815 5455 100 179 179
trop 5983 5455 100 179 179
trop 6167 5447 102 179 179
trop 6231 5463 103 179 179
lay 6424 5448 48 0 179
tree 6440 5448 16 0 179
tree 6536 5448 35 0 179
tree 7192 5464 14 0 179
lay 7240 5464 67 0 179
lay 7272 5464 67 0 179
cliff 7344 5456 73 179 179
cliff 7376 5440 82 179 179
lay 7784 5464 67 0 179
cliff 7776 5440 117 179 179
tree 7944 5464 34 0 179
tree 7976 5448 40 0 179
zabor 304 5488 29 0 8
zabor 336 5488 35 0 9
lay 344 5480 67 0 179
tree 528 5496 14 0 179
tree 528 5480 35 0 179
lay 848 5496 48 0 179
tree 832 5480 36 0 179
tree 864 5496 39 0 179
tree 1624 5496 12 0 179
lay 1608 5480 48 0 179
tree 1688 5496 17 0 179
tree 1688 5480 37 0 179
tree 1704 5480 13 0 179
lay 1736 5496 55 0 179
lay 1752 5480 54 0 179
tree 1768 5480 16 0 179
tree 1800 5480 16 0 179
tree 1800 5496 10 0 179
trop 1964 5492 102 179 179
trop 2500 5476 209 179 179
trop 2508 5500 209 179 179
tree 2520 5496 36 0 179
tree 2552 5480 37 0 179
tree 2536 5496 40 0 179
tree 2584 5496 40 0 179
tree 2600 5480 40 0 179
tree 2840 5480 36 0 179
tree 2856 5480 36 0 179
tree 3144 5480 35 0 179
lay 3672 5496 67 0 179
lay 3688 5496 67 0 179
lay 3880 5480 67 0 179
lay 3912 5496 67 0 179
tree 4072 5496 16 0 179
lay 4936 5480 67 0 179
trop 5260 5500 62 179 179
tree 5432 5480 16 0 179
tree 5448 5480 17 0 179
trop 5687 5479 96 179 179
trop 5743 5503 96 179 179
trop 5831 5495 100 179 179
trop 5847 5503 106 179 179
dom 5856 5472 228 0 179
trop 5905 5489 104 179 179
trop 5961 5489 65 179 179
dom 6016 5472 142 1 179
trop 6185 5489 105 179 179
trop 6196 5492 65 179 179
tree 6424 5496 39 0 179
tree 6424 5480 36 0 179
tree 6456 5480 14 0 179
tree 6472 5480 34 0 179
tree 7144 5496 0 0 179
lay 7224 5496 67 0 179
lay 7224 5480 67 0 179
lay 7256 5480 67 0 179
cliff 7328 5488 77 179 179
cliff 7728 5488 116 179 179
lay 7768 5480 67 0 179
cliff 7760 5472 112 179 179
tree 7912 5496 39 0 179
lay 312 5528 68 0 179
zabor 304 5520 31 0 8
lay 376 5512 67 0 179
lay 392 5512 67 0 179
lay 392 5528 67 0 179
lay 424 5528 67 0 179
tree 496 5512 36 0 179
lay 520 5512 67 0 179
tree 864 5512 0 0 179
tree 864 5528 34 0 179
tree 1288 5512 14 0 179
tree 1384 5512 40 0 179
lay 1576 5528 13 0 179
tree 1656 5512 17 0 179
tree 1640 5528 13 0 179
tree 1640 5512 36 0 179
tree 1704 5528 37 0 179
lay 1736 5528 49 0 179
tree 1768 5528 16 0 179
lay 1784 5528 49 0 179
trop 1964 5532 96 179 179
tree 2488 5512 17 0 179
tree 2552 5528 34 0 179
tree 2568 5528 37 0 179
trop 2620 5508 212 179 179
tree 2600 5528 36 0 179
tree 2648 5528 39 0 179
tree 2632 5528 39 0 179
trop 2684 5532 209 179 179
tree 2856 5512 0 0 179
tree 2872 5528 40 0 179
lay 2888 5528 70 0 179
tree 3160 5528 39 0 179
tree 3176 5528 0 0 179
tree 3432 5528 12 0 179
lay 3720 5528 67 0 179
lay 3896 5512 67 0 179
lay 3928 5528 67 0 179
lay 4088 5512 27 0 179
lay 4984 5528 67 0 179
lay 5000 5512 67 0 179
tree 5080 5528 34 0 179
stand 5176 5512 1 0 179
dom 5568 5504 225 1 179
trop 5665 5521 65 179 179
trop 5727 5519 73 179 179
fre 6193 5509 26 0 0
dom 6176 5504 116 0 179
trop 6316 5532 97 179 179
trop 6316 5508 97 179 179
trop 6380 5524 97 179 179
trop 6428 5532 97 179 179
trop 6756 5532 62 179 179
tree 7128 5512 12 0 179
tree 7144 5512 17 0 179
lay 7208 5528 67 0 179
cliff 7296 5504 74 179 179
lay 7720 5512 67 0 179
lay 7736 5512 67 0 179
cliff 7712 5520 112 179 179
lay 7832 5528 31 0 179
tree 7816 5528 15 0 179
lay 7848 5512 39 0 179
tree 7944 5528 17 0 179
lay 200 5544 58 0 179
zabor 304 5552 29 0 8
lay 328 5560 67 0 179
lay 456 5544 67 0 179
lay 536 5560 67 0 179
lay 520 5560 67 0 179
trop 604 5540 200 179 179
lay 680 5560 68 0 179
lay 712 5544 68 0 179
lay 728 5544 68 0 179
lay 760 5560 68 0 179
lay 776 5560 68 0 179
lay 1032 5560 67 0 179
lay 1080 5544 67 0 179
lay 1064 5544 67 0 179
tree 1272 5544 0 0 179
tree 1304 5544 40 0 179
tree 1400 5544 13 0 179
tree 1544 5560 39 0 179
tree 1720 5560 37 0 179
tree 1752 5544 12 0 179
lay 1832 5544 45 0 179
tree 1880 5544 38 0 179
trop 2188 5540 200 179 179
tree 2456 5560 17 0 179
trop 2492 5564 209 179 179
tree 2568 5560 12 0 179
tree 2616 5560 0 0 179
tree 2632 5560 37 0 179
trop 2660 5540 212 179 179
tree 2664 5544 0 0 179
tree 2936 5544 17 0 179
tree 3000 5544 38 0 179
tree 3144 5560 39 0 179
tree 3192 5544 35 0 179
lay 3208 5560 69 0 179
tree 3272 5560 35 0 179
trop 3380 5564 111 179 179
tree 3448 5544 35 0 179
lay 3512 5560 69 0 179
tree 3544 5544 0 0 179
tree 3560 5560 14 0 179
lay 3704 5544 67 0 179
lay 3720 5544 67 0 179
lay 3752 5560 67 0 179
lay 3928 5544 67 0 179
lay 5064 5560 48 0 179
tree 5080 5560 39 0 179
tree 5064 5544 38 0 179
tree 5432 5544 12 0 179
tree 5432 5560 37 0 179
trop 5545 5561 65 179 179
trop 5585 5553 65 179 179
trop 5847 5551 105 179 179
trop 6300 5540 65 179 179
trop 6356 5556 203 179 179
tree 6600 5544 35 0 179
tree 6648 5560 16 0 179
tree 7112 5544 14 0 179
lay 7192 5544 67 0 179
cliff 7248 5552 74 179 179
cliff 7280 5536 80 179 179
lay 7704 5560 67 0 179
cliff 7680 5552 119 179 179
cliff 7680 5536 116 179 179
lay 7768 5544 45 0 179
lay 7784 5544 35 0 179
lay 7816 5560 46 0 179
lay 7848 5560 38 0 179
lay 7848 5544 44 0 179
lay 7880 5560 35 0 179
tree 7960 5560 36 0 179
zabor 304 5584 24 0 8
lay 376 5592 67 0 179
lay 392 5576 67 0 179
lay 424 5576 67 0 179
lay 488 5592 67 0 179
lay 600 5592 68 0 179
lay 632 5592 68 0 179
lay 664 5592 68 0 179
lay 664 5576 68 0 179
zabor 720 5584 29 0 8
zabor 752 5584 31 0 8
zabor 784 5584 31 0 8
lay 824 5576 68 0 179
lay 856 5576 68 0 179
lay 872 5592 68 0 179
lay 1016 5576 67 0 179
lay 1048 5576 67 0 179
lay 1112 5576 67 0 179
tree 1320 5576 0 0 179
tree 1320 5592 16 0 179
tree 1416 5576 16 0 179
trop 1636 5588 200 179 179
trop 2188 5572 200 179 179
tree 2440 5576 39 0 179
tree 2488 5576 40 0 179
trop 2548 5580 209 179 179
tree 2536 5576 37 0 179
lay 2568 5592 26 0 179
tree 2568 5592 34 0 179
tree 2584 5576 12 0 179
tree 2568 5576 38 0 179
tree 2680 5576 14 0 179
tree 2872 5592 12 0 179
tree 2888 5576 39 0 179
tree 2936 5592 40 0 179
lay 3080 5592 60 0 179
tree 3144 5592 35 0 179
tree 3192 5592 34 0 179
tree 3224 5592 35 0 179
tree 3224 5576 35 0 179
tree 3256 5576 40 0 179
tree 3256 5592 34 0 179
tree 3240 5592 34 0 179
tree 3384 5576 17 0 179
tree 3384 5592 40 0 179
tree 3448 5592 17 0 179
tree 3480 5576 0 0 179
tree 3480 5592 37 0 179
tree 3496 5592 36 0 179
tree 3512 5592 38 0 179
tree 3512 5576 12 0 179
tree 3592 5592 35 0 179
lay 3752 5592 67 0 179
lay 3944 5576 67 0 179
lay 3960 5576 67 0 179
lay 5000 5576 67 0 179
lay 5000 5592 67 0 179
tree 5080 5576 0 0 179
tree 5064 5592 17 0 179
tree 5432 5576 0 0 179
trop 5521 5577 107 179 179
trop 5529 5577 107 179 179
trop 5625 5585 107 179 179
trop 5633 5593 107 179 179
trop 5921 5585 101 179 179
trop 5961 5585 65 179 179
trop 6049 5569 65 179 179
trop 6452 5580 203 179 179
lay 6456 5592 32 0 179
lay 6552 5592 31 0 179
tree 6616 5576 35 0 179
tree 7080 5576 14 0 179
tree 7112 5592 36 0 179
lay 7176 5592 67 0 179
cliff 7216 5568 87 179 179
lay 7672 5592 67 0 179
cliff 7680 5584 112 179 179
lay 7864 5592 34 0 179
lay 7896 5592 18 0 179
tree 7992 5592 14 0 179
tree 7992 5576 34 0 179
tree 7976 5576 14 0 179
zabor 304 5616 26 0 8
lay 344 5624 67 0 179
lay 408 5608 67 0 179
lay 456 5608 67 0 179
lay 488 5608 67 0 179
lay 520 5608 67 0 179
zabor 560 5616 25 0 8
lay 632 5624 68 0 179
lay 632 5608 68 0 179
lay 616 5608 68 0 179
lay 680 5608 68 0 179
zabor 720 5616 29 0 8
zabor 784 5616 30 0 8
zabor 816 5616 26 0 8
zabor 880 5616 29 0 8
zabor 912 5616 38 0 9
lay 936 5608 68 0 179
zabor 944 5616 29 0 8
lay 984 5608 67 0 179
zabor 1040 5616 26 0 8
zabor 1072 5616 27 0 8
zabor 1104 5616 29 0 8
lay 1144 5608 67 0 179
lay 1160 5624 67 0 179
tree 1240 5624 13 0 179
tree 1336 5608 41 0 179
tree 1320 5624 16 0 179
tree 2952 5624 15 0 179
tree 3608 5624 36 0 179
tree 3592 5624 14 0 179
lay 3784 5608 67 0 179
lay 3992 5608 67 0 179
lay 4440 5624 28 0 179
tree 4440 5624 16 0 179
lay 4984 5624 67 0 179
lay 5064 5608 48 0 179
tree 5064 5608 40 0 179
trop 5529 5601 97 179 179
trop 5609 5601 97 179 179
trop 5697 5601 104 179 179
trop 5831 5623 100 179 179
stand 5859 5627 156 0 179
stand 5859 5611 161 0 179
stand 5891 5627 158 0 179
trop 6041 5625 105 179 179
trop 6057 5609 65 179 179
trop 6188 5604 200 179 179
lay 6488 5624 33 0 179
lay 6520 5608 18 0 179
tree 6616 5624 40 0 179
trop 6612 5604 194 179 179
tree 7080 5624 40 0 179
lay 7192 5608 67 0 179
cliff 7216 5600 83 179 179
lay 7640 5624 67 0 179
cliff 7632 5616 117 179 179
cliff 7664 5600 115 179 179
lay 7928 5608 40 0 179
trop 8004 5620 200 179 179
zabor 304 5648 35 0 9
lay 328 5656 68 0 179
lay 440 5640 67 0 179
zabor 560 5648 29 0 8
zabor 624 5648 27 0 8
zabor 656 5648 39 0 9
zabor 688 5648 29 0 8
lay 744 5640 58 0 179
zabor 1104 5648 37 0 9
lay 1160 5640 67 0 179
tree 1240 5640 13 0 179
tree 1224 5656 38 0 179
tree 1304 5640 34 0 179
tree 1320 5640 12 0 179
lay 1368 5640 53 0 179
tree 1448 5656 41 0 179
tree 1464 5656 14 0 179
tree 1544 5656 12 0 179
tree 1560 5640 34 0 179
trop 1780 5636 206 179 179
tree 3160 5640 35 0 179
trop 3348 5660 108 179 179
lay 3480 5656 60 0 179
tree 3688 5640 12 0 179
lay 3784 5656 67 0 179
lay 3800 5640 67 0 179
lay 4024 5656 67 0 179
lay 4008 5640 67 0 179
lay 5000 5656 67 0 179
tree 5064 5640 39 0 179
tree 5416 5656 0 0 179
stand 5464 5640 251 0 179
trop 5617 5633 101 179 179
trop 5695 5663 96 179 179
trop 5743 5639 96 179 179
stand 5813 5661 184 0 179
stand 5843 5643 162 0 179
stand 5827 5643 156 0 179
stand 5875 5659 162 0 179
stand 5859 5643 161 0 179
stand 5891 5659 185 1 179
stand 5891 5643 157 0 179
tree 6344 5656 12 0 179
tree 6424 5640 39 0 179
lay 6520 5656 34 0 179
lay 6536 5656 45 0 179
lay 7128 5656 67 0 179
lay 7160 5640 67 0 179
cliff 7232 5648 79 179 179
lay 7608 5656 67 0 179
cliff 7632 5632 112 179 179
cliff 7616 5648 113 179 179
tree 7816 5656 37 0 179
lay 7928 5640 38 0 179
lay 216 5672 58 0 179
zabor 304 5680 30 0 8
lay 376 5688 67 0 179
lay 360 5672 67 0 179
lay 440 5688 67 0 179
lay 424 5672 67 0 179
lay 504 5672 67 0 179
zabor 560 5680 29 0 8
zabor 1104 5680 31 0 8
lay 1160 5672 67 0 179
tree 1224 5672 36 0 179
tree 1352 5688 16 0 179
tree 1368 5672 12 0 179
lay 1400 5688 49 0 179
tree 1416 5672 38 0 179
tree 1432 5672 36 0 179
tree 1464 5688 0 0 179
lay 1480 5688 55 0 179
tree 1480 5688 38 0 179
tree 1512 5672 37 0 179
trop 1700 5684 200 179 179
trop 1964 5668 103 179 179
tree 2856 5688 37 0 179
lay 3192 5672 70 0 179
tree 3192 5672 39 0 179
tree 3624 5672 14 0 179
tree 3656 5688 40 0 179
tree 3736 5672 38 0 179
lay 4008 5688 67 0 179
lay 5016 5672 67 0 179
tree 5080 5688 0 0 179
trop 5260 5684 62 179 179
trop 5537 5673 65 179 179
stand 5843 5691 160 0 179
stand 5848 5672 186 0 179
lay 5880 5688 26 0 179
stand 5859 5691 161 0 179
stand 5864 5672 183 0 179
stand 5864 5688 182 0 179
trop 5985 5681 102 179 179
tree 6328 5672 40 0 179
tree 6344 5672 14 0 179
tree 6424 5672 0 0 179
trop 6516 5668 198 179 179
trop 6604 5684 194 179 179
tree 6632 5672 34 0 179
tree 6856 5672 35 0 179
lay 7096 5688 67 0 179
cliff 7200 5664 75 179 179
cliff 7600 5664 112 179 179
cliff 7584 5680 92 179 179
cliff 7584 5664 117 179 179
lay 7624 5688 67 0 179
tree 7720 5672 39 0 179
tree 7784 5672 17 0 179
zabor 304 5712 26 0 8
lay 328 5704 67 0 179
zabor 432 5712 25 0 8
zabor 464 5712 30 0 8
lay 504 5704 67 0 179
zabor 496 5712 24 0 8
zabor 528 5712 27 0 8
zabor 560 5712 35 0 9
lay 1016 5720 58 0 179
zabor 1104 5712 27 0 8
lay 1160 5704 67 0 179
tree 1480 5704 37 0 179
lay 1592 5704 49 0 179
trop 2284 5708 200 179 179
trop 2324 5724 200 179 179
lay 3096 5720 48 0 179
tree 3112 5704 39 0 179
tree 3192 5704 38 0 179
tree 3192 5720 37 0 179
tree 3208 5720 39 0 179
tree 3224 5720 38 0 179
tree 3240 5704 34 0 179
tree 3256 5704 35 0 179
tree 3240 5720 37 0 179
trop 3340 5700 108 179 179
tree 3688 5720 17 0 179
tree 3704 5720 36 0 179
lay 3720 5720 48 0 179
lay 3800 5704 67 0 179
lay 3816 5704 67 0 179
trop 3892 5700 200 179 179
lay 3992 5704 67 0 179
lay 4008 5720 67 0 179
lay 4680 5720 67 0 179
lay 4744 5720 67 0 179
lay 4792 5720 67 0 179
lay 4776 5720 67 0 179
lay 4824 5720 67 0 179
lay 4872 5720 67 0 179
lay 5032 5704 67 0 179
tree 5080 5720 12 0 179
trop 5268 5700 62 179 179
tree 6312 5720 10 0 179
tree 6360 5720 38 0 179
lay 6408 5704 53 0 179
tree 6408 5720 41 0 179
tree 6424 5704 13 0 179
tree 6456 5720 40 0 179
tree 6472 5720 34 0 179
tree 6472 5704 10 0 179
lay 6552 5704 43 0 179
tree 6648 5720 16 0 179
trop 6756 5708 62 179 179
lay 7096 5720 67 0 179
cliff 7152 5712 76 179 179
cliff 7184 5696 80 179 179
cliff 7600 5696 97 179 179
lay 7624 5704 67 0 179
tree 7720 5720 12 0 179
tree 7768 5704 14 0 179
zabor 304 5744 27 0 8
lay 344 5736 67 0 179
lay 376 5752 67 0 179
lay 392 5736 67 0 179
lay 408 5752 67 0 179
zabor 432 5744 24 0 8
lay 888 5736 58 0 179
lay 1160 5752 67 0 179
tree 1224 5736 38 0 179
tree 1304 5752 34 0 179
lay 1352 5736 49 0 179
lay 1400 5752 49 0 179
tree 1480 5736 41 0 179
tree 1496 5736 12 0 179
lay 1592 5752 49 0 179
trop 1876 5756 104 179 179
lay 2936 5752 60 0 179
lay 3032 5752 48 0 179
tree 3032 5752 12 0 179
tree 3080 5752 17 0 179
tree 3112 5736 34 0 179
tree 3240 5736 38 0 179
tree 3448 5736 12 0 179
tree 3432 5752 39 0 179
tree 3512 5752 37 0 179
tree 3704 5752 34 0 179
tree 3752 5736 38 0 179
lay 3800 5736 67 0 179
lay 3976 5752 67 0 179
lay 4024 5736 67 0 179
lay 4632 5736 67 0 179
lay 4632 5752 67 0 179
lay 4664 5752 67 0 179
lay 4696 5736 67 0 179
lay 4728 5736 67 0 179
lay 4904 5736 67 0 179
lay 4952 5736 67 0 179
lay 4936 5752 67 0 179
lay 5016 5736 67 0 179
lay 5048 5752 67 0 179
lay 5336 5736 27 0 179
tree 5560 5736 15 0 179
tree 5576 5752 13 0 179
trop 5700 5740 96 179 179
trop 5732 5756 96 179 179
trop 5748 5740 96 179 179
stand 5912 5736 209 0 179
trop 5996 5748 96 179 179
dom 6112 5728 251 1 179
tree 6200 5752 12 0 179
trop 6212 5756 203 179 179
tree 6296 5752 38 0 179
tree 6296 5736 39 0 179
tree 6280 5752 39 0 179
tree 6312 5752 37 0 179
tree 6392 5736 10 0 179
tree 6408 5752 40 0 179
tree 6488 5736 37 0 179
tree 6504 5752 37 0 179
tree 6616 5752 13 0 179
tree 6648 5752 38 0 179
lay 7080 5752 67 0 179
cliff 7120 5728 86 179 179
cliff 7568 5744 116 179 179
lay 7592 5736 1 0 179
cliff 7600 5728 113 179 179
tree 7688 5752 36 0 179
lay 7800 5752 70 0 179
tree 7848 5736 34 0 179
lay 280 5768 67 0 179
zabor 304 5776 28 0 8
lay 344 5768 67 0 179
zabor 432 5776 27 0 8
lay 568 5768 58 0 179
zabor 1104 5776 25 0 8
lay 1480 5768 49 0 179
trop 1548 5780 15 179 179
tree 1592 5768 37 0 179
trop 1700 5764 97 179 179
trop 2876 5772 115 179 179
tree 3016 5768 38 0 179
tree 3080 5784 38 0 179
tree 3208 5784 34 0 179
trop 3308 5788 117 179 179
lay 3464 5768 70 0 179
tree 3512 5768 35 0 179
lay 3656 5784 60 0 179
lay 3816 5768 67 0 179
lay 3816 5784 67 0 179
lay 4008 5768 67 0 179
lay 4584 5784 67 0 179
lay 4616 5784 67 0 179
lay 5000 5768 67 0 179
tree 5096 5768 35 0 179
tree 5096 5784 36 0 179
tree 5112 5768 39 0 179
tree 5496 5784 34 0 179
tree 5512 5784 17 0 179
tree 5592 5768 14 0 179
tree 5608 5784 16 0 179
tree 5640 5768 38 0 179
tree 5880 5768 15 0 179
trop 5868 5780 195 179 179
tree 6264 5784 41 0 179
tree 6280 5768 15 0 179
tree 6328 5768 36 0 179
tree 6344 5784 34 0 179
tree 6376 5768 38 0 179
tree 6520 5768 40 0 179
tree 6536 5768 40 0 179
tree 6648 5784 35 0 179
tree 6664 5784 10 0 179
tree 6872 5768 13 0 179
lay 7096 5768 67 0 179
cliff 7120 5760 86 179 179
lay 7576 5768 67 0 179
cliff 7568 5760 125 179 179
tree 7704 5784 34 0 179
tree 7832 5768 37 0 179
tree 7816 5784 40 0 179
zabor 112 5808 36 0 9
zabor 144 5808 30 0 8
zabor 176 5808 31 0 8
lay 200 5816 68 0 179
zabor 208 5808 27 0 8
lay 232 5800 67 0 179
zabor 240 5808 25 0 8
lay 264 5800 67 0 179
zabor 272 5808 29 0 8
lay 312 5800 67 0 179
lay 328 5800 67 0 179
lay 376 5800 67 0 179
lay 392 5816 67 0 179
lay 424 5816 67 0 179
zabor 432 5808 28 0 8
zabor 1104 5808 30 0 8
lay 1144 5800 67 0 179
tree 1368 5800 14 0 179
lay 1464 5816 49 0 179
trop 1652 5820 100 179 179
trop 2332 5804 200 179 179
tree 2840 5800 37 0 179
tree 2824 5816 36 0 179
tree 3432 5800 34 0 179
tree 3496 5800 34 0 179
tree 3640 5816 34 0 179
tree 3768 5816 0 0 179
lay 3848 5800 67 0 179
lay 3976 5800 67 0 179
lay 4552 5816 67 0 179
lay 5032 5800 67 0 179
lay 5064 5800 68 0 179
stand 5192 5800 1 0 179
trop 5788 5820 98 179 179
dom 5760 5792 262 0 179
tree 5848 5800 17 0 179
dom 5984 5792 262 1 179
tree 6632 5800 0 0 179
tree 6648 5816 35 0 179
tree 6648 5800 37 0 179
tree 6680 5800 10 0 179
lay 6664 5816 54 0 179
tree 6856 5816 17 0 179
tree 6904 5816 11 0 179
lay 7064 5800 67 0 179
cliff 7136 5808 79 179 179
lay 7544 5816 67 0 179
cliff 7568 5792 112 179 179
cliff 7552 5808 113 179 179
tree 7624 5816 39 0 179
tree 7720 5800 0 0 179
tree 7768 5816 38 0 179
tree 7784 5800 12 0 179
tree 7992 5816 14 0 179
tree 7992 5800 39 0 179
lay 264 5832 67 0 179
lay 392 5848 67 0 179
zabor 432 5840 37 0 9
zabor 464 5840 28 0 8
zabor 496 5840 26 0 8
zabor 528 5840 31 0 8
lay 1112 5848 67 0 179
lay 1096 5848 67 0 179
zabor 1104 5840 28 0 8
lay 1144 5848 67 0 179
tree 1288 5832 13 0 179
tree 1384 5832 36 0 179
tree 1400 5848 14 0 179
lay 1528 5848 49 0 179
tree 1688 5848 38 0 179
tree 1944 5848 41 0 179
tree 1960 5848 34 0 179
tree 1976 5848 14 0 179
tree 2936 5848 15 0 179
trop 3060 5852 121 179 179
lay 3160 5848 60 0 179
trop 3244 5844 118 179 179
tree 3480 5832 40 0 179
tree 3624 5832 14 0 179
lay 3832 5848 67 0 179
lay 3816 5832 67 0 179
lay 3992 5832 67 0 179
lay 4008 5848 67 0 179
lay 4536 5832 67 0 179
lay 4568 5848 67 0 179
lay 5080 5832 67 0 179
trop 5292 5828 70 179 179
trop 5764 5836 98 179 179
trop 5812 5828 98 179 179
lay 5880 5848 26 0 179
trop 5996 5852 102 179 179
lay 6152 5832 27 0 179
tree 6648 5848 0 0 179
tree 6648 5832 36 0 179
tree 6696 5848 0 0 179
tree 6984 5832 34 0 179
lay 7048 5832 67 0 179
cliff 7072 5840 87 179 179
cliff 7104 5824 72 179 179
lay 7512 5848 67 0 179
cliff 7520 5840 112 179 179
cliff 7536 5824 112 179 179
cliff 7520 5824 117 179 179
tree 7624 5848 0 0 179
tree 7752 5832 0 0 179
trop 92 5860 101 179 179
lay 296 5864 67 0 179
lay 344 5864 67 0 179
lay 440 5880 67 0 179
lay 472 5864 67 0 179
lay 1080 5864 67 0 179
lay 1096 5880 67 0 179
lay 1112 5864 67 0 179
tree 1240 5864 40 0 179
tree 1256 5864 41 0 179
tree 1368 5864 13 0 179
tree 1368 5880 13 0 179
tree 1464 5880 16 0 179
trop 1556 5876 203 179 179
tree 1544 5864 39 0 179
trop 1644 5884 98 179 179
tree 1656 5864 40 0 179
cliff 1744 5872 44 179 179
cliff 1776 5856 64 179 179
cliff 1760 5872 100 179 179
tree 1896 5864 0 0 179
tree 1896 5880 36 0 179
tree 1912 5880 12 0 179
tree 1928 5864 39 0 179
lay 1976 5880 55 0 179
tree 2008 5880 14 0 179
tree 1992 5880 39 0 179
tree 2024 5880 41 0 179
tree 2840 5880 38 0 179
tree 2936 5864 35 0 179
trop 3116 5876 114 179 179
lay 3832 5864 67 0 179
lay 4008 5864 67 0 179
lay 4424 5880 67 0 179
lay 4456 5880 67 0 179
lay 4520 5880 67 0 179
lay 4568 5864 67 0 179
lay 5096 5864 67 0 179
trop 5428 5860 63 179 179
trop 5492 5860 63 179 179
trop 5628 5884 71 179 179
trop 5996 5868 103 179 179
trop 6508 5876 200 179 179
tree 6648 5864 38 0 179
trop 6756 5884 62 179 179
stand 6808 5864 1 0 179
lay 6872 5880 18 0 179
tree 6984 5864 14 0 179
tree 6984 5880 34 0 179
lay 7032 5880 67 0 179
cliff 7072 5872 84 179 179
cliff 7472 5872 116 179 179
cliff 7504 5856 113 179 179
tree 7704 5880 38 0 179
tree 7704 5864 17 0 179
tree 8008 5864 34 0 179
tree 8040 5864 36 0 179
tree 8056 5864 40 0 179
lay 504 5896 67 0 179
lay 632 5896 58 0 179
lay 968 5912 58 0 179
lay 1112 5896 67 0 179
tree 1256 5896 13 0 179
tree 1400 5896 39 0 179
tree 1416 5912 38 0 179
tree 1464 5896 0 0 179
tree 1464 5912 36 0 179
cliff 1744 5888 53 179 179
tree 1992 5912 12 0 179
tree 1992 5896 0 0 179
tree 2040 5896 37 0 179
tree 2088 5912 34 0 179
trop 2436 5916 200 179 179
tree 2888 5912 0 0 179
tree 3160 5912 40 0 179
tree 3144 5912 12 0 179
lay 3512 5896 60 0 179
tree 3624 5912 38 0 179
lay 3656 5912 69 0 179
tree 3656 5912 39 0 179
tree 3672 5896 14 0 179
tree 3704 5896 14 0 179
tree 3704 5912 38 0 179
lay 3800 5912 67 0 179
lay 3784 5896 67 0 179
lay 3832 5896 67 0 179
lay 4024 5896 67 0 179
lay 4008 5896 67 0 179
lay 4360 5912 67 0 179
lay 4392 5896 67 0 179
lay 4440 5896 67 0 179
lay 4472 5912 67 0 179
lay 4520 5896 67 0 179
lay 5096 5896 67 0 179
stand 5272 5912 1 0 179
dom 5888 5888 199 0 179
trop 5988 5916 103 179 179
trop 6140 5916 200 179 179
trop 6436 5916 200 179 179
lay 6632 5896 67 0 179
lay 6808 5912 32 0 179
lay 6840 5896 46 0 179
lay 6856 5912 35 0 179
lay 7032 5912 67 0 179
lay 7032 5896 67 0 179
cliff 7072 5904 86 179 179
lay 7480 5896 67 0 179
cliff 7472 5888 118 179 179
tree 7528 5896 0 0 179
tree 7528 5912 17 0 179
tree 7640 5912 34 0 179
tree 7688 5896 0 0 179
lay 7768 5912 43 0 179
lay 7800 5896 35 0 179
lay 7992 5896 70 0 179
tree 8024 5912 36 0 179
trop 252 5932 105 179 179
lay 536 5928 67 0 179
lay 552 5944 67 0 179
lay 584 5944 68 0 179
zabor 624 5936 26 0 8
lay 792 5928 58 0 179
zabor 1104 5936 28 0 8
lay 1128 5944 67 0 179
zabor 1136 5936 29 0 8
tree 1384 5944 12 0 179
lay 1416 5944 56 0 179
lay 1464 5928 54 0 179
tree 1464 5944 12 0 179
tree 1720 5944 0 0 179
cliff 1728 5936 41 179 179
tree 1736 5928 16 0 179
tree 2120 5928 41 0 179
tree 2136 5944 36 0 179
trop 2388 5924 200 179 179
tree 2872 5928 17 0 179
tree 2888 5944 17 0 179
tree 2920 5944 14 0 179
lay 3032 5928 60 0 179
tree 3400 5944 13 0 179
tree 3448 5944 12 0 179
tree 3480 5928 11 0 179
tree 3624 5928 35 0 179
tree 3656 5944 38 0 179
tree 3704 5928 39 0 179
tree 3688 5944 39 0 179
lay 3800 5928 67 0 179
lay 3832 5928 67 0 179
lay 3816 5928 67 0 179
lay 4040 5944 67 0 179
lay 4056 5928 67 0 179
lay 4376 5928 67 0 179
lay 4360 5944 67 0 179
lay 4440 5928 67 0 179
lay 5112 5944 67 0 179
lay 5112 5928 67 0 179
stand 5576 5944 1 0 179
trop 5860 5932 105 179 179
trop 5916 5948 104 179 179
trop 5892 5940 105 179 179
lay 6648 5944 67 0 179
lay 6856 5944 29 0 179
tree 6936 5944 0 0 179
lay 7016 5944 67 0 179
lay 7448 5944 67 0 179
cliff 7456 5936 110 179 179
tree 7592 5928 39 0 179
tree 7656 5944 38 0 179
lay 7768 5928 43 0 179
lay 7800 5928 30 0 179
lay 7832 5928 33 0 179
lay 7832 5944 18 0 179
tree 7928 5928 37 0 179
tree 7960 5944 17 0 179
tree 7944 5928 37 0 179
tree 7976 5944 36 0 179
tree 7992 5928 40 0 179
tree 8024 5928 38 0 179
trop 396 5964 101 179 179
lay 568 5976 68 0 179
zabor 624 5968 29 0 8
zabor 1104 5968 25 0 8
lay 1128 5976 67 0 179
lay 1288 5960 53 0 179
tree 1288 5976 17 0 179
tree 1400 5960 37 0 179
tree 1416 5960 36 0 179
tree 1448 5960 37 0 179
lay 1496 5960 49 0 179
trop 1644 5980 102 179 179
cliff 1696 5968 46 179 179
cliff 1696 5952 45 179 179
lay 1816 5976 49 0 179
tree 1880 5976 41 0 179
lay 2088 5976 53 0 179
lay 2136 5960 48 0 179
tree 2152 5960 39 0 179
tree 2152 5976 40 0 179
tree 2904 5960 14 0 179
tree 3128 5960 35 0 179
tree 3112 5976 34 0 179
tree 3256 5960 0 0 179
tree 3640 5960 37 0 179
lay 3800 5976 67 0 179
lay 4056 5960 67 0 179
lay 4072 5960 67 0 179
lay 5144 5960 67 0 179
lay 5160 5960 67 0 179
tree 5240 5976 0 0 179
tree 5256 5976 35 0 179
tree 5272 5960 17 0 179
trop 5652 5964 69 179 179
trop 5852 5956 105 179 179
trop 5964 5964 104 179 179
trop 6276 5972 200 179 179
tree 6648 5976 40 0 179
tree 6648 5960 0 0 179
lay 6648 5976 48 0 179
lay 6856 5960 12 0 179
tree 6936 5960 12 0 179
lay 7000 5976 67 0 179
cliff 7056 5968 76 179 179
cliff 7088 5952 78 179 179
cliff 7424 5968 118 179 179
cliff 7424 5952 116 179 179
lay 7608 5976 69 0 179
tree 7624 5960 37 0 179
zabor 624 6000 31 0 8
zabor 656 6000 37 0 9
zabor 816 6000 29 0 8
zabor 848 6000 33 0 9
zabor 880 6000 24 0 8
zabor 912 6000 24 0 8
zabor 944 6000 26 0 8
zabor 1008 6000 28 0 8
zabor 1040 6000 24 0 8
zabor 1072 6000 38 0 9
zabor 1104 6000 25 0 8
lay 1128 6008 67 0 179
tree 1256 5992 39 0 179
tree 1272 6008 38 0 179
lay 1400 5992 49 0 179
tree 1400 6008 14 0 179
tree 1416 6008 14 0 179
cliff 1696 6000 53 179 179
tree 1704 5992 17 0 179
lay 1768 6008 49 0 179
tree 1880 5992 16 0 179
tree 2136 6008 39 0 179
tree 2872 6008 34 0 179
tree 2888 5992 17 0 179
trop 3076 5996 111 179 179
tree 3144 6008 0 0 179
lay 3144 5992 69 0 179
tree 3176 6008 37 0 179
tree 3256 6008 17 0 179
lay 3768 6008 67 0 179
lay 4072 6008 67 0 179
lay 4088 6008 67 0 179
lay 4120 5992 67 0 179
lay 4152 6008 67 0 179
lay 4136 6008 67 0 179
lay 4216 6008 67 0 179
lay 4200 6008 67 0 179
lay 4264 6008 67 0 179
lay 4296 6008 67 0 179
lay 4344 5992 67 0 179
lay 4904 6008 67 0 179
lay 5192 5992 67 0 179
lay 5240 6008 67 0 179
lay 5288 6008 67 0 179
lay 5336 6008 67 0 179
lay 5352 6008 67 0 179
tree 6648 5992 35 0 179
tree 6664 6008 0 0 179
lay 6840 5992 30 0 179
lay 6840 6008 40 0 179
lay 6856 5992 41 0 179
lay 6872 6008 44 0 179
lay 6904 5992 30 0 179
lay 7000 5992 67 0 179
cliff 7024 5984 86 179 179
lay 7448 6008 67 0 179
cliff 7424 6000 120 179 179
tree 7528 5992 17 0 179
tree 7544 5992 34 0 179
tree 7544 6008 0 0 179
tree 7624 6008 17 0 179
tree 7656 6008 40 0 179
tree 7672 6008 0 0 179
tree 8024 6008 12 0 179
lay 616 6024 67 0 179
zabor 656 6032 25 0 8
zabor 816 6032 24 0 8
lay 872 6040 67 0 179
lay 888 6040 67 0 179
lay 920 6024 67 0 179
lay 984 6024 67 0 179
lay 1000 6040 67 0 179
lay 1048 6024 67 0 179
lay 1032 6040 67 0 179
lay 1064 6024 67 0 179
lay 1112 6040 67 0 179
lay 1128 6040 67 0 179
tree 1288 6024 40 0 179
tree 1576 6040 17 0 179
cliff 1696 6032 48 179 179
tree 2072 6040 37 0 179
tree 2120 6040 36 0 179
tree 2808 6024 35 0 179
tree 2856 6024 37 0 179
tree 2856 6040 14 0 179
tree 2904 6024 38 0 179
trop 3084 6028 111 179 179
tree 3160 6040 40 0 179
tree 3176 6024 35 0 179
tree 3192 6024 39 0 179
tree 3192 6040 34 0 179
tree 3256 6040 37 0 179
tree 3240 6024 35 0 179
tree 3288 6040 34 0 179
lay 3624 6024 60 0 179
tree 3768 6024 34 0 179
lay 3816 6024 67 0 179
lay 3848 6040 67 0 179
lay 4184 6040 67 0 179
lay 4248 6024 67 0 179
lay 4232 6040 67 0 179
lay 4312 6024 67 0 179
lay 4344 6024 67 0 179
lay 4824 6040 67 0 179
lay 4888 6024 67 0 179
lay 5208 6024 67 0 179
lay 5240 6040 67 0 179
lay 5400 6040 68 0 179
tree 6616 6040 17 0 179
tree 6648 6040 35 0 179
lay 6648 6024 48 0 179
tree 6664 6024 36 0 179
lay 6696 6040 49 0 179
tree 6840 6024 10 0 179
lay 6872 6040 37 0 179
lay 6968 6024 67 0 179
cliff 7040 6032 79 179 179
cliff 7424 6032 119 179 179
lay 7464 6040 43 0 179
tree 7528 6024 40 0 179
tree 7544 6024 38 0 179
tree 7592 6040 14 0 179
tree 7624 6024 36 0 179
tree 8024 6024 38 0 179
dom 448 6048 199 0 179
lay 616 6072 68 0 179
lay 648 6056 68 0 179
zabor 656 6064 25 0 8
zabor 816 6064 27 0 8
lay 856 6072 68 0 179
lay 888 6072 67 0 179
tree 1704 6056 39 0 179
cliff 1696 6064 23 179 179
trop 1780 6052 15 179 179
tree 1976 6072 12 0 179
tree 1992 6072 36 0 179
tree 2040 6072 14 0 179
tree 2072 6056 16 0 179
tree 2104 6072 41 0 179
tree 2088 6072 39 0 179
tree 2104 6056 36 0 179
tree 2120 6072 13 0 179
trop 2484 6060 200 179 179
tree 2856 6056 17 0 179
lay 2904 6072 70 0 179
tree 2888 6072 12 0 179
tree 2920 6056 34 0 179
tree 2952 6072 17 0 179
tree 3176 6072 12 0 179
tree 3240 6072 12 0 179
tree 3432 6056 34 0 179
tree 3768 6056 38 0 179
lay 4328 6056 67 0 179
trop 4492 6068 200 179 179
lay 4696 6072 67 0 179
lay 4792 6072 67 0 179
lay 4808 6056 67 0 179
lay 4840 6056 67 0 179
lay 4920 6056 67 0 179
lay 4952 6072 67 0 179
lay 5384 6056 68 0 179
tree 5464 6056 36 0 179
tree 5480 6072 0 0 179
lay 5800 6072 28 0 179
tree 6648 6072 35 0 179
tree 6648 6056 40 0 179
trop 6756 6068 62 179 179
lay 6824 6056 34 0 179
lay 6856 6072 29 0 179
lay 6904 6072 44 0 179
lay 6952 6056 67 0 179
cliff 6976 6064 86 179 179
cliff 7008 6048 72 179 179
lay 7448 6056 67 0 179
cliff 7424 6064 118 179 179
lay 7464 6056 29 0 179
lay 7480 6056 38 0 179
tree 7528 6056 34 0 179
lay 7576 6072 20 0 179
lay 7576 6056 29 0 179
lay 7608 6072 33 0 179
tree 7864 6072 36 0 179
tree 7976 6056 0 0 179
lay 184 6088 26 0 179
tree 296 6104 0 0 179
tree 296 6088 40 0 179
tree 312 6088 12 0 179
lay 376 6088 26 0 179
trop 524 6100 102 179 179
lay 616 6088 68 0 179
lay 632 6104 68 0 179
zabor 656 6096 31 0 8
lay 776 6088 58 0 179
zabor 816 6096 28 0 8
lay 888 6088 67 0 179
lay 1192 6104 51 0 179
tree 1320 6104 17 0 179
lay 1368 6104 51 0 179
tree 1384 6088 35 0 179
trop 1644 6108 103 179 179
cliff 1712 6080 27 179 179
cliff 1744 6096 54 179 179
cliff 1728 6096 20 179 179
lay 1832 6088 49 0 179
tree 1944 6104 39 0 179
tree 1928 6104 36 0 179
tree 1976 6088 16 0 179
lay 1976 6088 48 0 179
tree 2040 6088 14 0 179
tree 2104 6088 13 0 179
cliff 2160 6096 17 179 179
cliff 2192 6096 62 179 179
trop 2476 6092 200 179 179
tree 2840 6104 39 0 179
tree 2936 6104 17 0 179
lay 3032 6104 60 0 179
trop 3044 6108 108 179 179
tree 3160 6088 36 0 179
lay 3224 6088 69 0 179
tree 3272 6104 17 0 179
tree 3416 6088 37 0 179
tree 3416 6104 37 0 179
lay 3464 6088 69 0 179
lay 3864 6088 67 0 179
lay 4648 6104 67 0 179
lay 4648 6088 67 0 179
lay 4712 6088 67 0 179
lay 4728 6088 67 0 179
tree 4760 6104 35 0 179
lay 4760 6088 67 0 179
tree 4776 6104 35 0 179
lay 4984 6104 67 0 179
lay 4984 6088 67 0 179
lay 5256 6088 67 0 179
lay 5416 6104 68 0 179
lay 5448 6088 68 0 179
trop 5644 6084 62 179 179
trop 5860 6084 200 179 179
tree 6552 6104 13 0 179
tree 6584 6088 17 0 179
tree 6632 6104 16 0 179
tree 6632 6088 34 0 179
lay 6648 6088 49 0 179
lay 6856 6104 33 0 179
lay 6888 6088 36 0 179
lay 6952 6088 67 0 179
cliff 6976 6096 85 179 179
lay 7416 6104 67 0 179
lay 7512 6088 12 0 179
lay 7544 6088 33 0 179
lay 7544 6104 41 0 179
lay 7576 6088 35 0 179
tree 7752 6104 40 0 179
tree 7768 6104 34 0 179
tree 7800 6104 14 0 179
lay 7832 6088 69 0 179
tree 7880 6104 36 0 179
tree 7880 6088 40 0 179
tree 7992 6088 12 0 179
tree 8072 6104 34 0 179
tree 232 6136 12 0 179
trop 284 6132 211 179 179
tree 280 6136 36 0 179
tree 296 6120 34 0 179
tree 296 6136 35 0 179
lay 632 6136 68 0 179
lay 872 6136 67 0 179
lay 872 6120 67 0 179
cliff 1776 6112 27 179 179
cliff 1792 6128 23 179 179
tree 1880 6120 0 0 179
tree 1864 6136 34 0 179
tree 1896 6120 16 0 179
lay 2024 6120 53 0 179
lay 2104 6120 54 0 179
tree 2104 6136 37 0 179
tree 2104 6120 34 0 179
tree 2120 6120 37 0 179
cliff 2144 6128 0 179 179
tree 2152 6136 34 0 179
tree 2840 6120 17 0 179
tree 2856 6136 40 0 179
tree 2904 6136 40 0 179
tree 2936 6136 0 0 179
tree 2952 6136 14 0 179
tree 3240 6120 37 0 179
tree 3352 6136 37 0 179
tree 3432 6120 17 0 179
tree 3480 6136 0 0 179
tree 3496 6120 40 0 179
tree 3528 6120 0 0 179
tree 3560 6120 36 0 179
tree 3592 6120 38 0 179
tree 3608 6120 14 0 179
tree 3688 6136 39 0 179
tree 3704 6136 35 0 179
tree 3800 6136 35 0 179
lay 4536 6136 67 0 179
lay 4600 6136 67 0 179
lay 4600 6120 67 0 179
tree 4808 6136 38 0 179
tree 4840 6136 34 0 179
tree 4856 6136 14 0 179
tree 4872 6120 14 0 179
lay 5016 6120 67 0 179
lay 5032 6136 67 0 179
lay 5256 6136 67 0 179
trop 6036 6124 73 179 179
trop 6404 6132 200 179 179
tree 6552 6136 0 0 179
tree 6616 6136 40 0 179
tree 6632 6136 34 0 179
lay 6632 6120 70 0 179
stand 6808 6120 1 0 179
lay 6952 6120 67 0 179
cliff 6976 6128 87 179 179
cliff 7376 6128 117 179 179
cliff 7408 6112 110 179 179
lay 7544 6136 30 0 179
lay 7576 6120 36 0 179
lay 7592 6136 44 0 179
tree 7848 6120 39 0 179
tree 7864 6120 36 0 179
tree 7928 6136 14 0 179
tree 7912 6136 14 0 179
tree 7944 6136 14 0 179
tree 8024 6120 36 0 179
trop 196 6148 209 179 179
trop 204 6172 209 179 179
tree 216 6168 36 0 179
tree 248 6152 37 0 179
tree 232 6168 40 0 179
tree 280 6168 40 0 179
tree 296 6152 40 0 179
lay 616 6152 68 0 179
lay 648 6168 68 0 179
zabor 656 6160 30 0 8
zabor 816 6160 29 0 8
lay 856 6168 67 0 179
lay 1016 6152 26 0 179
tree 1128 6168 0 0 179
tree 1128 6152 40 0 179
tree 1144 6152 12 0 179
lay 1208 6152 26 0 179
dom 1216 6144 217 0 179
dom 1408 6144 217 1 179
lay 1480 6152 50 0 179
trop 1628 6164 100 179 179
trop 1668 6164 101 179 179
trop 1772 6164 194 179 179
cliff 1808 6144 24 179 179
cliff 1824 6160 21 179 179
lay 1880 6168 49 0 179
tree 1880 6152 13 0 179
tree 2072 6152 40 0 179
tree 2072 6168 13 0 179
tree 2104 6152 16 0 179
tree 2088 6168 34 0 179
tree 2088 6152 41 0 179
cliff 2112 6144 12 179 179
tree 2904 6152 34 0 179
tree 2936 6152 12 0 179
trop 3052 6156 123 179 179
tree 3320 6168 14 0 179
tree 3624 6152 35 0 179
tree 3640 6152 17 0 179
tree 3848 6168 12 0 179
lay 3864 6152 67 0 179
lay 3880 6152 67 0 179
trop 4012 6148 200 179 179
lay 4472 6152 67 0 179
lay 4536 6152 67 0 179
tree 4584 6168 14 0 179
tree 4696 6152 40 0 179
lay 4712 6168 69 0 179
tree 4760 6168 12 0 179
tree 4792 6152 35 0 179
tree 4840 6152 14 0 179
tree 4872 6152 38 0 179
lay 5080 6152 67 0 179
tree 5528 6152 36 0 179
lay 6680 6152 49 0 179
tree 6664 6152 12 0 179
lay 6840 6152 35 0 179
lay 6904 6152 67 0 179
lay 6936 6152 67 0 179
lay 7368 6152 67 0 179
cliff 7360 6160 109 179 179
tree 7496 6152 40 0 179
lay 7576 6168 36 0 179
tree 7688 6168 0 0 179
tree 7704 6152 12 0 179
tree 7928 6152 39 0 179
tree 8056 6168 38 0 179
tree 8056 6152 40 0 179
tree 184 6184 17 0 179
tree 248 6200 34 0 179
tree 264 6200 37 0 179
trop 316 6180 212 179 179
tree 296 6200 36 0 179
tree 344 6200 39 0 179
tree 328 6200 39 0 179
trop 380 6204 209 179 179
dom 416 6176 210 0 179
lay 616 6200 68 0 179
lay 632 6200 68 0 179
lay 648 6184 68 0 179
zabor 656 6192 31 0 8
zabor 816 6192 29 0 8
lay 840 6200 67 0 179
tree 1064 6200 12 0 179
trop 1116 6196 211 179 179
tree 1112 6200 36 0 179
tree 1128 6184 34 0 179
tree 1128 6200 35 0 179
lay 1400 6184 26 0 179
tree 1656 6184 37 0 179
cliff 1840 6176 27 179 179
cliff 1872 6192 17 179 179
cliff 1856 6192 22 179 179
tree 1896 6184 0 0 179
tree 1912 6200 16 0 179
lay 1928 6200 48 0 179
tree 2056 6184 14 0 179
cliff 2128 6192 6 179 179
tree 2840 6200 39 0 179
tree 2840 6184 40 0 179
tree 2872 6200 35 0 179
lay 2904 6200 69 0 179
tree 2952 6200 38 0 179
trop 3044 6204 123 179 179
tree 3272 6184 38 0 179
tree 3272 6200 17 0 179
tree 3832 6200 35 0 179
tree 3864 6184 17 0 179
lay 3912 6184 67 0 179
lay 3928 6200 67 0 179
lay 4472 6200 67 0 179
lay 4504 6184 67 0 179
lay 4520 6200 67 0 179
lay 4568 6184 67 0 179
tree 4600 6184 14 0 179
tree 4632 6184 38 0 179
tree 4696 6184 35 0 179
tree 4696 6200 37 0 179
tree 4776 6184 14 0 179
tree 4776 6200 37 0 179
tree 4904 6200 0 0 179
lay 5112 6184 67 0 179
lay 5128 6200 67 0 179
lay 5272 6184 67 0 179
lay 5256 6184 67 0 179
lay 5288 6184 68 0 179
lay 5496 6200 67 0 179
tree 5528 6200 39 0 179
stand 5704 6184 1 0 179
lay 6568 6200 49 0 179
tree 6632 6184 37 0 179
lay 6904 6184 67 0 179
cliff 6960 6192 75 179 179
cliff 6992 6176 82 179 179
lay 7352 6184 67 0 179
cliff 7328 6192 125 179 179
cliff 7328 6176 116 179 179
tree 7432 6200 17 0 179
lay 7480 6200 70 0 179
tree 7464 6200 37 0 179
tree 7480 6184 17 0 179
tree 7496 6200 17 0 179
lay 7704 6184 48 0 179
tree 7688 6200 12 0 179
tree 7688 6184 0 0 179
tree 8072 6184 17 0 179
tree 8088 6184 37 0 179
tree 152 6232 17 0 179
trop 188 6236 209 179 179
tree 264 6232 12 0 179
tree 312 6232 0 0 179
tree 328 6232 37 0 179
trop 356 6212 212 179 179
tree 360 6216 0 0 179
trop 524 6236 103 179 179
lay 648 6232 67 0 179
zabor 656 6224 37 0 9
zabor 688 6224 26 0 8
zabor 720 6224 26 0 8
zabor 784 6224 27 0 8
zabor 816 6224 31 0 8
lay 856 6232 67 0 179
trop 1028 6212 209 179 179
trop 1036 6236 209 179 179
tree 1048 6232 36 0 179
tree 1080 6216 37 0 179
tree 1064 6232 40 0 179
tree 1112 6232 40 0 179
tree 1128 6216 40 0 179
lay 1240 6232 52 0 179
lay 1304 6216 51 0 179
lay 1368 6232 49 0 179
lay 1384 6232 67 0 179
lay 1448 6232 67 0 179
trop 1548 6236 103 179 179
cliff 1616 6224 44 179 179
tree 1656 6232 38 0 179
cliff 1632 6224 49 179 179
cliff 1664 6224 33 179 179
tree 1816 6232 40 0 179
cliff 1904 6208 24 179 179
cliff 1920 6224 19 179 179
tree 1928 6216 40 0 179
tree 2040 6216 36 0 179
cliff 2064 6224 12 179 179
cliff 2096 6208 0 179 179
tree 2856 6232 38 0 179
tree 2872 6232 14 0 179
tree 2888 6216 34 0 179
tree 2936 6216 36 0 179
trop 3052 6228 123 179 179
lay 3192 6232 48 0 179
tree 3208 6232 38 0 179
tree 3240 6216 38 0 179
tree 3272 6216 39 0 179
tree 3288 6232 14 0 179
lay 3608 6216 60 0 179
tree 3752 6232 35 0 179
tree 3784 6232 34 0 179
tree 3864 6232 35 0 179
tree 3896 6232 14 0 179
trop 4244 6228 200 179 179
lay 4488 6232 67 0 179
tree 4504 6232 17 0 179
tree 4520 6232 10 0 179
lay 4552 6232 67 0 179
tree 4680 6216 38 0 179
tree 4792 6216 12 0 179
tree 4824 6232 0 0 179
tree 4824 6216 0 0 179
tree 4808 6232 34 0 179
tree 4856 6216 0 0 179
lay 4840 6232 70 0 179
tree 4888 6216 17 0 179
lay 5272 6232 67 0 179
lay 5512 6232 67 0 179
tree 5544 6232 12 0 179
trop 5676 6220 70 179 179
trop 6068 6228 70 179 179
tree 6584 6216 40 0 179
tree 6600 6216 38 0 179
lay 6600 6216 48 0 179
fre 6676 6212 4 179 179
fre 6668 6228 32 179 179
lay 6904 6232 67 0 179
lay 6888 6216 67 0 179
cliff 6928 6208 86 179 179
lay 7320 6232 67 0 179
lay 7352 6216 67 0 179
tree 7432 6216 12 0 179
tree 7448 6216 38 0 179
tree 7688 6232 34 0 179
tree 7784 6232 14 0 179
tree 8056 6232 0 0 179
tree 136 6248 39 0 179
tree 184 6248 40 0 179
trop 244 6252 209 179 179
tree 232 6248 37 0 179
lay 264 6264 26 0 179
tree 264 6264 34 0 179
tree 280 6248 12 0 179
tree 264 6248 38 0 179
stand 360 6264 151 0 179
tree 376 6248 14 0 179
stand 408 6264 45 0 179
lay 488 6264 27 0 179
lay 600 6248 67 0 179
lay 632 6248 68 0 179
lay 632 6264 67 0 179
lay 616 6248 67 0 179
lay 680 6248 67 0 179
lay 728 6248 67 0 179
lay 760 6264 67 0 179
lay 744 6264 67 0 179
lay 824 6264 67 0 179
lay 840 6248 67 0 179
tree 1016 6248 17 0 179
tree 1080 6264 34 0 179
tree 1096 6264 37 0 179
trop 1148 6244 212 179 179
tree 1128 6264 36 0 179
tree 1176 6264 39 0 179
tree 1160 6264 39 0 179
trop 1212 6268 209 179 179
lay 1352 6248 67 0 179
lay 1352 6264 67 0 179
stand 1592 6264 66 0 179
stand 1592 6248 65 0 179
zabor 1584 6256 104 2 8
lay 1608 6264 49 0 179
zabor 1616 6256 105 2 8
zabor 1648 6256 112 2 9
cliff 1680 6240 13 179 179
cliff 1936 6240 26 179 179
cliff 1968 6256 18 179 179
cliff 1952 6256 22 179 179
cliff 2000 6256 17 179 179
tree 2008 6248 16 0 179
cliff 2032 6256 17 179 179
tree 2024 6248 34 0 179
tree 2920 6248 15 0 179
tree 3192 6264 0 0 179
tree 3176 6264 0 0 179
tree 3176 6248 39 0 179
tree 3192 6248 34 0 179
tree 3240 6264 0 0 179
lay 3416 6264 60 0 179
tree 3864 6248 12 0 179
lay 3848 6248 69 0 179
tree 3880 6264 0 0 179
tree 3928 6264 17 0 179
lay 3960 6248 67 0 179
lay 3992 6264 67 0 179
lay 4072 6248 67 0 179
lay 4408 6248 67 0 179
lay 4440 6248 67 0 179
tree 4536 6248 0 0 179
tree 4536 6264 16 0 179
tree 4824 6264 38 0 179
tree 4856 6264 39 0 179
lay 5112 6248 67 0 179
lay 5160 6248 67 0 179
lay 5288 6264 67 0 179
lay 5336 6248 68 0 179
lay 5352 6248 68 0 179
lay 5512 6264 67 0 179
trop 5820 6252 63 179 179
trop 6004 6244 63 179 179
trop 6148 6244 63 179 179
fre 6676 6244 23 179 179
fre 6676 6260 28 179 179
trop 6756 6244 62 179 179
cliff 6928 6240 87 179 179
cliff 7280 6256 117 179 179
lay 7304 6264 67 0 179
cliff 7312 6240 112 179 179
tree 7432 6264 0 0 179
tree 7448 6248 40 0 179
tree 7464 6264 37 0 179
tree 7496 6248 38 0 179
lay 7688 6248 48 0 179
tree 7688 6264 12 0 179
tree 7768 6264 37 0 179
tree 7784 6264 39 0 179
stand 552 6280 72 0 179
stand 584 6280 112 0 179
lay 776 6280 67 0 179
lay 984 6296 28 0 179
tree 984 6296 17 0 179
trop 1020 6300 209 179 179
tree 1096 6296 12 0 179
tree 1144 6296 0 0 179
tree 1160 6296 37 0 179
trop 1188 6276 212 179 179
tree 1192 6280 0 0 179
lay 1224 6296 51 0 179
lay 1288 6296 67 0 179
lay 1320 6296 27 0 179
lay 1352 6296 67 0 179
lay 1384 6280 67 0 179
lay 1416 6280 67 0 179
stand 1560 6296 53 0 179
stand 1592 6296 61 0 179
lay 1576 6296 51 0 179
zabor 1584 6288 104 2 8
zabor 1616 6288 105 2 8
zabor 1648 6288 104 2 8
cliff 1696 6272 33 179 179
cliff 1712 6272 31 179 179
cliff 1728 6288 36 179 179
tree 1928 6296 38 0 179
cliff 2080 6272 5 179 179
tree 2936 6280 15 0 179
lay 3000 6280 60 0 179
tree 3176 6296 35 0 179
tree 3304 6296 34 0 179
tree 3528 6280 36 0 179
lay 3576 6296 48 0 179
tree 3592 6296 14 0 179
tree 3608 6280 14 0 179
tree 3608 6296 38 0 179
tree 3864 6296 40 0 179
tree 3944 6280 34 0 179
lay 4040 6280 67 0 179
lay 4088 6296 67 0 179
lay 4392 6296 67 0 179
lay 4440 6280 67 0 179
tree 4472 6296 15 0 179
lay 4488 6280 67 0 179
tree 4824 6296 37 0 179
lay 5144 6280 67 0 179
lay 5128 6280 67 0 179
lay 5208 6296 67 0 179
lay 5208 6280 67 0 179
lay 5528 6280 67 0 179
lay 5544 6296 67 0 179
stand 6120 6296 1 0 179
trop 6292 6284 71 179 179
fre 6588 6276 15 179 179
fre 6644 6292 15 179 179
lay 6904 6296 67 0 179
lay 6904 6280 67 0 179
cliff 6928 6272 87 179 179
cliff 7280 6272 125 179 179
lay 7304 6296 67 0 179
tree 7384 6296 34 0 179
tree 7416 6280 39 0 179
tree 7448 6280 17 0 179
tree 7432 6280 35 0 179
tree 7704 6296 17 0 179
tree 8056 6296 37 0 179
tree 8056 6280 0 0 179
lay 8072 6280 70 0 179
tree 8088 6280 36 0 179
tree 8088 6296 12 0 179
trop 116 6332 97 179 179
trop 220 6332 97 179 179
trop 340 6332 97 179 179
trop 428 6332 104 179 179
trop 468 6332 97 179 179
trop 604 6332 97 179 179
trop 732 6332 97 179 179
tree 968 6312 39 0 179
tree 1016 6312 40 0 179
trop 1076 6316 209 179 179
tree 1064 6312 37 0 179
lay 1096 6328 26 0 179
tree 1096 6328 34 0 179
tree 1112 6312 12 0 179
tree 1096 6312 38 0 179
tree 1208 6312 14 0 179
lay 1304 6312 67 0 179
lay 1336 6312 49 0 179
lay 1384 6312 67 0 179
zabor 1552 6320 113 2 9
stand 1544 6312 66 0 179
lay 1592 6328 35 0 179
zabor 1584 6320 104 2 8
zabor 1616 6320 112 2 9
stand 1640 6312 66 0 179
lay 1640 6312 52 0 179
zabor 1648 6320 104 2 8
zabor 1680 6320 104 2 8
zabor 1712 6320 113 2 9
cliff 1744 6304 50 179 179
trop 1732 6332 206 179 179
tree 1768 6328 24 0 179
cliff 1776 6304 29 179 179
cliff 1808 6304 64 179 179
cliff 1792 6320 35 179 179
tree 1864 6328 36 0 179
trop 2132 6324 103 179 179
tree 2872 6312 16 0 179
trop 3076 6332 110 179 179
tree 3208 6312 0 0 179
tree 3256 6328 38 0 179
tree 3576 6328 36 0 179
tree 3592 6312 38 0 179
tree 3624 6312 17 0 179
tree 3656 6328 12 0 179
tree 3704 6328 36 0 179
tree 3768 6312 36 0 179
lay 3752 6312 70 0 179
tree 3784 6328 38 0 179
tree 3800 6312 36 0 179
tree 3816 6312 0 0 179
tree 3880 6312 12 0 179
lay 3928 6312 48 0 179
tree 4024 6328 0 0 179
lay 4120 6312 67 0 179
lay 4392 6312 67 0 179
lay 4456 6312 67 0 179
tree 4472 6312 13 0 179
lay 4792 6328 69 0 179
tree 4808 6328 12 0 179
lay 5208 6312 67 0 179
lay 5208 6328 67 0 179
lay 5240 6328 67 0 179
lay 5256 6312 67 0 179
lay 5304 6312 67 0 179
lay 5304 6328 67 0 179
lay 5320 6312 67 0 179
lay 5368 6328 68 0 179
lay 5560 6328 67 0 179
lay 5592 6328 67 0 179
lay 5576 6312 67 0 179
stand 5864 6312 1 0 179
tree 6232 6312 12 0 179
tree 6216 6328 13 0 179
stand 6392 6328 1 0 179
stand 6696 6312 1 0 179
lay 6856 6328 67 0 179
lay 6856 6312 67 0 179
cliff 6944 6320 80 179 179
cliff 7280 6304 119 179 179
tree 7784 6328 0 0 179
tree 8040 6328 35 0 179
tree 8088 6312 37 0 179
lay 568 6344 28 0 179
trop 884 6364 101 179 179
lay 1208 6344 51 0 179
lay 1272 6360 67 0 179
lay 1304 6360 67 0 179
lay 1336 6360 67 0 179
dom 1344 6336 199 0 179
lay 1352 6360 67 0 179
lay 1400 6344 67 0 179
trop 1508 6356 99 179 179
zabor 1552 6352 104 2 8
lay 1592 6360 37 0 179
stand 1640 6344 65 0 179
zabor 1648 6352 104 2 8
stand 1672 6360 65 0 179
zabor 1680 6352 104 2 8
cliff 1808 6336 32 179 179
tree 1912 6360 34 0 179
trop 1988 6364 105 179 179
trop 3044 6356 108 179 179
tree 3224 6344 40 0 179
tree 3224 6360 39 0 179
tree 3240 6360 36 0 179
tree 3272 6360 17 0 179
tree 3544 6344 15 0 179
tree 3672 6360 35 0 179
tree 3736 6344 0 0 179
tree 3720 6344 34 0 179
tree 3752 6360 39 0 179
tree 3768 6360 38 0 179
tree 3928 6344 40 0 179
lay 3992 6344 48 0 179
tree 4008 6344 17 0 179
tree 4008 6360 40 0 179
lay 4152 6360 67 0 179
lay 4312 6344 67 0 179
lay 4360 6344 67 0 179
tree 4760 6344 36 0 179
tree 4760 6360 0 0 179
tree 4776 6344 40 0 179
tree 4856 6360 37 0 179
tree 4888 6360 39 0 179
tree 4920 6360 39 0 179
tree 4936 6360 39 0 179
tree 5176 6360 14 0 179
lay 5336 6344 67 0 179
lay 5352 6360 68 0 179
lay 5608 6360 67 0 179
tree 5672 6360 38 0 179
tree 5688 6360 36 0 179
tree 6168 6344 16 0 179
tree 6216 6360 14 0 179
trop 6348 6356 70 179 179
trop 6724 6348 74 179 179
cliff 6880 6352 87 179 179
cliff 6896 6352 64 179 179
cliff 6912 6336 74 179 179
cliff 7280 6336 118 179 179
lay 7304 6344 67 0 179
tree 7608 6360 0 0 179
tree 7624 6360 34 0 179
tree 7656 6360 14 0 179
tree 7800 6360 37 0 179
tree 7816 6360 12 0 179
lay 7864 6344 48 0 179
tree 7896 6360 37 0 179
tree 7880 6360 40 0 179
tree 8072 6344 38 0 179
lay 184 6376 27 0 179
lay 392 6376 28 0 179
stand 552 6392 72 0 179
stand 584 6392 112 0 179
lay 1336 6376 49 0 179
lay 1320 6376 27 0 179
lay 1352 6392 67 0 179
lay 1384 6376 49 0 179
lay 1560 6376 46 0 179
tree 1576 6392 36 0 179
lay 1592 6392 43 0 179
lay 1640 6392 39 0 179
zabor 1680 6384 104 2 8
tree 2072 6376 12 0 179
tree 2072 6392 12 0 179
tree 2888 6376 17 0 179
lay 2888 6376 60 0 179
tree 3192 6376 38 0 179
lay 3256 6376 69 0 179
tree 3272 6392 12 0 179
tree 4072 6376 38 0 179
tree 4184 6392 39 0 179
lay 4184 6376 67 0 179
lay 4232 6376 67 0 179
lay 4248 6376 67 0 179
lay 4280 6376 67 0 179
lay 4312 6392 67 0 179
tree 4424 6392 35 0 179
tree 4552 6392 39 0 179
tree 4568 6392 17 0 179
tree 4744 6392 37 0 179
tree 4872 6376 38 0 179
tree 4888 6376 0 0 179
tree 4936 6392 40 0 179
tree 5208 6392 17 0 179
tree 5240 6392 38 0 179
lay 5224 6392 69 0 179
tree 5256 6376 17 0 179
tree 5304 6392 36 0 179
lay 5384 6376 67 0 179
lay 5592 6376 68 0 179
lay 5624 6392 67 0 179
lay 5640 6392 67 0 179
tree 5704 6376 35 0 179
tree 5768 6376 35 0 179
lay 6216 6376 54 0 179
trop 6476 6380 63 179 179
trop 6620 6380 63 179 179
lay 6840 6376 67 0 179
fre 6972 6388 33 179 179
lay 7272 6376 67 0 179
cliff 7264 6384 109 179 179
tree 7544 6392 12 0 179
tree 7528 6392 12 0 179
lay 7624 6392 70 0 179
tree 7656 6392 37 0 179
tree 7656 6376 17 0 179
lay 1240 6408 67 0 179
lay 1288 6408 67 0 179
zabor 1296 6416 113 2 9
lay 1336 6408 67 0 179
zabor 1328 6416 105 2 8
lay 1352 6424 67 0 179
zabor 1360 6416 112 2 9
zabor 1392 6416 104 2 8
zabor 1424 6416 113 2 9
trop 1444 6428 96 179 179
tree 1816 6424 38 0 179
cliff 1824 6416 33 179 179
trop 2108 6412 100 179 179
tree 2280 6424 37 0 179
tree 3144 6424 14 0 179
tree 3224 6408 34 0 179
tree 3224 6424 36 0 179
tree 3256 6424 34 0 179
tree 3240 6424 35 0 179
tree 3272 6424 36 0 179
tree 3384 6424 37 0 179
tree 3432 6408 34 0 179
tree 3544 6424 36 0 179
trop 3884 6428 194 179 179
tree 4184 6408 17 0 179
tree 4200 6408 35 0 179
tree 4424 6408 17 0 179
tree 4632 6408 12 0 179
tree 4696 6424 34 0 179
lay 4680 6408 69 0 179
tree 4744 6408 12 0 179
tree 4968 6408 38 0 179
tree 4984 6408 14 0 179
tree 5208 6424 36 0 179
tree 5256 6424 38 0 179
tree 5288 6408 40 0 179
lay 5368 6424 67 0 179
lay 5640 6424 67 0 179
lay 5688 6424 67 0 179
lay 5688 6408 67 0 179
lay 5720 6408 67 0 179
lay 5752 6424 67 0 179
lay 5784 6424 67 0 179
lay 5832 6424 67 0 179
tree 6008 6408 10 0 179
tree 6088 6408 15 0 179
tree 6200 6408 16 0 179
trop 6324 6420 102 179 179
trop 6396 6428 100 179 179
lay 6840 6408 67 0 179
lay 7240 6408 67 0 179
cliff 7232 6416 120 179 179
cliff 7232 6400 117 179 179
tree 7624 6408 14 0 179
tree 8024 6408 14 0 179
tree 8040 6424 12 0 179
trop 8124 6412 198 179 179
lay 808 6440 28 0 179
trop 1060 6452 105 179 179
zabor 1232 6448 104 2 8
zabor 1264 6448 113 2 9
lay 1304 6456 67 0 179
stand 1304 6440 65 0 179
zabor 1296 6448 104 2 8
zabor 1328 6448 104 2 8
lay 1352 6456 51 0 179
zabor 1360 6448 104 2 8
stand 1400 6456 65 0 179
stand 1384 6456 66 0 179
zabor 1392 6448 105 2 8
zabor 1424 6448 105 2 8
trop 1516 6460 98 179 179
trop 1516 6460 110 179 179
zabor 1584 6448 105 2 8
zabor 1712 6448 104 2 8
stand 1720 6440 65 0 179
lay 1784 6456 49 0 179
zabor 1776 6448 104 2 8
stand 1768 6440 61 0 179
tree 1864 6440 13 0 179
trop 2004 6452 195 179 179
zabor 2064 6448 105 2 8
stand 2088 6440 72 0 179
zabor 2096 6448 113 2 9
tree 2264 6440 0 0 179
tree 2360 6440 0 0 179
tree 2856 6440 0 0 179
tree 2936 6456 40 0 179
tree 2952 6456 12 0 179
trop 3052 6436 108 179 179
lay 3080 6440 60 0 179
tree 3368 6456 36 0 179
lay 3384 6440 69 0 179
tree 3400 6456 0 0 179
tree 3480 6456 36 0 179
tree 3464 6456 12 0 179
tree 3528 6440 35 0 179
trop 3948 6436 194 179 179
tree 4088 6456 40 0 179
tree 4152 6456 40 0 179
lay 4152 6440 69 0 179
tree 4184 6440 12 0 179
tree 4168 6456 37 0 179
tree 4312 6456 37 0 179
tree 4584 6456 0 0 179
tree 4680 6456 38 0 179
tree 4760 6456 12 0 179
tree 4968 6456 17 0 179
lay 5336 6440 67 0 179
lay 5688 6456 67 0 179
lay 5672 6456 68 0 179
lay 5864 6440 67 0 179
lay 5896 6440 67 0 179
lay 5912 6456 67 0 179
tree 5928 6440 14 0 179
trop 6324 6444 96 179 179
trop 6388 6460 99 179 179
lay 6744 6456 5 0 179
lay 6824 6440 67 0 179
lay 7240 6456 67 0 179
cliff 7232 6448 118 179 179
tree 7336 6456 38 0 179
tree 7512 6456 40 0 179
lay 7560 6440 70 0 179
tree 7608 6440 12 0 179
tree 8040 6456 39 0 179
zabor 272 6480 104 2 8
zabor 336 6480 104 2 8
zabor 624 6480 105 2 8
lay 664 6488 28 0 179
zabor 784 6480 104 2 8
trop 1204 6484 101 179 179
zabor 1296 6480 113 2 9
stand 1336 6488 65 0 179
zabor 1328 6480 104 2 8
stand 1352 6472 61 0 179
lay 1352 6472 67 0 179
zabor 1360 6480 105 2 8
zabor 1392 6480 105 2 8
zabor 1584 6480 104 2 8
zabor 1616 6480 113 2 9
zabor 1648 6480 104 2 8
stand 1640 6472 66 0 179
stand 1688 6488 61 0 179
zabor 1680 6480 112 2 9
stand 1720 6488 53 0 179
zabor 1712 6480 105 2 8
stand 1736 6488 61 0 179
lay 1736 6488 49 0 179
zabor 1744 6480 104 2 8
stand 1768 6472 66 0 179
zabor 1776 6480 105 2 8
stand 1800 6488 65 0 179
zabor 1808 6480 104 2 8
trop 1996 6468 104 179 179
zabor 2032 6480 112 2 9
stand 2072 6472 53 0 179
stand 2056 6472 61 0 179
zabor 2064 6480 104 2 8
stand 2088 6472 61 0 179
zabor 2096 6480 105 2 8
zabor 2128 6480 104 2 8
tree 2200 6488 41 0 179
tree 2184 6488 14 0 179
tree 2232 6488 41 0 179
lay 2232 6488 55 0 179
tree 2248 6488 0 0 179
tree 2280 6488 39 0 179
tree 2344 6488 38 0 179
tree 2344 6472 37 0 179
tree 2968 6488 39 0 179
trop 3196 6492 194 179 179
tree 3352 6472 37 0 179
tree 3384 6472 34 0 179
tree 3368 6488 35 0 179
tree 3512 6472 38 0 179
tree 3496 6472 17 0 179
tree 3688 6488 37 0 179
tree 3800 6472 14 0 179
tree 3880 6472 15 0 179
trop 3988 6468 194 179 179
tree 4136 6488 0 0 179
tree 4168 6488 36 0 179
tree 4328 6472 17 0 179
tree 4472 6472 38 0 179
tree 4584 6472 12 0 179
lay 4616 6472 48 0 179
tree 4648 6488 0 0 179
tree 4664 6488 17 0 179
tree 4696 6472 40 0 179
trop 4852 6492 194 179 179
tree 4904 6488 15 0 179
tree 5160 6472 17 0 179
tree 5192 6472 39 0 179
lay 5368 6472 67 0 179
lay 5352 6488 67 0 179
lay 5688 6488 67 0 179
lay 5704 6488 67 0 179
lay 5944 6472 67 0 179
lay 5960 6488 67 0 179
tree 6248 6472 35 0 179
trop 6348 6476 108 179 179
lay 6808 6472 67 0 179
lay 6840 6488 67 0 179
lay 6840 6472 67 0 179
fre 6972 6484 63 179 179
fre 6964 6468 34 179 179
fre 6980 6492 63 179 179
fre 6980 6484 63 179 179
cliff 7232 6480 119 179 179
tree 7320 6472 12 0 179
tree 7544 6488 17 0 179
tree 7560 6472 40 0 179
tree 7640 6488 38 0 179
tree 7672 6472 36 0 179
tree 7704 6472 36 0 179
tree 7704 6488 39 0 179
tree 7688 6472 14 0 179
tree 8056 6488 12 0 179
zabor 144 6512 112 2 9
zabor 176 6512 104 2 8
stand 168 6520 66 0 179
zabor 240 6512 105 2 8
zabor 272 6512 112 2 9
zabor 304 6512 112 2 9
lay 328 6504 49 0 179
zabor 336 6512 105 2 8
stand 344 6520 65 0 179
zabor 368 6512 112 2 9
zabor 432 6512 104 2 8
zabor 528 6512 105 2 8
zabor 592 6512 104 2 8
zabor 624 6512 113 2 9
zabor 720 6512 105 2 8
zabor 752 6512 113 2 9
zabor 784 6512 104 2 8
stand 776 6504 65 0 179
zabor 816 6512 112 2 9
zabor 848 6512 104 2 8
zabor 912 6512 105 2 8
zabor 976 6512 104 2 8
zabor 1008 6512 113 2 9
zabor 1072 6512 105 2 8
stand 1064 6520 65 0 179
zabor 1136 6512 113 2 9
zabor 1200 6512 104 2 8
stand 1192 6520 61 0 179
zabor 1360 6512 104 2 8
zabor 1392 6512 113 2 9
zabor 1584 6512 105 2 8
zabor 1680 6512 105 2 8
zabor 1712 6512 105 2 8
zabor 1744 6512 105 2 8
zabor 1776 6512 105 2 8
zabor 1808 6512 112 2 9
trop 1868 6500 195 179 179
zabor 1968 6512 104 2 8
zabor 2000 6512 112 2 9
stand 2040 6504 65 0 179
stand 2024 6520 66 0 179
zabor 2032 6512 105 2 8
trop 2060 6508 198 179 179
zabor 2064 6512 105 2 8
zabor 2096 6512 104 2 8
zabor 2128 6512 113 2 9
tree 2200 6520 40 0 179
tree 2232 6504 35 0 179
tree 2216 6520 14 0 179
lay 2216 6504 54 0 179
tree 2280 6504 37 0 179
tree 2296 6520 36 0 179
tree 2392 6504 36 0 179
tree 2392 6520 16 0 179
tree 2952 6504 39 0 179
lay 2984 6504 69 0 179
tree 3016 6504 37 0 179
tree 3032 6504 38 0 179
trop 3132 6524 116 179 179
tree 3384 6504 39 0 179
tree 3688 6520 34 0 179
tree 3736 6504 35 0 179
tree 3768 6520 39 0 179
tree 3816 6520 17 0 179
tree 4296 6520 34 0 179
tree 4440 6504 39 0 179
tree 4616 6504 40 0 179
tree 4632 6520 37 0 179
trop 4940 6508 194 179 179
tree 5288 6504 35 0 179
lay 5336 6504 67 0 179
lay 5384 6520 67 0 179
lay 5752 6520 67 0 179
lay 5752 6504 67 0 179
lay 6008 6504 67 0 179
lay 6024 6520 67 0 179
tree 6104 6520 12 0 179
tree 6504 6520 35 0 179
lay 6808 6520 67 0 179
lay 6824 6504 67 0 179
lay 6856 6504 27 0 179
lay 6968 6520 67 0 179
lay 7256 6504 67 0 179
cliff 7232 6512 120 179 179
tree 7416 6520 39 0 179
tree 7608 6504 40 0 179
tree 7656 6520 0 0 179
lay 7688 6504 70 0 179
stand 136 6536 61 0 179
zabor 144 6544 105 2 8
zabor 176 6544 113 2 9
zabor 208 6544 104 2 8
lay 232 6552 49 0 179
zabor 240 6544 105 2 8
zabor 272 6544 112 2 9
zabor 304 6544 105 2 8
stand 328 6536 65 0 179
zabor 336 6544 104 2 8
zabor 368 6544 105 2 8
zabor 400 6544 104 2 8
stand 424 6536 66 0 179
zabor 432 6544 105 2 8
zabor 464 6544 113 2 9
stand 520 6536 53 0 179
zabor 528 6544 105 2 8
stand 552 6536 61 0 179
zabor 560 6544 104 2 8
stand 584 6536 65 0 179
zabor 592 6544 105 2 8
stand 616 6536 65 0 179
zabor 624 6544 105 2 8
stand 712 6536 66 0 179
zabor 720 6544 104 2 8
lay 744 6552 51 0 179
stand 744 6536 65 0 179
zabor 752 6544 105 2 8
stand 776 6536 65 0 179
zabor 784 6544 105 2 8
zabor 816 6544 113 2 9
zabor 848 6544 105 2 8
stand 856 6552 65 0 179
zabor 880 6544 104 2 8
stand 904 6536 61 0 179
zabor 912 6544 104 2 8
zabor 944 6544 104 2 8
stand 984 6536 45 0 179
zabor 976 6544 104 2 8
zabor 1008 6544 104 2 8
zabor 1072 6544 104 2 8
stand 1096 6536 61 0 179
zabor 1104 6544 105 2 8
stand 1144 6552 66 0 179
zabor 1136 6544 105 2 8
zabor 1168 6544 112 2 9
stand 1192 6536 66 0 179
zabor 1200 6544 104 2 8
zabor 1232 6544 104 2 8
zabor 1360 6544 112 2 9
trop 1516 6556 115 179 179
zabor 1712 6544 105 2 8
trop 1868 6532 100 179 179
tree 1896 6552 13 0 179
stand 2008 6536 65 0 179
zabor 2000 6544 104 2 8
zabor 2032 6544 112 2 9
zabor 2064 6544 112 2 9
zabor 2096 6544 112 2 9
stand 2120 6552 72 0 179
stand 2136 6536 74 0 179
lay 2168 6536 67 0 179
lay 2200 6552 67 0 179
tree 2200 6552 40 0 179
tree 2216 6536 13 0 179
lay 2312 6536 56 0 179
tree 2328 6552 37 0 179
tree 2408 6536 34 0 179
tree 2872 6536 37 0 179
tree 2856 6552 34 0 179
tree 2968 6536 36 0 179
tree 3128 6552 34 0 179
trop 3300 6532 194 179 179
tree 3496 6536 36 0 179
tree 3544 6552 40 0 179
lay 3528 6552 69 0 179
tree 3704 6536 35 0 179
tree 3752 6536 37 0 179
lay 3768 6536 69 0 179
tree 3784 6552 35 0 179
tree 3832 6552 12 0 179
tree 3928 6552 36 0 179
tree 4024 6552 35 0 179
tree 4040 6552 15 0 179
trop 4068 6532 194 179 179
trop 4188 6556 194 179 179
tree 4200 6552 10 0 179
tree 4376 6536 35 0 179
tree 4360 6552 12 0 179
lay 4392 6536 69 0 179
tree 4424 6552 17 0 179
tree 4440 6552 12 0 179
tree 4456 6552 40 0 179
tree 4568 6536 38 0 179
tree 4584 6536 37 0 179
lay 4632 6536 48 0 179
tree 4616 6536 12 0 179
tree 4632 6552 12 0 179
tree 4648 6552 37 0 179
tree 4824 6536 12 0 179
trop 4876 6556 194 179 179
tree 5128 6536 15 0 179
tree 5304 6552 0 0 179
lay 5416 6552 67 0 179
lay 5784 6552 67 0 179
lay 5768 6552 67 0 179
lay 6040 6536 67 0 179
tree 6104 6536 36 0 179
tree 6136 6552 38 0 179
lay 6168 6536 48 0 179
tree 6152 6552 38 0 179
tree 6200 6552 34 0 179
tree 6216 6552 36 0 179
tree 6488 6552 37 0 179
tree 6584 6536 12 0 179
tree 6584 6552 34 0 179
tree 6600 6552 34 0 179
tree 6680 6552 36 0 179
lay 6776 6536 67 0 179
lay 6792 6536 67 0 179
lay 6872 6552 28 0 179
lay 7240 6552 67 0 179
cliff 7232 6544 118 179 179
tree 7288 6536 34 0 179
tree 7384 6552 36 0 179
tree 7400 6536 37 0 179
tree 7416 6536 38 0 179
tree 7688 6552 40 0 179
tree 7720 6552 37 0 179
tree 7768 6552 14 0 179
tree 7752 6552 34 0 179
tree 7960 6552 38 0 179
tree 8088 6536 39 0 179
zabor 144 6576 104 2 8
zabor 176 6576 105 2 8
zabor 208 6576 105 2 8
stand 232 6568 45 0 179
zabor 240 6576 105 2 8
zabor 272 6576 113 2 9
zabor 304 6576 104 2 8
stand 328 6568 66 0 179
zabor 336 6576 104 2 8
zabor 432 6576 104 2 8
zabor 464 6576 104 2 8
zabor 496 6576 105 2 8
zabor 528 6576 112 2 9
zabor 560 6576 104 2 8
stand 568 6568 66 0 179
zabor 592 6576 105 2 8
zabor 624 6576 105 2 8
stand 728 6568 61 0 179
stand 712 6568 65 0 179
zabor 720 6576 104 2 8
zabor 752 6576 104 2 8
stand 808 6568 66 0 179
stand 824 6568 65 0 179
zabor 816 6576 105 2 8
zabor 848 6576 104 2 8
stand 888 6568 65 0 179
zabor 880 6576 104 2 8
zabor 912 6576 113 2 9
zabor 1008 6576 104 2 8
stand 1032 6568 66 0 179
zabor 1040 6576 104 2 8
zabor 1072 6576 104 2 8
zabor 1104 6576 105 2 8
zabor 1136 6576 104 2 8
stand 1208 6568 65 0 179
zabor 1200 6576 104 2 8
zabor 1232 6576 105 2 8
zabor 1264 6576 113 2 9
zabor 1296 6576 105 2 8
trop 1444 6572 103 179 179
trop 1532 6564 101 179 179
tree 1694 6590 40 0 179
lay 1688 6584 67 0 179
lay 2024 6568 67 0 179
lay 2200 6568 67 0 179
tree 2200 6568 38 0 179
tree 2344 6584 38 0 179
tree 2360 6584 38 0 179
tree 2456 6584 38 0 179
tree 2472 6568 39 0 179
lay 2856 6568 70 0 179
tree 2856 6568 36 0 179
tree 2984 6568 0 0 179
lay 3064 6568 70 0 179
tree 3112 6568 39 0 179
tree 3208 6584 40 0 179
trop 3348 6580 194 179 179
tree 3368 6584 35 0 179
tree 3496 6584 38 0 179
tree 3512 6584 34 0 179
tree 3544 6568 14 0 179
lay 3656 6568 69 0 179
tree 3752 6584 36 0 179
tree 3800 6584 14 0 179
tree 3960 6584 39 0 179
tree 4312 6568 39 0 179
tree 4328 6568 40 0 179
lay 4744 6568 21 0 179
trop 4788 6572 194 179 179
tree 5240 6568 35 0 179
tree 5256 6584 34 0 179
tree 5304 6568 39 0 179
tree 5320 6584 36 0 179
lay 5432 6584 67 0 179
lay 5448 6584 67 0 179
lay 5816 6568 67 0 179
lay 5832 6584 67 0 179
lay 6056 6584 67 0 179
lay 6104 6568 67 0 179
tree 6200 6568 14 0 179
trop 6324 6572 96 179 179
tree 6488 6568 40 0 179
tree 6600 6568 39 0 179
tree 6616 6568 39 0 179
lay 6632 6568 69 0 179
tree 6648 6584 40 0 179
tree 6664 6568 40 0 179
lay 6776 6568 67 0 179
lay 6776 6584 67 0 179
lay 6808 6584 67 0 179
lay 6792 6568 67 0 179
lay 6968 6584 67 0 179
cliff 7232 6576 118 179 179
tree 7752 6568 39 0 179
tree 7896 6584 38 0 179
tree 7944 6584 17 0 179
tree 7992 6584 0 0 179
tree 7976 6584 36 0 179
tree 8008 6568 38 0 179
stand 136 6600 66 0 179
zabor 144 6608 105 2 8
zabor 240 6608 104 2 8
lay 232 6616 28 0 179
zabor 272 6608 112 2 9
zabor 528 6608 105 2 8
zabor 592 6608 112 2 9
zabor 624 6608 112 2 9
zabor 720 6608 112 2 9
zabor 816 6608 113 2 9
stand 1192 6600 66 0 179
zabor 1200 6608 104 2 8
zabor 1232 6608 112 2 9
lay 1224 6616 28 0 179
zabor 1264 6608 105 2 8
stand 1256 6600 45 0 179
zabor 1296 6608 105 2 8
tree 1944 6600 34 0 179
tree 1976 6600 17 0 179
lay 2008 6616 67 0 179
lay 2024 6600 67 0 179
cliff 2064 6608 12 179 179
lay 2184 6600 67 0 179
lay 2232 6616 67 0 179
tree 2280 6616 13 0 179
tree 2360 6616 39 0 179
tree 2392 6616 34 0 179
tree 2376 6600 37 0 179
tree 2424 6616 12 0 179
tree 2424 6600 40 0 179
tree 2456 6600 12 0 179
lay 2440 6600 55 0 179
tree 2472 6600 40 0 179
tree 2472 6616 0 0 179
tree 2488 6616 35 0 179
tree 2840 6616 12 0 179
tree 2856 6600 36 0 179
tree 2856 6616 17 0 179
tree 3080 6600 17 0 179
tree 3096 6600 37 0 179
tree 3080 6616 34 0 179
tree 3208 6600 35 0 179
trop 3380 6612 194 179 179
tree 3496 6600 14 0 179
tree 3512 6600 36 0 179
tree 3576 6600 35 0 179
tree 3624 6600 37 0 179
tree 3688 6600 37 0 179
tree 3688 6616 36 0 179
tree 3704 6600 39 0 179
tree 3720 6600 39 0 179
tree 3992 6616 35 0 179
tree 4424 6600 30 0 179
tree 4520 6616 12 0 179
trop 4556 6596 194 179 179
tree 5032 6616 38 0 179
tree 5096 6616 35 0 179
lay 5304 6616 70 0 179
tree 5336 6600 0 0 179
lay 5464 6616 67 0 179
lay 5864 6616 67 0 179
lay 5896 6600 67 0 179
lay 5928 6616 67 0 179
lay 6120 6616 67 0 179
lay 6168 6616 67 0 179
lay 6216 6616 67 0 179
trop 6348 6612 108 179 179
trop 6508 6596 200 179 179
tree 6664 6616 14 0 179
lay 6824 6616 67 0 179
lay 6936 6600 67 0 179
lay 6968 6616 67 0 179
lay 7240 6600 67 0 179
cliff 7232 6608 125 179 179
tree 7400 6616 38 0 179
tree 7416 6600 0 0 179
tree 7672 6600 35 0 179
tree 7912 6600 37 0 179
lay 7960 6616 70 0 179
tree 8040 6616 37 0 179
tree 8056 6616 14 0 179
tree 8072 6616 36 0 179
tree 8072 6600 36 0 179
trop 292 6628 198 179 179
tree 456 6632 16 0 179
zabor 592 6640 104 2 8
tree 606 6654 0 0 179
stand 616 6632 66 0 179
zabor 624 6640 105 2 8
stand 712 6632 66 0 179
zabor 720 6640 105 2 8
zabor 752 6640 105 2 8
tree 766 6638 35 0 179
tree 958 6638 0 0 179
tree 1022 6654 35 0 179
tree 1006 6654 0 0 179
tree 1006 6638 12 0 179
tree 1038 6638 12 0 179
trop 1082 6634 213 179 179
stand 1192 6632 251 0 179
zabor 1264 6640 105 2 8
zabor 1296 6640 104 2 8
stand 1288 6648 65 0 179
trop 1340 6628 102 179 179
tree 1496 6632 12 0 179
tree 1544 6632 38 0 179
tree 1560 6632 40 0 179
trop 1756 6636 195 179 179
trop 1796 6628 99 179 179
lay 1880 6632 67 0 179
tree 1912 6648 17 0 179
lay 1976 6632 67 0 179
cliff 2064 6640 11 179 179
cliff 2064 6624 65 179 179
lay 2232 6632 67 0 179
tree 2264 6648 13 0 179
tree 2312 6648 38 0 179
tree 2360 6648 13 0 179
tree 2392 6632 36 0 179
tree 2488 6632 36 0 179
tree 2824 6648 17 0 179
tree 3064 6632 39 0 179
tree 3080 6632 17 0 179
tree 3080 6648 0 0 179
trop 3164 6644 108 179 179
tree 3192 6632 37 0 179
lay 3256 6648 48 0 179
tree 3272 6648 36 0 179
tree 3592 6632 0 0 179
tree 3896 6632 34 0 179
tree 3912 6648 17 0 179
tree 3944 6648 37 0 179
lay 3960 6648 70 0 179
tree 3992 6632 14 0 179
tree 4008 6632 35 0 179
tree 4184 6648 38 0 179
lay 4200 6648 48 0 179
tree 4200 6648 40 0 179
tree 4376 6648 0 0 179
tree 4392 6648 36 0 179
tree 4520 6632 35 0 179
tree 4808 6632 12 0 179
trop 4844 6644 194 179 179
tree 4952 6632 35 0 179
lay 5048 6648 48 0 179
tree 5048 6648 38 0 179
tree 5032 6632 37 0 179
tree 5176 6648 14 0 179
tree 5304 6632 0 0 179
tree 5288 6632 38 0 179
lay 5464 6648 67 0 179
lay 5496 6632 68 0 179
lay 5512 6632 68 0 179
lay 5944 6648 67 0 179
lay 6248 6632 67 0 179
lay 6280 6648 67 0 179
tree 6664 6648 34 0 179
lay 6808 6648 67 0 179
lay 6792 6632 67 0 179
lay 6952 6648 67 0 179
lay 7240 6648 67 0 179
tree 7640 6648 36 0 179
tree 7688 6632 35 0 179
tree 7880 6648 36 0 179
tree 7976 6632 0 0 179
lay 8056 6632 70 0 179
tree 8056 6648 39 0 179
tree 8056 6632 40 0 179
tree 248 6664 12 0 179
lay 376 6664 21 0 179
tree 440 6680 40 0 179
lay 472 6680 28 0 179
lay 856 6680 27 0 179
zabor 1264 6672 113 2 9
trop 1276 6684 192 179 179
zabor 1296 6672 104 2 8
stand 1288 6664 65 0 179
tree 1448 6664 36 0 179
lay 1608 6680 28 0 179
tree 1832 6680 17 0 179
tree 1848 6664 12 0 179
lay 1944 6664 67 0 179
lay 1992 6664 67 0 179
lay 2024 6664 67 0 179
lay 2232 6680 68 0 179
tree 2264 6664 41 0 179
tree 2328 6664 13 0 179
tree 2344 6680 14 0 179
tree 2360 6680 41 0 179
lay 2424 6664 55 0 179
lay 2488 6680 54 0 179
tree 2856 6664 35 0 179
tree 2856 6680 38 0 179
lay 2936 6664 60 0 179
trop 2948 6668 194 179 179
tree 3064 6680 17 0 179
tree 3240 6664 40 0 179
trop 3388 6668 194 179 179
trop 3764 6684 194 179 179
tree 3768 6680 11 0 179
trop 3812 6668 194 179 179
tree 3960 6664 35 0 179
tree 3976 6680 40 0 179
tree 4184 6664 38 0 179
tree 4200 6664 38 0 179
tree 4376 6680 34 0 179
trop 4484 6660 194 179 179
tree 4680 6664 37 0 179
tree 5048 6664 40 0 179
tree 5032 6680 14 0 179
tree 5288 6680 40 0 179
tree 5288 6664 35 0 179
tree 5368 6664 39 0 179
tree 5496 6664 12 0 179
tree 5512 6664 12 0 179
lay 5512 6664 68 0 179
lay 5512 6680 67 0 179
lay 5560 6680 68 0 179
lay 5576 6680 68 0 179
lay 5928 6664 67 0 179
lay 6328 6664 67 0 179
lay 6344 6664 27 0 179
lay 6344 6680 67 0 179
tree 6408 6680 15 0 179
lay 6568 6680 30 0 179
lay 6600 6664 38 0 179
tree 6664 6664 37 0 179
lay 6696 6664 48 0 179
lay 6776 6680 67 0 179
lay 6792 6664 67 0 179
cliff 6864 6656 59 179 179
fre 6940 6660 63 179 179
fre 6932 6676 20 179 179
fre 6932 6684 25 179 179
fre 6972 6668 63 179 179
fre 6964 6660 63 179 179
tree 7352 6680 40 0 179
tree 7656 6680 0 0 179
tree 7688 6664 36 0 179
tree 7976 6680 17 0 179
tree 8008 6664 17 0 179
tree 8056 6680 14 0 179
lay 200 6712 53 0 179
tree 216 6696 16 0 179
tree 440 6712 40 0 179
lay 456 6696 54 0 179
tree 456 6712 35 0 179
tree 1006 6718 36 0 179
tree 1176 6696 15 0 179
tree 1192 6696 39 0 179
stand 1304 6712 72 0 179
trop 1348 6700 195 179 179
trop 1396 6692 99 179 179
stand 1400 6712 72 0 179
tree 1480 6696 39 0 179
lay 1512 6696 53 0 179
tree 1544 6712 39 0 179
tree 1560 6712 14 0 179
trop 1668 6708 102 179 179
trop 1668 6708 116 179 179
trop 1724 6716 117 179 179
lay 1944 6712 67 0 179
cliff 2048 6704 3 179 179
cliff 2080 6688 8 179 179
tree 2440 6696 39 0 179
tree 2456 6696 12 0 179
trop 3172 6692 108 179 179
trop 3628 6708 194 179 179
trop 3716 6692 194 179 179
tree 4040 6712 15 0 179
tree 4216 6712 38 0 179
tree 4232 6712 14 0 179
tree 4680 6712 39 0 179
tree 4680 6696 39 0 179
tree 4920 6712 0 0 179
lay 5032 6696 48 0 179
tree 5128 6712 39 0 179
lay 5496 6696 67 0 179
lay 5512 6712 67 0 179
lay 5560 6712 68 0 179
lay 5560 6696 68 0 179
lay 5544 6712 67 0 179
lay 5624 6712 68 0 179
lay 5944 6696 67 0 179
tree 6264 6696 34 0 179
tree 6264 6712 26 0 179
trop 6324 6708 96 179 179
lay 6360 6712 68 0 179
lay 6392 6696 67 0 179
lay 6568 6696 20 0 179
tree 6600 6696 24 0 179
lay 6616 6712 34 0 179
tree 6728 6696 37 0 179
tree 6728 6712 40 0 179
lay 6776 6712 67 0 179
cliff 6848 6704 78 179 179
fre 6916 6700 20 179 179
lay 7208 6712 67 0 179
lay 7208 6696 67 0 179
lay 7672 6696 70 0 179
tree 7688 6712 36 0 179
tree 7704 6696 38 0 179
tree 7928 6696 38 0 179
tree 7992 6696 36 0 179
tree 8056 6696 35 0 179
tree 8088 6696 14 0 179
lay 216 6728 53 0 179
lay 1032 6728 54 0 179
trop 1148 6740 192 179 179
tree 1496 6744 14 0 179
tree 1560 6728 17 0 179
zabor 1584 6736 104 2 8
trop 1708 6748 195 179 179
trop 1732 6724 103 179 179
lay 1960 6744 67 0 179
cliff 2016 6720 12 179 179
tree 2344 6728 15 0 179
lay 2392 6728 67 0 179
tree 2376 6728 40 0 179
tree 2392 6728 12 0 179
lay 2424 6744 67 0 179
tree 2408 6728 0 0 179
tree 2552 6744 17 0 179
tree 2600 6744 12 0 179
lay 3144 6728 60 0 179
tree 3448 6728 38 0 179
tree 3624 6728 0 0 179
tree 3832 6744 35 0 179
tree 4376 6744 14 0 179
tree 4664 6728 38 0 179
tree 4648 6744 35 0 179
tree 4696 6744 36 0 179
tree 4760 6728 34 0 179
tree 5000 6744 17 0 179
tree 5064 6744 36 0 179
tree 5128 6728 14 0 179
tree 5160 6744 35 0 179
trop 5404 6748 194 179 179
tree 5512 6744 12 0 179
lay 5576 6744 67 0 179
lay 5624 6744 67 0 179
lay 5688 6744 68 0 179
lay 5976 6728 67 0 179
lay 5992 6744 67 0 179
trop 6348 6724 108 179 179
lay 6408 6728 67 0 179
tree 6568 6728 24 0 179
cliff 6784 6736 83 179 179
cliff 6816 6720 72 179 179
tree 7320 6744 38 0 179
tree 7304 6728 12 0 179
lay 7384 6744 70 0 179
tree 7400 6728 40 0 179
tree 7416 6728 36 0 179
tree 7448 6744 0 0 179
tree 7656 6744 0 0 179
tree 7672 6744 17 0 179
tree 7688 6744 0 0 179
tree 7976 6744 14 0 179
tree 8024 6728 0 0 179
tree 8024 6744 0 0 179
tree 8008 6744 17 0 179
tree 8056 6728 34 0 179
tree 8072 6744 36 0 179
tree 168 6760 16 0 179
tree 456 6776 11 0 179
dom 608 6752 251 0 179
lay 792 6776 27 0 179
dom 864 6752 251 0 179
stand 1102 6782 155 0 179
dom 1184 6752 246 0 179
trop 1332 6772 96 179 179
lay 1992 6760 67 0 179
lay 2024 6776 67 0 179
cliff 2032 6752 33 179 179
lay 2072 6776 67 0 179
cliff 2048 6768 49 179 179
cliff 2080 6768 49 179 179
cliff 2112 6768 28 179 179
lay 2440 6776 67 0 179
lay 2456 6776 67 0 179
tree 2552 6760 16 0 179
tree 2584 6760 14 0 179
tree 2584 6776 17 0 179
tree 2984 6760 38 0 179
trop 3204 6780 110 179 179
tree 3256 6760 34 0 179
tree 3368 6776 36 0 179
tree 3752 6760 0 0 179
tree 3976 6760 35 0 179
tree 3976 6776 40 0 179
lay 3976 6776 70 0 179
tree 4008 6760 12 0 179
tree 4168 6776 40 0 179
tree 4376 6760 37 0 179
tree 4472 6776 0 0 179
tree 4488 6776 39 0 179
tree 4600 6776 12 0 179
tree 4696 6776 38 0 179
tree 4728 6760 17 0 179
lay 4760 6760 69 0 179
tree 4744 6776 40 0 179
tree 4744 6760 38 0 179
tree 4760 6760 36 0 179
tree 4808 6760 40 0 179
tree 5032 6776 35 0 179
tree 5464 6776 16 0 179
lay 5560 6760 67 0 179
lay 5672 6776 67 0 179
lay 5720 6776 68 0 179
lay 6040 6776 67 0 179
lay 6040 6760 67 0 179
lay 6072 6776 67 0 179
lay 6104 6776 67 0 179
lay 6424 6760 67 0 179
lay 6744 6760 67 0 179
lay 6760 6776 67 0 179
cliff 6784 6768 86 179 179
fre 6868 6780 24 179 179
lay 7208 6760 67 0 179
tree 7368 6776 34 0 179
tree 7416 6776 34 0 179
tree 7400 6776 37 0 179
tree 7624 6760 37 0 179
tree 7672 6776 38 0 179
tree 7672 6760 36 0 179
tree 7656 6760 34 0 179
tree 7688 6776 36 0 179
tree 7688 6760 36 0 179
tree 7992 6776 12 0 179
tree 7992 6760 12 0 179
lay 8056 6760 70 0 179
lay 392 6808 55 0 179
tree 440 6808 12 0 179
tree 424 6808 15 0 179
tree 456 6792 41 0 179
lay 952 6792 27 0 179
trop 1068 6796 192 179 179
tree 1448 6808 11 0 179
tree 1512 6808 40 0 179
tree 1560 6792 10 0 179
tree 1544 6792 10 0 179
lay 1560 6792 28 0 179
tree 1912 6792 15 0 179
lay 2072 6792 67 0 179
lay 2120 6808 67 0 179
cliff 2128 6784 35 179 179
cliff 2144 6800 28 179 179
cliff 2320 6800 61 179 179
lay 2504 6808 67 0 179
tree 2520 6792 0 0 179
tree 2520 6808 14 0 179
tree 2584 6792 16 0 179
tree 2600 6808 14 0 179
tree 2616 6808 12 0 179
tree 2936 6808 0 0 179
tree 2968 6792 14 0 179
tree 3016 6808 39 0 179
tree 3032 6792 12 0 179
lay 3016 6808 70 0 179
tree 3064 6808 36 0 179
tree 3096 6808 14 0 179
tree 3112 6792 0 0 179
tree 3352 6792 39 0 179
tree 3352 6808 14 0 179
tree 3368 6792 35 0 179
lay 3576 6808 69 0 179
tree 3576 6792 36 0 179
tree 3608 6808 36 0 179
tree 3944 6792 38 0 179
tree 3960 6792 37 0 179
tree 3976 6808 35 0 179
tree 4008 6808 37 0 179
tree 4280 6808 38 0 179
tree 4360 6792 40 0 179
tree 4360 6808 39 0 179
lay 4392 6808 69 0 179
tree 4440 6792 35 0 179
tree 4520 6792 38 0 179
tree 4888 6808 10 0 179
trop 4916 6804 194 179 179
tree 4904 6808 17 0 179
tree 4920 6808 0 0 179
tree 5144 6808 0 0 179
trop 5180 6796 194 179 179
tree 5208 6792 35 0 179
lay 6120 6808 67 0 179
lay 6136 6808 67 0 179
lay 6168 6808 67 0 179
lay 6456 6792 67 0 179
lay 6472 6792 68 0 179
lay 6744 6808 67 0 179
cliff 6784 6800 85 179 179
lay 7192 6808 67 0 179
tree 7416 6792 38 0 179
tree 7576 6792 14 0 179
tree 7592 6808 34 0 179
lay 7736 6808 69 0 179
tree 7784 6808 0 0 179
tree 8024 6792 0 0 179
tree 8056 6792 34 0 179
tree 8056 6808 39 0 179
tree 8040 6808 39 0 179
tree 296 6840 17 0 179
lay 328 6824 53 0 179
tree 360 6840 17 0 179
tree 360 6824 41 0 179
tree 376 6824 36 0 179
tree 424 6824 34 0 179
tree 526 6830 16 0 179
lay 808 6840 28 0 179
stand 1048 6834 163 0 179
stand 1080 6818 162 0 179
stand 1096 6834 161 0 179
dom 1184 6816 250 0 179
trop 1260 6830 8 179 179
stand 1304 6824 151 0 179
trop 1340 6828 96 179 179
trop 1316 6820 195 179 179
tree 1448 6824 16 0 179
lay 1512 6840 53 0 179
tree 1512 6824 11 0 179
tree 1528 6824 41 0 179
tree 1544 6824 15 0 179
dom 1568 6816 210 0 179
stand 1704 6824 151 0 179
dom 1760 6816 217 0 179
tree 1912 6824 10 0 179
tree 1944 6840 36 0 179
lay 2136 6840 67 0 179
cliff 2144 6816 14 179 179
cliff 2352 6816 45 179 179
cliff 2352 6832 48 179 179
lay 2520 6840 67 0 179
tree 2536 6824 12 0 179
tree 2920 6840 12 0 179
tree 2984 6824 38 0 179
lay 3176 6840 60 0 179
tree 3288 6824 38 0 179
tree 3320 6824 35 0 179
tree 3352 6824 39 0 179
tree 3336 6840 34 0 179
tree 3432 6824 0 0 179
tree 3544 6840 35 0 179
tree 3544 6824 36 0 179
tree 3656 6840 36 0 179
tree 3704 6824 35 0 179
tree 4232 6824 14 0 179
tree 4280 6824 35 0 179
tree 4376 6840 17 0 179
tree 4376 6824 36 0 179
tree 4440 6840 37 0 179
lay 4504 6824 70 0 179
tree 4520 6824 0 0 179
tree 4520 6840 40 0 179
tree 4568 6824 12 0 179
tree 4648 6840 10 0 179
tree 4776 6840 37 0 179
tree 5688 6840 12 0 179
tree 5704 6824 40 0 179
lay 5752 6840 67 0 179
lay 5784 6824 67 0 179
lay 5816 6840 67 0 179
lay 5832 6824 68 0 179
lay 5880 6840 68 0 179
lay 6200 6824 67 0 179
lay 6232 6840 67 0 179
lay 6216 6840 67 0 179
tree 6264 6824 17 0 179
tree 6264 6840 35 0 179
lay 6296 6840 67 0 179
lay 6296 6824 67 0 179
trop 6324 6836 96 179 179
trop 6348 6836 108 179 179
lay 6488 6840 67 0 179
lay 6616 6824 21 0 179
lay 6728 6840 67 0 179
lay 7160 6840 67 0 179
cliff 7168 6832 114 179 179
tree 7384 6824 17 0 179
tree 7368 6824 36 0 179
tree 7368 6840 37 0 179
tree 7576 6840 38 0 179
tree 7576 6824 37 0 179
tree 7704 6840 37 0 179
tree 7800 6840 38 0 179
tree 8072 6824 36 0 179
lay 184 6856 53 0 179
lay 344 6872 54 0 179
tree 360 6856 41 0 179
trop 476 6868 198 179 179
fre 692 6854 1 179 179
trop 826 6850 121 179 179
stand 1096 6850 159 0 179
stand 1112 6850 162 0 179
trop 1122 6850 121 179 179
dom 1184 6848 250 0 179
trop 1188 6860 65 179 179
lay 1496 6872 26 0 179
trop 1684 6852 99 179 179
trop 1692 6860 111 179 179
tree 1944 6856 34 0 179
tree 1976 6872 13 0 179
tree 1960 6856 16 0 179
tree 2024 6872 17 0 179
lay 2024 6872 56 0 179
trop 2052 6876 200 179 179
tree 2056 6856 39 0 179
cliff 2160 6848 36 179 179
cliff 2176 6864 28 179 179
cliff 2352 6864 47 179 179
tree 2552 6856 17 0 179
trop 2636 6868 192 179 179
tree 2872 6856 37 0 179
tree 2888 6872 14 0 179
tree 2904 6856 17 0 179
tree 2920 6872 35 0 179
tree 3032 6856 34 0 179
tree 3048 6872 0 0 179
tree 3080 6856 14 0 179
tree 3272 6856 12 0 179
tree 3368 6872 35 0 179
tree 3512 6856 34 0 179
tree 3608 6856 0 0 179
tree 3624 6856 12 0 179
tree 3720 6872 40 0 179
tree 3768 6872 17 0 179
tree 3768 6856 17 0 179
tree 3880 6872 34 0 179
tree 3960 6856 40 0 179
tree 4008 6872 10 0 179
trop 4100 6860 194 179 179
tree 4216 6872 14 0 179
lay 4232 6872 48 0 179
tree 4232 6856 37 0 179
tree 4392 6856 34 0 179
tree 4456 6872 12 0 179
tree 4520 6856 0 0 179
tree 4536 6872 36 0 179
trop 4660 6868 194 179 179
tree 4824 6856 17 0 179
tree 5080 6856 0 0 179
tree 5096 6872 37 0 179
tree 5464 6872 35 0 179
tree 5688 6856 34 0 179
lay 5848 6856 67 0 179
lay 5864 6872 67 0 179
lay 6264 6856 67 0 179
lay 6312 6872 67 0 179
dom 6432 6848 217 0 179
tree 6664 6872 24 0 179
lay 6728 6872 67 0 179
cliff 6768 6864 74 179 179
cliff 6800 6848 77 179 179
cliff 7136 6864 119 179 179
cliff 7136 6848 117 179 179
tree 7384 6856 14 0 179
tree 7384 6872 39 0 179
tree 7736 6872 38 0 179
tree 7720 6856 36 0 179
tree 7800 6872 38 0 179
tree 7800 6856 37 0 179
lay 7848 6856 69 0 179
tree 7928 6872 36 0 179
tree 8088 6856 17 0 179
tree 248 6904 38 0 179
lay 264 6904 53 0 179
tree 264 6904 17 0 179
tree 344 6888 17 0 179
lay 472 6888 28 0 179
stand 688 6906 157 0 179
stand 720 6906 156 0 179
stand 704 6890 160 0 179
trop 764 6902 19 179 179
stand 768 6890 155 0 179
stand 832 6906 181 0 179
stand 864 6906 179 0 179
trop 956 6908 7 179 179
trop 986 6882 109 179 179
trop 1044 6908 10 179 179
trop 1122 6882 114 179 179
lay 1384 6904 28 0 179
stand 1416 6888 184 0 179
stand 1416 6904 182 0 179
stand 1432 6904 183 0 179
stand 1432 6888 158 0 179
tree 1528 6904 17 0 179
lay 1800 6888 26 0 179
dom 1888 6880 219 0 179
cliff 2176 6880 13 179 179
cliff 2352 6896 19 179 179
lay 2472 6888 67 0 179
lay 2504 6888 67 0 179
tree 2872 6888 17 0 179
tree 2888 6904 36 0 179
lay 2904 6888 69 0 179
tree 2952 6904 40 0 179
tree 2968 6904 38 0 179
tree 3000 6904 39 0 179
tree 3032 6888 38 0 179
trop 3484 6908 194 179 179
tree 3576 6904 37 0 179
lay 3880 6904 69 0 179
tree 3960 6888 35 0 179
tree 3960 6904 40 0 179
lay 3960 6904 70 0 179
tree 3976 6904 12 0 179
tree 4216 6888 14 0 179
tree 4216 6904 35 0 179
tree 4232 6904 34 0 179
tree 4504 6888 39 0 179
tree 4536 6888 38 0 179
tree 5048 6904 12 0 179
tree 5096 6888 34 0 179
tree 5112 6904 37 0 179
tree 5304 6888 40 0 179
tree 5400 6904 14 0 179
trop 5500 6892 194 179 179
tree 5672 6888 17 0 179
lay 5704 6904 69 0 179
tree 5784 6904 14 0 179
tree 5784 6888 17 0 179
lay 5864 6888 67 0 179
lay 5912 6888 67 0 179
tree 6264 6888 10 0 179
tree 6264 6904 28 0 179
lay 6344 6904 27 0 179
lay 6344 6888 67 0 179
lay 6488 6888 67 0 179
lay 6504 6904 67 0 179
tree 6616 6904 24 0 179
lay 6728 6888 1 0 179
cliff 6752 6880 107 179 179
cliff 6768 6896 102 179 179
lay 7160 6888 67 0 179
cliff 7136 6896 118 179 179
tree 7384 6904 38 0 179
tree 7368 6904 38 0 179
tree 7384 6888 0 0 179
tree 7816 6888 36 0 179
tree 7848 6904 40 0 179
tree 7880 6888 36 0 179
tree 7928 6904 37 0 179
tree 7944 6904 17 0 179
tree 7960 6888 14 0 179
lay 7960 6904 69 0 179
tree 8024 6904 12 0 179
tree 8008 6904 39 0 179
tree 280 6936 39 0 179
tree 264 6920 15 0 179
tree 344 6920 40 0 179
stand 600 6920 251 0 179
stand 688 6938 160 0 179
stand 752 6938 161 0 179
stand 736 6938 161 0 179
stand 736 6922 159 0 179
trop 820 6934 72 179 179
stand 816 6922 178 0 179
lay 904 6920 28 0 179
trop 1198 6918 101 179 179
trop 1260 6918 9 179 179
stand 1304 6930 159 0 179
stand 1304 6914 160 0 179
stand 1320 6914 162 0 179
trop 1364 6940 195 179 179
trop 1628 6924 103 179 179
trop 1644 6916 117 179 179
tree 1976 6920 35 0 179
zabor 2000 6928 105 2 8
tree 2040 6936 12 0 179
tree 2024 6920 41 0 179
lay 2088 6936 67 0 179
lay 2088 6920 67 0 179
lay 2120 6920 67 0 179
cliff 2192 6928 7 179 179
cliff 2368 6912 27 179 179
cliff 2384 6928 47 179 179
lay 2440 6920 67 0 179
tree 2536 6920 14 0 179
tree 2872 6936 34 0 179
tree 2920 6920 17 0 179
tree 2936 6936 0 0 179
tree 2952 6920 34 0 179
tree 3016 6936 40 0 179
lay 3032 6920 69 0 179
tree 3080 6936 38 0 179
tree 3144 6920 12 0 179
tree 3144 6936 38 0 179
trop 3228 6932 116 179 179
tree 3480 6936 35 0 179
tree 3464 6920 0 0 179
trop 3676 6924 194 179 179
tree 3848 6920 12 0 179
tree 3848 6936 37 0 179
tree 3928 6920 14 0 179
tree 3960 6920 37 0 179
tree 3976 6920 37 0 179
tree 4120 6920 14 0 179
tree 4120 6936 15 0 179
tree 4264 6936 36 0 179
tree 4264 6920 39 0 179
tree 4344 6936 15 0 179
trop 4548 6924 194 179 179
tree 4776 6920 15 0 179
tree 5016 6920 34 0 179
lay 5016 6936 70 0 179
tree 5160 6936 13 0 179
lay 5352 6936 70 0 179
tree 5384 6920 34 0 179
tree 5400 6920 40 0 179
tree 5496 6920 12 0 179
tree 5512 6920 12 0 179
trop 5548 6940 194 179 179
tree 5672 6936 37 0 179
tree 5688 6936 39 0 179
tree 5704 6936 14 0 179
tree 5736 6936 17 0 179
tree 5768 6920 40 0 179
tree 5880 6920 11 0 179
lay 5928 6936 67 0 179
lay 5944 6920 67 0 179
tree 6264 6920 15 0 179
tree 6264 6936 10 0 179
trop 6348 6924 108 179 179
lay 6360 6920 67 0 179
lay 6376 6936 67 0 179
lay 6472 6936 67 0 179
lay 6616 6936 39 0 179
lay 6632 6920 30 0 179
lay 6696 6920 67 0 179
cliff 6784 6928 79 179 179
lay 7144 6936 67 0 179
cliff 7136 6928 119 179 179
tree 7320 6936 39 0 179
tree 7624 6936 34 0 179
tree 7624 6920 17 0 179
tree 7640 6920 0 0 179
tree 7896 6936 38 0 179
tree 7928 6920 38 0 179
tree 7992 6936 37 0 179
tree 8008 6920 0 0 179
lay 168 6968 53 0 179
fre 860 6974 2 179 179
lay 1080 6952 28 0 179
trop 1150 6958 97 179 179
trop 1302 6966 97 179 179
trop 1334 6966 105 179 179
trop 1334 6958 96 179 179
trop 1470 6966 97 179 179
trop 1580 6972 104 179 179
trop 1588 6964 118 179 179
lay 2008 6952 67 0 179
zabor 2000 6960 105 2 8
lay 2040 6952 67 0 179
cliff 2160 6944 1 179 179
cliff 2384 6960 46 179 179
lay 2440 6952 67 0 179
lay 2488 6952 67 0 179
trop 2548 6956 192 179 179
tree 2648 6952 39 0 179
tree 2952 6952 34 0 179
tree 3112 6968 14 0 179
trop 3420 6956 194 179 179
tree 3672 6968 16 0 179
trop 3708 6956 194 179 179
tree 3912 6952 37 0 179
tree 3960 6952 40 0 179
tree 3960 6968 14 0 179
tree 4536 6952 14 0 179
tree 4552 6968 13 0 179
trop 4860 6964 194 179 179
tree 5016 6952 12 0 179
tree 5064 6952 39 0 179
tree 5336 6952 14 0 179
tree 5352 6952 12 0 179
tree 5384 6952 39 0 179
tree 5384 6968 14 0 179
tree 5544 6952 13 0 179
tree 5720 6952 35 0 179
tree 5960 6968 15 0 179
lay 5976 6952 67 0 179
tree 6280 6968 17 0 179
tree 6280 6952 40 0 179
trop 6324 6964 96 179 179
lay 6424 6968 67 0 179
lay 6456 6952 67 0 179
lay 6488 6952 67 0 179
tree 6536 6952 12 0 179
lay 6664 6952 67 0 179
lay 6712 6952 67 0 179
cliff 6752 6944 74 179 179
lay 7160 6968 67 0 179
cliff 7136 6960 125 179 179
tree 7288 6968 37 0 179
tree 184 7000 38 0 179
tree 168 7000 0 0 179
tree 216 7000 12 0 179
tree 200 7000 0 0 179
tree 216 6984 34 0 179
tree 248 7000 14 0 179
lay 744 6984 28 0 179
lay 936 7000 28 0 179
trop 1414 7006 9 179 179
trop 1508 6980 195 179 179
lay 1688 7000 27 0 179
lay 1992 7000 67 0 179
lay 2008 7000 67 0 179
zabor 2000 6992 104 2 8
cliff 2112 6992 0 179 179
cliff 2144 6976 6 179 179
cliff 2384 6992 48 179 179
lay 2440 6984 67 0 179
tree 3064 7000 34 0 179
tree 3080 6984 0 0 179
tree 3144 6984 17 0 179
tree 3384 7000 36 0 179
tree 3384 6984 0 0 179
tree 3608 6984 35 0 179
tree 3656 6984 12 0 179
tree 3720 6984 35 0 179
tree 3912 7000 35 0 179
trop 4300 6988 194 179 179
tree 5016 6984 38 0 179
tree 5000 7000 14 0 179
tree 5016 7000 39 0 179
trop 5204 6980 194 179 179
tree 5224 6984 35 0 179
tree 5336 7000 39 0 179
tree 5352 6984 37 0 179
lay 6008 7000 67 0 179
lay 6024 6984 68 0 179
lay 6040 6984 68 0 179
lay 6472 7000 67 0 179
lay 6488 7000 67 0 179
tree 6520 7000 35 0 179
lay 6648 7000 67 0 179
cliff 6704 6992 73 179 179
cliff 6736 6976 82 179 179
cliff 7136 6992 118 179 179
tree 7304 6984 0 0 179
lay 7656 7000 70 0 179
tree 7688 7000 39 0 179
trop 7796 7004 204 179 179
tree 7896 6984 38 0 179
tree 184 7016 16 0 179
tree 200 7016 16 0 179
lay 312 7016 28 0 179
stand 336 7034 177 0 179
trop 708 7028 69 179 179
stand 720 7034 179 0 179
stand 752 7034 179 0 179
lay 1336 7016 49 0 179
lay 1400 7032 49 0 179
trop 1438 7030 100 179 179
lay 1512 7016 49 0 179
zabor 2000 7024 105 2 8
lay 2024 7016 68 0 179
cliff 2096 7024 5 179 179
cliff 2384 7024 48 179 179
lay 2488 7016 67 0 179
tree 2648 7016 40 0 179
tree 2680 7016 40 0 179
tree 2696 7032 41 0 179
trop 2884 7020 194 179 179
tree 3144 7032 12 0 179
lay 3304 7032 66 0 179
tree 3304 7016 40 0 179
tree 3400 7016 34 0 179
tree 3624 7016 12 0 179
trop 3748 7012 194 179 179
tree 3864 7016 40 0 179
tree 3928 7032 39 0 179
trop 4060 7036 194 179 179
tree 4216 7016 14 0 179
tree 4440 7032 40 0 179
tree 4744 7016 34 0 179
lay 4792 7032 48 0 179
tree 4792 7016 17 0 179
tree 4808 7016 0 0 179
tree 4808 7032 35 0 179
tree 5032 7016 0 0 179
tree 5496 7016 13 0 179
trop 5708 7028 194 179 179
tree 5768 7032 13 0 179
tree 5880 7032 12 0 179
lay 6024 7016 67 0 179
lay 6072 7032 68 0 179
lay 6056 7032 67 0 179
tree 6248 7032 16 0 179
lay 6472 7032 67 0 179
lay 6680 7032 67 0 179
lay 6664 7032 67 0 179
cliff 6688 7008 106 179 179
cliff 6704 7024 102 179 179
lay 7128 7032 1 0 179
lay 7144 7016 67 0 179
tree 7336 7016 38 0 179
tree 7448 7032 40 0 179
tree 7656 7016 36 0 179
trop 780 7060 192 179 179
stand 864 7066 178 0 179
dom 992 7040 247 0 179
trop 1334 7062 102 179 179
dom 1440 7040 302 0 179
stand 1466 7042 161 0 179
lay 1448 7064 49 0 179
stand 1482 7058 159 0 179
stand 1512 7064 179 0 179
stand 1528 7058 159 0 179
stand 1512 7042 160 0 179
dom 1536 7040 258 0 179
dom 1600 7040 264 0 179
lay 1624 7064 27 0 179
dom 1664 7040 304 0 179
lay 1816 7064 28 0 179
lay 1976 7064 67 0 179
zabor 2000 7056 104 2 8
cliff 2032 7056 13 179 179
cliff 2064 7040 0 179 179
cliff 2384 7056 23 179 179
lay 2456 7064 67 0 179
lay 2488 7048 67 0 179
tree 2648 7048 40 0 179
tree 2712 7064 38 0 179
trop 2916 7052 194 179 179
tree 3064 7064 34 0 179
tree 3080 7048 14 0 179
lay 3192 7048 60 0 179
trop 3228 7052 117 179 179
tree 3352 7048 38 0 179
tree 3352 7064 36 0 179
tree 3368 7064 37 0 179
tree 3416 7064 35 0 179
tree 3448 7064 35 0 179
lay 3448 7064 69 0 179
tree 3512 7064 40 0 179
tree 3656 7064 40 0 179
tree 3672 7064 39 0 179
tree 3704 7064 34 0 179
tree 3768 7064 11 0 179
lay 3896 7064 70 0 179
tree 3912 7064 38 0 179
tree 4056 7048 0 0 179
tree 4184 7048 34 0 179
tree 4184 7064 37 0 179
tree 4280 7048 40 0 179
tree 4696 7064 14 0 179
tree 4712 7064 40 0 179
tree 4744 7064 14 0 179
tree 4808 7064 12 0 179
tree 4952 7048 17 0 179
tree 5128 7048 39 0 179
tree 5144 7048 34 0 179
tree 5160 7064 40 0 179
trop 5236 7044 194 179 179
trop 5508 7068 194 179 179
tree 5544 7064 0 0 179
tree 5944 7048 17 0 179
tree 5928 7064 39 0 179
lay 6056 7064 67 0 179
lay 6104 7064 68 0 179
trop 6316 7060 96 179 179
trop 6348 7060 108 179 179
lay 6488 7048 67 0 179
tree 6520 7048 17 0 179
lay 6632 7064 67 0 179
lay 6632 7048 67 0 179
cliff 6720 7056 77 179 179
lay 7096 7064 20 0 179
cliff 7088 7056 116 179 179
cliff 7120 7040 110 179 179
tree 7272 7064 40 0 179
tree 7368 7048 40 0 179
lay 7416 7064 70 0 179
tree 7400 7048 14 0 179
tree 7416 7064 14 0 179
tree 7432 7064 39 0 179
tree 7432 7048 17 0 179
tree 7656 7048 37 0 179
tree 8040 7048 14 0 179
trop 268 7092 192 179 179
dom 544 7072 196 0 179
trop 620 7078 19 179 179
stand 858 7080 155 0 179
trop 1022 7094 13 179 179
trop 998 7094 13 179 179
trop 1052 7084 14 179 179
stand 1192 7096 46 0 179
stand 1466 7074 161 0 179
stand 1482 7090 161 0 179
stand 1498 7074 160 0 179
stand 1528 7096 186 0 179
stand 1560 7080 179 0 179
stand 1576 7080 179 0 179
stand 1576 7096 183 0 179
dom 1888 7072 209 1 179
zabor 2000 7088 104 2 8
cliff 2032 7088 12 179 179
cliff 2400 7072 26 179 179
cliff 2416 7088 48 179 179
lay 2472 7080 67 0 179
tree 2664 7096 17 0 179
tree 2680 7080 0 0 179
tree 2680 7096 34 0 179
tree 2664 7080 15 0 179
tree 2696 7080 15 0 179
tree 2744 7096 15 0 179
tree 2728 7080 41 0 179
trop 2844 7092 115 179 179
tree 3384 7080 36 0 179
tree 3448 7080 35 0 179
tree 3512 7080 34 0 179
tree 3608 7080 12 0 179
tree 3688 7080 0 0 179
tree 3896 7096 37 0 179
tree 3992 7096 15 0 179
tree 4040 7080 0 0 179
tree 4280 7096 36 0 179
tree 4488 7096 36 0 179
lay 4488 7080 69 0 179
tree 4536 7096 37 0 179
tree 4552 7080 37 0 179
tree 4584 7096 0 0 179
tree 4808 7080 36 0 179
tree 5720 7096 0 0 179
tree 5736 7096 13 0 179
lay 5912 7080 70 0 179
tree 5896 7080 17 0 179
lay 6072 7080 67 0 179
tree 6104 7096 16 0 179
tree 6088 7080 17 0 179
lay 6104 7080 68 0 179
lay 6168 7096 68 0 179
trop 6476 7084 200 179 179
lay 6488 7080 67 0 179
tree 6536 7096 12 0 179
lay 6632 7096 67 0 179
cliff 6656 7088 83 179 179
cliff 6688 7072 76 179 179
tree 7096 7096 24 0 179
cliff 7088 7072 119 179 179
tree 7128 7080 24 0 179
tree 7272 7080 14 0 179
lay 7304 7096 69 0 179
tree 7336 7080 34 0 179
tree 7384 7096 39 0 179
tree 7400 7080 17 0 179
tree 7688 7096 36 0 179
tree 7736 7096 36 0 179
tree 7992 7096 37 0 179
tree 8056 7080 39 0 179
dom 224 7104 252 0 179
trop 444 7132 108 179 179
lay 712 7112 28 0 179
stand 858 7128 155 0 179
lay 888 7128 26 0 179
stand 1034 7128 10 0 179
lay 1080 7112 28 0 179
trop 1188 7108 112 179 179
stand 1288 7112 188 0 179
stand 1288 7128 189 0 179
trop 1334 7126 102 179 179
lay 1352 7128 28 0 179
lay 1416 7128 49 0 179
stand 1416 7128 248 0 179
stand 1482 7122 186 0 179
stand 1482 7106 160 0 179
stand 1512 7128 185 0 179
stand 1544 7128 182 0 179
stand 1560 7112 181 0 179
stand 1560 7128 187 0 179
dom 1664 7104 303 0 179
stand 1688 7122 161 0 179
lay 1976 7128 68 0 179
zabor 2000 7120 104 2 8
cliff 2032 7120 13 179 179
cliff 2416 7120 46 179 179
lay 2488 7112 67 0 179
lay 2488 7128 67 0 179
tree 2568 7128 15 0 179
tree 2664 7128 12 0 179
tree 2712 7112 10 0 179
tree 2696 7112 0 0 179
lay 2744 7112 53 0 179
tree 3016 7112 35 0 179
lay 3064 7112 60 0 179
tree 3448 7112 14 0 179
tree 3464 7112 38 0 179
tree 3480 7112 40 0 179
tree 3688 7128 13 0 179
tree 3880 7112 34 0 179
tree 3928 7128 17 0 179
tree 4200 7128 12 0 179
tree 4200 7112 12 0 179
tree 4216 7128 36 0 179
tree 4232 7112 38 0 179
tree 4248 7128 0 0 179
lay 4232 7112 70 0 179
tree 4456 7128 39 0 179
tree 4472 7112 37 0 179
tree 4600 7112 17 0 179
tree 4616 7128 38 0 179
tree 4856 7128 16 0 179
tree 4984 7128 15 0 179
tree 4968 7128 11 0 179
lay 5064 7128 17 0 179
tree 5080 7128 15 0 179
lay 5112 7128 39 0 179
tree 5192 7112 17 0 179
tree 5208 7112 37 0 179
tree 5224 7112 37 0 179
tree 5352 7128 37 0 179
tree 5688 7112 39 0 179
tree 5688 7128 35 0 179
tree 5896 7112 38 0 179
tree 5912 7112 35 0 179
tree 5928 7128 38 0 179
tree 5976 7128 39 0 179
lay 6120 7128 67 0 179
lay 6168 7128 67 0 179
lay 6232 7128 67 0 179
lay 6280 7128 67 0 179
lay 6376 7128 67 0 179
lay 6472 7128 67 0 179
lay 6488 7128 67 0 179
tree 6600 7112 16 0 179
lay 6616 7128 67 0 179
lay 6632 7128 67 0 179
cliff 6672 7120 64 179 179
cliff 6656 7120 83 179 179
lay 7096 7112 67 0 179
cliff 7072 7120 112 179 179
tree 7288 7128 17 0 179
tree 7384 7128 38 0 179
tree 7416 7112 37 0 179
tree 7640 7112 14 0 179
tree 7656 7128 34 0 179
tree 7736 7112 37 0 179
tree 7960 7128 0 0 179
trop 340 7148 115 179 179
trop 700 7156 66 179 179
dom 928 7136 116 0 179
stand 1002 7154 163 0 179
stand 1018 7138 163 0 179
trop 1188 7140 112 179 179
stand 1256 7160 181 0 179
trop 1398 7142 98 179 179
lay 1448 7144 49 0 179
stand 1482 7154 189 0 179
trop 1508 7164 65 179 179
stand 1528 7154 163 0 179
tree 1768 7160 34 0 179
trop 1892 7156 200 179 179
lay 1960 7160 68 0 179
zabor 2000 7152 105 2 8
cliff 2032 7152 13 179 179
cliff 2416 7152 47 179 179
lay 2504 7160 67 0 179
lay 2536 7160 67 0 179
tree 2664 7160 10 0 179
tree 2680 7160 37 0 179
tree 2744 7144 39 0 179
tree 2728 7144 17 0 179
tree 2760 7160 40 0 179
trop 2988 7148 121 179 179
lay 3032 7160 60 0 179
trop 3132 7148 118 179 179
tree 3288 7144 35 0 179
tree 3272 7144 15 0 179
trop 3276 7156 194 179 179
tree 3304 7144 0 0 179
trop 3372 7164 194 179 179
tree 3864 7160 12 0 179
tree 3912 7160 10 0 179
tree 3912 7144 10 0 179
tree 3960 7160 14 0 179
trop 4060 7140 194 179 179
tree 4120 7160 12 0 179
tree 4184 7144 39 0 179
tree 4200 7144 12 0 179
tree 4232 7144 0 0 179
tree 4280 7144 10 0 179
tree 4264 7144 0 0 179
tree 4296 7144 15 0 179
tree 4584 7160 36 0 179
tree 4600 7160 38 0 179
tree 4648 7144 39 0 179
tree 4728 7160 40 0 179
tree 4744 7144 38 0 179
tree 4824 7144 16 0 179
tree 4808 7144 12 0 179
tree 4840 7144 10 0 179
tree 4904 7144 16 0 179
tree 4984 7144 11 0 179
lay 5160 7160 32 0 179
tree 5352 7160 37 0 179
tree 5400 7160 12 0 179
tree 5464 7160 0 0 179
tree 5480 7160 34 0 179
lay 5704 7160 48 0 179
tree 5704 7144 37 0 179
tree 5720 7160 34 0 179
trop 5836 7156 194 179 179
tree 5928 7160 35 0 179
lay 6248 7144 67 0 179
trop 6276 7140 200 179 179
lay 6328 7144 28 0 179
lay 6312 7144 67 0 179
lay 6408 7160 67 0 179
lay 6472 7160 67 0 179
lay 7016 7160 67 0 179
lay 7064 7144 67 0 179
cliff 7040 7136 116 179 179
tree 7288 7144 34 0 179
tree 7400 7160 39 0 179
tree 7672 7160 36 0 179
tree 7896 7160 12 0 179
tree 7912 7160 0 0 179
tree 7960 7144 38 0 179
tree 7976 7144 36 0 179
tree 168 7192 12 0 179
lay 312 7176 27 0 179
stand 352 7194 155 0 179
trop 428 7190 73 179 179
trop 1044 7180 14 179 179
stand 1034 7170 158 0 179
stand 1192 7176 247 0 179
trop 1188 7172 112 179 179
stand 1272 7176 182 0 179
stand 1256 7192 180 0 179
stand 1288 7192 183 0 179
trop 1334 7182 96 179 179
lay 1400 7192 49 0 179
trop 1422 7198 8 179 179
lay 1544 7192 28 0 179
trop 1716 7196 96 179 179
tree 1768 7192 10 0 179
tree 1816 7192 10 0 179
zabor 1904 7184 104 2 8
zabor 1936 7184 104 2 8
lay 1960 7192 67 0 179
zabor 1968 7184 105 2 8
lay 1992 7192 68 0 179
zabor 2000 7184 104 2 8
cliff 2032 7184 15 179 179
cliff 2416 7184 19 179 179
lay 2552 7192 67 0 179
tree 2904 7192 35 0 179
tree 3704 7192 34 0 179
tree 3912 7192 35 0 179
tree 3944 7176 35 0 179
tree 3960 7192 39 0 179
trop 4124 7188 194 179 179
tree 4248 7176 39 0 179
lay 4456 7192 69 0 179
tree 4456 7192 34 0 179
tree 4600 7176 36 0 179
tree 4616 7176 14 0 179
lay 4696 7176 55 0 179
tree 4856 7192 11 0 179
lay 5080 7176 13 0 179
lay 5208 7176 60 0 179
tree 5336 7176 0 0 179
tree 5352 7176 35 0 179
lay 5384 7176 69 0 179
tree 5496 7176 17 0 179
tree 5688 7176 36 0 179
tree 5688 7192 35 0 179
tree 5928 7176 39 0 179
tree 6152 7192 13 0 179
trop 6372 7196 98 179 179
lay 6440 7176 67 0 179
lay 6632 7176 67 0 179
cliff 6992 7184 113 179 179
cliff 7024 7168 110 179 179
tree 7384 7176 14 0 179
tree 7400 7176 39 0 179
trop 7508 7196 200 179 179
tree 7704 7192 40 0 179
tree 7944 7192 12 0 179
fre 276 7206 1 179 179
stand 432 7226 180 0 179
stand 416 7226 180 0 179
trop 516 7212 114 179 179
trop 620 7222 18 179 179
lay 1064 7224 28 0 179
tree 1128 7224 17 0 179
trop 1188 7204 112 179 179
stand 1240 7224 193 1 179
dom 1248 7200 90 0 179
stand 1272 7208 186 0 179
stand 1272 7224 194 1 179
dom 1408 7200 308 0 179
trop 1724 7204 108 179 179
trop 1732 7204 103 179 179
tree 1784 7208 34 0 179
tree 1800 7208 15 0 179
lay 1944 7224 67 0 179
lay 1992 7224 68 0 179
lay 2008 7208 68 0 179
cliff 2048 7216 34 179 179
cliff 2432 7200 26 179 179
cliff 2448 7216 20 179 179
cliff 2464 7216 18 179 179
lay 2536 7224 67 0 179
tree 2584 7208 17 0 179
tree 2600 7224 16 0 179
tree 2776 7224 38 0 179
tree 2760 7224 40 0 179
tree 2872 7224 36 0 179
tree 3000 7224 17 0 179
tree 3064 7224 0 0 179
tree 3384 7208 35 0 179
trop 3412 7204 194 179 179
trop 3476 7220 194 179 179
tree 3704 7224 17 0 179
tree 3720 7224 35 0 179
tree 3848 7208 37 0 179
tree 3864 7208 35 0 179
tree 3864 7224 17 0 179
tree 3880 7224 14 0 179
lay 3896 7208 69 0 179
tree 3928 7208 13 0 179
tree 3912 7224 11 0 179
tree 3928 7224 38 0 179
tree 3976 7208 17 0 179
tree 4024 7224 12 0 179
tree 4424 7208 40 0 179
tree 4520 7208 40 0 179
tree 4728 7208 34 0 179
tree 4728 7224 39 0 179
tree 5352 7208 40 0 179
tree 5368 7224 34 0 179
tree 5400 7224 38 0 179
tree 5400 7208 40 0 179
tree 5448 7208 15 0 179
tree 5576 7208 38 0 179
tree 5576 7224 34 0 179
lay 5752 7208 48 0 179
tree 5768 7208 37 0 179
tree 5784 7224 39 0 179
tree 5768 7224 35 0 179
tree 6248 7224 14 0 179
trop 6372 7204 110 179 179
dom 6464 7200 199 0 179
lay 6616 7208 67 0 179
tree 6680 7224 19 0 179
cliff 6992 7216 114 179 179
lay 7016 7224 67 0 179
tree 7208 7224 34 0 179
tree 7240 7208 34 0 179
tree 7704 7224 14 0 179
tree 7720 7208 37 0 179
tree 7928 7224 38 0 179
tree 7928 7208 17 0 179
tree 7944 7208 40 0 179
tree 8008 7208 38 0 179
stand 272 7258 157 0 179
stand 304 7258 156 0 179
stand 288 7242 160 0 179
trop 348 7254 19 179 179
stand 352 7242 155 0 179
stand 416 7258 181 0 179
stand 448 7258 179 0 179
lay 728 7256 28 0 179
dom 864 7232 195 0 179
tree 1128 7240 13 0 179
trop 1188 7236 112 179 179
stand 1386 7250 159 0 179
dom 1568 7232 262 0 179
trop 1692 7252 104 179 179
dom 1696 7232 261 0 179
trop 1740 7236 108 179 179
lay 1960 7240 67 0 179
lay 1992 7256 67 0 179
lay 2024 7256 67 0 179
cliff 2064 7232 28 179 179
cliff 2080 7248 33 179 179
cliff 2496 7232 27 179 179
cliff 2512 7248 47 179 179
lay 2536 7256 67 0 179
lay 2568 7240 67 0 179
tree 2984 7256 14 0 179
lay 3064 7256 48 0 179
tree 3080 7240 34 0 179
tree 3224 7240 38 0 179
tree 3224 7256 0 0 179
tree 3336 7256 12 0 179
tree 3640 7240 17 0 179
tree 3640 7256 17 0 179
tree 3656 7256 40 0 179
tree 3880 7256 36 0 179
tree 3912 7240 34 0 179
tree 4040 7240 35 0 179
tree 4056 7256 39 0 179
tree 4392 7256 14 0 179
tree 4456 7256 16 0 179
tree 4456 7240 35 0 179
tree 4536 7256 17 0 179
tree 5432 7256 10 0 179
tree 5800 7256 34 0 179
tree 6136 7240 36 0 179
tree 6136 7256 17 0 179
lay 6616 7256 67 0 179
tree 6648 7240 23 0 179
lay 6632 7240 67 0 179
tree 6712 7240 25 0 179
cliff 6992 7248 115 179 179
tree 7160 7256 40 0 179
tree 7176 7256 39 0 179
lay 7240 7240 69 0 179
tree 7240 7256 14 0 179
tree 7288 7256 12 0 179
tree 7288 7240 38 0 179
tree 7320 7256 37 0 179
tree 7336 7240 37 0 179
tree 7896 7256 38 0 179
tree 7976 7240 34 0 179
lay 7992 7256 70 0 179
lay 8120 7240 60 0 179
lay 200 7272 28 0 179
stand 272 7290 160 0 179
stand 336 7290 161 0 179
stand 320 7290 161 0 179
stand 320 7274 159 0 179
trop 404 7286 72 179 179
stand 400 7274 178 0 179
trop 492 7286 18 179 179
trop 572 7278 19 179 179
trop 620 7270 73 179 179
trop 692 7268 73 179 179
trop 878 7284 65 179 179
tree 1064 7288 16 0 179
trop 1092 7276 97 179 179
trop 1188 7268 112 179 179
trop 1276 7268 97 179 179
trop 1364 7292 65 179 179
trop 1422 7286 9 179 179
trop 1502 7270 105 179 179
trop 1510 7270 103 179 179
trop 1692 7284 195 179 179
lay 1880 7288 67 0 179
lay 1944 7272 67 0 179
lay 2072 7288 67 0 179
lay 2104 7288 68 0 179
lay 2088 7272 68 0 179
cliff 2096 7264 31 179 179
cliff 2112 7280 33 179 179
cliff 2128 7264 64 179 179
cliff 2512 7280 23 179 179
lay 2552 7272 67 0 179
cliff 2528 7280 18 179 179
lay 2584 7272 67 0 179
lay 2616 7272 67 0 179
tree 2744 7288 14 0 179
tree 2728 7288 16 0 179
tree 2760 7288 34 0 179
lay 2760 7272 57 0 179
tree 2904 7272 36 0 179
tree 3064 7288 35 0 179
tree 3080 7272 36 0 179
tree 3240 7272 35 0 179
tree 3272 7288 17 0 179
tree 3336 7272 40 0 179
tree 3352 7288 35 0 179
tree 3576 7288 34 0 179
tree 3624 7288 0 0 179
lay 3656 7272 55 0 179
tree 3720 7288 34 0 179
lay 3880 7272 60 0 179
tree 3960 7272 35 0 179
tree 3944 7272 10 0 179
tree 4056 7272 39 0 179
tree 4408 7272 38 0 179
tree 4552 7272 35 0 179
tree 4568 7288 36 0 179
tree 4952 7288 37 0 179
tree 5048 7272 14 0 179
tree 5064 7272 40 0 179
tree 5080 7288 0 0 179
lay 5224 7288 48 0 179
tree 5224 7288 37 0 179
tree 5368 7272 17 0 179
trop 5636 7292 194 179 179
tree 5816 7272 0 0 179
tree 6136 7272 40 0 179
tree 6200 7288 37 0 179
tree 6216 7288 12 0 179
tree 6280 7288 38 0 179
lay 6568 7272 67 0 179
lay 6584 7288 67 0 179
tree 6632 7288 24 0 179
cliff 6624 7264 59 179 179
cliff 6976 7280 113 179 179
lay 7000 7288 67 0 179
tree 7112 7288 0 0 179
tree 7224 7272 36 0 179
tree 7272 7288 40 0 179
tree 7704 7272 37 0 179
tree 7912 7288 36 0 179
tree 7960 7272 37 0 179
tree 8024 7288 37 0 179
fre 444 7326 2 179 179
dom 544 7296 197 0 179
trop 1188 7300 112 179 179
stand 1240 7304 46 0 179
trop 1236 7316 112 179 179
stand 1272 7320 23 0 179
stand 1288 7320 39 0 179
trop 1460 7324 195 179 179
stand 1768 7320 153 0 179
lay 1928 7320 67 0 179
trop 1972 7324 200 179 179
lay 1976 7320 67 0 179
cliff 2128 7296 32 179 179
cliff 2560 7296 25 179 179
cliff 2576 7312 23 179 179
cliff 2592 7312 16 179 179
cliff 2624 7312 17 179 179
cliff 2656 7312 17 179 179
cliff 2672 7312 62 179 179
tree 2744 7304 12 0 179
tree 3048 7304 12 0 179
tree 3240 7320 12 0 179
tree 3336 7304 35 0 179
tree 3592 7320 35 0 179
tree 3656 7304 36 0 179
tree 4040 7304 0 0 179
tree 4040 7320 39 0 179
tree 4088 7320 37 0 179
tree 4152 7304 38 0 179
tree 4168 7304 36 0 179
tree 4312 7320 12 0 179
tree 4328 7304 12 0 179
lay 4344 7304 60 0 179
tree 4568 7304 37 0 179
tree 4568 7320 17 0 179
lay 4632 7304 60 0 179
tree 4856 7320 38 0 179
tree 4968 7304 39 0 179
tree 4984 7304 39 0 179
tree 5080 7304 38 0 179
tree 5096 7304 14 0 179
tree 5224 7304 34 0 179
tree 5240 7304 36 0 179
tree 5240 7320 38 0 179
trop 5532 7300 194 179 179
trop 5588 7316 194 179 179
tree 5752 7304 0 0 179
tree 5768 7304 35 0 179
tree 5768 7320 36 0 179
tree 5976 7304 17 0 179
tree 5976 7320 39 0 179
tree 6040 7320 12 0 179
tree 6088 7304 40 0 179
lay 6168 7304 70 0 179
trop 6308 7308 194 179 179
lay 6552 7320 67 0 179
tree 6648 7304 24 0 179
tree 7304 7304 38 0 179
lay 7624 7320 69 0 179
tree 7688 7320 36 0 179
tree 7688 7304 37 0 179
tree 7896 7304 0 0 179
tree 7944 7304 14 0 179
tree 7992 7320 36 0 179
dom 224 7328 252 0 179
fre 596 7350 2 179 179
dom 736 7328 246 0 179
stand 858 7352 178 0 179
stand 858 7336 178 0 179
stand 874 7352 178 0 179
stand 874 7336 178 0 179
stand 906 7352 179 0 179
dom 928 7328 250 0 179
trop 1038 7340 73 179 179
dom 1088 7328 306 0 179
tree 1096 7352 13 0 179
tree 1112 7336 14 0 179
trop 1188 7332 112 179 179
trop 1236 7348 112 179 179
lay 1384 7352 28 0 179
lay 1576 7336 28 0 179
tree 1912 7336 37 0 179
lay 1992 7352 67 0 179
lay 2024 7352 67 0 179
lay 2072 7352 67 0 179
zabor 2256 7344 112 2 9
tree 2840 7352 12 0 179
trop 2956 7332 194 179 179
tree 3256 7336 12 0 179
tree 3384 7352 39 0 179
tree 3400 7336 17 0 179
tree 4248 7336 34 0 179
tree 4312 7336 14 0 179
tree 4856 7352 37 0 179
trop 5428 7332 194 179 179
tree 5800 7352 38 0 179
tree 5960 7336 35 0 179
tree 6040 7352 14 0 179
tree 6056 7352 0 0 179
tree 6104 7352 34 0 179
tree 6168 7352 36 0 179
tree 6184 7336 36 0 179
tree 6328 7352 17 0 179
trop 6484 7340 105 179 179
trop 6492 7348 121 179 179
lay 6536 7352 67 0 179
trop 7004 7356 97 179 179
lay 7016 7336 67 0 179
trop 7116 7356 97 179 179
lay 7192 7352 67 0 179
lay 7272 7352 67 0 179
lay 7304 7336 67 0 179
tree 7416 7336 17 0 179
tree 7560 7336 14 0 179
tree 7576 7336 36 0 179
tree 7592 7336 38 0 179
tree 7624 7352 39 0 179
tree 7640 7352 39 0 179
tree 7784 7352 0 0 179
tree 7816 7336 39 0 179
tree 7912 7352 34 0 179
tree 7928 7336 14 0 179
tree 7976 7336 37 0 179
trop 348 7372 115 179 179
lay 392 7384 28 0 179
trop 468 7372 117 179 179
stand 858 7368 178 0 179
stand 874 7368 178 0 179
trop 1022 7380 65 179 179
tree 1112 7384 14 0 179
trop 1188 7364 112 179 179
trop 1236 7380 112 179 179
dom 1536 7360 133 0 179
trop 1556 7388 65 179 179
tree 1912 7384 13 0 179
tree 1912 7368 13 0 179
tree 1896 7368 15 0 179
tree 1928 7368 17 0 179
tree 1928 7384 13 0 179
lay 2104 7384 67 0 179
zabor 2256 7376 105 2 8
zabor 2288 7376 113 2 9
zabor 2320 7376 104 2 8
stand 2312 7368 65 0 179
zabor 2352 7376 112 2 9
zabor 2416 7376 104 2 8
zabor 2448 7376 112 2 9
tree 2840 7368 14 0 179
tree 2840 7384 36 0 179
trop 2980 7380 194 179 179
lay 3016 7368 60 0 179
trop 3132 7388 194 179 179
tree 3240 7384 0 0 179
tree 3288 7384 37 0 179
tree 3384 7368 36 0 179
lay 3368 7368 69 0 179
tree 3432 7368 12 0 179
tree 3432 7384 39 0 179
tree 3448 7384 12 0 179
tree 3592 7368 0 0 179
tree 3640 7384 0 0 179
tree 3784 7384 37 0 179
tree 4264 7384 14 0 179
tree 4296 7384 35 0 179
tree 4552 7384 36 0 179
lay 4872 7368 70 0 179
tree 4952 7368 17 0 179
tree 5272 7384 14 0 179
tree 5352 7384 39 0 179
tree 5800 7368 37 0 179
tree 6024 7384 14 0 179
tree 6040 7384 12 0 179
lay 6056 7368 69 0 179
tree 6088 7384 34 0 179
tree 6120 7368 36 0 179
tree 6136 7368 39 0 179
tree 6200 7368 14 0 179
most 6880 7360 6 0 179
lay 7016 7384 67 0 179
trop 7044 7380 109 179 179
lay 7160 7384 67 0 179
lay 7192 7384 27 0 179
trop 7172 7380 109 179 179
lay 7176 7384 67 0 179
lay 7208 7368 67 0 179
lay 7224 7368 67 0 179
trop 7244 7380 115 179 179
lay 7272 7368 67 0 179
lay 7320 7368 67 0 179
lay 7336 7368 68 0 179
lay 7368 7368 68 0 179
tree 7688 7384 39 0 179
lay 7736 7368 69 0 179
tree 7784 7384 12 0 179
tree 7832 7384 36 0 179
tree 7928 7384 12 0 179
lay 248 7400 27 0 179
trop 612 7420 65 179 179
tree 686 7406 16 0 179
trop 762 7402 96 179 179
trop 786 7402 72 179 179
trop 1046 7412 73 179 179
tree 1096 7400 14 0 179
trop 1188 7396 112 179 179
trop 1236 7412 112 179 179
stand 1240 7400 224 0 179
stand 1336 7400 4 0 179
trop 1380 7412 65 179 179
trop 1452 7396 195 179 179
tree 1768 7416 40 0 179
tree 1816 7416 14 0 179
tree 1832 7416 40 0 179
tree 1880 7416 16 0 179
tree 1912 7400 10 0 179
zabor 2256 7408 113 2 9
zabor 2320 7408 104 2 8
zabor 2352 7408 113 2 9
zabor 2384 7408 104 2 8
lay 2424 7416 49 0 179
stand 2408 7400 66 0 179
zabor 2416 7408 104 2 8
stand 2440 7400 61 0 179
zabor 2448 7408 104 2 8
lay 2488 7416 51 0 179
zabor 2480 7408 112 2 9
zabor 2544 7408 113 2 9
zabor 2608 7408 113 2 9
lay 2872 7400 48 0 179
tree 2856 7400 36 0 179
tree 2904 7400 12 0 179
tree 3240 7400 34 0 179
tree 3256 7400 0 0 179
tree 3352 7416 37 0 179
tree 3432 7400 0 0 179
tree 3720 7416 13 0 179
lay 3768 7416 54 0 179
tree 3784 7416 36 0 179
tree 4152 7400 36 0 179
tree 4168 7416 14 0 179
tree 4536 7416 37 0 179
tree 4552 7400 0 0 179
tree 4792 7416 0 0 179
tree 4888 7416 12 0 179
tree 4904 7416 37 0 179
tree 4968 7416 17 0 179
tree 5240 7416 14 0 179
tree 5352 7400 17 0 179
tree 5352 7416 40 0 179
lay 5432 7400 60 0 179
tree 5800 7416 0 0 179
tree 5976 7400 14 0 179
tree 5992 7416 17 0 179
tree 6056 7400 34 0 179
tree 6088 7400 12 0 179
tree 6104 7416 15 0 179
tree 6280 7400 34 0 179
tree 6328 7400 37 0 179
trop 6436 7404 194 179 179
lay 6536 7400 67 0 179
most 6656 7392 7 0 179
lay 7128 7416 67 0 179
lay 7144 7400 67 0 179
trop 7252 7396 101 179 179
lay 7384 7416 68 0 179
lay 7384 7400 68 0 179
lay 7416 7400 68 0 179
lay 7432 7400 68 0 179
tree 7512 7416 16 0 179
tree 7704 7400 34 0 179
tree 7736 7400 37 0 179
lay 8184 7416 60 0 179
tree 318 7438 15 0 179
tree 334 7438 15 0 179
trop 444 7444 65 179 179
stand 446 7438 163 0 179
stand 478 7454 160 0 179
stand 462 7454 159 0 179
stand 462 7438 163 0 179
stand 510 7438 161 0 179
stand 494 7438 161 0 179
stand 542 7438 153 0 179
trop 754 7434 103 179 179
trop 1188 7428 112 179 179
trop 1236 7444 112 179 179
tree 1752 7448 16 0 179
tree 1784 7432 12 0 179
tree 1800 7448 36 0 179
tree 1848 7432 36 0 179
tree 1848 7448 41 0 179
tree 1864 7448 0 0 179
tree 2008 7448 36 0 179
tree 2056 7432 10 0 179
stand 2168 7432 66 0 179
zabor 2160 7440 113 2 9
stand 2200 7448 65 0 179
lay 2184 7448 51 0 179
zabor 2192 7440 104 2 8
zabor 2224 7440 105 2 8
zabor 2256 7440 113 2 9
zabor 2288 7440 105 2 8
zabor 2320 7440 105 2 8
stand 2312 7432 61 0 179
zabor 2352 7440 112 2 9
zabor 2416 7440 112 2 9
zabor 2448 7440 105 2 8
stand 2472 7448 65 0 179
zabor 2480 7440 104 2 8
zabor 2512 7440 113 2 9
zabor 2544 7440 104 2 8
zabor 2576 7440 113 2 9
zabor 2608 7440 105 2 8
zabor 2640 7440 113 2 9
zabor 2672 7440 105 2 8
stand 2712 7448 66 0 179
zabor 2704 7440 105 2 8
zabor 2736 7440 113 2 9
zabor 2768 7440 105 2 8
zabor 2800 7440 113 2 9
tree 2872 7432 12 0 179
tree 2888 7432 39 0 179
tree 3368 7432 14 0 179
tree 3368 7448 38 0 179
lay 3400 7448 70 0 179
tree 3432 7432 36 0 179
tree 3608 7432 38 0 179
tree 3608 7448 17 0 179
tree 3720 7448 34 0 179
tree 3736 7448 36 0 179
tree 3752 7432 21 0 179
tree 3784 7432 40 0 179
tree 4024 7448 14 0 179
tree 4184 7432 0 0 179
tree 4216 7432 36 0 179
tree 4200 7448 40 0 179
tree 4520 7448 36 0 179
tree 4552 7448 38 0 179
tree 4568 7448 35 0 179
tree 4584 7432 38 0 179
tree 4648 7448 14 0 179
tree 4792 7432 35 0 179
tree 4808 7432 17 0 179
lay 4840 7432 70 0 179
tree 4856 7448 34 0 179
tree 4904 7432 17 0 179
tree 4920 7448 37 0 179
lay 5064 7448 60 0 179
tree 5240 7432 39 0 179
tree 5368 7432 0 0 179
tree 5656 7448 39 0 179
tree 5800 7432 12 0 179
tree 5816 7448 36 0 179
tree 6200 7448 35 0 179
tree 6216 7432 15 0 179
tree 6232 7432 14 0 179
tree 6264 7432 12 0 179
tree 6296 7432 34 0 179
tree 6392 7448 34 0 179
lay 6536 7432 67 0 179
lay 7016 7432 67 0 179
lay 7128 7448 67 0 179
lay 7400 7448 68 0 179
lay 7448 7432 67 0 179
lay 7464 7448 67 0 179
lay 7832 7432 70 0 179
tree 7912 7448 36 0 179
tree 7928 7432 12 0 179
tree 8024 7448 40 0 179
tree 8056 7448 17 0 179
lay 168 7480 6 0 179
stand 168 7480 147 0 179
trop 420 7468 116 179 179
trop 530 7482 97 179 179
trop 666 7482 104 179 179
trop 668 7460 90 179 179
trop 762 7482 103 179 179
trop 934 7460 65 179 179
lay 1128 7464 49 0 179
trop 1188 7460 112 179 179
trop 1236 7476 112 179 179
tree 1768 7480 39 0 179
tree 1816 7464 10 0 179
tree 1816 7480 41 0 179
lay 1832 7464 53 0 179
tree 1848 7480 0 0 179
tree 1880 7480 15 0 179
tree 1864 7464 16 0 179
tree 2024 7464 0 0 179
tree 2024 7480 10 0 179
tree 2056 7480 10 0 179
tree 2072 7480 39 0 179
zabor 2128 7472 113 2 9
stand 2152 7464 65 0 179
zabor 2160 7472 104 2 8
zabor 2192 7472 104 2 8
zabor 2224 7472 112 2 9
zabor 2256 7472 105 2 8
stand 2280 7480 66 0 179
zabor 2288 7472 105 2 8
stand 2312 7464 65 0 179
zabor 2320 7472 105 2 8
zabor 2352 7472 112 2 9
zabor 2416 7472 105 2 8
stand 2408 7464 66 0 179
zabor 2448 7472 112 2 9
zabor 2480 7472 105 2 8
zabor 2512 7472 113 2 9
lay 2536 7480 52 0 179
zabor 2544 7472 104 2 8
zabor 2576 7472 104 2 8
zabor 2608 7472 113 2 9
stand 2680 7464 61 0 179
zabor 2672 7472 104 2 8
stand 2664 7464 65 0 179
lay 2696 7464 51 0 179
zabor 2704 7472 105 2 8
zabor 2736 7472 105 2 8
stand 2760 7464 45 0 179
zabor 2768 7472 105 2 8
zabor 2800 7472 113 2 9
tree 3256 7480 14 0 179
tree 3448 7464 34 0 179
tree 3432 7464 40 0 179
tree 3592 7480 39 0 179
tree 3608 7480 0 0 179
tree 3768 7464 0 0 179
tree 3816 7464 35 0 179
tree 4168 7464 38 0 179
tree 4520 7480 0 0 179
lay 4584 7464 55 0 179
tree 4600 7464 35 0 179
tree 4616 7480 38 0 179
tree 4648 7464 37 0 179
tree 4664 7464 36 0 179
tree 4856 7480 35 0 179
tree 4920 7480 14 0 179
tree 5032 7464 0 0 179
tree 5096 7464 12 0 179
tree 5240 7464 39 0 179
tree 5320 7464 12 0 179
tree 5592 7480 36 0 179
lay 5576 7480 69 0 179
tree 5640 7464 34 0 179
tree 5768 7480 34 0 179
tree 5816 7464 38 0 179
trop 5948 7468 194 179 179
tree 5976 7480 11 0 179
trop 6204 7476 194 179 179
lay 6392 7480 48 0 179
tree 6376 7480 12 0 179
tree 6392 7480 38 0 179
tree 6408 7464 37 0 179
lay 6536 7464 67 0 179
cliff 6560 7472 86 179 179
tree 6968 7480 26 0 179
tree 7000 7480 23 0 179
lay 7000 7480 67 0 179
lay 7144 7464 67 0 179
lay 7448 7464 67 0 179
lay 7496 7464 68 0 179
lay 7512 7464 68 0 179
lay 7528 7464 67 0 179
lay 7560 7480 67 0 179
lay 7576 7480 68 0 179
tree 7608 7464 16 0 179
tree 7624 7464 13 0 179
tree 7848 7464 40 0 179
lay 8024 7464 69 0 179
tree 8040 7464 36 0 179
tree 168 7512 30 0 179
trop 284 7516 109 179 179
trop 412 7516 109 179 179
trop 490 7498 72 179 179
trop 564 7516 109 179 179
trop 714 7498 104 179 179
lay 760 7512 28 0 179
trop 804 7500 86 179 179
trop 1188 7492 112 179 179
trop 1236 7508 112 179 179
lay 1528 7512 27 0 179
stand 1576 7512 40 0 179
stand 1576 7496 24 0 179
tree 1816 7496 39 0 179
tree 1800 7496 15 0 179
tree 1832 7512 39 0 179
tree 1896 7496 17 0 179
tree 2040 7512 40 0 179
tree 2040 7496 14 0 179
trop 2036 7492 203 179 179
lay 2056 7496 54 0 179
zabor 2192 7504 113 2 9
stand 2216 7512 66 0 179
zabor 2224 7504 104 2 8
stand 2248 7496 61 0 179
zabor 2256 7504 104 2 8
zabor 2288 7504 112 2 9
zabor 2320 7504 112 2 9
zabor 2352 7504 104 2 8
stand 2360 7512 66 0 179
lay 2440 7512 27 0 179
zabor 2480 7504 113 2 9
stand 2536 7496 65 0 179
zabor 2544 7504 105 2 8
stand 2568 7512 65 0 179
zabor 2576 7504 105 2 8
lay 2600 7512 51 0 179
stand 2616 7512 66 0 179
zabor 2608 7504 105 2 8
zabor 2640 7504 112 2 9
zabor 2704 7504 104 2 8
zabor 2736 7504 105 2 8
stand 2744 7512 65 0 179
zabor 2768 7504 113 2 9
trop 2828 7492 194 179 179
tree 3144 7496 36 0 179
tree 3192 7512 36 0 179
tree 3176 7496 37 0 179
trop 3268 7492 194 179 179
tree 3384 7512 39 0 179
tree 3448 7512 38 0 179
tree 3480 7496 12 0 179
tree 3560 7496 0 0 179
tree 3560 7512 40 0 179
tree 3576 7496 0 0 179
tree 3592 7496 35 0 179
tree 3672 7512 35 0 179
tree 4024 7496 40 0 179
tree 4008 7512 17 0 179
tree 4120 7496 14 0 179
tree 4104 7496 17 0 179
tree 4440 7512 40 0 179
lay 4504 7512 54 0 179
tree 4488 7496 14 0 179
tree 4504 7496 14 0 179
tree 4504 7512 40 0 179
tree 4520 7496 36 0 179
tree 4856 7512 12 0 179
tree 4872 7512 12 0 179
tree 5240 7496 34 0 179
tree 5256 7512 14 0 179
tree 5336 7512 17 0 179
lay 5368 7512 70 0 179
tree 5352 7512 35 0 179
tree 5384 7512 38 0 179
tree 5384 7496 40 0 179
tree 5576 7496 35 0 179
tree 5576 7512 12 0 179
tree 5608 7496 36 0 179
tree 5640 7512 0 0 179
tree 5688 7496 35 0 179
tree 5688 7512 40 0 179
tree 5704 7512 17 0 179
lay 5736 7512 69 0 179
tree 5768 7512 12 0 179
tree 5768 7496 38 0 179
tree 5816 7512 16 0 179
tree 5928 7512 14 0 179
lay 6520 7496 67 0 179
lay 6536 7512 67 0 179
cliff 6560 7504 83 179 179
lay 6968 7512 67 0 179
cliff 6976 7504 113 179 179
lay 7128 7496 67 0 179
lay 7144 7512 67 0 179
lay 7432 7512 67 0 179
lay 7464 7512 67 0 179
lay 7592 7512 68 0 179
lay 7624 7496 67 0 179
lay 7640 7512 67 0 179
tree 7848 7512 36 0 179
tree 7848 7496 14 0 179
tree 8024 7512 39 0 179
tree 8008 7496 34 0 179
tree 8088 7512 36 0 179
lay 200 7528 27 0 179
trop 498 7522 101 179 179
trop 1036 7532 65 179 179
trop 1188 7524 112 179 179
trop 1236 7540 112 179 179
tree 1320 7544 12 0 179
trop 1396 7524 96 179 179
trop 1428 7540 108 179 179
trop 1420 7548 94 179 179
dom 1536 7520 255 0 179
stand 1576 7528 40 0 179
stand 1576 7544 24 0 179
tree 1688 7544 39 0 179
tree 1720 7544 12 0 179
tree 1704 7544 38 0 179
tree 1736 7544 36 0 179
lay 1736 7544 57 0 179
tree 1896 7528 15 0 179
tree 1912 7544 13 0 179
tree 2056 7544 34 0 179
zabor 2224 7536 113 2 9
zabor 2288 7536 105 2 8
zabor 2320 7536 104 2 8
zabor 2352 7536 105 2 8
stand 2344 7528 61 0 179
zabor 2416 7536 112 2 9
zabor 2448 7536 105 2 8
zabor 2480 7536 105 2 8
stand 2472 7528 66 0 179
zabor 2512 7536 104 2 8
zabor 2544 7536 113 2 9
zabor 2576 7536 105 2 8
zabor 2608 7536 113 2 9
zabor 2640 7536 105 2 8
zabor 2736 7536 112 2 9
tree 3080 7528 14 0 179
tree 3128 7528 40 0 179
lay 3144 7528 57 0 179
tree 3448 7528 37 0 179
tree 3464 7544 36 0 179
lay 3464 7544 70 0 179
tree 3528 7544 14 0 179
tree 3608 7544 34 0 179
lay 3640 7528 69 0 179
tree 4008 7544 40 0 179
lay 4280 7544 60 0 179
tree 4472 7544 34 0 179
tree 4600 7528 40 0 179
tree 4808 7528 35 0 179
tree 5192 7528 15 0 179
tree 5320 7528 37 0 179
tree 5560 7528 14 0 179
tree 5592 7528 38 0 179
tree 5608 7544 39 0 179
tree 5624 7544 34 0 179
tree 5768 7528 36 0 179
tree 5944 7544 16 0 179
tree 6168 7544 34 0 179
lay 6536 7544 67 0 179
cliff 6560 7536 87 179 179
cliff 6960 7520 113 179 179
cliff 6944 7536 119 179 179
lay 6968 7528 67 0 179
trop 7380 7540 102 179 179
trop 7388 7532 116 179 179
lay 7448 7528 67 0 179
lay 7464 7544 67 0 179
lay 7672 7528 68 0 179
tree 7816 7544 37 0 179
tree 8072 7528 36 0 179
tree 8072 7544 0 0 179
dom 384 7552 248 0 179
trop 426 7578 19 179 179
trop 628 7572 65 179 179
tree 840 7576 13 0 179
lay 968 7560 27 0 179
lay 1128 7560 49 0 179
dom 1120 7552 142 0 179
trop 1188 7556 112 179 179
trop 1236 7572 112 179 179
tree 1720 7576 41 0 179
tree 1704 7560 14 0 179
tree 1736 7576 40 0 179
lay 1944 7576 53 0 179
tree 1928 7560 15 0 179
lay 2152 7576 28 0 179
zabor 2288 7568 112 2 9
zabor 2480 7568 112 2 9
zabor 2608 7568 105 2 8
zabor 2640 7568 113 2 9
zabor 2672 7568 105 2 8
zabor 2704 7568 105 2 8
tree 3064 7560 38 0 179
tree 3096 7560 14 0 179
tree 3128 7560 39 0 179
tree 3128 7576 14 0 179
tree 3448 7576 38 0 179
tree 3480 7560 37 0 179
tree 3608 7560 40 0 179
tree 3640 7576 12 0 179
tree 3688 7560 17 0 179
tree 3704 7576 36 0 179
tree 3912 7560 17 0 179
tree 4024 7576 38 0 179
lay 4040 7560 70 0 179
tree 4072 7576 34 0 179
tree 4104 7560 12 0 179
tree 4392 7576 40 0 179
tree 4456 7560 17 0 179
lay 4600 7560 60 0 179
tree 4760 7576 14 0 179
tree 4792 7576 37 0 179
tree 4824 7576 38 0 179
tree 4824 7560 37 0 179
tree 4856 7576 38 0 179
lay 4968 7560 60 0 179
tree 5416 7560 17 0 179
tree 5624 7560 35 0 179
tree 5768 7576 34 0 179
tree 5800 7576 17 0 179
tree 6120 7576 34 0 179
tree 6168 7560 38 0 179
tree 6168 7576 35 0 179
tree 6360 7576 0 0 179
tree 6424 7576 17 0 179
cliff 6560 7568 83 179 179
lay 6968 7576 67 0 179
lay 7160 7560 67 0 179
lay 7144 7560 68 0 179
lay 7160 7576 68 0 179
lay 7576 7576 58 0 179
lay 7672 7560 68 0 179
lay 7672 7576 68 0 179
lay 7736 7576 67 0 179
lay 7720 7576 68 0 179
tree 7848 7576 34 0 179
tree 7864 7560 38 0 179
tree 7880 7576 14 0 179
tree 8024 7576 40 0 179
tree 8056 7560 0 0 179
tree 8088 7560 12 0 179
trop 362 7586 72 179 179
trop 466 7602 65 179 179
trop 674 7602 102 179 179
trop 738 7586 99 179 179
tree 840 7592 17 0 179
trop 900 7588 87 179 179
lay 1112 7592 49 0 179
trop 1188 7588 112 179 179
trop 1236 7604 112 179 179
lay 1320 7592 54 0 179
trop 1564 7612 198 179 179
tree 1720 7592 13 0 179
tree 1752 7592 0 0 179
tree 1816 7592 36 0 179
lay 1848 7608 53 0 179
tree 2040 7592 36 0 179
tree 2968 7592 0 0 179
tree 2968 7608 17 0 179
lay 2984 7592 48 0 179
tree 2984 7592 40 0 179
tree 3064 7592 14 0 179
lay 3080 7592 48 0 179
tree 3112 7608 17 0 179
tree 3160 7592 34 0 179
tree 3448 7608 36 0 179
tree 3896 7608 37 0 179
tree 3912 7608 37 0 179
tree 4024 7592 36 0 179
tree 4040 7608 36 0 179
tree 4520 7592 13 0 179
lay 4840 7592 70 0 179
tree 5080 7608 12 0 179
lay 5432 7592 66 0 179
tree 5416 7592 36 0 179
trop 5620 7612 194 179 179
tree 5784 7592 38 0 179
tree 5960 7592 10 0 179
tree 6024 7608 16 0 179
tree 6120 7592 12 0 179
tree 6120 7608 39 0 179
tree 6376 7592 12 0 179
lay 6392 7608 70 0 179
tree 6408 7592 37 0 179
tree 6408 7608 34 0 179
lay 6520 7592 67 0 179
lay 6536 7592 67 0 179
cliff 6560 7600 86 179 179
cliff 6960 7584 114 179 179
cliff 6944 7600 125 179 179
lay 7464 7608 67 0 179
lay 7464 7592 67 0 179
lay 7752 7608 68 0 179
lay 7864 7592 48 0 179
tree 7864 7608 14 0 179
tree 7912 7592 0 0 179
tree 216 7640 37 0 179
tree 200 7640 41 0 179
tree 280 7640 34 0 179
trop 556 7620 105 179 179
trop 652 7644 104 179 179
lay 792 7640 27 0 179
tree 792 7640 13 0 179
lay 808 7624 54 0 179
trop 1188 7620 112 179 179
trop 1236 7636 112 179 179
tree 1304 7624 17 0 179
tree 1336 7624 15 0 179
dom 1504 7616 238 0 179
lay 1528 7640 28 0 179
tree 1688 7640 14 0 179
tree 1768 7624 14 0 179
tree 1896 7624 10 0 179
tree 1992 7640 37 0 179
tree 2008 7624 35 0 179
tree 2072 7624 36 0 179
tree 2936 7640 35 0 179
tree 3032 7624 17 0 179
tree 3048 7640 35 0 179
tree 3176 7624 34 0 179
tree 3192 7640 14 0 179
lay 3192 7640 69 0 179
tree 3208 7640 12 0 179
trop 3356 7628 194 179 179
lay 3368 7640 60 0 179
tree 3496 7624 37 0 179
tree 3512 7640 17 0 179
tree 3528 7640 0 0 179
trop 3604 7644 194 179 179
tree 3864 7624 34 0 179
tree 3848 7640 38 0 179
lay 3928 7640 60 0 179
tree 4040 7624 14 0 179
tree 4072 7640 36 0 179
lay 4120 7640 69 0 179
tree 4616 7640 14 0 179
tree 4808 7640 37 0 179
tree 4824 7640 38 0 179
tree 4872 7624 39 0 179
tree 5080 7624 36 0 179
tree 5368 7640 0 0 179
tree 5384 7624 35 0 179
tree 5432 7624 34 0 179
tree 5432 7640 38 0 179
trop 5668 7628 194 179 179
trop 6028 7644 194 179 179
tree 6136 7624 14 0 179
tree 6360 7640 14 0 179
tree 6392 7624 0 0 179
tree 6408 7624 39 0 179
lay 6520 7640 67 0 179
cliff 6560 7632 87 179 179
lay 6968 7624 67 0 179
cliff 6944 7632 118 179 179
tree 7000 7640 15 0 179
lay 7192 7624 67 0 179
lay 7176 7624 68 0 179
lay 7192 7640 67 0 179
trop 7396 7636 96 179 179
lay 7480 7640 68 0 179
lay 7512 7624 67 0 179
lay 7512 7640 68 0 179
lay 7544 7640 68 0 179
lay 7752 7640 68 0 179
tree 7864 7624 17 0 179
tree 7896 7624 36 0 179
tree 7880 7640 14 0 179
lay 168 7656 53 0 179
tree 232 7672 15 0 179
lay 344 7656 28 0 179
trop 460 7652 104 179 179
tree 776 7656 17 0 179
trop 1108 7668 192 179 179
trop 1188 7652 112 179 179
trop 1236 7668 112 179 179
lay 1336 7656 49 0 179
trop 1388 7676 198 179 179
trop 1396 7668 96 179 179
trop 1428 7668 108 179 179
tree 1688 7656 39 0 179
tree 1800 7672 12 0 179
lay 2024 7672 53 0 179
lay 2040 7656 70 0 179
tree 2088 7656 39 0 179
tree 2104 7672 10 0 179
tree 2088 7672 34 0 179
trop 2180 7668 203 179 179
dom 2240 7648 272 0 179
dom 2432 7648 272 0 179
lay 2536 7656 27 0 179
dom 2624 7648 272 0 179
tree 2888 7672 37 0 179
tree 2904 7672 0 0 179
tree 2920 7656 36 0 179
tree 3032 7672 35 0 179
tree 3080 7656 0 0 179
tree 3144 7656 38 0 179
tree 3224 7656 36 0 179
tree 3240 7656 40 0 179
tree 3256 7656 17 0 179
tree 3960 7656 0 0 179
tree 4168 7656 40 0 179
tree 4264 7672 14 0 179
tree 4888 7672 34 0 179
tree 5128 7672 38 0 179
tree 5128 7656 35 0 179
tree 5144 7672 12 0 179
lay 5256 7672 60 0 179
tree 5608 7656 14 0 179
tree 5608 7672 12 0 179
tree 5752 7672 12 0 179
trop 5732 7676 194 179 179
tree 6360 7656 39 0 179
tree 6392 7656 12 0 179
lay 6520 7656 67 0 179
lay 6952 7672 67 0 179
cliff 6944 7664 120 179 179
tree 7064 7656 35 0 179
lay 7240 7656 68 0 179
lay 7240 7672 68 0 179
trop 7380 7660 96 179 179
lay 7544 7656 67 0 179
lay 7768 7672 68 0 179
tree 328 7688 13 0 179
tree 328 7704 17 0 179
tree 680 7704 41 0 179
lay 1144 7688 49 0 179
trop 1188 7684 112 179 179
trop 1236 7700 112 179 179
dom 1344 7680 135 0 179
trop 1508 7692 198 179 179
tree 1672 7688 34 0 179
tree 1816 7688 36 0 179
tree 1848 7704 13 0 179
tree 1880 7688 13 0 179
tree 2008 7704 13 0 179
lay 2424 7688 50 0 179
tree 2888 7704 17 0 179
lay 2888 7688 69 0 179
tree 2936 7704 38 0 179
tree 3016 7688 14 0 179
lay 3624 7688 60 0 179
tree 4072 7704 37 0 179
tree 4120 7688 0 0 179
tree 4184 7704 36 0 179
tree 4280 7688 40 0 179
tree 5064 7704 38 0 179
tree 5144 7704 38 0 179
tree 5384 7704 17 0 179
trop 5540 7692 194 179 179
tree 5704 7704 14 0 179
tree 5768 7704 10 0 179
tree 5768 7688 15 0 179
tree 5960 7704 35 0 179
tree 6328 7704 12 0 179
lay 6488 7688 67 0 179
lay 6520 7688 67 0 179
cliff 6544 7696 76 179 179
cliff 6576 7680 78 179 179
lay 6968 7688 67 0 179
lay 7256 7704 67 0 179
trop 7420 7684 108 179 179
lay 7544 7688 68 0 179
lay 7576 7704 68 0 179
lay 7592 7688 67 0 179
lay 7784 7688 68 0 179
lay 7992 7704 60 0 179
tree 312 7720 39 0 179
tree 328 7720 36 0 179
tree 424 7736 14 0 179
tree 488 7736 40 0 179
trop 572 7716 192 179 179
lay 584 7736 49 0 179
tree 648 7736 37 0 179
tree 680 7720 15 0 179
trop 908 7716 88 179 179
lay 1016 7736 27 0 179
trop 1188 7716 112 179 179
trop 1236 7732 112 179 179
lay 1816 7736 53 0 179
tree 1848 7720 37 0 179
tree 1832 7736 16 0 179
tree 1928 7736 34 0 179
tree 2008 7736 36 0 179
tree 2008 7720 36 0 179
tree 2088 7720 15 0 179
tree 2840 7720 38 0 179
tree 2856 7720 0 0 179
tree 2872 7736 37 0 179
tree 2872 7720 39 0 179
tree 2904 7720 39 0 179
tree 2968 7736 38 0 179
tree 3112 7736 38 0 179
tree 3240 7736 34 0 179
trop 3652 7740 194 179 179
tree 4072 7736 0 0 179
lay 4232 7720 70 0 179
tree 4264 7720 36 0 179
tree 4312 7720 14 0 179
tree 4312 7736 38 0 179
lay 4392 7720 60 0 179
tree 4520 7736 17 0 179
tree 4600 7736 35 0 179
tree 4792 7720 14 0 179
lay 4968 7720 60 0 179
tree 5112 7736 39 0 179
tree 5096 7720 38 0 179
lay 5128 7736 70 0 179
tree 5144 7736 35 0 179
tree 5144 7720 39 0 179
trop 5612 7716 194 179 179
tree 5768 7720 0 0 179
tree 5976 7720 0 0 179
tree 5992 7736 37 0 179
tree 6184 7736 0 0 179
lay 6232 7736 69 0 179
tree 6264 7720 0 0 179
tree 6264 7736 35 0 179
tree 6312 7720 40 0 179
tree 6392 7720 35 0 179
lay 6456 7736 67 0 179
lay 6504 7720 1 0 179
cliff 6528 7712 107 179 179
cliff 6544 7728 101 179 179
tree 6568 7736 24 0 179
cliff 6896 7728 117 179 179
tree 6936 7736 24 0 179
tree 6920 7736 24 0 179
lay 6920 7720 1 0 179
cliff 6928 7712 112 179 179
lay 7256 7720 68 0 179
lay 7272 7720 67 0 179
lay 7608 7720 67 0 179
lay 7592 7736 68 0 179
lay 7704 7720 58 0 179
lay 7784 7720 67 0 179
lay 7800 7720 68 0 179
lay 7816 7720 67 0 179
tree 7976 7736 14 0 179
tree 224 7752 17 0 179
tree 224 7768 39 0 179
lay 280 7752 53 0 179
tree 272 7768 14 0 179
tree 488 7752 10 0 179
tree 632 7752 41 0 179
trop 700 7764 192 179 179
lay 776 7752 28 0 179
trop 1100 7756 192 179 179
dom 1120 7744 142 0 179
trop 1188 7748 112 179 179
trop 1236 7764 112 179 179
trop 1404 7756 96 179 179
trop 1428 7764 198 179 179
tree 1688 7752 12 0 179
tree 1832 7752 36 0 179
tree 1864 7752 15 0 179
tree 2008 7752 38 0 179
tree 2024 7752 10 0 179
tree 2072 7752 15 0 179
tree 2056 7752 40 0 179
tree 2104 7768 17 0 179
trop 2708 7764 200 179 179
trop 3036 7756 194 179 179
trop 3116 7764 200 179 179
tree 3256 7752 39 0 179
tree 3352 7768 14 0 179
tree 3448 7752 17 0 179
trop 3580 7772 194 179 179
tree 3784 7768 38 0 179
tree 3944 7768 16 0 179
tree 4104 7752 14 0 179
tree 4152 7752 37 0 179
tree 4168 7752 37 0 179
tree 4232 7768 39 0 179
tree 4248 7768 36 0 179
tree 4280 7768 12 0 179
tree 4536 7752 37 0 179
lay 4552 7752 66 0 179
tree 4568 7752 36 0 179
tree 4600 7752 38 0 179
tree 4696 7768 0 0 179
tree 4728 7752 34 0 179
tree 4728 7768 35 0 179
tree 5080 7752 36 0 179
tree 5080 7768 38 0 179
tree 5160 7768 12 0 179
tree 5384 7752 35 0 179
tree 5688 7768 0 0 179
tree 5944 7752 14 0 179
tree 5944 7768 0 0 179
tree 5976 7752 37 0 179
tree 6200 7768 10 0 179
tree 6184 7752 17 0 179
tree 6216 7752 36 0 179
tree 6216 7768 13 0 179
tree 6296 7752 36 0 179
tree 6328 7768 17 0 179
lay 6312 7752 69 0 179
tree 6376 7768 17 0 179
lay 6472 7752 67 0 179
tree 6520 7752 24 0 179
lay 6520 7752 67 0 179
cliff 6560 7760 79 179 179
cliff 6896 7744 93 179 179
tree 6936 7768 24 0 179
lay 6936 7768 67 0 179
cliff 6912 7760 99 179 179
tree 7096 7752 14 0 179
tree 7080 7768 17 0 179
lay 7304 7752 67 0 179
trop 7396 7772 96 179 179
lay 7624 7752 68 0 179
lay 7816 7768 67 0 179
tree 208 7800 35 0 179
tree 240 7800 37 0 179
tree 224 7784 37 0 179
tree 440 7800 17 0 179
tree 488 7784 0 0 179
tree 488 7800 12 0 179
tree 520 7800 14 0 179
tree 584 7800 36 0 179
lay 616 7784 49 0 179
lay 664 7800 57 0 179
tree 664 7800 13 0 179
dom 704 7776 66 0 179
trop 940 7804 192 179 179
trop 1188 7780 112 179 179
trop 1236 7796 112 179 179
dom 1344 7776 134 0 179
trop 1436 7796 108 179 179
tree 1720 7800 0 0 179
tree 1704 7784 41 0 179
tree 1736 7800 41 0 179
tree 1752 7784 38 0 179
tree 1816 7800 10 0 179
tree 1816 7784 41 0 179
lay 1848 7800 48 0 179
tree 1880 7800 40 0 179
tree 1976 7784 41 0 179
tree 1960 7784 13 0 179
tree 2040 7800 38 0 179
tree 2056 7784 12 0 179
tree 2056 7800 10 0 179
lay 2072 7784 70 0 179
tree 2088 7800 39 0 179
lay 2232 7784 28 0 179
tree 2888 7800 35 0 179
tree 3144 7800 11 0 179
tree 3336 7784 34 0 179
tree 3352 7784 0 0 179
lay 3352 7784 69 0 179
tree 3384 7784 35 0 179
tree 3400 7800 40 0 179
tree 3400 7784 12 0 179
tree 3416 7784 34 0 179
tree 3544 7800 14 0 179
trop 3644 7804 194 179 179
tree 3800 7784 37 0 179
tree 3816 7800 17 0 179
tree 3848 7800 38 0 179
tree 4072 7784 12 0 179
tree 4088 7800 38 0 179
tree 4088 7784 38 0 179
tree 4152 7784 37 0 179
lay 4136 7800 69 0 179
tree 4168 7784 38 0 179
tree 4200 7784 40 0 179
tree 4376 7784 36 0 179
tree 4392 7800 35 0 179
tree 4632 7784 17 0 179
tree 4648 7784 35 0 179
tree 4776 7800 17 0 179
tree 5160 7784 37 0 179
tree 5368 7784 40 0 179
tree 5640 7800 17 0 179
tree 5720 7784 14 0 179
tree 5912 7800 37 0 179
tree 5928 7784 36 0 179
tree 5944 7784 39 0 179
lay 5960 7784 70 0 179
tree 6024 7800 35 0 179
tree 6264 7784 37 0 179
tree 6360 7784 40 0 179
lay 6456 7800 67 0 179
cliff 6496 7792 87 179 179
tree 6536 7784 24 0 179
cliff 6528 7776 74 179 179
cliff 6928 7776 118 179 179
lay 6952 7800 67 0 179
lay 7048 7784 70 0 179
tree 7064 7800 34 0 179
tree 7048 7800 0 0 179
tree 7080 7784 17 0 179
tree 7256 7800 13 0 179
lay 7288 7800 67 0 179
lay 7304 7784 67 0 179
trop 7380 7780 96 179 179
lay 7608 7784 68 0 179
lay 7624 7784 68 0 179
lay 7640 7800 68 0 179
lay 7640 7784 68 0 179
lay 7656 7784 67 0 179
lay 7832 7800 67 0 179
lay 7832 7784 68 0 179
tree 7880 7784 15 0 179
tree 7960 7784 36 0 179
lay 184 7816 53 0 179
tree 176 7832 36 0 179
tree 208 7832 12 0 179
tree 192 7816 14 0 179
tree 288 7832 39 0 179
tree 320 7816 37 0 179
tree 440 7832 34 0 179
tree 536 7816 34 0 179
lay 552 7816 53 0 179
lay 664 7816 49 0 179
lay 1128 7816 49 0 179
trop 1188 7812 112 179 179
trop 1236 7828 112 179 179
trop 1412 7820 96 179 179
tree 1528 7832 16 0 179
tree 1544 7816 36 0 179
lay 1672 7832 53 0 179
tree 1704 7832 14 0 179
tree 1752 7816 0 0 179
lay 1736 7832 57 0 179
tree 1832 7816 41 0 179
tree 1864 7816 38 0 179
tree 1992 7816 13 0 179
lay 2040 7816 53 0 179
tree 2024 7816 16 0 179
tree 2040 7816 14 0 179
tree 2072 7816 16 0 179
tree 2056 7816 16 0 179
tree 2056 7832 40 0 179
tree 2072 7832 10 0 179
tree 2104 7832 12 0 179
stand 2200 7832 195 0 179
stand 2232 7832 201 0 179
stand 2264 7816 194 0 179
stand 2248 7832 201 0 179
lay 2552 7816 28 0 179
stand 2552 7816 193 0 179
stand 2584 7832 201 0 179
stand 2600 7832 201 0 179
trop 2884 7828 194 179 179
trop 3196 7812 194 179 179
tree 3304 7832 0 0 179
tree 3352 7832 37 0 179
tree 3368 7816 12 0 179
tree 3816 7816 34 0 179
lay 3832 7832 70 0 179
tree 3880 7832 14 0 179
tree 4056 7832 17 0 179
tree 4072 7832 40 0 179
tree 4168 7832 40 0 179
tree 4232 7832 13 0 179
tree 4392 7816 12 0 179
tree 4408 7832 14 0 179
tree 4392 7832 35 0 179
tree 4664 7816 34 0 179
lay 4664 7816 69 0 179
tree 4808 7832 14 0 179
lay 4808 7816 69 0 179
tree 4840 7816 34 0 179
tree 4840 7832 14 0 179
tree 4872 7816 36 0 179
tree 4888 7816 39 0 179
tree 5096 7816 38 0 179
tree 5112 7832 14 0 179
tree 5144 7832 12 0 179
tree 5400 7816 12 0 179
tree 5400 7832 36 0 179
lay 5432 7816 48 0 179
tree 5448 7832 34 0 179
tree 5512 7832 17 0 179
tree 5528 7832 17 0 179
tree 5544 7832 0 0 179
trop 5684 7820 194 179 179
tree 5928 7816 39 0 179
tree 6328 7816 36 0 179
tree 6344 7816 17 0 179
lay 6488 7816 67 0 179
cliff 6496 7824 83 179 179
tree 6552 7816 24 0 179
lay 6936 7832 67 0 179
cliff 6928 7808 119 179 179
tree 7048 7816 40 0 179
tree 7192 7832 17 0 179
tree 7208 7832 17 0 179
lay 7288 7832 67 0 179
lay 7320 7832 67 0 179
trop 7412 7812 108 179 179
lay 7640 7816 67 0 179
lay 7640 7832 68 0 179
lay 7848 7832 68 0 179
lay 7976 7832 70 0 179
tree 160 7864 14 0 179
lay 264 7864 57 0 179
lay 288 7848 70 0 179
tree 320 7864 34 0 179
tree 336 7864 14 0 179
tree 400 7864 35 0 179
lay 424 7864 53 0 179
tree 424 7864 36 0 179
lay 536 7864 49 0 179
tree 552 7848 38 0 179
tree 552 7864 36 0 179
tree 568 7864 15 0 179
tree 584 7864 40 0 179
tree 616 7864 40 0 179
tree 632 7864 15 0 179
trop 836 7844 84 179 179
trop 1188 7844 112 179 179
trop 1236 7860 112 179 179
trop 1332 7852 192 179 179
tree 1512 7864 41 0 179
tree 1528 7848 37 0 179
tree 1672 7848 39 0 179
tree 1704 7864 37 0 179
tree 1704 7848 36 0 179
tree 2040 7864 14 0 179
tree 2024 7848 12 0 179
tree 2072 7864 39 0 179
stand 2200 7864 197 0 179
trop 2236 7868 215 179 179
stand 2376 7848 149 0 179
dom 2400 7840 210 0 179
dom 2464 7840 202 0 179
stand 2664 7848 210 0 179
lay 2920 7864 53 0 179
tree 3288 7864 10 0 179
lay 3496 7864 57 0 179
tree 3512 7864 0 0 179
tree 3512 7848 14 0 179
trop 3580 7852 194 179 179
tree 3880 7864 12 0 179
tree 3992 7864 11 0 179
tree 4088 7848 35 0 179
tree 4104 7848 36 0 179
tree 4568 7848 38 0 179
tree 4664 7864 40 0 179
tree 4744 7848 37 0 179
tree 4808 7848 40 0 179
tree 5080 7864 35 0 179
tree 5096 7848 12 0 179
lay 5304 7848 60 0 179
tree 5368 7848 0 0 179
tree 5368 7864 0 0 179
lay 5400 7848 48 0 179
tree 5400 7864 40 0 179
tree 5432 7848 39 0 179
tree 5448 7848 17 0 179
tree 5480 7864 10 0 179
tree 5544 7848 40 0 179
tree 5560 7848 36 0 179
tree 5560 7864 34 0 179
lay 5592 7848 48 0 179
tree 5608 7864 36 0 179
tree 5624 7848 38 0 179
tree 5944 7848 35 0 179
tree 5928 7864 14 0 179
tree 6008 7848 12 0 179
trop 6180 7860 194 179 179
tree 6312 7864 14 0 179
tree 6424 7848 40 0 179
lay 6440 7864 67 0 179
lay 6472 7864 67 0 179
cliff 6496 7856 86 179 179
cliff 6896 7856 44 179 179
lay 6920 7864 67 0 179
cliff 6912 7856 111 179 179
tree 7016 7848 40 0 179
tree 7016 7864 34 0 179
lay 7288 7848 67 0 179
lay 7512 7864 67 0 179
tree 7512 7864 11 0 179
lay 7656 7864 68 0 179
lay 7656 7848 68 0 179
lay 7672 7864 68 0 179
lay 7672 7848 68 0 179
lay 7784 7848 58 0 179
lay 7864 7848 68 0 179
lay 7896 7848 67 0 179
lay 7880 7848 67 0 179
tree 192 7880 40 0 179
tree 240 7896 17 0 179
tree 272 7896 34 0 179
tree 256 7880 12 0 179
tree 336 7896 35 0 179
tree 384 7896 35 0 179
lay 552 7896 56 0 179
tree 552 7880 34 0 179
tree 616 7896 41 0 179
tree 632 7880 15 0 179
lay 936 7880 27 0 179
tree 1000 7896 13 0 179
lay 1112 7880 27 0 179
tree 1096 7896 38 0 179
trop 1188 7876 112 179 179
trop 1236 7892 112 179 179
trop 1396 7884 198 179 179
trop 1476 7892 110 179 179
tree 1496 7880 37 0 179
tree 1512 7880 15 0 179
lay 1544 7880 54 0 179
tree 1560 7880 39 0 179
tree 1688 7880 39 0 179
tree 1752 7896 36 0 179
tree 1768 7880 37 0 179
tree 1800 7896 36 0 179
tree 1832 7896 10 0 179
stand 1864 7880 70 0 179
stand 1864 7896 70 0 179
stand 1928 7880 71 0 179
stand 1960 7880 71 0 179
tree 2040 7896 14 0 179
tree 2024 7896 41 0 179
tree 2072 7896 0 0 179
tree 2056 7896 40 0 179
tree 2056 7880 36 0 179
lay 2072 7880 48 0 179
tree 2104 7896 41 0 179
stand 2200 7896 197 0 179
stand 2200 7880 197 0 179
stand 2216 7896 158 0 179
stand 2216 7880 182 0 179
dom 2272 7872 199 0 179
lay 2392 7896 27 0 179
stand 2504 7880 40 0 179
stand 2680 7896 197 0 179
tree 2872 7880 37 0 179
tree 2856 7880 34 0 179
tree 2856 7896 36 0 179
tree 3048 7880 36 0 179
tree 3096 7880 16 0 179
tree 3080 7896 34 0 179
lay 3096 7896 69 0 179
tree 3128 7896 38 0 179
tree 3512 7896 14 0 179
tree 3528 7896 12 0 179
tree 3608 7880 12 0 179
tree 3592 7880 12 0 179
tree 3848 7896 36 0 179
tree 4424 7880 38 0 179
tree 4472 7896 35 0 179
tree 4504 7896 38 0 179
tree 4520 7880 17 0 179
tree 4968 7896 38 0 179
tree 5144 7896 0 0 179
tree 5608 7896 13 0 179
tree 5928 7880 0 0 179
lay 6440 7896 67 0 179
cliff 6896 7872 24 179 179
lay 7032 7896 70 0 179
tree 7016 7896 37 0 179
tree 7208 7896 14 0 179
tree 7256 7896 38 0 179
lay 7320 7880 67 0 179
lay 7336 7880 67 0 179
trop 7388 7892 96 179 179
lay 7528 7880 67 0 179
lay 7672 7880 67 0 179
lay 7880 7896 68 0 179
tree 7944 7880 15 0 179
tree 8008 7896 0 0 179
tree 8056 7896 37 0 179
tree 160 7912 37 0 179
tree 224 7912 0 0 179
tree 336 7912 17 0 179
tree 352 7912 10 0 179
tree 384 7928 38 0 179
tree 520 7928 38 0 179
lay 632 7912 57 0 179
lay 664 7912 49 0 179
trop 796 7916 81 179 179
tree 1016 7912 41 0 179
tree 1016 7928 13 0 179
trop 1188 7908 112 179 179
trop 1236 7924 112 179 179
tree 1336 7928 41 0 179
trop 1476 7908 98 179 179
lay 1560 7928 27 0 179
tree 1688 7928 14 0 179
tree 1672 7912 37 0 179
tree 1720 7928 40 0 179
tree 1736 7912 41 0 179
tree 1832 7912 34 0 179
trop 1908 7908 200 179 179
tree 2040 7928 38 0 179
stand 2200 7912 197 0 179
stand 2200 7928 193 0 179
stand 2216 7912 180 0 179
lay 2600 7912 27 0 179
stand 2664 7912 195 0 179
stand 2744 7928 210 0 179
tree 2952 7928 12 0 179
tree 3080 7928 38 0 179
tree 3160 7912 34 0 179
tree 3256 7928 35 0 179
tree 3416 7928 36 0 179
tree 3464 7912 38 0 179
tree 3768 7928 37 0 179
tree 3800 7912 34 0 179
tree 3816 7928 38 0 179
tree 3848 7912 34 0 179
tree 4424 7912 36 0 179
tree 4472 7912 14 0 179
tree 4968 7928 17 0 179
tree 5032 7928 40 0 179
tree 5304 7912 35 0 179
lay 5496 7928 60 0 179
tree 5736 7928 11 0 179
tree 5736 7912 17 0 179
lay 6440 7928 67 0 179
cliff 6480 7920 73 179 179
cliff 6512 7904 77 179 179
lay 6920 7928 67 0 179
cliff 6912 7920 119 179 179
lay 6952 7912 67 0 179
tree 7032 7912 37 0 179
tree 7112 7912 11 0 179
tree 7208 7928 14 0 179
tree 7288 7928 0 0 179
tree 7288 7912 35 0 179
tree 7272 7912 11 0 179
lay 7336 7928 67 0 179
lay 7704 7928 68 0 179
lay 7688 7912 68 0 179
lay 7736 7928 68 0 179
lay 7896 7912 67 0 179
lay 7896 7928 68 0 179
lay 7912 7928 67 0 179
tree 8024 7928 40 0 179
lay 8040 7912 48 0 179
tree 8040 7928 12 0 179
tree 8040 7912 36 0 179
tree 240 7944 38 0 179
tree 272 7960 40 0 179
lay 472 7960 57 0 179
tree 488 7960 40 0 179
tree 504 7944 39 0 179
tree 1016 7944 40 0 179
tree 1096 7960 14 0 179
tree 1096 7944 12 0 179
tree 1112 7960 14 0 179
trop 1188 7940 112 179 179
trop 1236 7956 112 179 179
tree 1352 7944 13 0 179
tree 1352 7960 12 0 179
tree 1560 7944 34 0 179
tree 1688 7944 16 0 179
lay 1736 7960 53 0 179
stand 1848 7944 254 0 179
stand 1880 7944 208 1 179
stand 1864 7944 204 1 179
lay 1912 7944 27 0 179
tree 2040 7944 12 0 179
stand 2232 7944 201 0 179
stand 2264 7944 196 0 179
stand 2248 7944 201 0 179
lay 2280 7944 28 0 179
stand 2712 7960 251 0 179
lay 2776 7960 27 0 179
tree 2840 7960 14 0 179
tree 2968 7944 12 0 179
tree 2984 7960 38 0 179
tree 3048 7960 0 0 179
tree 3144 7960 37 0 179
lay 3224 7960 69 0 179
tree 3256 7960 17 0 179
tree 3272 7960 35 0 179
tree 3288 7960 0 0 179
tree 3432 7944 38 0 179
tree 3752 7960 17 0 179
tree 3752 7944 39 0 179
tree 3832 7944 38 0 179
tree 4376 7960 36 0 179
tree 4392 7944 36 0 179
lay 4904 7944 60 0 179
tree 5000 7944 40 0 179
tree 5016 7944 36 0 179
lay 5032 7944 48 0 179
tree 5032 7944 36 0 179
lay 5128 7944 60 0 179
tree 5304 7944 0 0 179
tree 5288 7944 13 0 179
tree 5800 7960 35 0 179
tree 5816 7944 34 0 179
lay 5896 7960 48 0 179
tree 5912 7960 40 0 179
tree 5896 7960 14 0 179
tree 6312 7960 34 0 179
lay 6424 7960 67 0 179
lay 6440 7944 67 0 179
cliff 6448 7936 87 179 179
lay 6920 7960 67 0 179
lay 6936 7960 67 0 179
cliff 6912 7952 118 179 179
tree 7016 7960 38 0 179
tree 7032 7960 39 0 179
tree 7080 7944 38 0 179
tree 7080 7960 40 0 179
tree 7208 7944 40 0 179
tree 7288 7960 14 0 179
lay 7304 7944 67 0 179
lay 7336 7944 67 0 179
trop 7412 7948 108 179 179
lay 7896 7944 67 0 179
lay 184 7976 53 0 179
tree 192 7976 38 0 179
tree 256 7992 0 0 179
tree 368 7992 13 0 179
tree 384 7976 35 0 179
tree 440 7992 17 0 179
tree 456 7992 34 0 179
tree 456 7976 38 0 179
tree 472 7976 37 0 179
lay 520 7976 49 0 179
tree 664 7992 15 0 179
lay 824 7992 27 0 179
lay 984 7992 28 0 179
tree 1000 7976 39 0 179
tree 1000 7992 38 0 179
lay 1048 7976 53 0 179
tree 1112 7992 38 0 179
trop 1188 7972 112 179 179
trop 1236 7988 112 179 179
tree 1336 7992 38 0 179
tree 1352 7976 0 0 179
tree 1736 7992 10 0 179
tree 1784 7976 41 0 179
tree 1800 7992 10 0 179
stand 1848 7976 254 0 179
stand 1880 7976 208 1 179
stand 1864 7976 205 1 179
stand 1928 7992 197 1 179
stand 1928 7976 208 1 179
stand 1960 7992 198 1 179
stand 1960 7976 208 1 179
tree 2088 7976 14 0 179
dom 2400 7968 255 0 179
dom 2496 7968 255 0 179
stand 2568 7992 179 0 179
stand 2584 7992 179 0 179
stand 2584 7976 179 0 179
stand 2632 7992 163 0 179
stand 2632 7976 162 0 179
stand 2664 7992 193 0 179
stand 2744 7992 194 0 179
tree 2968 7992 12 0 179
lay 2968 7992 70 0 179
tree 3176 7992 35 0 179
tree 3256 7976 34 0 179
tree 3288 7976 39 0 179
tree 3720 7992 17 0 179
lay 3768 7976 70 0 179
tree 3816 7976 37 0 179
tree 3848 7992 35 0 179
tree 3864 7976 36 0 179
tree 3880 7992 34 0 179
tree 3960 7976 34 0 179
lay 3944 7992 69 0 179
tree 4136 7992 38 0 179
tree 4248 7992 38 0 179
tree 4392 7992 39 0 179
lay 4408 7976 70 0 179
tree 4904 7992 0 0 179
tree 5256 7992 13 0 179
tree 5320 7976 11 0 179
tree 5512 7992 14 0 179
tree 6232 7992 35 0 179
tree 6296 7976 35 0 179
tree 6280 7976 35 0 179
lay 6456 7976 67 0 179
lay 6456 7992 67 0 179
cliff 6464 7968 108 179 179
cliff 6480 7984 104 179 179
cliff 6912 7984 118 179 179
tree 6984 7992 12 0 179
lay 7176 7976 70 0 179
tree 7224 7976 0 0 179
tree 7224 7992 39 0 179
tree 7208 7992 36 0 179
tree 7288 7976 0 0 179
lay 7320 7992 67 0 179
lay 7304 7992 67 0 179
lay 7384 7992 28 0 179
trop 7396 7988 96 179 179
lay 7720 7976 68 0 179
lay 7752 7976 68 0 179
lay 7928 7992 68 0 179
tree 7960 7976 11 0 179
lay 7944 7992 68 0 179
lay 7944 7976 68 0 179
tree 208 8008 36 0 179
tree 272 8008 39 0 179
lay 328 8008 53 0 179
tree 320 8008 40 0 179
tree 368 8008 15 0 179
tree 424 8024 12 0 179
lay 456 8024 49 0 179
lay 552 8008 53 0 179
tree 648 8024 40 0 179
lay 680 8008 28 0 179
trop 796 8028 81 179 179
tree 1000 8008 14 0 179
lay 1080 8008 70 0 179
tree 1128 8024 37 0 179
trop 1188 8028 112 179 179
trop 1188 8004 112 179 179
trop 1236 8020 112 179 179
lay 1368 8024 53 0 179
tree 1352 8024 16 0 179
tree 1416 8024 15 0 179
tree 1688 8024 13 0 179
tree 1704 8008 12 0 179
tree 1720 8024 37 0 179
tree 1736 8008 37 0 179
tree 1768 8024 36 0 179
trop 1796 8012 200 179 179
zabor 1808 8016 64 1 8
stand 1848 8008 254 0 179
stand 1880 8008 204 1 179
stand 1864 8008 204 1 179
stand 1928 8008 253 0 179
stand 1960 8008 253 0 179
zabor 2000 8016 64 1 8
tree 2024 8024 39 0 179
lay 2072 8024 53 0 179
tree 2104 8008 16 0 179
stand 2696 8008 201 0 179
stand 2712 8008 201 0 179
stand 2728 8008 201 0 179
tree 2952 8008 39 0 179
tree 3192 8024 0 0 179
tree 3176 8024 14 0 179
tree 3224 8008 39 0 179
tree 3256 8008 39 0 179
lay 3624 8008 49 0 179
tree 3752 8024 36 0 179
tree 3784 8008 35 0 179
tree 3800 8024 36 0 179
tree 3832 8024 13 0 179
tree 3944 8008 34 0 179
tree 4008 8008 14 0 179
tree 4040 8008 35 0 179
tree 4072 8008 35 0 179
tree 4120 8008 35 0 179
tree 4248 8008 0 0 179
tree 4456 8008 12 0 179
tree 4760 8008 34 0 179
tree 4760 8024 17 0 179
tree 4856 8024 0 0 179
tree 5336 8008 16 0 179
tree 5656 8008 39 0 179
tree 5672 8008 40 0 179
trop 5772 8004 194 179 179
tree 5880 8008 14 0 179
tree 5896 8008 36 0 179
tree 5944 8024 10 0 179
tree 6040 8008 17 0 179
tree 6232 8008 34 0 179
tree 6232 8024 36 0 179
lay 6456 8024 67 0 179
cliff 6480 8000 84 179 179
lay 6920 8008 67 0 179
tree 6984 8024 40 0 179
lay 7320 8008 67 0 179
trop 7412 8028 108 179 179
lay 7752 8024 68 0 179
lay 7768 8008 68 0 179
lay 7960 8008 68 0 179
lay 7976 8008 67 0 179
trop 1188 8060 112 179 179
trop 1236 8052 112 179 179
tree 1688 8056 10 0 179
tree 1752 8056 0 0 179
zabor 1808 8048 65 1 8
zabor 1840 8048 64 1 8
zabor 1872 8048 66 1 8
zabor 1936 8048 65 1 8
zabor 1968 8048 66 1 8
zabor 2000 8048 66 1 8
tree 2920 8040 40 0 179
tree 2952 8040 34 0 179
tree 2984 8056 17 0 179
tree 3048 8056 15 0 179
tree 3048 8040 17 0 179
tree 3464 8056 36 0 179
lay 3480 8056 69 0 179
tree 3512 8056 40 0 179
tree 3544 8040 34 0 179
tree 3592 8040 35 0 179
tree 3800 8040 39 0 179
tree 3832 8056 17 0 179
tree 3848 8056 13 0 179
tree 3928 8040 37 0 179
tree 3928 8056 39 0 179
tree 4024 8040 36 0 179
tree 4040 8040 12 0 179
tree 4104 8040 37 0 179
tree 4120 8056 0 0 179
tree 4408 8040 34 0 179
tree 4440 8056 14 0 179
tree 4424 8056 39 0 179
lay 4424 8056 69 0 179
tree 4456 8056 36 0 179
tree 4760 8056 39 0 179
tree 4744 8040 37 0 179
lay 4744 8056 69 0 179
tree 4776 8040 0 0 179
tree 4872 8040 0 0 179
tree 4888 8040 15 0 179
lay 5672 8040 70 0 179
tree 5688 8040 17 0 179
tree 5704 8056 0 0 179
tree 5768 8056 35 0 179
tree 5816 8056 15 0 179
trop 5932 8060 194 179 179
tree 6104 8040 0 0 179
tree 6168 8040 40 0 179
tree 6200 8056 0 0 179
lay 6232 8040 70 0 179
tree 6216 8040 34 0 179
tree 6216 8056 40 0 179
tree 6232 8056 36 0 179
tree 6248 8056 40 0 179
tree 6296 8040 11 0 179
lay 6424 8040 67 0 179
lay 6440 8056 67 0 179
cliff 6480 8032 86 179 179
cliff 6864 8048 117 179 179
lay 6888 8040 67 0 179
cliff 6896 8032 113 179 179
tree 7192 8056 40 0 179
tree 7176 8056 37 0 179
tree 7208 8056 36 0 179
tree 7240 8056 37 0 179
lay 7288 8056 67 0 179
lay 7304 8040 67 0 179
lay 7784 8056 68 0 179
lay 7896 8040 58 0 179
lay 7960 8040 68 0 179
zabor 7952 8048 104 2 8
lay 7976 8056 67 0 179
lay 7992 8040 67 0 179
zabor 7984 8048 104 2 8
trop 1524 8076 102 179 179
trop 1532 8092 116 179 179
trop 3076 8068 194 179 179
trop 3116 8068 194 179 179
trop 3172 8068 194 179 179
tree 3352 8072 39 0 179
tree 3368 8088 34 0 179
tree 3448 8088 12 0 179
tree 3464 8072 36 0 179
tree 3512 8088 37 0 179
tree 3528 8072 14 0 179
tree 3528 8088 17 0 179
tree 4008 8088 14 0 179
tree 4664 8088 17 0 179
tree 4712 8088 37 0 179
tree 4744 8072 34 0 179
tree 4840 8088 35 0 179
tree 4984 8088 15 0 179
tree 5384 8072 35 0 179
tree 5544 8088 38 0 179
lay 6440 8088 67 0 179
cliff 6480 8064 85 179 179
cliff 6864 8064 120 179 179
lay 6888 8072 67 0 179
lay 7320 8072 67 0 179
lay 7320 8088 67 0 179
lay 4968 8104 60 0 179
lay 6456 8104 67 0 179
cliff 6864 8096 120 179 179
lay 6888 8136 67 0 179
