stand 3352 24 280 0 179
stand 3608 24 280 0 179
stand 3688 24 280 0 179
stand 4136 24 280 0 179
stand 3208 40 280 0 179
stand 3304 56 280 0 179
stand 3400 56 280 0 179
stand 3448 40 280 0 179
stand 3432 40 280 0 179
stand 3432 56 280 0 179
stand 3512 56 280 0 179
stand 3592 56 280 0 179
stand 3688 56 280 0 179
stand 3768 40 280 0 179
stand 3816 40 280 0 179
stand 3912 56 280 0 179
stand 3960 40 280 0 179
stand 4024 56 280 0 179
stand 3240 88 280 0 179
stand 3272 72 280 0 179
stand 3352 88 280 0 179
stand 3336 88 280 0 179
stand 3496 72 280 0 179
stand 3560 88 280 0 179
stand 3592 72 280 0 179
stand 3640 72 280 0 179
stand 3656 88 280 0 179
stand 3768 88 280 0 179
stand 3816 88 280 0 179
stand 3848 88 280 0 179
stand 3944 88 280 0 179
stand 4104 88 280 0 179
stand 4136 88 286 0 179
fre 148 100 67 179 179
fre 180 100 67 179 179
fre 676 124 267 179 179
fre 732 116 67 179 179
fre 716 100 67 179 179
fre 740 116 74 179 179
fre 836 124 267 179 179
fre 892 116 67 179 179
fre 876 100 67 179 179
fre 900 116 74 179 179
stand 3176 104 280 0 179
stand 3256 104 280 0 179
stand 3320 120 280 0 179
stand 3448 104 280 0 179
stand 3512 104 280 0 179
stand 3928 104 280 0 179
cliff 5120 96 21 179 179
fre 156 140 197 179 179
fre 228 132 67 179 179
tree 328 152 83 0 179
fre 436 132 67 179 179
fre 508 132 76 179 179
fre 524 132 67 179 179
fre 604 156 67 179 179
fre 596 156 76 179 179
fre 644 156 67 179 179
fre 724 140 74 179 179
fre 708 132 74 179 179
fre 732 156 74 179 179
fre 764 156 67 179 179
fre 756 156 76 179 179
fre 788 132 67 179 179
fre 804 156 67 179 179
fre 844 156 74 179 179
fre 884 140 74 179 179
fre 868 132 74 179 179
fre 908 140 74 179 179
fre 916 140 74 179 179
fre 948 148 67 179 179
fre 996 140 76 179 179
fre 1148 148 67 179 179
fre 1284 156 267 179 179
fre 1340 148 67 179 179
fre 1532 140 74 179 179
fre 1572 156 67 179 179
fre 1964 148 67 179 179
fre 2108 156 67 179 179
fre 2252 148 67 179 179
fre 2348 132 76 179 179
fre 2740 156 67 179 179
stand 2776 152 280 0 179
stand 3000 152 294 0 179
stand 3016 152 294 0 179
fre 3076 156 67 179 179
stand 3176 136 291 0 179
stand 3368 152 280 0 179
tree 3416 152 44 0 179
stand 3592 152 289 0 179
fre 3684 156 197 179 179
tree 4072 152 38 0 179
stand 4104 152 287 0 179
tree 4232 152 83 0 179
tree 4232 136 83 0 179
fre 4284 148 77 179 179
fre 4340 140 77 179 179
tree 4408 152 85 0 179
fre 4500 148 77 179 179
tree 4712 152 85 0 179
tree 5016 152 45 0 179
stand 5048 152 405 0 179
tree 5128 152 86 0 179
fre 132 172 76 179 179
fre 284 180 67 179 179
fre 444 188 67 179 179
fre 420 188 267 179 179
fre 476 180 67 179 179
fre 500 164 74 179 179
fre 580 172 67 179 179
fre 604 180 67 179 179
fre 580 180 74 179 179
fre 636 188 74 179 179
fre 668 172 74 179 179
fre 684 164 67 179 179
fre 708 180 74 179 179
fre 708 188 67 179 179
fre 756 180 67 179 179
fre 756 188 67 179 179
fre 740 172 67 179 179
fre 740 188 67 179 179
fre 796 188 74 179 179
tree 792 168 83 0 179
tree 808 184 83 0 179
fre 868 188 67 179 179
fre 892 188 67 179 179
fre 916 180 67 179 179
fre 916 188 67 179 179
fre 1124 164 67 179 179
fre 1220 180 67 179 179
fre 1316 164 74 179 179
fre 1468 188 67 179 179
fre 1476 164 76 179 179
fre 1612 180 67 179 179
fre 1708 164 76 179 179
fre 2068 180 76 179 179
fre 2100 188 67 179 179
stand 2136 184 280 0 179
fre 2292 188 67 179 179
fre 2316 172 67 179 179
fre 2332 164 67 179 179
fre 2396 164 67 179 179
fre 2524 172 67 179 179
fre 2628 172 67 179 179
fre 2684 188 67 179 179
stand 2792 168 280 0 179
fre 2844 164 67 179 179
fre 2852 188 67 179 179
fre 2900 180 67 179 179
fre 2964 188 67 179 179
fre 3004 164 73 179 179
fre 3092 180 75 179 179
tree 3176 168 84 0 179
stand 3192 168 291 0 179
fre 3236 164 194 179 179
fre 3244 188 130 179 179
fre 3292 180 194 179 179
fre 3300 180 194 179 179
fre 3300 188 46 179 179
tree 3528 168 44 0 179
tree 3560 168 44 0 179
fre 3636 180 194 179 179
stand 3720 184 317 0 179
stand 3752 184 318 0 179
stand 3896 168 316 0 179
stand 3912 168 316 0 179
tree 3912 184 45 0 179
tree 3960 168 38 0 179
tree 3992 168 38 0 179
fre 4068 180 38 179 179
fre 4260 180 77 179 179
stand 4264 184 287 0 179
tree 4296 184 18 0 179
tree 4312 168 18 0 179
fre 4340 188 77 179 179
fre 4356 172 77 179 179
tree 4360 168 83 0 179
fre 4444 172 77 179 179
tree 4488 184 9 0 179
fre 4508 172 77 179 179
tree 4616 168 35 0 179
tree 4664 168 45 0 179
tree 4728 184 45 0 179
tree 4744 168 45 0 179
tree 4824 168 45 0 179
tree 4840 168 45 0 179
tree 4888 168 45 0 179
tree 4936 168 85 0 179
tree 4968 184 45 0 179
tree 5048 184 86 0 179
cliff 5216 176 20 179 179
tree 6824 168 81 0 179
tree 7016 168 35 0 179
fre 7068 180 272 179 179
tree 7112 184 18 0 179
fre 7276 188 2 179 179
tree 7416 184 34 0 179
tree 7480 184 35 0 179
fre 7500 172 196 179 179
tree 7880 168 81 0 179
fre 260 196 67 179 179
fre 356 212 67 179 179
fre 452 196 74 179 179
fre 484 212 67 179 179
fre 636 220 67 179 179
fre 612 220 67 179 179
fre 612 196 76 179 179
fre 652 220 74 179 179
fre 684 204 76 179 179
fre 748 212 74 179 179
fre 796 220 67 179 179
fre 812 220 74 179 179
fre 844 204 76 179 179
fre 980 196 67 179 179
fre 1020 204 74 179 179
fre 1084 204 76 179 179
fre 1116 196 197 179 179
fre 1156 220 267 179 179
fre 1212 212 67 179 179
fre 1196 196 67 179 179
fre 1220 212 74 179 179
fre 1364 212 67 179 179
fre 1364 220 67 179 179
fre 1428 212 76 179 179
fre 1436 220 67 179 179
fre 1652 220 67 179 179
fre 1676 204 67 179 179
fre 1692 196 67 179 179
fre 1756 196 67 179 179
fre 1884 204 67 179 179
fre 1988 204 67 179 179
fre 2044 220 67 179 179
fre 2084 212 74 179 179
fre 2148 220 67 179 179
stand 2152 200 280 0 179
fre 2252 220 67 179 179
fre 2348 204 67 179 179
fre 2484 196 76 179 179
fre 2612 204 76 179 179
fre 2700 196 67 179 179
fre 2772 220 67 179 179
fre 2844 212 67 179 179
fre 2908 204 76 179 179
fre 2956 212 67 179 179
fre 2972 212 76 179 179
fre 3012 196 67 179 179
fre 3028 196 67 179 179
fre 3020 204 67 179 179
stand 3016 200 269 0 179
fre 3092 212 76 179 179
fre 3100 212 76 179 179
fre 3100 196 75 179 179
fre 3156 220 205 179 179
fre 3140 204 67 179 179
fre 3268 212 194 179 179
fre 3356 204 194 179 179
tree 3416 200 44 0 179
tree 3464 216 40 0 179
tree 3480 216 76 0 179
tree 3544 216 39 0 179
stand 3624 216 316 0 179
fre 3644 212 194 179 179
stand 3656 200 316 0 179
fre 3668 196 193 179 179
fre 3668 212 271 179 179
tree 3672 200 45 0 179
stand 3736 216 318 0 179
trop 3796 204 139 179 179
stand 3864 200 318 0 179
tree 3880 200 45 0 179
fre 3916 196 59 179 179
fre 3916 220 38 179 179
tree 4072 216 33 0 179
fre 4108 196 38 179 179
trop 4180 212 139 179 179
tree 4248 200 83 0 179
fre 4268 220 77 179 179
fre 4276 220 77 179 179
fre 4260 212 77 179 179
tree 4328 200 20 0 179
fre 4364 220 82 179 179
fre 4396 212 77 179 179
tree 4424 200 22 0 179
tree 4440 216 22 0 179
stand 4456 200 405 0 179
tree 4600 200 34 0 179
stand 4600 216 405 0 179
stand 4632 200 405 0 179
tree 4712 200 85 0 179
tree 4792 216 88 0 179
tree 4776 216 87 0 179
fre 4828 212 72 179 179
fre 4820 212 72 179 179
tree 5112 200 18 0 179
tree 5096 216 85 0 179
fre 6804 220 269 179 179
fre 6844 196 272 179 179
tree 7192 200 79 0 179
fre 7324 212 269 179 179
fre 7404 220 272 179 179
tree 7416 216 87 0 179
fre 7860 220 269 179 179
fre 7900 196 272 179 179
fre 116 228 67 179 179
fre 156 236 74 179 179
fre 220 236 76 179 179
fre 252 228 197 179 179
fre 500 244 67 179 179
fre 500 252 67 179 179
fre 572 252 67 179 179
fre 660 236 74 179 179
fre 676 244 76 179 179
fre 748 228 67 179 179
fre 820 236 74 179 179
fre 836 244 76 179 179
fre 908 228 67 179 179
fre 948 236 67 179 179
fre 1052 244 76 179 179
fre 1084 252 67 179 179
fre 1076 252 76 179 179
fre 1124 252 67 179 179
fre 1164 244 74 179 179
fre 1204 236 74 179 179
fre 1188 228 74 179 179
fre 1188 244 76 179 179
fre 1260 252 74 179 179
fre 1292 236 76 179 179
fre 1444 244 74 179 179
fre 1468 252 74 179 179
fre 1508 252 74 179 179
fre 1612 252 67 179 179
fre 1708 236 67 179 179
fre 1844 228 76 179 179
fre 1980 244 67 179 179
fre 1980 236 67 179 179
fre 1972 236 76 179 179
fre 2060 228 67 179 179
fre 2084 236 67 179 179
fre 2092 228 76 179 179
fre 2132 252 67 179 179
tree 2168 248 85 0 179
fre 2180 252 67 179 179
fre 2188 244 76 179 179
fre 2292 252 74 179 179
fre 2372 252 67 179 179
fre 2436 252 67 179 179
fre 2468 252 67 179 179
fre 2484 244 76 179 179
fre 2612 244 267 179 179
fre 2708 252 67 179 179
fre 2844 228 67 179 179
fre 3100 236 76 179 179
fre 3108 252 205 179 179
fre 3156 244 205 179 179
stand 3256 232 291 0 179
tree 3480 248 40 0 179
tree 3464 232 40 0 179
tree 3528 232 80 0 179
fre 3652 244 196 179 179
fre 3668 228 194 179 179
fre 3708 252 197 179 179
fre 3748 236 58 179 179
stand 3880 248 316 0 179
tree 3896 248 45 0 179
stand 3944 232 316 0 179
fre 3956 252 38 179 179
tree 4024 232 34 0 179
fre 4244 236 72 179 179
fre 4268 236 77 179 179
fre 4260 244 72 179 179
fre 4300 236 77 179 179
fre 4308 228 82 179 179
tree 4424 232 23 0 179
tree 4440 248 83 0 179
fre 4484 244 272 179 179
fre 4604 252 271 179 179
tree 4680 232 86 0 179
tree 4744 232 88 0 179
tree 4888 232 87 0 179
tree 4872 232 89 0 179
tree 4920 232 87 0 179
tree 4968 248 87 0 179
tree 4968 232 89 0 179
stand 5016 232 378 0 179
fre 5124 252 72 179 179
tree 5176 232 45 0 179
tree 5208 232 86 0 179
fre 5212 244 72 179 179
tree 6824 232 87 0 179
fre 7020 252 2 179 179
tree 7080 248 19 0 179
tree 7208 248 87 0 179
fre 7300 252 2 179 179
fre 7356 252 269 179 179
fre 7436 228 196 179 179
fre 7508 236 196 179 179
tree 7880 232 87 0 179
fre 188 276 76 179 179
fre 300 276 74 179 179
fre 324 276 76 179 179
fre 396 284 74 179 179
fre 428 268 76 179 179
fre 452 260 74 179 179
tree 584 264 85 0 179
fre 604 284 74 179 179
fre 644 284 74 179 179
fre 684 284 74 179 179
fre 724 284 67 179 179
fre 716 260 74 179 179
fre 772 268 67 179 179
fre 844 284 74 179 179
fre 844 260 205 179 179
fre 884 284 67 179 179
fre 876 260 74 179 179
tree 1000 264 83 0 179
fre 1060 268 67 179 179
fre 1116 284 74 179 179
fre 1236 276 67 179 179
fre 1236 284 67 179 179
fre 1244 276 67 179 179
fre 1284 276 76 179 179
fre 1356 260 67 179 179
fre 1444 268 67 179 179
fre 1452 260 76 179 179
fre 1468 284 67 179 179
tree 1528 280 85 0 179
fre 1540 284 67 179 179
fre 1548 276 76 179 179
fre 1564 276 74 179 179
fre 1652 284 74 179 179
fre 1732 284 67 179 179
fre 1796 284 67 179 179
fre 1828 284 67 179 179
fre 1844 276 76 179 179
fre 1972 276 267 179 179
fre 2068 284 67 179 179
fre 2156 268 67 179 179
fre 2188 260 67 179 179
fre 2204 260 67 179 179
fre 2212 276 205 179 179
fre 2308 260 67 179 179
fre 2348 260 67 179 179
fre 2612 260 74 179 179
fre 2628 284 74 179 179
fre 2916 260 67 179 179
fre 2924 260 67 179 179
fre 2964 284 74 179 179
fre 3052 268 67 179 179
fre 3092 268 76 179 179
fre 3084 276 76 179 179
fre 3092 284 76 179 179
fre 3124 284 205 179 179
fre 3140 276 67 179 179
tree 3240 264 83 0 179
fre 3420 260 194 179 179
fre 3420 284 194 179 179
tree 3480 264 40 0 179
tree 3496 264 40 0 179
tree 3544 280 39 0 179
tree 3544 264 39 0 179
stand 3576 280 289 0 179
tree 3592 264 44 0 179
fre 3676 276 194 179 179
stand 3704 280 316 0 179
fre 3732 284 58 179 179
stand 3736 264 316 0 179
tree 3736 264 45 0 179
tree 3896 280 45 0 179
stand 3912 280 316 0 179
fre 3988 260 59 179 179
tree 3992 264 38 0 179
fre 4036 260 38 179 179
tree 4072 264 34 0 179
tree 4264 280 20 0 179
fre 4276 268 72 179 179
fre 4300 268 72 179 179
fre 4340 268 77 179 179
tree 4360 280 85 0 179
tree 4504 264 86 0 179
fre 4524 268 271 179 179
fre 4516 260 77 179 179
stand 4552 280 376 0 179
tree 4776 280 40 0 179
stand 4808 280 249 0 179
stand 4840 264 288 0 179
tree 4840 280 23 0 179
lay 4888 280 33 0 179
tree 4936 280 62 0 179
cliff 5008 256 22 179 179
stand 5000 280 405 0 179
fre 4996 268 72 179 179
tree 5048 280 86 0 179
tree 5032 280 86 0 179
fre 5028 268 72 179 179
tree 5096 264 18 0 179
fre 5092 276 72 179 179
fre 5124 284 85 179 179
fre 5164 276 84 179 179
stand 5160 280 405 0 179
fre 5156 260 72 179 179
cliff 5312 272 18 179 179
tree 6808 280 87 0 179
fre 6876 276 272 179 179
tree 6920 264 80 0 179
tree 6984 264 79 0 179
tree 7176 280 79 0 179
tree 7208 280 87 0 179
stand 7224 280 289 0 179
fre 7332 276 269 179 179
fre 7404 276 269 179 179
tree 7416 264 19 0 179
tree 7864 280 87 0 179
fre 7932 276 272 179 179
tree 7976 264 80 0 179
tree 136 296 83 0 179
fre 252 316 74 179 179
fre 380 308 67 179 179
fre 420 308 76 179 179
fre 476 316 67 179 179
fre 476 300 76 179 179
fre 492 292 67 179 179
fre 604 316 67 179 179
fre 628 300 74 179 179
fre 700 308 67 179 179
fre 708 316 267 179 179
fre 748 292 67 179 179
fre 764 308 67 179 179
fre 788 316 76 179 179
fre 772 308 74 179 179
fre 860 308 67 179 179
fre 852 316 205 179 179
fre 844 292 74 179 179
fre 868 316 267 179 179
fre 868 292 67 179 179
fre 908 292 67 179 179
fre 924 308 67 179 179
fre 948 316 76 179 179
fre 932 308 74 179 179
fre 948 300 67 179 179
fre 940 292 67 179 179
fre 1116 316 67 179 179
fre 1132 316 74 179 179
fre 1164 300 76 179 179
fre 1180 308 67 179 179
fre 1244 300 76 179 179
fre 1244 292 76 179 179
fre 1292 316 74 179 179
fre 1324 292 74 179 179
fre 1516 300 67 179 179
fre 1548 292 67 179 179
fre 1572 308 205 179 179
fre 1668 292 67 179 179
fre 1708 292 67 179 179
fre 1972 292 74 179 179
fre 1996 300 67 179 179
fre 1988 316 74 179 179
fre 2068 300 74 179 179
tree 2168 312 85 0 179
fre 2220 308 205 179 179
fre 2300 316 74 179 179
fre 2332 300 67 179 179
fre 2372 300 67 179 179
fre 2420 308 205 179 179
fre 2436 316 205 179 179
fre 2500 308 205 179 179
fre 2596 300 76 179 179
fre 2660 292 74 179 179
fre 2908 308 73 179 179
fre 2900 316 73 179 179
tree 3208 296 83 0 179
tree 3240 312 84 0 179
tree 3288 312 40 0 179
tree 3352 296 80 0 179
fre 3636 316 194 179 179
stand 3672 312 316 0 179
stand 3736 296 316 0 179
fre 3892 316 59 179 179
stand 3880 296 316 0 179
fre 3924 308 38 179 179
tree 3944 296 45 0 179
fre 4068 300 38 179 179
fre 4116 316 38 179 179
fre 4252 300 77 179 179
fre 4412 292 271 179 179
stand 4456 296 402 0 179
tree 4600 312 88 0 179
fre 4604 300 271 179 179
tree 4616 296 88 0 179
tree 4616 312 88 0 179
tree 4648 296 87 0 179
stand 4792 296 402 0 179
cliff 4800 304 17 179 179
stand 4888 312 402 0 179
lay 4904 296 19 0 179
lay 4952 312 19 0 179
fre 5100 308 72 179 179
fre 5108 308 72 179 179
tree 5144 312 86 0 179
fre 5212 300 85 179 179
stand 5208 312 405 0 179
stand 5256 312 369 0 179
tree 5288 296 86 0 179
tree 6808 296 87 0 179
tree 6872 296 79 0 179
tree 6888 296 79 0 179
fre 7324 316 2 179 179
tree 7416 296 80 0 179
fre 7476 308 272 179 179
tree 7496 296 19 0 179
tree 7864 296 87 0 179
tree 7928 296 79 0 179
tree 7944 296 79 0 179
fre 316 340 67 179 179
fre 380 332 76 179 179
fre 380 324 76 179 179
fre 428 348 74 179 179
fre 460 324 74 179 179
fre 492 348 76 179 179
fre 548 324 67 179 179
fre 596 348 67 179 179
fre 692 348 67 179 179
fre 740 324 74 179 179
fre 812 340 74 179 179
fre 900 324 74 179 179
fre 900 332 67 179 179
fre 940 340 84 179 179
fre 972 340 74 179 179
fre 1140 332 74 179 179
fre 1156 340 76 179 179
fre 1204 340 67 179 179
fre 1212 340 74 179 179
fre 1228 324 67 179 179
fre 1244 348 205 179 179
fre 1356 332 67 179 179
fre 1428 332 74 179 179
tree 1528 344 85 0 179
fre 1580 340 205 179 179
fre 1660 348 74 179 179
fre 1692 332 67 179 179
fre 1732 332 67 179 179
fre 1780 340 205 179 179
fre 1796 348 205 179 179
fre 1860 340 205 179 179
fre 1916 324 67 179 179
fre 1972 340 76 179 179
fre 1956 332 76 179 179
fre 2020 324 74 179 179
fre 2092 340 67 179 179
tree 2152 344 85 0 179
fre 2188 348 205 179 179
fre 2220 340 67 179 179
fre 2228 348 67 179 179
fre 2244 324 205 179 179
fre 2284 324 67 179 179
fre 2324 332 67 179 179
fre 2308 324 67 179 179
fre 2476 324 205 179 179
tree 2472 344 82 0 179
tree 2488 344 85 0 179
fre 2500 340 205 179 179
fre 2572 324 74 179 179
fre 2612 324 74 179 179
fre 2780 340 76 179 179
fre 2788 332 67 179 179
fre 2812 324 84 179 179
fre 2860 332 76 179 179
fre 2900 324 73 179 179
fre 2972 324 67 179 179
fre 3020 332 76 179 179
fre 3084 340 67 179 179
tree 3240 344 83 0 179
tree 3288 328 40 0 179
fre 3524 324 194 179 179
stand 3704 344 316 0 179
tree 3688 328 45 0 179
stand 3736 344 318 0 179
fre 3740 348 197 179 179
tree 3896 328 45 0 179
stand 3944 328 316 0 179
tree 3944 328 45 0 179
fre 4052 332 38 179 179
fre 4068 340 38 179 179
fre 4236 332 72 179 179
tree 4280 328 34 0 179
tree 4376 344 87 0 179
tree 4392 344 8 0 179
fre 4428 324 77 179 179
fre 4532 348 271 179 179
tree 4584 344 88 0 179
tree 4680 328 40 0 179
tree 4696 344 40 0 179
stand 4712 344 405 0 179
cliff 4768 320 44 179 179
trop 4796 348 96 179 179
trop 4892 348 97 179 179
stand 4904 344 402 0 179
cliff 4928 320 17 179 179
lay 5032 328 0 0 179
lay 5032 344 0 0 179
fre 5180 340 72 179 179
fre 5156 340 72 179 179
fre 5196 332 72 179 179
stand 5272 344 373 0 179
tree 5336 344 86 0 179
tree 5320 344 86 0 179
tree 6824 328 87 0 179
tree 6888 344 87 0 179
tree 6952 344 79 0 179
tree 7000 344 87 0 179
fre 7076 348 2 179 179
fre 7140 340 2 179 179
tree 7400 344 87 0 179
tree 7464 344 19 0 179
tree 7880 328 87 0 179
tree 7944 344 87 0 179
tree 8008 344 79 0 179
fre 340 372 67 179 179
fre 348 372 74 179 179
fre 380 380 205 179 179
fre 596 364 67 179 179
fre 668 372 67 179 179
fre 756 380 76 179 179
fre 788 372 67 179 179
fre 788 380 67 179 179
fre 860 380 67 179 179
fre 948 372 67 179 179
fre 948 380 67 179 179
fre 1020 380 67 179 179
fre 1164 380 74 179 179
fre 1204 380 67 179 179
fre 1196 356 74 179 179
fre 1372 380 74 179 179
fre 1388 356 67 179 179
fre 1428 356 67 179 179
fre 1452 372 67 179 179
tree 1512 376 85 0 179
fre 1548 380 205 179 179
fre 1580 372 67 179 179
fre 1588 380 67 179 179
fre 1604 356 205 179 179
fre 1644 356 67 179 179
fre 1684 364 67 179 179
fre 1668 356 67 179 179
fre 1836 356 205 179 179
tree 1832 376 82 0 179
tree 1848 376 85 0 179
fre 1860 372 205 179 179
fre 1932 356 74 179 179
fre 1972 356 74 179 179
fre 2140 372 76 179 179
fre 2148 364 67 179 179
fre 2172 356 84 179 179
fre 2188 364 67 179 179
fre 2220 356 205 179 179
fre 2212 364 205 179 179
fre 2220 364 76 179 179
fre 2260 356 73 179 179
fre 2404 364 76 179 179
fre 2444 356 205 179 179
fre 2484 372 205 179 179
fre 2484 364 205 179 179
tree 2488 360 87 0 179
fre 2604 356 67 179 179
fre 2668 380 67 179 179
fre 2812 380 76 179 179
stand 2808 376 294 0 179
stand 2824 360 294 0 179
fre 3092 356 67 179 179
fre 3332 372 267 179 179
fre 3340 372 194 179 179
stand 3336 360 280 0 179
fre 3380 372 196 179 179
tree 3384 376 87 0 179
tree 3432 360 79 0 179
tree 3496 376 77 0 179
fre 3612 356 194 179 179
tree 3720 376 45 0 179
trop 3796 380 139 179 179
fre 3892 372 59 179 179
stand 3896 360 316 0 179
fre 3932 372 38 179 179
stand 3944 376 356 0 179
fre 3972 364 59 179 179
tree 4040 360 34 0 179
fre 4092 364 38 179 179
fre 4084 380 38 179 179
fre 4100 364 38 179 179
trop 4180 380 139 179 179
fre 4228 364 77 179 179
tree 4232 376 83 0 179
tree 4408 360 83 0 179
tree 4392 360 83 0 179
stand 4472 376 402 0 179
stand 4488 376 402 0 179
stand 4536 376 405 0 179
tree 4568 376 86 0 179
tree 4632 376 40 0 179
lay 4664 360 39 0 179
stand 4696 376 247 0 179
stand 4680 360 405 0 179
cliff 4720 352 44 179 179
stand 4744 360 402 0 179
lay 4856 360 52 0 179
fre 4844 380 86 179 179
fre 4836 364 86 179 179
stand 4888 376 405 0 179
stand 4920 376 14 0 179
stand 4920 360 405 0 179
lay 5032 376 1 0 179
lay 5080 376 2 0 179
cliff 5088 368 14 179 179
fre 5236 372 72 179 179
fre 5236 356 72 179 179
tree 5272 360 45 0 179
stand 5304 360 405 0 179
tree 5320 376 87 0 179
tree 5336 376 86 0 179
lay 5608 360 63 0 179
fre 300 412 83 179 179
fre 660 396 74 179 179
fre 716 396 76 179 179
fre 836 396 67 179 179
fre 860 396 74 179 179
fre 876 396 76 179 179
fre 884 404 76 179 179
fre 996 396 67 179 179
fre 1180 404 67 179 179
fre 1188 412 267 179 179
fre 1228 388 67 179 179
fre 1244 404 67 179 179
fre 1268 412 76 179 179
fre 1252 404 74 179 179
fre 1284 412 267 179 179
fre 1324 388 67 179 179
fre 1340 404 67 179 179
fre 1348 404 74 179 179
fre 1380 412 67 179 179
tree 1432 392 83 0 179
fre 1548 396 67 179 179
fre 1580 388 205 179 179
fre 1572 396 205 179 179
fre 1764 396 76 179 179
fre 1804 388 205 179 179
fre 1844 404 205 179 179
fre 1844 396 205 179 179
tree 1848 392 87 0 179
fre 1964 388 67 179 179
fre 2012 388 67 179 179
fre 2028 412 67 179 179
fre 2060 396 74 179 179
fre 2140 412 74 179 179
fre 2156 412 67 179 179
fre 2172 412 76 179 179
stand 2168 408 294 0 179
stand 2184 392 294 0 179
fre 2316 404 74 179 179
fre 2484 396 74 179 179
fre 2492 396 74 179 179
fre 2516 404 67 179 179
fre 2700 396 67 179 179
stand 2792 408 268 0 179
fre 2868 404 74 179 179
fre 2908 396 67 179 179
fre 3028 396 197 179 179
fre 3052 388 67 179 179
fre 3188 396 76 179 179
tree 3288 392 77 0 179
fre 3316 404 194 179 179
tree 3304 392 40 0 179
fre 3348 388 267 179 179
stand 3368 392 362 0 179
tree 3448 408 40 0 179
stand 3512 392 291 0 179
stand 3512 408 289 0 179
stand 3528 408 289 0 179
fre 3612 396 194 179 179
stand 3624 392 316 0 179
fre 3652 396 272 179 179
fre 3660 396 194 179 179
stand 3688 392 316 0 179
stand 3720 392 317 0 179
fre 3716 412 271 179 179
tree 3720 408 45 0 179
fre 3756 396 58 179 179
fre 3916 396 59 179 179
fre 3948 396 59 179 179
fre 3964 412 38 179 179
tree 4008 408 35 0 179
fre 4004 412 38 179 179
fre 4260 404 77 179 179
fre 4260 388 83 179 179
fre 4364 412 77 179 179
stand 4408 408 288 0 179
stand 4472 408 288 0 179
fre 4452 396 77 179 179
tree 4536 392 88 0 179
tree 4552 392 88 0 179
tree 4552 408 88 0 179
tree 4616 408 63 0 179
stand 4696 408 245 0 179
stand 4680 408 245 0 179
cliff 4672 384 44 179 179
cliff 4688 384 42 179 179
stand 4712 392 248 0 179
stand 4776 408 402 0 179
fre 4812 388 86 179 179
dom 4832 384 60 0 179
fre 4860 396 86 179 179
fre 4836 388 86 179 179
tree 4888 392 43 0 179
fre 4892 396 82 179 179
fre 4868 412 86 179 179
stand 4904 408 287 0 179
lay 5064 408 2 0 179
cliff 5152 384 12 179 179
tree 5192 392 86 0 179
fre 5196 404 72 179 179
fre 5212 404 72 179 179
fre 5236 404 72 179 179
fre 5236 412 72 179 179
tree 5256 408 18 0 179
tree 5304 408 45 0 179
tree 6824 408 81 0 179
tree 6920 392 87 0 179
fre 7052 404 2 179 179
tree 7176 408 87 0 179
fre 7364 388 2 179 179
fre 7428 404 2 179 179
fre 7612 412 2 179 179
fre 7676 396 2 179 179
tree 7688 408 81 0 179
tree 7784 392 87 0 179
fre 7916 404 2 179 179
fre 708 436 76 179 179
fre 780 420 67 179 179
fre 804 444 267 179 179
fre 844 420 67 179 179
fre 860 436 67 179 179
fre 868 436 76 179 179
fre 940 420 67 179 179
fre 964 444 267 179 179
fre 1004 420 67 179 179
fre 1020 436 67 179 179
fre 1220 420 74 179 179
fre 1252 444 67 179 179
fre 1292 436 74 179 179
fre 1316 420 74 179 179
fre 1372 420 67 179 179
fre 1388 436 74 179 179
fre 1436 444 74 179 179
fre 1420 428 74 179 179
fre 1452 420 67 179 179
fre 1492 420 67 179 179
fre 1500 444 74 179 179
fre 1516 444 67 179 179
fre 1676 436 74 179 179
fre 1844 428 74 179 179
fre 1852 428 74 179 179
fre 1876 436 67 179 179
fre 2060 428 67 179 179
stand 2152 440 268 0 179
fre 2228 436 74 179 179
fre 2244 444 67 179 179
fre 2268 428 67 179 179
fre 2692 428 197 179 179
fre 2732 444 74 179 179
fre 2964 436 67 179 179
fre 2996 420 76 179 179
fre 3124 436 74 179 179
tree 3256 440 83 0 179
stand 3240 424 294 0 179
tree 3448 424 39 0 179
tree 3480 424 77 0 179
tree 3496 440 40 0 179
fre 3612 444 196 179 179
stand 3640 424 291 0 179
stand 3688 440 316 0 179
fre 3708 420 197 179 179
fre 3708 428 197 179 179
stand 3720 440 317 0 179
tree 3720 424 45 0 179
stand 3848 424 318 0 179
fre 3916 436 59 179 179
stand 3928 424 316 0 179
fre 3956 436 38 179 179
stand 4024 424 402 0 179
tree 4056 424 35 0 179
fre 4228 420 72 179 179
fre 4252 420 72 179 179
fre 4252 436 72 179 179
stand 4344 424 402 0 179
stand 4328 424 405 0 179
tree 4360 440 16 0 179
fre 4356 436 272 179 179
fre 4396 444 72 179 179
fre 4436 444 272 179 179
tree 4552 440 87 0 179
tree 4600 440 63 0 179
tree 4632 440 14 0 179
tree 4664 440 43 0 179
cliff 4640 416 44 179 179
stand 4696 440 246 0 179
fre 4716 444 77 179 179
stand 4712 440 405 0 179
stand 4792 440 288 0 179
fre 4796 436 86 179 179
fre 4812 428 86 179 179
fre 4828 436 86 179 179
fre 4812 436 86 179 179
fre 4868 444 86 179 179
stand 4952 440 402 0 179
trop 4972 444 99 179 179
stand 5016 440 402 0 179
lay 5112 440 29 0 179
lay 5096 424 16 0 179
tree 5128 424 56 0 179
stand 5208 440 405 0 179
fre 5204 436 72 179 179
fre 5284 436 72 179 179
cliff 5392 416 76 179 179
tree 7144 440 34 0 179
fre 7476 420 2 179 179
fre 7580 436 2 179 179
fre 7612 428 2 179 179
tree 8008 440 34 0 179
tree 296 456 87 0 179
tree 424 472 87 0 179
tree 456 472 44 0 179
tree 536 456 44 0 179
fre 716 476 74 179 179
fre 756 476 67 179 179
fre 748 452 74 179 179
fre 772 476 67 179 179
fre 836 452 74 179 179
fre 876 476 74 179 179
tree 872 456 78 0 179
fre 916 476 67 179 179
fre 908 452 74 179 179
fre 932 476 67 179 179
fre 996 452 74 179 179
fre 1004 460 194 179 179
tree 1112 472 80 0 179
fre 1188 460 194 179 179
fre 1268 468 67 179 179
fre 1268 476 67 179 179
tree 1272 472 40 0 179
fre 1340 476 67 179 179
fre 1364 468 67 179 179
fre 1364 476 67 179 179
fre 1348 476 267 179 179
fre 1388 452 67 179 179
fre 1404 468 67 179 179
fre 1436 476 67 179 179
fre 1412 468 74 179 179
fre 1444 476 67 179 179
tree 1496 456 83 0 179
fre 1604 476 67 179 179
fre 2052 460 197 179 179
fre 2092 476 74 179 179
fre 2204 452 67 179 179
fre 2196 476 67 179 179
fre 2228 452 67 179 179
fre 2300 460 74 179 179
fre 2324 468 67 179 179
fre 2356 452 76 179 179
fre 2420 476 74 179 179
fre 2540 452 67 179 179
fre 2596 476 76 179 179
fre 2636 468 74 179 179
fre 2708 476 67 179 179
fre 3028 468 74 179 179
fre 3036 452 74 179 179
fre 3124 452 67 179 179
fre 3180 476 67 179 179
stand 3272 472 303 0 179
stand 3288 472 303 0 179
fre 3340 476 194 179 179
fre 3364 452 194 179 179
fre 3444 468 194 179 179
fre 3580 460 130 179 179
fre 3588 452 194 179 179
stand 3672 472 316 0 179
tree 3672 472 45 0 179
tree 3704 472 45 0 179
stand 3736 472 318 0 179
fre 3748 476 197 179 179
stand 3912 472 316 0 179
tree 3928 472 45 0 179
fre 3964 476 59 179 179
fre 4004 476 38 179 179
tree 4056 456 38 0 179
tree 4072 472 38 0 179
fre 4084 476 38 179 179
fre 4276 476 72 179 179
tree 4312 472 16 0 179
tree 4360 456 26 0 179
fre 4364 452 77 179 179
stand 4504 456 402 0 179
stand 4504 472 402 0 179
tree 4520 472 86 0 179
tree 4568 472 88 0 179
fre 4564 460 77 179 179
cliff 4640 464 39 179 179
fre 4692 476 77 179 179
lay 4808 456 52 0 179
trop 4804 468 94 179 179
fre 4828 468 86 179 179
stand 4840 472 69 0 179
fre 4836 452 86 179 179
trop 5012 468 98 179 179
lay 5080 456 27 0 179
lay 5080 472 18 0 179
lay 5064 472 18 0 179
tree 5112 456 15 0 179
lay 5128 456 23 0 179
cliff 5152 464 13 179 179
fre 5244 460 52 179 179
fre 5220 460 72 179 179
fre 5220 452 72 179 179
fre 5276 476 72 179 179
fre 5284 468 72 179 179
fre 5308 476 72 179 179
tree 5336 456 86 0 179
cliff 5376 464 77 179 179
tree 6936 472 79 0 179
fre 7028 476 2 179 179
fre 7228 468 196 179 179
fre 7204 468 196 179 179
fre 7220 460 198 179 179
tree 7224 472 18 0 179
fre 7236 460 272 179 179
fre 7260 452 198 179 179
tree 7272 456 79 0 179
fre 7644 460 272 179 179
tree 7800 472 79 0 179
fre 7892 476 2 179 179
tree 280 488 78 0 179
fre 364 500 196 179 179
tree 632 504 40 0 179
tree 616 504 78 0 179
tree 664 488 80 0 179
fre 732 500 67 179 179
tree 744 488 40 0 179
fre 820 508 76 179 179
tree 824 504 80 0 179
fre 892 500 67 179 179
fre 916 508 196 179 179
tree 904 504 40 0 179
fre 980 508 76 179 179
fre 1196 492 76 179 179
fre 1196 500 194 179 179
fre 1260 508 74 179 179
fre 1292 492 76 179 179
fre 1316 492 67 179 179
fre 1316 508 67 179 179
fre 1380 484 74 179 179
fre 1412 492 67 179 179
fre 1468 508 74 179 179
fre 1452 500 74 179 179
fre 1500 508 74 179 179
fre 1516 484 67 179 179
fre 1556 484 67 179 179
fre 1564 484 67 179 179
fre 1556 508 67 179 179
fre 1588 484 67 179 179
fre 1660 492 74 179 179
fre 1780 508 74 179 179
fre 1900 484 67 179 179
fre 1956 508 76 179 179
fre 1996 500 74 179 179
fre 2052 508 67 179 179
fre 2068 508 67 179 179
fre 2164 484 197 179 179
fre 2156 500 67 179 179
fre 2148 484 67 179 179
fre 2364 508 67 179 179
fre 2396 484 74 179 179
stand 2376 504 270 0 179
fre 2532 508 67 179 179
fre 2580 492 197 179 179
fre 2804 508 76 179 179
fre 2908 484 67 179 179
fre 3028 484 205 179 179
tree 3256 504 84 0 179
fre 3372 484 267 179 179
fre 3500 508 194 179 179
fre 3636 500 194 179 179
fre 3652 484 193 179 179
fre 3700 500 193 179 179
fre 3684 492 271 179 179
fre 3692 492 194 179 179
fre 3740 492 58 179 179
stand 3720 504 316 0 179
stand 3896 504 316 0 179
fre 4052 492 38 179 179
fre 4100 484 38 179 179
fre 4236 500 77 179 179
fre 4244 500 72 179 179
fre 4268 508 74 179 179
fre 4260 508 72 179 179
fre 4292 500 72 179 179
tree 4344 488 16 0 179
fre 4332 500 74 179 179
tree 4360 504 9 0 179
fre 4484 508 77 179 179
fre 4484 484 77 179 179
tree 4536 488 86 0 179
tree 4552 504 86 0 179
tree 4600 504 42 0 179
stand 4616 504 288 0 179
tree 4632 488 42 0 179
stand 4712 504 288 0 179
fre 4732 492 77 179 179
stand 4744 504 405 0 179
stand 4808 488 288 0 179
trop 4868 500 96 179 179
tree 4968 504 40 0 179
fre 4988 500 77 179 179
stand 4984 488 405 0 179
lay 5080 488 33 0 179
lay 5064 504 22 0 179
lay 5080 504 19 0 179
lay 5096 504 29 0 179
lay 5096 488 23 0 179
fre 5204 500 72 179 179
fre 5204 492 72 179 179
fre 5236 492 72 179 179
stand 5320 488 13 0 179
lay 5624 488 62 0 179
tree 6856 488 34 0 179
fre 6932 492 272 179 179
fre 6932 484 269 179 179
tree 7112 488 33 0 179
tree 7192 504 80 0 179
fre 7228 500 272 179 179
fre 7204 508 196 179 179
fre 7204 484 198 179 179
fre 7260 484 198 179 179
stand 7240 504 289 0 179
stand 7272 504 369 0 179
tree 7384 504 33 0 179
stand 7416 488 351 0 179
tree 7720 488 34 0 179
fre 7796 492 272 179 179
fre 7796 484 269 179 179
tree 7976 488 33 0 179
tree 200 520 80 0 179
tree 248 520 40 0 179
fre 316 540 194 179 179
tree 296 520 40 0 179
tree 312 520 40 0 179
tree 424 520 79 0 179
tree 472 536 79 0 179
fre 564 524 194 179 179
fre 604 524 194 179 179
fre 612 516 196 179 179
tree 840 536 44 0 179
tree 968 520 79 0 179
fre 1052 516 194 179 179
tree 1160 536 78 0 179
fre 1188 532 76 179 179
fre 1260 516 67 179 179
fre 1268 524 74 179 179
fre 1284 540 267 179 179
fre 1284 532 76 179 179
fre 1324 516 67 179 179
fre 1340 532 67 179 179
fre 1356 516 67 179 179
fre 1412 540 267 179 179
fre 1428 532 67 179 179
fre 1428 540 67 179 179
fre 1468 540 67 179 179
fre 1452 516 67 179 179
fre 1468 532 67 179 179
fre 1476 532 74 179 179
fre 1500 540 67 179 179
fre 1508 540 67 179 179
fre 1524 516 197 179 179
fre 1516 532 67 179 179
fre 1508 516 67 179 179
tree 1560 520 83 0 179
fre 1724 540 67 179 179
fre 1756 516 74 179 179
stand 1736 536 270 0 179
fre 1828 540 267 179 179
fre 1884 532 67 179 179
fre 1868 516 67 179 179
fre 1892 532 74 179 179
fre 1892 540 67 179 179
fre 1940 524 197 179 179
fre 2116 524 67 179 179
fre 2164 516 67 179 179
fre 2156 532 67 179 179
fre 2164 540 76 179 179
fre 2268 516 67 179 179
stand 2328 520 296 0 179
fre 2388 516 205 179 179
fre 2500 524 76 179 179
fre 2532 540 267 179 179
fre 2732 532 76 179 179
fre 2804 516 76 179 179
fre 2836 516 67 179 179
fre 2828 532 76 179 179
fre 2820 516 76 179 179
stand 2824 520 294 0 179
fre 2940 540 76 179 179
fre 3036 516 74 179 179
fre 3028 532 81 179 179
fre 3036 540 81 179 179
fre 3068 516 76 179 179
fre 3044 532 81 179 179
fre 3052 540 81 179 179
fre 3156 532 67 179 179
fre 3140 532 67 179 179
tree 3272 520 84 0 179
stand 3272 536 280 0 179
fre 3396 516 267 179 179
fre 3428 532 194 179 179
tree 3496 536 39 0 179
fre 3636 532 196 179 179
stand 3704 536 316 0 179
fre 3708 540 193 179 179
fre 3740 540 58 179 179
stand 3880 536 316 0 179
tree 3896 520 45 0 179
tree 3912 520 45 0 179
fre 3964 532 59 179 179
stand 3992 536 402 0 179
fre 4092 524 38 179 179
stand 4072 536 402 0 179
tree 4248 536 83 0 179
fre 4228 524 72 179 179
tree 4280 520 9 0 179
fre 4276 540 72 179 179
fre 4292 524 74 179 179
fre 4372 516 204 179 179
tree 4360 520 83 0 179
fre 4468 540 77 179 179
stand 4472 536 20 0 179
tree 4520 536 86 0 179
fre 4572 524 271 179 179
stand 4632 536 288 0 179
tree 4648 520 42 0 179
cliff 4640 528 40 179 179
fre 4700 516 77 179 179
tree 4712 536 23 0 179
stand 4728 520 402 0 179
tree 4952 536 36 0 179
fre 4932 540 82 179 179
fre 4972 524 77 179 179
tree 5080 536 54 0 179
lay 5080 520 18 0 179
lay 5096 520 32 0 179
cliff 5152 528 12 179 179
fre 5212 524 79 179 179
fre 5188 516 79 179 179
fre 5236 524 72 179 179
fre 5252 516 72 179 179
fre 5268 540 72 179 179
tree 5304 536 86 0 179
tree 5304 520 86 0 179
tree 5288 536 45 0 179
cliff 5312 528 79 179 179
cliff 5344 512 80 179 179
lay 5448 536 60 0 179
tree 6936 536 79 0 179
tree 6968 536 87 0 179
fre 7044 524 2 179 179
fre 7156 516 198 179 179
tree 7144 536 87 0 179
tree 7176 536 34 0 179
fre 7212 516 198 179 179
tree 7224 536 87 0 179
fre 7236 524 198 179 179
fre 7276 524 198 179 179
fre 7332 532 272 179 179
fre 7396 540 196 179 179
tree 7464 536 87 0 179
tree 7496 536 35 0 179
fre 7580 516 2 179 179
fre 7588 524 2 179 179
tree 7800 536 79 0 179
tree 7832 536 87 0 179
fre 7908 524 2 179 179
fre 8020 516 198 179 179
tree 8008 536 87 0 179
tree 184 552 44 0 179
tree 184 568 87 0 179
tree 232 552 40 0 179
tree 440 552 78 0 179
tree 456 552 40 0 179
tree 488 552 40 0 179
tree 520 568 40 0 179
fre 700 564 196 179 179
tree 712 568 40 0 179
tree 760 568 78 0 179
tree 936 552 79 0 179
tree 984 568 44 0 179
tree 1000 552 44 0 179
fre 1196 572 74 179 179
fre 1236 572 67 179 179
fre 1228 548 74 179 179
fre 1252 572 67 179 179
fre 1268 556 194 179 179
fre 1292 572 74 179 179
fre 1316 548 74 179 179
fre 1332 572 67 179 179
fre 1324 548 74 179 179
fre 1324 572 74 179 179
fre 1356 556 76 179 179
fre 1380 572 67 179 179
fre 1436 572 74 179 179
fre 1452 548 67 179 179
fre 1444 548 74 179 179
fre 1492 548 67 179 179
fre 1476 556 67 179 179
fre 1516 564 74 179 179
fre 1532 572 74 179 179
fre 1524 548 67 179 179
stand 1688 552 296 0 179
fre 1756 572 67 179 179
fre 1748 572 76 179 179
fre 1796 572 67 179 179
fre 1876 556 74 179 179
fre 1860 548 74 179 179
fre 1860 556 76 179 179
fre 1892 572 267 179 179
fre 2092 564 76 179 179
fre 2164 548 76 179 179
fre 2196 548 67 179 179
fre 2188 564 76 179 179
fre 2180 548 76 179 179
stand 2184 552 294 0 179
fre 2244 556 67 179 179
fre 2244 548 74 179 179
fre 2300 572 76 179 179
fre 2348 564 67 179 179
fre 2396 548 74 179 179
fre 2388 564 81 179 179
fre 2396 572 81 179 179
fre 2428 548 76 179 179
fre 2404 564 81 179 179
fre 2412 572 81 179 179
fre 2548 548 67 179 179
fre 2580 548 67 179 179
fre 2652 564 74 179 179
fre 2740 572 67 179 179
fre 2804 572 67 179 179
fre 2940 572 74 179 179
fre 3028 556 81 179 179
stand 3032 552 294 0 179
fre 3076 564 67 179 179
fre 3124 548 74 179 179
fre 3228 548 205 179 179
tree 3272 552 40 0 179
fre 3332 564 194 179 179
tree 3480 552 77 0 179
fre 3708 556 194 179 179
tree 3704 552 45 0 179
stand 3752 568 318 0 179
trop 3796 556 139 179 179
stand 3928 552 316 0 179
tree 3928 552 45 0 179
tree 4008 552 33 0 179
tree 4008 568 33 0 179
tree 4056 552 35 0 179
trop 4180 548 139 179 179
fre 4276 548 72 179 179
fre 4316 548 72 179 179
tree 4424 552 83 0 179
cliff 4640 560 37 179 179
fre 4852 556 77 179 179
fre 4852 572 77 179 179
stand 4888 568 288 0 179
stand 4920 552 287 0 179
stand 4936 568 288 0 179
fre 4948 556 77 179 179
tree 5080 552 55 0 179
lay 5064 568 15 0 179
fre 5196 564 79 179 179
fre 5220 548 82 179 179
tree 6856 552 87 0 179
tree 6872 552 87 0 179
stand 6888 552 288 0 179
stand 6984 552 288 0 179
fre 7068 556 2 179 179
fre 7164 572 198 179 179
stand 7224 568 289 0 179
stand 7272 552 367 0 179
tree 7336 552 87 0 179
tree 7352 568 35 0 179
stand 7416 552 353 0 179
fre 7604 556 2 179 179
tree 7720 552 87 0 179
tree 7736 552 87 0 179
stand 7752 552 288 0 179
stand 7848 552 288 0 179
fre 7932 556 2 179 179
fre 8028 572 198 179 179
tree 168 584 44 0 179
tree 232 600 76 0 179
fre 324 588 194 179 179
tree 440 584 87 0 179
tree 552 584 44 0 179
fre 756 604 194 179 179
tree 792 600 79 0 179
tree 840 600 79 0 179
tree 952 584 40 0 179
tree 1016 584 44 0 179
fre 1164 588 196 179 179
fre 1212 596 67 179 179
fre 1300 604 76 179 179
fre 1308 596 67 179 179
fre 1332 588 74 179 179
fre 1348 604 267 179 179
fre 1348 596 76 179 179
fre 1396 604 76 179 179
fre 1388 580 67 179 179
fre 1404 596 67 179 179
fre 1412 596 74 179 179
fre 1420 580 67 179 179
fre 1444 604 67 179 179
tree 1496 584 83 0 179
fre 1492 596 67 179 179
fre 1492 604 67 179 179
fre 1532 604 67 179 179
fre 1564 604 67 179 179
fre 1604 588 67 179 179
fre 1604 580 74 179 179
fre 1708 596 67 179 179
fre 1732 588 67 179 179
fre 1788 604 74 179 179
fre 1908 596 67 179 179
fre 1908 604 67 179 179
fre 1908 580 67 179 179
fre 1940 580 67 179 179
fre 2012 596 74 179 179
fre 2052 596 67 179 179
fre 2100 604 67 179 179
fre 2164 604 67 179 179
fre 2300 604 74 179 179
fre 2356 604 67 179 179
fre 2388 588 81 179 179
stand 2392 584 294 0 179
fre 2460 604 67 179 179
fre 2436 596 67 179 179
fre 2508 580 76 179 179
fre 2500 596 74 179 179
fre 2556 588 197 179 179
fre 2628 580 67 179 179
tree 2728 600 83 0 179
fre 2924 580 67 179 179
fre 3228 596 205 179 179
stand 3272 584 280 0 179
tree 3352 584 87 0 179
tree 3400 600 79 0 179
tree 3512 584 80 0 179
tree 3608 584 76 0 179
tree 3656 600 44 0 179
stand 3720 600 317 0 179
fre 3820 588 197 179 179
stand 3848 600 318 0 179
fre 3908 580 59 179 179
stand 3976 584 352 0 179
tree 4040 600 34 0 179
fre 4084 588 190 179 179
fre 4244 596 203 179 179
fre 4292 604 203 179 179
fre 4380 604 203 179 179
fre 4460 588 51 179 179
fre 4636 588 203 179 179
trop 4780 580 100 179 179
tree 4824 600 40 0 179
fre 4804 604 77 179 179
tree 4840 600 40 0 179
fre 4836 588 77 179 179
fre 4892 580 77 179 179
fre 4884 604 77 179 179
stand 4872 600 402 0 179
stand 4872 584 405 0 179
stand 4920 584 405 0 179
stand 4936 584 402 0 179
trop 5012 580 99 179 179
lay 5064 584 44 0 179
tree 5096 600 54 0 179
cliff 5152 592 10 179 179
tree 5192 584 86 0 179
fre 5244 604 84 179 179
tree 5272 600 45 0 179
tree 5304 584 86 0 179
cliff 5312 576 79 179 179
fre 6828 604 2 179 179
stand 6984 584 288 0 179
stand 7176 584 289 0 179
stand 7240 584 289 0 179
tree 7400 584 33 0 179
fre 7476 604 272 179 179
tree 7464 584 87 0 179
fre 7692 604 2 179 179
stand 7848 584 288 0 179
fre 428 620 194 179 179
fre 420 636 194 179 179
tree 648 616 80 0 179
fre 756 620 196 179 179
tree 808 616 40 0 179
tree 856 616 40 0 179
fre 948 612 194 179 179
fre 1068 636 194 179 179
fre 1068 612 194 179 179
tree 1128 632 40 0 179
tree 1144 616 79 0 179
tree 1224 632 80 0 179
fre 1300 620 74 179 179
fre 1316 636 67 179 179
fre 1356 636 74 179 179
fre 1380 612 74 179 179
fre 1388 636 74 179 179
fre 1396 636 67 179 179
fre 1388 612 74 179 179
fre 1420 620 76 179 179
fre 1412 628 67 179 179
fre 1452 628 74 179 179
fre 1540 620 67 179 179
fre 1596 636 74 179 179
fre 1716 636 67 179 179
fre 1788 636 67 179 179
fre 1804 636 74 179 179
fre 1820 636 67 179 179
fre 1836 620 76 179 179
fre 1868 612 76 179 179
fre 1860 628 74 179 179
fre 1916 620 197 179 179
fre 1972 612 67 179 179
fre 1988 612 67 179 179
fre 2044 612 76 179 179
tree 2088 632 83 0 179
fre 2244 636 267 179 179
fre 2268 636 74 179 179
fre 2300 628 67 179 179
fre 2284 612 67 179 179
fre 2308 628 74 179 179
fre 2324 612 67 179 179
fre 2380 636 74 179 179
fre 2444 620 74 179 179
fre 2452 620 74 179 179
fre 2484 628 67 179 179
fre 2532 620 76 179 179
fre 2684 628 67 179 179
fre 2820 636 267 179 179
fre 2876 628 67 179 179
fre 3068 620 74 179 179
fre 3108 636 67 179 179
fre 3212 636 205 179 179
tree 3256 616 40 0 179
tree 3240 616 84 0 179
fre 3316 620 194 179 179
tree 3368 616 87 0 179
tree 3448 616 39 0 179
tree 3608 616 76 0 179
tree 3640 632 44 0 179
fre 3668 628 271 179 179
fre 3716 636 193 179 179
stand 3752 616 318 0 179
fre 3788 620 197 179 179
stand 3896 616 316 0 179
tree 3928 616 45 0 179
stand 3944 616 316 0 179
tree 3944 616 45 0 179
fre 3988 628 59 179 179
fre 4052 620 38 179 179
fre 4228 628 77 179 179
fre 4236 620 72 179 179
trop 4284 612 93 179 179
fre 4284 612 74 179 179
fre 4276 620 74 179 179
fre 4284 636 72 179 179
fre 4316 620 74 179 179
fre 4348 636 77 179 179
fre 4332 620 74 179 179
fre 4348 620 74 179 179
fre 4324 620 72 179 179
fre 4364 628 74 179 179
trop 4412 612 93 179 179
stand 4392 632 405 0 179
fre 4460 612 203 179 179
fre 4500 620 77 179 179
fre 4484 636 77 179 179
trop 4540 612 93 179 179
fre 4540 628 77 179 179
fre 4516 628 77 179 179
fre 4556 612 203 179 179
tree 4552 632 83 0 179
stand 4600 616 405 0 179
trop 4668 612 93 179 179
fre 4692 612 203 179 179
tree 4776 616 40 0 179
tree 4808 632 23 0 179
stand 4808 616 402 0 179
lay 5048 616 38 0 179
lay 5048 632 39 0 179
lay 5080 632 17 0 179
cliff 5120 624 2 179 179
fre 5172 612 72 179 179
tree 5192 616 86 0 179
stand 5240 632 405 0 179
fre 5220 636 72 179 179
cliff 5312 624 79 179 179
fre 6868 620 2 179 179
fre 6908 628 2 179 179
fre 6956 636 2 179 179
fre 7092 620 2 179 179
tree 7352 632 87 0 179
tree 7352 616 87 0 179
fre 7732 620 2 179 179
tree 7736 616 19 0 179
tree 7736 632 19 0 179
fre 7772 628 2 179 179
fre 7820 636 2 179 179
fre 7956 620 2 179 179
tree 200 664 76 0 179
tree 232 648 44 0 179
tree 392 664 40 0 179
fre 476 644 194 179 179
tree 600 648 76 0 179
tree 712 664 80 0 179
tree 872 648 40 0 179
tree 888 648 40 0 179
fre 988 644 194 179 179
fre 1068 644 194 179 179
tree 1176 664 40 0 179
tree 1176 648 40 0 179
tree 1240 664 44 0 179
fre 1332 644 67 179 179
fre 1372 660 67 179 179
fre 1396 652 74 179 179
fre 1404 644 76 179 179
fre 1428 660 67 179 179
fre 1428 668 67 179 179
fre 1412 660 76 179 179
fre 1460 668 76 179 179
fre 1500 668 67 179 179
fre 1484 644 67 179 179
fre 1596 668 67 179 179
fre 1628 668 74 179 179
fre 1684 644 67 179 179
fre 1740 668 74 179 179
fre 1812 652 74 179 179
fre 1804 652 74 179 179
fre 1828 660 76 179 179
fre 1844 660 67 179 179
fre 1900 644 67 179 179
fre 1892 652 76 179 179
fre 1980 668 67 179 179
fre 2036 644 74 179 179
fre 2044 660 67 179 179
fre 2140 660 67 179 179
fre 2116 660 74 179 179
fre 2172 668 67 179 179
fre 2164 668 76 179 179
fre 2180 668 267 179 179
fre 2212 668 67 179 179
fre 2220 644 67 179 179
fre 2236 660 67 179 179
fre 2244 660 74 179 179
fre 2292 652 74 179 179
fre 2276 644 74 179 179
fre 2276 668 67 179 179
tree 2328 648 83 0 179
tree 2344 664 83 0 179
fre 2404 668 67 179 179
fre 2428 668 67 179 179
fre 2428 652 74 179 179
fre 2468 668 67 179 179
fre 2660 644 67 179 179
fre 2756 660 67 179 179
fre 2852 644 74 179 179
fre 3012 644 76 179 179
tree 3256 664 40 0 179
tree 3240 664 83 0 179
stand 3256 648 280 0 179
tree 3400 648 81 0 179
fre 3508 644 196 179 179
tree 3496 648 40 0 179
tree 3528 648 87 0 179
fre 3668 660 271 179 179
stand 3704 664 316 0 179
tree 3688 664 45 0 179
stand 3720 664 316 0 179
fre 3740 644 194 179 179
tree 3736 664 45 0 179
tree 3720 664 45 0 179
fre 3756 668 58 179 179
stand 3880 664 316 0 179
stand 3928 664 316 0 179
tree 3912 648 45 0 179
stand 3992 664 316 0 179
fre 4092 668 38 179 179
fre 4220 660 77 179 179
tree 4232 648 83 0 179
fre 4228 668 73 179 179
fre 4260 660 77 179 179
tree 4312 664 16 0 179
stand 4312 664 402 0 179
fre 4340 660 77 179 179
fre 4348 660 83 179 179
fre 4324 644 74 179 179
stand 4360 664 405 0 179
fre 4356 644 74 179 179
fre 4412 668 77 179 179
stand 4408 648 402 0 179
fre 4412 644 74 179 179
tree 4424 648 16 0 179
tree 4440 648 16 0 179
fre 4492 660 77 179 179
fre 4492 668 77 179 179
fre 4508 660 85 179 179
fre 4612 644 77 179 179
tree 4664 648 16 0 179
fre 4668 652 77 179 179
fre 4684 652 77 179 179
stand 4728 664 10 0 179
fre 4764 660 77 179 179
tree 4792 664 33 0 179
tree 4776 648 23 0 179
trop 4868 668 96 179 179
trop 4948 644 100 179 179
lay 4984 664 18 0 179
lay 5032 648 46 0 179
fre 5164 668 77 179 179
fre 5172 652 83 179 179
fre 5156 652 72 179 179
stand 5208 664 405 0 179
tree 5240 648 17 0 179
fre 5220 660 77 179 179
fre 5244 668 72 179 179
fre 5244 652 72 179 179
tree 5272 664 86 0 179
fre 5308 660 79 179 179
lay 5720 648 61 0 179
tree 6824 664 87 0 179
fre 6956 644 269 179 179
fre 7044 644 2 179 179
fre 7108 668 2 179 179
fre 7180 652 2 179 179
fre 7276 644 2 179 179
tree 7448 664 35 0 179
tree 7544 648 79 0 179
tree 7560 648 79 0 179
fre 7596 660 2 179 179
tree 7688 664 87 0 179
tree 7736 664 34 0 179
fre 7820 644 269 179 179
fre 7908 644 2 179 179
fre 7972 668 2 179 179
stand 152 696 280 0 179
fre 332 676 196 179 179
tree 328 696 80 0 179
tree 392 696 77 0 179
fre 476 700 194 179 179
tree 632 696 40 0 179
tree 648 696 40 0 179
tree 648 680 76 0 179
tree 728 696 87 0 179
fre 796 676 194 179 179
fre 892 692 267 179 179
fre 932 684 197 179 179
fre 940 684 194 179 179
fre 1028 676 197 179 179
fre 1084 692 267 179 179
fre 1116 684 194 179 179
fre 1124 676 197 179 179
fre 1196 700 194 179 179
fre 1324 700 74 179 179
fre 1340 700 67 179 179
fre 1356 684 76 179 179
fre 1364 684 74 179 179
fre 1396 676 74 179 179
fre 1420 700 74 179 179
fre 1460 700 67 179 179
fre 1452 676 74 179 179
fre 1476 684 67 179 179
fre 1500 692 67 179 179
fre 1476 692 74 179 179
fre 1532 700 74 179 179
fre 1580 676 67 179 179
fre 1604 692 74 179 179
fre 1636 700 67 179 179
tree 1688 680 83 0 179
tree 1704 696 83 0 179
fre 1764 700 67 179 179
fre 1788 700 67 179 179
fre 1836 700 74 179 179
fre 1876 700 67 179 179
fre 1868 676 74 179 179
fre 2020 692 67 179 179
fre 2020 676 67 179 179
fre 2116 692 67 179 179
fre 2148 684 67 179 179
fre 2148 700 267 179 179
fre 2204 700 74 179 179
fre 2204 692 67 179 179
fre 2188 676 67 179 179
fre 2212 692 74 179 179
fre 2212 676 74 179 179
fre 2284 692 74 179 179
fre 2324 692 67 179 179
fre 2324 700 67 179 179
fre 2372 676 76 179 179
fre 2516 676 67 179 179
fre 2556 684 74 179 179
fre 2620 684 76 179 179
fre 2652 676 197 179 179
fre 2900 692 67 179 179
fre 2900 700 67 179 179
fre 2972 700 67 179 179
fre 3196 684 205 179 179
fre 3220 676 205 179 179
fre 3204 684 205 179 179
tree 3368 680 79 0 179
tree 3416 680 40 0 179
stand 3480 680 359 0 179
tree 3592 680 79 0 179
fre 3676 700 196 179 179
tree 3656 680 44 0 179
stand 3736 696 316 0 179
trop 3828 700 192 179 179
fre 3812 684 197 179 179
stand 3992 696 316 0 179
stand 3976 680 355 0 179
tree 4008 680 45 0 179
tree 4008 696 45 0 179
fre 4052 676 59 179 179
trop 4172 692 139 179 179
fre 4220 676 77 179 179
fre 4220 684 73 179 179
fre 4244 700 77 179 179
stand 4296 696 287 0 179
fre 4316 676 77 179 179
fre 4324 676 77 179 179
fre 4372 700 74 179 179
fre 4412 684 204 179 179
stand 4408 696 402 0 179
fre 4420 700 74 179 179
tree 4504 696 83 0 179
lay 4520 680 51 0 179
stand 4520 680 402 0 179
fre 4580 700 204 179 179
fre 4604 684 77 179 179
cliff 4656 672 36 179 179
tree 4712 696 40 0 179
lay 4920 680 23 0 179
tree 4936 680 40 0 179
lay 4952 696 39 0 179
lay 4984 680 18 0 179
lay 4968 680 41 0 179
tree 5016 680 21 0 179
lay 5000 696 18 0 179
cliff 5088 672 0 179 179
tree 5128 680 86 0 179
fre 5132 684 77 179 179
fre 5124 684 77 179 179
fre 5164 676 77 179 179
fre 5180 676 77 179 179
tree 5208 696 45 0 179
fre 5260 700 72 179 179
tree 6936 696 81 0 179
tree 7016 696 87 0 179
fre 7164 684 2 179 179
fre 7196 692 2 179 179
tree 7432 680 33 0 179
tree 7528 680 87 0 179
fre 7572 692 2 179 179
dom 7584 672 272 0 179
tree 7800 696 81 0 179
tree 7880 696 87 0 179
fre 8028 684 2 179 179
fre 284 724 196 179 179
fre 268 716 196 179 179
tree 264 712 76 0 179
tree 264 728 76 0 179
tree 312 728 87 0 179
tree 392 728 87 0 179
tree 600 728 79 0 179
tree 616 728 44 0 179
tree 696 728 87 0 179
tree 744 728 87 0 179
fre 868 716 197 179 179
fre 876 716 194 179 179
fre 1276 716 194 179 179
fre 1332 716 74 179 179
fre 1348 724 76 179 179
fre 1380 724 67 179 179
fre 1420 708 67 179 179
fre 1436 724 67 179 179
fre 1532 732 67 179 179
fre 1524 732 76 179 179
fre 1508 732 67 179 179
fre 1628 732 74 179 179
fre 1644 708 67 179 179
fre 1644 724 74 179 179
fre 1684 708 67 179 179
fre 1852 724 67 179 179
fre 1860 732 267 179 179
fre 1876 708 67 179 179
fre 1900 708 67 179 179
fre 1916 724 67 179 179
fre 1916 716 74 179 179
fre 1940 732 76 179 179
fre 1924 724 74 179 179
fre 1980 716 76 179 179
fre 2012 708 197 179 179
fre 2076 732 67 179 179
fre 2068 732 76 179 179
fre 2116 732 67 179 179
fre 2204 732 67 179 179
fre 2196 716 74 179 179
fre 2180 708 74 179 179
fre 2220 732 74 179 179
fre 2252 716 76 179 179
fre 2260 724 67 179 179
fre 2260 732 67 179 179
fre 2332 732 67 179 179
fre 2484 716 67 179 179
fre 2588 724 76 179 179
fre 2700 724 74 179 179
fre 2724 724 76 179 179
fre 2796 732 74 179 179
fre 2828 716 76 179 179
fre 3004 732 74 179 179
fre 3044 732 74 179 179
fre 3172 716 74 179 179
fre 3292 724 194 179 179
tree 3384 712 40 0 179
tree 3384 728 87 0 179
fre 3460 708 194 179 179
fre 3508 732 194 179 179
fre 3644 732 194 179 179
fre 3700 716 194 179 179
tree 3688 712 45 0 179
stand 4040 712 316 0 179
tree 4040 728 45 0 179
tree 4072 712 38 0 179
fre 4092 724 38 179 179
stand 4088 728 402 0 179
fre 4108 724 38 179 179
fre 4220 716 73 179 179
tree 4280 728 15 0 179
fre 4364 732 77 179 179
fre 4404 716 77 179 179
tree 4440 712 10 0 179
tree 4504 712 16 0 179
tree 4536 712 83 0 179
stand 4728 728 288 0 179
tree 4712 728 40 0 179
fre 4732 716 77 179 179
fre 4748 716 77 179 179
tree 4888 712 55 0 179
lay 4936 728 35 0 179
lay 4968 712 37 0 179
tree 5000 712 54 0 179
cliff 5072 704 1 179 179
fre 5124 732 77 179 179
fre 5148 708 77 179 179
fre 5132 732 77 179 179
fre 5132 724 72 179 179
fre 5180 716 77 179 179
fre 5164 708 72 179 179
fre 5164 732 72 179 179
tree 5208 728 86 0 179
cliff 5328 704 78 179 179
fre 6932 732 272 179 179
fre 7212 716 2 179 179
fre 7372 708 2 179 179
fre 7468 732 2 179 179
fre 7644 724 269 179 179
tree 7656 728 87 0 179
tree 7720 728 81 0 179
fre 7796 732 272 179 179
tree 168 744 44 0 179
tree 248 760 40 0 179
tree 232 744 77 0 179
tree 312 760 40 0 179
tree 376 760 77 0 179
fre 396 748 272 179 179
tree 408 744 40 0 179
fre 508 740 194 179 179
fre 836 740 194 179 179
fre 1044 764 272 179 179
stand 1048 760 385 0 179
stand 1064 760 380 0 179
fre 1140 740 197 179 179
fre 1196 740 197 179 179
fre 1188 748 194 179 179
fre 1356 764 74 179 179
fre 1396 764 67 179 179
fre 1388 740 74 179 179
fre 1428 748 74 179 179
fre 1564 764 74 179 179
fre 1540 764 267 179 179
fre 1580 740 67 179 179
fre 1596 756 67 179 179
fre 1620 740 67 179 179
fre 1604 756 74 179 179
fre 1636 764 67 179 179
tree 1688 744 83 0 179
fre 1844 748 67 179 179
fre 1892 740 74 179 179
fre 1948 756 76 179 179
fre 1964 756 74 179 179
fre 1988 740 74 179 179
fre 2052 748 67 179 179
fre 2060 756 74 179 179
fre 2108 764 74 179 179
fre 2084 756 76 179 179
tree 2120 744 85 0 179
fre 2156 764 74 179 179
fre 2188 748 76 179 179
fre 2228 748 74 179 179
fre 2228 756 67 179 179
fre 2228 764 67 179 179
fre 2244 756 76 179 179
fre 2316 740 67 179 179
fre 2308 748 67 179 179
fre 2364 764 74 179 179
fre 2380 740 205 179 179
fre 2404 764 74 179 179
tree 2536 744 83 0 179
fre 2652 764 74 179 179
fre 2780 756 67 179 179
fre 2820 756 76 179 179
fre 2892 740 67 179 179
fre 3004 764 67 179 179
fre 3100 756 74 179 179
fre 3188 756 205 179 179
tree 3240 760 83 0 179
fre 3252 740 134 179 179
fre 3332 764 194 179 179
fre 3580 740 194 179 179
fre 3764 740 197 179 179
stand 3784 744 317 0 179
tree 3800 760 45 0 179
trop 3940 756 193 179 179
stand 4040 760 316 0 179
fre 4084 748 59 179 179
tree 4344 744 86 0 179
tree 4328 760 87 0 179
stand 4360 744 287 0 179
fre 4372 748 74 179 179
tree 4456 760 86 0 179
tree 4648 744 86 0 179
fre 4644 740 204 179 179
tree 4696 744 27 0 179
tree 4728 760 29 0 179
cliff 4720 752 35 179 179
tree 4872 744 27 0 179
lay 4872 760 40 0 179
lay 4904 744 16 0 179
lay 4920 760 34 0 179
lay 4936 744 36 0 179
cliff 5024 736 1 179 179
stand 5080 760 405 0 179
tree 5096 760 87 0 179
tree 5112 760 88 0 179
fre 5172 748 77 179 179
tree 5192 760 86 0 179
cliff 5280 752 78 179 179
lay 5624 744 59 0 179
fre 6852 756 272 179 179
tree 6888 760 87 0 179
fre 6932 740 269 179 179
fre 6956 740 196 179 179
tree 7064 760 79 0 179
tree 7112 744 87 0 179
fre 7188 756 2 179 179
fre 7188 748 2 179 179
tree 7304 744 79 0 179
fre 7516 748 2 179 179
tree 7624 760 87 0 179
fre 7716 756 272 179 179
tree 7752 760 87 0 179
fre 7796 740 269 179 179
fre 7820 740 196 179 179
tree 7928 760 79 0 179
tree 7976 744 87 0 179
stand 152 776 280 0 179
stand 136 776 280 0 179
tree 184 792 44 0 179
tree 216 776 87 0 179
fre 332 796 196 179 179
fre 380 796 194 179 179
fre 500 788 194 179 179
fre 580 788 194 179 179
fre 628 780 194 179 179
fre 668 788 194 179 179
tree 712 776 40 0 179
tree 728 776 40 0 179
fre 796 780 197 179 179
fre 796 788 194 179 179
stand 984 792 385 0 179
stand 1016 792 386 0 179
stand 1080 776 386 0 179
stand 1128 792 386 0 179
fre 1372 788 67 179 179
fre 1348 772 74 179 179
fre 1460 796 76 179 179
fre 1476 796 267 179 179
tree 1480 776 85 0 179
fre 1516 772 67 179 179
fre 1532 788 67 179 179
fre 1508 796 67 179 179
fre 1540 788 74 179 179
fre 1572 796 67 179 179
fre 1572 772 74 179 179
tree 1624 776 83 0 179
fre 1644 788 74 179 179
fre 1668 780 67 179 179
fre 1740 772 205 179 179
tree 1896 776 83 0 179
fre 1940 788 67 179 179
fre 1940 796 67 179 179
fre 2012 796 67 179 179
fre 2012 780 76 179 179
fre 2108 796 67 179 179
fre 2124 796 74 179 179
fre 2140 788 67 179 179
fre 2156 780 76 179 179
fre 2164 780 74 179 179
fre 2180 788 76 179 179
fre 2252 796 74 179 179
fre 2252 772 67 179 179
fre 2292 796 67 179 179
fre 2284 772 74 179 179
fre 2364 796 67 179 179
fre 2388 796 205 179 179
fre 2380 772 74 179 179
fre 2404 772 67 179 179
fre 2460 788 74 179 179
fre 2484 780 67 179 179
fre 2476 772 67 179 179
fre 2716 788 67 179 179
fre 2780 780 76 179 179
fre 2780 772 76 179 179
fre 2828 796 74 179 179
fre 2860 772 74 179 179
fre 3108 780 74 179 179
tree 3224 776 83 0 179
fre 3260 788 267 179 179
tree 3464 792 81 0 179
fre 3684 772 194 179 179
stand 3832 792 316 0 179
tree 3832 792 45 0 179
fre 3860 788 271 179 179
tree 3896 792 45 0 179
stand 3912 792 316 0 179
tree 4088 792 34 0 179
fre 4220 772 77 179 179
zabor 4240 784 30 0 8
zabor 4272 784 31 0 8
zabor 4304 784 26 0 8
zabor 4336 784 31 0 8
zabor 4368 784 31 0 8
zabor 4400 784 26 0 8
zabor 4432 784 31 0 8
zabor 4464 784 26 0 8
zabor 4496 784 24 0 8
zabor 4528 784 25 0 8
zabor 4560 784 30 0 8
zabor 4592 784 24 0 8
zabor 4624 784 27 0 8
tree 4680 792 86 0 179
trop 4828 788 95 179 179
cliff 4864 784 50 179 179
cliff 4912 784 26 179 179
cliff 4976 768 24 179 179
tree 5048 792 88 0 179
fre 5076 772 77 179 179
fre 5076 788 72 179 179
stand 5064 792 369 0 179
tree 5096 776 88 0 179
tree 5112 792 88 0 179
fre 5108 772 77 179 179
fre 5164 780 72 179 179
tree 5224 792 86 0 179
tree 6824 776 81 0 179
fre 6852 788 272 179 179
tree 6952 792 35 0 179
tree 7000 776 18 0 179
tree 7080 792 87 0 179
tree 7416 776 34 0 179
fre 7492 788 269 179 179
tree 7688 776 81 0 179
fre 7716 788 272 179 179
tree 7816 792 35 0 179
tree 7864 776 18 0 179
tree 7944 792 87 0 179
stand 152 808 280 0 179
tree 232 824 40 0 179
fre 396 820 194 179 179
fre 460 820 194 179 179
fre 612 812 269 179 179
fre 660 820 194 179 179
fre 700 828 194 179 179
fre 764 812 194 179 179
fre 820 820 197 179 179
stand 952 808 384 0 179
tree 1000 808 87 0 179
tree 1016 808 34 0 179
stand 1064 808 381 0 179
stand 1064 824 380 0 179
stand 1144 824 386 0 179
fre 1244 804 2 179 179
fre 1364 812 74 179 179
fre 1372 828 67 179 179
fre 1372 812 76 179 179
fre 1444 828 67 179 179
fre 1508 804 74 179 179
fre 1524 812 74 179 179
fre 1580 820 74 179 179
fre 1620 820 67 179 179
fre 1620 828 67 179 179
fre 1692 828 67 179 179
fre 1748 828 205 179 179
fre 1740 804 74 179 179
fre 1764 804 67 179 179
fre 1844 812 67 179 179
fre 1836 804 67 179 179
fre 1868 812 76 179 179
fre 1988 812 67 179 179
fre 2028 828 76 179 179
fre 2076 820 67 179 179
fre 2084 804 67 179 179
fre 2132 812 74 179 179
fre 2132 828 67 179 179
fre 2140 812 76 179 179
fre 2140 804 76 179 179
fre 2148 820 76 179 179
fre 2188 828 74 179 179
fre 2220 804 67 179 179
fre 2228 828 67 179 179
fre 2268 820 67 179 179
fre 2276 828 267 179 179
fre 2316 804 67 179 179
fre 2332 820 67 179 179
fre 2356 828 76 179 179
fre 2340 820 74 179 179
fre 2436 812 67 179 179
fre 2476 820 84 179 179
fre 2604 812 74 179 179
fre 2740 820 67 179 179
fre 2748 820 74 179 179
fre 2780 828 205 179 179
fre 2932 828 67 179 179
fre 3004 828 67 179 179
fre 3116 812 76 179 179
fre 3156 820 205 179 179
fre 3172 812 76 179 179
fre 3348 812 194 179 179
tree 3576 824 77 0 179
tree 3640 824 27 0 179
fre 3740 820 194 179 179
stand 3768 808 316 0 179
stand 3864 808 316 0 179
fre 3884 820 58 179 179
stand 3896 808 317 0 179
tree 3880 824 45 0 179
stand 4072 824 316 0 179
fre 4212 804 77 179 179
zabor 4240 816 26 0 8
tree 4264 824 77 0 179
tree 4264 808 85 0 179
tree 4312 824 77 0 179
stand 4360 808 289 0 179
stand 4392 824 289 0 179
tree 4424 808 85 0 179
tree 4472 808 85 0 179
tree 4456 824 85 0 179
tree 4520 808 85 0 179
tree 4600 808 76 0 179
tree 4584 824 85 0 179
zabor 4624 816 28 0 8
tree 4696 808 86 0 179
cliff 4784 816 49 179 179
tree 5048 808 88 0 179
tree 5176 824 45 0 179
tree 5208 808 45 0 179
fre 6900 812 269 179 179
stand 6984 824 288 0 179
tree 7032 824 18 0 179
fre 7164 820 2 179 179
tree 7288 824 87 0 179
tree 7368 808 34 0 179
tree 7656 824 34 0 179
tree 7704 824 81 0 179
fre 7764 812 269 179 179
stand 7848 824 288 0 179
tree 7896 824 18 0 179
fre 8028 820 2 179 179
fre 164 844 194 179 179
fre 196 860 194 179 179
tree 232 840 40 0 179
tree 344 856 77 0 179
fre 444 852 194 179 179
fre 476 852 269 179 179
fre 460 860 194 179 179
fre 516 836 194 179 179
fre 548 860 197 179 179
fre 596 860 196 179 179
fre 620 860 197 179 179
fre 660 860 139 179 179
fre 764 860 197 179 179
fre 820 836 2 179 179
tree 1000 856 87 0 179
stand 1048 840 380 0 179
stand 1064 840 381 0 179
fre 1388 860 76 179 179
fre 1444 836 67 179 179
fre 1492 860 67 179 179
fre 1516 860 74 179 179
fre 1556 852 67 179 179
fre 1556 860 67 179 179
fre 1548 844 76 179 179
fre 1588 860 67 179 179
fre 1628 860 67 179 179
fre 1668 844 67 179 179
fre 1724 860 74 179 179
fre 1796 844 67 179 179
fre 1836 852 84 179 179
fre 1860 852 76 179 179
fre 1884 860 74 179 179
fre 1900 836 67 179 179
fre 1932 836 67 179 179
fre 1940 836 67 179 179
fre 1924 852 67 179 179
fre 1956 860 267 179 179
fre 1996 836 67 179 179
fre 2012 852 67 179 179
fre 2100 852 67 179 179
fre 2108 852 74 179 179
fre 2132 844 67 179 179
fre 2140 860 205 179 179
fre 2156 860 74 179 179
fre 2196 860 67 179 179
fre 2188 836 74 179 179
fre 2204 852 67 179 179
fre 2292 860 76 179 179
fre 2308 836 74 179 179
fre 2380 852 74 179 179
fre 2588 836 74 179 179
fre 2620 844 205 179 179
fre 2612 860 67 179 179
fre 2596 860 74 179 179
fre 2700 860 83 179 179
fre 2860 836 67 179 179
fre 3068 860 205 179 179
fre 3100 860 76 179 179
tree 3208 856 84 0 179
tree 3272 840 81 0 179
tree 3448 840 78 0 179
tree 3480 840 40 0 179
tree 3544 856 40 0 179
tree 3640 856 27 0 179
tree 3656 856 44 0 179
tree 3704 840 27 0 179
fre 3828 852 196 179 179
fre 3836 844 197 179 179
tree 3896 856 45 0 179
stand 4040 856 318 0 179
tree 4088 840 45 0 179
fre 4212 844 77 179 179
stand 4216 856 402 0 179
fre 4204 860 73 179 179
zabor 4240 848 27 0 8
fre 4292 860 74 179 179
fre 4332 836 74 179 179
fre 4332 860 74 179 179
fre 4372 852 66 179 179
fre 4396 852 74 179 179
tree 4456 856 41 0 179
stand 4504 840 353 0 179
zabor 4624 848 24 0 8
fre 4692 836 47 179 179
stand 4856 856 143 0 179
fre 4852 860 86 179 179
tree 4872 840 26 0 179
tree 4904 856 86 0 179
tree 4920 856 88 0 179
tree 4952 856 24 0 179
fre 4940 836 77 179 179
tree 5000 856 88 0 179
tree 5032 840 87 0 179
tree 5064 856 8 0 179
tree 5176 856 45 0 179
tree 5224 840 86 0 179
fre 5220 852 77 179 179
cliff 5248 832 75 179 179
tree 6840 840 81 0 179
tree 6824 840 81 0 179
fre 6884 844 272 179 179
fre 6908 844 196 179 179
tree 6936 856 87 0 179
tree 7096 840 87 0 179
fre 7156 860 2 179 179
tree 7336 856 87 0 179
tree 7400 856 34 0 179
fre 7476 860 196 179 179
tree 7528 840 87 0 179
tree 7704 840 81 0 179
tree 7688 840 81 0 179
fre 7748 844 272 179 179
fre 7772 844 196 179 179
tree 7800 856 87 0 179
tree 7960 840 87 0 179
fre 8020 860 2 179 179
fre 284 892 194 179 179
fre 340 892 194 179 179
tree 536 888 87 0 179
fre 852 884 2 179 179
tree 936 888 87 0 179
fre 988 876 272 179 179
tree 1176 888 77 0 179
tree 1160 888 77 0 179
tree 1160 872 77 0 179
fre 1284 892 267 179 179
fre 1340 884 67 179 179
fre 1324 868 67 179 179
fre 1348 884 74 179 179
fre 1452 892 74 179 179
fre 1484 876 76 179 179
fre 1492 876 67 179 179
fre 1524 876 74 179 179
fre 1540 884 76 179 179
fre 1564 884 67 179 179
fre 1604 876 67 179 179
fre 1612 868 67 179 179
fre 1660 892 74 179 179
fre 1652 892 76 179 179
fre 1724 892 67 179 179
fre 1796 892 267 179 179
fre 1836 868 67 179 179
fre 1852 884 67 179 179
fre 1868 892 74 179 179
fre 1860 884 74 179 179
fre 1908 892 67 179 179
fre 1900 868 74 179 179
fre 1892 892 67 179 179
fre 1908 884 67 179 179
fre 1924 892 67 179 179
tree 1944 872 83 0 179
fre 1948 868 205 179 179
fre 1988 868 74 179 179
fre 2020 884 205 179 179
fre 2060 892 83 179 179
fre 2132 884 67 179 179
fre 2132 892 67 179 179
fre 2172 884 67 179 179
fre 2180 892 267 179 179
fre 2196 876 74 179 179
fre 2220 868 67 179 179
fre 2236 884 67 179 179
fre 2260 892 76 179 179
fre 2244 884 74 179 179
fre 2356 884 67 179 179
fre 2356 892 67 179 179
fre 2396 876 74 179 179
fre 2428 892 67 179 179
fre 2420 884 76 179 179
fre 2484 868 67 179 179
fre 2532 876 67 179 179
fre 2564 884 205 179 179
fre 2580 868 205 179 179
fre 2620 892 74 179 179
fre 2676 884 67 179 179
fre 2692 892 74 179 179
fre 2732 876 74 179 179
fre 2772 892 205 179 179
fre 2884 868 205 179 179
fre 2996 868 205 179 179
fre 3116 868 76 179 179
tree 3192 872 85 0 179
tree 3288 872 80 0 179
stand 3304 888 400 0 179
fre 3412 884 194 179 179
tree 3512 872 40 0 179
tree 3592 872 77 0 179
tree 3656 888 44 0 179
fre 3740 884 194 179 179
fre 3804 876 272 179 179
fre 3796 884 197 179 179
stand 3784 888 291 0 179
stand 3880 872 317 0 179
stand 3912 888 318 0 179
trop 3964 892 139 179 179
stand 4104 872 316 0 179
tree 4104 888 45 0 179
trop 4164 868 139 179 179
fre 4212 868 77 179 179
fre 4204 884 73 179 179
zabor 4240 880 31 0 8
tree 4264 872 59 0 179
fre 4308 868 74 179 179
fre 4380 892 74 179 179
fre 4396 868 66 179 179
fre 4404 892 74 179 179
fre 4388 876 74 179 179
fre 4420 876 66 179 179
fre 4436 892 74 179 179
fre 4460 876 66 179 179
fre 4484 876 74 179 179
fre 4548 892 66 179 179
stand 4600 888 289 0 179
zabor 4624 880 30 0 8
fre 4692 868 204 179 179
stand 4680 888 402 0 179
stand 4696 888 405 0 179
fre 4724 868 47 179 179
trop 4796 884 92 179 179
fre 4772 892 55 179 179
fre 4844 892 47 179 179
tree 4936 888 86 0 179
tree 4952 872 87 0 179
fre 5052 884 72 179 179
fre 5052 868 72 179 179
fre 5108 868 50 179 179
fre 5148 884 72 179 179
fre 5172 892 77 179 179
tree 5192 872 86 0 179
lay 5608 888 58 0 179
tree 6872 872 81 0 179
tree 6936 872 87 0 179
fre 7020 892 196 179 179
tree 7496 872 33 0 179
tree 7624 872 19 0 179
tree 7656 888 19 0 179
tree 7672 888 18 0 179
fre 7700 892 196 179 179
tree 7736 872 81 0 179
tree 7800 872 87 0 179
fre 7884 892 196 179 179
fre 244 900 194 179 179
fre 412 908 194 179 179
fre 524 908 272 179 179
tree 600 904 87 0 179
tree 616 920 77 0 179
tree 648 904 87 0 179
fre 684 900 272 179 179
fre 732 900 197 179 179
fre 748 908 269 179 179
tree 760 904 87 0 179
tree 824 920 87 0 179
fre 836 908 196 179 179
tree 952 904 79 0 179
tree 1048 904 87 0 179
tree 1080 920 19 0 179
tree 1112 920 35 0 179
fre 1212 924 67 179 179
fre 1204 924 76 179 179
tree 1192 920 77 0 179
tree 1224 920 87 0 179
fre 1252 924 67 179 179
fre 1332 908 74 179 179
fre 1316 900 74 179 179
fre 1460 908 74 179 179
fre 1476 916 76 179 179
fre 1548 900 67 179 179
fre 1548 924 74 179 179
fre 1556 908 74 179 179
fre 1588 924 67 179 179
fre 1580 900 74 179 179
fre 1596 924 74 179 179
fre 1612 900 67 179 179
fre 1660 924 67 179 179
fre 1652 900 67 179 179
fre 1756 908 74 179 179
fre 1764 924 67 179 179
fre 1780 916 76 179 179
fre 1828 900 74 179 179
fre 1884 916 67 179 179
fre 1900 916 74 179 179
fre 1972 924 76 179 179
fre 2004 924 67 179 179
fre 2004 900 67 179 179
fre 2124 900 67 179 179
fre 2156 916 205 179 179
fre 2172 908 67 179 179
fre 2212 900 74 179 179
fre 2220 900 74 179 179
fre 2268 924 205 179 179
fre 2284 908 76 179 179
fre 2284 916 74 179 179
fre 2404 908 67 179 179
fre 2556 924 205 179 179
tree 2568 920 84 0 179
tree 2872 904 84 0 179
tree 3096 920 84 0 179
tree 3224 904 40 0 179
tree 3272 920 40 0 179
fre 3324 900 271 179 179
fre 3364 900 194 179 179
fre 3492 908 194 179 179
fre 3580 924 194 179 179
stand 3784 904 316 0 179
fre 3796 916 197 179 179
fre 3812 900 271 179 179
fre 3828 908 196 179 179
fre 3844 924 197 179 179
stand 3896 904 317 0 179
stand 4056 920 316 0 179
tree 4056 920 45 0 179
fre 4212 900 77 179 179
fre 4220 900 73 179 179
zabor 4240 912 29 0 8
tree 4264 904 83 0 179
fre 4292 908 74 179 179
fre 4364 916 8 179 179
fre 4404 916 74 179 179
fre 4436 900 74 179 179
fre 4420 916 74 179 179
fre 4420 924 74 179 179
fre 4436 916 74 179 179
stand 4472 904 402 0 179
fre 4492 924 74 179 179
zabor 4624 912 31 0 8
tree 4664 904 86 0 179
stand 4728 904 402 0 179
fre 4780 900 203 179 179
fre 4876 908 77 179 179
fre 4932 908 47 179 179
lay 4952 920 28 0 179
fre 4996 900 47 179 179
fre 5116 916 77 179 179
fre 5116 908 77 179 179
stand 5176 920 13 0 179
cliff 5232 896 84 179 179
stand 5272 920 414 0 179
tree 6888 920 87 0 179
tree 7080 920 34 0 179
fre 7172 900 2 179 179
tree 7304 904 79 0 179
stand 7368 920 350 0 179
tree 7448 920 33 0 179
tree 7496 904 87 0 179
tree 7752 920 87 0 179
tree 7944 920 34 0 179
fre 172 948 197 179 179
fre 508 956 197 179 179
fre 524 932 269 179 179
fre 548 932 197 179 179
tree 584 952 87 0 179
fre 692 932 196 179 179
tree 728 952 81 0 179
tree 824 952 79 0 179
tree 952 936 33 0 179
tree 936 936 33 0 179
fre 1140 932 196 179 179
fre 1188 940 67 179 179
fre 1204 940 196 179 179
tree 1192 936 77 0 179
fre 1244 956 74 179 179
fre 1364 948 67 179 179
fre 1364 956 67 179 179
fre 1484 956 74 179 179
fre 1524 956 67 179 179
fre 1516 932 74 179 179
fre 1508 956 267 179 179
fre 1564 948 67 179 179
fre 1548 932 67 179 179
fre 1572 948 74 179 179
fre 1604 956 67 179 179
fre 1652 956 76 179 179
tree 1656 936 83 0 179
fre 1876 948 67 179 179
fre 1876 956 67 179 179
fre 1948 956 67 179 179
fre 2260 948 67 179 179
fre 2260 956 67 179 179
fre 2276 948 76 179 179
fre 2284 932 74 179 179
fre 2332 956 67 179 179
fre 2308 940 76 179 179
fre 2348 932 67 179 179
fre 2372 956 267 179 179
fre 2412 932 67 179 179
fre 2428 948 67 179 179
fre 2436 948 205 179 179
tree 2584 952 84 0 179
tree 2728 936 84 0 179
tree 2760 936 84 0 179
fre 2860 940 194 179 179
tree 2968 936 84 0 179
fre 3036 948 194 179 179
fre 3012 932 135 179 179
tree 3192 952 87 0 179
tree 3240 936 78 0 179
stand 3256 952 303 0 179
fre 3356 956 194 179 179
fre 3700 956 194 179 179
fre 3876 948 271 179 179
stand 3912 952 318 0 179
stand 4040 936 316 0 179
fre 4108 948 58 179 179
stand 4216 936 288 0 179
fre 4196 932 269 179 179
zabor 4240 944 26 0 8
tree 4248 936 83 0 179
fre 4276 956 74 179 179
fre 4308 940 66 179 179
fre 4308 956 74 179 179
fre 4404 932 74 179 179
fre 4412 932 74 179 179
fre 4468 940 8 179 179
fre 4532 948 66 179 179
fre 4532 956 8 179 179
fre 4524 956 74 179 179
fre 4572 940 66 179 179
fre 4564 932 66 179 179
fre 4572 948 74 179 179
zabor 4624 944 28 0 8
tree 4648 952 87 0 179
fre 4700 940 204 179 179
stand 4728 952 302 0 179
fre 4892 932 47 179 179
fre 4940 948 77 179 179
stand 4936 952 405 0 179
tree 5048 936 86 0 179
fre 5084 932 47 179 179
fre 5076 932 77 179 179
fre 5108 956 77 179 179
fre 5124 956 72 179 179
tree 5176 952 86 0 179
tree 6888 936 87 0 179
fre 6956 940 196 179 179
tree 7000 936 34 0 179
fre 7188 956 2 179 179
tree 7240 936 79 0 179
fre 7332 948 196 179 179
fre 7444 956 272 179 179
fre 7460 948 272 179 179
fre 7468 948 196 179 179
tree 7528 952 87 0 179
tree 7752 936 87 0 179
fre 7820 940 196 179 179
tree 7864 936 34 0 179
tree 184 984 81 0 179
fre 236 980 197 179 179
fre 276 972 197 179 179
fre 332 972 196 179 179
fre 340 980 197 179 179
fre 436 972 126 179 179
fre 492 980 197 179 179
fre 548 972 2 179 179
tree 664 968 81 0 179
fre 900 964 269 179 179
fre 916 972 2 179 179
fre 980 980 2 179 179
tree 1064 968 35 0 179
tree 1112 968 34 0 179
fre 1148 988 196 179 179
tree 1176 984 77 0 179
fre 1244 988 67 179 179
fre 1260 988 74 179 179
fre 1276 980 196 179 179
fre 1292 972 76 179 179
fre 1468 988 74 179 179
fre 1500 980 67 179 179
fre 1476 988 67 179 179
fre 1484 964 67 179 179
fre 1524 964 67 179 179
fre 1556 972 74 179 179
fre 1540 964 74 179 179
fre 1588 988 76 179 179
fre 1612 980 74 179 179
fre 1772 988 74 179 179
fre 1804 972 76 179 179
fre 1924 972 67 179 179
fre 1980 988 74 179 179
tree 2072 968 85 0 179
tree 2104 968 84 0 179
stand 2120 984 280 0 179
fre 2188 972 76 179 179
stand 2200 984 280 0 179
tree 2232 984 84 0 179
fre 2284 988 74 179 179
fre 2324 988 67 179 179
fre 2316 964 74 179 179
fre 2308 972 67 179 179
fre 2340 988 67 179 179
fre 2404 964 74 179 179
tree 2424 984 84 0 179
tree 2744 984 79 0 179
tree 2792 984 81 0 179
tree 3128 968 78 0 179
tree 3160 968 40 0 179
tree 3176 968 40 0 179
tree 3224 968 78 0 179
tree 3256 984 40 0 179
fre 3292 964 271 179 179
fre 3284 980 271 179 179
tree 3448 968 81 0 179
fre 3460 988 196 179 179
fre 3628 964 194 179 179
fre 3764 972 197 179 179
stand 3832 968 316 0 179
tree 3848 968 45 0 179
stand 3896 984 316 0 179
fre 3908 988 58 179 179
tree 3912 968 45 0 179
tree 4056 968 45 0 179
stand 4088 984 316 0 179
fre 4212 964 77 179 179
fre 4212 972 77 179 179
fre 4220 972 73 179 179
fre 4212 988 73 179 179
zabor 4240 976 27 0 8
fre 4252 964 74 179 179
fre 4252 980 74 179 179
fre 4284 988 66 179 179
fre 4268 980 74 179 179
fre 4292 972 74 179 179
fre 4332 972 66 179 179
stand 4360 968 402 0 179
fre 4396 988 74 179 179
tree 4424 984 41 0 179
tree 4440 984 41 0 179
fre 4452 980 66 179 179
fre 4500 980 74 179 179
fre 4516 988 74 179 179
fre 4540 980 74 179 179
fre 4516 964 130 179 179
fre 4564 964 74 179 179
fre 4548 988 74 179 179
fre 4572 988 74 179 179
fre 4580 988 74 179 179
zabor 4624 976 24 0 8
fre 4636 980 74 179 179
fre 4660 988 74 179 179
fre 4676 980 74 179 179
tree 4712 968 25 0 179
tree 4728 968 25 0 179
tree 4712 984 24 0 179
fre 4708 964 47 179 179
tree 4744 984 25 0 179
fre 4788 964 203 179 179
fre 4844 964 47 179 179
fre 4892 988 202 179 179
fre 4940 972 47 179 179
stand 4968 968 402 0 179
fre 5004 972 47 179 179
cliff 5216 960 84 179 179
stand 5544 968 414 0 179
fre 6892 964 269 179 179
stand 6904 984 289 0 179
stand 6920 968 289 0 179
fre 7012 980 272 179 179
fre 7060 988 269 179 179
tree 7144 984 87 0 179
tree 7320 984 18 0 179
stand 7416 984 351 0 179
fre 7556 972 269 179 179
tree 7640 984 79 0 179
tree 7640 968 79 0 179
fre 7652 972 272 179 179
tree 7704 984 81 0 179
fre 7756 964 269 179 179
stand 7768 984 289 0 179
stand 7784 968 289 0 179
fre 7876 980 272 179 179
fre 7924 988 269 179 179
tree 8008 984 87 0 179
tree 376 1016 87 0 179
tree 392 1016 81 0 179
fre 620 1012 2 179 179
tree 808 1016 87 0 179
fre 1108 1012 2 179 179
tree 1160 1016 87 0 179
tree 1208 1016 87 0 179
fre 1268 1004 74 179 179
fre 1284 1012 76 179 179
fre 1356 996 67 179 179
fre 1380 1020 267 179 179
fre 1420 996 67 179 179
fre 1436 1012 67 179 179
fre 1444 1012 74 179 179
fre 1492 1004 74 179 179
fre 1476 1020 67 179 179
tree 1528 1000 83 0 179
fre 1588 1012 67 179 179
fre 1588 1020 67 179 179
fre 1660 1020 67 179 179
fre 1780 1004 74 179 179
fre 1796 1020 267 179 179
fre 1796 1012 76 179 179
fre 1852 1012 67 179 179
fre 1836 996 67 179 179
fre 1860 1012 74 179 179
fre 1868 996 67 179 179
fre 1980 1020 67 179 179
stand 1976 1000 280 0 179
fre 2068 1020 194 179 179
stand 2104 1000 280 0 179
fre 2180 1012 76 179 179
tree 2200 1000 84 0 179
fre 2252 996 67 179 179
fre 2300 1012 67 179 179
fre 2276 1020 267 179 179
fre 2316 996 67 179 179
fre 2332 1012 67 179 179
fre 2388 1020 76 179 179
tree 2392 1000 84 0 179
fre 2604 996 194 179 179
tree 2680 1000 87 0 179
tree 2776 1000 82 0 179
tree 2824 1016 40 0 179
fre 2868 1004 194 179 179
tree 3016 1000 87 0 179
fre 3100 1012 194 179 179
fre 3188 1020 194 179 179
fre 3324 1004 194 179 179
tree 3512 1000 80 0 179
tree 3576 1000 79 0 179
tree 3592 1000 40 0 179
fre 3700 1020 193 179 179
fre 3708 996 194 179 179
stand 3720 1016 316 0 179
tree 3768 1016 45 0 179
stand 3784 1016 316 0 179
stand 3816 1016 317 0 179
stand 3816 1000 317 0 179
stand 3864 1016 317 0 179
tree 3848 1000 45 0 179
stand 3912 1016 14 0 179
stand 4024 1000 316 0 179
tree 4040 1016 45 0 179
fre 4164 1004 269 179 179
fre 4220 996 77 179 179
fre 4220 1020 77 179 179
stand 4216 1000 402 0 179
fre 4212 1020 73 179 179
zabor 4240 1008 28 0 8
fre 4292 996 66 179 179
fre 4348 1012 66 179 179
stand 4520 1000 402 0 179
fre 4524 1004 74 179 179
fre 4556 996 74 179 179
fre 4548 996 74 179 179
fre 4548 1004 74 179 179
fre 4580 1004 74 179 179
zabor 4624 1008 31 0 8
fre 4636 996 74 179 179
fre 4644 996 74 179 179
fre 4652 996 74 179 179
lay 4680 1016 17 0 179
fre 4700 996 204 179 179
stand 4680 1016 402 0 179
fre 4708 1020 74 179 179
trop 4796 996 92 179 179
fre 4772 1020 203 179 179
fre 4836 1020 47 179 179
stand 4936 1000 405 0 179
lay 4984 1000 18 0 179
stand 5064 1016 402 0 179
tree 5160 1016 45 0 179
fre 5156 1012 77 179 179
tree 6872 1000 34 0 179
fre 6972 1012 196 179 179
tree 7000 1000 34 0 179
fre 6988 1020 129 179 179
tree 7016 1000 34 0 179
fre 7028 1020 129 179 179
tree 7128 1016 18 0 179
fre 7204 1012 2 179 179
tree 7224 1000 87 0 179
tree 7240 1000 87 0 179
tree 7288 1016 87 0 179
tree 7368 1016 34 0 179
fre 7532 1020 196 179 179
fre 7620 1012 196 179 179
tree 7624 1016 87 0 179
tree 7736 1000 34 0 179
fre 7836 1012 196 179 179
tree 7864 1000 34 0 179
fre 7852 1020 129 179 179
tree 7880 1000 34 0 179
fre 7892 1020 129 179 179
tree 7992 1016 18 0 179
fre 388 1036 196 179 179
tree 520 1048 87 0 179
tree 760 1032 81 0 179
fre 876 1044 126 179 179
fre 916 1036 2 179 179
fre 1292 1052 74 179 179
fre 1332 1052 67 179 179
fre 1324 1028 74 179 179
fre 1348 1052 67 179 179
fre 1412 1028 74 179 179
fre 1484 1052 74 179 179
fre 1484 1044 74 179 179
fre 1532 1052 74 179 179
fre 1516 1036 76 179 179
fre 1548 1028 67 179 179
fre 1588 1028 67 179 179
fre 1636 1036 67 179 179
fre 1692 1052 74 179 179
fre 1724 1052 67 179 179
fre 1716 1052 76 179 179
fre 1740 1028 67 179 179
fre 1764 1052 67 179 179
fre 1780 1028 67 179 179
fre 1804 1052 74 179 179
fre 1820 1052 74 179 179
fre 1844 1036 74 179 179
fre 1828 1028 74 179 179
fre 1844 1052 67 179 179
fre 1836 1028 74 179 179
fre 1876 1028 67 179 179
fre 1996 1044 194 179 179
fre 2108 1044 194 179 179
fre 2156 1028 194 179 179
fre 2188 1052 74 179 179
fre 2228 1052 67 179 179
fre 2220 1028 74 179 179
tree 2216 1032 40 0 179
fre 2244 1052 67 179 179
fre 2308 1028 74 179 179
tree 2408 1048 79 0 179
tree 2552 1032 79 0 179
fre 2660 1036 194 179 179
tree 2744 1032 87 0 179
tree 2792 1032 80 0 179
tree 2808 1048 80 0 179
tree 2856 1048 40 0 179
tree 2984 1032 79 0 179
tree 3064 1032 87 0 179
fre 3300 1028 194 179 179
fre 3348 1028 194 179 179
tree 3448 1032 81 0 179
tree 3512 1032 40 0 179
fre 3540 1028 196 179 179
fre 3556 1052 196 179 179
tree 3560 1032 87 0 179
tree 3608 1032 19 0 179
tree 3640 1032 27 0 179
tree 3720 1048 45 0 179
tree 3736 1048 45 0 179
fre 3756 1052 58 179 179
stand 3752 1032 316 0 179
tree 3768 1032 45 0 179
fre 3812 1036 197 179 179
trop 3932 1044 194 179 179
stand 4056 1032 316 0 179
stand 4040 1048 318 0 179
fre 4084 1028 58 179 179
fre 4100 1052 58 179 179
tree 4104 1048 38 0 179
trop 4164 1044 139 179 179
fre 4220 1036 77 179 179
stand 4216 1032 402 0 179
fre 4204 1028 73 179 179
fre 4212 1052 75 179 179
zabor 4240 1040 29 0 8
tree 4264 1048 83 0 179
fre 4324 1028 8 179 179
fre 4396 1036 66 179 179
stand 4392 1048 402 0 179
tree 4424 1032 75 0 179
stand 4472 1032 354 0 179
fre 4508 1036 66 179 179
stand 4488 1032 405 0 179
fre 4532 1036 66 179 179
fre 4564 1052 66 179 179
fre 4556 1052 8 179 179
fre 4588 1028 74 179 179
fre 4596 1036 74 179 179
zabor 4624 1040 27 0 8
lay 4648 1032 16 0 179
lay 4680 1048 15 0 179
fre 4684 1036 204 179 179
fre 4732 1036 74 179 179
fre 4740 1044 74 179 179
fre 4772 1044 203 179 179
stand 4936 1048 302 0 179
fre 4948 1044 77 179 179
fre 4988 1028 202 179 179
stand 5016 1032 402 0 179
fre 5068 1028 47 179 179
fre 5108 1044 204 179 179
stand 5112 1048 405 0 179
stand 5096 1048 405 0 179
tree 5192 1032 86 0 179
stand 5320 1048 413 0 179
lay 5640 1032 57 0 179
fre 6796 1052 272 179 179
fre 6988 1028 129 179 179
fre 6996 1036 128 179 179
fre 7028 1044 128 179 179
fre 7068 1052 129 179 179
tree 7080 1032 35 0 179
fre 7196 1028 269 179 179
fre 7228 1052 2 179 179
fre 7300 1036 269 179 179
tree 7576 1048 79 0 179
fre 7660 1052 272 179 179
fre 7852 1028 129 179 179
fre 7860 1036 128 179 179
fre 7892 1044 128 179 179
fre 7932 1052 129 179 179
tree 7944 1032 35 0 179
tree 168 1080 85 0 179
tree 232 1080 80 0 179
tree 296 1080 79 0 179
tree 600 1080 79 0 179
fre 900 1084 269 179 179
fre 1204 1060 2 179 179
fre 1308 1076 67 179 179
fre 1316 1084 267 179 179
fre 1356 1060 67 179 179
fre 1372 1076 67 179 179
fre 1396 1084 76 179 179
fre 1380 1076 74 179 179
fre 1444 1084 267 179 179
fre 1460 1076 67 179 179
fre 1460 1084 67 179 179
fre 1484 1060 67 179 179
fre 1500 1076 67 179 179
fre 1492 1068 74 179 179
fre 1508 1076 74 179 179
fre 1532 1084 67 179 179
fre 1540 1084 67 179 179
tree 1592 1064 83 0 179
fre 1580 1060 67 179 179
fre 1636 1084 267 179 179
fre 1676 1060 67 179 179
fre 1692 1076 67 179 179
fre 1692 1084 67 179 179
fre 1700 1068 67 179 179
fre 1700 1076 74 179 179
fre 1756 1084 74 179 179
fre 1732 1084 67 179 179
tree 1784 1064 83 0 179
fre 1772 1060 67 179 179
fre 1788 1076 67 179 179
fre 1820 1076 67 179 179
fre 1796 1076 74 179 179
fre 1828 1084 67 179 179
fre 1876 1076 67 179 179
fre 1876 1084 67 179 179
tree 1880 1064 83 0 179
fre 1908 1084 76 179 179
tree 1992 1080 87 0 179
tree 2040 1064 79 0 179
tree 2088 1064 44 0 179
fre 2156 1060 194 179 179
stand 2152 1080 351 0 179
fre 2204 1076 67 179 179
fre 2220 1076 194 179 179
fre 2292 1084 76 179 179
tree 2280 1064 40 0 179
tree 2296 1080 40 0 179
tree 2344 1064 79 0 179
tree 2408 1064 79 0 179
tree 2488 1064 79 0 179
fre 2860 1060 194 179 179
tree 2968 1080 78 0 179
tree 3032 1064 80 0 179
tree 3064 1064 40 0 179
fre 3244 1076 194 179 179
tree 3592 1064 19 0 179
tree 3624 1080 44 0 179
fre 3708 1060 194 179 179
stand 3720 1080 317 0 179
fre 3740 1060 271 179 179
fre 3724 1068 197 179 179
stand 3768 1064 316 0 179
trop 3788 1076 195 179 179
stand 4040 1080 316 0 179
fre 4092 1068 268 179 179
fre 4212 1060 73 179 179
fre 4212 1076 73 179 179
fre 4212 1068 73 179 179
zabor 4240 1072 31 0 8
fre 4228 1084 77 179 179
fre 4252 1084 74 179 179
fre 4260 1084 74 179 179
fre 4268 1076 74 179 179
fre 4308 1068 66 179 179
fre 4340 1060 74 179 179
fre 4356 1084 67 179 179
fre 4388 1076 8 179 179
fre 4420 1084 66 179 179
tree 4440 1064 43 0 179
fre 4436 1076 74 179 179
fre 4468 1084 66 179 179
zabor 4624 1072 31 0 8
fre 4644 1084 74 179 179
fre 4644 1068 74 179 179
fre 4724 1084 74 179 179
fre 4724 1060 74 179 179
fre 4732 1060 74 179 179
fre 4740 1068 74 179 179
fre 4740 1076 74 179 179
fre 4788 1068 47 179 179
fre 4892 1068 47 179 179
tree 4904 1064 15 0 179
fre 4940 1084 77 179 179
tree 4968 1080 12 0 179
fre 4988 1076 47 179 179
tree 5064 1080 45 0 179
fre 5124 1068 72 179 179
tree 5160 1064 86 0 179
tree 5192 1064 86 0 179
cliff 5232 1056 76 179 179
fre 6940 1068 272 179 179
tree 7064 1064 87 0 179
tree 7160 1064 87 0 179
tree 7304 1064 33 0 179
stand 7304 1064 280 0 179
stand 7304 1080 280 0 179
tree 7368 1080 34 0 179
fre 7452 1060 269 179 179
tree 7592 1080 87 0 179
fre 7804 1068 272 179 179
tree 7928 1064 87 0 179
tree 8024 1064 87 0 179
fre 332 1108 196 179 179
fre 348 1108 196 179 179
tree 344 1112 35 0 179
tree 344 1096 34 0 179
tree 424 1096 19 0 179
fre 516 1100 196 179 179
tree 536 1096 80 0 179
fre 668 1108 127 179 179
fre 692 1092 2 179 179
fre 748 1116 2 179 179
fre 836 1092 2 179 179
fre 876 1092 2 179 179
tree 1096 1112 79 0 179
fre 1132 1116 196 179 179
fre 1348 1092 74 179 179
fre 1356 1116 74 179 179
fre 1388 1100 76 179 179
fre 1420 1108 74 179 179
fre 1412 1116 67 179 179
fre 1476 1092 74 179 179
fre 1516 1116 74 179 179
fre 1508 1100 67 179 179
fre 1548 1108 74 179 179
fre 1556 1116 67 179 179
fre 1548 1092 74 179 179
fre 1564 1116 74 179 179
fre 1604 1116 67 179 179
fre 1668 1092 74 179 179
fre 1700 1116 67 179 179
fre 1756 1116 67 179 179
fre 1740 1108 74 179 179
fre 1772 1116 74 179 179
fre 1764 1092 74 179 179
fre 1804 1100 76 179 179
fre 1812 1100 74 179 179
fre 1836 1108 74 179 179
tree 1976 1112 78 0 179
tree 2040 1096 80 0 179
fre 2060 1108 196 179 179
tree 2120 1096 44 0 179
fre 2284 1116 194 179 179
tree 2328 1112 77 0 179
tree 2392 1112 79 0 179
tree 2440 1096 40 0 179
tree 2440 1112 87 0 179
tree 2520 1112 80 0 179
tree 2536 1096 40 0 179
fre 2756 1100 194 179 179
fre 2796 1116 194 179 179
tree 2808 1096 40 0 179
tree 2792 1096 40 0 179
fre 2948 1092 194 179 179
tree 3016 1096 87 0 179
fre 3084 1092 196 179 179
tree 3320 1112 79 0 179
fre 3420 1092 194 179 179
fre 3444 1116 193 179 179
tree 3576 1096 40 0 179
fre 3684 1116 194 179 179
stand 3688 1112 291 0 179
stand 3704 1096 291 0 179
fre 3724 1100 271 179 179
tree 4024 1112 45 0 179
stand 4040 1112 316 0 179
tree 4056 1096 45 0 179
fre 4092 1092 268 179 179
tree 4088 1112 38 0 179
fre 4100 1092 268 179 179
fre 4116 1092 268 179 179
fre 4100 1116 268 179 179
fre 4204 1116 77 179 179
fre 4212 1116 77 179 179
stand 4216 1096 402 0 179
fre 4212 1108 74 179 179
fre 4220 1108 74 179 179
zabor 4240 1104 28 0 8
fre 4260 1108 66 179 179
fre 4284 1092 66 179 179
fre 4260 1100 74 179 179
fre 4276 1092 74 179 179
fre 4276 1108 74 179 179
fre 4300 1100 67 179 179
fre 4308 1092 127 179 179
fre 4364 1116 8 179 179
fre 4388 1116 67 179 179
stand 4392 1112 405 0 179
fre 4436 1116 8 179 179
fre 4436 1100 74 179 179
fre 4460 1116 66 179 179
fre 4476 1116 74 179 179
fre 4508 1108 8 179 179
fre 4580 1116 74 179 179
zabor 4624 1104 27 0 8
tree 4616 1096 85 0 179
fre 4684 1108 47 179 179
fre 4684 1092 204 179 179
fre 4780 1116 203 179 179
fre 4852 1092 47 179 179
fre 4844 1092 204 179 179
stand 4888 1096 402 0 179
fre 4948 1108 47 179 179
fre 4940 1092 204 179 179
tree 5112 1096 86 0 179
cliff 5200 1088 78 179 179
stand 6968 1112 44 0 179
tree 7016 1096 87 0 179
stand 7096 1112 280 0 179
tree 7128 1096 87 0 179
stand 7128 1112 280 0 179
stand 7144 1096 280 0 179
fre 7188 1100 137 179 179
fre 7188 1092 129 179 179
fre 7188 1116 129 179 179
fre 7196 1100 129 179 179
fre 7228 1108 2 179 179
stand 7336 1096 280 0 179
stand 7368 1112 280 0 179
stand 7400 1112 119 0 179
tree 7448 1096 87 0 179
stand 7512 1112 39 0 179
fre 7540 1092 63 179 179
fre 7548 1100 63 179 179
fre 7564 1116 63 179 179
stand 7592 1112 280 0 179
tree 7672 1096 79 0 179
stand 7672 1096 280 0 179
fre 7652 1108 63 179 179
fre 7676 1116 63 179 179
stand 7688 1112 280 0 179
tree 7736 1096 87 0 179
stand 7832 1112 44 0 179
tree 7880 1096 87 0 179
stand 7960 1112 280 0 179
tree 7992 1096 87 0 179
stand 7992 1112 280 0 179
stand 8008 1096 280 0 179
tree 424 1128 12 0 179
fre 476 1132 269 179 179
tree 568 1144 79 0 179
fre 956 1132 2 179 179
tree 1048 1144 81 0 179
fre 1084 1132 196 179 179
tree 1144 1144 77 0 179
tree 1128 1144 80 0 179
fre 1236 1124 138 179 179
fre 1364 1132 74 179 179
fre 1396 1140 67 179 179
fre 1396 1148 67 179 179
fre 1380 1140 76 179 179
fre 1468 1148 67 179 179
fre 1452 1124 67 179 179
fre 1524 1140 67 179 179
fre 1524 1148 67 179 179
fre 1532 1140 67 179 179
fre 1564 1148 67 179 179
fre 1596 1148 67 179 179
fre 1620 1148 76 179 179
fre 1716 1140 67 179 179
fre 1716 1148 67 179 179
fre 1780 1132 74 179 179
fre 1788 1148 67 179 179
fre 1796 1140 76 179 179
fre 1812 1140 67 179 179
fre 1812 1148 67 179 179
fre 1868 1124 67 179 179
fre 1884 1148 67 179 179
tree 2088 1128 87 0 179
tree 2216 1144 87 0 179
tree 2248 1144 44 0 179
tree 2328 1128 44 0 179
tree 2664 1128 78 0 179
fre 2796 1132 194 179 179
tree 2904 1144 80 0 179
fre 2980 1132 194 179 179
stand 3016 1128 360 0 179
tree 3064 1144 40 0 179
fre 3116 1124 267 179 179
tree 3128 1128 75 0 179
tree 3160 1144 44 0 179
fre 3180 1148 196 179 179
tree 3192 1128 78 0 179
tree 3368 1144 78 0 179
fre 3460 1140 194 179 179
fre 3548 1124 194 179 179
tree 3528 1128 27 0 179
stand 3624 1144 317 0 179
fre 3644 1132 193 179 179
fre 3652 1124 197 179 179
stand 3688 1144 317 0 179
tree 3688 1144 45 0 179
stand 3704 1128 291 0 179
stand 3736 1144 318 0 179
stand 3736 1128 318 0 179
stand 3720 1144 317 0 179
fre 3732 1148 197 179 179
stand 3864 1144 316 0 179
stand 3992 1128 316 0 179
fre 4084 1124 58 179 179
tree 4072 1128 38 0 179
fre 4100 1132 269 179 179
fre 4212 1140 73 179 179
zabor 4240 1136 30 0 8
fre 4260 1148 66 179 179
stand 4280 1128 361 0 179
fre 4292 1148 66 179 179
fre 4308 1132 67 179 179
fre 4348 1140 8 179 179
fre 4364 1140 67 179 179
fre 4396 1148 66 179 179
fre 4412 1148 67 179 179
stand 4408 1128 402 0 179
stand 4424 1144 288 0 179
fre 4444 1148 66 179 179
stand 4472 1144 405 0 179
fre 4452 1148 74 179 179
fre 4508 1140 74 179 179
fre 4500 1140 74 179 179
fre 4492 1140 74 179 179
fre 4540 1124 74 179 179
fre 4564 1132 74 179 179
fre 4596 1148 66 179 179
tree 4600 1128 85 0 179
zabor 4624 1136 25 0 8
fre 4692 1140 204 179 179
fre 4724 1132 47 179 179
fre 4724 1148 72 179 179
trop 4796 1124 92 179 179
fre 4828 1132 72 179 179
fre 4876 1124 49 179 179
fre 4924 1148 47 179 179
fre 5036 1124 204 179 179
cliff 5152 1120 78 179 179
stand 5544 1144 414 0 179
fre 188 1180 2 179 179
fre 412 1172 196 179 179
tree 472 1160 34 0 179
tree 488 1176 18 0 179
tree 520 1176 18 0 179
tree 616 1160 80 0 179
fre 724 1164 2 179 179
tree 904 1176 33 0 179
fre 948 1172 269 179 179
tree 1112 1176 77 0 179
fre 1156 1156 272 179 179
tree 1192 1160 77 0 179
tree 1192 1176 77 0 179
tree 1240 1176 87 0 179
fre 1324 1164 76 179 179
fre 1388 1180 74 179 179
fre 1420 1180 74 179 179
fre 1428 1180 67 179 179
fre 1420 1156 74 179 179
fre 1444 1164 67 179 179
fre 1452 1164 76 179 179
fre 1524 1164 74 179 179
fre 1572 1164 67 179 179
fre 1628 1180 74 179 179
fre 1612 1180 74 179 179
fre 1644 1164 76 179 179
fre 1660 1180 74 179 179
fre 1676 1156 67 179 179
fre 1724 1180 74 179 179
fre 1716 1156 67 179 179
fre 1708 1180 74 179 179
fre 1740 1156 67 179 179
fre 1740 1164 76 179 179
fre 1780 1156 67 179 179
fre 1764 1164 67 179 179
fre 1804 1180 74 179 179
fre 1820 1180 74 179 179
fre 1844 1180 67 179 179
fre 1836 1156 74 179 179
fre 1860 1164 67 179 179
fre 1916 1180 74 179 179
tree 2072 1160 78 0 179
fre 2156 1172 196 179 179
tree 2424 1176 40 0 179
tree 2408 1176 78 0 179
tree 2456 1160 80 0 179
tree 2536 1160 40 0 179
tree 2616 1176 80 0 179
fre 2708 1180 196 179 179
tree 2696 1176 40 0 179
fre 2988 1172 194 179 179
stand 3016 1160 358 0 179
fre 3164 1172 196 179 179
tree 3144 1160 76 0 179
tree 3192 1176 40 0 179
tree 3208 1160 40 0 179
fre 3332 1164 196 179 179
tree 3496 1160 45 0 179
stand 3576 1176 317 0 179
fre 3572 1180 194 179 179
fre 3628 1156 194 179 179
tree 3624 1160 45 0 179
fre 3668 1172 197 179 179
stand 3688 1176 317 0 179
fre 3692 1164 193 179 179
stand 3720 1176 318 0 179
tree 3720 1176 45 0 179
fre 3748 1164 58 179 179
stand 3848 1176 318 0 179
stand 3912 1160 316 0 179
tree 3912 1176 45 0 179
fre 4028 1164 58 179 179
fre 4020 1172 268 179 179
fre 4212 1156 77 179 179
zabor 4240 1168 28 0 8
tree 4264 1160 83 0 179
tree 4296 1160 58 0 179
fre 4316 1164 74 179 179
fre 4308 1172 74 179 179
fre 4340 1180 66 179 179
fre 4324 1164 66 179 179
fre 4348 1172 74 179 179
fre 4444 1164 67 179 179
fre 4420 1164 8 179 179
fre 4476 1156 74 179 179
fre 4460 1164 74 179 179
fre 4492 1180 66 179 179
fre 4500 1172 74 179 179
fre 4484 1164 74 179 179
fre 4492 1156 74 179 179
fre 4532 1172 66 179 179
fre 4524 1180 66 179 179
fre 4532 1180 66 179 179
fre 4532 1156 66 179 179
fre 4540 1164 67 179 179
fre 4540 1172 8 179 179
fre 4540 1180 74 179 179
fre 4580 1156 66 179 179
zabor 4624 1168 24 0 8
fre 4668 1164 47 179 179
stand 4728 1160 405 0 179
stand 4744 1160 405 0 179
fre 4844 1164 204 179 179
fre 4884 1180 204 179 179
fre 4916 1156 77 179 179
fre 4924 1180 72 179 179
fre 4956 1172 204 179 179
tree 5000 1160 45 0 179
tree 5016 1160 45 0 179
tree 5048 1160 45 0 179
tree 5080 1176 86 0 179
tree 5080 1160 86 0 179
cliff 5120 1168 77 179 179
lay 5608 1176 56 0 179
tree 7032 1160 78 0 179
fre 7116 1172 196 179 179
tree 7384 1176 40 0 179
tree 7368 1176 78 0 179
tree 7416 1160 80 0 179
fre 7484 1172 67 179 179
tree 7496 1160 40 0 179
fre 7572 1180 76 179 179
tree 7576 1176 80 0 179
fre 7644 1172 67 179 179
fre 7668 1180 196 179 179
tree 7656 1176 40 0 179
fre 7732 1180 76 179 179
tree 328 1192 87 0 179
tree 456 1208 87 0 179
tree 488 1208 44 0 179
tree 568 1192 44 0 179
tree 904 1192 78 0 179
fre 1036 1196 194 179 179
tree 1144 1208 80 0 179
fre 1220 1196 194 179 179
stand 1256 1192 360 0 179
tree 1304 1208 40 0 179
fre 1316 1204 76 179 179
fre 1388 1188 67 179 179
fre 1404 1204 67 179 179
fre 1412 1212 267 179 179
fre 1428 1196 74 179 179
fre 1452 1188 67 179 179
fre 1468 1204 67 179 179
fre 1444 1204 76 179 179
fre 1492 1212 76 179 179
fre 1516 1188 67 179 179
fre 1572 1212 267 179 179
fre 1628 1212 67 179 179
fre 1620 1196 74 179 179
fre 1612 1188 67 179 179
fre 1628 1204 67 179 179
fre 1636 1212 267 179 179
fre 1636 1204 76 179 179
fre 1676 1188 67 179 179
fre 1692 1204 67 179 179
fre 1668 1212 67 179 179
fre 1700 1204 74 179 179
fre 1708 1188 67 179 179
tree 1720 1192 83 0 179
fre 1716 1196 74 179 179
fre 1732 1212 67 179 179
fre 1732 1204 76 179 179
tree 1784 1192 83 0 179
fre 1820 1204 67 179 179
fre 1820 1212 67 179 179
fre 1804 1188 67 179 179
fre 1828 1212 267 179 179
fre 1868 1188 67 179 179
fre 1884 1204 67 179 179
fre 1908 1212 76 179 179
fre 1892 1204 74 179 179
fre 1916 1212 67 179 179
tree 1992 1192 80 0 179
tree 2040 1192 40 0 179
fre 2108 1212 194 179 179
tree 2088 1192 40 0 179
tree 2104 1192 40 0 179
tree 2216 1192 79 0 179
tree 2264 1208 79 0 179
fre 2356 1196 194 179 179
fre 2396 1196 194 179 179
fre 2404 1188 196 179 179
tree 2632 1208 44 0 179
tree 2760 1192 79 0 179
fre 2844 1188 194 179 179
tree 2952 1208 78 0 179
tree 3112 1192 77 0 179
tree 3144 1192 44 0 179
tree 3176 1192 40 0 179
fre 3228 1196 196 179 179
tree 3304 1192 80 0 179
tree 3368 1192 87 0 179
tree 3400 1192 40 0 179
fre 3468 1196 194 179 179
fre 3508 1188 193 179 179
stand 3560 1208 317 0 179
stand 3608 1208 317 0 179
fre 3636 1204 193 179 179
stand 3656 1192 317 0 179
fre 3708 1188 58 179 179
stand 3704 1208 14 0 179
trop 3748 1212 194 179 179
stand 3848 1208 316 0 179
stand 3880 1208 316 0 179
fre 3972 1212 58 179 179
stand 3992 1208 316 0 179
fre 4044 1188 269 179 179
fre 4036 1196 268 179 179
fre 4116 1196 58 179 179
fre 4220 1196 77 179 179
zabor 4240 1200 25 0 8
tree 4264 1192 83 0 179
fre 4380 1196 8 179 179
fre 4428 1196 66 179 179
fre 4420 1204 67 179 179
fre 4420 1212 67 179 179
stand 4456 1208 288 0 179
fre 4460 1204 66 179 179
fre 4476 1196 66 179 179
fre 4492 1204 8 179 179
stand 4584 1208 288 0 179
fre 4588 1196 66 179 179
zabor 4624 1200 24 0 8
stand 4664 1208 405 0 179
fre 4700 1204 47 179 179
fre 4716 1196 82 179 179
fre 4780 1188 55 179 179
fre 4780 1212 203 179 179
fre 4804 1204 47 179 179
fre 4844 1196 47 179 179
fre 4868 1212 47 179 179
tree 4920 1192 45 0 179
fre 4908 1188 77 179 179
tree 5016 1192 86 0 179
tree 5032 1208 87 0 179
tree 5048 1192 86 0 179
tree 6952 1192 80 0 179
tree 7000 1192 40 0 179
fre 7068 1212 194 179 179
tree 7048 1192 40 0 179
tree 7064 1192 40 0 179
tree 7176 1192 79 0 179
tree 7224 1208 79 0 179
fre 7316 1196 194 179 179
fre 7356 1196 194 179 179
fre 7364 1188 196 179 179
tree 7592 1208 44 0 179
tree 7720 1192 79 0 179
fre 7804 1188 194 179 179
tree 7912 1208 78 0 179
tree 312 1224 78 0 179
fre 396 1236 196 179 179
tree 664 1240 40 0 179
tree 648 1240 78 0 179
tree 696 1224 80 0 179
tree 776 1224 40 0 179
tree 856 1240 80 0 179
fre 948 1244 196 179 179
tree 936 1240 40 0 179
fre 1228 1236 194 179 179
stand 1256 1224 358 0 179
fre 1324 1244 74 179 179
fre 1364 1244 67 179 179
fre 1356 1220 74 179 179
fre 1380 1244 67 179 179
fre 1396 1228 74 179 179
fre 1444 1220 74 179 179
fre 1452 1244 74 179 179
fre 1492 1244 67 179 179
fre 1484 1220 74 179 179
fre 1532 1244 74 179 179
fre 1540 1244 67 179 179
fre 1548 1220 67 179 179
fre 1588 1220 67 179 179
fre 1604 1244 67 179 179
fre 1604 1220 74 179 179
fre 1644 1244 74 179 179
fre 1668 1220 74 179 179
fre 1684 1244 67 179 179
fre 1676 1220 74 179 179
fre 1676 1236 74 179 179
fre 1740 1236 74 179 179
fre 1740 1244 74 179 179
fre 1780 1244 67 179 179
fre 1772 1220 74 179 179
fre 1860 1220 74 179 179
fre 1932 1236 74 179 179
tree 1976 1224 44 0 179
tree 1976 1240 87 0 179
tree 2024 1224 40 0 179
tree 2232 1224 78 0 179
tree 2248 1224 40 0 179
tree 2280 1224 40 0 179
tree 2312 1240 40 0 179
fre 2492 1236 196 179 179
tree 2504 1240 40 0 179
tree 2552 1240 78 0 179
tree 2728 1224 79 0 179
tree 2776 1240 44 0 179
tree 2792 1224 44 0 179
fre 3060 1228 194 179 179
fre 3172 1244 196 179 179
tree 3400 1240 40 0 179
tree 3544 1240 45 0 179
stand 3576 1240 318 0 179
fre 3556 1228 271 179 179
fre 3612 1236 197 179 179
tree 3608 1224 45 0 179
fre 3860 1236 269 179 179
stand 3848 1240 316 0 179
fre 3924 1236 13 179 179
fre 3916 1220 58 179 179
fre 3972 1228 269 179 179
tree 4088 1240 85 0 179
trop 4164 1220 139 179 179
fre 4212 1220 77 179 179
fre 4220 1236 77 179 179
zabor 4240 1232 26 0 8
tree 4264 1224 41 0 179
fre 4348 1244 66 179 179
fre 4332 1244 8 179 179
fre 4340 1244 8 179 179
fre 4396 1236 66 179 179
fre 4404 1228 66 179 179
fre 4404 1236 8 179 179
fre 4444 1236 66 179 179
fre 4444 1244 67 179 179
fre 4444 1220 67 179 179
stand 4456 1224 287 0 179
fre 4460 1236 66 179 179
fre 4468 1244 67 179 179
fre 4460 1228 8 179 179
fre 4492 1244 67 179 179
fre 4492 1228 74 179 179
fre 4524 1228 66 179 179
fre 4516 1220 66 179 179
fre 4524 1236 66 179 179
fre 4532 1220 74 179 179
fre 4556 1228 66 179 179
fre 4548 1236 66 179 179
fre 4556 1220 74 179 179
fre 4596 1236 67 179 179
zabor 4624 1232 28 0 8
tree 4696 1224 12 0 179
fre 4684 1228 204 179 179
tree 4712 1240 12 0 179
fre 4860 1228 204 179 179
tree 4888 1240 14 0 179
tree 4952 1240 87 0 179
tree 6424 1240 86 0 179
tree 6456 1240 86 0 179
tree 6936 1224 44 0 179
tree 6936 1240 87 0 179
tree 6984 1224 40 0 179
tree 7192 1224 78 0 179
tree 7208 1224 40 0 179
tree 7240 1224 40 0 179
tree 7272 1240 40 0 179
fre 7452 1236 196 179 179
tree 7464 1240 40 0 179
tree 7512 1240 78 0 179
tree 7688 1224 79 0 179
tree 7736 1240 44 0 179
tree 7752 1224 44 0 179
tree 232 1256 80 0 179
tree 280 1256 40 0 179
fre 348 1276 194 179 179
tree 328 1256 40 0 179
tree 344 1256 40 0 179
tree 456 1256 79 0 179
tree 504 1272 79 0 179
fre 596 1260 194 179 179
fre 636 1260 194 179 179
fre 644 1252 196 179 179
tree 872 1272 44 0 179
tree 1000 1256 79 0 179
fre 1084 1252 194 179 179
tree 1192 1272 78 0 179
fre 1340 1268 67 179 179
fre 1380 1276 267 179 179
fre 1428 1276 76 179 179
fre 1436 1268 67 179 179
fre 1420 1252 67 179 179
fre 1444 1268 74 179 179
fre 1468 1268 67 179 179
fre 1444 1276 267 179 179
fre 1484 1252 67 179 179
fre 1500 1268 67 179 179
fre 1508 1268 74 179 179
fre 1556 1276 76 179 179
fre 1540 1276 67 179 179
tree 1592 1256 83 0 179
fre 1660 1268 67 179 179
fre 1652 1268 67 179 179
fre 1652 1276 67 179 179
fre 1716 1268 67 179 179
fre 1716 1276 67 179 179
fre 1724 1276 67 179 179
fre 1748 1276 76 179 179
fre 1756 1268 67 179 179
fre 1788 1276 67 179 179
fre 1844 1276 76 179 179
fre 1908 1268 67 179 179
fre 1908 1276 67 179 179
fre 1980 1276 67 179 179
tree 1960 1256 44 0 179
tree 2024 1272 76 0 179
fre 2116 1260 194 179 179
tree 2232 1256 87 0 179
tree 2344 1256 44 0 179
fre 2548 1276 194 179 179
tree 2584 1272 79 0 179
tree 2632 1272 79 0 179
tree 2744 1256 40 0 179
tree 2808 1256 44 0 179
fre 2956 1260 196 179 179
fre 3236 1268 196 179 179
tree 3240 1256 81 0 179
fre 3332 1276 194 179 179
tree 3384 1272 79 0 179
tree 3416 1256 40 0 179
stand 3512 1272 317 0 179
fre 3516 1260 197 179 179
fre 3492 1268 194 179 179
fre 3508 1252 194 179 179
stand 3544 1256 317 0 179
trop 3612 1252 195 179 179
stand 3832 1272 316 0 179
fre 3916 1276 269 179 179
tree 3992 1272 78 0 179
tree 4040 1272 79 0 179
tree 4072 1272 42 0 179
fre 4212 1276 74 179 179
fre 4220 1268 74 179 179
fre 4212 1260 74 179 179
zabor 4240 1264 29 0 8
fre 4284 1252 8 179 179
tree 4264 1272 76 0 179
tree 4328 1256 78 0 179
fre 4404 1252 8 179 179
fre 4420 1252 67 179 179
fre 4468 1268 66 179 179
fre 4452 1260 67 179 179
fre 4460 1268 8 179 179
fre 4508 1252 66 179 179
fre 4500 1260 67 179 179
fre 4500 1252 8 179 179
fre 4524 1276 66 179 179
fre 4540 1260 74 179 179
stand 4552 1272 402 0 179
fre 4588 1252 67 179 179
tree 4584 1272 41 0 179
zabor 4624 1264 27 0 8
tree 4616 1256 85 0 179
stand 4680 1272 405 0 179
stand 4728 1256 402 0 179
fre 4772 1268 203 179 179
trop 4804 1252 92 179 179
fre 4844 1260 47 179 179
tree 4904 1272 86 0 179
cliff 4944 1248 50 179 179
stand 5032 1272 414 0 179
cliff 5072 1248 65 179 179
fre 5796 1260 204 179 179
fre 5820 1260 204 179 179
fre 5828 1268 204 179 179
tree 5864 1272 86 0 179
tree 5864 1256 45 0 179
fre 5860 1276 204 179 179
tree 5992 1272 45 0 179
tree 6056 1272 86 0 179
tree 6088 1272 45 0 179
tree 6168 1272 86 0 179
tree 6152 1272 45 0 179
tree 6200 1272 86 0 179
fre 6196 1276 204 179 179
tree 6248 1272 45 0 179
tree 6312 1272 86 0 179
fre 6308 1276 204 179 179
fre 6348 1276 204 179 179
tree 6376 1256 45 0 179
fre 6428 1276 204 179 179
tree 6920 1256 44 0 179
tree 6984 1272 76 0 179
fre 7076 1260 194 179 179
tree 7192 1256 87 0 179
tree 7304 1256 44 0 179
fre 7508 1276 194 179 179
tree 7544 1272 79 0 179
tree 7592 1272 79 0 179
tree 7704 1256 40 0 179
tree 7768 1256 44 0 179
fre 7916 1260 196 179 179
tree 216 1288 44 0 179
tree 216 1304 87 0 179
tree 264 1288 40 0 179
tree 472 1288 78 0 179
tree 488 1288 40 0 179
tree 520 1288 40 0 179
tree 552 1304 40 0 179
fre 732 1300 196 179 179
tree 744 1304 40 0 179
tree 792 1304 78 0 179
tree 968 1288 79 0 179
tree 1016 1304 44 0 179
tree 1032 1288 44 0 179
fre 1308 1308 67 179 179
fre 1300 1308 76 179 179
fre 1300 1292 194 179 179
fre 1348 1308 67 179 179
fre 1428 1292 74 179 179
fre 1412 1284 74 179 179
fre 1412 1308 67 179 179
fre 1460 1292 74 179 179
fre 1476 1284 74 179 179
fre 1548 1308 74 179 179
fre 1548 1300 74 179 179
fre 1580 1292 76 179 179
fre 1612 1308 74 179 179
fre 1644 1292 76 179 179
fre 1652 1292 74 179 179
fre 1700 1292 67 179 179
fre 1756 1308 74 179 179
fre 1748 1292 74 179 179
fre 1764 1292 67 179 179
fre 1820 1308 74 179 179
fre 1836 1292 76 179 179
fre 1956 1292 67 179 179
fre 2220 1292 194 179 179
fre 2212 1308 194 179 179
tree 2440 1288 80 0 179
fre 2548 1292 196 179 179
tree 2600 1288 40 0 179
tree 2648 1288 40 0 179
fre 2740 1284 194 179 179
fre 2860 1308 194 179 179
fre 2860 1284 194 179 179
tree 2920 1304 40 0 179
tree 2936 1288 79 0 179
tree 3016 1304 80 0 179
fre 3108 1284 194 179 179
tree 3224 1304 75 0 179
tree 3272 1304 81 0 179
tree 3384 1288 40 0 179
fre 3516 1308 193 179 179
stand 3528 1304 317 0 179
tree 3528 1304 45 0 179
stand 3816 1304 316 0 179
tree 3832 1288 45 0 179
tree 3864 1304 45 0 179
stand 3896 1304 316 0 179
fre 3948 1292 13 179 179
tree 3976 1288 85 0 179
tree 4104 1288 85 0 179
fre 4212 1284 77 179 179
fre 4220 1292 77 179 179
fre 4204 1292 74 179 179
zabor 4240 1296 31 0 8
fre 4412 1284 66 179 179
fre 4420 1308 74 179 179
fre 4460 1308 74 179 179
fre 4484 1284 66 179 179
fre 4500 1308 67 179 179
fre 4492 1300 8 179 179
stand 4504 1304 402 0 179
fre 4540 1284 8 179 179
fre 4540 1300 8 179 179
fre 4572 1308 66 179 179
fre 4564 1300 67 179 179
tree 4600 1288 41 0 179
zabor 4624 1296 28 0 8
fre 4660 1300 47 179 179
tree 4680 1288 14 0 179
fre 4700 1292 204 179 179
stand 4680 1304 402 0 179
tree 4712 1288 25 0 179
stand 4744 1288 301 0 179
fre 4772 1292 203 179 179
fre 4860 1284 204 179 179
tree 4888 1304 45 0 179
tree 4920 1304 86 0 179
tree 5752 1288 86 0 179
tree 5736 1304 86 0 179
cliff 5808 1280 43 179 179
cliff 5792 1296 43 179 179
tree 5848 1288 33 0 179
fre 5940 1284 204 179 179
tree 5992 1288 33 0 179
fre 5996 1284 204 179 179
tree 6136 1288 33 0 179
tree 6264 1288 33 0 179
fre 6260 1284 204 179 179
tree 6440 1288 33 0 179
cliff 6448 1280 41 179 179
fre 7180 1292 194 179 179
fre 7172 1308 194 179 179
tree 7400 1288 80 0 179
fre 7508 1292 196 179 179
tree 7560 1288 40 0 179
tree 7608 1288 40 0 179
fre 7700 1284 194 179 179
fre 7820 1308 194 179 179
fre 7820 1284 194 179 179
tree 7880 1304 40 0 179
tree 7896 1288 79 0 179
tree 200 1320 44 0 179
tree 264 1336 76 0 179
fre 356 1324 194 179 179
tree 472 1320 87 0 179
tree 584 1320 44 0 179
fre 788 1340 194 179 179
tree 824 1336 79 0 179
tree 872 1336 79 0 179
tree 984 1320 40 0 179
tree 1048 1320 44 0 179
fre 1196 1324 196 179 179
fre 1284 1324 67 179 179
fre 1340 1340 74 179 179
fre 1460 1332 67 179 179
fre 1460 1340 67 179 179
fre 1524 1332 67 179 179
fre 1524 1340 67 179 179
fre 1556 1324 74 179 179
fre 1572 1332 76 179 179
fre 1596 1340 67 179 179
fre 1620 1324 74 179 179
fre 1636 1332 76 179 179
fre 1644 1316 67 179 179
fre 1708 1316 67 179 179
fre 1756 1340 74 179 179
fre 1772 1316 67 179 179
fre 1820 1340 67 179 179
fre 1812 1316 67 179 179
fre 1828 1332 76 179 179
fre 1900 1316 67 179 179
fre 1924 1340 267 179 179
fre 1964 1316 67 179 179
fre 1980 1332 67 179 179
tree 1992 1336 76 0 179
tree 2024 1320 44 0 179
tree 2184 1336 40 0 179
fre 2268 1316 194 179 179
tree 2392 1320 76 0 179
tree 2504 1336 80 0 179
tree 2664 1320 40 0 179
tree 2680 1320 40 0 179
fre 2780 1316 194 179 179
fre 2860 1316 194 179 179
tree 2968 1336 40 0 179
tree 2968 1320 40 0 179
tree 3032 1336 44 0 179
fre 3164 1316 194 179 179
tree 3288 1336 40 0 179
fre 3436 1332 194 179 179
stand 3464 1320 317 0 179
fre 3476 1316 197 179 179
stand 3528 1320 317 0 179
stand 3560 1320 318 0 179
stand 3688 1336 316 0 179
stand 3736 1336 316 0 179
stand 3784 1336 316 0 179
tree 3784 1336 45 0 179
fre 3852 1332 269 179 179
fre 3932 1340 58 179 179
fre 4004 1324 272 179 179
tree 4056 1336 79 0 179
fre 4036 1324 196 179 179
fre 4204 1332 77 179 179
zabor 4240 1328 27 0 8
tree 4248 1336 83 0 179
fre 4316 1324 66 179 179
fre 4444 1324 66 179 179
fre 4436 1316 67 179 179
fre 4436 1324 8 179 179
fre 4476 1316 66 179 179
fre 4460 1340 8 179 179
stand 4456 1320 405 0 179
fre 4460 1332 74 179 179
fre 4492 1324 66 179 179
fre 4516 1340 66 179 179
fre 4532 1332 67 179 179
fre 4572 1332 66 179 179
zabor 4624 1328 31 0 8
fre 4636 1332 72 179 179
stand 4696 1336 405 0 179
fre 4732 1340 72 179 179
fre 4732 1324 72 179 179
fre 4740 1340 72 179 179
fre 4796 1324 47 179 179
fre 4844 1324 47 179 179
fre 4852 1340 204 179 179
stand 4856 1336 402 0 179
tree 4872 1320 45 0 179
tree 4904 1320 86 0 179
tree 5736 1336 86 0 179
cliff 5776 1312 43 179 179
tree 6808 1336 79 0 179
tree 6952 1336 76 0 179
tree 6984 1320 44 0 179
tree 7144 1336 40 0 179
fre 7228 1316 194 179 179
tree 7352 1320 76 0 179
tree 7464 1336 80 0 179
tree 7624 1320 40 0 179
tree 7640 1320 40 0 179
fre 7740 1316 194 179 179
fre 7820 1316 194 179 179
tree 7928 1336 40 0 179
tree 7928 1320 40 0 179
fre 460 1356 194 179 179
fre 452 1372 194 179 179
tree 680 1352 80 0 179
fre 788 1356 196 179 179
tree 840 1352 40 0 179
tree 888 1352 40 0 179
fre 980 1348 194 179 179
fre 1100 1372 194 179 179
fre 1100 1348 194 179 179
tree 1160 1368 40 0 179
tree 1176 1352 79 0 179
tree 1256 1368 80 0 179
fre 1340 1372 67 179 179
fre 1356 1372 74 179 179
fre 1388 1356 76 179 179
fre 1420 1372 74 179 179
fre 1452 1356 76 179 179
fre 1580 1372 74 179 179
fre 1572 1356 67 179 179
fre 1620 1372 67 179 179
fre 1612 1348 74 179 179
fre 1628 1372 74 179 179
fre 1644 1372 74 179 179
fre 1684 1372 67 179 179
fre 1676 1348 74 179 179
fre 1668 1372 267 179 179
fre 1708 1348 67 179 179
fre 1724 1364 67 179 179
fre 1732 1364 74 179 179
fre 1764 1372 67 179 179
tree 1816 1352 83 0 179
fre 1836 1372 74 179 179
fre 1876 1372 67 179 179
fre 1868 1348 74 179 179
fre 1892 1372 67 179 179
stand 1944 1368 280 0 179
fre 1956 1348 74 179 179
fre 2124 1348 196 179 179
tree 2120 1368 80 0 179
tree 2184 1368 77 0 179
fre 2268 1372 194 179 179
tree 2424 1368 40 0 179
tree 2440 1368 40 0 179
tree 2440 1352 76 0 179
tree 2520 1368 87 0 179
fre 2588 1348 194 179 179
fre 2684 1364 267 179 179
fre 2724 1356 197 179 179
fre 2732 1356 194 179 179
fre 2820 1348 197 179 179
fre 2876 1364 267 179 179
fre 2908 1356 194 179 179
fre 2916 1348 197 179 179
fre 2988 1372 194 179 179
fre 3100 1348 194 179 179
fre 3188 1364 194 179 179
fre 3244 1356 194 179 179
fre 3332 1372 194 179 179
fre 3372 1364 194 179 179
fre 3412 1372 197 179 179
tree 3512 1352 45 0 179
fre 3524 1364 58 179 179
stand 3528 1352 317 0 179
stand 3672 1352 318 0 179
tree 3736 1368 45 0 179
stand 3784 1368 316 0 179
stand 3832 1352 316 0 179
stand 3864 1368 317 0 179
stand 3992 1352 316 0 179
tree 4072 1352 42 0 179
fre 4212 1348 77 179 179
zabor 4240 1360 31 0 8
fre 4324 1356 66 179 179
fre 4420 1348 92 179 179
fre 4428 1372 92 179 179
fre 4468 1372 66 179 179
fre 4460 1364 66 179 179
fre 4468 1356 91 179 179
fre 4484 1356 66 179 179
fre 4492 1348 8 179 179
fre 4532 1348 66 179 179
fre 4572 1356 67 179 179
fre 4588 1348 66 179 179
zabor 4624 1360 27 0 8
fre 4668 1356 77 179 179
stand 4696 1352 301 0 179
fre 4700 1372 47 179 179
fre 4684 1356 204 179 179
fre 4708 1356 77 179 179
fre 4780 1372 55 179 179
fre 4780 1348 203 179 179
trop 4804 1372 92 179 179
tree 4920 1368 86 0 179
tree 4920 1352 86 0 179
cliff 4944 1344 75 179 179
tree 5736 1368 45 0 179
cliff 5760 1344 43 179 179
tree 6728 1352 34 0 179
fre 6804 1356 272 179 179
fre 6804 1348 269 179 179
stand 6904 1368 280 0 179
fre 7084 1348 196 179 179
tree 7080 1368 80 0 179
tree 7144 1368 77 0 179
fre 7228 1372 194 179 179
tree 7384 1368 40 0 179
tree 7400 1368 40 0 179
tree 7400 1352 76 0 179
tree 7480 1368 87 0 179
fre 7548 1348 194 179 179
fre 7644 1364 267 179 179
fre 7684 1356 197 179 179
fre 7692 1356 194 179 179
fre 7780 1348 197 179 179
fre 7836 1364 267 179 179
fre 7868 1356 194 179 179
fre 7876 1348 197 179 179
tree 232 1400 76 0 179
tree 264 1384 44 0 179
tree 424 1400 40 0 179
fre 508 1380 194 179 179
tree 632 1384 76 0 179
tree 744 1400 80 0 179
tree 904 1384 40 0 179
tree 920 1384 40 0 179
fre 1020 1380 194 179 179
fre 1100 1380 194 179 179
tree 1208 1400 40 0 179
tree 1208 1384 40 0 179
tree 1272 1400 44 0 179
fre 1364 1388 74 179 179
fre 1380 1396 76 179 179
fre 1428 1388 74 179 179
fre 1452 1380 67 179 179
fre 1444 1396 76 179 179
fre 1516 1380 67 179 179
fre 1596 1396 67 179 179
fre 1628 1404 67 179 179
fre 1660 1396 67 179 179
fre 1636 1404 67 179 179
fre 1684 1404 76 179 179
fre 1700 1380 74 179 179
fre 1748 1404 76 179 179
fre 1772 1396 74 179 179
fre 1820 1404 74 179 179
fre 1852 1396 67 179 179
fre 1836 1380 67 179 179
fre 1876 1380 67 179 179
fre 1940 1404 76 179 179
fre 2076 1396 196 179 179
fre 2060 1388 196 179 179
tree 2056 1384 76 0 179
tree 2056 1400 76 0 179
tree 2104 1400 87 0 179
tree 2184 1400 87 0 179
tree 2392 1400 79 0 179
tree 2408 1400 44 0 179
tree 2488 1400 87 0 179
tree 2536 1400 87 0 179
fre 2660 1388 197 179 179
fre 2668 1388 194 179 179
fre 3068 1388 194 179 179
fre 3140 1404 197 179 179
tree 3432 1384 45 0 179
fre 3524 1396 58 179 179
stand 3528 1400 317 0 179
stand 3736 1384 316 0 179
tree 3720 1400 45 0 179
fre 3772 1380 58 179 179
fre 3892 1388 58 179 179
trop 4164 1396 139 179 179
fre 4212 1380 77 179 179
fre 4212 1396 77 179 179
zabor 4240 1392 24 0 8
tree 4264 1400 57 0 179
fre 4412 1404 67 179 179
dom 4384 1376 88 0 179
fre 4444 1404 92 179 179
fre 4492 1404 66 179 179
fre 4508 1388 66 179 179
fre 4516 1404 66 179 179
fre 4532 1388 8 179 179
fre 4604 1388 66 179 179
fre 4588 1380 66 179 179
fre 4580 1404 66 179 179
fre 4596 1380 67 179 179
zabor 4624 1392 29 0 8
fre 4652 1380 77 179 179
fre 4652 1396 72 179 179
fre 4732 1404 72 179 179
fre 4724 1396 72 179 179
fre 4780 1404 203 179 179
stand 4808 1400 402 0 179
fre 4852 1404 47 179 179
fre 4836 1380 72 179 179
fre 4868 1396 204 179 179
tree 5736 1400 86 0 179
cliff 5760 1392 40 179 179
tree 6808 1400 79 0 179
tree 6840 1400 87 0 179
fre 7036 1396 196 179 179
fre 7020 1388 196 179 179
tree 7016 1384 76 0 179
tree 7016 1400 76 0 179
tree 7064 1400 87 0 179
tree 7144 1400 87 0 179
tree 7352 1400 79 0 179
tree 7368 1400 44 0 179
tree 7448 1400 87 0 179
tree 7496 1400 87 0 179
fre 7620 1388 197 179 179
fre 7628 1388 194 179 179
stand 184 1432 280 0 179
fre 364 1412 196 179 179
tree 360 1432 80 0 179
tree 424 1432 77 0 179
fre 508 1436 194 179 179
tree 664 1432 40 0 179
tree 680 1432 40 0 179
tree 680 1416 76 0 179
tree 760 1432 87 0 179
fre 828 1412 194 179 179
fre 924 1428 267 179 179
fre 964 1420 197 179 179
fre 972 1420 194 179 179
fre 1060 1412 197 179 179
fre 1116 1428 267 179 179
fre 1148 1420 194 179 179
fre 1156 1412 197 179 179
fre 1228 1436 194 179 179
fre 1388 1436 74 179 179
fre 1428 1436 67 179 179
fre 1420 1412 74 179 179
fre 1452 1436 74 179 179
fre 1492 1436 67 179 179
fre 1484 1412 74 179 179
fre 1588 1420 74 179 179
fre 1652 1420 74 179 179
fre 1748 1428 67 179 179
fre 1748 1436 67 179 179
fre 1732 1436 267 179 179
fre 1772 1412 67 179 179
fre 1788 1428 67 179 179
fre 1820 1436 67 179 179
fre 1796 1428 74 179 179
fre 1828 1436 67 179 179
tree 1880 1416 83 0 179
tree 1960 1416 44 0 179
tree 2040 1432 40 0 179
tree 2024 1416 77 0 179
tree 2104 1432 40 0 179
tree 2168 1432 77 0 179
fre 2188 1420 272 179 179
tree 2200 1416 40 0 179
fre 2300 1412 194 179 179
fre 2628 1412 194 179 179
fre 2836 1436 272 179 179
stand 2840 1432 385 0 179
stand 2856 1432 380 0 179
fre 2932 1412 197 179 179
fre 2988 1412 197 179 179
fre 2980 1420 194 179 179
fre 3124 1412 194 179 179
fre 3212 1412 197 179 179
fre 3260 1412 194 179 179
tree 3288 1432 87 0 179
tree 3304 1432 87 0 179
stand 3464 1432 316 0 179
stand 3512 1432 317 0 179
stand 3544 1432 317 0 179
tree 3528 1432 45 0 179
trop 3612 1420 139 179 179
stand 3704 1416 316 0 179
tree 3736 1416 45 0 179
fre 3748 1412 58 179 179
tree 3848 1432 45 0 179
fre 3884 1412 13 179 179
fre 3876 1428 58 179 179
tree 3976 1416 85 0 179
tree 4008 1432 42 0 179
fre 4004 1420 194 179 179
fre 4060 1412 194 179 179
stand 4216 1432 288 0 179
fre 4196 1420 77 179 179
fre 4212 1436 77 179 179
zabor 4240 1424 27 0 8
stand 4232 1416 288 0 179
tree 4264 1416 83 0 179
fre 4316 1428 66 179 179
fre 4364 1436 8 179 179
fre 4420 1420 67 179 179
fre 4428 1436 91 179 179
fre 4476 1420 67 179 179
fre 4484 1436 8 179 179
fre 4484 1420 8 179 179
fre 4492 1428 91 179 179
fre 4516 1428 66 179 179
fre 4564 1412 67 179 179
fre 4564 1436 8 179 179
fre 4596 1420 66 179 179
zabor 4624 1424 27 0 8
fre 4668 1436 47 179 179
fre 4668 1428 77 179 179
fre 4700 1412 47 179 179
fre 4692 1420 204 179 179
stand 4728 1416 33 0 179
fre 4724 1420 72 179 179
fre 4820 1412 47 179 179
tree 4920 1416 86 0 179
tree 4968 1432 45 0 179
cliff 4992 1408 19 179 179
tree 6728 1416 87 0 179
tree 6744 1416 87 0 179
stand 6760 1416 288 0 179
tree 6920 1416 44 0 179
tree 7000 1432 40 0 179
tree 6984 1416 77 0 179
tree 7064 1432 40 0 179
tree 7128 1432 77 0 179
fre 7148 1420 272 179 179
tree 7160 1416 40 0 179
fre 7260 1412 194 179 179
fre 316 1460 196 179 179
fre 300 1452 196 179 179
tree 296 1448 76 0 179
tree 296 1464 76 0 179
tree 344 1464 87 0 179
tree 424 1464 87 0 179
tree 632 1464 79 0 179
tree 648 1464 44 0 179
tree 728 1464 87 0 179
tree 776 1464 87 0 179
fre 900 1452 197 179 179
fre 908 1452 194 179 179
fre 1308 1452 194 179 179
fre 1404 1460 67 179 179
fre 1412 1468 267 179 179
fre 1452 1444 67 179 179
fre 1468 1460 67 179 179
fre 1492 1468 76 179 179
fre 1476 1460 74 179 179
fre 1556 1468 76 179 179
fre 1596 1468 74 179 179
fre 1612 1444 67 179 179
fre 1644 1468 74 179 179
fre 1652 1444 67 179 179
fre 1676 1452 76 179 179
fre 1700 1468 67 179 179
fre 1764 1444 74 179 179
fre 1796 1452 67 179 179
fre 1852 1468 74 179 179
fre 1836 1460 74 179 179
stand 1944 1448 280 0 179
stand 1928 1448 280 0 179
tree 1976 1464 44 0 179
tree 2008 1448 87 0 179
fre 2124 1468 196 179 179
fre 2172 1468 194 179 179
fre 2292 1460 194 179 179
fre 2372 1460 194 179 179
fre 2420 1452 194 179 179
fre 2460 1460 194 179 179
tree 2504 1448 40 0 179
tree 2520 1448 40 0 179
fre 2588 1452 197 179 179
fre 2588 1460 194 179 179
stand 2776 1464 385 0 179
stand 2808 1464 386 0 179
stand 2872 1448 386 0 179
stand 2920 1464 386 0 179
tree 3160 1464 87 0 179
fre 3380 1444 197 179 179
stand 3528 1464 317 0 179
tree 3528 1464 45 0 179
stand 3688 1464 318 0 179
tree 3720 1464 45 0 179
stand 3752 1448 316 0 179
stand 3816 1464 316 0 179
stand 3864 1448 316 0 179
stand 3912 1448 316 0 179
fre 3972 1444 194 179 179
tree 4088 1464 42 0 179
fre 4212 1468 77 179 179
zabor 4240 1456 30 0 8
tree 4248 1464 57 0 179
tree 4280 1464 57 0 179
tree 4264 1448 83 0 179
fre 4348 1468 66 179 179
fre 4324 1444 66 179 179
stand 4328 1464 22 0 179
stand 4360 1464 287 0 179
fre 4412 1452 8 179 179
fre 4388 1444 91 179 179
fre 4428 1468 8 179 179
fre 4428 1452 91 179 179
fre 4476 1452 66 179 179
fre 4492 1444 66 179 179
fre 4484 1468 91 179 179
fre 4500 1468 91 179 179
fre 4524 1460 8 179 179
fre 4516 1460 91 179 179
tree 4584 1464 83 0 179
zabor 4624 1456 31 0 8
tree 4616 1464 83 0 179
tree 4664 1464 14 0 179
fre 4668 1468 77 179 179
fre 4740 1452 72 179 179
fre 4828 1460 204 179 179
fre 4804 1468 204 179 179
stand 4904 1464 402 0 179
tree 5000 1464 86 0 179
tree 5656 1464 86 0 179
tree 5688 1464 86 0 179
tree 5720 1448 45 0 179
tree 200 1480 44 0 179
tree 280 1496 40 0 179
tree 264 1480 77 0 179
tree 344 1496 40 0 179
tree 408 1496 77 0 179
fre 428 1484 272 179 179
tree 440 1480 40 0 179
fre 540 1476 194 179 179
fre 868 1476 194 179 179
fre 1076 1500 272 179 179
stand 1080 1496 385 0 179
stand 1096 1496 380 0 179
fre 1172 1476 197 179 179
fre 1228 1476 197 179 179
fre 1220 1484 194 179 179
fre 1412 1500 267 179 179
fre 1444 1476 74 179 179
fre 1468 1492 67 179 179
fre 1452 1476 67 179 179
fre 1460 1484 74 179 179
fre 1476 1492 74 179 179
fre 1516 1492 74 179 179
fre 1508 1500 267 179 179
fre 1548 1476 67 179 179
fre 1564 1492 67 179 179
fre 1572 1492 74 179 179
fre 1604 1500 67 179 179
fre 1652 1484 74 179 179
tree 1656 1480 83 0 179
fre 1668 1492 76 179 179
fre 1740 1476 67 179 179
fre 1812 1492 67 179 179
fre 1812 1500 67 179 179
fre 1852 1500 67 179 179
fre 1884 1500 67 179 179
stand 1944 1480 280 0 179
tree 2024 1496 40 0 179
fre 2188 1492 194 179 179
fre 2252 1492 194 179 179
fre 2404 1484 269 179 179
fre 2452 1492 194 179 179
fre 2492 1500 194 179 179
fre 2556 1484 194 179 179
fre 2612 1492 197 179 179
stand 2744 1480 384 0 179
tree 2792 1480 87 0 179
tree 2808 1480 34 0 179
stand 2856 1480 381 0 179
stand 2856 1496 380 0 179
stand 2936 1496 386 0 179
fre 3036 1476 2 179 179
tree 3144 1496 77 0 179
fre 3316 1492 196 179 179
tree 3304 1480 87 0 179
tree 3320 1480 87 0 179
tree 3400 1480 79 0 179
fre 3540 1492 58 179 179
stand 3528 1480 317 0 179
stand 3560 1480 318 0 179
stand 3672 1480 316 0 179
stand 3672 1496 318 0 179
stand 3720 1480 316 0 179
tree 3720 1480 45 0 179
fre 3868 1484 269 179 179
fre 3876 1500 12 179 179
tree 3992 1480 77 0 179
tree 4088 1496 77 0 179
fre 4220 1484 77 179 179
fre 4220 1492 77 179 179
zabor 4240 1488 30 0 8
zabor 4272 1488 29 0 8
fre 4276 1500 73 179 179
zabor 4304 1488 25 0 8
fre 4308 1492 73 179 179
zabor 4336 1488 30 0 8
fre 4332 1500 77 179 179
fre 4348 1492 73 179 179
zabor 4368 1488 30 0 8
fre 4380 1500 77 179 179
zabor 4400 1488 27 0 8
fre 4396 1500 77 179 179
fre 4476 1484 91 179 179
fre 4484 1484 8 179 179
zabor 4528 1488 29 0 8
fre 4532 1484 77 179 179
fre 4524 1500 77 179 179
zabor 4560 1488 31 0 8
fre 4564 1492 77 179 179
zabor 4592 1488 30 0 8
tree 4616 1480 83 0 179
zabor 4624 1488 31 0 8
fre 4620 1492 77 179 179
fre 4628 1492 77 179 179
fre 4676 1484 204 179 179
fre 4740 1484 204 179 179
trop 4836 1492 94 179 179
fre 4844 1492 204 179 179
fre 4884 1492 204 179 179
fre 4916 1476 204 179 179
fre 4948 1484 204 179 179
fre 5012 1500 204 179 179
fre 5028 1484 204 179 179
fre 5052 1484 204 179 179
fre 5060 1492 204 179 179
tree 5096 1496 86 0 179
tree 5096 1480 45 0 179
fre 5092 1500 204 179 179
tree 5224 1496 45 0 179
tree 5288 1496 86 0 179
tree 5320 1496 45 0 179
tree 5400 1496 86 0 179
tree 5384 1496 45 0 179
tree 5432 1496 86 0 179
fre 5428 1500 204 179 179
tree 5480 1496 45 0 179
tree 5544 1496 86 0 179
fre 5540 1500 204 179 179
fre 5580 1500 204 179 179
tree 5608 1480 45 0 179
fre 5660 1500 204 179 179
stand 184 1512 280 0 179
stand 168 1512 280 0 179
tree 216 1528 44 0 179
tree 248 1512 87 0 179
fre 364 1532 196 179 179
fre 412 1532 194 179 179
fre 532 1524 194 179 179
fre 612 1524 194 179 179
fre 660 1516 194 179 179
fre 700 1524 194 179 179
tree 744 1512 40 0 179
tree 760 1512 40 0 179
fre 828 1516 197 179 179
fre 828 1524 194 179 179
stand 1016 1528 385 0 179
stand 1048 1528 386 0 179
stand 1112 1512 386 0 179
stand 1160 1528 386 0 179
fre 1340 1532 67 179 179
fre 1332 1532 76 179 179
fre 1380 1532 67 179 179
fre 1460 1516 74 179 179
fre 1444 1508 74 179 179
fre 1492 1524 67 179 179
fre 1492 1532 67 179 179
fre 1476 1532 67 179 179
fre 1564 1532 67 179 179
fre 1540 1508 74 179 179
fre 1612 1524 74 179 179
fre 1676 1532 74 179 179
fre 1700 1532 267 179 179
fre 1716 1532 67 179 179
fre 1708 1508 74 179 179
fre 1708 1532 74 179 179
fre 1756 1524 67 179 179
fre 1740 1508 67 179 179
fre 1740 1516 76 179 179
fre 1764 1532 267 179 179
fre 1764 1524 74 179 179
fre 1820 1524 67 179 179
fre 1804 1508 67 179 179
fre 1828 1524 74 179 179
fre 1860 1516 67 179 179
fre 1916 1532 74 179 179
fre 1956 1516 194 179 179
fre 1988 1532 194 179 179
tree 2024 1512 40 0 179
tree 2136 1528 77 0 179
fre 2236 1524 194 179 179
fre 2268 1524 269 179 179
fre 2252 1532 194 179 179
fre 2308 1508 194 179 179
fre 2340 1532 197 179 179
fre 2388 1532 196 179 179
fre 2412 1532 197 179 179
fre 2452 1532 139 179 179
fre 2556 1532 197 179 179
fre 2612 1508 2 179 179
tree 2792 1528 87 0 179
stand 2840 1512 380 0 179
stand 2856 1512 381 0 179
fre 3212 1516 196 179 179
fre 3244 1508 196 179 179
tree 3256 1512 87 0 179
stand 3464 1512 316 0 179
stand 3496 1512 317 0 179
tree 3512 1528 45 0 179
stand 3544 1528 317 0 179
fre 3804 1524 12 179 179
fre 3980 1516 194 179 179
fre 3980 1532 268 179 179
fre 4068 1532 272 179 179
fre 4084 1524 268 179 179
fre 4228 1508 77 179 179
fre 4252 1516 77 179 179
fre 4300 1508 77 179 179
fre 4340 1508 77 179 179
fre 4356 1508 77 179 179
fre 4388 1516 77 179 179
fre 4396 1508 77 179 179
fre 4452 1508 92 179 179
tree 4568 1512 33 0 179
fre 4596 1508 77 179 179
tree 4744 1512 33 0 179
tree 4936 1512 33 0 179
tree 5080 1512 33 0 179
fre 5172 1508 204 179 179
tree 5224 1512 33 0 179
fre 5228 1508 204 179 179
tree 5368 1512 33 0 179
tree 5496 1512 33 0 179
fre 5492 1508 204 179 179
tree 5672 1512 33 0 179
cliff 5680 1504 41 179 179
stand 184 1544 280 0 179
tree 264 1560 40 0 179
fre 428 1556 194 179 179
fre 492 1556 194 179 179
fre 644 1548 269 179 179
fre 692 1556 194 179 179
fre 732 1564 194 179 179
fre 796 1548 194 179 179
fre 852 1556 197 179 179
stand 984 1544 384 0 179
tree 1032 1544 87 0 179
tree 1048 1544 34 0 179
stand 1096 1544 381 0 179
stand 1096 1560 380 0 179
stand 1176 1560 386 0 179
fre 1276 1540 2 179 179
fre 1316 1548 67 179 179
fre 1372 1564 74 179 179
fre 1404 1564 74 179 179
fre 1420 1548 76 179 179
fre 1420 1540 67 179 179
fre 1460 1540 67 179 179
fre 1492 1556 67 179 179
fre 1492 1564 67 179 179
fre 1540 1548 67 179 179
fre 1588 1556 67 179 179
fre 1588 1564 67 179 179
fre 1628 1564 67 179 179
fre 1620 1564 76 179 179
fre 1660 1564 67 179 179
fre 1692 1564 67 179 179
fre 1684 1564 76 179 179
fre 1668 1564 67 179 179
fre 1692 1556 67 179 179
fre 1716 1548 74 179 179
fre 1732 1564 67 179 179
fre 1748 1548 74 179 179
fre 1732 1540 74 179 179
fre 1732 1556 76 179 179
fre 1780 1564 76 179 179
fre 1812 1548 74 179 179
fre 1796 1540 74 179 179
fre 1804 1540 67 179 179
fre 1916 1564 67 179 179
fre 2076 1564 194 179 179
fre 2132 1564 194 179 179
tree 2328 1560 87 0 179
fre 2644 1556 2 179 179
tree 2728 1560 87 0 179
fre 2780 1548 272 179 179
tree 2968 1560 77 0 179
tree 2952 1560 77 0 179
tree 2952 1544 77 0 179
fre 3124 1540 2 179 179
tree 3304 1544 80 0 179
tree 3368 1560 79 0 179
stand 3416 1544 316 0 179
fre 3508 1540 58 179 179
stand 3512 1560 317 0 179
tree 3512 1560 45 0 179
stand 3528 1560 317 0 179
stand 3688 1560 316 0 179
tree 3704 1560 45 0 179
stand 3736 1544 316 0 179
stand 3720 1560 316 0 179
stand 3960 1560 316 0 179
tree 4024 1544 85 0 179
fre 4060 1548 196 179 179
tree 4088 1560 35 0 179
fre 4084 1540 268 179 179
trop 4196 1540 192 179 179
trop 4340 1564 140 179 179
trop 4516 1564 140 179 179
trop 4692 1564 140 179 179
trop 4868 1564 140 179 179
trop 5036 1564 140 179 179
cliff 5104 1536 16 179 179
cliff 5184 1536 17 179 179
trop 5212 1564 140 179 179
cliff 5312 1536 14 179 179
cliff 5392 1536 16 179 179
trop 5388 1564 140 179 179
cliff 5472 1536 17 179 179
cliff 5584 1536 17 179 179
trop 5572 1564 140 179 179
trop 5756 1564 140 179 179
trop 5924 1564 140 179 179
trop 6020 1564 140 179 179
trop 6188 1564 140 179 179
trop 6356 1564 140 179 179
trop 6532 1564 140 179 179
trop 6692 1564 140 179 179
trop 6788 1564 140 179 179
trop 6956 1564 140 179 179
trop 7124 1564 140 179 179
trop 7300 1564 140 179 179
trop 7492 1564 140 179 179
trop 7588 1564 140 179 179
trop 7756 1564 140 179 179
trop 7924 1564 140 179 179
trop 8100 1564 140 179 179
fre 196 1580 194 179 179
fre 228 1596 194 179 179
tree 264 1576 40 0 179
tree 376 1592 77 0 179
fre 476 1588 194 179 179
fre 508 1588 269 179 179
fre 492 1596 194 179 179
fre 548 1572 194 179 179
fre 580 1596 197 179 179
fre 628 1596 196 179 179
fre 652 1596 197 179 179
fre 692 1596 139 179 179
fre 796 1596 197 179 179
fre 852 1572 2 179 179
tree 1032 1592 87 0 179
stand 1080 1576 380 0 179
stand 1096 1576 381 0 179
fre 1316 1596 267 179 179
fre 1372 1596 67 179 179
fre 1356 1572 67 179 179
fre 1372 1588 67 179 179
fre 1388 1596 74 179 179
fre 1380 1588 74 179 179
fre 1412 1588 76 179 179
fre 1420 1580 76 179 179
fre 1412 1596 67 179 179
fre 1444 1596 267 179 179
tree 1464 1576 83 0 179
fre 1484 1572 67 179 179
fre 1500 1588 67 179 179
fre 1484 1596 74 179 179
fre 1508 1596 267 179 179
fre 1508 1588 74 179 179
fre 1516 1580 76 179 179
fre 1548 1572 67 179 179
fre 1564 1588 67 179 179
fre 1604 1580 67 179 179
fre 1628 1596 74 179 179
fre 1660 1596 74 179 179
fre 1636 1580 67 179 179
fre 1644 1572 67 179 179
fre 1668 1580 67 179 179
fre 1684 1580 74 179 179
fre 1692 1596 74 179 179
fre 1684 1572 67 179 179
fre 1724 1596 74 179 179
fre 1740 1596 74 179 179
fre 1780 1588 67 179 179
fre 1780 1596 67 179 179
fre 1772 1572 74 179 179
fre 1844 1588 67 179 179
fre 1844 1596 67 179 179
fre 2036 1572 194 179 179
fre 2204 1580 194 179 179
fre 2316 1580 272 179 179
tree 2392 1576 87 0 179
tree 2408 1592 77 0 179
tree 2440 1576 87 0 179
fre 2476 1572 272 179 179
fre 2524 1572 197 179 179
fre 2540 1580 269 179 179
tree 2552 1576 87 0 179
tree 2616 1592 87 0 179
fre 2628 1580 196 179 179
tree 2744 1576 79 0 179
tree 2840 1576 87 0 179
tree 2872 1592 19 0 179
tree 2904 1592 35 0 179
tree 2984 1592 77 0 179
tree 3016 1592 87 0 179
fre 3316 1572 196 179 179
tree 3368 1592 80 0 179
tree 3464 1576 45 0 179
fre 3524 1596 58 179 179
trop 3612 1596 139 179 179
stand 3672 1592 318 0 179
fre 3796 1572 12 179 179
stand 3800 1592 318 0 179
stand 3816 1576 316 0 179
tree 3880 1576 77 0 179
fre 3996 1580 194 179 179
fre 4164 1596 35 179 179
fre 4172 1596 35 179 179
fre 4172 1580 35 179 179
stand 4568 1592 151 0 179
fre 316 1628 194 179 179
fre 372 1628 194 179 179
tree 568 1624 87 0 179
fre 884 1620 2 179 179
tree 968 1624 87 0 179
fre 1020 1612 272 179 179
tree 1208 1624 77 0 179
tree 1192 1624 77 0 179
tree 1192 1608 77 0 179
fre 1284 1628 67 179 179
fre 1372 1628 67 179 179
fre 1364 1628 76 179 179
fre 1348 1604 74 179 179
fre 1396 1612 74 179 179
fre 1420 1628 74 179 179
fre 1412 1620 76 179 179
fre 1412 1628 67 179 179
fre 1420 1620 74 179 179
fre 1460 1628 67 179 179
fre 1452 1604 74 179 179
fre 1476 1628 67 179 179
fre 1484 1604 67 179 179
fre 1492 1612 74 179 179
fre 1476 1604 74 179 179
fre 1508 1620 76 179 179
fre 1540 1604 74 179 179
fre 1540 1628 267 179 179
fre 1580 1604 67 179 179
fre 1596 1620 67 179 179
fre 1604 1620 74 179 179
fre 1660 1628 67 179 179
fre 1636 1628 67 179 179
fre 1676 1628 74 179 179
fre 1692 1628 67 179 179
tree 1688 1608 83 0 179
fre 1724 1628 67 179 179
fre 1708 1612 76 179 179
fre 1740 1628 74 179 179
fre 1756 1620 67 179 179
fre 1772 1612 76 179 179
fre 1844 1628 76 179 179
fre 1964 1620 197 179 179
fre 2300 1628 197 179 179
fre 2316 1604 269 179 179
fre 2340 1604 197 179 179
tree 2376 1624 87 0 179
fre 2484 1604 196 179 179
tree 2520 1624 81 0 179
tree 2616 1624 79 0 179
tree 2744 1608 33 0 179
tree 2728 1608 33 0 179
fre 2932 1604 196 179 179
fre 2996 1612 196 179 179
tree 2984 1608 77 0 179
tree 3080 1608 77 0 179
stand 3528 1608 317 0 179
tree 3528 1608 45 0 179
stand 3560 1608 318 0 179
stand 3672 1624 316 0 179
stand 3752 1624 316 0 179
stand 3832 1608 317 0 179
tree 3896 1624 85 0 179
fre 3980 1612 194 179 179
fre 4012 1620 85 179 179
fre 4036 1612 194 179 179
tree 4072 1608 85 0 179
tree 4120 1608 85 0 179
fre 4172 1604 35 179 179
stand 4472 1608 126 0 179
fre 4476 1620 73 179 179
fre 4460 1604 73 179 179
fre 4612 1628 204 179 179
fre 4644 1612 72 179 179
tree 4680 1624 33 0 179
stand 4728 1624 405 0 179
fre 4748 1628 204 179 179
stand 4824 1624 405 0 179
tree 4872 1624 33 0 179
tree 5016 1624 33 0 179
tree 5176 1624 33 0 179
tree 5304 1624 33 0 179
tree 5480 1624 33 0 179
stand 5544 1624 39 0 179
tree 5640 1624 33 0 179
fre 5684 1628 204 179 179
zabor 5744 1616 30 0 8
zabor 5776 1616 29 0 8
fre 5796 1628 204 179 179
zabor 5808 1616 24 0 8
zabor 5840 1616 25 0 8
zabor 5872 1616 24 0 8
zabor 5904 1616 25 0 8
zabor 5936 1616 26 0 8
zabor 6000 1616 28 0 8
zabor 6032 1616 24 0 8
zabor 6064 1616 31 0 8
zabor 6096 1616 29 0 8
zabor 6128 1616 29 0 8
zabor 6160 1616 27 0 8
zabor 6192 1616 28 0 8
zabor 6224 1616 27 0 8
zabor 6256 1616 31 0 8
zabor 6288 1616 29 0 8
zabor 6320 1616 26 0 8
zabor 6352 1616 30 0 8
zabor 6384 1616 26 0 8
zabor 6416 1616 27 0 8
zabor 7568 1616 25 0 8
zabor 7600 1616 30 0 8
zabor 7632 1616 30 0 8
zabor 7664 1616 31 0 8
zabor 7696 1616 30 0 8
zabor 7728 1616 26 0 8
zabor 7760 1616 29 0 8
zabor 7792 1616 29 0 8
zabor 7824 1616 26 0 8
zabor 7856 1616 29 0 8
zabor 7888 1616 25 0 8
zabor 7920 1616 26 0 8
zabor 7952 1616 28 0 8
zabor 7984 1616 24 0 8
zabor 8016 1616 25 0 8
zabor 8048 1616 30 0 8
zabor 8080 1616 24 0 8
fre 276 1636 194 179 179
fre 444 1644 194 179 179
fre 556 1644 272 179 179
tree 632 1640 87 0 179
tree 648 1656 77 0 179
tree 680 1640 87 0 179
fre 716 1636 272 179 179
fre 764 1636 197 179 179
fre 780 1644 269 179 179
tree 792 1640 87 0 179
tree 856 1656 87 0 179
fre 868 1644 196 179 179
tree 984 1640 79 0 179
tree 1080 1640 87 0 179
tree 1112 1656 19 0 179
tree 1144 1656 35 0 179
tree 1224 1656 77 0 179
tree 1256 1656 87 0 179
fre 1348 1644 67 179 179
fre 1404 1660 74 179 179
fre 1396 1652 67 179 179
fre 1396 1660 67 179 179
fre 1436 1652 67 179 179
fre 1420 1660 74 179 179
fre 1460 1660 67 179 179
fre 1452 1636 74 179 179
fre 1468 1660 67 179 179
fre 1524 1660 76 179 179
fre 1524 1652 67 179 179
fre 1516 1660 74 179 179
fre 1508 1660 67 179 179
fre 1556 1660 67 179 179
fre 1548 1636 74 179 179
fre 1572 1636 74 179 179
fre 1644 1652 74 179 179
fre 1684 1644 74 179 179
fre 1700 1652 76 179 179
fre 1748 1644 74 179 179
fre 1764 1652 76 179 179
fre 1772 1636 67 179 179
fre 1836 1636 67 179 179
fre 1884 1660 74 179 179
fre 1900 1636 67 179 179
fre 1940 1636 67 179 179
tree 1976 1656 81 0 179
fre 2028 1652 197 179 179
fre 2068 1644 197 179 179
fre 2124 1644 196 179 179
fre 2132 1652 197 179 179
fre 2228 1644 126 179 179
fre 2284 1652 197 179 179
fre 2340 1644 2 179 179
tree 2456 1640 81 0 179
fre 2692 1636 269 179 179
fre 2708 1644 2 179 179
fre 2772 1652 2 179 179
tree 2856 1640 35 0 179
tree 2904 1640 34 0 179
fre 2940 1660 196 179 179
tree 2968 1656 77 0 179
fre 3068 1652 196 179 179
fre 3212 1644 2 179 179
tree 3304 1640 81 0 179
stand 3512 1640 317 0 179
fre 3532 1636 58 179 179
stand 3544 1656 317 0 179
stand 3672 1656 318 0 179
stand 3720 1640 316 0 179
fre 3820 1636 12 179 179
fre 4244 1652 194 179 179
fre 4324 1644 194 179 179
fre 4332 1652 268 179 179
fre 4348 1644 268 179 179
fre 4388 1660 194 179 179
fre 4412 1644 194 179 179
fre 4404 1660 268 179 179
fre 4444 1644 268 179 179
tree 4456 1640 20 0 179
fre 4628 1660 204 179 179
stand 4664 1640 405 0 179
fre 4716 1636 72 179 179
fre 4788 1644 204 179 179
fre 4828 1652 204 179 179
fre 4844 1652 72 179 179
fre 4884 1644 204 179 179
fre 4868 1636 72 179 179
fre 4876 1644 72 179 179
fre 4908 1660 204 179 179
fre 4948 1644 204 179 179
fre 4988 1636 204 179 179
fre 5036 1644 204 179 179
fre 5068 1660 204 179 179
fre 5092 1644 204 179 179
fre 5148 1652 204 179 179
stand 5128 1640 402 0 179
fre 5180 1644 204 179 179
stand 5208 1640 402 0 179
fre 5220 1644 204 179 179
fre 5228 1652 204 179 179
fre 5284 1636 204 179 179
fre 5300 1644 204 179 179
stand 5304 1656 402 0 179
fre 5356 1636 204 179 179
fre 5380 1644 204 179 179
stand 5384 1656 402 0 179
fre 5444 1636 204 179 179
fre 5468 1644 204 179 179
fre 5500 1644 204 179 179
fre 5548 1644 204 179 179
fre 5588 1644 204 179 179
fre 5636 1636 204 179 179
fre 5724 1636 204 179 179
zabor 5744 1648 24 0 8
zabor 6416 1648 29 0 8
zabor 7568 1648 26 0 8
fre 204 1684 197 179 179
fre 540 1692 197 179 179
fre 556 1668 269 179 179
fre 580 1668 197 179 179
tree 616 1688 87 0 179
fre 724 1668 196 179 179
tree 760 1688 81 0 179
tree 856 1688 79 0 179
tree 984 1672 33 0 179
tree 968 1672 33 0 179
fre 1172 1668 196 179 179
fre 1236 1676 196 179 179
tree 1224 1672 77 0 179
fre 1292 1692 74 179 179
fre 1324 1676 76 179 179
fre 1404 1692 67 179 179
fre 1436 1684 67 179 179
fre 1420 1692 74 179 179
fre 1444 1692 267 179 179
fre 1452 1676 76 179 179
fre 1444 1676 67 179 179
fre 1484 1668 67 179 179
fre 1500 1684 67 179 179
fre 1500 1692 74 179 179
fre 1524 1692 76 179 179
fre 1508 1684 74 179 179
fre 1532 1684 67 179 179
fre 1620 1692 76 179 179
fre 1620 1684 67 179 179
fre 1692 1692 67 179 179
fre 1708 1692 74 179 179
fre 1748 1692 67 179 179
fre 1740 1668 74 179 179
fre 1772 1692 74 179 179
fre 1812 1692 67 179 179
fre 1804 1668 74 179 179
fre 1796 1692 267 179 179
fre 1836 1668 67 179 179
fre 1852 1684 67 179 179
fre 1860 1684 74 179 179
fre 1892 1692 67 179 179
tree 1944 1672 83 0 179
tree 2168 1688 87 0 179
tree 2184 1688 81 0 179
fre 2412 1684 2 179 179
tree 2600 1688 87 0 179
dom 2720 1664 272 0 179
fre 2900 1684 2 179 179
tree 2952 1688 87 0 179
tree 3000 1688 87 0 179
fre 3180 1684 2 179 179
fre 3244 1692 2 179 179
tree 3464 1672 45 0 179
fre 3732 1692 12 179 179
stand 3752 1688 316 0 179
tree 3768 1672 45 0 179
tree 3752 1688 45 0 179
fre 3780 1692 269 179 179
stand 3880 1688 316 0 179
fre 4084 1676 194 179 179
fre 4180 1692 194 179 179
fre 4220 1668 268 179 179
tree 4296 1688 34 0 179
tree 4344 1672 83 0 179
fre 4404 1676 84 179 179
fre 4436 1692 194 179 179
trop 4532 1668 139 179 179
fre 4636 1684 204 179 179
fre 4652 1692 72 179 179
tree 4744 1672 80 0 179
fre 4756 1668 204 179 179
fre 4820 1676 72 179 179
tree 5176 1688 86 0 179
tree 5208 1688 86 0 179
fre 5348 1692 72 179 179
fre 5508 1684 72 179 179
fre 5524 1692 72 179 179
fre 5548 1692 72 179 179
zabor 5744 1680 27 0 8
zabor 6416 1680 28 0 8
fre 6556 1684 2 179 179
fre 6604 1668 269 179 179
tree 6744 1672 33 0 179
tree 6824 1688 87 0 179
tree 6888 1672 33 0 179
fre 6956 1676 269 179 179
fre 6988 1676 2 179 179
tree 7208 1688 79 0 179
fre 7276 1692 196 179 179
tree 7304 1688 79 0 179
tree 7432 1672 79 0 179
trop 7532 1676 139 179 179
zabor 7568 1680 24 0 8
fre 7636 1668 62 179 179
fre 7796 1692 62 179 179
tree 216 1720 81 0 179
fre 268 1716 197 179 179
fre 308 1708 197 179 179
fre 364 1708 196 179 179
fre 372 1716 197 179 179
fre 468 1708 126 179 179
fre 524 1716 197 179 179
fre 580 1708 2 179 179
tree 696 1704 81 0 179
fre 932 1700 269 179 179
fre 948 1708 2 179 179
fre 1012 1716 2 179 179
tree 1096 1704 35 0 179
tree 1144 1704 34 0 179
fre 1180 1724 196 179 179
tree 1208 1720 77 0 179
fre 1300 1708 74 179 179
fre 1316 1716 76 179 179
fre 1388 1700 67 179 179
fre 1428 1708 74 179 179
fre 1444 1716 76 179 179
fre 1476 1700 74 179 179
fre 1500 1724 67 179 179
fre 1516 1700 67 179 179
fre 1524 1708 74 179 179
fre 1516 1724 74 179 179
fre 1548 1716 74 179 179
fre 1548 1708 76 179 179
fre 1668 1708 67 179 179
fre 1724 1716 67 179 179
fre 1724 1724 74 179 179
fre 1732 1724 267 179 179
fre 1788 1716 67 179 179
fre 1772 1700 67 179 179
fre 1764 1724 67 179 179
fre 1796 1724 267 179 179
fre 1812 1724 76 179 179
fre 1796 1716 74 179 179
fre 1836 1700 67 179 179
fre 1852 1716 67 179 179
fre 1828 1700 74 179 179
fre 1876 1724 76 179 179
fre 1860 1716 74 179 179
fre 1900 1716 74 179 179
fre 2180 1708 196 179 179
tree 2312 1720 87 0 179
tree 2552 1704 81 0 179
fre 2668 1716 126 179 179
fre 2708 1708 2 179 179
fre 3148 1700 2 179 179
fre 3452 1708 58 179 179
fre 3460 1716 58 179 179
stand 3464 1704 316 0 179
stand 3528 1704 317 0 179
tree 3544 1704 45 0 179
stand 3752 1720 316 0 179
fre 3988 1708 196 179 179
tree 4056 1704 33 0 179
fre 4116 1708 194 179 179
tree 4232 1704 85 0 179
fre 4660 1724 72 179 179
tree 4712 1720 86 0 179
tree 4744 1720 86 0 179
tree 4760 1720 86 0 179
tree 4776 1704 86 0 179
tree 4808 1704 45 0 179
tree 4840 1720 86 0 179
tree 4920 1720 86 0 179
tree 4936 1720 86 0 179
tree 4952 1704 45 0 179
tree 4984 1704 86 0 179
tree 5016 1720 86 0 179
tree 5016 1704 86 0 179
tree 5064 1704 86 0 179
tree 5144 1720 87 0 179
tree 5176 1704 86 0 179
tree 5160 1720 44 0 179
fre 5244 1716 72 179 179
fre 5252 1700 72 179 179
tree 5288 1704 86 0 179
tree 5320 1704 86 0 179
fre 5340 1708 72 179 179
fre 5356 1716 72 179 179
tree 5400 1704 86 0 179
fre 5388 1708 72 179 179
tree 5464 1720 86 0 179
tree 5480 1720 85 0 179
tree 5512 1720 86 0 179
fre 5508 1708 72 179 179
fre 5540 1708 72 179 179
tree 5576 1704 86 0 179
tree 5624 1704 86 0 179
tree 5624 1720 86 0 179
tree 5688 1720 87 0 179
zabor 5744 1712 26 0 8
fre 5812 1716 278 179 179
fre 5876 1716 278 179 179
fre 5940 1716 278 179 179
fre 6004 1716 278 179 179
fre 6068 1716 278 179 179
fre 6132 1716 278 179 179
zabor 6416 1712 24 0 8
fre 6636 1724 269 179 179
tree 6664 1720 79 0 179
tree 6712 1704 79 0 179
fre 6796 1708 196 179 179
tree 6824 1720 18 0 179
tree 6920 1720 34 0 179
stand 6936 1720 288 0 179
fre 7052 1708 2 179 179
fre 7300 1716 272 179 179
tree 7336 1720 80 0 179
tree 7416 1704 87 0 179
zabor 7568 1712 26 0 8
fre 7612 1700 61 179 179
fre 7844 1724 62 179 179
fre 8020 1700 62 179 179
tree 408 1752 87 0 179
tree 424 1752 81 0 179
fre 652 1748 2 179 179
tree 840 1752 87 0 179
fre 1140 1748 2 179 179
fre 1180 1756 74 179 179
fre 1196 1732 67 179 179
tree 1192 1752 87 0 179
fre 1236 1732 67 179 179
tree 1240 1752 87 0 179
fre 1316 1756 267 179 179
fre 1324 1756 74 179 179
fre 1372 1748 67 179 179
fre 1356 1732 67 179 179
fre 1364 1756 67 179 179
fre 1380 1748 74 179 179
fre 1452 1756 74 179 179
fre 1492 1756 67 179 179
fre 1484 1732 74 179 179
fre 1524 1748 67 179 179
fre 1524 1756 67 179 179
fre 1524 1740 74 179 179
fre 1540 1748 76 179 179
fre 1596 1756 67 179 179
fre 1612 1732 67 179 179
fre 1724 1756 67 179 179
fre 1764 1732 74 179 179
fre 1828 1732 74 179 179
fre 1836 1748 74 179 179
fre 1876 1748 67 179 179
fre 1876 1756 67 179 179
fre 1900 1748 74 179 179
fre 1948 1756 67 179 179
tree 1960 1752 85 0 179
tree 2024 1752 80 0 179
tree 2088 1752 79 0 179
tree 2392 1752 79 0 179
fre 2692 1756 269 179 179
fre 2996 1732 2 179 179
fre 3076 1732 2 179 179
fre 3300 1748 2 179 179
stand 3352 1736 316 0 179
tree 3416 1752 45 0 179
stand 3496 1752 317 0 179
fre 3524 1748 58 179 179
stand 3528 1752 317 0 179
stand 3544 1736 317 0 179
stand 3688 1736 316 0 179
stand 3752 1752 316 0 179
stand 3784 1752 316 0 179
tree 3864 1752 77 0 179
tree 3896 1736 85 0 179
tree 3976 1736 85 0 179
fre 3988 1756 272 179 179
tree 4024 1736 35 0 179
tree 4072 1752 43 0 179
tree 4088 1736 43 0 179
fre 4148 1748 268 179 179
tree 4184 1752 34 0 179
fre 4204 1732 272 179 179
fre 4268 1740 268 179 179
stand 4312 1736 405 0 179
tree 4328 1736 34 0 179
tree 4440 1752 85 0 179
tree 4632 1736 77 0 179
tree 4696 1736 45 0 179
cliff 4720 1744 41 179 179
tree 4744 1752 87 0 179
cliff 4800 1728 17 179 179
cliff 4896 1728 16 179 179
tree 4968 1736 86 0 179
cliff 4976 1728 16 179 179
cliff 5056 1728 16 179 179
cliff 5136 1728 16 179 179
tree 5160 1752 44 0 179
tree 5192 1736 44 0 179
tree 5208 1736 44 0 179
stand 5240 1736 287 0 179
cliff 5216 1728 16 179 179
cliff 5296 1728 16 179 179
tree 5320 1736 44 0 179
fre 5340 1740 72 179 179
cliff 5376 1728 16 179 179
tree 5416 1752 44 0 179
tree 5448 1752 44 0 179
stand 5480 1752 287 0 179
cliff 5472 1744 17 179 179
tree 5496 1752 82 0 179
tree 5528 1736 41 0 179
tree 5592 1736 86 0 179
tree 5576 1736 86 0 179
tree 5608 1736 86 0 179
cliff 5600 1744 14 179 179
tree 5624 1752 44 0 179
tree 5656 1736 86 0 179
tree 5656 1752 41 0 179
cliff 5680 1744 16 179 179
tree 5688 1736 82 0 179
zabor 5744 1744 26 0 8
cliff 5824 1744 16 179 179
fre 6228 1748 278 179 179
fre 6292 1748 278 179 179
zabor 6416 1744 31 0 8
fre 6572 1732 2 179 179
fre 6724 1732 269 179 179
tree 6744 1752 79 0 179
fre 6796 1732 196 179 179
tree 6792 1752 35 0 179
stand 6920 1752 288 0 179
stand 6952 1752 288 0 179
fre 7012 1732 2 179 179
fre 7108 1756 2 179 179
tree 7176 1736 77 0 179
fre 7260 1756 196 179 179
tree 7240 1736 77 0 179
tree 7272 1752 77 0 179
zabor 7568 1744 28 0 8
fre 7612 1756 61 179 179
fre 7764 1740 62 179 179
fre 7900 1756 62 179 179
fre 7908 1740 62 179 179
fre 7996 1732 61 179 179
fre 420 1772 196 179 179
tree 552 1784 87 0 179
tree 792 1768 81 0 179
fre 908 1780 126 179 179
fre 948 1772 2 179 179
dom 960 1760 272 0 179
fre 1092 1788 267 179 179
fre 1132 1764 67 179 179
fre 1148 1780 67 179 179
fre 1156 1780 74 179 179
fre 1188 1788 67 179 179
fre 1244 1788 67 179 179
fre 1236 1788 76 179 179
tree 1240 1768 83 0 179
fre 1284 1788 67 179 179
fre 1340 1780 67 179 179
fre 1364 1772 74 179 179
fre 1348 1764 74 179 179
fre 1428 1788 76 179 179
fre 1452 1772 76 179 179
fre 1468 1780 67 179 179
fre 1476 1788 267 179 179
fre 1516 1764 67 179 179
fre 1532 1780 67 179 179
fre 1556 1788 76 179 179
fre 1540 1780 74 179 179
fre 1548 1788 74 179 179
fre 1572 1772 67 179 179
fre 1588 1788 67 179 179
fre 1580 1764 74 179 179
fre 1772 1788 74 179 179
fre 1812 1780 67 179 179
fre 1812 1788 67 179 179
fre 1804 1772 76 179 179
fre 1876 1780 67 179 179
fre 1876 1788 67 179 179
fre 1884 1788 67 179 179
fre 1948 1788 67 179 179
fre 1924 1772 67 179 179
fre 1980 1788 74 179 179
fre 2124 1780 196 179 179
fre 2140 1780 196 179 179
tree 2136 1784 35 0 179
tree 2136 1768 34 0 179
tree 2216 1768 19 0 179
fre 2308 1772 196 179 179
tree 2328 1768 80 0 179
fre 2460 1780 127 179 179
fre 2484 1764 2 179 179
fre 2540 1788 2 179 179
fre 2628 1764 2 179 179
fre 2668 1764 2 179 179
tree 2888 1784 79 0 179
fre 2924 1788 196 179 179
fre 3084 1772 2 179 179
tree 3192 1768 79 0 179
tree 3240 1768 87 0 179
tree 3480 1768 45 0 179
trop 3612 1772 139 179 179
stand 3688 1768 318 0 179
tree 3736 1784 45 0 179
stand 3768 1784 316 0 179
fre 3844 1772 269 179 179
tree 3896 1784 42 0 179
fre 3988 1764 194 179 179
fre 3996 1788 194 179 179
tree 4072 1784 33 0 179
tree 4104 1768 42 0 179
fre 4276 1764 196 179 179
fre 4260 1772 272 179 179
tree 4312 1768 19 0 179
fre 4356 1764 272 179 179
tree 4632 1784 80 0 179
fre 4620 1772 204 179 179
stand 4888 1768 384 0 179
fre 5004 1788 72 179 179
stand 5128 1768 378 0 179
stand 5208 1768 287 0 179
stand 5208 1784 380 0 179
fre 5292 1772 71 179 179
fre 5332 1772 71 179 179
fre 5356 1780 72 179 179
fre 5404 1772 71 179 179
fre 5388 1764 72 179 179
stand 5544 1784 381 0 179
fre 5612 1788 71 179 179
tree 5704 1768 41 0 179
zabor 5744 1776 26 0 8
zabor 6416 1776 25 0 8
tree 6488 1768 19 0 179
tree 6552 1784 33 0 179
fre 6612 1780 2 179 179
stand 6872 1768 352 0 179
tree 7320 1784 77 0 179
fre 7444 1780 2 179 179
zabor 7568 1776 30 0 8
fre 7660 1772 62 179 179
fre 7996 1788 61 179 179
tree 200 1816 85 0 179
tree 264 1816 80 0 179
tree 328 1816 79 0 179
tree 632 1816 79 0 179
fre 932 1820 269 179 179
fre 1060 1820 67 179 179
fre 1124 1796 74 179 179
fre 1196 1812 74 179 179
fre 1220 1804 67 179 179
fre 1276 1820 74 179 179
fre 1332 1804 74 179 179
fre 1396 1812 67 179 179
fre 1396 1820 67 179 179
fre 1444 1812 76 179 179
fre 1516 1796 67 179 179
fre 1508 1796 74 179 179
fre 1540 1820 267 179 179
fre 1564 1812 67 179 179
fre 1580 1796 67 179 179
fre 1596 1812 67 179 179
fre 1580 1812 74 179 179
fre 1652 1820 76 179 179
fre 1740 1804 76 179 179
fre 1780 1804 74 179 179
fre 1804 1804 76 179 179
fre 1796 1812 76 179 179
fre 1860 1804 67 179 179
fre 1868 1796 67 179 179
fre 1924 1804 67 179 179
fre 1980 1820 67 179 179
tree 2216 1800 12 0 179
fre 2268 1804 269 179 179
tree 2360 1816 79 0 179
fre 2748 1804 2 179 179
tree 2840 1816 81 0 179
fre 2876 1804 196 179 179
tree 2936 1816 77 0 179
tree 2920 1816 80 0 179
fre 3028 1796 138 179 179
fre 3108 1796 2 179 179
fre 3228 1820 196 179 179
tree 3208 1816 81 0 179
tree 3240 1816 87 0 179
stand 3432 1816 316 0 179
stand 3544 1816 318 0 179
stand 3544 1800 317 0 179
stand 3528 1800 317 0 179
stand 3752 1816 316 0 179
stand 3768 1816 316 0 179
fre 3812 1804 269 179 179
stand 3816 1800 365 0 179
tree 3928 1816 42 0 179
tree 3912 1816 42 0 179
tree 4024 1800 78 0 179
tree 4104 1800 43 0 179
tree 4232 1816 35 0 179
tree 4312 1800 40 0 179
tree 4296 1800 19 0 179
tree 4344 1800 40 0 179
tree 4376 1816 85 0 179
fre 4404 1796 268 179 179
tree 4424 1816 35 0 179
tree 4600 1816 55 0 179
tree 4632 1816 52 0 179
fre 4652 1804 72 179 179
fre 4652 1796 72 179 179
tree 4728 1800 86 0 179
cliff 4736 1792 40 179 179
tree 4744 1816 45 0 179
stand 4792 1816 288 0 179
fre 5052 1804 71 179 179
tree 5096 1816 77 0 179
stand 5160 1800 379 0 179
stand 5224 1816 379 0 179
fre 5300 1820 72 179 179
tree 5368 1816 41 0 179
tree 5368 1800 41 0 179
tree 5400 1800 41 0 179
fre 5508 1820 71 179 179
fre 5548 1820 71 179 179
fre 5588 1812 71 179 179
fre 5620 1812 71 179 179
zabor 5744 1808 30 0 8
fre 5780 1812 278 179 179
fre 5908 1812 278 179 179
fre 6036 1812 278 179 179
zabor 6416 1808 27 0 8
stand 6536 1816 354 0 179
tree 6744 1816 87 0 179
fre 6828 1812 196 179 179
fre 6956 1812 2 179 179
fre 7004 1796 2 179 179
fre 7012 1812 269 179 179
tree 7032 1816 87 0 179
tree 7096 1816 77 0 179
fre 7164 1804 2 179 179
tree 7288 1816 77 0 179
tree 7304 1816 77 0 179
tree 7304 1800 77 0 179
zabor 7568 1808 27 0 8
fre 7700 1820 62 179 179
fre 7780 1796 62 179 179
fre 8044 1804 62 179 179
fre 364 1844 196 179 179
fre 380 1844 196 179 179
tree 376 1848 35 0 179
tree 376 1832 34 0 179
tree 456 1832 19 0 179
fre 548 1836 196 179 179
tree 568 1832 80 0 179
fre 700 1844 127 179 179
fre 724 1828 2 179 179
fre 780 1852 2 179 179
fre 868 1828 2 179 179
fre 908 1828 2 179 179
fre 1172 1844 67 179 179
fre 1172 1852 67 179 179
fre 1244 1852 67 179 179
fre 1276 1852 67 179 179
fre 1292 1852 74 179 179
fre 1324 1836 76 179 179
fre 1372 1852 74 179 179
fre 1388 1828 67 179 179
fre 1428 1828 67 179 179
fre 1452 1852 74 179 179
fre 1492 1852 67 179 179
fre 1484 1828 74 179 179
fre 1508 1852 67 179 179
fre 1556 1844 67 179 179
fre 1556 1852 67 179 179
fre 1556 1836 74 179 179
fre 1572 1828 74 179 179
fre 1628 1852 67 179 179
fre 1732 1844 76 179 179
fre 1796 1844 76 179 179
fre 1804 1828 67 179 179
fre 1804 1852 74 179 179
fre 1828 1852 267 179 179
fre 1844 1852 67 179 179
fre 1836 1828 74 179 179
fre 1868 1828 67 179 179
fre 1884 1844 67 179 179
fre 1892 1852 267 179 179
fre 1932 1828 67 179 179
fre 1948 1844 67 179 179
fre 1980 1852 2 179 179
fre 2204 1844 196 179 179
tree 2264 1832 34 0 179
tree 2280 1848 18 0 179
tree 2312 1848 18 0 179
tree 2408 1832 80 0 179
fre 2516 1836 2 179 179
tree 2696 1848 33 0 179
fre 2740 1844 269 179 179
tree 2904 1848 77 0 179
fre 2948 1828 272 179 179
tree 2984 1832 77 0 179
tree 2984 1848 77 0 179
tree 3032 1848 87 0 179
fre 3092 1844 2 179 179
tree 3192 1848 81 0 179
tree 3224 1832 87 0 179
tree 3512 1848 45 0 179
fre 3524 1844 58 179 179
stand 3528 1848 317 0 179
stand 3528 1832 317 0 179
stand 3688 1832 318 0 179
tree 3896 1832 78 0 179
tree 4040 1832 42 0 179
tree 4088 1832 78 0 179
fre 4156 1836 194 179 179
tree 4248 1848 43 0 179
tree 4280 1848 33 0 179
tree 4296 1848 33 0 179
tree 4312 1848 40 0 179
stand 4296 1848 405 0 179
fre 4380 1836 196 179 179
tree 4408 1832 42 0 179
tree 4440 1848 42 0 179
fre 4452 1836 73 179 179
fre 4468 1844 73 179 179
fre 4468 1836 73 179 179
trop 4532 1844 139 179 179
fre 4620 1836 204 179 179
fre 4628 1836 72 179 179
tree 4728 1848 87 0 179
fre 4732 1844 71 179 179
tree 4744 1848 45 0 179
stand 4776 1848 288 0 179
fre 4796 1844 71 179 179
fre 4820 1836 71 179 179
tree 4856 1832 75 0 179
stand 4984 1848 402 0 179
stand 5000 1848 405 0 179
fre 5100 1852 72 179 179
fre 5156 1844 71 179 179
fre 5308 1828 72 179 179
fre 5324 1844 72 179 179
fre 5332 1828 72 179 179
fre 5316 1836 72 179 179
tree 5368 1832 75 0 179
fre 5356 1828 71 179 179
stand 5400 1848 402 0 179
fre 5412 1828 71 179 179
fre 5460 1852 71 179 179
fre 5476 1844 71 179 179
fre 5516 1852 71 179 179
tree 5608 1848 86 0 179
tree 5624 1832 86 0 179
tree 5640 1832 86 0 179
tree 5688 1848 87 0 179
fre 6196 1844 278 179 179
zabor 6416 1840 30 0 8
tree 6504 1848 79 0 179
stand 6616 1848 288 0 179
fre 6660 1836 2 179 179
tree 6744 1848 87 0 179
tree 6760 1848 87 0 179
tree 6808 1848 79 0 179
fre 6964 1828 2 179 179
fre 7196 1836 2 179 179
fre 7420 1844 2 179 179
stand 7480 1832 316 0 179
trop 7532 1852 139 179 179
zabor 7568 1840 27 0 8
fre 7628 1844 62 179 179
fre 7772 1844 62 179 179
tree 456 1864 12 0 179
fre 508 1868 269 179 179
tree 600 1880 79 0 179
fre 988 1868 2 179 179
fre 1068 1884 74 179 179
tree 1080 1880 81 0 179
fre 1100 1868 76 179 179
fre 1220 1868 67 179 179
fre 1276 1884 74 179 179
fre 1300 1868 74 179 179
fre 1284 1884 267 179 179
fre 1316 1876 76 179 179
fre 1324 1860 67 179 179
fre 1340 1876 67 179 179
fre 1348 1876 74 179 179
fre 1388 1860 67 179 179
fre 1380 1884 67 179 179
tree 1432 1864 83 0 179
fre 1468 1876 67 179 179
fre 1484 1868 76 179 179
fre 1556 1884 76 179 179
fre 1604 1868 67 179 179
fre 1740 1884 74 179 179
fre 1780 1884 67 179 179
fre 1772 1860 74 179 179
fre 1804 1884 74 179 179
fre 1796 1884 67 179 179
fre 1820 1876 67 179 179
fre 1844 1884 67 179 179
fre 1836 1860 74 179 179
fre 1860 1884 67 179 179
fre 1860 1860 74 179 179
fre 1908 1884 76 179 179
fre 1924 1860 74 179 179
tree 1976 1880 85 0 179
tree 2168 1880 79 0 179
tree 2184 1880 85 0 179
tree 2232 1880 35 0 179
fre 2468 1884 2 179 179
tree 2680 1880 81 0 179
fre 2780 1876 2 179 179
tree 2920 1864 87 0 179
tree 2920 1880 87 0 179
fre 3332 1860 2 179 179
stand 3496 1880 317 0 179
tree 3496 1880 45 0 179
tree 3544 1880 45 0 179
stand 3560 1880 318 0 179
stand 3784 1864 316 0 179
stand 3864 1864 316 0 179
fre 4012 1876 194 179 179
fre 4052 1876 194 179 179
tree 4072 1880 85 0 179
fre 4140 1868 194 179 179
tree 4344 1864 45 0 179
tree 4424 1880 85 0 179
fre 4460 1868 73 179 179
fre 4484 1868 73 179 179
fre 4612 1876 203 179 179
fre 4628 1860 203 179 179
fre 4628 1868 204 179 179
fre 4636 1884 72 179 179
tree 4648 1864 42 0 179
fre 4644 1884 72 179 179
fre 4652 1884 72 179 179
fre 4700 1876 71 179 179
tree 4728 1864 45 0 179
cliff 4736 1872 40 179 179
fre 5044 1876 72 179 179
fre 5036 1860 71 179 179
stand 5112 1880 405 0 179
stand 5256 1864 402 0 179
fre 5260 1868 72 179 179
fre 5292 1884 71 179 179
fre 5340 1868 72 179 179
fre 5348 1860 71 179 179
tree 5576 1880 87 0 179
tree 5608 1880 86 0 179
cliff 5696 1856 26 179 179
tree 5736 1864 86 0 179
zabor 6416 1872 30 0 8
tree 6472 1880 77 0 179
fre 6788 1876 196 179 179
tree 6888 1880 79 0 179
fre 7020 1884 2 179 179
tree 7112 1880 79 0 179
tree 7160 1864 77 0 179
tree 7176 1880 87 0 179
fre 7244 1876 2 179 179
tree 7320 1864 77 0 179
zabor 7568 1872 29 0 8
fre 7932 1860 62 179 179
fre 8012 1876 62 179 179
fre 220 1916 2 179 179
fre 444 1908 196 179 179
tree 504 1896 34 0 179
tree 520 1912 18 0 179
tree 552 1912 18 0 179
tree 648 1896 80 0 179
fre 756 1900 2 179 179
tree 936 1912 33 0 179
fre 980 1908 269 179 179
fre 1076 1900 74 179 179
fre 1092 1916 267 179 179
fre 1092 1908 76 179 179
fre 1148 1908 67 179 179
fre 1132 1892 67 179 179
fre 1156 1908 74 179 179
fre 1164 1892 67 179 179
fre 1276 1916 67 179 179
fre 1252 1916 67 179 179
fre 1324 1916 74 179 179
fre 1316 1892 74 179 179
fre 1364 1916 67 179 179
fre 1356 1892 74 179 179
fre 1388 1908 74 179 179
fre 1476 1908 76 179 179
fre 1548 1892 67 179 179
fre 1572 1916 267 179 179
fre 1612 1892 67 179 179
fre 1628 1908 67 179 179
fre 1756 1908 67 179 179
fre 1820 1908 67 179 179
fre 1812 1900 74 179 179
fre 1844 1916 76 179 179
fre 1908 1916 76 179 179
tree 1944 1896 85 0 179
tree 1960 1896 85 0 179
fre 2084 1892 2 179 179
tree 2200 1912 85 0 179
tree 2232 1912 85 0 179
tree 2264 1896 33 0 179
tree 2344 1896 87 0 179
fre 2436 1908 2 179 179
tree 2632 1896 79 0 179
stand 2712 1896 288 0 179
fre 2732 1916 196 179 179
fre 3236 1908 196 179 179
fre 3324 1908 2 179 179
tree 3416 1912 45 0 179
fre 3540 1908 58 179 179
stand 3528 1896 317 0 179
stand 3688 1912 316 0 179
stand 3736 1896 316 0 179
tree 3720 1912 45 0 179
stand 3752 1896 316 0 179
stand 3800 1912 316 0 179
fre 3892 1916 271 179 179
fre 3940 1892 194 179 179
fre 4228 1892 194 179 179
tree 4296 1896 85 0 179
tree 4328 1896 85 0 179
fre 4476 1908 73 179 179
fre 4620 1908 204 179 179
fre 4684 1892 71 179 179
tree 4744 1896 86 0 179
stand 4808 1896 386 0 179
stand 4840 1896 385 0 179
tree 5032 1912 75 0 179
fre 5060 1900 72 179 179
fre 5092 1892 71 179 179
fre 5124 1900 71 179 179
fre 5132 1908 72 179 179
stand 5352 1912 402 0 179
stand 5464 1912 405 0 179
tree 5480 1912 41 0 179
tree 5512 1912 82 0 179
tree 5560 1912 87 0 179
tree 5560 1896 86 0 179
tree 5576 1896 86 0 179
cliff 5632 1888 2 179 179
fre 5676 1908 132 179 179
fre 5876 1908 278 179 179
fre 6004 1908 278 179 179
fre 6132 1908 278 179 179
zabor 6416 1904 24 0 8
tree 6504 1896 87 0 179
tree 6600 1912 79 0 179
fre 6684 1908 2 179 179
tree 6744 1896 87 0 179
zabor 7568 1904 24 0 8
fre 7620 1900 61 179 179
fre 7724 1916 62 179 179
fre 7876 1892 62 179 179
tree 120 1928 85 0 179
tree 136 1928 85 0 179
fre 260 1924 2 179 179
tree 376 1944 85 0 179
tree 408 1944 85 0 179
tree 440 1928 33 0 179
tree 520 1928 87 0 179
fre 612 1940 2 179 179
tree 808 1928 79 0 179
fre 1020 1948 67 179 179
fre 1012 1948 76 179 179
fre 1060 1948 67 179 179
fre 1100 1948 74 179 179
fre 1140 1932 74 179 179
fre 1124 1924 74 179 179
fre 1140 1948 67 179 179
fre 1132 1924 74 179 179
fre 1340 1940 67 179 179
fre 1348 1948 267 179 179
fre 1364 1940 67 179 179
fre 1364 1948 67 179 179
fre 1388 1924 67 179 179
fre 1404 1940 67 179 179
fre 1428 1948 76 179 179
fre 1412 1940 74 179 179
fre 1436 1948 67 179 179
tree 1464 1944 85 0 179
fre 1484 1948 74 179 179
tree 1496 1928 33 0 179
fre 1524 1948 67 179 179
fre 1516 1924 74 179 179
fre 1540 1948 67 179 179
tree 1576 1928 87 0 179
fre 1604 1924 74 179 179
fre 1668 1940 2 179 179
tree 1864 1928 79 0 179
tree 2008 1944 33 0 179
tree 2040 1944 85 0 179
fre 2324 1940 196 179 179
tree 2584 1928 19 0 179
tree 2616 1944 34 0 179
stand 2712 1928 354 0 179
fre 2836 1932 2 179 179
fre 2940 1948 2 179 179
fre 2948 1932 2 179 179
fre 2996 1932 2 179 179
stand 3496 1928 316 0 179
tree 3496 1944 45 0 179
stand 3544 1944 318 0 179
trop 3612 1948 139 179 179
stand 3720 1944 317 0 179
tree 3848 1928 77 0 179
tree 4024 1944 85 0 179
tree 4136 1928 85 0 179
fre 4156 1940 196 179 179
fre 4164 1924 268 179 179
fre 4420 1948 194 179 179
fre 4580 1948 74 179 179
fre 4620 1948 203 179 179
fre 4628 1924 203 179 179
fre 4636 1924 204 179 179
fre 4628 1948 74 179 179
fre 4660 1948 74 179 179
fre 4724 1948 71 179 179
tree 4744 1944 87 0 179
cliff 4736 1936 40 179 179
tree 4776 1928 45 0 179
tree 4824 1928 41 0 179
fre 5004 1940 72 179 179
fre 5052 1948 71 179 179
tree 5064 1944 41 0 179
tree 5064 1928 41 0 179
stand 5064 1944 402 0 179
fre 5068 1948 72 179 179
fre 5116 1932 71 179 179
fre 5108 1932 72 179 179
fre 5124 1940 71 179 179
fre 5132 1932 71 179 179
fre 5132 1940 72 179 179
fre 5124 1924 72 179 179
trop 5316 1940 174 179 179
fre 5364 1940 71 179 179
fre 5420 1948 71 179 179
tree 5448 1928 41 0 179
tree 5512 1944 86 0 179
cliff 5600 1920 1 179 179
stand 5656 1944 255 0 179
stand 5688 1944 261 0 179
fre 6292 1940 278 179 179
zabor 6416 1936 24 0 8
tree 6472 1944 77 0 179
stand 6536 1928 288 0 179
fre 6740 1940 269 179 179
tree 6792 1944 77 0 179
tree 6840 1928 77 0 179
tree 6856 1928 77 0 179
tree 7192 1944 33 0 179
tree 7224 1944 87 0 179
fre 7292 1940 2 179 179
zabor 7568 1936 30 0 8
fre 7828 1932 62 179 179
fre 8004 1932 61 179 179
tree 184 1976 33 0 179
tree 216 1976 85 0 179
fre 500 1972 196 179 179
tree 760 1960 19 0 179
tree 792 1976 34 0 179
fre 900 1980 267 179 179
fre 956 1972 67 179 179
fre 940 1956 67 179 179
fre 964 1972 74 179 179
fre 996 1964 67 179 179
fre 1052 1980 74 179 179
fre 1116 1972 67 179 179
fre 1172 1972 67 179 179
fre 1172 1980 67 179 179
fre 1204 1980 76 179 179
fre 1260 1980 74 179 179
fre 1292 1964 76 179 179
fre 1380 1956 74 179 179
fre 1412 1964 67 179 179
fre 1452 1972 74 179 179
fre 1468 1980 74 179 179
fre 1500 1972 67 179 179
fre 1556 1972 196 179 179
fre 1588 1980 76 179 179
tree 1816 1960 19 0 179
tree 1848 1976 34 0 179
tree 1944 1976 35 0 179
fre 2164 1980 2 179 179
fre 2404 1956 2 179 179
fre 2636 1964 196 179 179
fre 3092 1972 272 179 179
tree 3112 1960 79 0 179
tree 3176 1960 19 0 179
tree 3176 1976 19 0 179
stand 3416 1960 316 0 179
fre 3532 1980 58 179 179
stand 3688 1976 318 0 179
tree 3704 1960 45 0 179
stand 3752 1976 316 0 179
stand 3784 1960 316 0 179
tree 3784 1976 45 0 179
tree 3880 1976 77 0 179
fre 3892 1956 271 179 179
fre 3956 1972 194 179 179
fre 3956 1964 268 179 179
tree 4056 1976 77 0 179
tree 4104 1976 35 0 179
fre 4132 1956 272 179 179
tree 4216 1960 78 0 179
stand 4264 1976 405 0 179
fre 4292 1956 194 179 179
fre 4356 1980 194 179 179
fre 4396 1972 82 179 179
fre 4412 1980 268 179 179
fre 4396 1956 73 179 179
fre 4604 1980 204 179 179
fre 4588 1964 74 179 179
fre 4628 1980 203 179 179
fre 4652 1972 203 179 179
fre 4652 1956 203 179 179
fre 4692 1972 74 179 179
fre 4700 1972 74 179 179
fre 4700 1956 72 179 179
fre 4708 1972 74 179 179
tree 4792 1976 87 0 179
cliff 4768 1968 35 179 179
stand 4872 1960 383 0 179
tree 4952 1960 77 0 179
tree 4984 1976 41 0 179
stand 5064 1960 287 0 179
tree 5096 1960 41 0 179
fre 5180 1980 71 179 179
fre 5188 1956 71 179 179
tree 5240 1960 77 0 179
stand 5240 1960 405 0 179
tree 5256 1976 75 0 179
tree 5272 1960 41 0 179
fre 5356 1980 72 179 179
fre 5364 1972 133 179 179
stand 5384 1960 402 0 179
fre 5412 1980 71 179 179
tree 5464 1960 41 0 179
tree 5480 1976 83 0 179
tree 5496 1960 83 0 179
cliff 5568 1952 1 179 179
stand 5624 1960 264 0 179
stand 5640 1960 265 0 179
stand 5672 1976 256 0 179
stand 5688 1976 259 0 179
zabor 6416 1968 31 0 8
tree 6472 1960 87 0 179
fre 6588 1964 2 179 179
fre 6716 1964 2 179 179
fre 6884 1972 269 179 179
tree 6984 1960 79 0 179
fre 7060 1956 269 179 179
fre 7060 1972 2 179 179
tree 7160 1960 79 0 179
tree 7144 1960 79 0 179
fre 7244 1956 269 179 179
fre 7356 1964 2 179 179
tree 7480 1960 79 0 179
zabor 7568 1968 24 0 8
fre 7628 1980 62 179 179
fre 7684 1980 62 179 179
tree 120 2008 35 0 179
fre 340 2012 2 179 179
fre 580 1988 2 179 179
fre 828 2012 67 179 179
fre 820 2012 76 179 179
fre 812 1996 196 179 179
fre 868 2012 67 179 179
fre 948 1996 74 179 179
fre 932 1988 74 179 179
fre 1052 2012 67 179 179
fre 1068 2012 74 179 179
fre 1100 1996 76 179 179
fre 1108 1996 74 179 179
fre 1268 1996 74 179 179
fre 1284 2004 76 179 179
fre 1356 1988 67 179 179
fre 1396 2012 2 179 179
fre 1428 2004 67 179 179
fre 1428 2012 67 179 179
fre 1468 2012 67 179 179
fre 1500 2012 67 179 179
fre 1636 1988 2 179 179
fre 1868 1996 196 179 179
fre 1980 2012 196 179 179
fre 2020 1996 196 179 179
tree 2024 2008 34 0 179
fre 2108 2012 269 179 179
fre 2260 2004 196 179 179
tree 2296 2008 35 0 179
fre 2396 2004 2 179 179
fre 2444 1988 269 179 179
tree 2584 1992 33 0 179
tree 2664 2008 87 0 179
tree 2728 1992 33 0 179
fre 2796 1996 269 179 179
fre 2828 1996 2 179 179
tree 3048 2008 79 0 179
fre 3116 2012 196 179 179
tree 3144 2008 79 0 179
tree 3272 1992 79 0 179
fre 3332 2004 2 179 179
tree 3528 1992 45 0 179
tree 3752 2008 45 0 179
fre 3860 1996 271 179 179
fre 3860 2012 271 179 179
fre 3868 1988 268 179 179
fre 3852 1988 268 179 179
fre 3884 2004 268 179 179
tree 4072 2008 76 0 179
fre 4148 2004 268 179 179
tree 4200 1992 33 0 179
fre 4204 1988 196 179 179
fre 4220 2012 272 179 179
tree 4232 1992 45 0 179
fre 4300 1996 194 179 179
fre 4436 2012 194 179 179
fre 4420 2012 73 179 179
tree 4600 2008 55 0 179
fre 4668 1996 204 179 179
fre 4684 1988 203 179 179
fre 4716 2004 203 179 179
fre 4732 2004 74 179 179
fre 4740 1996 72 179 179
fre 4748 2012 72 179 179
fre 4788 2004 71 179 179
tree 4808 2008 86 0 179
tree 4888 1992 41 0 179
stand 4968 2008 402 0 179
stand 5016 1992 405 0 179
stand 5112 2008 402 0 179
fre 5140 2012 71 179 179
fre 5164 2004 72 179 179
fre 5204 2004 72 179 179
fre 5372 2004 71 179 179
fre 5372 1988 132 179 179
fre 5388 2004 72 179 179
stand 5416 2008 405 0 179
tree 5480 2008 82 0 179
tree 5528 1992 86 0 179
tree 5512 2008 86 0 179
stand 5624 2008 255 0 179
stand 5624 1992 255 0 179
stand 5608 2008 255 0 179
stand 5640 1992 255 0 179
stand 5672 2008 260 0 179
fre 5716 2004 279 179 179
zabor 6416 2000 28 0 8
fre 6516 2004 2 179 179
fre 6660 1996 2 179 179
fre 6812 2012 2 179 179
tree 6920 2008 77 0 179
stand 7112 1992 289 0 179
stand 7192 2008 289 0 179
tree 7224 1992 77 0 179
tree 7208 1992 77 0 179
fre 7236 1996 269 179 179
fre 7292 1996 2 179 179
fre 7420 1988 2 179 179
zabor 7568 2000 26 0 8
fre 7900 2004 62 179 179
fre 8012 2012 62 179 179
fre 8068 2012 62 179 179
fre 156 2044 196 179 179
fre 196 2028 196 179 179
tree 200 2040 34 0 179
fre 284 2044 269 179 179
fre 436 2036 196 179 179
tree 472 2040 35 0 179
fre 572 2036 2 179 179
fre 620 2020 269 179 179
tree 760 2024 33 0 179
fre 804 2028 67 179 179
fre 860 2044 74 179 179
tree 840 2040 87 0 179
fre 980 2036 67 179 179
fre 980 2044 67 179 179
fre 1076 2028 74 179 179
fre 1084 2044 74 179 179
fre 1092 2036 76 179 179
fre 1100 2020 67 179 179
fre 1140 2020 67 179 179
fre 1164 2020 67 179 179
fre 1292 2044 74 179 179
fre 1332 2044 67 179 179
fre 1324 2020 74 179 179
fre 1356 2028 76 179 179
fre 1476 2028 67 179 179
fre 1492 2036 196 179 179
tree 1528 2040 35 0 179
fre 1628 2036 2 179 179
fre 1676 2020 269 179 179
tree 1816 2024 33 0 179
tree 1896 2040 87 0 179
tree 1960 2040 85 0 179
tree 2072 2024 19 0 179
fre 2188 2028 2 179 179
fre 2476 2044 269 179 179
tree 2504 2040 79 0 179
tree 2552 2024 79 0 179
fre 2636 2028 196 179 179
tree 2664 2040 18 0 179
tree 2760 2040 34 0 179
stand 2776 2040 288 0 179
fre 2892 2028 2 179 179
fre 3140 2036 272 179 179
tree 3176 2040 80 0 179
tree 3256 2024 87 0 179
stand 3496 2040 316 0 179
tree 3496 2024 45 0 179
fre 3524 2044 58 179 179
stand 3528 2024 316 0 179
stand 3672 2024 318 0 179
stand 3736 2024 316 0 179
stand 3832 2040 316 0 179
fre 3900 2028 271 179 179
fre 3916 2028 268 179 179
fre 3956 2044 194 179 179
fre 3980 2036 194 179 179
tree 4024 2024 85 0 179
tree 4040 2024 85 0 179
tree 4104 2024 42 0 179
tree 4216 2040 78 0 179
tree 4232 2024 45 0 179
tree 4248 2024 45 0 179
trop 4532 2020 139 179 179
fre 4652 2028 204 179 179
fre 4708 2036 203 179 179
fre 4716 2028 204 179 179
stand 4760 2040 405 0 179
fre 4764 2020 72 179 179
fre 4772 2044 72 179 179
fre 4796 2028 71 179 179
cliff 4832 2032 34 179 179
tree 4888 2040 77 0 179
tree 4952 2040 41 0 179
dom 5056 2016 272 0 179
fre 5092 2044 71 179 179
fre 5132 2036 72 179 179
fre 5212 2020 71 179 179
fre 5244 2036 72 179 179
fre 5220 2028 72 179 179
fre 5244 2028 71 179 179
fre 5372 2020 72 179 179
fre 5412 2020 72 179 179
fre 5420 2044 72 179 179
cliff 5568 2016 12 179 179
stand 5592 2040 264 0 179
stand 5624 2040 263 0 179
stand 5640 2040 260 0 179
stand 5640 2024 262 0 179
fre 5684 2036 278 179 179
zabor 6416 2032 27 0 8
tree 6616 2024 87 0 179
fre 6876 2020 2 179 179
fre 6972 2044 269 179 179
fre 7060 2028 2 179 179
fre 7108 2036 2 179 179
fre 7172 2036 2 179 179
stand 7208 2024 289 0 179
fre 7244 2044 2 179 179
trop 7532 2036 139 179 179
zabor 7568 2032 24 0 8
fre 7620 2028 61 179 179
fre 7692 2020 62 179 179
fre 7788 2036 62 179 179
fre 7964 2020 62 179 179
tree 136 2072 85 0 179
tree 248 2056 19 0 179
fre 364 2060 2 179 179
fre 652 2076 269 179 179
tree 680 2072 79 0 179
tree 728 2056 79 0 179
fre 812 2060 196 179 179
fre 860 2076 67 179 179
tree 840 2072 18 0 179
fre 876 2076 74 179 179
fre 908 2060 76 179 179
fre 996 2076 267 179 179
fre 1036 2052 67 179 179
fre 1052 2068 67 179 179
fre 1060 2068 74 179 179
fre 1100 2076 74 179 179
fre 1092 2076 67 179 179
fre 1140 2076 67 179 179
fre 1132 2052 74 179 179
tree 1144 2056 83 0 179
fre 1308 2068 67 179 179
fre 1348 2068 76 179 179
fre 1396 2076 76 179 179
fre 1420 2052 67 179 179
fre 1420 2060 2 179 179
fre 1444 2076 267 179 179
fre 1484 2052 67 179 179
fre 1500 2068 67 179 179
fre 1708 2076 269 179 179
tree 1736 2072 79 0 179
tree 1784 2056 79 0 179
fre 1868 2060 196 179 179
tree 1896 2072 18 0 179
fre 1988 2068 272 179 179
tree 2040 2072 19 0 179
fre 2068 2068 196 179 179
fre 2100 2076 269 179 179
tree 2104 2072 87 0 179
fre 2212 2068 196 179 179
tree 2232 2072 34 0 179
fre 2412 2052 2 179 179
fre 2564 2052 269 179 179
tree 2584 2072 79 0 179
fre 2636 2052 196 179 179
tree 2632 2072 35 0 179
stand 2760 2072 288 0 179
stand 2792 2072 288 0 179
fre 2852 2052 2 179 179
fre 2948 2076 2 179 179
tree 3016 2056 77 0 179
fre 3100 2076 196 179 179
tree 3080 2056 77 0 179
tree 3112 2072 77 0 179
fre 3332 2068 2 179 179
fre 3444 2060 58 179 179
fre 3476 2076 58 179 179
stand 3704 2056 318 0 179
stand 3720 2072 317 0 179
tree 3736 2072 45 0 179
fre 3796 2068 58 179 179
fre 3796 2076 268 179 179
fre 3828 2076 271 179 179
fre 3868 2052 268 179 179
fre 3900 2052 268 179 179
stand 3928 2072 316 0 179
fre 4100 2052 268 179 179
tree 4200 2072 85 0 179
tree 4232 2072 85 0 179
tree 4440 2072 40 0 179
fre 4468 2060 73 179 179
fre 4636 2052 203 179 179
tree 4696 2056 76 0 179
fre 4740 2060 203 179 179
fre 4764 2068 203 179 179
fre 4756 2068 204 179 179
fre 4748 2060 72 179 179
tree 4840 2056 86 0 179
fre 4852 2068 71 179 179
tree 4936 2072 77 0 179
fre 5276 2076 72 179 179
trop 5340 2052 192 179 179
tree 5496 2056 82 0 179
tree 5480 2072 44 0 179
tree 5528 2072 87 0 179
fre 5884 2060 278 179 179
fre 6324 2068 278 179 179
zabor 6416 2064 24 0 8
tree 6616 2072 79 0 179
fre 6740 2068 196 179 179
tree 6776 2072 87 0 179
fre 6956 2052 2 179 179
fre 7036 2060 2 179 179
fre 7396 2052 269 179 179
fre 7476 2076 2 179 179
zabor 7568 2064 25 0 8
fre 7852 2060 62 179 179
fre 8004 2060 61 179 179
fre 8076 2052 62 179 179
fre 164 2100 272 179 179
tree 216 2104 19 0 179
fre 244 2100 196 179 179
fre 276 2108 269 179 179
tree 280 2104 87 0 179
fre 388 2100 196 179 179
tree 408 2104 34 0 179
fre 588 2084 2 179 179
fre 740 2084 269 179 179
tree 760 2104 79 0 179
fre 812 2084 196 179 179
tree 808 2104 35 0 179
fre 884 2092 74 179 179
fre 900 2100 76 179 179
fre 972 2084 67 179 179
fre 964 2108 67 179 179
fre 1028 2084 74 179 179
fre 1116 2100 67 179 179
fre 1100 2100 74 179 179
fre 1124 2108 267 179 179
fre 1164 2084 67 179 179
fre 1180 2100 67 179 179
fre 1204 2108 76 179 179
fre 1188 2100 74 179 179
fre 1300 2092 74 179 179
fre 1300 2100 196 179 179
fre 1332 2108 269 179 179
tree 1336 2104 87 0 179
fre 1356 2108 74 179 179
fre 1396 2108 67 179 179
fre 1388 2084 74 179 179
fre 1412 2108 67 179 179
fre 1444 2100 196 179 179
tree 1464 2104 34 0 179
fre 1476 2084 74 179 179
fre 1644 2084 2 179 179
fre 1796 2084 269 179 179
tree 1816 2104 79 0 179
fre 1868 2084 196 179 179
tree 1864 2104 35 0 179
tree 2328 2088 19 0 179
tree 2392 2104 33 0 179
fre 2452 2100 2 179 179
stand 2712 2088 352 0 179
tree 3160 2104 77 0 179
fre 3284 2100 2 179 179
stand 3448 2088 316 0 179
stand 3512 2088 316 0 179
stand 3528 2088 318 0 179
tree 3528 2088 45 0 179
stand 3688 2088 317 0 179
tree 3688 2088 45 0 179
tree 3736 2104 45 0 179
stand 3752 2088 316 0 179
fre 3884 2084 194 179 179
fre 4116 2092 194 179 179
fre 4188 2108 194 179 179
fre 4316 2100 194 179 179
fre 4332 2100 272 179 179
tree 4392 2088 35 0 179
fre 4604 2092 203 179 179
fre 4596 2100 204 179 179
fre 4636 2084 203 179 179
tree 4664 2104 9 0 179
tree 4696 2088 76 0 179
fre 4724 2108 72 179 179
fre 4780 2084 203 179 179
fre 4796 2100 204 179 179
stand 4776 2088 405 0 179
tree 4888 2088 86 0 179
cliff 4880 2080 36 179 179
tree 4952 2104 45 0 179
fre 5052 2084 72 179 179
tree 5208 2088 44 0 179
tree 5256 2104 44 0 179
fre 5268 2084 71 179 179
trop 5412 2108 193 179 179
tree 5496 2104 44 0 179
tree 5528 2088 89 0 179
tree 5512 2104 88 0 179
tree 5544 2104 88 0 179
cliff 5552 2096 13 179 179
fre 5788 2092 279 179 179
fre 6036 2100 278 179 179
fre 6196 2100 278 179 179
zabor 6416 2096 25 0 8
fre 6484 2100 269 179 179
fre 6532 2084 2 179 179
tree 6712 2104 79 0 179
tree 6760 2104 18 0 179
fre 7052 2092 2 179 179
dom 7360 2080 308 0 179
tree 7400 2104 34 0 179
zabor 7568 2096 24 0 8
fre 7612 2092 61 179 179
fre 7620 2084 61 179 179
fre 7652 2084 62 179 179
fre 7748 2108 62 179 179
fre 7932 2100 62 179 179
tree 504 2120 19 0 179
tree 568 2136 33 0 179
fre 628 2132 2 179 179
fre 908 2140 74 179 179
fre 948 2140 67 179 179
fre 940 2116 74 179 179
fre 1076 2132 67 179 179
fre 1076 2140 67 179 179
fre 1148 2140 67 179 179
fre 1156 2116 74 179 179
fre 1228 2132 74 179 179
fre 1372 2132 67 179 179
fre 1460 2140 76 179 179
tree 1560 2120 19 0 179
tree 1624 2136 33 0 179
fre 1684 2132 2 179 179
tree 2008 2136 79 0 179
fre 2100 2140 269 179 179
fre 2156 2116 2 179 179
fre 2236 2132 269 179 179
fre 2252 2124 196 179 179
stand 2376 2136 354 0 179
tree 2584 2136 87 0 179
fre 2668 2132 196 179 179
fre 2796 2132 2 179 179
fre 2844 2116 2 179 179
fre 2852 2132 269 179 179
tree 2872 2136 87 0 179
tree 2936 2136 77 0 179
fre 3004 2124 2 179 179
tree 3128 2136 77 0 179
tree 3144 2136 77 0 179
tree 3144 2120 77 0 179
fre 3444 2116 196 179 179
stand 3496 2120 317 0 179
tree 3496 2120 45 0 179
trop 3612 2124 139 179 179
stand 3688 2120 318 0 179
stand 3768 2136 316 0 179
fre 4028 2116 194 179 179
fre 4044 2132 194 179 179
fre 4148 2140 272 179 179
fre 4284 2132 268 179 179
fre 4380 2116 196 179 179
stand 4376 2136 405 0 179
fre 4428 2140 268 179 179
fre 4620 2140 74 179 179
tree 4680 2120 42 0 179
tree 4744 2120 80 0 179
tree 4920 2120 86 0 179
tree 4904 2120 86 0 179
cliff 4928 2128 35 179 179
tree 4984 2136 86 0 179
tree 5016 2136 86 0 179
tree 5016 2120 41 0 179
tree 5032 2120 45 0 179
tree 5064 2136 45 0 179
tree 5144 2136 90 0 179
tree 5160 2136 86 0 179
tree 5208 2120 44 0 179
tree 5272 2136 87 0 179
fre 5372 2124 72 179 179
fre 5356 2132 133 179 179
fre 5364 2140 132 179 179
fre 5348 2116 133 179 179
fre 5484 2116 72 179 179
fre 5484 2132 72 179 179
zabor 6416 2128 31 0 8
fre 6492 2132 269 179 179
stand 6472 2136 288 0 179
fre 6572 2132 2 179 179
tree 6648 2136 87 0 179
tree 6680 2136 87 0 179
fre 6732 2116 269 179 179
fre 6788 2124 196 179 179
fre 6820 2116 269 179 179
tree 6904 2120 18 0 179
tree 6936 2136 87 0 179
zabor 7568 2128 24 0 8
fre 7612 2140 61 179 179
fre 7644 2132 62 179 179
fre 7828 2140 62 179 179
fre 7996 2124 61 179 179
fre 8004 2116 61 179 179
fre 8036 2116 62 179 179
tree 184 2168 79 0 179
fre 276 2172 269 179 179
fre 332 2148 2 179 179
fre 412 2164 269 179 179
fre 428 2156 196 179 179
stand 552 2168 354 0 179
tree 760 2168 87 0 179
fre 844 2164 196 179 179
fre 924 2164 67 179 179
fre 932 2172 267 179 179
fre 964 2172 267 179 179
fre 972 2148 67 179 179
fre 988 2164 67 179 179
fre 972 2172 74 179 179
fre 1020 2164 67 179 179
fre 1004 2148 67 179 179
fre 1012 2172 76 179 179
fre 996 2164 74 179 179
fre 1004 2156 76 179 179
fre 1028 2164 74 179 179
fre 1124 2156 67 179 179
fre 1180 2172 74 179 179
fre 1204 2164 67 179 179
fre 1204 2172 67 179 179
tree 1240 2168 79 0 179
fre 1276 2172 67 179 179
fre 1332 2172 269 179 179
fre 1388 2148 2 179 179
fre 1468 2164 269 179 179
fre 1484 2156 196 179 179
stand 1608 2168 354 0 179
tree 1816 2168 87 0 179
fre 1900 2164 196 179 179
fre 2052 2148 196 179 179
tree 2120 2152 79 0 179
fre 2164 2156 269 179 179
tree 2344 2168 79 0 179
stand 2456 2168 288 0 179
fre 2500 2156 2 179 179
tree 2584 2168 87 0 179
tree 2600 2168 87 0 179
tree 2648 2168 79 0 179
fre 2804 2148 2 179 179
fre 3036 2156 2 179 179
fre 3260 2164 2 179 179
stand 3320 2152 316 0 179
fre 3436 2148 272 179 179
fre 3500 2172 58 179 179
stand 3544 2152 316 0 179
stand 3704 2168 316 0 179
stand 3736 2168 318 0 179
fre 3804 2156 58 179 179
stand 3864 2152 316 0 179
fre 3876 2164 194 179 179
tree 3928 2168 35 0 179
tree 3912 2152 85 0 179
fre 4068 2164 268 179 179
dom 4096 2144 308 0 179
tree 4136 2152 35 0 179
fre 4188 2148 268 179 179
fre 4276 2164 194 179 179
tree 4376 2152 79 0 179
tree 4408 2152 81 0 179
tree 4408 2168 40 0 179
tree 4424 2168 40 0 179
tree 4440 2152 45 0 179
fre 4484 2172 268 179 179
fre 4620 2172 74 179 179
fre 4652 2148 74 179 179
fre 4700 2148 202 179 179
fre 4676 2156 74 179 179
stand 4728 2152 355 0 179
tree 4760 2152 55 0 179
fre 4780 2172 74 179 179
tree 4856 2168 81 0 179
tree 4936 2152 86 0 179
tree 4968 2152 86 0 179
tree 5016 2168 87 0 179
tree 5048 2168 86 0 179
tree 5080 2152 86 0 179
tree 5128 2168 87 0 179
tree 5176 2152 86 0 179
tree 5208 2168 87 0 179
tree 5224 2152 87 0 179
tree 5272 2168 86 0 179
tree 5304 2152 87 0 179
fre 5372 2164 72 179 179
fre 5372 2156 72 179 179
tree 5496 2168 88 0 179
fre 5596 2164 130 179 179
fre 5676 2148 278 179 179
zabor 6416 2160 30 0 8
fre 6772 2164 269 179 179
fre 6796 2164 272 179 179
fre 6868 2164 269 179 179
tree 6856 2152 35 0 179
tree 7000 2152 87 0 179
fre 7060 2164 2 179 179
fre 7164 2172 196 179 179
tree 7144 2168 33 0 179
tree 7208 2152 87 0 179
tree 7208 2168 34 0 179
tree 7320 2152 87 0 179
tree 7336 2168 34 0 179
fre 7364 2156 272 179 179
fre 7372 2148 196 179 179
fre 7484 2156 269 179 179
zabor 7568 2160 28 0 8
fre 7636 2148 62 179 179
fre 7796 2172 62 179 179
fre 7868 2164 62 179 179
fre 7996 2172 61 179 179
fre 8028 2164 62 179 179
fre 8020 2148 62 179 179
fre 228 2180 196 179 179
tree 296 2184 79 0 179
fre 340 2188 269 179 179
tree 520 2200 79 0 179
stand 632 2200 288 0 179
fre 676 2188 2 179 179
tree 760 2200 87 0 179
tree 776 2200 87 0 179
tree 824 2200 79 0 179
fre 892 2204 67 179 179
fre 884 2204 76 179 179
fre 932 2204 67 179 179
fre 964 2180 74 179 179
fre 980 2188 74 179 179
fre 1012 2188 74 179 179
fre 996 2180 74 179 179
fre 996 2196 76 179 179
fre 1036 2196 74 179 179
fre 1068 2180 67 179 179
fre 1132 2188 76 179 179
fre 1180 2204 67 179 179
fre 1252 2188 67 179 179
fre 1284 2180 196 179 179
tree 1352 2184 79 0 179
fre 1396 2188 269 179 179
tree 1576 2200 79 0 179
stand 1688 2200 288 0 179
fre 1732 2188 2 179 179
tree 1816 2200 87 0 179
tree 1832 2200 87 0 179
tree 1880 2200 79 0 179
tree 1992 2184 80 0 179
tree 2056 2200 87 0 179
fre 2156 2188 2 179 179
fre 2300 2180 196 179 179
tree 2312 2200 77 0 179
fre 2628 2196 196 179 179
tree 2728 2200 79 0 179
fre 2860 2204 2 179 179
tree 2952 2200 79 0 179
tree 3000 2184 77 0 179
tree 3016 2200 87 0 179
fre 3084 2196 2 179 179
tree 3160 2184 77 0 179
tree 3432 2184 45 0 179
tree 3464 2200 45 0 179
stand 3496 2184 316 0 179
stand 3688 2184 317 0 179
tree 3768 2200 45 0 179
stand 3784 2200 316 0 179
fre 3924 2196 196 179 179
fre 3932 2180 272 179 179
tree 4008 2200 42 0 179
fre 4292 2188 85 179 179
fre 4324 2188 268 179 179
tree 4360 2184 45 0 179
tree 4392 2184 40 0 179
tree 4424 2184 40 0 179
fre 4460 2188 73 179 179
fre 4452 2180 73 179 179
trop 4532 2196 139 179 179
fre 4660 2188 72 179 179
fre 4700 2196 72 179 179
fre 4700 2188 74 179 179
cliff 4976 2176 32 179 179
cliff 5056 2192 32 179 179
cliff 5136 2192 31 179 179
cliff 5200 2192 29 179 179
cliff 5280 2176 28 179 179
fre 5356 2196 72 179 179
fre 5356 2180 72 179 179
tree 5480 2184 44 0 179
tree 5512 2200 88 0 179
cliff 5552 2192 11 179 179
fre 5884 2188 278 179 179
fre 5860 2188 278 179 179
zabor 6416 2192 31 0 8
fre 6604 2204 2 179 179
tree 6744 2200 34 0 179
tree 6808 2200 35 0 179
fre 6828 2188 196 179 179
tree 6968 2200 34 0 179
fre 7204 2180 196 179 179
fre 7236 2204 269 179 179
fre 7276 2180 196 179 179
tree 7352 2200 34 0 179
tree 7352 2184 34 0 179
tree 7336 2184 34 0 179
zabor 7568 2192 26 0 8
fre 7612 2180 61 179 179
fre 7620 2196 61 179 179
fre 7724 2188 62 179 179
fre 7844 2204 62 179 179
fre 7996 2180 61 179 179
tree 168 2216 80 0 179
tree 232 2232 87 0 179
fre 332 2220 2 179 179
fre 476 2212 196 179 179
tree 488 2232 77 0 179
fre 804 2228 196 179 179
fre 868 2220 67 179 179
fre 924 2236 74 179 179
fre 1012 2228 67 179 179
fre 1012 2236 67 179 179
fre 1004 2236 74 179 179
fre 1044 2228 67 179 179
fre 1044 2236 67 179 179
fre 1036 2212 74 179 179
fre 1084 2236 67 179 179
fre 1124 2228 76 179 179
fre 1196 2212 67 179 179
fre 1220 2236 267 179 179
tree 1224 2216 80 0 179
fre 1260 2212 67 179 179
fre 1276 2228 67 179 179
tree 1288 2232 87 0 179
fre 1388 2220 2 179 179
fre 1532 2212 196 179 179
tree 1544 2232 77 0 179
fre 1860 2228 196 179 179
fre 1924 2228 272 179 179
tree 1960 2232 85 0 179
tree 1992 2232 87 0 179
tree 2056 2232 87 0 179
tree 2072 2232 87 0 179
fre 2084 2228 269 179 179
tree 2264 2216 77 0 179
tree 2344 2216 87 0 179
tree 2440 2232 79 0 179
fre 2524 2228 2 179 179
tree 2584 2216 87 0 179
stand 3400 2216 316 0 179
stand 3480 2232 317 0 179
stand 3528 2216 317 0 179
stand 3544 2216 316 0 179
stand 3752 2216 316 0 179
fre 3900 2212 194 179 179
tree 3928 2232 75 0 179
fre 3956 2236 268 179 179
tree 3976 2216 76 0 179
fre 4092 2220 194 179 179
tree 4152 2216 76 0 179
tree 4184 2216 33 0 179
tree 4216 2216 35 0 179
tree 4264 2232 42 0 179
tree 4408 2232 85 0 179
tree 4392 2232 85 0 179
tree 4440 2216 45 0 179
fre 4468 2212 73 179 179
fre 4732 2220 202 179 179
fre 4780 2212 74 179 179
stand 4856 2232 405 0 179
fre 4988 2212 72 179 179
fre 4972 2212 72 179 179
fre 5020 2228 72 179 179
fre 5036 2236 72 179 179
fre 5044 2228 72 179 179
fre 5076 2228 72 179 179
fre 5068 2228 72 179 179
fre 5092 2236 72 179 179
fre 5100 2228 72 179 179
fre 5244 2220 72 179 179
fre 5260 2220 72 179 179
fre 5284 2220 72 179 179
fre 5364 2220 204 179 179
fre 5380 2236 72 179 179
tree 5496 2216 88 0 179
fre 5492 2228 72 179 179
fre 5820 2220 279 179 179
fre 6004 2228 278 179 179
fre 6324 2228 278 179 179
zabor 6416 2224 27 0 8
tree 6520 2216 79 0 179
fre 6652 2228 269 179 179
fre 6732 2236 272 179 179
tree 6744 2232 87 0 179
tree 6904 2232 35 0 179
tree 7016 2216 35 0 179
tree 7160 2232 34 0 179
tree 7208 2232 35 0 179
fre 7284 2228 196 179 179
stand 7432 2216 316 0 179
trop 7532 2212 139 179 179
zabor 7568 2224 27 0 8
fre 7612 2236 61 179 179
fre 7620 2220 61 179 179
fre 7764 2220 62 179 179
fre 7804 2228 62 179 179
fre 7900 2236 62 179 179
fre 7908 2220 62 179 179
fre 7996 2236 61 179 179
fre 8004 2228 61 179 179
fre 100 2260 272 179 179
tree 136 2264 85 0 179
tree 168 2264 87 0 179
tree 232 2264 87 0 179
tree 248 2264 87 0 179
fre 260 2260 269 179 179
tree 440 2248 77 0 179
tree 520 2248 87 0 179
tree 616 2264 79 0 179
fre 700 2260 2 179 179
tree 760 2248 87 0 179
fre 924 2268 67 179 179
fre 940 2268 74 179 179
fre 940 2252 76 179 179
fre 972 2252 76 179 179
fre 1020 2260 67 179 179
fre 1020 2268 74 179 179
fre 1036 2244 67 179 179
fre 1060 2252 67 179 179
fre 1076 2244 67 179 179
fre 1108 2268 76 179 179
fre 1132 2268 74 179 179
fre 1172 2268 67 179 179
fre 1164 2244 74 179 179
fre 1156 2260 272 179 179
fre 1188 2268 67 179 179
tree 1192 2264 85 0 179
tree 1224 2264 87 0 179
fre 1252 2244 74 179 179
tree 1288 2264 87 0 179
tree 1304 2264 87 0 179
fre 1316 2260 269 179 179
tree 1496 2248 77 0 179
tree 1576 2248 87 0 179
tree 1672 2264 79 0 179
fre 1756 2260 2 179 179
tree 1816 2248 87 0 179
tree 1944 2248 85 0 179
fre 2068 2252 2 179 179
fre 2092 2244 196 179 179
fre 2148 2244 2 179 179
tree 2232 2264 87 0 179
tree 2312 2264 77 0 179
stand 2376 2248 288 0 179
fre 2580 2260 269 179 179
tree 2632 2264 77 0 179
tree 2680 2248 77 0 179
tree 2696 2248 77 0 179
tree 3032 2264 33 0 179
tree 3064 2264 87 0 179
fre 3132 2260 2 179 179
tree 3368 2264 79 0 179
fre 3404 2268 272 179 179
stand 3512 2264 317 0 179
tree 3496 2248 45 0 179
stand 3544 2264 318 0 179
stand 3688 2248 317 0 179
stand 3688 2264 318 0 179
stand 3720 2264 317 0 179
stand 3784 2264 316 0 179
tree 3832 2264 45 0 179
fre 3860 2252 58 179 179
tree 3896 2264 85 0 179
tree 3976 2248 42 0 179
tree 3976 2264 42 0 179
tree 4008 2248 85 0 179
fre 4124 2268 194 179 179
tree 4168 2248 42 0 179
tree 4200 2264 42 0 179
fre 4316 2268 268 179 179
fre 4340 2252 194 179 179
tree 4440 2264 85 0 179
fre 4420 2260 268 179 179
fre 4460 2244 73 179 179
tree 4664 2264 76 0 179
fre 4796 2244 201 179 179
stand 4856 2264 405 0 179
tree 4872 2248 81 0 179
tree 4936 2248 76 0 179
stand 4984 2264 358 0 179
stand 5000 2264 358 0 179
fre 5060 2260 72 179 179
stand 5064 2248 359 0 179
tree 5256 2264 82 0 179
fre 5364 2260 204 179 179
trop 5444 2252 139 179 179
fre 5492 2252 72 179 179
fre 5508 2260 72 179 179
zabor 5872 2256 28 0 8
fre 6164 2260 278 179 179
zabor 6416 2256 27 0 8
tree 6536 2264 87 0 179
fre 6628 2268 2 179 179
fre 6684 2268 269 179 179
fre 6764 2244 196 179 179
fre 6836 2252 196 179 179
fre 7100 2252 2 179 179
tree 7400 2264 87 0 179
zabor 7568 2256 26 0 8
fre 7604 2260 61 179 179
fre 7660 2252 62 179 179
fre 7900 2268 62 179 179
fre 8004 2252 61 179 179
fre 8044 2252 62 179 179
tree 120 2280 85 0 179
fre 244 2284 2 179 179
fre 268 2276 196 179 179
fre 324 2276 2 179 179
tree 408 2296 87 0 179
tree 488 2296 77 0 179
stand 552 2280 288 0 179
fre 756 2292 269 179 179
tree 808 2296 77 0 179
tree 856 2280 77 0 179
fre 948 2284 74 179 179
fre 932 2292 76 179 179
fre 932 2300 267 179 179
fre 964 2292 76 179 179
fre 972 2276 67 179 179
fre 988 2292 67 179 179
fre 1004 2276 67 179 179
fre 1012 2284 74 179 179
fre 996 2292 74 179 179
fre 1036 2276 67 179 179
fre 1028 2300 267 179 179
fre 1068 2276 67 179 179
fre 1084 2292 67 179 179
tree 1080 2280 83 0 179
fre 1148 2292 67 179 179
tree 1176 2280 85 0 179
fre 1236 2300 76 179 179
fre 1300 2284 2 179 179
fre 1324 2276 196 179 179
fre 1380 2276 2 179 179
tree 1464 2296 87 0 179
tree 1544 2296 77 0 179
stand 1608 2280 288 0 179
fre 1812 2292 269 179 179
tree 1864 2296 77 0 179
tree 1912 2280 77 0 179
tree 1976 2280 85 0 179
fre 2100 2284 2 179 179
fre 2172 2292 2 179 179
tree 2296 2280 87 0 179
tree 2312 2280 87 0 179
fre 2428 2284 2 179 179
fre 2556 2284 2 179 179
fre 2724 2292 269 179 179
tree 2824 2280 79 0 179
fre 2900 2276 269 179 179
fre 2900 2292 2 179 179
tree 3000 2280 79 0 179
tree 2984 2280 79 0 179
fre 3084 2276 269 179 179
fre 3196 2284 2 179 179
tree 3320 2280 79 0 179
fre 3372 2300 196 179 179
tree 3368 2296 87 0 179
fre 3412 2300 196 179 179
stand 3480 2296 316 0 179
fre 3508 2284 58 179 179
stand 3544 2280 317 0 179
stand 3528 2296 316 0 179
trop 3612 2300 139 179 179
stand 3688 2280 316 0 179
tree 3704 2280 45 0 179
tree 3720 2280 45 0 179
fre 3788 2300 58 179 179
tree 3800 2280 45 0 179
stand 3944 2296 316 0 179
fre 3980 2284 268 179 179
fre 4004 2284 268 179 179
fre 4068 2300 268 179 179
fre 4092 2292 268 179 179
fre 4124 2276 194 179 179
tree 4216 2280 42 0 179
tree 4200 2280 42 0 179
fre 4380 2276 194 179 179
fre 4476 2300 72 179 179
fre 4468 2284 72 179 179
fre 4620 2300 204 179 179
fre 4612 2292 204 179 179
tree 4648 2296 80 0 179
tree 4696 2280 34 0 179
stand 4792 2296 405 0 179
fre 4836 2292 74 179 179
tree 4888 2280 42 0 179
fre 4916 2284 206 179 179
tree 4936 2280 42 0 179
tree 4936 2296 42 0 179
fre 4948 2300 206 179 179
tree 4968 2280 80 0 179
fre 4980 2292 206 179 179
fre 5012 2292 206 179 179
fre 5044 2292 72 179 179
fre 5076 2292 206 179 179
stand 5096 2280 355 0 179
fre 5156 2300 206 179 179
stand 5176 2296 291 0 179
tree 5192 2296 81 0 179
fre 5212 2292 206 179 179
tree 5224 2280 82 0 179
tree 5256 2296 42 0 179
fre 5284 2284 206 179 179
fre 5300 2292 206 179 179
tree 5368 2280 12 0 179
fre 5372 2292 72 179 179
fre 5644 2276 278 179 179
fre 5764 2284 279 179 179
zabor 6416 2288 28 0 8
tree 6504 2296 79 0 179
tree 6536 2296 87 0 179
stand 6552 2296 289 0 179
fre 6660 2292 269 179 179
fre 6732 2292 269 179 179
tree 6744 2280 19 0 179
fre 6868 2284 269 179 179
fre 6860 2284 196 179 179
tree 6856 2280 35 0 179
tree 6936 2296 87 0 179
tree 7000 2296 19 0 179
tree 7176 2296 80 0 179
tree 7224 2280 87 0 179
fre 7268 2276 196 179 179
tree 7368 2296 80 0 179
zabor 7568 2288 25 0 8
fre 7644 2292 62 179 179
fre 7700 2300 62 179 179
fre 7732 2276 62 179 179
fre 7780 2276 62 179 179
fre 7820 2300 62 179 179
fre 7948 2300 62 179 179
fre 7988 2292 61 179 179
tree 152 2312 85 0 179
fre 276 2316 2 179 179
fre 348 2324 2 179 179
tree 472 2312 87 0 179
tree 488 2312 87 0 179
fre 604 2316 2 179 179
fre 732 2316 2 179 179
fre 900 2332 67 179 179
fre 940 2332 74 179 179
fre 972 2332 74 179 179
fre 980 2332 67 179 179
fre 972 2308 74 179 179
fre 964 2308 74 179 179
fre 1012 2332 67 179 179
fre 1004 2308 74 179 179
fre 996 2332 67 179 179
fre 1036 2324 74 179 179
fre 1060 2308 74 179 179
tree 1208 2312 85 0 179
fre 1332 2316 2 179 179
fre 1404 2324 2 179 179
tree 1528 2312 87 0 179
tree 1544 2312 87 0 179
fre 1660 2316 2 179 179
fre 1788 2316 2 179 179
fre 2044 2324 2 179 179
fre 2052 2308 269 179 179
fre 2220 2316 1 179 179
fre 2284 2332 2 179 179
fre 2356 2324 2 179 179
fre 2500 2316 2 179 179
fre 2652 2332 2 179 179
tree 2760 2328 77 0 179
stand 2952 2312 289 0 179
stand 3032 2328 289 0 179
tree 3064 2312 77 0 179
tree 3048 2312 77 0 179
fre 3076 2316 269 179 179
fre 3132 2316 2 179 179
fre 3260 2308 2 179 179
tree 3464 2312 45 0 179
stand 3544 2312 318 0 179
stand 3704 2312 318 0 179
stand 3832 2312 316 0 179
fre 3916 2316 194 179 179
fre 3996 2324 268 179 179
fre 4060 2308 82 179 179
fre 4036 2308 194 179 179
tree 4312 2328 34 0 179
tree 4376 2328 40 0 179
stand 4360 2328 405 0 179
fre 4420 2324 194 179 179
stand 4440 2328 43 0 179
tree 4616 2328 42 0 179
fre 4636 2324 204 179 179
fre 4620 2324 204 179 179
fre 4644 2324 204 179 179
tree 4680 2312 42 0 179
fre 4732 2332 73 179 179
fre 4780 2324 72 179 179
fre 4804 2316 73 179 179
fre 4836 2324 72 179 179
fre 4884 2316 72 179 179
fre 4948 2308 74 179 179
fre 5036 2332 72 179 179
fre 5108 2308 206 179 179
tree 5240 2312 42 0 179
fre 5292 2308 72 179 179
fre 5292 2324 72 179 179
fre 5324 2316 206 179 179
tree 5352 2312 9 0 179
fre 5356 2316 206 179 179
fre 5868 2332 278 179 179
fre 6004 2324 278 179 179
zabor 6416 2320 30 0 8
fre 6652 2332 2 179 179
tree 6744 2312 80 0 179
fre 6804 2324 272 179 179
tree 6824 2312 19 0 179
tree 6904 2312 87 0 179
tree 6936 2328 87 0 179
tree 7448 2328 87 0 179
zabor 7568 2320 28 0 8
fre 7604 2316 61 179 179
fre 7628 2324 62 179 179
fre 7668 2308 61 179 179
fre 7724 2324 61 179 179
fre 7764 2316 61 179 179
fre 7772 2324 62 179 179
fre 7844 2316 61 179 179
fre 7908 2316 61 179 179
fre 8028 2324 62 179 179
fre 8012 2324 62 179 179
fre 220 2356 2 179 179
fre 228 2340 269 179 179
fre 396 2348 1 179 179
fre 460 2364 2 179 179
fre 532 2356 2 179 179
fre 676 2348 2 179 179
fre 828 2364 2 179 179
fre 956 2356 67 179 179
fre 988 2356 67 179 179
fre 996 2364 267 179 179
fre 1012 2356 67 179 179
fre 1012 2364 67 179 179
fre 1036 2340 67 179 179
fre 1052 2356 67 179 179
fre 1044 2364 76 179 179
fre 1076 2364 76 179 179
fre 1060 2356 74 179 179
fre 1084 2364 67 179 179
fre 1276 2356 2 179 179
fre 1284 2340 269 179 179
fre 1452 2348 1 179 179
fre 1516 2364 2 179 179
fre 1588 2356 2 179 179
fre 1732 2348 2 179 179
fre 1884 2364 2 179 179
fre 2036 2364 2 179 179
tree 2120 2360 34 0 179
tree 2456 2344 87 0 179
fre 2716 2340 2 179 179
fre 2812 2364 269 179 179
fre 2900 2348 2 179 179
fre 2948 2356 2 179 179
fre 3012 2356 2 179 179
stand 3048 2344 289 0 179
fre 3084 2364 2 179 179
stand 3464 2360 316 0 179
stand 3512 2360 318 0 179
tree 3512 2344 45 0 179
fre 3532 2364 58 179 179
stand 3560 2360 316 0 179
stand 3704 2360 316 0 179
stand 3768 2344 316 0 179
stand 3800 2344 316 0 179
tree 3960 2360 85 0 179
fre 4244 2356 194 179 179
fre 4452 2340 84 179 179
fre 4468 2348 72 179 179
fre 4572 2348 73 179 179
fre 4732 2348 73 179 179
fre 4708 2340 73 179 179
fre 4780 2340 73 179 179
fre 4804 2340 72 179 179
fre 4820 2340 73 179 179
fre 4836 2340 72 179 179
fre 4852 2340 72 179 179
fre 4884 2340 72 179 179
fre 5004 2348 72 179 179
fre 5068 2340 72 179 179
fre 5348 2348 72 179 179
zabor 6416 2352 25 0 8
fre 6468 2356 2 179 179
tree 6728 2360 87 0 179
tree 6792 2360 19 0 179
fre 6868 2340 269 179 179
tree 7000 2360 19 0 179
stand 7048 2360 288 0 179
fre 7100 2340 2 179 179
fre 7204 2348 269 179 179
tree 7336 2344 80 0 179
tree 7384 2360 80 0 179
zabor 7568 2352 24 0 8
fre 7932 2340 62 179 179
fre 7988 2348 61 179 179
fre 8052 2340 61 179 179
fre 212 2396 2 179 179
tree 296 2392 34 0 179
tree 632 2376 87 0 179
fre 908 2396 74 179 179
fre 940 2380 76 179 179
fre 1028 2372 74 179 179
fre 1060 2380 67 179 179
fre 1100 2388 74 179 179
fre 1116 2396 74 179 179
fre 1268 2396 2 179 179
tree 1352 2392 34 0 179
tree 1688 2376 87 0 179
tree 1960 2392 81 0 179
fre 2012 2372 269 179 179
stand 2152 2376 288 0 179
fre 2276 2396 196 179 179
tree 2456 2392 79 0 179
fre 2580 2388 196 179 179
tree 2616 2392 87 0 179
fre 2796 2372 2 179 179
fre 2876 2380 2 179 179
fre 3236 2372 269 179 179
fre 3316 2396 2 179 179
fre 3396 2372 196 179 179
stand 3528 2392 317 0 179
tree 3528 2392 45 0 179
stand 3704 2392 318 0 179
stand 3752 2376 318 0 179
tree 3752 2392 45 0 179
fre 3796 2372 58 179 179
tree 3912 2376 85 0 179
fre 3908 2380 194 179 179
tree 3960 2376 85 0 179
tree 4008 2376 85 0 179
fre 4076 2388 194 179 179
tree 4184 2392 75 0 179
fre 4164 2380 268 179 179
fre 4196 2388 196 179 179
tree 4232 2392 35 0 179
fre 4228 2372 272 179 179
fre 4300 2396 196 179 179
fre 4308 2380 268 179 179
tree 4344 2392 75 0 179
fre 4332 2396 272 179 179
fre 4468 2380 72 179 179
trop 4532 2372 139 179 179
trop 5412 2372 194 179 179
fre 5572 2380 278 179 179
fre 5780 2396 279 179 179
fre 5876 2380 278 179 179
fre 6332 2380 278 179 179
zabor 6416 2384 28 0 8
fre 6564 2380 2 179 179
fre 6636 2380 2 179 179
fre 6724 2380 269 179 179
stand 6744 2376 288 0 179
tree 6840 2376 87 0 179
stand 7000 2392 288 0 179
tree 7032 2392 83 0 179
tree 7032 2376 83 0 179
fre 7132 2388 2 179 179
fre 7348 2388 269 179 179
fre 7364 2372 269 179 179
tree 7432 2376 79 0 179
trop 7532 2388 139 179 179
zabor 7568 2384 27 0 8
fre 7620 2380 61 179 179
fre 7724 2396 62 179 179
fre 7876 2372 62 179 179
fre 8004 2380 61 179 179
tree 136 2424 81 0 179
fre 188 2404 269 179 179
stand 328 2408 288 0 179
fre 452 2428 196 179 179
tree 632 2424 79 0 179
fre 756 2420 196 179 179
tree 792 2424 87 0 179
fre 900 2428 267 179 179
fre 916 2412 74 179 179
fre 956 2420 67 179 179
fre 940 2404 67 179 179
fre 932 2420 76 179 179
fre 964 2420 74 179 179
fre 1004 2404 67 179 179
fre 1076 2420 67 179 179
fre 1076 2428 67 179 179
fre 1116 2428 67 179 179
fre 1148 2428 67 179 179
tree 1192 2424 81 0 179
fre 1244 2404 269 179 179
stand 1384 2408 288 0 179
fre 1508 2428 196 179 179
tree 1688 2424 79 0 179
fre 1812 2420 196 179 179
tree 1848 2424 87 0 179
fre 1956 2420 269 179 179
tree 2008 2424 81 0 179
fre 2284 2420 269 179 179
fre 2276 2404 269 179 179
tree 2296 2424 33 0 179
fre 2324 2420 269 179 179
fre 2372 2404 2 179 179
tree 2552 2424 79 0 179
tree 2600 2424 18 0 179
fre 2892 2412 2 179 179
dom 3200 2400 308 0 179
tree 3240 2424 34 0 179
tree 3400 2408 79 0 179
stand 3480 2424 317 0 179
fre 3524 2412 58 179 179
stand 3528 2408 318 0 179
stand 3560 2424 318 0 179
stand 3688 2424 316 0 179
tree 3704 2408 45 0 179
tree 3800 2408 45 0 179
stand 3864 2408 316 0 179
tree 3976 2408 41 0 179
tree 4152 2424 85 0 179
tree 4216 2424 75 0 179
tree 4264 2424 45 0 179
tree 4392 2408 35 0 179
fre 4460 2428 72 179 179
trop 4636 2404 140 179 179
trop 4812 2404 140 179 179
trop 4980 2404 140 179 179
trop 5156 2404 140 179 179
trop 5308 2404 140 179 179
fre 5676 2412 278 179 179
fre 6236 2412 279 179 179
zabor 6416 2416 27 0 8
tree 6520 2424 34 0 179
fre 6620 2428 2 179 179
fre 6780 2404 269 179 179
fre 6780 2428 131 179 179
stand 7000 2424 288 0 179
tree 7032 2408 83 0 179
stand 7016 2424 288 0 179
stand 7064 2408 288 0 179
fre 7196 2404 269 179 179
fre 7172 2412 269 179 179
fre 7212 2428 2 179 179
fre 7276 2420 2 179 179
fre 7340 2428 2 179 179
zabor 7568 2416 28 0 8
fre 7828 2412 62 179 179
fre 132 2452 269 179 179
tree 184 2456 81 0 179
fre 460 2452 269 179 179
fre 452 2436 269 179 179
tree 472 2456 33 0 179
fre 500 2452 269 179 179
fre 548 2436 2 179 179
tree 728 2456 79 0 179
tree 776 2456 18 0 179
fre 828 2460 67 179 179
fre 820 2460 76 179 179
fre 868 2460 67 179 179
fre 948 2444 74 179 179
fre 932 2436 74 179 179
fre 940 2460 74 179 179
fre 980 2460 67 179 179
fre 972 2436 74 179 179
fre 1004 2444 76 179 179
fre 1052 2460 74 179 179
fre 1060 2460 267 179 179
fre 1068 2436 67 179 179
fre 1116 2452 67 179 179
fre 1100 2436 67 179 179
fre 1108 2436 67 179 179
fre 1124 2444 67 179 179
fre 1124 2452 74 179 179
fre 1188 2452 269 179 179
tree 1240 2456 81 0 179
fre 1516 2452 269 179 179
fre 1508 2436 269 179 179
tree 1528 2456 33 0 179
fre 1556 2452 269 179 179
fre 1604 2436 2 179 179
tree 1784 2456 79 0 179
tree 1832 2456 18 0 179
fre 2116 2460 196 179 179
fre 2276 2452 196 179 179
fre 2332 2452 269 179 179
stand 2312 2456 288 0 179
fre 2412 2452 2 179 179
tree 2488 2456 87 0 179
tree 2520 2456 87 0 179
fre 2572 2436 269 179 179
fre 2628 2444 196 179 179
fre 2660 2436 269 179 179
tree 2744 2440 18 0 179
tree 2776 2456 87 0 179
stand 3384 2440 316 0 179
stand 3496 2456 317 0 179
stand 3544 2440 317 0 179
stand 3704 2456 318 0 179
fre 3772 2444 58 179 179
tree 3896 2440 85 0 179
fre 3948 2452 194 179 179
fre 4148 2460 194 179 179
tree 4184 2440 45 0 179
tree 4200 2456 45 0 179
tree 4248 2456 42 0 179
tree 4392 2440 40 0 179
tree 4424 2440 40 0 179
fre 4468 2452 72 179 179
stand 4568 2440 150 0 179
fre 4572 2460 63 179 179
fre 4572 2444 63 179 179
fre 4564 2452 63 179 179
fre 4580 2452 63 179 179
fre 4580 2460 63 179 179
fre 4588 2460 63 179 179
fre 4588 2452 63 179 179
fre 4580 2444 63 179 179
fre 4756 2444 72 179 179
fre 4748 2444 72 179 179
fre 4740 2444 72 179 179
fre 4740 2436 72 179 179
fre 4788 2444 72 179 179
fre 4836 2444 72 179 179
fre 4868 2452 72 179 179
fre 4900 2444 72 179 179
zabor 6416 2448 28 0 8
tree 6472 2456 87 0 179
fre 6660 2436 2 179 179
fre 6724 2452 2 179 179
fre 6908 2460 2 179 179
fre 6972 2444 2 179 179
fre 7052 2460 2 179 179
fre 7172 2444 2 179 179
fre 7204 2436 2 179 179
fre 7412 2460 2 179 179
fre 7444 2460 2 179 179
fre 7460 2436 2 179 179
zabor 7568 2448 30 0 8
fre 7628 2460 62 179 179
fre 7684 2460 62 179 179
fre 8012 2460 62 179 179
fre 292 2492 196 179 179
fre 452 2484 196 179 179
fre 508 2484 269 179 179
stand 488 2488 288 0 179
fre 588 2484 2 179 179
tree 664 2488 87 0 179
tree 696 2488 87 0 179
fre 748 2468 269 179 179
fre 804 2476 67 179 179
fre 860 2492 74 179 179
fre 836 2468 269 179 179
fre 956 2484 67 179 179
fre 980 2484 67 179 179
fre 980 2492 67 179 179
fre 988 2492 67 179 179
fre 964 2492 267 179 179
fre 996 2484 76 179 179
fre 1004 2468 67 179 179
fre 1020 2484 67 179 179
fre 1028 2492 67 179 179
fre 1044 2492 76 179 179
fre 1028 2484 74 179 179
fre 1068 2468 67 179 179
fre 1060 2492 67 179 179
fre 1092 2492 267 179 179
fre 1108 2476 74 179 179
fre 1092 2468 74 179 179
tree 1112 2472 83 0 179
fre 1132 2468 67 179 179
fre 1148 2484 67 179 179
fre 1348 2492 196 179 179
fre 1508 2484 196 179 179
fre 1564 2484 269 179 179
stand 1544 2488 288 0 179
fre 1644 2484 2 179 179
tree 1720 2488 87 0 179
tree 1752 2488 87 0 179
fre 1804 2468 269 179 179
fre 1860 2476 196 179 179
fre 1892 2468 269 179 179
tree 2072 2472 34 0 179
fre 2124 2476 2 179 179
tree 2184 2488 35 0 179
fre 2212 2484 272 179 179
tree 2248 2472 35 0 179
fre 2612 2484 269 179 179
fre 2636 2484 272 179 179
fre 2708 2484 269 179 179
tree 2696 2472 35 0 179
tree 2840 2472 87 0 179
fre 2900 2484 2 179 179
fre 3004 2492 196 179 179
tree 2984 2488 33 0 179
tree 3048 2472 87 0 179
tree 3048 2488 34 0 179
tree 3160 2472 87 0 179
tree 3176 2488 34 0 179
fre 3204 2476 272 179 179
fre 3212 2468 196 179 179
fre 3324 2476 269 179 179
stand 3448 2472 317 0 179
tree 3512 2488 45 0 179
tree 3496 2472 45 0 179
stand 3528 2472 317 0 179
trop 3612 2476 139 179 179
tree 3768 2488 45 0 179
stand 3784 2488 316 0 179
tree 4376 2488 81 0 179
fre 4468 2484 72 179 179
fre 4460 2484 72 179 179
fre 4580 2484 66 179 179
fre 4620 2484 66 179 179
fre 4644 2484 66 179 179
fre 5844 2492 279 179 179
fre 5972 2484 278 179 179
fre 6124 2468 278 179 179
zabor 6416 2480 28 0 8
fre 6772 2468 2 179 179
fre 6876 2484 2 179 179
fre 6908 2476 2 179 179
fre 7156 2476 2 179 179
zabor 7568 2480 30 0 8
fre 7900 2484 62 179 179
tree 248 2504 34 0 179
fre 300 2508 2 179 179
tree 360 2520 35 0 179
fre 388 2516 272 179 179
tree 424 2504 35 0 179
fre 788 2516 269 179 179
fre 812 2516 272 179 179
fre 860 2524 67 179 179
fre 876 2524 74 179 179
fre 908 2508 76 179 179
fre 948 2508 74 179 179
fre 932 2524 67 179 179
fre 964 2508 67 179 179
fre 1004 2524 74 179 179
fre 1020 2524 74 179 179
fre 996 2500 74 179 179
fre 1044 2524 67 179 179
fre 1036 2500 74 179 179
fre 1060 2524 67 179 179
fre 1068 2516 74 179 179
fre 1124 2500 74 179 179
fre 1140 2516 67 179 179
fre 1140 2524 67 179 179
tree 1304 2504 34 0 179
fre 1356 2508 2 179 179
tree 1416 2520 35 0 179
fre 1444 2516 272 179 179
tree 1480 2504 35 0 179
fre 1844 2516 269 179 179
fre 1868 2516 272 179 179
tree 1992 2504 81 0 179
tree 2184 2504 35 0 179
fre 2236 2516 272 179 179
tree 2280 2520 18 0 179
fre 2444 2524 2 179 179
tree 2584 2520 34 0 179
tree 2648 2520 35 0 179
fre 2668 2508 196 179 179
tree 2808 2520 34 0 179
fre 3044 2500 196 179 179
fre 3076 2524 269 179 179
fre 3116 2500 196 179 179
tree 3192 2520 34 0 179
tree 3192 2504 34 0 179
tree 3176 2504 34 0 179
fre 3364 2500 2 179 179
stand 3416 2520 317 0 179
fre 3500 2516 58 179 179
stand 3528 2504 318 0 179
stand 3704 2504 316 0 179
tree 3720 2504 45 0 179
stand 3768 2504 316 0 179
fre 3804 2508 58 179 179
tree 3896 2504 81 0 179
tree 3944 2504 41 0 179
fre 4020 2508 196 179 179
tree 4056 2504 34 0 179
tree 4120 2504 85 0 179
tree 4152 2520 42 0 179
fre 4220 2516 268 179 179
fre 4228 2524 268 179 179
fre 4348 2524 268 179 179
fre 4372 2516 268 179 179
zabor 4592 2512 27 0 8
fre 4580 2500 66 179 179
zabor 4624 2512 29 0 8
zabor 4656 2512 27 0 8
fre 4668 2524 279 179 179
zabor 4688 2512 27 0 8
zabor 4720 2512 30 0 8
zabor 4752 2512 29 0 8
zabor 4784 2512 25 0 8
zabor 4816 2512 27 0 8
fre 4820 2524 279 179 179
zabor 4848 2512 26 0 8
zabor 4880 2512 24 0 8
zabor 4912 2512 27 0 8
zabor 4944 2512 24 0 8
zabor 4976 2512 28 0 8
zabor 5008 2512 30 0 8
zabor 5040 2512 28 0 8
zabor 5072 2512 31 0 8
zabor 5104 2512 30 0 8
fre 5116 2524 279 179 179
zabor 5136 2512 29 0 8
zabor 5168 2512 31 0 8
zabor 5200 2512 26 0 8
zabor 5232 2512 29 0 8
zabor 5264 2512 26 0 8
fre 5268 2508 279 179 179
zabor 5296 2512 30 0 8
zabor 5328 2512 27 0 8
zabor 5360 2512 27 0 8
zabor 5392 2512 29 0 8
fre 5388 2524 279 179 179
zabor 5424 2512 24 0 8
zabor 5456 2512 26 0 8
zabor 5488 2512 24 0 8
zabor 5520 2512 25 0 8
fre 5532 2508 279 179 179
zabor 5552 2512 24 0 8
zabor 5584 2512 24 0 8
zabor 5616 2512 27 0 8
zabor 5648 2512 28 0 8
zabor 5680 2512 27 0 8
zabor 5712 2512 31 0 8
zabor 5744 2512 29 0 8
fre 6332 2508 278 179 179
fre 6308 2508 278 179 179
zabor 6416 2512 28 0 8
fre 6524 2516 196 179 179
fre 6500 2516 196 179 179
fre 6516 2508 198 179 179
tree 6520 2520 18 0 179
fre 6532 2508 272 179 179
fre 6556 2500 198 179 179
tree 6568 2504 79 0 179
fre 7100 2500 2 179 179
tree 7352 2504 80 0 179
tree 7400 2520 34 0 179
zabor 7568 2512 25 0 8
fre 7620 2508 61 179 179
fre 7692 2500 62 179 179
fre 7788 2516 62 179 179
fre 7964 2500 62 179 179
fre 8004 2508 61 179 179
tree 168 2536 81 0 179
tree 360 2536 35 0 179
fre 412 2548 272 179 179
tree 456 2552 18 0 179
fre 620 2556 2 179 179
tree 760 2552 34 0 179
tree 824 2552 35 0 179
fre 844 2540 196 179 179
fre 884 2540 74 179 179
fre 900 2548 76 179 179
fre 972 2532 67 179 179
fre 1020 2548 67 179 179
fre 1020 2556 67 179 179
fre 1036 2556 74 179 179
fre 1044 2548 67 179 179
fre 1044 2556 67 179 179
fre 1068 2540 76 179 179
fre 1108 2556 76 179 179
fre 1116 2556 67 179 179
tree 1224 2536 81 0 179
tree 1416 2536 35 0 179
fre 1468 2548 272 179 179
tree 1512 2552 18 0 179
fre 1676 2556 2 179 179
tree 1816 2552 34 0 179
tree 1880 2552 35 0 179
fre 1900 2540 196 179 179
fre 1972 2556 269 179 179
fre 2012 2532 272 179 179
tree 2360 2536 79 0 179
fre 2492 2548 269 179 179
fre 2572 2556 272 179 179
tree 2584 2552 87 0 179
tree 2744 2552 35 0 179
tree 2856 2536 35 0 179
tree 3000 2552 34 0 179
tree 3048 2552 35 0 179
fre 3124 2548 196 179 179
stand 3272 2536 316 0 179
fre 3364 2556 2 179 179
stand 3496 2536 317 0 179
stand 3528 2536 59 0 179
tree 3736 2552 45 0 179
stand 3864 2552 316 0 179
tree 3864 2552 45 0 179
tree 3928 2536 41 0 179
tree 3944 2536 41 0 179
tree 4056 2552 33 0 179
tree 4104 2552 34 0 179
fre 4252 2556 194 179 179
fre 4244 2548 194 179 179
fre 4308 2532 194 179 179
fre 4348 2556 268 179 179
fre 4372 2532 268 179 179
fre 4412 2556 194 179 179
fre 4452 2556 268 179 179
trop 4532 2548 139 179 179
zabor 4592 2544 26 0 8
fre 4580 2540 66 179 179
fre 4580 2532 66 179 179
fre 4580 2548 74 179 179
fre 4756 2548 61 179 179
fre 4780 2548 61 179 179
fre 4844 2548 61 179 179
fre 4908 2548 61 179 179
fre 4940 2532 279 179 179
fre 4980 2532 61 179 179
fre 5028 2540 61 179 179
fre 5076 2540 61 179 179
fre 5124 2548 61 179 179
fre 5244 2556 62 179 179
fre 5340 2540 61 179 179
fre 5516 2540 61 179 179
fre 5548 2548 61 179 179
fre 5628 2548 61 179 179
fre 5716 2540 61 179 179
fre 5716 2556 61 179 179
zabor 5744 2544 30 0 8
fre 6268 2540 279 179 179
zabor 6416 2544 28 0 8
trop 7532 2548 139 179 179
zabor 7568 2544 31 0 8
fre 7852 2540 62 179 179
fre 148 2588 269 179 179
fre 188 2564 272 179 179
tree 536 2568 79 0 179
fre 668 2580 269 179 179
fre 748 2588 272 179 179
tree 760 2584 87 0 179
fre 908 2588 74 179 179
fre 948 2588 67 179 179
fre 940 2564 74 179 179
fre 940 2588 74 179 179
fre 972 2572 76 179 179
fre 1044 2572 74 179 179
fre 1060 2580 76 179 179
fre 1092 2572 67 179 179
fre 1132 2564 67 179 179
fre 1148 2588 74 179 179
fre 1204 2588 269 179 179
fre 1244 2564 272 179 179
tree 1592 2568 79 0 179
fre 1724 2580 269 179 179
fre 1804 2588 272 179 179
tree 1816 2584 87 0 179
tree 1992 2568 87 0 179
fre 2188 2588 2 179 179
tree 2248 2584 19 0 179
tree 2376 2584 87 0 179
fre 2468 2588 2 179 179
fre 2524 2588 269 179 179
fre 2604 2564 196 179 179
fre 2676 2572 196 179 179
fre 2940 2572 2 179 179
tree 3240 2584 87 0 179
stand 3432 2584 316 0 179
fre 3484 2572 58 179 179
stand 3496 2568 317 0 179
tree 3512 2584 45 0 179
stand 3544 2584 317 0 179
stand 3688 2568 316 0 179
tree 3688 2584 45 0 179
stand 3720 2568 318 0 179
stand 3816 2584 316 0 179
stand 3912 2568 316 0 179
fre 3988 2580 194 179 179
tree 4168 2568 41 0 179
tree 4184 2584 42 0 179
fre 4164 2580 268 179 179
fre 4444 2572 84 179 179
fre 4444 2580 72 179 179
fre 4572 2572 74 179 179
fre 4572 2564 74 179 179
fre 4564 2564 72 179 179
zabor 4592 2576 25 0 8
fre 4580 2572 72 179 179
fre 4628 2572 61 179 179
fre 4660 2564 62 179 179
fre 4740 2580 62 179 179
fre 4916 2572 62 179 179
fre 4980 2572 62 179 179
fre 5188 2572 62 179 179
fre 5316 2572 62 179 179
fre 5324 2588 62 179 179
fre 5388 2564 62 179 179
fre 5428 2564 62 179 179
fre 5452 2572 62 179 179
fre 5492 2572 62 179 179
fre 5572 2572 62 179 179
fre 5676 2572 62 179 179
zabor 5744 2576 27 0 8
fre 5868 2588 278 179 179
fre 5972 2580 278 179 179
zabor 6416 2576 30 0 8
zabor 7568 2576 27 0 8
fre 7612 2572 61 179 179
fre 7620 2564 61 179 179
fre 7652 2564 62 179 179
fre 7748 2588 62 179 179
fre 7932 2580 62 179 179
fre 7996 2572 61 179 179
fre 8004 2564 61 179 179
fre 8036 2564 62 179 179
tree 168 2600 87 0 179
fre 364 2620 2 179 179
tree 424 2616 19 0 179
tree 552 2616 87 0 179
fre 644 2620 2 179 179
fre 700 2620 269 179 179
fre 780 2596 196 179 179
fre 852 2604 196 179 179
fre 924 2612 67 179 179
fre 932 2620 267 179 179
fre 948 2604 74 179 179
fre 972 2596 67 179 179
fre 988 2612 67 179 179
fre 964 2612 76 179 179
fre 1012 2620 76 179 179
fre 996 2612 74 179 179
fre 1036 2596 67 179 179
fre 1068 2620 74 179 179
fre 1108 2620 67 179 179
fre 1100 2596 74 179 179
fre 1148 2620 67 179 179
tree 1224 2600 87 0 179
fre 1420 2620 2 179 179
tree 1480 2616 19 0 179
tree 1608 2616 87 0 179
fre 1700 2620 2 179 179
fre 1756 2620 269 179 179
fre 1836 2596 196 179 179
fre 1908 2604 196 179 179
tree 1976 2616 87 0 179
fre 2044 2612 272 179 179
tree 2088 2600 80 0 179
tree 2152 2600 79 0 179
tree 2344 2616 79 0 179
tree 2376 2616 87 0 179
stand 2392 2616 289 0 179
fre 2500 2612 269 179 179
fre 2572 2612 269 179 179
tree 2584 2600 19 0 179
fre 2708 2604 269 179 179
fre 2700 2604 196 179 179
tree 2696 2600 35 0 179
tree 2776 2616 87 0 179
tree 2840 2616 19 0 179
tree 3016 2616 80 0 179
tree 3064 2600 87 0 179
fre 3108 2596 196 179 179
tree 3208 2616 80 0 179
fre 3340 2596 2 179 179
fre 3364 2604 269 179 179
stand 3704 2616 316 0 179
fre 3748 2620 58 179 179
fre 3812 2596 58 179 179
tree 3896 2616 85 0 179
fre 4108 2620 196 179 179
fre 4244 2604 268 179 179
fre 4484 2604 72 179 179
fre 4572 2620 74 179 179
fre 4572 2604 74 179 179
fre 4572 2596 74 179 179
zabor 4592 2608 24 0 8
fre 4780 2604 62 179 179
fre 4852 2596 62 179 179
fre 5188 2612 62 179 179
fre 5532 2612 62 179 179
fre 5652 2596 62 179 179
fre 5716 2612 61 179 179
zabor 5744 2608 31 0 8
fre 6092 2596 278 179 179
fre 6212 2604 279 179 179
zabor 6416 2608 25 0 8
zabor 7568 2608 25 0 8
fre 7612 2620 61 179 179
fre 7644 2612 62 179 179
fre 7828 2620 62 179 179
fre 7996 2620 61 179 179
fre 8028 2612 62 179 179
tree 152 2648 87 0 179
fre 220 2644 272 179 179
tree 264 2632 80 0 179
tree 328 2632 79 0 179
tree 520 2648 79 0 179
tree 552 2648 87 0 179
stand 568 2648 289 0 179
fre 676 2644 269 179 179
fre 748 2644 269 179 179
tree 760 2632 19 0 179
fre 964 2628 74 179 179
fre 972 2652 74 179 179
fre 1012 2652 67 179 179
fre 1004 2628 74 179 179
fre 1036 2644 74 179 179
fre 1084 2644 67 179 179
fre 1092 2652 267 179 179
fre 1132 2628 67 179 179
fre 1148 2644 67 179 179
fre 1172 2652 76 179 179
fre 1156 2644 74 179 179
tree 1208 2648 87 0 179
fre 1276 2644 272 179 179
tree 1320 2632 80 0 179
tree 1384 2632 79 0 179
tree 1576 2648 79 0 179
tree 1608 2648 87 0 179
stand 1624 2648 289 0 179
fre 1732 2644 269 179 179
fre 1804 2644 269 179 179
tree 1816 2632 19 0 179
tree 1976 2632 87 0 179
tree 2040 2632 79 0 179
tree 2056 2632 79 0 179
fre 2492 2652 2 179 179
tree 2584 2632 80 0 179
fre 2644 2644 272 179 179
tree 2664 2632 19 0 179
stand 2696 2648 288 0 179
tree 2744 2632 87 0 179
tree 2776 2648 87 0 179
tree 3288 2648 87 0 179
stand 3352 2648 316 0 179
fre 3444 2636 58 179 179
tree 3448 2632 45 0 179
stand 3464 2632 317 0 179
fre 3516 2628 58 179 179
stand 3512 2632 318 0 179
stand 3496 2648 317 0 179
stand 3544 2632 318 0 179
tree 3560 2632 45 0 179
trop 3612 2652 139 179 179
stand 3768 2648 316 0 179
stand 3800 2632 316 0 179
fre 3900 2636 58 179 179
fre 3884 2652 272 179 179
fre 3972 2652 194 179 179
tree 4088 2632 76 0 179
fre 4100 2636 272 179 179
tree 4168 2632 35 0 179
fre 4284 2652 194 179 179
tree 4408 2648 76 0 179
fre 4484 2636 72 179 179
fre 4572 2636 66 179 179
zabor 4592 2640 25 0 8
fre 4580 2636 74 179 179
fre 4620 2636 61 179 179
fre 4668 2636 62 179 179
fre 4892 2628 62 179 179
fre 4940 2652 62 179 179
fre 5052 2636 62 179 179
fre 5124 2628 62 179 179
fre 5204 2628 62 179 179
fre 5716 2644 61 179 179
zabor 5744 2640 24 0 8
fre 6316 2652 278 179 179
zabor 6416 2640 28 0 8
zabor 7568 2640 30 0 8
fre 7868 2644 62 179 179
tree 152 2664 87 0 179
tree 216 2664 79 0 179
tree 232 2664 79 0 179
fre 668 2684 2 179 179
tree 760 2664 80 0 179
fre 820 2676 272 179 179
tree 840 2664 19 0 179
fre 988 2676 67 179 179
fre 1012 2676 67 179 179
fre 1012 2684 67 179 179
fre 1084 2684 67 179 179
fre 1076 2684 76 179 179
fre 1124 2660 74 179 179
fre 1196 2676 74 179 179
tree 1208 2664 87 0 179
tree 1272 2664 79 0 179
tree 1288 2664 79 0 179
fre 1724 2684 2 179 179
tree 1816 2664 80 0 179
fre 1876 2676 272 179 179
tree 1896 2664 19 0 179
tree 1992 2664 87 0 179
tree 2056 2680 87 0 179
tree 2120 2680 79 0 179
tree 2168 2680 87 0 179
fre 2244 2684 2 179 179
fre 2308 2676 2 179 179
tree 2568 2680 87 0 179
tree 2632 2680 19 0 179
fre 2708 2660 269 179 179
stand 2728 2680 201 0 179
stand 2728 2664 209 0 179
tree 2840 2680 19 0 179
stand 2888 2680 288 0 179
fre 2940 2660 2 179 179
fre 3044 2668 269 179 179
tree 3176 2664 80 0 179
tree 3224 2680 80 0 179
stand 3432 2664 318 0 179
tree 3512 2664 45 0 179
stand 3528 2680 318 0 179
stand 3688 2664 318 0 179
stand 3720 2664 316 0 179
tree 3752 2680 45 0 179
fre 3884 2660 196 179 179
fre 4076 2676 196 179 179
tree 4104 2680 41 0 179
tree 4152 2664 78 0 179
tree 4136 2680 85 0 179
tree 4184 2664 41 0 179
fre 4212 2668 268 179 179
fre 4356 2668 196 179 179
tree 4440 2680 42 0 179
fre 4468 2660 72 179 179
fre 4452 2676 72 179 179
fre 4572 2660 66 179 179
fre 4572 2668 74 179 179
zabor 4592 2672 31 0 8
fre 4580 2660 74 179 179
fre 4716 2668 62 179 179
fre 4812 2676 62 179 179
fre 5036 2660 62 179 179
fre 5060 2684 62 179 179
fre 5148 2668 62 179 179
fre 5412 2684 62 179 179
fre 5556 2676 62 179 179
fre 5644 2660 62 179 179
zabor 5744 2672 29 0 8
zabor 6416 2672 28 0 8
zabor 7568 2672 26 0 8
fre 7620 2676 61 179 179
fre 7724 2668 62 179 179
fre 8004 2676 61 179 179
tree 168 2696 87 0 179
tree 232 2712 87 0 179
tree 296 2712 79 0 179
tree 344 2712 87 0 179
fre 420 2716 2 179 179
fre 484 2708 2 179 179
tree 744 2712 87 0 179
tree 808 2712 19 0 179
fre 940 2700 76 179 179
fre 980 2700 74 179 179
fre 1060 2700 67 179 179
fre 1172 2708 67 179 179
fre 1172 2716 67 179 179
fre 1244 2716 67 179 179
tree 1224 2696 87 0 179
tree 1288 2712 87 0 179
tree 1352 2712 79 0 179
tree 1400 2712 87 0 179
fre 1476 2716 2 179 179
fre 1540 2708 2 179 179
tree 1800 2712 87 0 179
tree 1864 2712 19 0 179
fre 2004 2708 269 179 179
fre 2004 2716 2 179 179
fre 2404 2700 2 179 179
fre 2476 2700 2 179 179
fre 2564 2700 269 179 179
stand 2584 2696 288 0 179
tree 2680 2696 87 0 179
stand 2744 2696 199 0 179
stand 2728 2696 206 0 179
stand 2760 2696 199 0 179
stand 2776 2696 208 0 179
stand 2840 2712 288 0 179
tree 2872 2712 83 0 179
tree 2872 2696 83 0 179
fre 2972 2708 2 179 179
fre 3188 2708 269 179 179
fre 3204 2692 269 179 179
tree 3272 2696 79 0 179
fre 3340 2700 2 179 179
stand 3464 2696 317 0 179
stand 3496 2712 318 0 179
stand 3720 2712 318 0 179
tree 3720 2712 45 0 179
fre 3772 2708 58 179 179
stand 3768 2712 316 0 179
tree 3864 2696 81 0 179
fre 3932 2692 196 179 179
fre 3980 2700 194 179 179
fre 3988 2700 272 179 179
tree 4008 2712 85 0 179
tree 4056 2696 35 0 179
tree 4120 2712 41 0 179
tree 4152 2696 85 0 179
fre 4228 2692 268 179 179
fre 4268 2692 194 179 179
tree 4360 2696 35 0 179
fre 4380 2708 272 179 179
tree 4392 2696 33 0 179
tree 4440 2696 42 0 179
fre 4444 2716 72 179 179
fre 4572 2700 74 179 179
fre 4572 2692 74 179 179
zabor 4592 2704 29 0 8
fre 4580 2708 66 179 179
fre 4580 2692 66 179 179
fre 4580 2716 74 179 179
fre 4636 2716 61 179 179
fre 4676 2708 62 179 179
fre 4836 2700 62 179 179
fre 5004 2692 62 179 179
fre 5196 2716 62 179 179
fre 5324 2692 62 179 179
fre 5436 2692 62 179 179
fre 5508 2700 62 179 179
fre 5620 2700 62 179 179
fre 5716 2700 61 179 179
zabor 5744 2704 31 0 8
fre 5940 2708 278 179 179
fre 6020 2700 278 179 179
fre 6228 2716 279 179 179
fre 6324 2700 278 179 179
zabor 6416 2704 27 0 8
trop 7500 2700 194 179 179
zabor 7568 2704 26 0 8
fre 7620 2700 61 179 179
fre 7804 2708 62 179 179
fre 8004 2700 61 179 179
fre 932 2740 76 179 179
fre 1004 2724 67 179 179
fre 1028 2748 267 179 179
fre 1068 2724 67 179 179
fre 1084 2740 67 179 179
fre 1100 2732 76 179 179
fre 1220 2732 67 179 179
tree 1992 2728 87 0 179
fre 2044 2732 272 179 179
fre 2148 2740 2 179 179
fre 2212 2724 2 179 179
tree 2360 2744 34 0 179
fre 2460 2748 2 179 179
fre 2620 2724 269 179 179
fre 2620 2748 131 179 179
stand 2840 2744 288 0 179
tree 2872 2728 83 0 179
stand 2856 2744 288 0 179
stand 2904 2728 288 0 179
fre 3036 2724 269 179 179
fre 3012 2732 269 179 179
fre 3052 2748 2 179 179
fre 3116 2740 2 179 179
fre 3180 2748 2 179 179
fre 3332 2724 2 179 179
fre 3412 2724 269 179 179
fre 3428 2732 58 179 179
stand 3448 2744 317 0 179
stand 3544 2728 317 0 179
stand 3688 2728 318 0 179
fre 3788 2724 58 179 179
tree 3848 2728 78 0 179
stand 3912 2728 316 0 179
tree 4056 2728 85 0 179
tree 4072 2728 85 0 179
fre 4100 2740 268 179 179
tree 4360 2744 42 0 179
tree 4360 2728 42 0 179
fre 4372 2740 268 179 179
fre 4468 2748 72 179 179
fre 4452 2732 72 179 179
trop 4532 2724 139 179 179
fre 4564 2740 74 179 179
fre 4572 2732 74 179 179
zabor 4592 2736 31 0 8
fre 4884 2740 62 179 179
fre 4964 2732 62 179 179
fre 5244 2732 62 179 179
fre 5444 2724 62 179 179
fre 5444 2740 62 179 179
fre 5676 2740 62 179 179
fre 5716 2732 61 179 179
zabor 5744 2736 29 0 8
zabor 5840 2736 26 0 8
fre 6124 2732 278 179 179
zabor 6416 2736 24 0 8
trop 6468 2740 195 179 179
trop 6628 2732 140 179 179
trop 6812 2732 140 179 179
trop 6980 2732 140 179 179
trop 7164 2732 140 179 179
trop 7348 2732 140 179 179
zabor 7568 2736 30 0 8
fre 7604 2740 61 179 179
fre 7900 2748 62 179 179
fre 7988 2740 61 179 179
tree 168 2776 81 0 179
tree 264 2760 87 0 179
fre 396 2772 2 179 179
tree 520 2776 87 0 179
fre 708 2756 2 179 179
fre 772 2772 2 179 179
fre 940 2780 74 179 179
fre 956 2780 2 179 179
fre 980 2780 67 179 179
fre 972 2756 74 179 179
fre 996 2780 67 179 179
fre 1020 2764 2 179 179
tree 1032 2776 81 0 179
fre 1060 2756 74 179 179
fre 1092 2772 76 179 179
tree 1128 2760 87 0 179
fre 1164 2756 67 179 179
fre 1188 2780 267 179 179
fre 1228 2756 67 179 179
fre 1244 2772 67 179 179
fre 1260 2772 2 179 179
tree 1384 2776 87 0 179
fre 1572 2756 2 179 179
fre 1636 2772 2 179 179
fre 1820 2780 2 179 179
fre 1884 2764 2 179 179
tree 1960 2776 81 0 179
tree 2056 2760 87 0 179
fre 2188 2772 2 179 179
tree 2312 2776 87 0 179
fre 2500 2756 2 179 179
fre 2564 2772 2 179 179
fre 2748 2780 2 179 179
fre 2812 2764 2 179 179
fre 2892 2780 2 179 179
fre 3012 2764 2 179 179
fre 3044 2756 2 179 179
fre 3252 2780 2 179 179
fre 3284 2780 2 179 179
fre 3300 2756 2 179 179
fre 3356 2764 269 179 179
fre 3468 2756 272 179 179
tree 3464 2776 45 0 179
stand 3512 2776 318 0 179
stand 3672 2776 316 0 179
stand 3800 2776 316 0 179
tree 3800 2760 45 0 179
tree 3864 2776 41 0 179
fre 3844 2780 268 179 179
tree 3880 2760 76 0 179
tree 3912 2760 41 0 179
tree 3960 2760 85 0 179
fre 4028 2764 194 179 179
fre 4164 2780 83 179 179
fre 4172 2756 194 179 179
fre 4236 2756 194 179 179
fre 4292 2780 268 179 179
fre 4340 2764 72 179 179
fre 4380 2772 72 179 179
fre 4396 2756 194 179 179
fre 4444 2764 72 179 179
fre 4444 2780 72 179 179
fre 4460 2780 194 179 179
fre 4572 2780 66 179 179
fre 4572 2764 74 179 179
zabor 4592 2768 24 0 8
fre 4580 2756 66 179 179
fre 4580 2764 66 179 179
fre 4820 2756 62 179 179
fre 4892 2780 62 179 179
fre 5148 2764 62 179 179
fre 5188 2780 62 179 179
fre 5308 2764 61 179 179
fre 5284 2780 61 179 179
fre 5372 2772 62 179 179
zabor 5744 2768 28 0 8
zabor 5840 2768 25 0 8
zabor 6416 2768 26 0 8
zabor 6512 2768 31 0 8
zabor 6544 2768 25 0 8
zabor 6576 2768 30 0 8
zabor 6608 2768 28 0 8
zabor 6640 2768 31 0 8
zabor 6672 2768 31 0 8
zabor 6704 2768 30 0 8
zabor 6736 2768 27 0 8
zabor 6768 2768 27 0 8
zabor 6864 2768 25 0 8
zabor 6896 2768 24 0 8
zabor 6928 2768 31 0 8
zabor 6960 2768 28 0 8
zabor 6992 2768 24 0 8
zabor 7024 2768 24 0 8
zabor 7056 2768 24 0 8
zabor 7184 2768 25 0 8
zabor 7216 2768 30 0 8
zabor 7248 2768 27 0 8
zabor 7280 2768 25 0 8
zabor 7312 2768 31 0 8
stand 7544 2760 304 0 179
stand 7528 2776 304 0 179
zabor 7568 2768 25 0 8
fre 7644 2772 62 179 179
fre 7732 2756 62 179 179
fre 7820 2780 62 179 179
fre 7948 2780 62 179 179
fre 8028 2772 62 179 179
tree 488 2808 34 0 179
fre 820 2788 2 179 179
fre 924 2804 2 179 179
fre 956 2804 67 179 179
fre 956 2796 2 179 179
fre 1044 2812 76 179 179
fre 1100 2812 74 179 179
fre 1140 2812 67 179 179
fre 1132 2788 74 179 179
fre 1156 2812 67 179 179
fre 1220 2788 74 179 179
tree 1352 2808 34 0 179
fre 1684 2788 2 179 179
fre 1788 2804 2 179 179
fre 1820 2796 2 179 179
tree 2280 2808 34 0 179
fre 2612 2788 2 179 179
fre 2716 2804 2 179 179
fre 2748 2796 2 179 179
fre 2996 2796 2 179 179
stand 3368 2808 316 0 179
stand 3448 2792 316 0 179
fre 3508 2788 58 179 179
stand 3512 2792 316 0 179
tree 3512 2808 45 0 179
fre 3532 2796 58 179 179
tree 3704 2808 45 0 179
stand 3720 2792 316 0 179
stand 3784 2808 316 0 179
tree 3784 2792 45 0 179
fre 3812 2796 58 179 179
fre 3860 2804 268 179 179
fre 3852 2812 268 179 179
tree 3896 2808 41 0 179
tree 3896 2792 41 0 179
fre 3908 2804 268 179 179
tree 3944 2792 85 0 179
tree 3992 2792 85 0 179
fre 4124 2788 194 179 179
tree 4312 2792 78 0 179
tree 4296 2792 42 0 179
fre 4332 2804 72 179 179
fre 4372 2788 194 179 179
fre 4388 2796 72 179 179
fre 4444 2796 136 179 179
stand 4456 2792 145 0 179
fre 4572 2812 66 179 179
fre 4572 2788 74 179 179
zabor 4592 2800 27 0 8
fre 4580 2796 66 179 179
fre 4660 2788 62 179 179
fre 4716 2788 62 179 179
fre 4884 2804 62 179 179
fre 4980 2788 62 179 179
fre 5228 2812 62 179 179
fre 5404 2804 62 179 179
fre 5508 2804 62 179 179
fre 5692 2788 62 179 179
fre 5716 2812 61 179 179
zabor 5744 2800 29 0 8
trop 5804 2788 174 179 179
zabor 5840 2800 24 0 8
fre 6292 2812 279 179 179
zabor 6416 2800 28 0 8
zabor 6512 2800 31 0 8
tree 6680 2808 84 0 179
stand 6728 2808 13 0 179
zabor 6768 2800 26 0 8
zabor 6864 2800 24 0 8
zabor 7312 2800 24 0 8
stand 7368 2792 310 0 179
stand 7416 2792 310 0 179
stand 7512 2792 302 0 179
zabor 7568 2800 29 0 8
fre 7604 2796 61 179 179
fre 7668 2788 61 179 179
fre 7724 2804 61 179 179
fre 7764 2796 61 179 179
fre 7844 2796 61 179 179
fre 7908 2796 61 179 179
fre 7988 2796 61 179 179
fre 8052 2788 61 179 179
fre 124 2828 272 179 179
tree 280 2840 79 0 179
fre 372 2844 2 179 179
fre 572 2836 196 179 179
fre 548 2836 196 179 179
fre 564 2828 198 179 179
tree 568 2840 18 0 179
fre 580 2828 272 179 179
fre 604 2820 198 179 179
tree 616 2824 79 0 179
fre 988 2828 272 179 179
fre 1116 2836 67 179 179
tree 1144 2840 79 0 179
fre 1204 2844 76 179 179
fre 1236 2844 2 179 179
fre 1436 2836 196 179 179
fre 1412 2836 196 179 179
fre 1428 2828 198 179 179
tree 1432 2840 18 0 179
fre 1444 2828 272 179 179
fre 1468 2820 198 179 179
tree 1480 2824 79 0 179
fre 1916 2828 272 179 179
tree 2072 2840 79 0 179
fre 2164 2844 2 179 179
fre 2364 2836 196 179 179
fre 2340 2836 196 179 179
fre 2356 2828 198 179 179
tree 2360 2840 18 0 179
fre 2372 2828 272 179 179
fre 2396 2820 198 179 179
tree 2408 2824 79 0 179
fre 2940 2820 2 179 179
tree 3192 2824 80 0 179
tree 3240 2840 34 0 179
tree 3400 2824 45 0 179
stand 3464 2824 317 0 179
stand 3512 2840 317 0 179
stand 3528 2824 316 0 179
trop 3612 2828 139 179 179
zabor 3664 2832 31 0 8
zabor 3696 2832 27 0 8
stand 3704 2824 316 0 179
zabor 3728 2832 25 0 8
zabor 3760 2832 29 0 8
zabor 3792 2832 26 0 8
zabor 3824 2832 27 0 8
zabor 3856 2832 27 0 8
zabor 3888 2832 29 0 8
zabor 3920 2832 24 0 8
zabor 3952 2832 31 0 8
zabor 3984 2832 31 0 8
zabor 4016 2832 25 0 8
zabor 4048 2832 28 0 8
zabor 4080 2832 25 0 8
zabor 4112 2832 24 0 8
zabor 4144 2832 28 0 8
zabor 4176 2832 27 0 8
zabor 4208 2832 25 0 8
zabor 4240 2832 27 0 8
zabor 4272 2832 30 0 8
zabor 4304 2832 26 0 8
zabor 4336 2832 29 0 8
zabor 4368 2832 27 0 8
zabor 4400 2832 26 0 8
zabor 4432 2832 26 0 8
zabor 4464 2832 28 0 8
fre 4572 2836 66 179 179
zabor 4592 2832 30 0 8
fre 4644 2828 62 179 179
fre 4940 2844 62 179 179
fre 5028 2844 62 179 179
fre 5188 2828 62 179 179
fre 5332 2836 62 179 179
fre 5380 2820 62 179 179
fre 5380 2844 62 179 179
fre 5724 2844 61 179 179
zabor 5744 2832 25 0 8
zabor 5840 2832 27 0 8
fre 6004 2836 278 179 179
zabor 6416 2832 28 0 8
zabor 6512 2832 24 0 8
dom 6560 2816 124 0 179
tree 6616 2824 84 0 179
tree 6632 2824 84 0 179
tree 6712 2824 84 0 179
zabor 6768 2832 28 0 8
zabor 6864 2832 28 0 8
zabor 7312 2832 25 0 8
stand 7416 2824 310 0 179
stand 7464 2824 302 0 179
stand 7544 2824 290 0 179
zabor 7568 2832 31 0 8
zabor 7600 2832 29 0 8
zabor 7632 2832 25 0 8
zabor 7664 2832 25 0 8
zabor 7696 2832 31 0 8
zabor 7728 2832 31 0 8
zabor 7760 2832 30 0 8
zabor 7792 2832 29 0 8
zabor 7824 2832 24 0 8
zabor 7856 2832 31 0 8
zabor 7888 2832 28 0 8
zabor 7920 2832 25 0 8
zabor 7952 2832 28 0 8
stand 7976 2840 304 0 179
zabor 7984 2832 26 0 8
stand 8008 2840 310 0 179
zabor 8016 2832 26 0 8
zabor 8048 2832 31 0 8
zabor 8080 2832 29 0 8
tree 200 2856 34 0 179
fre 276 2860 272 179 179
fre 276 2852 269 179 179
tree 456 2856 33 0 179
tree 536 2872 80 0 179
fre 572 2868 272 179 179
fre 548 2876 196 179 179
fre 548 2852 198 179 179
fre 604 2852 198 179 179
stand 584 2872 289 0 179
stand 616 2872 369 0 179
tree 728 2872 33 0 179
stand 760 2856 351 0 179
tree 1064 2856 34 0 179
fre 1140 2860 272 179 179
fre 1140 2852 269 179 179
tree 1320 2856 33 0 179
tree 1400 2872 80 0 179
fre 1436 2868 272 179 179
fre 1412 2876 196 179 179
fre 1412 2852 198 179 179
fre 1468 2852 198 179 179
stand 1448 2872 289 0 179
stand 1480 2872 369 0 179
tree 1592 2872 33 0 179
stand 1624 2856 351 0 179
tree 1992 2856 34 0 179
fre 2068 2860 272 179 179
fre 2068 2852 269 179 179
tree 2248 2856 33 0 179
tree 2328 2872 80 0 179
fre 2364 2868 272 179 179
fre 2340 2876 196 179 179
fre 2340 2852 198 179 179
fre 2396 2852 198 179 179
stand 2376 2872 289 0 179
stand 2408 2872 369 0 179
tree 2520 2872 33 0 179
stand 2552 2856 351 0 179
fre 3092 2868 196 179 179
fre 3140 2852 269 179 179
fre 3180 2868 196 179 179
fre 3220 2876 272 179 179
fre 3444 2876 58 179 179
stand 3512 2856 318 0 179
tree 3512 2856 45 0 179
zabor 3664 2864 31 0 8
tree 3704 2872 44 0 179
tree 3720 2872 43 0 179
tree 3768 2856 44 0 179
tree 3816 2856 43 0 179
fre 3812 2876 76 179 179
zabor 3856 2864 30 0 8
tree 3880 2872 85 0 179
tree 3896 2872 85 0 179
fre 3916 2876 193 179 179
tree 3928 2856 43 0 179
fre 3940 2876 73 179 179
lay 3960 2856 34 0 179
zabor 4016 2864 24 0 8
tree 4040 2856 44 0 179
tree 4072 2872 44 0 179
fre 4100 2852 73 179 179
lay 4120 2872 29 0 179
tree 4104 2856 43 0 179
tree 4168 2856 44 0 179
lay 4184 2872 49 0 179
zabor 4208 2864 31 0 8
tree 4232 2856 84 0 179
tree 4264 2872 43 0 179
tree 4312 2856 84 0 179
fre 4364 2852 193 179 179
fre 4372 2876 271 179 179
stand 4360 2856 243 0 179
stand 4360 2872 243 0 179
tree 4408 2856 84 0 179
tree 4440 2856 43 0 179
zabor 4464 2864 31 0 8
fre 4564 2868 66 179 179
fre 4572 2852 74 179 179
fre 4564 2860 74 179 179
zabor 4592 2864 28 0 8
fre 4580 2876 74 179 179
fre 4628 2876 61 179 179
fre 4788 2852 62 179 179
fre 4828 2852 62 179 179
fre 5484 2852 62 179 179
fre 5556 2876 62 179 179
fre 5644 2876 62 179 179
fre 5668 2852 62 179 179
zabor 5744 2864 29 0 8
zabor 5840 2864 25 0 8
fre 5940 2868 278 179 179
zabor 6416 2864 28 0 8
zabor 6512 2864 31 0 8
fre 6500 2860 76 179 179
fre 6620 2868 271 179 179
fre 6612 2876 76 179 179
dom 6688 2848 125 0 179
fre 6748 2876 63 179 179
fre 6740 2876 63 179 179
zabor 6768 2864 28 0 8
trop 6812 2852 139 179 179
zabor 6864 2864 27 0 8
fre 6972 2868 279 179 179
fre 7180 2868 279 179 179
zabor 7312 2864 24 0 8
stand 7400 2856 302 0 179
cliff 7472 2864 71 179 179
stand 7704 2872 302 0 179
stand 7736 2856 310 0 179
stand 7784 2872 290 0 179
stand 7832 2856 290 0 179
stand 7864 2872 310 0 179
stand 7896 2856 304 0 179
stand 7880 2856 310 0 179
stand 7944 2872 290 0 179
stand 7992 2872 310 0 179
stand 8056 2872 302 0 179
tree 280 2904 79 0 179
tree 312 2904 87 0 179
fre 388 2892 2 179 179
fre 500 2884 198 179 179
tree 488 2904 87 0 179
tree 520 2904 34 0 179
fre 556 2884 198 179 179
tree 568 2904 87 0 179
fre 580 2892 198 179 179
fre 620 2892 198 179 179
fre 676 2900 272 179 179
fre 740 2908 196 179 179
tree 808 2904 87 0 179
tree 840 2904 35 0 179
fre 924 2884 2 179 179
fre 932 2892 2 179 179
tree 1144 2904 79 0 179
tree 1176 2904 87 0 179
fre 1252 2892 2 179 179
fre 1364 2884 198 179 179
tree 1352 2904 87 0 179
tree 1384 2904 34 0 179
fre 1420 2884 198 179 179
tree 1432 2904 87 0 179
fre 1444 2892 198 179 179
fre 1484 2892 198 179 179
fre 1540 2900 272 179 179
fre 1604 2908 196 179 179
tree 1672 2904 87 0 179
tree 1704 2904 35 0 179
fre 1788 2884 2 179 179
fre 1796 2892 2 179 179
tree 2072 2904 79 0 179
tree 2104 2904 87 0 179
fre 2180 2892 2 179 179
fre 2292 2884 198 179 179
tree 2280 2904 87 0 179
tree 2312 2904 34 0 179
fre 2348 2884 198 179 179
tree 2360 2904 87 0 179
fre 2372 2892 198 179 179
fre 2412 2892 198 179 179
fre 2468 2900 272 179 179
fre 2532 2908 196 179 179
tree 2600 2904 87 0 179
tree 2632 2904 35 0 179
fre 2716 2884 2 179 179
fre 2724 2892 2 179 179
tree 3224 2904 87 0 179
tree 3240 2904 87 0 179
fre 3300 2884 72 179 179
fre 3324 2900 72 179 179
fre 3388 2884 58 179 179
fre 3364 2908 72 179 179
stand 3416 2904 316 0 179
fre 3452 2908 72 179 179
stand 3480 2904 316 0 179
fre 3500 2892 58 179 179
stand 3512 2904 316 0 179
stand 3528 2888 318 0 179
tree 3528 2888 45 0 179
tree 3528 2904 45 0 179
zabor 3664 2896 29 0 8
tree 3752 2888 43 0 179
lay 3800 2904 1 0 179
zabor 3856 2896 30 0 8
fre 3932 2908 73 179 179
tree 3944 2904 29 0 179
fre 3988 2884 271 179 179
zabor 4016 2896 27 0 8
fre 4060 2908 193 179 179
tree 4056 2888 43 0 179
lay 4104 2888 49 0 179
lay 4136 2904 48 0 179
lay 4152 2904 49 0 179
fre 4180 2892 271 179 179
lay 4168 2888 50 0 179
zabor 4208 2896 31 0 8
tree 4264 2888 90 0 179
tree 4280 2888 43 0 179
tree 4264 2904 43 0 179
stand 4312 2888 243 0 179
fre 4356 2900 42 179 179
stand 4360 2888 243 0 179
stand 4376 2888 243 0 179
tree 4440 2904 44 0 179
zabor 4464 2896 24 0 8
trop 4532 2900 139 179 179
fre 4572 2900 66 179 179
fre 4572 2884 74 179 179
zabor 4592 2896 24 0 8
fre 4740 2892 62 179 179
fre 4828 2892 62 179 179
fre 5076 2900 62 179 179
fre 5196 2908 62 179 179
fre 5260 2884 62 179 179
fre 5396 2908 62 179 179
fre 5708 2884 61 179 179
zabor 5744 2896 24 0 8
zabor 5840 2896 30 0 8
fre 6036 2900 278 179 179
fre 6164 2900 278 179 179
fre 6316 2908 278 179 179
zabor 6416 2896 27 0 8
zabor 6512 2896 31 0 8
fre 6556 2900 63 179 179
fre 6548 2900 63 179 179
fre 6540 2892 76 179 179
fre 6572 2908 63 179 179
fre 6580 2892 76 179 179
fre 6572 2900 76 179 179
fre 6564 2892 76 179 179
fre 6596 2900 76 179 179
fre 6700 2892 76 179 179
fre 6748 2908 63 179 179
fre 6724 2900 63 179 179
fre 6724 2892 75 179 179
fre 6724 2908 76 179 179
zabor 6768 2896 27 0 8
fre 7076 2900 278 179 179
zabor 7312 2896 29 0 8
stand 7368 2904 310 0 179
stand 7400 2888 302 0 179
cliff 7552 2880 70 179 179
cliff 7632 2880 70 179 179
stand 7832 2888 310 0 179
stand 7816 2888 310 0 179
stand 7912 2888 304 0 179
stand 7960 2888 304 0 179
tree 200 2920 87 0 179
tree 216 2920 87 0 179
stand 232 2920 288 0 179
stand 328 2920 288 0 179
fre 412 2924 2 179 179
fre 508 2940 198 179 179
stand 568 2936 289 0 179
stand 616 2920 367 0 179
tree 680 2920 87 0 179
tree 696 2936 35 0 179
stand 760 2920 353 0 179
fre 948 2924 2 179 179
tree 1064 2920 87 0 179
tree 1080 2920 87 0 179
stand 1096 2920 288 0 179
stand 1192 2920 288 0 179
fre 1276 2924 2 179 179
fre 1372 2940 198 179 179
stand 1432 2936 289 0 179
stand 1480 2920 367 0 179
tree 1544 2920 87 0 179
tree 1560 2936 35 0 179
stand 1624 2920 353 0 179
fre 1812 2924 2 179 179
tree 1992 2920 87 0 179
tree 2008 2920 87 0 179
stand 2024 2920 288 0 179
stand 2120 2920 288 0 179
fre 2204 2924 2 179 179
fre 2300 2940 198 179 179
stand 2360 2936 289 0 179
stand 2408 2920 367 0 179
tree 2472 2920 87 0 179
tree 2488 2936 35 0 179
stand 2552 2920 353 0 179
fre 2740 2924 2 179 179
tree 2904 2920 80 0 179
fre 2956 2924 269 179 179
tree 3064 2936 80 0 179
fre 3092 2940 196 179 179
fre 3332 2940 72 179 179
fre 3356 2932 72 179 179
fre 3436 2932 72 179 179
fre 3452 2916 67 179 179
fre 3484 2924 72 179 179
fre 3460 2924 67 179 179
fre 3484 2940 67 179 179
fre 3492 2940 67 179 179
stand 3528 2936 317 0 179
stand 3560 2936 153 0 179
zabor 3664 2928 25 0 8
tree 3688 2920 85 0 179
fre 3748 2932 73 179 179
fre 3796 2940 73 179 179
lay 3800 2920 49 0 179
lay 3800 2936 49 0 179
lay 3816 2936 50 0 179
zabor 3856 2928 24 0 8
tree 3864 2920 84 0 179
tree 3880 2920 84 0 179
fre 3916 2932 193 179 179
fre 3948 2932 193 179 179
fre 3980 2916 73 179 179
zabor 4016 2928 27 0 8
tree 4024 2936 84 0 179
fre 4060 2916 271 179 179
fre 4132 2916 193 179 179
lay 4152 2920 49 0 179
fre 4164 2932 73 179 179
lay 4184 2920 48 0 179
zabor 4208 2928 26 0 8
fre 4196 2932 271 179 179
fre 4220 2940 76 179 179
fre 4276 2916 271 179 179
fre 4316 2916 73 179 179
fre 4316 2940 139 179 179
fre 4324 2924 42 179 179
fre 4356 2940 73 179 179
tree 4440 2936 44 0 179
zabor 4464 2928 29 0 8
fre 4572 2932 74 179 179
zabor 4592 2928 24 0 8
fre 4988 2916 62 179 179
fre 5148 2932 62 179 179
fre 5260 2932 62 179 179
fre 5508 2916 62 179 179
fre 5668 2924 62 179 179
fre 5724 2932 61 179 179
zabor 5744 2928 24 0 8
trop 5804 2932 139 179 179
zabor 5840 2928 31 0 8
zabor 6416 2928 30 0 8
trop 6468 2916 139 179 179
zabor 6512 2928 25 0 8
zabor 6768 2928 27 0 8
zabor 6864 2928 30 0 8
fre 7220 2940 278 179 179
zabor 7312 2928 28 0 8
stand 7384 2920 310 0 179
stand 7368 2936 302 0 179
cliff 7760 2928 70 179 179
cliff 7872 2928 67 179 179
cliff 8000 2928 67 179 179
fre 172 2972 2 179 179
stand 328 2952 288 0 179
stand 520 2952 289 0 179
stand 584 2952 289 0 179
tree 744 2952 33 0 179
fre 820 2972 272 179 179
tree 808 2952 87 0 179
fre 1036 2972 2 179 179
stand 1192 2952 288 0 179
stand 1384 2952 289 0 179
stand 1448 2952 289 0 179
tree 1608 2952 33 0 179
fre 1684 2972 272 179 179
tree 1672 2952 87 0 179
fre 1964 2972 2 179 179
stand 2120 2952 288 0 179
stand 2312 2952 289 0 179
stand 2376 2952 289 0 179
tree 2536 2952 33 0 179
fre 2612 2972 272 179 179
tree 2600 2952 87 0 179
fre 2908 2948 196 179 179
tree 2936 2968 87 0 179
zabor 3152 2960 26 0 8
zabor 3184 2960 28 0 8
stand 3176 2952 280 0 179
zabor 3216 2960 26 0 8
zabor 3248 2960 29 0 8
zabor 3280 2960 29 0 8
zabor 3312 2960 25 0 8
zabor 3344 2960 27 0 8
zabor 3376 2960 24 0 8
zabor 3408 2960 28 0 8
zabor 3440 2960 26 0 8
zabor 3472 2960 26 0 8
fre 3476 2948 67 179 179
zabor 3504 2960 27 0 8
zabor 3536 2960 31 0 8
fre 3532 2972 76 179 179
zabor 3568 2960 30 0 8
zabor 3664 2960 27 0 8
tree 3688 2952 83 0 179
tree 3768 2968 26 0 179
tree 3800 2968 29 0 179
fre 3820 2956 76 179 179
zabor 3856 2960 25 0 8
tree 3848 2952 83 0 179
tree 3896 2968 43 0 179
fre 3956 2948 73 179 179
fre 3972 2948 271 179 179
zabor 4016 2960 30 0 8
fre 4108 2956 73 179 179
fre 4140 2948 19 179 179
zabor 4208 2960 27 0 8
fre 4252 2956 159 179 179
lay 4312 2968 0 0 179
fre 4316 2948 138 179 179
fre 4300 2948 155 179 179
fre 4332 2948 73 179 179
fre 4388 2964 42 179 179
fre 4412 2956 76 179 179
fre 4420 2956 76 179 179
fre 4428 2956 76 179 179
zabor 4464 2960 30 0 8
fre 4572 2964 74 179 179
fre 4572 2948 74 179 179
zabor 4592 2960 26 0 8
fre 4652 2948 62 179 179
fre 4812 2956 62 179 179
fre 4884 2956 62 179 179
fre 5204 2948 62 179 179
fre 5420 2972 62 179 179
fre 5556 2956 62 179 179
fre 5716 2956 61 179 179
zabor 5744 2960 31 0 8
zabor 5840 2960 25 0 8
zabor 6416 2960 26 0 8
zabor 6512 2960 29 0 8
zabor 6768 2960 25 0 8
zabor 6864 2960 31 0 8
zabor 7312 2960 27 0 8
stand 7384 2968 290 0 179
cliff 7440 2944 13 179 179
fre 212 2988 2 179 179
fre 252 2996 2 179 179
fre 300 3004 2 179 179
fre 436 2988 2 179 179
tree 696 3000 87 0 179
tree 696 2984 87 0 179
fre 1076 2988 2 179 179
tree 1080 2984 19 0 179
tree 1080 3000 19 0 179
fre 1116 2996 2 179 179
fre 1164 3004 2 179 179
fre 1300 2988 2 179 179
tree 1560 3000 87 0 179
tree 1560 2984 87 0 179
tree 1944 2984 19 0 179
tree 1944 3000 19 0 179
fre 2004 2988 2 179 179
fre 2044 2996 2 179 179
fre 2092 3004 2 179 179
fre 2228 2988 2 179 179
tree 2488 3000 87 0 179
tree 2488 2984 87 0 179
tree 2872 2984 19 0 179
tree 2872 3000 19 0 179
tree 2920 3000 80 0 179
tree 3000 2984 19 0 179
tree 3112 2984 81 0 179
zabor 3152 2992 31 0 8
fre 3180 2988 269 179 179
tree 3176 2984 31 0 179
tree 3192 2984 43 0 179
tree 3224 2984 83 0 179
tree 3288 2984 83 0 179
stand 3272 3000 72 0 179
fre 3316 2996 193 179 179
tree 3352 2984 32 0 179
tree 3336 2984 43 0 179
tree 3400 2984 44 0 179
tree 3448 2984 33 0 179
tree 3480 2984 83 0 179
tree 3512 2984 43 0 179
fre 3540 2980 76 179 179
zabor 3568 2992 24 0 8
trop 3612 3004 139 179 179
zabor 3664 2992 30 0 8
tree 3704 2984 32 0 179
fre 3772 2996 19 179 179
fre 3772 2988 73 179 179
zabor 3856 2992 31 0 8
fre 3860 2988 73 179 179
fre 3956 2988 73 179 179
tree 3992 2984 43 0 179
zabor 4016 2992 27 0 8
tree 4024 3000 84 0 179
tree 4040 2984 84 0 179
fre 4132 2996 19 179 179
zabor 4208 2992 27 0 8
fre 4252 2988 193 179 179
fre 4252 3004 73 179 179
stand 4232 3000 267 0 179
tree 4440 3000 43 0 179
fre 4436 2980 76 179 179
zabor 4464 2992 27 0 8
fre 4572 2996 66 179 179
fre 4572 3004 74 179 179
zabor 4592 2992 30 0 8
fre 4580 2980 74 179 179
fre 4636 2988 61 179 179
fre 4700 2988 62 179 179
fre 4764 2980 62 179 179
fre 4884 2996 62 179 179
fre 5052 2980 62 179 179
stand 5256 3000 124 0 179
fre 5316 2988 62 179 179
fre 5532 3004 62 179 179
fre 5612 2980 61 179 179
fre 5676 2996 62 179 179
fre 5716 3004 61 179 179
zabor 5744 2992 27 0 8
zabor 5840 2992 28 0 8
fre 5908 2996 278 179 179
fre 6036 2996 278 179 179
fre 6164 2996 278 179 179
zabor 6416 2992 25 0 8
zabor 6512 2992 26 0 8
tree 6536 3000 84 0 179
fre 6572 3004 73 179 179
fre 6732 2988 72 179 179
zabor 6768 2992 30 0 8
zabor 6864 2992 31 0 8
fre 6940 3004 278 179 179
zabor 7312 2992 30 0 8
tree 168 3032 87 0 179
fre 300 3012 269 179 179
fre 388 3012 2 179 179
fre 452 3036 2 179 179
fre 524 3020 2 179 179
fre 620 3012 2 179 179
tree 792 3032 35 0 179
tree 888 3016 79 0 179
tree 904 3016 79 0 179
fre 940 3028 2 179 179
tree 1032 3032 87 0 179
tree 1080 3032 34 0 179
fre 1164 3012 269 179 179
fre 1252 3012 2 179 179
fre 1316 3036 2 179 179
fre 1388 3020 2 179 179
fre 1484 3012 2 179 179
tree 1656 3032 35 0 179
tree 1752 3016 79 0 179
tree 1768 3016 79 0 179
fre 1804 3028 2 179 179
tree 1944 3032 34 0 179
tree 1960 3032 87 0 179
fre 2092 3012 269 179 179
fre 2180 3012 2 179 179
fre 2244 3036 2 179 179
fre 2316 3020 2 179 179
fre 2412 3012 2 179 179
tree 2584 3032 35 0 179
tree 2680 3016 79 0 179
tree 2696 3016 79 0 179
fre 2732 3028 2 179 179
tree 2872 3032 34 0 179
fre 2948 3020 269 179 179
tree 3000 3032 80 0 179
fre 3092 3020 269 179 179
tree 3080 3016 80 0 179
stand 3096 3016 288 0 179
zabor 3152 3024 28 0 8
tree 3176 3032 44 0 179
tree 3192 3016 44 0 179
fre 3228 3028 271 179 179
tree 3208 3016 31 0 179
fre 3292 3036 73 179 179
tree 3352 3032 32 0 179
tree 3368 3016 43 0 179
tree 3368 3032 43 0 179
fre 3412 3036 271 179 179
fre 3404 3020 76 179 179
fre 3436 3036 11 179 179
fre 3524 3020 76 179 179
fre 3532 3012 76 179 179
fre 3540 3012 76 179 179
zabor 3568 3024 26 0 8
zabor 3664 3024 30 0 8
tree 3688 3016 83 0 179
zabor 3856 3024 29 0 8
fre 3940 3012 29 179 179
tree 3992 3016 43 0 179
zabor 4016 3024 25 0 8
fre 4060 3028 18 179 179
fre 4116 3028 19 179 179
fre 4148 3028 73 179 179
fre 4132 3020 73 179 179
zabor 4208 3024 29 0 8
tree 4216 3032 84 0 179
fre 4244 3012 73 179 179
fre 4292 3012 42 179 179
fre 4364 3012 42 179 179
fre 4420 3020 76 179 179
zabor 4464 3024 27 0 8
fre 4564 3012 74 179 179
zabor 4592 3024 28 0 8
fre 4580 3028 74 179 179
fre 4940 3036 62 179 179
fre 4972 3020 62 179 179
fre 5092 3036 62 179 179
fre 5140 3012 62 179 179
fre 5388 3028 62 179 179
fre 5572 3012 62 179 179
zabor 5744 3024 29 0 8
zabor 5840 3024 30 0 8
fre 6324 3028 278 179 179
zabor 6416 3024 31 0 8
zabor 6512 3024 31 0 8
fre 6556 3012 193 179 179
tree 6536 3032 84 0 179
fre 6564 3028 271 179 179
tree 6584 3016 27 0 179
fre 6604 3020 73 179 179
dom 6688 3008 130 0 179
fre 6748 3020 72 179 179
trop 6812 3036 139 179 179
zabor 6864 3024 30 0 8
fre 7004 3036 279 179 179
fre 7092 3012 278 179 179
fre 7204 3036 279 179 179
zabor 7312 3024 26 0 8
stand 7368 3016 302 0 179
tree 280 3064 81 0 179
tree 360 3064 87 0 179
fre 508 3052 2 179 179
fre 540 3060 2 179 179
tree 776 3048 33 0 179
tree 872 3048 87 0 179
fre 916 3060 2 179 179
tree 1144 3064 81 0 179
tree 1224 3064 87 0 179
fre 1372 3052 2 179 179
fre 1404 3060 2 179 179
tree 1640 3048 33 0 179
tree 1736 3048 87 0 179
fre 1780 3060 2 179 179
tree 2072 3064 81 0 179
tree 2152 3064 87 0 179
fre 2300 3052 2 179 179
fre 2332 3060 2 179 179
tree 2568 3048 33 0 179
tree 2664 3048 87 0 179
fre 2708 3060 2 179 179
fre 3012 3060 272 179 179
fre 3028 3068 196 179 179
zabor 3152 3056 27 0 8
stand 3160 3064 280 0 179
zabor 3184 3056 29 0 8
zabor 3216 3056 26 0 8
tree 3208 3048 83 0 179
zabor 3248 3056 28 0 8
fre 3388 3052 76 179 179
stand 3400 3064 267 0 179
fre 3548 3044 76 179 179
zabor 3664 3056 28 0 8
dom 3712 3040 112 0 179
zabor 3856 3056 26 0 8
tree 3848 3064 83 0 179
dom 3904 3040 155 0 179
zabor 4016 3056 28 0 8
fre 4060 3068 18 179 179
fre 4076 3060 18 179 179
zabor 4208 3056 28 0 8
tree 4232 3064 84 0 179
fre 4396 3060 76 179 179
tree 4440 3064 44 0 179
zabor 4464 3056 27 0 8
fre 4572 3052 66 179 179
fre 4572 3044 74 179 179
zabor 4592 3056 29 0 8
fre 4588 3044 66 179 179
fre 4644 3068 61 179 179
fre 4644 3060 62 179 179
fre 4796 3052 62 179 179
fre 4772 3044 62 179 179
fre 4876 3068 62 179 179
fre 5036 3044 62 179 179
fre 5196 3044 62 179 179
fre 5404 3052 62 179 179
fre 5500 3060 62 179 179
fre 5724 3052 61 179 179
zabor 5744 3056 29 0 8
zabor 5840 3056 28 0 8
zabor 6416 3056 29 0 8
zabor 6512 3056 27 0 8
tree 6536 3064 43 0 179
tree 6552 3048 43 0 179
fre 6572 3044 193 179 179
tree 6584 3064 43 0 179
tree 6568 3048 43 0 179
fre 6612 3044 73 179 179
tree 6600 3064 43 0 179
fre 6628 3044 271 179 179
zabor 6864 3056 31 0 8
zabor 7312 3056 31 0 8
stand 7368 3048 302 0 179
stand 7416 3064 304 0 179
cliff 7456 3040 11 179 179
fre 276 3100 272 179 179
fre 556 3084 2 179 179
fre 716 3076 2 179 179
fre 812 3100 2 179 179
fre 988 3092 269 179 179
tree 1000 3096 87 0 179
tree 1064 3096 81 0 179
fre 1140 3100 272 179 179
fre 1420 3084 2 179 179
fre 1580 3076 2 179 179
fre 1676 3100 2 179 179
fre 1852 3092 269 179 179
tree 1864 3096 87 0 179
tree 1928 3096 81 0 179
fre 2068 3100 272 179 179
fre 2348 3084 2 179 179
fre 2508 3076 2 179 179
fre 2604 3100 2 179 179
fre 2780 3092 269 179 179
tree 2792 3096 87 0 179
tree 2856 3096 81 0 179
fre 2988 3100 196 179 179
tree 3000 3096 34 0 179
fre 3068 3100 196 179 179
tree 3064 3080 34 0 179
stand 3208 3080 280 0 179
zabor 3248 3088 31 0 8
tree 3256 3080 83 0 179
tree 3272 3080 83 0 179
fre 3300 3084 73 179 179
fre 3332 3076 11 179 179
fre 3404 3092 73 179 179
fre 3412 3100 73 179 179
stand 3416 3080 407 0 179
dom 3488 3072 126 0 179
zabor 3664 3088 28 0 8
zabor 3856 3088 31 0 8
fre 3996 3092 76 179 179
zabor 4016 3088 28 0 8
fre 4076 3092 18 179 179
dom 4128 3072 153 0 179
zabor 4208 3088 29 0 8
fre 4236 3076 73 179 179
fre 4260 3100 76 179 179
fre 4276 3100 76 179 179
dom 4320 3072 156 0 179
fre 4396 3076 76 179 179
fre 4428 3084 73 179 179
zabor 4464 3088 28 0 8
lay 4504 3096 51 0 179
trop 4532 3076 139 179 179
fre 4564 3084 74 179 179
fre 4572 3076 74 179 179
zabor 4592 3088 28 0 8
fre 4580 3084 66 179 179
fre 4764 3100 62 179 179
fre 5244 3100 62 179 179
fre 5572 3084 62 179 179
fre 5684 3076 62 179 179
fre 5716 3100 61 179 179
zabor 5744 3088 25 0 8
zabor 5840 3088 28 0 8
zabor 6416 3088 29 0 8
trop 6468 3100 139 179 179
zabor 6512 3088 26 0 8
zabor 6544 3088 27 0 8
zabor 6576 3088 30 0 8
zabor 6608 3088 27 0 8
zabor 6640 3088 27 0 8
zabor 6672 3088 29 0 8
zabor 6704 3088 30 0 8
zabor 6736 3088 24 0 8
zabor 6768 3088 31 0 8
zabor 6864 3088 24 0 8
zabor 7312 3088 28 0 8
stand 7384 3096 310 0 179
fre 196 3124 272 179 179
tree 232 3128 87 0 179
fre 276 3108 269 179 179
fre 300 3108 196 179 179
tree 408 3128 79 0 179
tree 456 3112 87 0 179
fre 532 3124 2 179 179
fre 532 3116 2 179 179
tree 648 3112 79 0 179
fre 860 3116 2 179 179
tree 968 3128 87 0 179
fre 1060 3124 272 179 179
tree 1096 3128 87 0 179
fre 1140 3108 269 179 179
fre 1164 3108 196 179 179
tree 1272 3128 79 0 179
tree 1320 3112 87 0 179
fre 1396 3124 2 179 179
fre 1396 3116 2 179 179
tree 1512 3112 79 0 179
fre 1724 3116 2 179 179
tree 1832 3128 87 0 179
fre 1988 3124 272 179 179
tree 2024 3128 87 0 179
fre 2068 3108 269 179 179
fre 2092 3108 196 179 179
tree 2200 3128 79 0 179
tree 2248 3112 87 0 179
fre 2324 3124 2 179 179
fre 2324 3116 2 179 179
tree 2440 3112 79 0 179
fre 2652 3116 2 179 179
tree 2760 3128 87 0 179
tree 2952 3128 35 0 179
tree 3016 3128 34 0 179
stand 3064 3112 288 0 179
zabor 3248 3120 25 0 8
stand 3240 3128 280 0 179
tree 3272 3112 83 0 179
tree 3304 3128 32 0 179
fre 3380 3124 193 179 179
fre 3412 3132 11 179 179
fre 3428 3116 271 179 179
fre 3444 3108 76 179 179
zabor 3568 3120 26 0 8
zabor 3664 3120 26 0 8
tree 3672 3112 83 0 179
tree 3672 3128 43 0 179
fre 3700 3124 76 179 179
fre 3716 3132 76 179 179
fre 3772 3132 76 179 179
fre 3788 3116 76 179 179
fre 3788 3132 76 179 179
tree 3832 3112 84 0 179
zabor 3856 3120 30 0 8
tree 3880 3112 84 0 179
tree 3880 3128 84 0 179
zabor 4016 3120 27 0 8
tree 4040 3112 84 0 179
fre 4068 3132 271 179 179
fre 4164 3116 193 179 179
fre 4172 3124 76 179 179
fre 4180 3124 76 179 179
fre 4180 3116 76 179 179
fre 4188 3132 76 179 179
zabor 4208 3120 27 0 8
fre 4252 3108 73 179 179
tree 4232 3128 84 0 179
stand 4264 3128 26 0 179
fre 4268 3116 76 179 179
fre 4276 3132 76 179 179
fre 4364 3132 76 179 179
fre 4380 3108 76 179 179
fre 4388 3116 76 179 179
fre 4412 3116 76 179 179
tree 4440 3128 84 0 179
zabor 4464 3120 25 0 8
lay 4504 3128 53 0 179
fre 4572 3116 66 179 179
fre 4564 3132 74 179 179
fre 4572 3132 74 179 179
zabor 4592 3120 30 0 8
fre 4740 3116 62 179 179
fre 4844 3124 62 179 179
fre 5036 3116 62 179 179
fre 5172 3124 62 179 179
fre 5380 3132 62 179 179
fre 5452 3132 62 179 179
fre 5556 3108 62 179 179
zabor 5744 3120 24 0 8
trop 5804 3108 139 179 179
zabor 5840 3120 24 0 8
zabor 5872 3120 30 0 8
zabor 5904 3120 27 0 8
zabor 5936 3120 29 0 8
zabor 5968 3120 31 0 8
zabor 6000 3120 25 0 8
zabor 6032 3120 24 0 8
zabor 6064 3120 26 0 8
zabor 6096 3120 25 0 8
zabor 6128 3120 25 0 8
zabor 6160 3120 27 0 8
zabor 6192 3120 26 0 8
zabor 6224 3120 26 0 8
zabor 6256 3120 30 0 8
zabor 6288 3120 26 0 8
zabor 6320 3120 25 0 8
zabor 6352 3120 30 0 8
zabor 6384 3120 31 0 8
zabor 6416 3120 30 0 8
trop 6596 3132 140 179 179
trop 6716 3132 140 179 179
zabor 6864 3120 31 0 8
zabor 6896 3120 24 0 8
zabor 6928 3120 25 0 8
zabor 6960 3120 25 0 8
zabor 6992 3120 29 0 8
zabor 7024 3120 31 0 8
zabor 7056 3120 30 0 8
zabor 7088 3120 25 0 8
zabor 7152 3120 25 0 8
zabor 7184 3120 29 0 8
zabor 7216 3120 26 0 8
zabor 7248 3120 28 0 8
zabor 7280 3120 26 0 8
zabor 7312 3120 25 0 8
tree 168 3144 81 0 179
fre 196 3156 272 179 179
tree 296 3160 35 0 179
tree 344 3144 18 0 179
tree 424 3160 87 0 179
tree 760 3144 34 0 179
fre 836 3156 269 179 179
tree 1032 3144 81 0 179
fre 1060 3156 272 179 179
tree 1160 3160 35 0 179
tree 1208 3144 18 0 179
tree 1288 3160 87 0 179
tree 1624 3144 34 0 179
fre 1700 3156 269 179 179
tree 1960 3144 81 0 179
fre 1988 3156 272 179 179
tree 2088 3160 35 0 179
tree 2136 3144 18 0 179
tree 2216 3160 87 0 179
tree 2552 3144 34 0 179
fre 2628 3156 269 179 179
fre 2900 3156 272 179 179
stand 2984 3160 288 0 179
stand 3048 3144 289 0 179
stand 3096 3144 288 0 179
tree 3192 3160 81 0 179
zabor 3248 3152 27 0 8
tree 3272 3160 43 0 179
fre 3316 3156 271 179 179
fre 3348 3148 73 179 179
tree 3336 3144 33 0 179
fre 3484 3148 75 179 179
fre 3484 3164 76 179 179
fre 3500 3148 75 179 179
fre 3508 3164 75 179 179
fre 3516 3156 75 179 179
fre 3492 3156 75 179 179
fre 3532 3140 75 179 179
zabor 3568 3152 30 0 8
stand 3640 3144 138 0 179
zabor 3664 3152 24 0 8
zabor 3696 3152 24 0 8
zabor 3792 3152 29 0 8
zabor 3824 3152 27 0 8
tree 3832 3144 84 0 179
zabor 3856 3152 28 0 8
zabor 3888 3152 28 0 8
zabor 3984 3152 30 0 8
zabor 4016 3152 26 0 8
tree 4008 3144 85 0 179
zabor 4048 3152 25 0 8
zabor 4080 3152 24 0 8
fre 4092 3140 76 179 179
zabor 4176 3152 29 0 8
zabor 4208 3152 31 0 8
zabor 4240 3152 26 0 8
zabor 4272 3152 26 0 8
zabor 4304 3152 26 0 8
zabor 4400 3152 25 0 8
zabor 4432 3152 24 0 8
tree 4440 3144 84 0 179
zabor 4464 3152 31 0 8
fre 4572 3140 74 179 179
zabor 4592 3152 25 0 8
fre 4580 3148 66 179 179
fre 4580 3164 74 179 179
fre 4636 3140 61 179 179
fre 4660 3140 62 179 179
fre 5300 3164 62 179 179
fre 5284 3148 62 179 179
fre 5516 3164 62 179 179
fre 5668 3156 62 179 179
fre 5724 3140 61 179 179
zabor 5744 3152 26 0 8
zabor 5840 3152 27 0 8
zabor 6352 3152 28 0 8
trop 6396 3164 195 179 179
zabor 6864 3152 30 0 8
tree 6856 3160 43 0 179
tree 6920 3160 83 0 179
tree 7032 3160 43 0 179
zabor 7120 3152 24 0 8
stand 7176 3144 455 0 179
vor 7196 3156 64 179 179
fre 7204 3140 185 179 179
tree 7240 3144 30 0 179
stand 7400 3144 304 0 179
stand 7432 3160 304 0 179
cliff 7488 3136 21 179 179
fre 244 3180 269 179 179
stand 328 3192 288 0 179
tree 376 3192 18 0 179
fre 508 3188 2 179 179
tree 632 3192 87 0 179
tree 712 3176 34 0 179
tree 1000 3192 34 0 179
tree 1048 3192 81 0 179
fre 1108 3180 269 179 179
stand 1192 3192 288 0 179
tree 1240 3192 18 0 179
fre 1372 3188 2 179 179
tree 1496 3192 87 0 179
tree 1576 3176 34 0 179
tree 1864 3192 34 0 179
tree 1912 3192 81 0 179
fre 2036 3180 269 179 179
stand 2120 3192 288 0 179
tree 2168 3192 18 0 179
fre 2300 3188 2 179 179
tree 2424 3192 87 0 179
tree 2504 3176 34 0 179
tree 2792 3192 34 0 179
tree 2840 3192 81 0 179
fre 2908 3188 269 179 179
fre 3020 3188 269 179 179
stand 3080 3192 280 0 179
stand 3160 3192 280 0 179
zabor 3248 3184 31 0 8
fre 3364 3180 11 179 179
fre 3500 3180 76 179 179
tree 3544 3176 83 0 179
zabor 3568 3184 24 0 8
trop 3612 3180 139 179 179
trop 3700 3196 140 179 179
trop 3868 3196 140 179 179
fre 4572 3180 74 179 179
zabor 4592 3184 26 0 8
fre 4580 3196 66 179 179
fre 4644 3180 61 179 179
fre 4812 3180 62 179 179
fre 4924 3172 62 179 179
fre 5012 3196 62 179 179
fre 5060 3180 62 179 179
fre 5452 3180 62 179 179
fre 5540 3196 62 179 179
fre 5636 3188 62 179 179
zabor 5744 3184 30 0 8
zabor 5840 3184 28 0 8
tree 5864 3192 84 0 179
tree 5976 3176 84 0 179
fre 6004 3180 193 179 179
tree 6040 3176 84 0 179
tree 6024 3176 84 0 179
tree 6232 3176 84 0 179
tree 6216 3176 84 0 179
tree 6280 3176 43 0 179
zabor 6352 3184 29 0 8
trop 6404 3180 174 179 179
zabor 6512 3184 27 0 8
zabor 6544 3184 25 0 8
zabor 6576 3184 30 0 8
zabor 6608 3184 29 0 8
zabor 6640 3184 29 0 8
zabor 6672 3184 30 0 8
zabor 6704 3184 28 0 8
zabor 6736 3184 31 0 8
zabor 6768 3184 27 0 8
zabor 6864 3184 31 0 8
tree 6856 3192 43 0 179
lay 6904 3176 17 0 179
tree 6984 3176 83 0 179
tree 7080 3176 44 0 179
zabor 7120 3184 27 0 8
vor 7148 3172 64 179 179
vor 7228 3180 66 179 179
trop 7252 3188 140 179 179
trop 7404 3188 143 179 179
stand 7448 3176 304 0 179
stand 7432 3176 310 0 179
tree 7496 3192 86 0 179
tree 184 3208 81 0 179
tree 168 3208 81 0 179
fre 228 3212 272 179 179
fre 252 3212 196 179 179
tree 280 3224 87 0 179
tree 440 3208 87 0 179
fre 500 3228 2 179 179
tree 680 3224 87 0 179
tree 744 3224 34 0 179
fre 820 3228 196 179 179
tree 872 3208 87 0 179
tree 1048 3208 81 0 179
tree 1032 3208 81 0 179
fre 1092 3212 272 179 179
fre 1116 3212 196 179 179
tree 1144 3224 87 0 179
tree 1304 3208 87 0 179
fre 1364 3228 2 179 179
tree 1544 3224 87 0 179
tree 1608 3224 34 0 179
fre 1684 3228 196 179 179
tree 1736 3208 87 0 179
tree 1976 3208 81 0 179
tree 1960 3208 81 0 179
fre 2020 3212 272 179 179
fre 2044 3212 196 179 179
tree 2072 3224 87 0 179
tree 2232 3208 87 0 179
fre 2292 3228 2 179 179
tree 2472 3224 87 0 179
tree 2536 3224 34 0 179
fre 2612 3228 196 179 179
tree 2664 3208 87 0 179
zabor 2896 3216 27 0 8
zabor 2928 3216 29 0 8
zabor 2960 3216 26 0 8
stand 2968 3208 280 0 179
zabor 2992 3216 26 0 8
zabor 3024 3216 25 0 8
zabor 3056 3216 30 0 8
zabor 3088 3216 29 0 8
stand 3096 3208 280 0 179
zabor 3120 3216 27 0 8
zabor 3152 3216 24 0 8
zabor 3184 3216 27 0 8
zabor 3216 3216 25 0 8
zabor 3248 3216 31 0 8
fre 3372 3212 75 179 179
dom 3424 3200 110 0 179
tree 3544 3208 83 0 179
zabor 3568 3216 27 0 8
stand 3880 3224 140 0 179
trop 3988 3204 140 179 179
trop 4156 3204 140 179 179
trop 4308 3204 140 179 179
trop 4468 3204 140 179 179
fre 4572 3220 74 179 179
fre 4564 3212 74 179 179
fre 4572 3204 74 179 179
zabor 4592 3216 29 0 8
fre 4580 3228 74 179 179
fre 4628 3204 61 179 179
fre 4724 3228 62 179 179
fre 4876 3228 62 179 179
fre 5164 3228 62 179 179
fre 5716 3204 61 179 179
zabor 5744 3216 28 0 8
zabor 5840 3216 29 0 8
stand 5864 3224 403 0 179
dom 5920 3200 113 0 179
fre 6012 3228 73 179 179
fre 6004 3204 73 179 179
tree 6008 3208 27 0 179
fre 6028 3228 193 179 179
fre 6036 3228 46 179 179
stand 6040 3224 11 0 179
fre 6084 3212 63 179 179
fre 6100 3228 63 179 179
dom 6208 3200 140 0 179
zabor 6352 3216 25 0 8
zabor 6512 3216 27 0 8
fre 6580 3212 73 179 179
tree 6568 3208 33 0 179
fre 6716 3212 75 179 179
fre 6716 3228 76 179 179
fre 6732 3212 75 179 179
fre 6740 3228 75 179 179
fre 6748 3220 75 179 179
fre 6724 3220 75 179 179
zabor 6768 3216 30 0 8
fre 6764 3204 75 179 179
trop 6812 3212 139 179 179
zabor 6864 3216 30 0 8
tree 6936 3224 25 0 179
fre 6948 3228 271 179 179
fre 6964 3220 73 179 179
fre 7036 3204 193 179 179
fre 7052 3204 193 179 179
fre 7060 3212 73 179 179
fre 7076 3228 271 179 179
fre 7092 3228 63 179 179
fre 7100 3228 63 179 179
zabor 7120 3216 31 0 8
tree 7240 3224 83 0 179
tree 7288 3224 83 0 179
tree 7416 3224 83 0 179
stand 7528 3224 304 0 179
cliff 7584 3216 20 179 179
tree 216 3240 81 0 179
tree 280 3240 87 0 179
fre 364 3260 196 179 179
tree 840 3240 33 0 179
tree 968 3240 19 0 179
tree 1000 3256 19 0 179
tree 1016 3256 18 0 179
fre 1044 3260 196 179 179
tree 1080 3240 81 0 179
tree 1144 3240 87 0 179
fre 1228 3260 196 179 179
tree 1704 3240 33 0 179
tree 1832 3240 19 0 179
tree 1864 3256 19 0 179
tree 1880 3256 18 0 179
fre 1908 3260 196 179 179
tree 2008 3240 81 0 179
tree 2072 3240 87 0 179
fre 2156 3260 196 179 179
tree 2632 3240 33 0 179
tree 2760 3240 19 0 179
tree 2792 3256 19 0 179
tree 2808 3256 18 0 179
fre 2836 3260 196 179 179
zabor 2896 3248 25 0 8
tree 2920 3240 85 0 179
tree 2968 3240 32 0 179
lay 3000 3256 14 0 179
tree 3032 3240 83 0 179
tree 3064 3240 83 0 179
fre 3100 3252 193 179 179
tree 3160 3240 44 0 179
tree 3224 3240 44 0 179
zabor 3248 3248 31 0 8
dom 3296 3232 153 0 179
fre 3364 3260 75 179 179
fre 3380 3244 75 179 179
fre 3412 3260 67 179 179
fre 3396 3260 76 179 179
stand 3416 3256 406 0 179
zabor 3568 3248 26 0 8
fre 3556 3252 271 179 179
tree 3560 3240 84 0 179
zabor 3632 3248 26 0 8
zabor 3664 3248 30 0 8
zabor 3696 3248 28 0 8
zabor 3728 3248 30 0 8
zabor 3760 3248 29 0 8
zabor 3792 3248 27 0 8
zabor 3824 3248 27 0 8
zabor 3856 3248 30 0 8
zabor 3888 3248 25 0 8
trop 3940 3252 139 179 179
zabor 3984 3248 31 0 8
zabor 4016 3248 29 0 8
zabor 4048 3248 25 0 8
zabor 4080 3248 25 0 8
zabor 4112 3248 28 0 8
zabor 4144 3248 31 0 8
zabor 4176 3248 25 0 8
zabor 4272 3248 25 0 8
zabor 4304 3248 26 0 8
zabor 4336 3248 28 0 8
zabor 4368 3248 27 0 8
zabor 4400 3248 26 0 8
zabor 4432 3248 25 0 8
zabor 4464 3248 24 0 8
trop 4524 3252 139 179 179
fre 4564 3260 66 179 179
fre 4572 3244 74 179 179
zabor 4592 3248 29 0 8
fre 4588 3244 63 179 179
fre 4580 3252 74 179 179
fre 5324 3236 62 179 179
fre 5412 3236 62 179 179
fre 5564 3252 62 179 179
fre 5660 3260 62 179 179
fre 5668 3236 62 179 179
fre 5716 3244 61 179 179
zabor 5744 3248 28 0 8
zabor 5840 3248 29 0 8
stand 5992 3240 403 0 179
fre 6028 3236 271 179 179
fre 6052 3260 271 179 179
fre 6092 3244 63 179 179
fre 6116 3260 193 179 179
fre 6180 3236 63 179 179
fre 6196 3252 63 179 179
tree 6296 3240 44 0 179
zabor 6352 3248 28 0 8
trop 6436 3244 194 179 179
zabor 6512 3248 26 0 8
fre 6596 3244 11 179 179
fre 6732 3244 76 179 179
zabor 6768 3248 31 0 8
tree 6776 3240 83 0 179
zabor 6864 3248 31 0 8
tree 6856 3240 44 0 179
tree 6888 3240 44 0 179
fre 6940 3236 13 179 179
fre 6932 3260 13 179 179
fre 6932 3252 13 179 179
fre 7084 3236 73 179 179
zabor 7120 3248 29 0 8
tree 7256 3240 83 0 179
fre 7316 3260 271 179 179
tree 7352 3240 83 0 179
tree 7400 3240 43 0 179
zabor 7440 3248 25 0 8
tree 7480 3240 18 0 179
tree 7464 3256 85 0 179
tree 232 3288 87 0 179
tree 424 3288 34 0 179
fre 516 3268 2 179 179
tree 648 3272 79 0 179
stand 712 3288 350 0 179
tree 792 3288 33 0 179
tree 840 3272 87 0 179
tree 1096 3288 87 0 179
tree 1288 3288 34 0 179
fre 1380 3268 2 179 179
tree 1512 3272 79 0 179
stand 1576 3288 350 0 179
tree 1656 3288 33 0 179
tree 1704 3272 87 0 179
tree 2024 3288 87 0 179
tree 2216 3288 34 0 179
fre 2308 3268 2 179 179
tree 2440 3272 79 0 179
stand 2504 3288 350 0 179
tree 2584 3288 33 0 179
tree 2632 3272 87 0 179
zabor 2896 3280 24 0 8
tree 2920 3288 85 0 179
tree 2984 3288 43 0 179
fre 3036 3284 271 179 179
fre 3060 3276 73 179 179
stand 3048 3288 78 0 179
fre 3116 3268 193 179 179
fre 3164 3268 193 179 179
tree 3208 3272 32 0 179
zabor 3248 3280 27 0 8
tree 3272 3288 85 0 179
fre 3324 3276 193 179 179
fre 3388 3284 67 179 179
fre 3404 3276 67 179 179
fre 3436 3284 67 179 179
fre 3428 3276 75 179 179
fre 3508 3276 67 179 179
fre 3492 3276 67 179 179
fre 3500 3284 67 179 179
fre 3516 3276 68 179 179
fre 3500 3292 68 179 179
fre 3516 3284 75 179 179
fre 3516 3268 75 179 179
stand 3512 3272 406 0 179
stand 3544 3288 14 0 179
fre 3540 3284 67 179 179
fre 3524 3292 68 179 179
zabor 3568 3280 30 0 8
tree 3560 3272 83 0 179
zabor 3632 3280 31 0 8
tree 3672 3272 32 0 179
lay 3704 3288 8 0 179
tree 3704 3272 43 0 179
tree 3752 3272 84 0 179
tree 3800 3288 84 0 179
tree 3816 3272 84 0 179
tree 3864 3272 43 0 179
stand 3864 3272 59 0 179
zabor 3888 3280 27 0 8
zabor 3984 3280 26 0 8
tree 4008 3288 84 0 179
tree 4120 3272 84 0 179
fre 4148 3276 193 179 179
tree 4184 3272 84 0 179
tree 4168 3272 84 0 179
tree 4376 3272 84 0 179
tree 4360 3272 84 0 179
tree 4424 3272 43 0 179
zabor 4464 3280 30 0 8
fre 4572 3268 66 179 179
zabor 4592 3280 31 0 8
fre 4588 3292 66 179 179
fre 4580 3292 66 179 179
fre 4580 3284 74 179 179
fre 4580 3268 74 179 179
fre 4660 3268 62 179 179
fre 4820 3292 62 179 179
fre 5028 3292 62 179 179
fre 5164 3292 62 179 179
fre 5252 3292 62 179 179
fre 5356 3276 62 179 179
fre 5700 3268 61 179 179
zabor 5744 3280 25 0 8
trop 5804 3284 139 179 179
zabor 5840 3280 24 0 8
fre 5948 3276 193 179 179
lay 5944 3272 49 0 179
fre 5972 3268 63 179 179
fre 5964 3276 63 179 179
fre 6084 3268 73 179 179
stand 6104 3288 1 0 179
tree 6296 3272 44 0 179
zabor 6352 3280 27 0 8
zabor 6448 3280 24 0 8
zabor 6512 3280 26 0 8
fre 6604 3276 75 179 179
dom 6656 3264 110 0 179
zabor 6768 3280 25 0 8
tree 6776 3272 83 0 179
zabor 6864 3280 29 0 8
tree 6872 3272 32 0 179
tree 6856 3288 83 0 179
lay 6888 3272 3 0 179
vor 6900 3284 19 179 179
fre 6916 3284 73 179 179
dom 7008 3264 121 0 179
zabor 7120 3280 26 0 8
trop 7164 3276 139 179 179
dom 7232 3264 141 0 179
fre 7308 3292 46 179 179
zabor 7440 3280 25 0 8
fre 7492 3292 72 179 179
tree 7544 3272 45 0 179
tree 7576 3272 86 0 179
fre 7580 3284 72 179 179
tree 232 3304 87 0 179
fre 300 3308 196 179 179
tree 344 3304 34 0 179
fre 532 3324 2 179 179
tree 584 3304 79 0 179
fre 676 3316 196 179 179
fre 788 3324 272 179 179
fre 804 3316 272 179 179
fre 812 3316 196 179 179
tree 872 3320 87 0 179
tree 1096 3304 87 0 179
fre 1164 3308 196 179 179
tree 1208 3304 34 0 179
fre 1396 3324 2 179 179
tree 1448 3304 79 0 179
fre 1540 3316 196 179 179
fre 1652 3324 272 179 179
fre 1668 3316 272 179 179
fre 1676 3316 196 179 179
tree 1736 3320 87 0 179
tree 2024 3304 87 0 179
fre 2092 3308 196 179 179
tree 2136 3304 34 0 179
fre 2324 3324 2 179 179
tree 2376 3304 79 0 179
fre 2468 3316 196 179 179
fre 2580 3324 272 179 179
fre 2596 3316 272 179 179
fre 2604 3316 196 179 179
tree 2664 3320 87 0 179
zabor 2896 3312 28 0 8
tree 2936 3304 85 0 179
tree 2984 3304 43 0 179
fre 3036 3308 73 179 179
fre 3148 3308 13 179 179
fre 3212 3300 76 179 179
fre 3204 3316 76 179 179
fre 3228 3324 76 179 179
zabor 3248 3312 31 0 8
zabor 3280 3312 30 0 8
zabor 3312 3312 25 0 8
zabor 3376 3312 27 0 8
zabor 3408 3312 26 0 8
tree 3416 3304 83 0 179
tree 3400 3304 83 0 179
zabor 3440 3312 29 0 8
fre 3508 3300 67 179 179
zabor 3536 3312 28 0 8
fre 3548 3308 67 179 179
fre 3532 3316 67 179 179
fre 3524 3300 68 179 179
zabor 3568 3312 29 0 8
zabor 3632 3312 26 0 8
tree 3656 3304 84 0 179
fre 3692 3308 271 179 179
dom 3680 3296 31 0 179
tree 3720 3304 35 0 179
zabor 3888 3312 28 0 8
stand 4008 3320 403 0 179
dom 4064 3296 113 0 179
fre 4156 3324 73 179 179
fre 4148 3300 73 179 179
tree 4152 3304 27 0 179
fre 4172 3324 193 179 179
fre 4180 3324 46 179 179
stand 4184 3320 11 0 179
fre 4228 3308 63 179 179
fre 4244 3324 63 179 179
dom 4352 3296 140 0 179
zabor 4464 3312 24 0 8
fre 4572 3316 74 179 179
fre 4572 3308 74 179 179
fre 4564 3300 74 179 179
zabor 4592 3312 25 0 8
fre 4580 3308 63 179 179
fre 4636 3300 61 179 179
fre 4868 3324 62 179 179
fre 5404 3316 62 179 179
fre 5700 3308 62 179 179
zabor 5744 3312 26 0 8
zabor 5840 3312 29 0 8
tree 5864 3320 84 0 179
tree 6296 3320 85 0 179
zabor 6352 3312 25 0 8
trop 6404 3324 139 179 179
zabor 6448 3312 24 0 8
fre 6596 3324 75 179 179
fre 6612 3308 75 179 179
fre 6644 3324 67 179 179
fre 6628 3324 76 179 179
stand 6648 3320 406 0 179
zabor 6768 3312 26 0 8
zabor 6864 3312 27 0 8
tree 6872 3320 44 0 179
fre 6900 3300 73 179 179
tree 6952 3320 83 0 179
tree 7096 3320 83 0 179
zabor 7120 3312 27 0 8
fre 7268 3300 46 179 179
fre 7300 3316 73 179 179
tree 7320 3304 16 0 179
stand 7352 3320 406 0 179
dom 7392 3296 66 0 179
zabor 7440 3312 25 0 8
fre 7532 3316 84 179 179
stand 7528 3320 405 0 179
fre 7524 3300 72 179 179
stand 7608 3304 304 0 179
cliff 7680 3312 18 179 179
fre 236 3332 269 179 179
stand 248 3352 289 0 179
stand 264 3336 289 0 179
fre 356 3348 272 179 179
fre 404 3356 269 179 179
tree 488 3352 87 0 179
tree 664 3352 18 0 179
stand 760 3352 351 0 179
fre 900 3340 269 179 179
tree 984 3352 79 0 179
tree 984 3336 79 0 179
fre 996 3340 272 179 179
tree 1048 3352 81 0 179
fre 1100 3332 269 179 179
stand 1112 3352 289 0 179
stand 1128 3336 289 0 179
fre 1220 3348 272 179 179
fre 1268 3356 269 179 179
tree 1352 3352 87 0 179
tree 1528 3352 18 0 179
stand 1624 3352 351 0 179
fre 1764 3340 269 179 179
tree 1848 3352 79 0 179
tree 1848 3336 79 0 179
fre 1860 3340 272 179 179
tree 1912 3352 81 0 179
fre 2028 3332 269 179 179
stand 2040 3352 289 0 179
stand 2056 3336 289 0 179
fre 2148 3348 272 179 179
fre 2196 3356 269 179 179
tree 2280 3352 87 0 179
tree 2456 3352 18 0 179
stand 2552 3352 351 0 179
fre 2692 3340 269 179 179
tree 2776 3352 79 0 179
tree 2776 3336 79 0 179
fre 2788 3340 272 179 179
tree 2840 3352 81 0 179
zabor 2896 3344 28 0 8
tree 2920 3336 44 0 179
fre 3020 3348 271 179 179
fre 3036 3348 73 179 179
fre 3100 3332 193 179 179
zabor 3248 3344 27 0 8
trop 3348 3356 140 179 179
vor 3364 3348 65 179 179
stand 3416 3352 454 0 179
vor 3460 3340 115 179 179
trop 3508 3356 140 179 179
trop 3612 3356 139 179 179
fre 3708 3332 128 179 179
fre 3716 3332 193 179 179
fre 3748 3348 63 179 179
fre 3764 3348 63 179 179
dom 3808 3328 121 0 179
zabor 3888 3344 24 0 8
stand 4136 3336 403 0 179
fre 4172 3332 271 179 179
fre 4196 3356 271 179 179
fre 4236 3340 63 179 179
fre 4260 3356 193 179 179
fre 4324 3332 63 179 179
fre 4340 3348 63 179 179
tree 4440 3336 44 0 179
zabor 4464 3344 25 0 8
fre 4572 3348 63 179 179
fre 4564 3332 66 179 179
fre 4572 3356 66 179 179
fre 4572 3332 74 179 179
zabor 4592 3344 31 0 8
fre 4580 3348 63 179 179
fre 4580 3340 74 179 179
fre 4636 3356 61 179 179
fre 4788 3340 62 179 179
fre 4924 3356 62 179 179
fre 4932 3340 62 179 179
fre 5468 3332 62 179 179
fre 5572 3356 62 179 179
fre 5652 3332 62 179 179
fre 5716 3348 61 179 179
zabor 5744 3344 25 0 8
zabor 5840 3344 31 0 8
fre 6012 3348 63 179 179
fre 6036 3332 63 179 179
fre 6068 3356 63 179 179
zabor 6352 3344 29 0 8
zabor 6448 3344 27 0 8
fre 6620 3348 67 179 179
fre 6636 3340 67 179 179
fre 6668 3348 67 179 179
fre 6660 3340 75 179 179
fre 6740 3340 67 179 179
fre 6724 3340 67 179 179
fre 6732 3348 67 179 179
fre 6748 3340 68 179 179
fre 6732 3356 68 179 179
fre 6748 3348 75 179 179
fre 6748 3332 75 179 179
stand 6744 3336 406 0 179
zabor 6768 3344 24 0 8
stand 6776 3352 14 0 179
fre 6772 3348 67 179 179
fre 6756 3356 68 179 179
tree 6952 3352 83 0 179
tree 6984 3336 83 0 179
zabor 7120 3344 29 0 8
fre 7252 3332 63 179 179
fre 7236 3332 63 179 179
fre 7308 3332 63 179 179
fre 7348 3340 63 179 179
fre 7372 3348 63 179 179
fre 7388 3356 63 179 179
zabor 7440 3344 29 0 8
fre 7580 3340 85 179 179
stand 7576 3352 405 0 179
stand 7624 3352 369 0 179
tree 7656 3336 86 0 179
tree 216 3368 34 0 179
fre 316 3380 196 179 179
tree 344 3368 34 0 179
fre 332 3388 129 179 179
tree 360 3368 34 0 179
fre 372 3388 129 179 179
tree 472 3384 18 0 179
fre 548 3380 2 179 179
tree 568 3368 87 0 179
tree 584 3368 87 0 179
tree 632 3384 87 0 179
tree 712 3384 34 0 179
fre 876 3388 196 179 179
fre 964 3380 196 179 179
tree 968 3384 87 0 179
tree 1080 3368 34 0 179
fre 1180 3380 196 179 179
tree 1208 3368 34 0 179
fre 1196 3388 129 179 179
tree 1224 3368 34 0 179
fre 1236 3388 129 179 179
tree 1336 3384 18 0 179
fre 1412 3380 2 179 179
tree 1432 3368 87 0 179
tree 1448 3368 87 0 179
tree 1496 3384 87 0 179
tree 1576 3384 34 0 179
fre 1740 3388 196 179 179
fre 1828 3380 196 179 179
tree 1832 3384 87 0 179
tree 2008 3368 34 0 179
fre 2108 3380 196 179 179
tree 2136 3368 34 0 179
fre 2124 3388 129 179 179
tree 2152 3368 34 0 179
fre 2164 3388 129 179 179
tree 2264 3384 18 0 179
fre 2340 3380 2 179 179
tree 2360 3368 87 0 179
tree 2376 3368 87 0 179
tree 2424 3384 87 0 179
tree 2504 3384 34 0 179
fre 2668 3388 196 179 179
fre 2756 3380 196 179 179
tree 2760 3384 87 0 179
zabor 2896 3376 29 0 8
tree 2936 3368 44 0 179
lay 2984 3384 44 0 179
fre 3076 3380 12 179 179
fre 3092 3380 73 179 179
dom 3136 3360 111 0 179
vor 3428 3380 65 179 179
fre 3468 3364 185 179 179
zabor 3632 3376 30 0 8
fre 3652 3380 63 179 179
fre 3684 3380 63 179 179
stand 3688 3384 404 0 179
zabor 3888 3376 31 0 8
zabor 3984 3376 31 0 8
fre 4092 3372 193 179 179
lay 4088 3368 49 0 179
fre 4116 3364 63 179 179
fre 4108 3372 63 179 179
fre 4228 3364 73 179 179
stand 4248 3384 1 0 179
tree 4440 3368 44 0 179
zabor 4464 3376 31 0 8
fre 4572 3364 74 179 179
fre 4564 3380 74 179 179
fre 4572 3380 74 179 179
zabor 4592 3376 29 0 8
fre 4580 3372 74 179 179
fre 4684 3372 62 179 179
fre 5108 3364 62 179 179
fre 5148 3380 62 179 179
fre 5252 3380 62 179 179
fre 5548 3388 62 179 179
fre 5692 3388 62 179 179
zabor 5744 3376 25 0 8
zabor 5840 3376 25 0 8
tree 6072 3384 43 0 179
fre 6092 3372 63 179 179
fre 6140 3380 63 179 179
fre 6172 3372 63 179 179
zabor 6352 3376 31 0 8
zabor 6448 3376 24 0 8
zabor 6480 3376 29 0 8
zabor 6512 3376 31 0 8
zabor 6544 3376 30 0 8
zabor 6576 3376 31 0 8
zabor 6608 3376 28 0 8
zabor 6640 3376 31 0 8
zabor 6672 3376 24 0 8
zabor 6736 3376 27 0 8
zabor 6768 3376 29 0 8
tree 6856 3368 44 0 179
tree 6872 3384 43 0 179
tree 6888 3368 43 0 179
fre 6932 3388 15 179 179
tree 7032 3384 44 0 179
tree 7080 3368 83 0 179
tree 7096 3368 43 0 179
zabor 7120 3376 27 0 8
zabor 7440 3376 31 0 8
fre 7564 3372 72 179 179
stand 7640 3384 373 0 179
tree 7704 3384 86 0 179
tree 7688 3384 86 0 179
fre 140 3420 272 179 179
fre 332 3396 129 179 179
fre 340 3404 128 179 179
fre 372 3412 128 179 179
fre 412 3420 129 179 179
tree 424 3400 35 0 179
fre 540 3396 269 179 179
fre 572 3420 2 179 179
fre 644 3404 269 179 179
tree 920 3416 79 0 179
fre 1004 3420 272 179 179
fre 1196 3396 129 179 179
fre 1204 3404 128 179 179
fre 1236 3412 128 179 179
fre 1276 3420 129 179 179
tree 1288 3400 35 0 179
fre 1404 3396 269 179 179
fre 1436 3420 2 179 179
fre 1508 3404 269 179 179
tree 1784 3416 79 0 179
fre 1932 3420 272 179 179
fre 2124 3396 129 179 179
fre 2132 3404 128 179 179
fre 2164 3412 128 179 179
fre 2204 3420 129 179 179
tree 2216 3400 35 0 179
fre 2332 3396 269 179 179
fre 2364 3420 2 179 179
fre 2436 3404 269 179 179
tree 2712 3416 79 0 179
zabor 2896 3408 25 0 8
tree 2920 3416 44 0 179
tree 3032 3416 33 0 179
fre 3052 3420 271 179 179
fre 3068 3404 73 179 179
fre 3092 3404 12 179 179
fre 3220 3404 76 179 179
fre 3204 3420 76 179 179
zabor 3248 3408 28 0 8
trop 3292 3404 139 179 179
zabor 3344 3408 29 0 8
zabor 3376 3408 24 0 8
zabor 3408 3408 31 0 8
zabor 3440 3408 31 0 8
zabor 3472 3408 24 0 8
zabor 3504 3408 31 0 8
zabor 3536 3408 30 0 8
zabor 3568 3408 28 0 8
zabor 3632 3408 30 0 8
fre 3676 3396 63 179 179
fre 3708 3404 63 179 179
fre 3700 3420 63 179 179
fre 3684 3396 63 179 179
stand 3688 3400 274 0 179
stand 3704 3416 403 0 179
vor 3732 3396 114 179 179
fre 3868 3412 128 179 179
fre 3868 3420 129 179 179
zabor 3888 3408 24 0 8
trop 3940 3412 139 179 179
zabor 3984 3408 31 0 8
tree 4008 3416 84 0 179
tree 4440 3416 85 0 179
zabor 4464 3408 25 0 8
trop 4524 3420 139 179 179
fre 4572 3420 63 179 179
fre 4564 3396 66 179 179
fre 4572 3412 74 179 179
zabor 4592 3408 29 0 8
fre 4588 3420 63 179 179
fre 4588 3404 74 179 179
fre 4724 3420 62 179 179
fre 4804 3396 62 179 179
fre 5012 3396 62 179 179
fre 5276 3396 62 179 179
fre 5460 3412 62 179 179
fre 5628 3412 62 179 179
fre 5724 3404 61 179 179
zabor 5744 3408 27 0 8
zabor 5840 3408 26 0 8
dom 5888 3392 126 0 179
dom 6240 3392 128 0 179
zabor 6352 3408 29 0 8
trop 6516 3412 140 179 179
trop 6684 3412 140 179 179
trop 6812 3396 139 179 179
zabor 6864 3408 26 0 8
tree 6856 3400 83 0 179
fre 6908 3412 271 179 179
fre 6940 3412 73 179 179
fre 6940 3404 73 179 179
tree 6936 3416 13 0 179
fre 6948 3404 14 179 179
fre 7076 3396 193 179 179
zabor 7120 3408 27 0 8
stand 7384 3416 406 0 179
zabor 7440 3408 31 0 8
fre 7604 3412 72 179 179
fre 7604 3396 72 179 179
tree 7640 3400 45 0 179
stand 7672 3400 405 0 179
tree 7688 3416 87 0 179
tree 7704 3416 86 0 179
fre 284 3436 272 179 179
tree 408 3432 87 0 179
tree 504 3432 87 0 179
tree 648 3432 33 0 179
stand 648 3432 280 0 179
stand 648 3448 280 0 179
tree 712 3448 34 0 179
fre 796 3428 269 179 179
tree 936 3448 87 0 179
fre 1148 3436 272 179 179
tree 1272 3432 87 0 179
tree 1368 3432 87 0 179
tree 1512 3432 33 0 179
stand 1512 3432 280 0 179
stand 1512 3448 280 0 179
tree 1576 3448 34 0 179
fre 1660 3428 269 179 179
tree 1800 3448 87 0 179
fre 2076 3436 272 179 179
tree 2200 3432 87 0 179
tree 2296 3432 87 0 179
tree 2440 3432 33 0 179
stand 2440 3432 280 0 179
stand 2440 3448 280 0 179
tree 2504 3448 34 0 179
fre 2588 3428 269 179 179
tree 2728 3448 87 0 179
zabor 2896 3440 29 0 8
tree 2920 3448 83 0 179
tree 2952 3432 35 0 179
fre 3164 3428 76 179 179
fre 3156 3452 76 179 179
fre 3148 3444 76 179 179
fre 3188 3436 76 179 179
fre 3172 3452 76 179 179
tree 3224 3448 83 0 179
vor 3212 3444 75 179 179
zabor 3248 3440 26 0 8
zabor 3344 3440 28 0 8
stand 3480 3432 361 0 179
tree 3512 3448 43 0 179
tree 3544 3432 43 0 179
tree 3528 3432 14 0 179
stand 3528 3448 159 0 179
zabor 3568 3440 25 0 8
zabor 3632 3440 26 0 8
stand 3864 3432 69 0 179
zabor 3888 3440 29 0 8
zabor 3984 3440 25 0 8
fre 4156 3444 63 179 179
fre 4180 3428 63 179 179
fre 4212 3452 63 179 179
zabor 4464 3440 30 0 8
fre 4572 3444 63 179 179
fre 4564 3436 66 179 179
fre 4572 3452 74 179 179
fre 4572 3428 74 179 179
stand 4584 3432 124 0 179
fre 4588 3444 63 179 179
fre 4580 3444 63 179 179
fre 4580 3452 66 179 179
fre 4652 3444 62 179 179
fre 4796 3444 62 179 179
fre 5028 3436 62 179 179
fre 5380 3452 62 179 179
fre 5468 3452 62 179 179
fre 5716 3444 61 179 179
zabor 5744 3440 29 0 8
zabor 5840 3440 30 0 8
fre 5964 3436 46 179 179
tree 5976 3448 28 0 179
dom 6048 3424 139 0 179
zabor 6352 3440 26 0 8
zabor 6864 3440 30 0 8
tree 6872 3448 44 0 179
fre 6964 3436 15 179 179
fre 6964 3444 14 179 179
dom 7040 3424 118 0 179
fre 7084 3444 193 179 179
fre 7084 3436 73 179 179
trop 7164 3444 139 179 179
tree 7384 3448 43 0 179
tree 7416 3432 43 0 179
zabor 7440 3440 25 0 8
stand 7432 3432 21 0 179
fre 7604 3444 72 179 179
fre 7604 3452 72 179 179
tree 7624 3448 18 0 179
tree 7672 3448 45 0 179
stand 312 3480 44 0 179
tree 360 3464 87 0 179
stand 440 3480 280 0 179
tree 472 3464 87 0 179
stand 472 3480 280 0 179
stand 488 3464 280 0 179
fre 532 3468 137 179 179
fre 532 3460 129 179 179
fre 532 3484 129 179 179
fre 540 3468 129 179 179
fre 572 3476 2 179 179
stand 680 3464 280 0 179
stand 712 3480 280 0 179
stand 744 3480 119 0 179
tree 792 3464 87 0 179
stand 856 3480 39 0 179
fre 884 3460 63 179 179
fre 892 3468 63 179 179
fre 908 3484 63 179 179
stand 936 3480 280 0 179
tree 1016 3464 79 0 179
stand 1016 3464 280 0 179
fre 996 3476 63 179 179
fre 1020 3484 63 179 179
stand 1032 3480 280 0 179
tree 1080 3464 87 0 179
stand 1176 3480 44 0 179
tree 1224 3464 87 0 179
stand 1304 3480 280 0 179
tree 1336 3464 87 0 179
stand 1336 3480 280 0 179
stand 1352 3464 280 0 179
fre 1396 3468 137 179 179
fre 1396 3460 129 179 179
fre 1396 3484 129 179 179
fre 1404 3468 129 179 179
fre 1436 3476 2 179 179
stand 1544 3464 280 0 179
stand 1576 3480 280 0 179
tree 1656 3464 87 0 179
stand 1720 3480 39 0 179
fre 1748 3460 63 179 179
fre 1756 3468 63 179 179
fre 1772 3484 63 179 179
stand 1800 3480 280 0 179
tree 1880 3464 79 0 179
stand 1880 3464 280 0 179
fre 1860 3476 63 179 179
fre 1884 3484 63 179 179
stand 1896 3480 280 0 179
tree 1944 3464 87 0 179
stand 2104 3480 44 0 179
tree 2152 3464 87 0 179
stand 2232 3480 280 0 179
tree 2264 3464 87 0 179
stand 2264 3480 280 0 179
stand 2280 3464 280 0 179
fre 2324 3468 137 179 179
fre 2324 3460 129 179 179
fre 2324 3484 129 179 179
fre 2332 3468 129 179 179
fre 2364 3476 2 179 179
stand 2472 3464 280 0 179
stand 2504 3480 280 0 179
stand 2536 3480 119 0 179
tree 2584 3464 87 0 179
stand 2648 3480 39 0 179
fre 2676 3460 63 179 179
fre 2684 3468 63 179 179
fre 2700 3484 63 179 179
stand 2728 3480 280 0 179
tree 2808 3464 79 0 179
stand 2808 3464 280 0 179
fre 2788 3476 63 179 179
fre 2812 3484 63 179 179
stand 2824 3480 280 0 179
tree 2872 3464 87 0 179
zabor 2896 3472 25 0 8
stand 2888 3480 280 0 179
tree 2920 3480 83 0 179
tree 2936 3480 43 0 179
tree 3000 3480 83 0 179
fre 3020 3460 76 179 179
tree 3064 3480 83 0 179
tree 3080 3464 43 0 179
fre 3100 3484 76 179 179
fre 3108 3460 76 179 179
tree 3160 3480 84 0 179
tree 3208 3480 83 0 179
zabor 3248 3472 25 0 8
tree 3240 3480 83 0 179
zabor 3344 3472 29 0 8
tree 3368 3480 30 0 179
zabor 3568 3472 28 0 8
zabor 3632 3472 29 0 8
fre 3796 3460 63 179 179
fre 3820 3476 193 179 179
fre 3812 3460 63 179 179
fre 3820 3460 63 179 179
tree 3864 3464 84 0 179
zabor 3888 3472 26 0 8
tree 3880 3480 84 0 179
zabor 3984 3472 30 0 8
tree 4216 3480 43 0 179
fre 4236 3468 63 179 179
fre 4284 3476 63 179 179
fre 4316 3468 63 179 179
zabor 4464 3472 25 0 8
fre 4572 3460 74 179 179
fre 4588 3476 63 179 179
fre 4580 3476 74 179 179
fre 4956 3460 62 179 179
fre 5116 3460 62 179 179
fre 5220 3484 62 179 179
fre 5284 3460 62 179 179
fre 5644 3468 62 179 179
fre 5724 3468 61 179 179
zabor 5744 3472 31 0 8
trop 5804 3460 139 179 179
zabor 5840 3472 25 0 8
fre 5868 3460 46 179 179
fre 5876 3460 73 179 179
tree 5864 3480 43 0 179
fre 5916 3476 73 179 179
fre 5924 3476 271 179 179
fre 5948 3468 46 179 179
fre 5940 3468 73 179 179
lay 5928 3480 24 0 179
tree 5992 3480 84 0 179
fre 6100 3468 193 179 179
tree 6264 3480 43 0 179
tree 6296 3464 84 0 179
tree 6280 3480 43 0 179
trop 6412 3468 139 179 179
zabor 6448 3472 26 0 8
zabor 6480 3472 29 0 8
zabor 6512 3472 24 0 8
zabor 6544 3472 27 0 8
zabor 6576 3472 31 0 8
zabor 6608 3472 24 0 8
zabor 6640 3472 31 0 8
zabor 6672 3472 30 0 8
zabor 6704 3472 29 0 8
zabor 6736 3472 25 0 8
zabor 6768 3472 28 0 8
zabor 6864 3472 26 0 8
lay 6920 3464 2 0 179
fre 6948 3484 271 179 179
tree 6968 3480 13 0 179
zabor 7120 3472 25 0 8
zabor 7216 3472 30 0 8
tree 7240 3480 83 0 179
tree 7240 3464 83 0 179
fre 7308 3484 46 179 179
dom 7328 3456 64 0 179
fre 7388 3476 193 179 179
fre 7372 3476 46 179 179
fre 7396 3468 271 179 179
tree 7400 3480 85 0 179
tree 7416 3464 43 0 179
zabor 7440 3472 28 0 8
fre 7652 3476 72 179 179
cliff 7760 3456 76 179 179
stand 2200 3496 280 0 179
stand 2312 3496 280 0 179
fre 2348 3492 129 179 179
fre 2340 3492 129 179 179
tree 2472 3496 87 0 179
fre 2580 3500 129 179 179
fre 2588 3492 128 179 179
fre 2604 3492 126 179 179
fre 2740 3492 269 179 179
fre 2772 3508 269 179 179
stand 2856 3496 118 0 179
fre 2876 3492 63 179 179
zabor 2896 3504 31 0 8
vor 2900 3516 33 179 179
zabor 2928 3504 27 0 8
zabor 2960 3504 26 0 8
zabor 2992 3504 31 0 8
zabor 3024 3504 29 0 8
zabor 3056 3504 31 0 8
zabor 3088 3504 31 0 8
zabor 3120 3504 24 0 8
fre 3132 3492 76 179 179
zabor 3152 3504 26 0 8
zabor 3184 3504 24 0 8
zabor 3216 3504 25 0 8
zabor 3248 3504 25 0 8
zabor 3344 3504 28 0 8
fre 3372 3516 76 179 179
dom 3456 3488 59 0 179
tree 3544 3496 43 0 179
zabor 3568 3504 27 0 8
zabor 3632 3504 26 0 8
dom 3680 3488 126 0 179
fre 3732 3516 63 179 179
zabor 3888 3504 30 0 8
zabor 3984 3504 25 0 8
dom 4032 3488 126 0 179
dom 4384 3488 128 0 179
zabor 4464 3504 24 0 8
fre 4564 3500 74 179 179
fre 4572 3508 74 179 179
fre 4588 3492 63 179 179
fre 4580 3492 63 179 179
fre 4580 3500 66 179 179
fre 4644 3500 61 179 179
fre 4748 3516 62 179 179
fre 4900 3492 62 179 179
fre 5028 3508 62 179 179
fre 5188 3516 62 179 179
fre 5388 3508 62 179 179
fre 5532 3492 62 179 179
fre 5700 3508 62 179 179
zabor 5744 3504 25 0 8
zabor 5840 3504 28 0 8
zabor 5872 3504 26 0 8
zabor 5904 3504 28 0 8
tree 5896 3496 84 0 179
zabor 5936 3504 25 0 8
zabor 5968 3504 29 0 8
tree 5976 3496 84 0 179
zabor 6000 3504 24 0 8
zabor 6032 3504 24 0 8
tree 6024 3496 84 0 179
zabor 6064 3504 25 0 8
zabor 6096 3504 30 0 8
zabor 6128 3504 25 0 8
zabor 6160 3504 30 0 8
zabor 6192 3504 24 0 8
zabor 6224 3504 29 0 8
tree 6216 3496 84 0 179
zabor 6256 3504 26 0 8
zabor 6288 3504 29 0 8
tree 6296 3496 84 0 179
zabor 6320 3504 28 0 8
zabor 6352 3504 25 0 8
zabor 6448 3504 27 0 8
stand 6712 3496 361 0 179
tree 6744 3512 43 0 179
zabor 6768 3504 27 0 8
tree 6776 3496 43 0 179
tree 6760 3496 14 0 179
stand 6760 3512 159 0 179
zabor 6864 3504 25 0 8
tree 6856 3496 83 0 179
fre 7092 3492 73 179 179
stand 7080 3496 126 0 179
zabor 7120 3504 24 0 8
zabor 7216 3504 27 0 8
tree 7256 3496 43 0 179
fre 7284 3492 271 179 179
fre 7356 3500 193 179 179
fre 7332 3508 271 179 179
tree 7368 3512 16 0 179
tree 7416 3496 43 0 179
zabor 7440 3504 28 0 8
fre 7644 3516 72 179 179
fre 7652 3508 72 179 179
fre 7676 3516 72 179 179
tree 7704 3496 86 0 179
cliff 7744 3504 77 179 179
trop 212 3548 140 179 179
trop 388 3548 140 179 179
trop 484 3548 140 179 179
trop 652 3548 140 179 179
trop 820 3548 140 179 179
trop 996 3548 140 179 179
trop 1156 3548 140 179 179
trop 1252 3548 140 179 179
trop 1420 3548 140 179 179
trop 1588 3548 140 179 179
trop 1764 3548 140 179 179
trop 1924 3548 140 179 179
trop 2020 3548 140 179 179
trop 2188 3548 140 179 179
trop 2356 3548 140 179 179
trop 2532 3548 140 179 179
trop 2708 3548 140 179 179
vor 2812 3524 19 179 179
vor 2844 3524 19 179 179
trop 2860 3548 140 179 179
vor 2876 3524 33 179 179
vor 2852 3540 33 179 179
stand 2888 3544 429 0 179
vor 2932 3548 16 179 179
vor 2916 3540 33 179 179
vor 2972 3540 19 179 179
trop 3020 3548 140 179 179
fre 3028 3524 182 179 179
trop 3196 3548 140 179 179
zabor 3344 3536 30 0 8
fre 3372 3532 76 179 179
fre 3396 3532 76 179 179
fre 3500 3548 76 179 179
stand 3544 3544 406 0 179
zabor 3568 3536 24 0 8
trop 3612 3532 139 179 179
zabor 3632 3536 29 0 8
dom 3808 3520 139 0 179
fre 3844 3532 193 179 179
zabor 3888 3536 26 0 8
zabor 3984 3536 28 0 8
fre 4108 3532 46 179 179
tree 4120 3544 28 0 179
dom 4192 3520 139 0 179
zabor 4464 3536 24 0 8
fre 4572 3540 66 179 179
fre 4564 3532 74 179 179
fre 4572 3548 74 179 179
fre 4852 3532 62 179 179
fre 5316 3524 62 179 179
fre 5588 3548 62 179 179
zabor 5744 3536 27 0 8
zabor 6448 3536 30 0 8
tree 6600 3544 30 0 179
zabor 6768 3536 24 0 8
zabor 6864 3536 31 0 8
zabor 6896 3536 25 0 8
zabor 6928 3536 30 0 8
zabor 6960 3536 25 0 8
zabor 6992 3536 29 0 8
zabor 7056 3536 28 0 8
zabor 7088 3536 26 0 8
zabor 7120 3536 27 0 8
zabor 7216 3536 25 0 8
zabor 7248 3536 28 0 8
zabor 7280 3536 31 0 8
zabor 7312 3536 24 0 8
zabor 7344 3536 27 0 8
zabor 7376 3536 31 0 8
zabor 7408 3536 27 0 8
zabor 7440 3536 30 0 8
fre 7604 3532 72 179 179
stand 7688 3528 13 0 179
trop 1828 3556 195 179 179
vor 2836 3572 33 179 179
vor 2828 3556 33 179 179
vor 2876 3564 16 179 179
vor 2876 3556 25 179 179
vor 2852 3564 33 179 179
vor 2924 3580 16 179 179
trop 3292 3572 139 179 179
vor 3284 3580 64 179 179
zabor 3344 3568 27 0 8
tree 3368 3576 32 0 179
tree 3368 3560 30 0 179
tree 3384 3576 30 0 179
fre 3372 3580 76 179 179
stand 3400 3560 9 0 179
fre 3452 3580 76 179 179
fre 3516 3556 63 179 179
fre 3500 3564 63 179 179
fre 3516 3580 63 179 179
fre 3524 3556 76 179 179
fre 3524 3572 76 179 179
fre 3532 3572 76 179 179
stand 3544 3576 406 0 179
stand 3528 3560 406 0 179
zabor 3568 3568 31 0 8
tree 3560 3560 32 0 179
zabor 3632 3568 30 0 8
tree 3672 3576 32 0 179
tree 3656 3560 84 0 179
tree 3656 3576 84 0 179
fre 3708 3564 271 179 179
stand 3736 3560 403 0 179
fre 3764 3580 63 179 179
fre 3764 3572 63 179 179
stand 3864 3576 27 0 179
zabor 3888 3568 29 0 8
trop 3948 3580 139 179 179
zabor 3984 3568 27 0 8
fre 4012 3556 46 179 179
fre 4020 3556 73 179 179
tree 4008 3576 43 0 179
fre 4060 3572 73 179 179
fre 4068 3572 271 179 179
fre 4092 3564 46 179 179
fre 4084 3564 73 179 179
lay 4072 3576 24 0 179
tree 4136 3576 84 0 179
fre 4244 3564 193 179 179
tree 4408 3576 43 0 179
tree 4440 3560 84 0 179
tree 4424 3576 43 0 179
zabor 4464 3568 26 0 8
fre 4572 3580 63 179 179
fre 4564 3580 66 179 179
fre 4580 3580 74 179 179
fre 4652 3580 62 179 179
fre 4708 3580 62 179 179
fre 5036 3556 62 179 179
fre 5188 3572 62 179 179
fre 5468 3556 62 179 179
fre 5692 3556 62 179 179
fre 5716 3580 61 179 179
zabor 5744 3568 31 0 8
trop 5932 3556 140 179 179
trop 6116 3556 140 179 179
trop 6292 3556 140 179 179
zabor 6448 3568 28 0 8
fre 6604 3580 76 179 179
dom 6688 3552 59 0 179
zabor 6768 3568 26 0 8
tree 6776 3560 43 0 179
trop 6812 3572 139 179 179
trop 7132 3556 194 179 179
fre 7580 3564 79 179 179
fre 7556 3556 79 179 179
fre 7604 3564 72 179 179
fre 7620 3556 72 179 179
fre 7636 3580 72 179 179
tree 7672 3576 86 0 179
tree 7672 3560 86 0 179
tree 7656 3576 45 0 179
cliff 7680 3568 79 179 179
cliff 7712 3552 80 179 179
zabor 112 3600 28 0 8
zabor 144 3600 26 0 8
zabor 176 3600 25 0 8
zabor 208 3600 24 0 8
zabor 240 3600 27 0 8
zabor 272 3600 27 0 8
zabor 304 3600 28 0 8
zabor 336 3600 24 0 8
zabor 368 3600 26 0 8
zabor 400 3600 24 0 8
zabor 432 3600 27 0 8
zabor 464 3600 26 0 8
zabor 496 3600 30 0 8
zabor 528 3600 30 0 8
zabor 560 3600 29 0 8
zabor 592 3600 24 0 8
zabor 624 3600 31 0 8
zabor 656 3600 29 0 8
zabor 688 3600 24 0 8
zabor 720 3600 28 0 8
zabor 752 3600 24 0 8
zabor 784 3600 29 0 8
zabor 816 3600 27 0 8
zabor 848 3600 25 0 8
zabor 880 3600 27 0 8
zabor 912 3600 28 0 8
zabor 944 3600 27 0 8
zabor 976 3600 31 0 8
zabor 1008 3600 28 0 8
zabor 1040 3600 30 0 8
zabor 1072 3600 28 0 8
zabor 1104 3600 27 0 8
zabor 1136 3600 25 0 8
zabor 1168 3600 28 0 8
zabor 1200 3600 26 0 8
zabor 1232 3600 31 0 8
zabor 1264 3600 25 0 8
zabor 1296 3600 25 0 8
zabor 1328 3600 31 0 8
zabor 1360 3600 30 0 8
zabor 1392 3600 29 0 8
zabor 1424 3600 24 0 8
zabor 1456 3600 30 0 8
zabor 1488 3600 27 0 8
zabor 1520 3600 28 0 8
zabor 1552 3600 26 0 8
zabor 1584 3600 25 0 8
zabor 1616 3600 26 0 8
zabor 1648 3600 26 0 8
zabor 1680 3600 31 0 8
zabor 1712 3600 24 0 8
zabor 1744 3600 31 0 8
zabor 1904 3600 27 0 8
zabor 1936 3600 29 0 8
zabor 1968 3600 27 0 8
zabor 2000 3600 28 0 8
zabor 2032 3600 31 0 8
zabor 2064 3600 29 0 8
zabor 2096 3600 25 0 8
zabor 2128 3600 28 0 8
zabor 2160 3600 26 0 8
zabor 2192 3600 25 0 8
stand 2200 3608 398 0 179
zabor 2224 3600 25 0 8
zabor 2256 3600 29 0 8
zabor 2288 3600 28 0 8
zabor 2320 3600 24 0 8
tree 2328 3608 68 0 179
zabor 2352 3600 30 0 8
zabor 2384 3600 29 0 8
zabor 2416 3600 24 0 8
zabor 2448 3600 27 0 8
zabor 2480 3600 26 0 8
zabor 2512 3600 31 0 8
zabor 2544 3600 30 0 8
zabor 2576 3600 25 0 8
zabor 2608 3600 25 0 8
zabor 2640 3600 27 0 8
tree 2632 3608 68 0 179
zabor 2672 3600 31 0 8
zabor 2704 3600 27 0 8
zabor 2736 3600 31 0 8
zabor 2768 3600 27 0 8
zabor 2800 3600 24 0 8
zabor 2832 3600 31 0 8
zabor 2864 3600 29 0 8
zabor 2896 3600 28 0 8
stand 2904 3592 146 0 179
vor 2892 3588 33 179 179
vor 2908 3588 33 179 179
zabor 2960 3600 26 0 8
zabor 2992 3600 29 0 8
tree 2984 3608 43 0 179
zabor 3024 3600 29 0 8
zabor 3056 3600 30 0 8
tree 3048 3608 83 0 179
zabor 3088 3600 26 0 8
zabor 3120 3600 30 0 8
zabor 3152 3600 24 0 8
tree 3160 3608 43 0 179
zabor 3184 3600 24 0 8
zabor 3216 3600 30 0 8
zabor 3248 3600 25 0 8
stand 3304 3592 455 0 179
vor 3324 3604 64 179 179
zabor 3344 3600 31 0 8
fre 3332 3588 185 179 179
zabor 3376 3600 27 0 8
tree 3368 3592 30 0 179
zabor 3408 3600 25 0 8
zabor 3504 3600 25 0 8
zabor 3536 3600 29 0 8
zabor 3568 3600 26 0 8
zabor 3632 3600 24 0 8
zabor 3664 3600 28 0 8
zabor 3696 3600 27 0 8
tree 3688 3592 84 0 179
zabor 3728 3600 27 0 8
tree 3736 3592 84 0 179
zabor 3760 3600 25 0 8
zabor 3792 3600 27 0 8
fre 3788 3604 63 179 179
zabor 3856 3600 29 0 8
tree 3880 3592 84 0 179
zabor 3888 3600 30 0 8
zabor 3984 3600 29 0 8
zabor 4016 3600 31 0 8
zabor 4048 3600 30 0 8
tree 4040 3592 84 0 179
zabor 4080 3600 25 0 8
zabor 4112 3600 27 0 8
tree 4120 3592 84 0 179
zabor 4144 3600 29 0 8
zabor 4176 3600 28 0 8
tree 4168 3592 84 0 179
zabor 4208 3600 24 0 8
zabor 4304 3600 30 0 8
zabor 4336 3600 29 0 8
zabor 4368 3600 26 0 8
tree 4360 3592 84 0 179
zabor 4400 3600 29 0 8
zabor 4432 3600 31 0 8
tree 4440 3592 84 0 179
zabor 4464 3600 31 0 8
trop 4524 3588 139 179 179
fre 4572 3588 63 179 179
fre 4564 3588 66 179 179
fre 4564 3604 66 179 179
zabor 4592 3600 30 0 8
stand 4584 3592 124 0 179
fre 4580 3596 63 179 179
fre 4580 3612 74 179 179
fre 4924 3604 62 179 179
fre 5140 3612 62 179 179
fre 5276 3596 62 179 179
fre 5412 3604 62 179 179
fre 5660 3612 62 179 179
fre 5716 3612 61 179 179
zabor 5744 3600 24 0 8
zabor 5840 3600 26 0 8
zabor 5872 3600 25 0 8
zabor 5904 3600 24 0 8
zabor 5936 3600 27 0 8
zabor 5968 3600 27 0 8
zabor 6000 3600 26 0 8
zabor 6032 3600 24 0 8
zabor 6064 3600 25 0 8
zabor 6096 3600 29 0 8
zabor 6128 3600 26 0 8
zabor 6160 3600 27 0 8
zabor 6192 3600 31 0 8
zabor 6224 3600 31 0 8
zabor 6256 3600 27 0 8
zabor 6288 3600 28 0 8
zabor 6320 3600 24 0 8
zabor 6352 3600 28 0 8
zabor 6384 3600 31 0 8
zabor 6448 3600 25 0 8
fre 6604 3596 76 179 179
fre 6628 3596 76 179 179
fre 6732 3612 76 179 179
zabor 6768 3600 24 0 8
stand 6776 3608 406 0 179
trop 6844 3588 173 179 179
trop 6980 3588 140 179 179
stand 7240 3592 318 0 179
stand 7336 3608 316 0 179
stand 7368 3592 316 0 179
tree 7368 3608 45 0 179
stand 7400 3592 318 0 179
fre 7564 3604 79 179 179
fre 7588 3588 82 179 179
zabor 1744 3632 26 0 8
zabor 1904 3632 29 0 8
tree 1992 3624 69 0 179
tree 2024 3624 68 0 179
tree 2056 3624 69 0 179
stand 2104 3640 398 0 179
stand 2088 3624 322 0 179
stand 2136 3624 322 0 179
stand 2152 3640 322 0 179
tree 2184 3624 68 0 179
stand 2264 3640 398 0 179
stand 2248 3640 322 0 179
stand 2280 3624 322 0 179
stand 2344 3640 322 0 179
tree 2360 3624 68 0 179
stand 2392 3640 322 0 179
stand 2424 3624 398 0 179
stand 2456 3640 321 0 179
tree 2472 3624 68 0 179
stand 2504 3640 322 0 179
stand 2536 3640 322 0 179
tree 2552 3624 68 0 179
stand 2584 3624 321 0 179
stand 2648 3640 322 0 179
tree 2696 3640 69 0 179
stand 2728 3640 321 0 179
tree 2728 3624 68 0 179
stand 2808 3624 322 0 179
tree 2792 3624 68 0 179
stand 2824 3640 398 0 179
tree 2872 3624 69 0 179
zabor 2896 3632 27 0 8
stand 2888 3624 42 0 179
trop 2916 3636 80 179 179
zabor 2960 3632 27 0 8
tree 2984 3640 43 0 179
lay 3032 3624 17 0 179
tree 3112 3624 83 0 179
tree 3208 3624 44 0 179
zabor 3248 3632 30 0 8
vor 3276 3620 64 179 179
vor 3356 3628 66 179 179
trop 3380 3636 140 179 179
trop 3540 3636 140 179 179
trop 3708 3636 140 179 179
trop 3884 3644 140 179 179
trop 3988 3644 140 179 179
trop 4132 3644 140 179 179
trop 4268 3644 140 179 179
trop 4436 3644 140 179 179
fre 4572 3620 66 179 179
fre 4564 3644 74 179 179
fre 4572 3628 74 179 179
zabor 4592 3632 29 0 8
fre 4580 3636 74 179 179
fre 4644 3628 61 179 179
fre 4716 3620 62 179 179
fre 4812 3636 62 179 179
fre 4988 3620 62 179 179
fre 5356 3628 62 179 179
fre 5716 3628 61 179 179
zabor 5744 3632 31 0 8
trop 5804 3644 139 179 179
zabor 5840 3632 30 0 8
zabor 5872 3632 26 0 8
zabor 6384 3632 26 0 8
trop 6420 3636 139 179 179
zabor 6448 3632 24 0 8
tree 6600 3640 32 0 179
tree 6600 3624 30 0 179
tree 6616 3640 30 0 179
fre 6604 3644 76 179 179
stand 6632 3624 9 0 179
fre 6684 3644 76 179 179
fre 6748 3620 63 179 179
fre 6732 3628 63 179 179
fre 6748 3644 63 179 179
zabor 6768 3632 26 0 8
fre 6756 3620 76 179 179
fre 6756 3636 76 179 179
fre 6764 3636 76 179 179
stand 6776 3640 406 0 179
stand 6760 3624 406 0 179
tree 6792 3624 32 0 179
zabor 6832 3632 30 0 8
zabor 6864 3632 28 0 8
zabor 6896 3632 29 0 8
zabor 6928 3632 24 0 8
zabor 6960 3632 24 0 8
zabor 6992 3632 31 0 8
zabor 7024 3632 24 0 8
zabor 7056 3632 25 0 8
zabor 7088 3632 24 0 8
zabor 7120 3632 26 0 8
trop 7164 3636 139 179 179
fre 7268 3644 58 179 179
fre 7332 3620 58 179 179
stand 7384 3640 316 0 179
fre 7428 3644 58 179 179
tree 7560 3624 86 0 179
fre 7612 3644 84 179 179
tree 7640 3640 45 0 179
tree 7672 3624 86 0 179
cliff 7680 3616 79 179 179
zabor 1744 3664 31 0 8
trop 1828 3668 139 179 179
zabor 1904 3664 31 0 8
stand 1992 3656 322 0 179
stand 2040 3656 322 0 179
tree 2072 3672 68 0 179
tree 2104 3672 68 0 179
fre 2092 3668 63 179 179
stand 2152 3672 321 0 179
stand 2200 3656 322 0 179
stand 2232 3656 321 0 179
tree 2248 3672 68 0 179
tree 2296 3672 69 0 179
stand 2312 3656 322 0 179
tree 2376 3656 69 0 179
tree 2424 3656 68 0 179
stand 2456 3656 398 0 179
tree 2584 3656 69 0 179
stand 2616 3656 322 0 179
stand 2648 3672 321 0 179
stand 2712 3672 398 0 179
fre 2732 3652 14 179 179
stand 2760 3672 322 0 179
stand 2808 3656 321 0 179
stand 2840 3656 321 0 179
fre 2836 3652 14 179 179
zabor 2896 3664 25 0 8
zabor 2960 3664 24 0 8
tree 3064 3672 25 0 179
fre 3076 3676 271 179 179
fre 3092 3668 73 179 179
fre 3164 3652 193 179 179
fre 3180 3652 193 179 179
fre 3188 3660 73 179 179
fre 3204 3676 271 179 179
fre 3220 3676 63 179 179
fre 3228 3676 63 179 179
zabor 3248 3664 30 0 8
zabor 3344 3664 31 0 8
zabor 3376 3664 31 0 8
tree 3368 3672 83 0 179
zabor 3408 3664 27 0 8
tree 3416 3672 83 0 179
zabor 3440 3664 24 0 8
zabor 3472 3664 28 0 8
zabor 3504 3664 28 0 8
zabor 3536 3664 25 0 8
tree 3544 3672 83 0 179
zabor 3568 3664 26 0 8
zabor 3664 3664 30 0 8
zabor 3696 3664 29 0 8
zabor 3728 3664 30 0 8
zabor 3760 3664 30 0 8
zabor 3792 3664 30 0 8
zabor 3824 3664 28 0 8
zabor 3856 3664 31 0 8
stand 3848 3672 398 0 179
zabor 3888 3664 29 0 8
zabor 3920 3664 30 0 8
zabor 3952 3664 24 0 8
zabor 3984 3664 31 0 8
zabor 4016 3664 25 0 8
zabor 4048 3664 28 0 8
zabor 4080 3664 24 0 8
zabor 4112 3664 24 0 8
zabor 4144 3664 31 0 8
fre 4572 3660 66 179 179
fre 4572 3668 66 179 179
zabor 4592 3664 29 0 8
fre 4876 3660 62 179 179
fre 5036 3668 62 179 179
fre 5108 3660 62 179 179
fre 5220 3660 62 179 179
fre 5476 3668 62 179 179
fre 5596 3660 62 179 179
fre 5716 3660 61 179 179
zabor 5744 3664 27 0 8
zabor 5840 3664 27 0 8
tree 5928 3656 43 0 179
tree 5944 3656 43 0 179
tree 5976 3656 85 0 179
tree 6088 3656 84 0 179
tree 6136 3672 35 0 179
tree 6120 3656 43 0 179
tree 6184 3672 85 0 179
tree 6216 3656 84 0 179
tree 6280 3672 35 0 179
tree 6328 3672 44 0 179
zabor 6384 3664 30 0 8
zabor 6448 3664 28 0 8
zabor 6480 3664 25 0 8
zabor 6512 3664 29 0 8
zabor 6544 3664 27 0 8
zabor 6576 3664 24 0 8
zabor 6608 3664 30 0 8
zabor 6640 3664 28 0 8
zabor 6672 3664 26 0 8
zabor 6704 3664 30 0 8
zabor 6736 3664 27 0 8
trop 6780 3676 194 179 179
zabor 6832 3664 27 0 8
tree 6904 3656 32 0 179
lay 6936 3672 8 0 179
tree 6936 3656 43 0 179
tree 6984 3656 84 0 179
tree 7032 3672 84 0 179
tree 7048 3656 84 0 179
tree 7096 3656 43 0 179
stand 7096 3656 59 0 179
zabor 7120 3664 30 0 8
stand 7288 3672 316 0 179
stand 7320 3656 316 0 179
stand 7448 3672 316 0 179
tree 7560 3656 86 0 179
stand 7608 3672 405 0 179
fre 7588 3676 72 179 179
cliff 7680 3664 79 179 179
fre 204 3708 62 179 179
fre 260 3708 62 179 179
fre 588 3684 62 179 179
fre 740 3700 62 179 179
fre 1004 3708 62 179 179
fre 1060 3708 62 179 179
fre 1388 3684 62 179 179
fre 1540 3700 62 179 179
fre 1700 3684 62 179 179
zabor 1744 3696 28 0 8
zabor 1904 3696 31 0 8
tree 1944 3704 69 0 179
tree 1944 3688 69 0 179
stand 1976 3704 321 0 179
stand 2008 3688 398 0 179
stand 2024 3704 322 0 179
fre 2044 3692 14 179 179
stand 2104 3688 404 0 179
stand 2168 3688 321 0 179
tree 2152 3688 68 0 179
stand 2200 3688 321 0 179
tree 2184 3704 68 0 179
fre 2236 3700 63 179 179
tree 2280 3688 69 0 179
stand 2344 3688 322 0 179
fre 2380 3700 14 179 179
stand 2424 3688 398 0 179
stand 2424 3704 321 0 179
stand 2408 3688 321 0 179
stand 2456 3704 322 0 179
stand 2488 3688 322 0 179
tree 2504 3688 68 0 179
stand 2552 3688 322 0 179
tree 2536 3704 68 0 179
tree 2568 3704 69 0 179
tree 2616 3704 69 0 179
tree 2696 3688 69 0 179
stand 2760 3688 322 0 179
fre 2788 3692 14 179 179
tree 2792 3704 69 0 179
tree 2808 3704 69 0 179
tree 2872 3704 69 0 179
zabor 2896 3696 26 0 8
zabor 2960 3696 26 0 8
tree 2984 3688 44 0 179
tree 3016 3688 44 0 179
fre 3068 3684 13 179 179
fre 3060 3708 13 179 179
fre 3060 3700 13 179 179
fre 3212 3684 73 179 179
zabor 3344 3696 30 0 8
tree 3384 3688 83 0 179
fre 3444 3708 271 179 179
tree 3480 3688 83 0 179
tree 3528 3688 43 0 179
zabor 3568 3696 29 0 8
trop 3612 3708 139 179 179
tree 3720 3688 43 0 179
tree 3736 3688 43 0 179
tree 3768 3688 85 0 179
tree 3880 3688 84 0 179
tree 3928 3704 35 0 179
tree 3912 3688 43 0 179
tree 3976 3704 85 0 179
tree 4008 3688 84 0 179
tree 4072 3704 35 0 179
tree 4120 3704 44 0 179
zabor 4144 3696 25 0 8
trop 4188 3700 139 179 179
zabor 4240 3696 31 0 8
zabor 4272 3696 27 0 8
zabor 4304 3696 29 0 8
zabor 4336 3696 24 0 8
zabor 4368 3696 26 0 8
zabor 4400 3696 27 0 8
tree 4408 3704 84 0 179
zabor 4432 3696 25 0 8
zabor 4464 3696 27 0 8
stand 4456 3704 13 0 179
fre 4572 3708 63 179 179
fre 4564 3700 66 179 179
fre 4564 3708 74 179 179
fre 4572 3684 74 179 179
zabor 4592 3696 29 0 8
fre 4636 3692 61 179 179
fre 4644 3684 61 179 179
fre 4676 3684 62 179 179
fre 4772 3708 62 179 179
fre 4956 3700 62 179 179
fre 5172 3708 62 179 179
fre 5532 3700 62 179 179
zabor 5744 3696 30 0 8
zabor 5840 3696 28 0 8
fre 6004 3692 46 179 179
fre 6012 3708 76 179 179
fre 6004 3700 76 179 179
dom 6048 3680 138 0 179
tree 6152 3704 14 0 179
fre 6332 3700 73 179 179
zabor 6384 3696 29 0 8
zabor 6832 3696 27 0 8
tree 6888 3688 84 0 179
fre 6924 3692 271 179 179
dom 6912 3680 31 0 179
tree 6952 3688 35 0 179
zabor 7120 3696 28 0 8
stand 7240 3688 316 0 179
tree 7272 3704 45 0 179
stand 7368 3688 318 0 179
stand 7400 3688 316 0 179
tree 7432 3704 45 0 179
stand 7576 3704 405 0 179
tree 7608 3688 17 0 179
fre 7588 3700 77 179 179
fre 7612 3708 72 179 179
fre 7612 3692 72 179 179
tree 7640 3704 86 0 179
fre 7676 3700 79 179 179
fre 476 3732 62 179 179
fre 692 3740 62 179 179
fre 828 3724 62 179 179
fre 1276 3732 62 179 179
fre 1492 3740 62 179 179
fre 1628 3724 62 179 179
zabor 1744 3728 28 0 8
zabor 1904 3728 24 0 8
fre 2004 3740 15 179 179
stand 2040 3720 321 0 179
stand 2072 3720 322 0 179
stand 2088 3736 321 0 179
stand 2120 3720 322 0 179
tree 2136 3736 68 0 179
stand 2184 3736 398 0 179
tree 2184 3736 69 0 179
tree 2232 3720 69 0 179
stand 2280 3736 322 0 179
fre 2292 3740 14 179 179
stand 2360 3736 398 0 179
tree 2360 3720 69 0 179
stand 2456 3720 321 0 179
tree 2472 3720 69 0 179
stand 2552 3736 398 0 179
tree 2568 3720 69 0 179
tree 2600 3736 68 0 179
stand 2664 3736 321 0 179
stand 2680 3736 322 0 179
stand 2728 3720 322 0 179
tree 2776 3736 69 0 179
tree 2840 3720 69 0 179
zabor 2896 3728 29 0 8
zabor 2960 3728 26 0 8
tree 3000 3720 32 0 179
tree 2984 3736 83 0 179
lay 3016 3720 3 0 179
vor 3028 3732 19 179 179
fre 3044 3732 73 179 179
dom 3136 3712 121 0 179
trop 3292 3724 139 179 179
zabor 3344 3728 24 0 8
dom 3360 3712 141 0 179
fre 3436 3740 46 179 179
zabor 3568 3728 30 0 8
zabor 3664 3728 29 0 8
fre 3796 3724 46 179 179
fre 3804 3740 76 179 179
fre 3796 3732 76 179 179
dom 3840 3712 138 0 179
tree 3944 3736 14 0 179
fre 4124 3732 73 179 179
zabor 4144 3728 28 0 8
zabor 4240 3728 26 0 8
dom 4288 3712 124 0 179
tree 4344 3720 84 0 179
tree 4360 3720 84 0 179
tree 4440 3720 84 0 179
zabor 4464 3728 30 0 8
fre 4572 3732 63 179 179
fre 4564 3732 74 179 179
fre 4564 3716 74 179 179
zabor 4592 3728 30 0 8
fre 4580 3716 66 179 179
fre 4580 3740 66 179 179
fre 4636 3740 61 179 179
fre 4668 3732 62 179 179
fre 4852 3740 62 179 179
fre 5420 3724 62 179 179
fre 5636 3724 62 179 179
fre 5724 3740 61 179 179
fre 5708 3716 62 179 179
zabor 5744 3728 27 0 8
zabor 5840 3728 28 0 8
dom 5920 3712 123 0 179
fre 6004 3740 46 179 179
fre 5996 3716 46 179 179
fre 6012 3732 76 179 179
fre 6140 3732 76 179 179
fre 6156 3732 76 179 179
fre 6156 3716 76 179 179
stand 6184 3720 10 0 179
dom 6272 3712 127 0 179
fre 6332 3716 73 179 179
fre 6324 3724 73 179 179
fre 6316 3740 73 179 179
zabor 6384 3728 31 0 8
trop 6532 3716 140 179 179
trop 6636 3716 140 179 179
zabor 6832 3728 30 0 8
fre 6940 3716 128 179 179
fre 6948 3716 193 179 179
fre 6980 3732 63 179 179
fre 6996 3732 63 179 179
dom 7040 3712 121 0 179
zabor 7120 3728 26 0 8
stand 7240 3736 318 0 179
tree 7240 3736 45 0 179
fre 7292 3732 58 179 179
stand 7288 3736 316 0 179
stand 7400 3736 318 0 179
tree 7400 3736 45 0 179
fre 7452 3732 58 179 179
stand 7448 3736 316 0 179
tree 7576 3736 45 0 179
fre 7628 3740 72 179 179
fre 196 3756 61 179 179
fre 268 3748 62 179 179
fre 364 3764 62 179 179
fre 540 3748 62 179 179
fre 908 3756 62 179 179
fre 996 3756 61 179 179
fre 1068 3748 62 179 179
fre 1164 3764 62 179 179
fre 1340 3748 62 179 179
fre 1708 3756 62 179 179
zabor 1744 3760 26 0 8
trop 1836 3764 139 179 179
zabor 1904 3760 26 0 8
stand 1944 3752 322 0 179
tree 1976 3768 69 0 179
stand 2040 3768 404 0 179
stand 2024 3768 322 0 179
tree 2040 3752 68 0 179
tree 2056 3752 68 0 179
stand 2120 3768 322 0 179
tree 2184 3768 68 0 179
stand 2216 3768 322 0 179
tree 2232 3752 68 0 179
stand 2328 3768 322 0 179
stand 2360 3768 404 0 179
stand 2392 3768 322 0 179
tree 2376 3768 69 0 179
fre 2388 3748 63 179 179
stand 2408 3752 322 0 179
tree 2440 3768 69 0 179
fre 2452 3756 63 179 179
fre 2524 3756 14 179 179
tree 2520 3768 69 0 179
tree 2504 3768 69 0 179
stand 2536 3768 398 0 179
stand 2568 3768 322 0 179
stand 2616 3752 321 0 179
stand 2632 3768 322 0 179
stand 2728 3768 321 0 179
fre 2836 3764 15 179 179
tree 2824 3768 69 0 179
tree 2840 3768 69 0 179
stand 2872 3768 322 0 179
zabor 2896 3760 25 0 8
trop 2916 3772 80 179 179
zabor 2960 3760 29 0 8
tree 3000 3768 44 0 179
fre 3028 3748 73 179 179
tree 3080 3768 83 0 179
tree 3224 3768 83 0 179
zabor 3248 3760 28 0 8
zabor 3344 3760 27 0 8
fre 3396 3748 46 179 179
fre 3428 3764 73 179 179
tree 3448 3752 16 0 179
stand 3480 3768 406 0 179
dom 3520 3744 66 0 179
zabor 3568 3760 26 0 8
zabor 3664 3760 27 0 8
fre 3796 3772 46 179 179
fre 3788 3748 46 179 179
fre 3804 3764 76 179 179
fre 3932 3764 76 179 179
fre 3948 3764 76 179 179
fre 3948 3748 76 179 179
stand 3976 3752 10 0 179
dom 4064 3744 127 0 179
fre 4124 3748 73 179 179
fre 4116 3756 73 179 179
fre 4108 3772 73 179 179
fre 4132 3772 73 179 179
zabor 4144 3760 29 0 8
zabor 4240 3760 27 0 8
fre 4228 3756 76 179 179
fre 4348 3764 271 179 179
fre 4340 3772 76 179 179
dom 4416 3744 125 0 179
zabor 4464 3760 28 0 8
fre 4476 3772 63 179 179
fre 4468 3772 63 179 179
trop 4524 3764 139 179 179
fre 4572 3748 74 179 179
zabor 4592 3760 31 0 8
fre 4580 3764 63 179 179
fre 4588 3764 66 179 179
fre 4588 3772 74 179 179
fre 4580 3756 74 179 179
fre 4892 3764 62 179 179
fre 5028 3764 62 179 179
fre 5108 3748 62 179 179
fre 5228 3756 62 179 179
fre 5300 3764 62 179 179
zabor 5744 3760 25 0 8
zabor 5840 3760 26 0 8
tree 5896 3768 84 0 179
fre 6012 3772 63 179 179
fre 6028 3748 76 179 179
stand 6024 3752 404 0 179
fre 6052 3756 79 179 179
stand 6072 3752 403 0 179
fre 6100 3756 76 179 179
stand 6088 3752 406 0 179
stand 6104 3752 403 0 179
fre 6124 3748 76 179 179
fre 6156 3748 76 179 179
fre 6212 3748 73 179 179
fre 6220 3748 80 179 179
fre 6260 3748 73 179 179
fre 6260 3756 73 179 179
fre 6244 3748 73 179 179
fre 6316 3756 73 179 179
fre 6316 3748 80 179 179
fre 6324 3748 76 179 179
fre 6332 3748 76 179 179
fre 6324 3764 76 179 179
zabor 6384 3760 29 0 8
zabor 6832 3760 27 0 8
fre 6884 3764 63 179 179
fre 6916 3764 63 179 179
stand 6920 3768 404 0 179
zabor 7120 3760 27 0 8
fre 7308 3748 58 179 179
stand 7368 3752 318 0 179
tree 7576 3768 86 0 179
cliff 7696 3744 78 179 179
fre 428 3788 62 179 179
fre 588 3796 62 179 179
fre 660 3788 62 179 179
fre 772 3788 62 179 179
fre 1228 3788 62 179 179
fre 1388 3796 62 179 179
fre 1460 3788 62 179 179
fre 1572 3788 62 179 179
zabor 1744 3792 31 0 8
zabor 1904 3792 24 0 8
tree 1944 3800 69 0 179
stand 1960 3800 322 0 179
stand 2040 3784 321 0 179
tree 2040 3784 69 0 179
stand 2040 3800 124 0 179
stand 2104 3800 398 0 179
tree 2088 3800 69 0 179
stand 2152 3800 322 0 179
stand 2184 3800 321 0 179
tree 2232 3800 68 0 179
tree 2280 3784 69 0 179
stand 2328 3800 322 0 179
fre 2324 3780 14 179 179
stand 2408 3800 321 0 179
stand 2424 3784 124 0 179
stand 2488 3800 404 0 179
tree 2488 3784 69 0 179
stand 2552 3784 398 0 179
stand 2536 3800 322 0 179
fre 2532 3788 14 179 179
stand 2568 3800 322 0 179
stand 2616 3800 398 0 179
fre 2700 3796 15 179 179
fre 2716 3788 15 179 179
tree 2712 3784 68 0 179
tree 2712 3800 68 0 179
stand 2744 3784 322 0 179
stand 2792 3800 398 0 179
stand 2808 3800 322 0 179
stand 2840 3800 398 0 179
zabor 2896 3792 25 0 8
zabor 2960 3792 27 0 8
zabor 2992 3792 29 0 8
zabor 3024 3792 27 0 8
zabor 3056 3792 25 0 8
zabor 3088 3792 26 0 8
tree 3080 3800 83 0 179
zabor 3120 3792 28 0 8
tree 3112 3784 83 0 179
zabor 3152 3792 30 0 8
zabor 3184 3792 26 0 8
zabor 3216 3792 30 0 8
zabor 3248 3792 31 0 8
zabor 3344 3792 29 0 8
fre 3380 3780 63 179 179
fre 3364 3780 63 179 179
fre 3436 3780 63 179 179
fre 3476 3788 63 179 179
fre 3500 3796 63 179 179
fre 3516 3804 63 179 179
zabor 3664 3792 30 0 8
tree 3688 3800 84 0 179
dom 3744 3776 142 0 179
fre 3804 3804 63 179 179
fre 3820 3780 76 179 179
stand 3816 3784 404 0 179
fre 3844 3788 79 179 179
stand 3864 3784 403 0 179
fre 3892 3788 76 179 179
stand 3880 3784 406 0 179
stand 3896 3784 403 0 179
fre 3916 3780 76 179 179
fre 3948 3780 76 179 179
fre 4004 3780 73 179 179
fre 4012 3780 80 179 179
fre 4052 3780 73 179 179
fre 4052 3788 73 179 179
fre 4036 3780 73 179 179
fre 4108 3788 73 179 179
fre 4108 3780 80 179 179
fre 4116 3780 76 179 179
fre 4124 3780 76 179 179
fre 4116 3796 76 179 179
fre 4284 3796 63 179 179
fre 4276 3796 63 179 179
fre 4268 3788 76 179 179
fre 4300 3804 63 179 179
fre 4308 3788 76 179 179
fre 4300 3796 76 179 179
fre 4292 3788 76 179 179
fre 4324 3796 76 179 179
fre 4428 3788 76 179 179
fre 4476 3804 63 179 179
fre 4452 3796 63 179 179
fre 4452 3788 75 179 179
fre 4452 3804 76 179 179
fre 4572 3804 63 179 179
fre 4572 3780 66 179 179
zabor 4592 3792 31 0 8
fre 4580 3788 66 179 179
fre 4644 3796 61 179 179
fre 4748 3788 62 179 179
fre 5100 3804 62 179 179
fre 5348 3804 62 179 179
fre 5500 3780 62 179 179
fre 5556 3804 62 179 179
fre 5588 3780 62 179 179
fre 5676 3796 62 179 179
fre 5724 3804 61 179 179
zabor 5744 3792 28 0 8
zabor 5840 3792 30 0 8
fre 5972 3788 73 179 179
fre 5980 3780 71 179 179
fre 5972 3780 71 179 179
zabor 6384 3792 26 0 8
stand 6504 3784 318 0 179
stand 6600 3800 316 0 179
stand 6632 3784 316 0 179
tree 6632 3800 45 0 179
stand 6664 3784 318 0 179
zabor 6832 3792 27 0 8
fre 6908 3780 63 179 179
fre 6940 3788 63 179 179
fre 6932 3804 63 179 179
fre 6916 3780 63 179 179
stand 6920 3784 274 0 179
stand 6936 3800 403 0 179
vor 6964 3780 114 179 179
fre 7100 3796 128 179 179
fre 7100 3804 129 179 179
zabor 7120 3792 31 0 8
stand 7240 3784 318 0 179
stand 7320 3800 316 0 179
tree 7320 3784 45 0 179
stand 7336 3800 316 0 179
stand 7368 3784 316 0 179
tree 7368 3800 45 0 179
stand 7400 3784 318 0 179
tree 7560 3800 86 0 179
cliff 7648 3792 78 179 179
fre 188 3820 61 179 179
fre 196 3812 61 179 179
fre 228 3812 62 179 179
fre 324 3836 62 179 179
fre 508 3828 62 179 179
fre 724 3836 62 179 179
fre 844 3820 62 179 179
fre 916 3820 62 179 179
fre 988 3820 61 179 179
fre 996 3812 61 179 179
fre 1028 3812 62 179 179
fre 1124 3836 62 179 179
fre 1308 3828 62 179 179
fre 1524 3836 62 179 179
fre 1652 3828 62 179 179
fre 1692 3828 62 179 179
zabor 1744 3824 29 0 8
zabor 1904 3824 30 0 8
tree 1944 3832 69 0 179
stand 1960 3832 398 0 179
stand 2008 3816 321 0 179
stand 2024 3832 322 0 179
stand 2152 3832 398 0 179
stand 2152 3816 322 0 179
tree 2216 3816 68 0 179
stand 2264 3816 322 0 179
tree 2248 3816 69 0 179
stand 2296 3816 404 0 179
stand 2344 3816 321 0 179
tree 2376 3832 69 0 179
stand 2424 3832 398 0 179
stand 2440 3832 321 0 179
stand 2456 3832 322 0 179
stand 2552 3816 404 0 179
stand 2584 3816 404 0 179
tree 2616 3832 69 0 179
stand 2680 3816 322 0 179
fre 2676 3828 14 179 179
tree 2744 3832 68 0 179
tree 2760 3832 69 0 179
stand 2840 3816 321 0 179
stand 2872 3816 322 0 179
zabor 2896 3824 27 0 8
zabor 2960 3824 29 0 8
tree 2984 3816 44 0 179
tree 3000 3832 43 0 179
tree 3016 3816 43 0 179
fre 3060 3836 15 179 179
tree 3160 3832 44 0 179
tree 3208 3816 83 0 179
tree 3224 3816 43 0 179
zabor 3248 3824 31 0 8
zabor 3664 3824 25 0 8
fre 3764 3820 73 179 179
fre 3772 3812 71 179 179
fre 3764 3812 71 179 179
fre 4564 3820 66 179 179
fre 4572 3828 66 179 179
zabor 4592 3824 29 0 8
fre 4644 3820 61 179 179
fre 4828 3828 62 179 179
fre 5292 3820 62 179 179
fre 5428 3828 62 179 179
fre 5708 3836 61 179 179
zabor 5744 3824 30 0 8
trop 5804 3820 139 179 179
zabor 5840 3824 24 0 8
fre 6308 3836 76 179 179
fre 6324 3836 76 179 179
zabor 6384 3824 28 0 8
trop 6428 3812 139 179 179
fre 6532 3836 58 179 179
fre 6596 3812 58 179 179
stand 6648 3832 316 0 179
fre 6692 3836 58 179 179
trop 6804 3812 139 179 179
zabor 6832 3824 29 0 8
stand 7096 3816 69 0 179
zabor 7120 3824 27 0 8
trop 7164 3820 139 179 179
fre 7268 3836 58 179 179
fre 7332 3812 58 179 179
stand 7384 3832 316 0 179
fre 7428 3836 58 179 179
tree 7592 3832 86 0 179
fre 188 3868 61 179 179
fre 220 3860 62 179 179
fre 404 3868 62 179 179
fre 988 3868 61 179 179
fre 1020 3860 62 179 179
fre 1204 3868 62 179 179
zabor 1744 3856 26 0 8
zabor 1904 3856 31 0 8
stand 1944 3864 322 0 179
stand 1992 3864 322 0 179
fre 2012 3868 15 179 179
stand 2024 3864 321 0 179
stand 2072 3848 322 0 179
tree 2088 3848 69 0 179
stand 2136 3848 322 0 179
tree 2120 3864 68 0 179
stand 2200 3864 321 0 179
fre 2204 3844 15 179 179
tree 2232 3864 69 0 179
stand 2264 3848 404 0 179
tree 2280 3864 69 0 179
tree 2344 3848 69 0 179
tree 2392 3864 68 0 179
stand 2424 3864 321 0 179
stand 2440 3848 398 0 179
stand 2456 3864 321 0 179
stand 2456 3848 322 0 179
tree 2520 3848 69 0 179
tree 2536 3848 69 0 179
tree 2584 3864 69 0 179
stand 2616 3864 321 0 179
stand 2664 3864 322 0 179
tree 2680 3864 69 0 179
tree 2712 3864 69 0 179
tree 2760 3864 69 0 179
tree 2792 3848 69 0 179
tree 2840 3848 69 0 179
stand 2872 3848 321 0 179
zabor 2896 3856 27 0 8
zabor 2960 3856 25 0 8
tree 2984 3848 83 0 179
fre 3036 3860 271 179 179
fre 3068 3860 73 179 179
fre 3068 3852 73 179 179
tree 3064 3864 13 0 179
fre 3076 3852 14 179 179
fre 3204 3844 193 179 179
zabor 3248 3856 25 0 8
zabor 3344 3856 27 0 8
stand 3512 3864 406 0 179
zabor 3568 3856 31 0 8
zabor 3664 3856 24 0 8
fre 4100 3868 76 179 179
fre 4116 3868 76 179 179
trop 4188 3868 139 179 179
zabor 4240 3856 24 0 8
fre 4572 3852 73 179 179
fre 4572 3844 73 179 179
zabor 4592 3856 28 0 8
fre 4580 3860 63 179 179
fre 4628 3860 61 179 179
fre 4924 3868 62 179 179
fre 5052 3860 62 179 179
zabor 5744 3856 30 0 8
zabor 5840 3856 24 0 8
fre 5980 3868 271 179 179
fre 6188 3844 76 179 179
fre 6204 3860 76 179 179
dom 6272 3840 124 0 179
zabor 6384 3856 26 0 8
stand 6552 3864 316 0 179
stand 6584 3848 316 0 179
stand 6712 3864 316 0 179
zabor 6832 3856 24 0 8
fre 7028 3844 63 179 179
fre 7052 3860 193 179 179
fre 7044 3844 63 179 179
fre 7052 3844 63 179 179
tree 7096 3848 84 0 179
zabor 7120 3856 25 0 8
tree 7112 3864 84 0 179
stand 7288 3864 316 0 179
stand 7320 3848 316 0 179
stand 7448 3864 316 0 179
tree 7576 3848 45 0 179
fre 444 3892 62 179 179
fre 580 3892 62 179 179
fre 660 3876 62 179 179
fre 780 3884 62 179 179
fre 852 3892 62 179 179
fre 940 3884 62 179 179
fre 1244 3892 62 179 179
fre 1380 3892 62 179 179
fre 1460 3876 62 179 179
fre 1580 3884 62 179 179
fre 1652 3892 62 179 179
zabor 1744 3888 24 0 8
zabor 1904 3888 30 0 8
stand 1976 3896 322 0 179
stand 2008 3880 398 0 179
tree 2040 3896 69 0 179
stand 2152 3896 398 0 179
tree 2152 3880 68 0 179
stand 2200 3880 322 0 179
stand 2232 3880 321 0 179
tree 2264 3896 69 0 179
stand 2312 3896 398 0 179
stand 2328 3896 321 0 179
tree 2344 3880 68 0 179
stand 2392 3896 321 0 179
tree 2440 3880 69 0 179
stand 2520 3880 404 0 179
stand 2504 3880 321 0 179
tree 2504 3896 69 0 179
tree 2648 3896 69 0 179
tree 2728 3896 68 0 179
stand 2776 3880 404 0 179
tree 2776 3896 68 0 179
stand 2840 3896 322 0 179
zabor 2896 3888 29 0 8
stand 2904 3880 404 0 179
trop 2916 3900 80 179 179
zabor 2960 3888 28 0 8
tree 3000 3896 44 0 179
fre 3092 3884 15 179 179
fre 3092 3892 14 179 179
dom 3168 3872 118 0 179
fre 3212 3892 193 179 179
fre 3212 3884 73 179 179
zabor 3248 3888 28 0 8
trop 3292 3892 139 179 179
zabor 3344 3888 31 0 8
tree 3512 3896 43 0 179
tree 3544 3880 43 0 179
zabor 3568 3888 25 0 8
stand 3560 3880 21 0 179
trop 3612 3884 139 179 179
zabor 3664 3888 29 0 8
fre 3772 3900 271 179 179
fre 3980 3876 76 179 179
fre 3996 3892 76 179 179
dom 4064 3872 124 0 179
zabor 4144 3888 30 0 8
zabor 4240 3888 30 0 8
tree 4264 3896 84 0 179
fre 4300 3900 73 179 179
zabor 4464 3888 29 0 8
fre 4460 3884 72 179 179
fre 4572 3884 63 179 179
fre 4564 3900 66 179 179
fre 4572 3892 74 179 179
fre 4572 3876 74 179 179
zabor 4592 3888 27 0 8
fre 4580 3900 66 179 179
fre 4668 3892 62 179 179
fre 4756 3876 62 179 179
fre 4844 3900 62 179 179
fre 4972 3900 62 179 179
fre 5132 3884 62 179 179
fre 5236 3900 61 179 179
fre 5276 3876 62 179 179
fre 5284 3892 62 179 179
fre 5364 3884 62 179 179
fre 5452 3884 62 179 179
fre 5540 3884 62 179 179
fre 5620 3876 62 179 179
fre 5700 3892 62 179 179
zabor 5744 3888 30 0 8
zabor 5840 3888 31 0 8
dom 5920 3872 129 0 179
fre 5964 3892 46 179 179
fre 5988 3892 271 179 179
tree 6008 3896 14 0 179
lay 6056 3896 2 0 179
lay 6104 3880 27 0 179
lay 6088 3896 43 0 179
tree 6120 3880 15 0 179
fre 6172 3892 193 179 179
fre 6164 3876 271 179 179
fre 6172 3876 73 179 179
fre 6188 3892 73 179 179
tree 6200 3896 14 0 179
fre 6228 3900 46 179 179
fre 6244 3900 73 179 179
stand 6504 3880 316 0 179
tree 6536 3896 45 0 179
stand 6632 3880 318 0 179
stand 6664 3880 316 0 179
tree 6696 3896 45 0 179
trop 6804 3900 174 179 179
zabor 6832 3888 26 0 8
dom 6912 3872 126 0 179
fre 6964 3900 63 179 179
zabor 7120 3888 28 0 8
trop 7164 3900 139 179 179
stand 7240 3880 316 0 179
tree 7272 3896 45 0 179
stand 7368 3880 318 0 179
stand 7400 3880 316 0 179
tree 7432 3896 45 0 179
tree 7544 3896 45 0 179
tree 7592 3880 86 0 179
fre 7588 3892 77 179 179
cliff 7616 3872 75 179 179
fre 196 3924 61 179 179
fre 300 3916 62 179 179
fre 652 3932 62 179 179
fre 900 3932 62 179 179
fre 996 3924 61 179 179
fre 1100 3916 62 179 179
fre 1452 3932 62 179 179
fre 1700 3932 62 179 179
zabor 1744 3920 26 0 8
trop 1836 3932 139 179 179
zabor 1904 3920 28 0 8
stand 1944 3912 398 0 179
stand 2008 3912 322 0 179
stand 2072 3928 321 0 179
tree 2088 3912 69 0 179
stand 2136 3928 322 0 179
tree 2200 3912 69 0 179
stand 2232 3928 322 0 179
tree 2232 3928 69 0 179
stand 2248 3912 404 0 179
stand 2312 3928 322 0 179
stand 2376 3912 322 0 179
tree 2408 3912 68 0 179
tree 2456 3912 69 0 179
tree 2536 3928 69 0 179
stand 2584 3912 322 0 179
stand 2568 3928 322 0 179
tree 2600 3928 68 0 179
stand 2632 3912 398 0 179
tree 2664 3928 69 0 179
stand 2696 3928 322 0 179
stand 2728 3928 322 0 179
stand 2808 3912 398 0 179
stand 2792 3928 322 0 179
stand 2824 3928 321 0 179
tree 2872 3912 68 0 179
zabor 2896 3920 28 0 8
zabor 2960 3920 27 0 8
tree 2968 3928 83 0 179
lay 3048 3912 2 0 179
fre 3076 3932 271 179 179
tree 3096 3928 13 0 179
zabor 3344 3920 25 0 8
tree 3368 3928 83 0 179
tree 3368 3912 83 0 179
fre 3436 3932 46 179 179
dom 3456 3904 64 0 179
fre 3516 3924 193 179 179
fre 3500 3924 46 179 179
fre 3524 3916 271 179 179
tree 3528 3928 85 0 179
tree 3544 3912 43 0 179
zabor 3568 3920 26 0 8
zabor 3664 3920 24 0 8
dom 3712 3904 129 0 179
fre 3756 3924 46 179 179
fre 3780 3924 271 179 179
tree 3800 3928 14 0 179
lay 3848 3928 2 0 179
lay 3896 3912 27 0 179
lay 3880 3928 43 0 179
tree 3912 3912 15 0 179
fre 3964 3924 193 179 179
fre 3956 3908 271 179 179
fre 3964 3908 73 179 179
fre 3980 3924 73 179 179
tree 3992 3928 14 0 179
fre 4020 3932 46 179 179
fre 4036 3932 73 179 179
zabor 4144 3920 31 0 8
tree 4136 3912 84 0 179
trop 4188 3932 139 179 179
zabor 4240 3920 26 0 8
fre 4284 3908 193 179 179
tree 4264 3928 84 0 179
fre 4292 3924 271 179 179
tree 4312 3912 27 0 179
fre 4332 3916 73 179 179
dom 4416 3904 130 0 179
zabor 4464 3920 31 0 8
fre 4476 3916 72 179 179
fre 4572 3908 63 179 179
fre 4564 3916 66 179 179
zabor 4592 3920 29 0 8
fre 4580 3908 74 179 179
fre 4628 3916 61 179 179
fre 4692 3908 61 179 179
fre 4748 3924 61 179 179
fre 4788 3916 61 179 179
fre 4868 3916 61 179 179
fre 4932 3916 61 179 179
fre 4996 3916 61 179 179
fre 5052 3916 61 179 179
fre 5092 3916 61 179 179
fre 5156 3932 61 179 179
fre 5188 3924 61 179 179
fre 5244 3924 61 179 179
fre 5324 3916 61 179 179
fre 5388 3916 61 179 179
fre 5436 3916 61 179 179
fre 5492 3916 61 179 179
fre 5508 3924 61 179 179
fre 5556 3924 61 179 179
fre 5596 3924 61 179 179
fre 5620 3908 61 179 179
fre 5716 3924 61 179 179
zabor 5744 3920 24 0 8
zabor 5840 3920 30 0 8
tree 5896 3928 84 0 179
tree 5912 3928 43 0 179
fre 5932 3916 71 179 179
fre 5956 3908 71 179 179
fre 5964 3916 71 179 179
fre 6004 3924 193 179 179
fre 5988 3908 71 179 179
lay 6024 3928 18 0 179
lay 6056 3912 1 0 179
lay 6120 3928 34 0 179
lay 6120 3912 32 0 179
lay 6152 3912 16 0 179
fre 6204 3924 271 179 179
fre 6188 3908 46 179 179
fre 6204 3908 73 179 179
tree 6184 3912 14 0 179
fre 6244 3924 73 179 179
fre 6268 3916 73 179 179
fre 6268 3908 73 179 179
fre 6252 3916 73 179 179
tree 6328 3912 84 0 179
tree 6328 3928 84 0 179
stand 6504 3928 318 0 179
tree 6504 3928 45 0 179
fre 6556 3924 58 179 179
stand 6552 3928 316 0 179
stand 6664 3928 318 0 179
tree 6664 3928 45 0 179
fre 6716 3924 58 179 179
stand 6712 3928 316 0 179
zabor 6832 3920 29 0 8
dom 7040 3904 139 0 179
fre 7076 3916 193 179 179
zabor 7120 3920 28 0 8
stand 7240 3928 318 0 179
tree 7240 3928 45 0 179
fre 7292 3924 58 179 179
stand 7288 3928 316 0 179
stand 7400 3928 318 0 179
tree 7400 3928 45 0 179
fre 7452 3924 58 179 179
stand 7448 3928 316 0 179
fre 7516 3924 72 179 179
fre 7540 3932 77 179 179
tree 7560 3912 86 0 179
fre 196 3948 61 179 179
fre 380 3956 62 179 179
fre 524 3948 62 179 179
fre 732 3956 62 179 179
fre 844 3948 62 179 179
fre 996 3948 61 179 179
fre 1180 3956 62 179 179
fre 1332 3940 62 179 179
fre 1532 3956 62 179 179
fre 1644 3948 62 179 179
zabor 1744 3952 29 0 8
zabor 1904 3952 28 0 8
stand 1944 3944 322 0 179
stand 1976 3944 322 0 179
stand 2008 3944 322 0 179
tree 2056 3960 69 0 179
stand 2088 3944 322 0 179
stand 2168 3944 398 0 179
stand 2152 3944 322 0 179
tree 2200 3944 68 0 179
tree 2264 3960 68 0 179
tree 2280 3944 68 0 179
stand 2312 3944 321 0 179
stand 2344 3960 322 0 179
tree 2392 3944 68 0 179
stand 2456 3960 321 0 179
tree 2440 3944 68 0 179
tree 2488 3944 69 0 179
tree 2536 3960 68 0 179
tree 2568 3944 68 0 179
tree 2584 3960 68 0 179
tree 2616 3960 69 0 179
tree 2648 3960 69 0 179
stand 2664 3944 398 0 179
tree 2712 3944 69 0 179
tree 2760 3944 69 0 179
tree 2808 3944 68 0 179
stand 2840 3944 321 0 179
tree 2856 3944 69 0 179
tree 2856 3960 68 0 179
zabor 2896 3952 30 0 8
zabor 2960 3952 27 0 8
tree 2984 3944 83 0 179
fre 3220 3940 73 179 179
stand 3208 3944 126 0 179
zabor 3344 3952 30 0 8
tree 3384 3944 43 0 179
fre 3412 3940 271 179 179
fre 3484 3948 193 179 179
fre 3460 3956 271 179 179
tree 3496 3960 16 0 179
tree 3544 3944 43 0 179
zabor 3568 3952 29 0 8
zabor 3664 3952 30 0 8
tree 3688 3960 84 0 179
tree 3704 3960 43 0 179
fre 3724 3948 71 179 179
fre 3748 3940 71 179 179
fre 3756 3948 71 179 179
fre 3796 3956 193 179 179
fre 3780 3940 71 179 179
lay 3816 3960 18 0 179
lay 3848 3944 1 0 179
lay 3912 3960 34 0 179
lay 3912 3944 32 0 179
lay 3944 3944 16 0 179
fre 3996 3956 271 179 179
fre 3980 3940 46 179 179
fre 3996 3940 73 179 179
tree 3976 3944 14 0 179
fre 4036 3956 73 179 179
fre 4060 3948 73 179 179
fre 4060 3940 73 179 179
fre 4044 3948 73 179 179
tree 4120 3944 84 0 179
tree 4120 3960 84 0 179
zabor 4144 3952 30 0 8
zabor 4240 3952 30 0 8
tree 4264 3960 43 0 179
tree 4280 3944 43 0 179
fre 4300 3940 193 179 179
tree 4312 3960 43 0 179
tree 4296 3944 43 0 179
fre 4340 3940 73 179 179
tree 4328 3960 43 0 179
fre 4356 3940 271 179 179
zabor 4464 3952 26 0 8
trop 4524 3940 139 179 179
fre 4572 3940 66 179 179
fre 4572 3948 72 179 179
fre 4572 3956 74 179 179
fre 4564 3948 74 179 179
fre 4564 3956 74 179 179
fre 4564 3964 74 179 179
zabor 4592 3952 25 0 8
fre 4588 3956 66 179 179
fre 4604 3956 74 179 179
zabor 4624 3952 24 0 8
fre 4636 3956 74 179 179
zabor 4656 3952 29 0 8
fre 4644 3964 74 179 179
fre 4652 3956 74 179 179
fre 4660 3956 74 179 179
zabor 4688 3952 28 0 8
zabor 4720 3952 30 0 8
fre 4708 3956 74 179 179
zabor 4752 3952 25 0 8
zabor 4784 3952 28 0 8
zabor 4816 3952 29 0 8
zabor 4848 3952 28 0 8
zabor 4880 3952 24 0 8
zabor 4912 3952 25 0 8
zabor 4944 3952 30 0 8
zabor 4976 3952 27 0 8
zabor 5008 3952 28 0 8
zabor 5040 3952 29 0 8
zabor 5072 3952 25 0 8
zabor 5104 3952 29 0 8
zabor 5136 3952 29 0 8
zabor 5168 3952 27 0 8
zabor 5200 3952 24 0 8
zabor 5232 3952 30 0 8
zabor 5264 3952 24 0 8
zabor 5296 3952 27 0 8
zabor 5328 3952 30 0 8
zabor 5360 3952 25 0 8
zabor 5392 3952 27 0 8
zabor 5424 3952 31 0 8
zabor 5456 3952 28 0 8
zabor 5488 3952 28 0 8
zabor 5520 3952 30 0 8
zabor 5552 3952 29 0 8
zabor 5584 3952 31 0 8
zabor 5616 3952 30 0 8
zabor 5648 3952 27 0 8
zabor 5680 3952 30 0 8
zabor 5712 3952 25 0 8
zabor 5744 3952 31 0 8
trop 5764 3964 194 179 179
zabor 5840 3952 24 0 8
zabor 5872 3952 30 0 8
zabor 5904 3952 25 0 8
zabor 5936 3952 27 0 8
zabor 5968 3952 29 0 8
zabor 6000 3952 30 0 8
zabor 6032 3952 25 0 8
zabor 6064 3952 30 0 8
zabor 6096 3952 25 0 8
zabor 6128 3952 27 0 8
zabor 6160 3952 31 0 8
zabor 6192 3952 24 0 8
trop 6388 3956 194 179 179
fre 6572 3940 58 179 179
stand 6632 3944 318 0 179
zabor 6832 3952 31 0 8
tree 6904 3960 32 0 179
tree 6888 3944 84 0 179
tree 6888 3960 84 0 179
fre 6940 3948 271 179 179
stand 6968 3944 403 0 179
fre 6996 3964 63 179 179
fre 6996 3956 63 179 179
stand 7096 3960 27 0 179
zabor 7120 3952 30 0 8
fre 7308 3940 58 179 179
stand 7368 3944 318 0 179
stand 7544 3960 13 0 179
cliff 7600 3936 84 179 179
stand 7640 3960 414 0 179
fre 180 3988 61 179 179
fre 476 3996 62 179 179
fre 604 3988 62 179 179
fre 732 3980 62 179 179
fre 980 3988 61 179 179
fre 1276 3996 62 179 179
fre 1404 3988 62 179 179
zabor 1744 3984 25 0 8
zabor 1904 3984 26 0 8
zabor 1936 3984 31 0 8
zabor 1968 3984 31 0 8
zabor 2000 3984 30 0 8
zabor 2032 3984 27 0 8
zabor 2064 3984 28 0 8
zabor 2096 3984 31 0 8
zabor 2128 3984 24 0 8
zabor 2160 3984 31 0 8
zabor 2192 3984 24 0 8
zabor 2224 3984 27 0 8
zabor 2256 3984 25 0 8
zabor 2288 3984 28 0 8
zabor 2320 3984 28 0 8
zabor 2352 3984 29 0 8
zabor 2384 3984 25 0 8
zabor 2416 3984 31 0 8
zabor 2448 3984 28 0 8
zabor 2480 3984 28 0 8
zabor 2512 3984 24 0 8
zabor 2544 3984 28 0 8
zabor 2576 3984 26 0 8
zabor 2608 3984 30 0 8
zabor 2640 3984 31 0 8
zabor 2672 3984 28 0 8
zabor 2704 3984 26 0 8
zabor 2736 3984 28 0 8
zabor 2768 3984 28 0 8
zabor 2800 3984 27 0 8
zabor 2832 3984 31 0 8
zabor 2864 3984 30 0 8
zabor 2896 3984 30 0 8
zabor 2960 3984 31 0 8
zabor 3248 3984 27 0 8
zabor 4144 3984 24 0 8
tree 4248 3976 84 0 179
zabor 4240 3984 30 0 8
zabor 4304 3984 26 0 8
zabor 4336 3984 26 0 8
zabor 4368 3984 26 0 8
zabor 4400 3984 26 0 8
zabor 4432 3984 28 0 8
tree 4456 3976 84 0 179
zabor 4464 3984 24 0 8
trop 4644 3996 140 179 179
trop 4828 3996 140 179 179
trop 5012 3996 140 179 179
trop 5188 3988 140 179 179
trop 5372 3996 140 179 179
trop 5556 3996 140 179 179
trop 5924 3988 140 179 179
trop 6108 3988 140 179 179
trop 6284 3988 140 179 179
stand 6584 3992 316 0 179
tree 6584 3976 45 0 179
stand 6600 3976 318 0 179
stand 6696 3992 316 0 179
stand 6728 3976 316 0 179
tree 6728 3992 45 0 179
stand 6760 3976 318 0 179
zabor 6832 3984 25 0 8
zabor 6864 3984 31 0 8
zabor 6896 3984 25 0 8
zabor 6928 3984 31 0 8
zabor 6960 3984 28 0 8
zabor 6992 3984 30 0 8
zabor 7056 3984 30 0 8
zabor 7088 3984 26 0 8
zabor 7120 3984 27 0 8
stand 7320 3992 316 0 179
tree 7320 3976 45 0 179
fre 7476 3996 77 179 179
fre 7492 3996 72 179 179
tree 7544 3992 86 0 179
fre 220 4020 62 179 179
fre 308 4004 62 179 179
fre 396 4028 62 179 179
fre 524 4028 62 179 179
fre 684 4012 62 179 179
fre 788 4028 61 179 179
fre 828 4004 62 179 179
fre 836 4020 62 179 179
fre 916 4012 62 179 179
fre 1020 4020 62 179 179
fre 1108 4004 62 179 179
fre 1196 4028 62 179 179
fre 1324 4028 62 179 179
fre 1484 4012 62 179 179
fre 1588 4028 61 179 179
fre 1628 4004 62 179 179
fre 1636 4020 62 179 179
fre 1716 4012 62 179 179
zabor 1744 4016 31 0 8
fre 1908 4028 204 179 179
stand 1944 4008 405 0 179
fre 1996 4004 72 179 179
fre 2068 4012 204 179 179
fre 2108 4020 204 179 179
fre 2124 4020 72 179 179
fre 2164 4012 204 179 179
fre 2148 4004 72 179 179
fre 2156 4012 72 179 179
fre 2188 4028 204 179 179
fre 2228 4012 204 179 179
fre 2268 4004 204 179 179
fre 2316 4012 204 179 179
fre 2348 4028 204 179 179
fre 2372 4012 204 179 179
fre 2428 4020 204 179 179
stand 2408 4008 402 0 179
fre 2460 4012 204 179 179
stand 2488 4008 402 0 179
fre 2500 4012 204 179 179
fre 2508 4020 204 179 179
zabor 2640 4016 31 0 8
tree 2696 4024 83 0 179
tree 2744 4024 83 0 179
tree 2872 4024 83 0 179
zabor 2896 4016 30 0 8
trop 2916 4020 80 179 179
zabor 2960 4016 29 0 8
tree 3032 4008 32 0 179
lay 3064 4024 8 0 179
tree 3064 4008 43 0 179
tree 3112 4008 84 0 179
tree 3160 4024 84 0 179
tree 3176 4008 84 0 179
tree 3224 4008 43 0 179
stand 3224 4008 59 0 179
zabor 3248 4016 30 0 8
vor 3332 4020 65 179 179
stand 3384 4024 454 0 179
trop 3372 4028 140 179 179
vor 3428 4012 115 179 179
trop 3476 4028 140 179 179
trop 4492 4012 194 179 179
trop 5628 4004 140 179 179
fre 6628 4028 58 179 179
fre 6692 4004 58 179 179
stand 6744 4024 316 0 179
fre 6788 4028 58 179 179
trop 6836 4004 192 179 179
trop 7140 4004 194 179 179
cliff 7584 4000 84 179 179
fre 180 4044 61 179 179
fre 244 4036 61 179 179
fre 300 4052 61 179 179
fre 340 4044 61 179 179
fre 420 4044 61 179 179
fre 484 4044 61 179 179
fre 548 4044 61 179 179
fre 604 4044 61 179 179
fre 644 4044 61 179 179
fre 708 4060 61 179 179
fre 740 4052 61 179 179
fre 796 4052 61 179 179
fre 876 4044 61 179 179
fre 980 4044 61 179 179
fre 1044 4036 61 179 179
fre 1100 4052 61 179 179
fre 1140 4044 61 179 179
fre 1220 4044 61 179 179
fre 1284 4044 61 179 179
fre 1348 4044 61 179 179
fre 1404 4044 61 179 179
fre 1444 4044 61 179 179
fre 1508 4060 61 179 179
fre 1540 4052 61 179 179
fre 1596 4052 61 179 179
fre 1676 4044 61 179 179
zabor 1744 4048 25 0 8
fre 1916 4052 204 179 179
fre 1932 4060 72 179 179
tree 2024 4040 80 0 179
fre 2036 4036 204 179 179
fre 2100 4044 72 179 179
tree 2456 4056 86 0 179
tree 2488 4056 86 0 179
zabor 2640 4048 25 0 8
tree 2712 4040 83 0 179
fre 2772 4060 271 179 179
tree 2808 4040 83 0 179
tree 2856 4040 43 0 179
zabor 2896 4048 30 0 8
zabor 2960 4048 24 0 8
tree 3016 4040 84 0 179
fre 3052 4044 271 179 179
dom 3040 4032 31 0 179
tree 3080 4040 35 0 179
vor 3396 4052 65 179 179
fre 3436 4036 185 179 179
trop 3612 4044 139 179 179
trop 3724 4036 140 179 179
trop 3892 4036 140 179 179
trop 4068 4036 140 179 179
trop 4196 4052 195 179 179
trop 4340 4052 140 179 179
stand 4664 4056 316 0 179
stand 4744 4056 316 0 179
stand 4824 4040 317 0 179
tree 4888 4056 85 0 179
fre 4972 4044 194 179 179
fre 5004 4052 85 179 179
fre 5028 4044 194 179 179
tree 5064 4040 85 0 179
tree 5112 4040 85 0 179
fre 5164 4036 35 179 179
stand 5464 4040 126 0 179
fre 5468 4052 73 179 179
fre 5452 4036 73 179 179
stand 6648 4056 316 0 179
stand 6680 4040 316 0 179
stand 6808 4056 316 0 179
trop 6988 4036 140 179 179
tree 7528 4056 45 0 179
fre 7524 4052 77 179 179
fre 860 4092 62 179 179
fre 964 4092 62 179 179
fre 1060 4076 60 179 179
fre 1060 4092 60 179 179
fre 1156 4092 60 179 179
fre 1244 4092 60 179 179
fre 1580 4092 61 179 179
fre 1572 4092 61 179 179
fre 1628 4084 61 179 179
zabor 1744 4080 24 0 8
fre 1940 4092 72 179 179
tree 1992 4088 86 0 179
tree 2024 4088 86 0 179
tree 2040 4088 86 0 179
tree 2056 4072 86 0 179
tree 2088 4072 45 0 179
tree 2120 4088 86 0 179
tree 2200 4088 86 0 179
tree 2216 4088 86 0 179
tree 2232 4072 45 0 179
tree 2264 4072 86 0 179
tree 2296 4088 86 0 179
tree 2296 4072 86 0 179
tree 2344 4072 86 0 179
tree 2424 4088 87 0 179
tree 2456 4072 86 0 179
tree 2440 4088 44 0 179
fre 2524 4084 72 179 179
fre 2532 4068 72 179 179
zabor 2640 4080 28 0 8
dom 2688 4064 141 0 179
fre 2764 4092 46 179 179
zabor 2896 4080 27 0 8
zabor 2960 4080 25 0 8
fre 3068 4068 128 179 179
fre 3076 4068 193 179 179
fre 3108 4084 63 179 179
fre 3124 4084 63 179 179
dom 3168 4064 121 0 179
trop 3292 4076 139 179 179
zabor 3472 4080 30 0 8
zabor 3504 4080 30 0 8
zabor 3536 4080 27 0 8
zabor 3568 4080 31 0 8
zabor 3664 4080 30 0 8
zabor 3696 4080 29 0 8
zabor 3728 4080 30 0 8
zabor 3760 4080 26 0 8
zabor 3792 4080 31 0 8
zabor 3824 4080 27 0 8
zabor 3856 4080 25 0 8
zabor 3888 4080 27 0 8
zabor 3952 4080 30 0 8
zabor 3984 4080 24 0 8
zabor 4016 4080 27 0 8
zabor 4048 4080 27 0 8
zabor 4080 4080 29 0 8
zabor 4112 4080 29 0 8
zabor 4144 4080 29 0 8
zabor 4240 4080 27 0 8
zabor 4272 4080 25 0 8
zabor 4304 4080 30 0 8
zabor 4336 4080 26 0 8
zabor 4368 4080 30 0 8
zabor 4400 4080 27 0 8
zabor 4432 4080 29 0 8
zabor 4464 4080 30 0 8
zabor 4496 4080 30 0 8
zabor 4528 4080 30 0 8
stand 4664 4088 318 0 179
stand 4712 4072 316 0 179
fre 4812 4068 12 179 179
fre 5236 4084 194 179 179
fre 5316 4076 194 179 179
fre 5324 4084 268 179 179
fre 5340 4076 268 179 179
fre 5380 4092 194 179 179
fre 5404 4076 194 179 179
fre 5396 4092 268 179 179
fre 5436 4076 268 179 179
tree 5448 4072 20 0 179
stand 6600 4072 316 0 179
tree 6632 4088 45 0 179
stand 6728 4072 318 0 179
stand 6760 4072 316 0 179
tree 6792 4088 45 0 179
fre 7476 4084 204 179 179
stand 7480 4088 405 0 179
stand 7464 4088 405 0 179
tree 7560 4072 86 0 179
fre 204 4124 62 179 179
fre 260 4124 62 179 179
fre 588 4100 62 179 179
fre 740 4116 62 179 179
fre 924 4108 62 179 179
fre 1084 4108 60 179 179
fre 1108 4116 60 179 179
fre 1132 4100 60 179 179
fre 1180 4124 60 179 179
fre 1204 4108 60 179 179
fre 1188 4108 60 179 179
fre 1220 4116 60 179 179
fre 1228 4108 60 179 179
fre 1260 4108 60 179 179
fre 1268 4108 60 179 179
fre 1292 4116 60 179 179
fre 1284 4124 60 179 179
fre 1316 4108 60 179 179
fre 1452 4116 62 179 179
fre 1700 4116 62 179 179
zabor 1744 4112 29 0 8
trop 1836 4116 139 179 179
tree 1912 4104 77 0 179
tree 1976 4104 45 0 179
cliff 2000 4112 41 179 179
tree 2024 4120 87 0 179
cliff 2080 4096 17 179 179
cliff 2176 4096 16 179 179
tree 2248 4104 86 0 179
cliff 2256 4096 16 179 179
cliff 2336 4096 16 179 179
cliff 2416 4096 16 179 179
tree 2440 4120 44 0 179
tree 2472 4104 44 0 179
tree 2488 4104 44 0 179
stand 2520 4104 287 0 179
cliff 2496 4096 16 179 179
zabor 2640 4112 27 0 8
fre 2724 4100 46 179 179
fre 2756 4116 73 179 179
tree 2776 4104 16 0 179
stand 2808 4120 406 0 179
dom 2848 4096 66 0 179
zabor 2896 4112 24 0 8
zabor 2960 4112 29 0 8
fre 3012 4116 63 179 179
fre 3044 4116 63 179 179
stand 3048 4120 404 0 179
stand 3448 4104 361 0 179
tree 3480 4120 43 0 179
tree 3512 4104 43 0 179
tree 3496 4104 14 0 179
stand 3496 4120 159 0 179
zabor 3568 4112 26 0 8
zabor 3664 4112 28 0 8
tree 3688 4120 84 0 179
tree 3800 4104 84 0 179
fre 3828 4108 193 179 179
tree 3864 4104 84 0 179
tree 3848 4104 84 0 179
tree 4056 4104 84 0 179
tree 4040 4104 84 0 179
tree 4104 4104 43 0 179
zabor 4144 4112 30 0 8
trop 4188 4108 139 179 179
zabor 4240 4112 30 0 8
fre 4308 4108 73 179 179
tree 4296 4104 33 0 179
fre 4444 4108 75 179 179
fre 4444 4124 76 179 179
fre 4460 4108 75 179 179
fre 4468 4124 75 179 179
fre 4476 4116 75 179 179
fre 4452 4116 75 179 179
fre 4492 4100 75 179 179
zabor 4528 4112 27 0 8
trop 4596 4100 139 179 179
fre 4724 4124 12 179 179
stand 4744 4120 316 0 179
tree 4760 4104 45 0 179
tree 4744 4120 45 0 179
fre 4772 4124 269 179 179
stand 4872 4120 316 0 179
fre 5076 4108 194 179 179
fre 5172 4124 194 179 179
fre 5212 4100 268 179 179
tree 5288 4120 34 0 179
tree 5336 4104 83 0 179
fre 5396 4108 84 179 179
fre 5428 4124 194 179 179
trop 5524 4124 139 179 179
fre 5692 4116 2 179 179
fre 5740 4100 269 179 179
tree 5880 4104 33 0 179
tree 5960 4120 87 0 179
tree 6024 4104 33 0 179
fre 6092 4108 269 179 179
fre 6124 4108 2 179 179
tree 6344 4120 79 0 179
fre 6412 4124 196 179 179
tree 6440 4120 79 0 179
tree 6568 4104 79 0 179
stand 6600 4120 318 0 179
tree 6600 4120 45 0 179
fre 6652 4116 58 179 179
stand 6648 4120 316 0 179
stand 6760 4120 318 0 179
tree 6760 4120 45 0 179
fre 6812 4116 58 179 179
stand 6808 4120 316 0 179
stand 6824 4104 318 0 179
stand 6920 4120 316 0 179
stand 6952 4104 316 0 179
tree 6952 4120 45 0 179
stand 6984 4104 318 0 179
stand 7080 4104 318 0 179
stand 7176 4120 316 0 179
stand 7208 4104 316 0 179
tree 7208 4120 45 0 179
stand 7240 4104 318 0 179
tree 7432 4120 45 0 179
fre 7492 4108 72 179 179
tree 7528 4104 86 0 179
tree 7560 4104 86 0 179
cliff 7600 4096 76 179 179
fre 476 4148 62 179 179
fre 692 4156 62 179 179
fre 828 4140 62 179 179
fre 1004 4156 62 179 179
fre 1060 4156 62 179 179
fre 1140 4132 60 179 179
fre 1164 4140 60 179 179
fre 1204 4156 60 179 179
fre 1220 4148 60 179 179
fre 1228 4148 60 179 179
fre 1276 4140 60 179 179
fre 1284 4148 60 179 179
fre 1388 4132 62 179 179
fre 1540 4148 62 179 179
zabor 1744 4144 28 0 8
tree 1912 4152 80 0 179
fre 1900 4140 204 179 179
stand 2168 4136 384 0 179
fre 2284 4156 72 179 179
stand 2408 4136 378 0 179
stand 2488 4136 287 0 179
stand 2488 4152 380 0 179
zabor 2640 4144 25 0 8
fre 2708 4132 63 179 179
fre 2692 4132 63 179 179
fre 2764 4132 63 179 179
fre 2804 4140 63 179 179
fre 2828 4148 63 179 179
fre 2844 4156 63 179 179
zabor 2896 4144 30 0 8
trop 2916 4148 80 179 179
zabor 2960 4144 30 0 8
fre 3036 4132 63 179 179
fre 3068 4140 63 179 179
fre 3060 4156 63 179 179
fre 3044 4132 63 179 179
stand 3048 4136 274 0 179
stand 3064 4152 403 0 179
vor 3092 4132 114 179 179
fre 3228 4148 128 179 179
fre 3228 4156 129 179 179
tree 3336 4152 30 0 179
zabor 3568 4144 27 0 8
zabor 3664 4144 30 0 8
stand 3688 4152 403 0 179
dom 3744 4128 113 0 179
fre 3836 4156 73 179 179
fre 3828 4132 73 179 179
tree 3832 4136 27 0 179
fre 3852 4156 193 179 179
fre 3860 4156 46 179 179
stand 3864 4152 11 0 179
fre 3908 4140 63 179 179
fre 3924 4156 63 179 179
dom 4032 4128 140 0 179
zabor 4144 4144 25 0 8
zabor 4240 4144 28 0 8
fre 4324 4140 11 179 179
fre 4460 4140 76 179 179
tree 4504 4136 83 0 179
zabor 4528 4144 29 0 8
stand 4744 4152 316 0 179
fre 4980 4140 196 179 179
tree 5048 4136 33 0 179
fre 5108 4140 194 179 179
tree 5224 4136 85 0 179
fre 5772 4156 269 179 179
tree 5800 4152 79 0 179
tree 5848 4136 79 0 179
fre 5932 4140 196 179 179
tree 5960 4152 18 0 179
tree 6056 4152 34 0 179
stand 6072 4152 288 0 179
fre 6188 4140 2 179 179
fre 6436 4148 272 179 179
tree 6472 4152 80 0 179
tree 6552 4136 87 0 179
fre 6668 4132 58 179 179
stand 6664 4136 318 0 179
stand 6728 4136 318 0 179
stand 6760 4152 316 0 179
stand 6792 4136 316 0 179
tree 6792 4152 45 0 179
stand 6824 4136 318 0 179
fre 6852 4156 58 179 179
fre 6916 4132 58 179 179
stand 6968 4152 316 0 179
fre 7012 4156 58 179 179
fre 7108 4156 58 179 179
fre 7172 4132 58 179 179
stand 7224 4152 316 0 179
fre 7268 4156 58 179 179
tree 7480 4136 86 0 179
cliff 7568 4128 78 179 179
fre 196 4172 61 179 179
fre 268 4164 62 179 179
fre 364 4180 62 179 179
fre 540 4164 62 179 179
fre 812 4188 271 179 179
fre 908 4172 62 179 179
fre 1180 4172 60 179 179
fre 1188 4164 60 179 179
fre 1276 4180 62 179 179
fre 1492 4188 62 179 179
fre 1628 4172 62 179 179
zabor 1744 4176 26 0 8
tree 1912 4184 52 0 179
fre 1932 4172 72 179 179
fre 1932 4164 72 179 179
tree 2008 4168 86 0 179
cliff 2016 4160 40 179 179
tree 2024 4184 45 0 179
stand 2072 4184 288 0 179
fre 2332 4172 71 179 179
tree 2376 4184 77 0 179
stand 2440 4168 379 0 179
stand 2504 4184 379 0 179
zabor 2640 4176 24 0 8
zabor 2896 4176 25 0 8
zabor 2960 4176 29 0 8
stand 3224 4168 69 0 179
fre 3340 4188 76 179 179
dom 3424 4160 59 0 179
tree 3512 4168 43 0 179
zabor 3568 4176 24 0 8
zabor 3664 4176 31 0 8
stand 3816 4168 403 0 179
fre 3852 4164 271 179 179
fre 3876 4188 271 179 179
fre 3916 4172 63 179 179
fre 3940 4188 193 179 179
fre 4004 4164 63 179 179
fre 4020 4180 63 179 179
tree 4120 4168 44 0 179
zabor 4144 4176 31 0 8
zabor 4240 4176 25 0 8
fre 4332 4172 75 179 179
dom 4384 4160 110 0 179
tree 4504 4168 83 0 179
zabor 4528 4176 24 0 8
stand 4680 4168 316 0 179
stand 4744 4184 316 0 179
stand 4776 4184 316 0 179
tree 4856 4184 77 0 179
tree 4888 4168 85 0 179
tree 4968 4168 85 0 179
fre 4980 4188 272 179 179
tree 5016 4168 35 0 179
tree 5064 4184 43 0 179
tree 5080 4168 43 0 179
fre 5140 4180 268 179 179
tree 5176 4184 34 0 179
fre 5196 4164 272 179 179
fre 5260 4172 268 179 179
stand 5304 4168 405 0 179
tree 5320 4168 34 0 179
tree 5432 4184 85 0 179
fre 5708 4164 2 179 179
fre 5860 4164 269 179 179
tree 5880 4184 79 0 179
fre 5932 4164 196 179 179
tree 5928 4184 35 0 179
stand 6056 4184 288 0 179
stand 6088 4184 288 0 179
fre 6148 4164 2 179 179
fre 6244 4188 2 179 179
tree 6312 4168 77 0 179
fre 6396 4188 196 179 179
tree 6376 4168 77 0 179
tree 6408 4184 77 0 179
stand 6680 4184 316 0 179
tree 6680 4168 45 0 179
fre 6692 4188 58 179 179
fre 6756 4164 58 179 179
stand 6808 4184 316 0 179
fre 6852 4188 58 179 179
stand 6872 4184 316 0 179
stand 6904 4168 316 0 179
stand 7032 4184 316 0 179
stand 7128 4184 316 0 179
stand 7160 4168 316 0 179
stand 7288 4184 316 0 179
fre 7404 4164 204 179 179
cliff 7520 4160 78 179 179
fre 428 4204 62 179 179
fre 588 4212 62 179 179
fre 660 4204 62 179 179
fre 772 4204 62 179 179
fre 828 4204 271 179 179
fre 820 4204 271 179 179
fre 836 4196 271 179 179
fre 860 4220 271 179 179
fre 868 4212 271 179 179
fre 996 4204 61 179 179
fre 1068 4196 62 179 179
fre 1164 4212 62 179 179
fre 1340 4196 62 179 179
fre 1420 4196 62 179 179
fre 1708 4204 62 179 179
zabor 1744 4208 31 0 8
fre 1900 4204 204 179 179
fre 1908 4204 72 179 179
tree 2008 4216 87 0 179
fre 2012 4212 71 179 179
tree 2024 4216 45 0 179
stand 2056 4216 288 0 179
fre 2076 4212 71 179 179
fre 2100 4204 71 179 179
tree 2136 4200 75 0 179
stand 2264 4216 402 0 179
stand 2280 4216 405 0 179
fre 2380 4220 72 179 179
fre 2436 4212 71 179 179
zabor 2640 4208 28 0 8
stand 2840 4216 406 0 179
zabor 2960 4208 30 0 8
fre 3156 4196 63 179 179
fre 3180 4212 193 179 179
fre 3172 4196 63 179 179
fre 3180 4196 63 179 179
tree 3224 4200 84 0 179
tree 3240 4216 84 0 179
fre 3340 4204 76 179 179
fre 3364 4204 76 179 179
fre 3468 4220 76 179 179
stand 3512 4216 406 0 179
zabor 3568 4208 27 0 8
trop 3612 4220 139 179 179
zabor 3664 4208 24 0 8
fre 3772 4204 193 179 179
lay 3768 4200 49 0 179
fre 3796 4196 63 179 179
fre 3788 4204 63 179 179
fre 3908 4196 73 179 179
stand 3928 4216 1 0 179
tree 4120 4200 44 0 179
zabor 4144 4208 25 0 8
fre 4324 4220 75 179 179
fre 4340 4204 75 179 179
fre 4372 4220 67 179 179
fre 4356 4220 76 179 179
stand 4376 4216 406 0 179
zabor 4528 4208 31 0 8
fre 4516 4212 271 179 179
tree 4520 4200 84 0 179
stand 4680 4200 318 0 179
tree 4728 4216 45 0 179
stand 4760 4216 316 0 179
fre 4836 4204 269 179 179
tree 4888 4216 42 0 179
fre 4980 4196 194 179 179
fre 4988 4220 194 179 179
tree 5064 4216 33 0 179
tree 5096 4200 42 0 179
fre 5268 4196 196 179 179
fre 5252 4204 272 179 179
tree 5304 4200 19 0 179
fre 5348 4196 272 179 179
tree 5624 4200 19 0 179
tree 5688 4216 33 0 179
fre 5748 4212 2 179 179
stand 6008 4200 352 0 179
tree 6456 4216 77 0 179
fre 6580 4212 2 179 179
stand 6712 4216 316 0 179
stand 6744 4200 316 0 179
stand 6824 4200 316 0 179
stand 6872 4216 316 0 179
tree 6856 4216 45 0 179
stand 6952 4200 318 0 179
stand 6984 4200 316 0 179
tree 7016 4216 45 0 179
stand 7080 4200 316 0 179
tree 7112 4216 45 0 179
stand 7208 4200 318 0 179
stand 7240 4200 316 0 179
tree 7272 4216 45 0 179
tree 7368 4200 45 0 179
tree 7384 4200 45 0 179
tree 7416 4200 45 0 179
tree 7448 4216 86 0 179
tree 7448 4200 86 0 179
cliff 7488 4208 77 179 179
fre 188 4236 61 179 179
fre 196 4228 61 179 179
fre 228 4228 62 179 179
fre 324 4252 62 179 179
fre 508 4244 62 179 179
fre 724 4252 62 179 179
fre 804 4244 271 179 179
fre 804 4236 271 179 179
fre 828 4236 271 179 179
fre 876 4228 271 179 179
fre 876 4252 271 179 179
fre 884 4244 271 179 179
fre 908 4244 271 179 179
fre 924 4236 271 179 179
fre 932 4228 271 179 179
fre 1228 4236 62 179 179
fre 1388 4244 62 179 179
fre 1460 4236 62 179 179
fre 1572 4236 62 179 179
zabor 1744 4240 28 0 8
fre 1892 4244 203 179 179
fre 1908 4228 203 179 179
fre 1908 4236 204 179 179
fre 1916 4252 72 179 179
tree 1928 4232 42 0 179
fre 1924 4252 72 179 179
fre 1932 4252 72 179 179
fre 1980 4244 71 179 179
tree 2008 4232 45 0 179
cliff 2016 4240 40 179 179
fre 2324 4244 72 179 179
fre 2316 4228 71 179 179
stand 2392 4248 405 0 179
stand 2536 4232 402 0 179
fre 2540 4236 72 179 179
zabor 2640 4240 27 0 8
tree 2840 4248 43 0 179
tree 2872 4232 43 0 179
stand 2888 4232 21 0 179
zabor 2960 4240 28 0 8
dom 3040 4224 126 0 179
fre 3092 4252 63 179 179
trop 3292 4252 139 179 179
tree 3336 4248 32 0 179
tree 3336 4232 30 0 179
tree 3352 4248 30 0 179
fre 3340 4252 76 179 179
stand 3368 4232 9 0 179
fre 3420 4252 76 179 179
fre 3484 4228 63 179 179
fre 3468 4236 63 179 179
fre 3484 4252 63 179 179
fre 3492 4228 76 179 179
fre 3492 4244 76 179 179
fre 3500 4244 76 179 179
stand 3512 4248 406 0 179
stand 3496 4232 406 0 179
tree 3528 4232 32 0 179
zabor 3568 4240 26 0 8
zabor 3664 4240 25 0 8
tree 3688 4248 84 0 179
tree 4120 4248 85 0 179
zabor 4144 4240 30 0 8
zabor 4240 4240 24 0 8
fre 4348 4244 67 179 179
fre 4364 4236 67 179 179
fre 4396 4244 67 179 179
fre 4388 4236 75 179 179
fre 4468 4236 67 179 179
fre 4452 4236 67 179 179
fre 4460 4244 67 179 179
fre 4476 4236 68 179 179
fre 4460 4252 68 179 179
fre 4476 4244 75 179 179
fre 4476 4228 75 179 179
stand 4472 4232 406 0 179
stand 4504 4248 14 0 179
fre 4500 4244 67 179 179
fre 4484 4252 68 179 179
zabor 4528 4240 27 0 8
tree 4520 4232 83 0 179
stand 4744 4248 316 0 179
stand 4760 4248 316 0 179
fre 4804 4236 269 179 179
stand 4808 4232 365 0 179
tree 4920 4248 42 0 179
tree 4904 4248 42 0 179
tree 5016 4232 78 0 179
tree 5096 4232 43 0 179
tree 5224 4248 35 0 179
tree 5304 4232 40 0 179
tree 5288 4232 19 0 179
tree 5336 4232 40 0 179
tree 5368 4248 85 0 179
fre 5396 4228 268 179 179
tree 5416 4248 35 0 179
stand 5672 4248 354 0 179
tree 5880 4248 87 0 179
fre 5964 4244 196 179 179
fre 6092 4244 2 179 179
fre 6140 4228 2 179 179
fre 6148 4244 269 179 179
tree 6168 4248 87 0 179
tree 6232 4248 77 0 179
fre 6300 4236 2 179 179
tree 6424 4248 77 0 179
tree 6440 4248 77 0 179
tree 6440 4232 77 0 179
stand 6664 4232 316 0 179
tree 6696 4248 45 0 179
stand 6792 4232 318 0 179
stand 6824 4232 316 0 179
stand 6824 4248 318 0 179
tree 6824 4248 45 0 179
tree 6856 4248 45 0 179
fre 6876 4244 58 179 179
stand 6872 4248 316 0 179
stand 6984 4248 318 0 179
tree 6984 4248 45 0 179
fre 7036 4244 58 179 179
stand 7032 4248 316 0 179
stand 7080 4248 318 0 179
tree 7080 4248 45 0 179
fre 7132 4244 58 179 179
stand 7128 4248 316 0 179
stand 7240 4248 318 0 179
tree 7240 4248 45 0 179
fre 7292 4244 58 179 179
stand 7288 4248 316 0 179
tree 7384 4232 86 0 179
tree 7400 4248 87 0 179
tree 7416 4232 86 0 179
fre 188 4284 61 179 179
fre 220 4276 62 179 179
fre 404 4284 62 179 179
fre 900 4260 271 179 179
fre 988 4268 61 179 179
fre 996 4260 61 179 179
fre 1028 4260 62 179 179
fre 1124 4284 62 179 179
fre 1308 4276 62 179 179
fre 1524 4284 62 179 179
fre 1692 4268 62 179 179
fre 1668 4268 62 179 179
zabor 1744 4272 25 0 8
trop 1836 4284 139 179 179
fre 1900 4276 204 179 179
fre 1964 4260 71 179 179
tree 2024 4264 86 0 179
stand 2088 4264 386 0 179
stand 2120 4264 385 0 179
tree 2312 4280 75 0 179
fre 2340 4268 72 179 179
fre 2372 4260 71 179 179
fre 2404 4268 71 179 179
fre 2412 4276 72 179 179
zabor 2640 4272 28 0 8
tree 2696 4280 83 0 179
tree 2696 4264 83 0 179
fre 2764 4284 46 179 179
dom 2784 4256 64 0 179
fre 2844 4276 193 179 179
fre 2828 4276 46 179 179
fre 2852 4268 271 179 179
tree 2856 4280 85 0 179
tree 2872 4264 43 0 179
zabor 2960 4272 31 0 8
trop 2980 4284 82 179 179
zabor 2992 4272 28 0 8
dom 3168 4256 139 0 179
fre 3204 4268 193 179 179
stand 3272 4264 455 0 179
vor 3292 4276 64 179 179
zabor 3312 4272 26 0 8
fre 3300 4260 185 179 179
zabor 3344 4272 31 0 8
tree 3336 4264 30 0 179
zabor 3376 4272 28 0 8
zabor 3408 4272 24 0 8
zabor 3440 4272 26 0 8
zabor 3472 4272 31 0 8
zabor 3504 4272 29 0 8
zabor 3536 4272 31 0 8
zabor 3568 4272 26 0 8
fre 3836 4276 63 179 179
fre 3860 4260 63 179 179
fre 3892 4284 63 179 179
trop 4188 4284 139 179 179
zabor 4240 4272 25 0 8
zabor 4272 4272 29 0 8
zabor 4304 4272 31 0 8
zabor 4336 4272 29 0 8
zabor 4368 4272 25 0 8
tree 4376 4264 83 0 179
tree 4360 4264 83 0 179
zabor 4400 4272 26 0 8
zabor 4432 4272 30 0 8
zabor 4464 4272 25 0 8
fre 4468 4260 67 179 179
zabor 4496 4272 26 0 8
fre 4508 4268 67 179 179
fre 4492 4276 67 179 179
fre 4484 4260 68 179 179
zabor 4528 4272 30 0 8
trop 4596 4276 139 179 179
stand 4680 4264 318 0 179
tree 4888 4264 78 0 179
tree 5032 4264 42 0 179
tree 5080 4264 78 0 179
fre 5148 4268 194 179 179
tree 5240 4280 43 0 179
tree 5272 4280 33 0 179
tree 5288 4280 33 0 179
tree 5304 4280 40 0 179
stand 5288 4280 405 0 179
fre 5372 4268 196 179 179
tree 5400 4264 42 0 179
tree 5432 4280 42 0 179
fre 5444 4268 73 179 179
fre 5460 4276 73 179 179
fre 5460 4268 73 179 179
tree 5640 4280 79 0 179
stand 5752 4280 288 0 179
fre 5796 4268 2 179 179
tree 5880 4280 87 0 179
tree 5896 4280 87 0 179
tree 5944 4280 79 0 179
fre 6100 4260 2 179 179
fre 6332 4268 2 179 179
fre 6556 4276 2 179 179
stand 6616 4264 316 0 179
stand 6664 4280 318 0 179
tree 6664 4280 45 0 179
fre 6716 4276 58 179 179
stand 6712 4280 316 0 179
stand 6824 4280 318 0 179
tree 6824 4280 45 0 179
fre 6876 4276 58 179 179
stand 6872 4280 316 0 179
fre 6892 4260 58 179 179
stand 6952 4264 318 0 179
fre 7148 4260 58 179 179
stand 7208 4264 318 0 179
tree 7320 4280 87 0 179
fre 444 4308 62 179 179
fre 580 4308 62 179 179
fre 660 4292 62 179 179
fre 780 4300 62 179 179
fre 852 4308 62 179 179
fre 988 4316 61 179 179
fre 1020 4308 62 179 179
fre 1204 4316 62 179 179
zabor 1744 4304 31 0 8
fre 1900 4316 203 179 179
fre 1908 4292 203 179 179
fre 1916 4292 204 179 179
fre 1908 4316 74 179 179
fre 1940 4316 74 179 179
fre 2004 4316 71 179 179
tree 2024 4312 87 0 179
cliff 2016 4304 40 179 179
tree 2056 4296 45 0 179
tree 2104 4296 41 0 179
fre 2284 4308 72 179 179
fre 2332 4316 71 179 179
tree 2344 4312 41 0 179
tree 2344 4296 41 0 179
stand 2344 4312 402 0 179
fre 2348 4316 72 179 179
fre 2396 4300 71 179 179
fre 2388 4300 72 179 179
fre 2404 4308 71 179 179
fre 2412 4300 71 179 179
fre 2412 4308 72 179 179
fre 2404 4292 72 179 179
zabor 2640 4304 29 0 8
tree 2712 4296 43 0 179
fre 2740 4292 271 179 179
fre 2812 4300 193 179 179
fre 2788 4308 271 179 179
tree 2824 4312 16 0 179
tree 2872 4296 43 0 179
zabor 2960 4304 27 0 8
zabor 2992 4304 24 0 8
tree 3032 4312 32 0 179
tree 3016 4296 84 0 179
tree 3016 4312 84 0 179
fre 3068 4300 271 179 179
stand 3096 4296 403 0 179
fre 3124 4316 63 179 179
fre 3124 4308 63 179 179
stand 3224 4312 27 0 179
trop 3356 4316 140 179 179
trop 3508 4316 140 179 179
zabor 3664 4304 28 0 8
tree 3896 4312 43 0 179
fre 3916 4300 63 179 179
fre 3964 4308 63 179 179
fre 3996 4300 63 179 179
trop 4308 4316 140 179 179
vor 4324 4308 65 179 179
stand 4376 4312 454 0 179
vor 4420 4300 115 179 179
trop 4468 4316 140 179 179
stand 4776 4296 316 0 179
stand 4856 4296 316 0 179
fre 5004 4308 194 179 179
fre 5044 4308 194 179 179
tree 5064 4312 85 0 179
fre 5132 4300 194 179 179
tree 5336 4296 45 0 179
tree 5416 4312 85 0 179
fre 5452 4300 73 179 179
trop 5524 4300 139 179 179
tree 5608 4312 77 0 179
fre 5924 4308 196 179 179
tree 6024 4312 79 0 179
fre 6156 4316 2 179 179
tree 6248 4312 79 0 179
tree 6296 4296 77 0 179
tree 6312 4312 87 0 179
fre 6380 4308 2 179 179
tree 6456 4296 77 0 179
fre 6732 4292 58 179 179
stand 6792 4296 318 0 179
stand 6904 4312 316 0 179
tree 6904 4296 45 0 179
stand 7160 4312 316 0 179
tree 7160 4296 45 0 179
cliff 7312 4288 50 179 179
stand 7400 4312 414 0 179
cliff 7440 4288 65 179 179
fre 196 4340 61 179 179
fre 300 4332 62 179 179
fre 508 4348 61 179 179
fre 652 4348 62 179 179
fre 900 4348 62 179 179
fre 1244 4340 62 179 179
fre 1380 4340 62 179 179
fre 1460 4324 62 179 179
fre 1580 4332 62 179 179
fre 1652 4340 62 179 179
fre 1684 4324 62 179 179
zabor 1744 4336 24 0 8
fre 1908 4348 203 179 179
fre 1932 4340 203 179 179
fre 1932 4324 203 179 179
fre 1972 4340 74 179 179
fre 1980 4340 74 179 179
fre 1980 4324 72 179 179
fre 1988 4340 74 179 179
tree 2072 4344 87 0 179
cliff 2048 4336 35 179 179
stand 2152 4328 383 0 179
tree 2232 4328 77 0 179
tree 2264 4344 41 0 179
stand 2344 4328 287 0 179
tree 2376 4328 41 0 179
fre 2460 4348 71 179 179
fre 2468 4324 71 179 179
tree 2520 4328 77 0 179
stand 2520 4328 405 0 179
tree 2536 4344 75 0 179
tree 2552 4328 41 0 179
zabor 2640 4336 28 0 8
zabor 2672 4336 30 0 8
zabor 2704 4336 27 0 8
zabor 2736 4336 24 0 8
zabor 2768 4336 27 0 8
zabor 2800 4336 25 0 8
zabor 2832 4336 25 0 8
zabor 2864 4336 25 0 8
zabor 2896 4336 26 0 8
zabor 2928 4336 30 0 8
zabor 2992 4336 26 0 8
zabor 3024 4336 26 0 8
zabor 3664 4336 31 0 8
dom 3712 4320 126 0 179
dom 4064 4320 128 0 179
zabor 4144 4336 31 0 8
vor 4388 4340 65 179 179
fre 4428 4324 185 179 179
stand 4680 4344 316 0 179
stand 4728 4328 316 0 179
tree 4712 4344 45 0 179
stand 4744 4328 316 0 179
stand 4792 4344 316 0 179
fre 4884 4348 271 179 179
fre 4932 4324 194 179 179
fre 5220 4324 194 179 179
tree 5288 4328 85 0 179
tree 5320 4328 85 0 179
fre 5468 4340 73 179 179
tree 5640 4328 87 0 179
tree 5736 4344 79 0 179
fre 5820 4340 2 179 179
tree 5880 4328 87 0 179
stand 6744 4344 316 0 179
tree 6744 4328 45 0 179
stand 6952 4328 318 0 179
stand 7048 4344 316 0 179
stand 7080 4328 316 0 179
tree 7080 4344 45 0 179
stand 7112 4328 318 0 179
tree 7288 4344 86 0 179
fre 196 4364 61 179 179
fre 268 4364 62 179 179
fre 380 4372 62 179 179
fre 732 4356 62 179 179
fre 844 4364 62 179 179
fre 996 4372 61 179 179
fre 1100 4364 62 179 179
fre 1324 4380 62 179 179
fre 1452 4380 62 179 179
fre 1700 4380 62 179 179
zabor 1744 4368 29 0 8
fre 1948 4364 204 179 179
fre 1964 4356 203 179 179
fre 1996 4372 203 179 179
fre 2012 4372 74 179 179
fre 2020 4364 72 179 179
fre 2028 4380 72 179 179
fre 2068 4372 71 179 179
tree 2088 4376 86 0 179
tree 2168 4360 41 0 179
stand 2248 4376 402 0 179
stand 2296 4360 405 0 179
dom 2304 4352 272 0 179
stand 2392 4376 402 0 179
fre 2420 4380 71 179 179
fre 2444 4372 72 179 179
fre 2484 4372 72 179 179
zabor 3024 4368 26 0 8
zabor 3056 4368 26 0 8
zabor 3088 4368 27 0 8
zabor 3120 4368 31 0 8
zabor 3152 4368 24 0 8
zabor 3184 4368 25 0 8
zabor 3216 4368 31 0 8
zabor 3248 4368 28 0 8
zabor 3344 4368 31 0 8
zabor 3376 4368 27 0 8
zabor 3408 4368 27 0 8
zabor 3440 4368 26 0 8
zabor 3472 4368 24 0 8
zabor 3504 4368 30 0 8
zabor 3536 4368 28 0 8
zabor 3568 4368 30 0 8
zabor 3664 4368 26 0 8
fre 3788 4364 46 179 179
tree 3800 4376 28 0 179
dom 3872 4352 139 0 179
zabor 4144 4368 26 0 8
zabor 4240 4368 28 0 8
zabor 4272 4368 31 0 8
zabor 4304 4368 28 0 8
zabor 4336 4368 27 0 8
zabor 4368 4368 30 0 8
zabor 4400 4368 30 0 8
zabor 4432 4368 29 0 8
zabor 4464 4368 26 0 8
zabor 4496 4368 31 0 8
zabor 4528 4368 24 0 8
zabor 4560 4368 25 0 8
stand 4712 4376 317 0 179
tree 4840 4360 77 0 179
tree 5016 4376 85 0 179
tree 5128 4360 85 0 179
fre 5148 4372 196 179 179
fre 5156 4356 268 179 179
fre 5412 4380 194 179 179
tree 5608 4376 77 0 179
stand 5672 4360 288 0 179
fre 5876 4372 269 179 179
tree 5928 4376 77 0 179
tree 5976 4360 77 0 179
tree 5992 4360 77 0 179
tree 6328 4376 33 0 179
tree 6360 4376 87 0 179
fre 6428 4372 2 179 179
stand 6664 4360 318 0 179
stand 6760 4376 316 0 179
stand 6792 4360 316 0 179
tree 6792 4376 45 0 179
stand 6824 4360 318 0 179
fre 6980 4380 58 179 179
fre 7044 4356 58 179 179
stand 7096 4376 316 0 179
fre 7140 4380 58 179 179
tree 7272 4360 86 0 179
fre 180 4404 61 179 179
fre 476 4412 62 179 179
fre 604 4404 62 179 179
fre 996 4396 61 179 179
fre 1180 4404 62 179 179
fre 1532 4404 62 179 179
fre 1644 4396 62 179 179
zabor 1744 4400 30 0 8
fre 1932 4396 204 179 179
fre 1988 4404 203 179 179
fre 1996 4396 204 179 179
stand 2040 4408 405 0 179
fre 2044 4388 72 179 179
fre 2052 4412 72 179 179
fre 2076 4396 71 179 179
cliff 2112 4400 34 179 179
tree 2168 4408 77 0 179
tree 2232 4408 41 0 179
fre 2372 4412 71 179 179
fre 2412 4404 72 179 179
fre 2492 4388 71 179 179
fre 2524 4404 72 179 179
fre 2500 4396 72 179 179
fre 2524 4396 71 179 179
trop 3076 4404 89 179 179
trop 3180 4404 81 179 179
tree 3352 4392 32 0 179
lay 3384 4408 8 0 179
tree 3384 4392 43 0 179
tree 3432 4392 84 0 179
tree 3480 4408 84 0 179
tree 3496 4392 84 0 179
tree 3544 4392 43 0 179
stand 3544 4392 59 0 179
zabor 3568 4400 29 0 8
trop 3612 4396 139 179 179
zabor 3664 4400 28 0 8
fre 3692 4388 46 179 179
fre 3700 4388 73 179 179
tree 3688 4408 43 0 179
fre 3740 4404 73 179 179
fre 3748 4404 271 179 179
fre 3772 4396 46 179 179
fre 3764 4396 73 179 179
lay 3752 4408 24 0 179
tree 3816 4408 84 0 179
fre 3924 4396 193 179 179
tree 4088 4408 43 0 179
tree 4120 4392 84 0 179
tree 4104 4408 43 0 179
zabor 4144 4400 26 0 8
zabor 4240 4400 24 0 8
stand 4440 4392 361 0 179
tree 4472 4408 43 0 179
tree 4504 4392 43 0 179
tree 4488 4392 14 0 179
stand 4488 4408 159 0 179
zabor 4560 4400 26 0 8
stand 4680 4408 318 0 179
tree 4696 4392 45 0 179
stand 4744 4408 316 0 179
stand 4776 4392 316 0 179
tree 4776 4408 45 0 179
tree 4872 4408 77 0 179
fre 4884 4388 271 179 179
fre 4948 4404 194 179 179
fre 4948 4396 268 179 179
tree 5048 4408 77 0 179
tree 5096 4408 35 0 179
fre 5124 4388 272 179 179
tree 5208 4392 78 0 179
stand 5256 4408 405 0 179
fre 5284 4388 194 179 179
fre 5348 4412 194 179 179
fre 5388 4404 82 179 179
fre 5404 4412 268 179 179
fre 5388 4388 73 179 179
tree 5608 4392 87 0 179
fre 5724 4396 2 179 179
fre 5852 4396 2 179 179
fre 6020 4404 269 179 179
tree 6120 4392 79 0 179
fre 6196 4388 269 179 179
fre 6196 4404 2 179 179
tree 6296 4392 79 0 179
tree 6280 4392 79 0 179
fre 6380 4388 269 179 179
fre 6492 4396 2 179 179
tree 6616 4392 79 0 179
fre 6692 4412 58 179 179
fre 6756 4388 58 179 179
stand 6808 4408 316 0 179
fre 6852 4412 58 179 179
stand 7000 4408 316 0 179
stand 7032 4392 316 0 179
stand 7160 4408 316 0 179
tree 7288 4408 86 0 179
tree 7288 4392 86 0 179
cliff 7312 4384 75 179 179
fre 220 4436 62 179 179
fre 308 4420 62 179 179
fre 396 4444 62 179 179
fre 524 4444 62 179 179
fre 684 4428 62 179 179
fre 780 4444 62 179 179
fre 828 4420 62 179 179
fre 836 4436 62 179 179
fre 916 4428 62 179 179
fre 980 4436 61 179 179
fre 1276 4444 62 179 179
fre 1404 4436 62 179 179
zabor 1744 4432 26 0 8
fre 1916 4420 203 179 179
tree 1976 4424 76 0 179
fre 2020 4428 203 179 179
fre 2044 4436 203 179 179
fre 2036 4436 204 179 179
fre 2028 4428 72 179 179
tree 2120 4424 86 0 179
fre 2132 4436 71 179 179
tree 2216 4440 77 0 179
fre 2556 4444 72 179 179
trop 3292 4428 139 179 179
tree 3336 4424 84 0 179
fre 3372 4428 271 179 179
dom 3360 4416 31 0 179
tree 3400 4424 35 0 179
zabor 3568 4432 31 0 8
zabor 3664 4432 28 0 8
tree 3720 4424 84 0 179
tree 3800 4424 84 0 179
tree 3848 4424 84 0 179
tree 4040 4424 84 0 179
tree 4120 4424 84 0 179
zabor 4144 4432 28 0 8
zabor 4240 4432 27 0 8
tree 4328 4440 30 0 179
dom 4384 4416 62 0 179
zabor 4560 4432 29 0 8
tree 4744 4440 45 0 179
fre 4852 4428 271 179 179
fre 4852 4444 271 179 179
fre 4860 4420 268 179 179
fre 4844 4420 268 179 179
fre 4876 4436 268 179 179
tree 5064 4440 76 0 179
fre 5140 4436 268 179 179
tree 5192 4424 33 0 179
fre 5196 4420 196 179 179
fre 5212 4444 272 179 179
tree 5224 4424 45 0 179
fre 5292 4428 194 179 179
fre 5428 4444 194 179 179
fre 5412 4444 73 179 179
fre 5652 4436 2 179 179
fre 5796 4428 2 179 179
fre 5948 4444 2 179 179
tree 6056 4440 77 0 179
stand 6248 4424 289 0 179
stand 6328 4440 289 0 179
tree 6360 4424 77 0 179
tree 6344 4424 77 0 179
fre 6372 4428 269 179 179
fre 6428 4428 2 179 179
fre 6556 4420 2 179 179
stand 6712 4440 316 0 179
stand 6744 4424 316 0 179
stand 6872 4440 316 0 179
stand 6952 4424 316 0 179
tree 6984 4440 45 0 179
stand 7080 4424 318 0 179
stand 7112 4424 316 0 179
tree 7144 4440 45 0 179
fre 180 4460 61 179 179
fre 244 4452 61 179 179
fre 300 4468 61 179 179
fre 340 4460 61 179 179
fre 420 4460 61 179 179
fre 484 4460 61 179 179
fre 548 4460 61 179 179
fre 604 4460 61 179 179
fre 644 4460 61 179 179
fre 708 4476 61 179 179
fre 740 4468 61 179 179
fre 876 4460 61 179 179
fre 1020 4468 62 179 179
fre 1108 4452 62 179 179
fre 1196 4476 62 179 179
fre 1324 4476 62 179 179
fre 1484 4460 62 179 179
fre 1588 4476 61 179 179
fre 1628 4452 62 179 179
fre 1636 4468 62 179 179
fre 1716 4460 62 179 179
zabor 1744 4464 30 0 8
trop 1836 4452 139 179 179
fre 1916 4452 203 179 179
tree 1944 4472 9 0 179
tree 1976 4456 76 0 179
fre 2004 4476 72 179 179
fre 2060 4452 203 179 179
fre 2076 4468 204 179 179
stand 2056 4456 405 0 179
tree 2168 4456 86 0 179
cliff 2160 4448 36 179 179
tree 2232 4472 45 0 179
fre 2332 4452 72 179 179
tree 2488 4456 44 0 179
tree 2536 4472 44 0 179
fre 2548 4452 71 179 179
zabor 3184 4464 25 0 8
zabor 3216 4464 30 0 8
zabor 3248 4464 28 0 8
zabor 3344 4464 31 0 8
fre 3388 4452 128 179 179
fre 3396 4452 193 179 179
fre 3428 4468 63 179 179
fre 3444 4468 63 179 179
dom 3488 4448 121 0 179
zabor 3568 4464 31 0 8
zabor 3664 4464 25 0 8
zabor 3696 4464 31 0 8
zabor 3728 4464 27 0 8
zabor 3760 4464 27 0 8
zabor 3792 4464 28 0 8
zabor 3824 4464 30 0 8
zabor 3856 4464 25 0 8
zabor 3888 4464 30 0 8
zabor 3920 4464 30 0 8
zabor 3952 4464 24 0 8
zabor 3984 4464 29 0 8
zabor 4016 4464 24 0 8
zabor 4048 4464 26 0 8
zabor 4080 4464 30 0 8
zabor 4112 4464 26 0 8
zabor 4144 4464 25 0 8
trop 4188 4460 139 179 179
zabor 4240 4464 25 0 8
fre 4332 4476 76 179 179
tree 4504 4456 43 0 179
zabor 4560 4464 28 0 8
trop 4596 4452 139 179 179
stand 4664 4456 318 0 179
stand 4728 4456 316 0 179
stand 4824 4472 316 0 179
fre 4892 4460 271 179 179
fre 4908 4460 268 179 179
fre 4948 4476 194 179 179
fre 4972 4468 194 179 179
tree 5016 4456 85 0 179
tree 5032 4456 85 0 179
tree 5096 4456 42 0 179
tree 5208 4472 78 0 179
tree 5224 4456 45 0 179
tree 5240 4456 45 0 179
trop 5524 4476 139 179 179
tree 5752 4456 87 0 179
fre 6012 4452 2 179 179
fre 6108 4476 269 179 179
fre 6196 4460 2 179 179
fre 6244 4468 2 179 179
fre 6308 4468 2 179 179
stand 6344 4456 289 0 179
fre 6380 4476 2 179 179
stand 6664 4456 316 0 179
tree 6696 4472 45 0 179
stand 6792 4456 318 0 179
stand 6824 4456 316 0 179
tree 6856 4472 45 0 179
stand 6952 4472 318 0 179
tree 6952 4472 45 0 179
fre 7004 4468 58 179 179
stand 7000 4472 316 0 179
stand 7112 4472 318 0 179
tree 7112 4472 45 0 179
fre 7164 4468 58 179 179
stand 7160 4472 316 0 179
fre 7260 4476 2 179 179
cliff 7344 4464 18 179 179
fre 980 4492 61 179 179
fre 1044 4484 61 179 179
fre 1100 4500 61 179 179
fre 1140 4492 61 179 179
fre 1220 4492 61 179 179
fre 1284 4492 61 179 179
fre 1348 4492 61 179 179
fre 1404 4492 61 179 179
fre 1444 4492 61 179 179
fre 1508 4508 61 179 179
fre 1540 4500 61 179 179
fre 1596 4500 61 179 179
fre 1676 4492 61 179 179
zabor 1744 4496 24 0 8
fre 1900 4508 74 179 179
tree 1960 4488 42 0 179
tree 2024 4488 80 0 179
tree 2200 4488 86 0 179
tree 2184 4488 86 0 179
cliff 2208 4496 35 179 179
tree 2264 4504 86 0 179
tree 2296 4504 86 0 179
tree 2296 4488 41 0 179
tree 2312 4488 45 0 179
tree 2344 4504 45 0 179
tree 2424 4504 90 0 179
tree 2440 4504 86 0 179
tree 2488 4488 44 0 179
tree 2552 4504 87 0 179
zabor 3248 4496 31 0 8
zabor 3344 4496 29 0 8
fre 3332 4500 63 179 179
fre 3364 4500 63 179 179
stand 3368 4504 404 0 179
zabor 3568 4496 28 0 8
trop 3716 4492 140 179 179
trop 3892 4500 140 179 179
trop 4068 4500 140 179 179
zabor 4240 4496 28 0 8
fre 4332 4492 76 179 179
fre 4356 4492 76 179 179
fre 4460 4508 76 179 179
stand 4504 4504 406 0 179
zabor 4560 4496 25 0 8
stand 4696 4488 318 0 179
stand 4712 4504 317 0 179
tree 4728 4504 45 0 179
fre 4788 4500 58 179 179
fre 4788 4508 268 179 179
fre 4820 4508 271 179 179
fre 4860 4484 268 179 179
fre 4892 4484 268 179 179
stand 4920 4504 316 0 179
fre 5092 4484 268 179 179
tree 5192 4504 85 0 179
tree 5224 4504 85 0 179
tree 5432 4504 40 0 179
fre 5460 4492 73 179 179
tree 5752 4504 79 0 179
fre 5876 4500 196 179 179
tree 5912 4504 87 0 179
fre 6092 4484 2 179 179
fre 6172 4492 2 179 179
fre 6532 4484 269 179 179
fre 6612 4508 2 179 179
stand 6664 4504 318 0 179
tree 6664 4504 45 0 179
fre 6716 4500 58 179 179
stand 6712 4504 316 0 179
stand 6824 4504 318 0 179
tree 6824 4504 45 0 179
fre 6876 4500 58 179 179
stand 6872 4504 316 0 179
fre 7020 4484 58 179 179
stand 7080 4488 318 0 179
tree 7256 4504 85 0 179
stand 7272 4488 304 0 179
stand 7304 4504 304 0 179
zabor 112 4528 25 0 8
zabor 144 4528 26 0 8
zabor 176 4528 25 0 8
zabor 208 4528 29 0 8
zabor 240 4528 26 0 8
zabor 272 4528 29 0 8
zabor 304 4528 27 0 8
zabor 336 4528 30 0 8
zabor 368 4528 29 0 8
zabor 400 4528 31 0 8
zabor 432 4528 29 0 8
zabor 464 4528 27 0 8
zabor 496 4528 26 0 8
zabor 528 4528 28 0 8
zabor 560 4528 24 0 8
zabor 592 4528 25 0 8
zabor 624 4528 24 0 8
zabor 656 4528 28 0 8
zabor 688 4528 30 0 8
zabor 720 4528 27 0 8
zabor 752 4528 29 0 8
zabor 784 4528 25 0 8
zabor 816 4528 26 0 8
zabor 848 4528 28 0 8
zabor 880 4528 30 0 8
zabor 912 4528 31 0 8
zabor 944 4528 31 0 8
zabor 976 4528 27 0 8
zabor 1008 4528 24 0 8
zabor 1040 4528 31 0 8
zabor 1072 4528 28 0 8
zabor 1104 4528 31 0 8
zabor 1136 4528 30 0 8
zabor 1168 4528 28 0 8
zabor 1200 4528 24 0 8
zabor 1232 4528 27 0 8
zabor 1264 4528 27 0 8
zabor 1296 4528 26 0 8
zabor 1328 4528 26 0 8
zabor 1360 4528 28 0 8
zabor 1392 4528 26 0 8
zabor 1424 4528 28 0 8
zabor 1456 4528 27 0 8
zabor 1488 4528 24 0 8
zabor 1520 4528 28 0 8
zabor 1552 4528 30 0 8
zabor 1584 4528 31 0 8
zabor 1616 4528 25 0 8
zabor 1648 4528 25 0 8
zabor 1680 4528 26 0 8
zabor 1712 4528 25 0 8
zabor 1744 4528 27 0 8
fre 1900 4540 74 179 179
fre 1932 4516 74 179 179
fre 1980 4516 202 179 179
fre 1956 4524 74 179 179
stand 2008 4520 355 0 179
tree 2040 4520 55 0 179
fre 2060 4540 74 179 179
tree 2136 4536 81 0 179
tree 2216 4520 86 0 179
tree 2248 4520 86 0 179
tree 2296 4536 87 0 179
tree 2328 4536 86 0 179
tree 2360 4520 86 0 179
tree 2408 4536 87 0 179
tree 2456 4520 86 0 179
tree 2488 4536 87 0 179
tree 2504 4520 87 0 179
tree 2552 4536 86 0 179
tree 2584 4520 87 0 179
fre 2652 4532 72 179 179
fre 2652 4524 72 179 179
zabor 3248 4528 26 0 8
fre 3356 4516 63 179 179
fre 3388 4524 63 179 179
fre 3380 4540 63 179 179
fre 3364 4516 63 179 179
stand 3368 4520 274 0 179
stand 3384 4536 403 0 179
vor 3412 4516 114 179 179
fre 3548 4532 128 179 179
fre 3548 4540 129 179 179
zabor 3568 4528 27 0 8
zabor 4240 4528 30 0 8
tree 4328 4536 32 0 179
tree 4328 4520 30 0 179
tree 4344 4536 30 0 179
fre 4332 4540 76 179 179
stand 4360 4520 9 0 179
fre 4412 4540 76 179 179
fre 4476 4516 63 179 179
fre 4460 4524 63 179 179
fre 4476 4540 63 179 179
fre 4484 4516 76 179 179
fre 4484 4532 76 179 179
fre 4492 4532 76 179 179
stand 4504 4536 406 0 179
stand 4488 4520 406 0 179
tree 4520 4520 32 0 179
zabor 4560 4528 28 0 8
stand 4680 4520 317 0 179
tree 4680 4520 45 0 179
tree 4728 4536 45 0 179
stand 4744 4520 316 0 179
fre 4876 4516 194 179 179
fre 5108 4524 194 179 179
fre 5180 4540 194 179 179
fre 5308 4532 194 179 179
fre 5324 4532 272 179 179
tree 5384 4520 35 0 179
fre 5620 4532 269 179 179
fre 5668 4516 2 179 179
tree 5848 4536 79 0 179
tree 5896 4536 18 0 179
fre 6188 4524 2 179 179
dom 6496 4512 308 0 179
tree 6536 4536 34 0 179
fre 6732 4516 58 179 179
stand 6792 4520 318 0 179
stand 7032 4536 316 0 179
tree 7032 4520 45 0 179
tree 7224 4520 85 0 179
tree 7240 4520 85 0 179
stand 7320 4520 304 0 179
stand 7304 4520 310 0 179
fre 1940 4556 72 179 179
fre 1980 4564 72 179 179
fre 1980 4556 74 179 179
cliff 2256 4544 32 179 179
cliff 2336 4560 32 179 179
cliff 2416 4560 31 179 179
cliff 2480 4560 29 179 179
cliff 2560 4544 28 179 179
fre 2636 4564 72 179 179
fre 2636 4548 72 179 179
zabor 3248 4560 31 0 8
stand 3544 4552 69 0 179
zabor 3568 4560 26 0 8
trop 3612 4556 139 179 179
zabor 3664 4560 25 0 8
zabor 3696 4560 25 0 8
zabor 3728 4560 25 0 8
zabor 3760 4560 31 0 8
zabor 3792 4560 28 0 8
zabor 3824 4560 31 0 8
zabor 3856 4560 28 0 8
zabor 3888 4560 29 0 8
zabor 3920 4560 29 0 8
zabor 3952 4560 26 0 8
zabor 3984 4560 27 0 8
zabor 4016 4560 29 0 8
zabor 4048 4560 27 0 8
zabor 4080 4560 24 0 8
zabor 4112 4560 25 0 8
zabor 4144 4560 29 0 8
zabor 4240 4560 31 0 8
zabor 4272 4560 28 0 8
zabor 4304 4560 27 0 8
fre 4292 4548 185 179 179
tree 4328 4552 30 0 179
zabor 4432 4560 27 0 8
zabor 4464 4560 31 0 8
zabor 4496 4560 25 0 8
zabor 4528 4560 30 0 8
zabor 4560 4560 30 0 8
stand 4680 4552 318 0 179
stand 4760 4568 316 0 179
fre 5020 4548 194 179 179
fre 5036 4564 194 179 179
fre 5140 4572 272 179 179
fre 5276 4564 268 179 179
fre 5372 4548 196 179 179
stand 5368 4568 405 0 179
fre 5420 4572 268 179 179
fre 5628 4564 269 179 179
stand 5608 4568 288 0 179
fre 5708 4564 2 179 179
tree 5784 4568 87 0 179
tree 5816 4568 87 0 179
fre 5868 4548 269 179 179
fre 5924 4556 196 179 179
fre 5956 4548 269 179 179
tree 6040 4552 18 0 179
tree 6072 4568 87 0 179
stand 6744 4568 316 0 179
tree 6744 4552 45 0 179
tree 6744 4568 85 0 179
tree 6776 4552 33 0 179
tree 6856 4552 87 0 179
fre 6948 4564 2 179 179
tree 7144 4552 79 0 179
tree 7288 4568 33 0 179
tree 7320 4568 85 0 179
cliff 7440 4560 18 179 179
trop 1796 4604 194 179 179
fre 2012 4588 202 179 179
fre 2060 4580 74 179 179
stand 2136 4600 405 0 179
fre 2268 4580 72 179 179
fre 2252 4580 72 179 179
fre 2300 4596 72 179 179
fre 2316 4604 72 179 179
fre 2324 4596 72 179 179
fre 2356 4596 72 179 179
fre 2348 4596 72 179 179
fre 2372 4604 72 179 179
fre 2380 4596 72 179 179
fre 2524 4588 72 179 179
fre 2540 4588 72 179 179
fre 2564 4588 72 179 179
fre 2644 4588 204 179 179
fre 2660 4604 72 179 179
zabor 3248 4592 31 0 8
trop 3292 4588 139 179 179
fre 3476 4580 63 179 179
fre 3500 4596 193 179 179
fre 3492 4580 63 179 179
fre 3500 4580 63 179 179
tree 3544 4584 84 0 179
zabor 3568 4592 31 0 8
tree 3560 4600 84 0 179
zabor 3664 4592 25 0 8
tree 3720 4584 43 0 179
tree 3736 4584 43 0 179
tree 3768 4584 85 0 179
tree 3880 4584 84 0 179
tree 3928 4600 35 0 179
tree 3912 4584 43 0 179
tree 3976 4600 85 0 179
tree 4008 4584 84 0 179
tree 4072 4600 35 0 179
tree 4120 4600 44 0 179
zabor 4144 4592 29 0 8
vor 4316 4588 66 179 179
trop 4300 4596 140 179 179
trop 4476 4596 140 179 179
stand 4696 4600 316 0 179
stand 4728 4600 318 0 179
fre 4796 4588 58 179 179
stand 4856 4584 316 0 179
fre 4868 4596 194 179 179
tree 4920 4600 35 0 179
tree 4904 4584 85 0 179
fre 5060 4596 268 179 179
dom 5088 4576 308 0 179
tree 5128 4584 35 0 179
fre 5180 4580 268 179 179
fre 5268 4596 194 179 179
tree 5368 4584 79 0 179
tree 5400 4584 81 0 179
tree 5400 4600 40 0 179
tree 5416 4600 40 0 179
tree 5432 4584 45 0 179
fre 5908 4596 269 179 179
fre 5932 4596 272 179 179
fre 6004 4596 269 179 179
tree 5992 4584 35 0 179
tree 6136 4584 87 0 179
fre 6196 4596 2 179 179
fre 6300 4604 196 179 179
tree 6280 4600 33 0 179
tree 6344 4584 87 0 179
tree 6344 4600 34 0 179
tree 6456 4584 87 0 179
tree 6472 4600 34 0 179
fre 6500 4588 272 179 179
fre 6508 4580 196 179 179
fre 6620 4588 269 179 179
fre 6836 4596 196 179 179
tree 7096 4584 19 0 179
tree 7128 4600 34 0 179
tree 7224 4600 35 0 179
tree 7352 4584 18 0 179
tree 7336 4600 85 0 179
trop 212 4636 140 179 179
trop 388 4636 140 179 179
trop 484 4636 140 179 179
trop 652 4636 140 179 179
trop 820 4636 140 179 179
trop 980 4636 140 179 179
trop 1156 4636 140 179 179
trop 1252 4636 140 179 179
trop 1420 4636 140 179 179
trop 1588 4636 140 179 179
trop 1684 4636 140 179 179
tree 1944 4632 76 0 179
fre 2076 4612 201 179 179
stand 2136 4632 405 0 179
tree 2152 4616 81 0 179
tree 2216 4616 76 0 179
stand 2264 4632 358 0 179
stand 2280 4632 358 0 179
fre 2340 4628 72 179 179
stand 2344 4616 359 0 179
tree 2536 4632 82 0 179
fre 2644 4628 204 179 179
zabor 3248 4624 25 0 8
dom 3392 4608 142 0 179
fre 3412 4636 63 179 179
dom 3456 4608 138 0 179
zabor 3568 4624 28 0 8
zabor 3664 4624 26 0 8
fre 3796 4620 46 179 179
fre 3804 4636 76 179 179
fre 3796 4628 76 179 179
dom 3840 4608 138 0 179
tree 3944 4632 14 0 179
fre 4124 4628 73 179 179
zabor 4144 4624 31 0 8
trop 4188 4620 139 179 179
tree 4328 4632 83 0 179
tree 4376 4632 83 0 179
tree 4504 4632 83 0 179
zabor 4528 4624 27 0 8
trop 4596 4628 139 179 179
stand 4680 4616 317 0 179
tree 4760 4632 45 0 179
stand 4776 4632 316 0 179
fre 4916 4628 196 179 179
fre 4924 4612 272 179 179
tree 5000 4632 42 0 179
fre 5284 4620 85 179 179
fre 5316 4620 268 179 179
tree 5352 4616 45 0 179
tree 5384 4616 40 0 179
tree 5416 4616 40 0 179
fre 5452 4620 73 179 179
fre 5444 4612 73 179 179
fre 5740 4636 2 179 179
tree 5880 4632 34 0 179
tree 5944 4632 35 0 179
fre 5964 4620 196 179 179
tree 6104 4632 34 0 179
fre 6340 4612 196 179 179
fre 6372 4636 269 179 179
fre 6412 4612 196 179 179
tree 6488 4632 34 0 179
tree 6488 4616 34 0 179
tree 6472 4616 34 0 179
fre 6676 4636 2 179 179
fre 6916 4612 2 179 179
fre 7148 4620 196 179 179
fre 7260 4636 196 179 179
fre 7300 4620 196 179 179
tree 7304 4632 34 0 179
fre 7364 4636 72 179 179
fre 7388 4636 269 179 179
tree 7416 4616 45 0 179
tree 7448 4616 86 0 179
fre 7452 4628 72 179 179
fre 1900 4668 204 179 179
fre 1892 4660 204 179 179
tree 1928 4664 80 0 179
tree 1976 4648 34 0 179
stand 2072 4664 405 0 179
fre 2116 4660 74 179 179
tree 2168 4648 42 0 179
fre 2196 4652 206 179 179
tree 2216 4648 42 0 179
tree 2216 4664 42 0 179
fre 2228 4668 206 179 179
tree 2248 4648 80 0 179
fre 2260 4660 206 179 179
fre 2292 4660 206 179 179
fre 2324 4660 72 179 179
fre 2356 4660 206 179 179
stand 2376 4648 355 0 179
fre 2436 4668 206 179 179
stand 2456 4664 291 0 179
tree 2472 4664 81 0 179
fre 2492 4660 206 179 179
tree 2504 4648 82 0 179
tree 2536 4664 42 0 179
fre 2564 4652 206 179 179
fre 2580 4660 206 179 179
tree 2648 4648 12 0 179
fre 2652 4660 72 179 179
zabor 3248 4656 30 0 8
fre 3524 4652 193 179 179
zabor 3568 4656 24 0 8
zabor 3664 4656 24 0 8
dom 3712 4640 123 0 179
fre 3796 4668 46 179 179
fre 3788 4644 46 179 179
fre 3804 4660 76 179 179
fre 3932 4660 76 179 179
fre 3948 4660 76 179 179
fre 3948 4644 76 179 179
stand 3976 4648 10 0 179
dom 4064 4640 127 0 179
fre 4124 4644 73 179 179
fre 4116 4652 73 179 179
fre 4108 4668 73 179 179
zabor 4144 4656 25 0 8
fre 4132 4668 73 179 179
zabor 4240 4656 26 0 8
tree 4344 4648 83 0 179
fre 4404 4668 271 179 179
tree 4440 4648 83 0 179
tree 4488 4648 43 0 179
zabor 4528 4656 30 0 8
stand 4744 4648 316 0 179
fre 4892 4644 194 179 179
tree 4920 4664 75 0 179
fre 4948 4668 268 179 179
tree 4968 4648 76 0 179
fre 5084 4652 194 179 179
tree 5144 4648 76 0 179
tree 5176 4648 33 0 179
tree 5208 4648 35 0 179
tree 5256 4664 42 0 179
tree 5400 4664 85 0 179
tree 5384 4664 85 0 179
tree 5432 4648 45 0 179
fre 5460 4644 73 179 179
trop 5524 4660 139 179 179
tree 5656 4648 79 0 179
fre 5788 4660 269 179 179
fre 5868 4668 272 179 179
tree 5880 4664 87 0 179
tree 6040 4664 35 0 179
tree 6152 4648 35 0 179
tree 6296 4664 34 0 179
tree 6344 4664 35 0 179
fre 6420 4660 196 179 179
stand 6568 4648 316 0 179
fre 6772 4660 196 179 179
tree 6808 4664 35 0 179
fre 6908 4660 2 179 179
fre 6956 4644 269 179 179
tree 7096 4648 33 0 179
tree 7176 4664 87 0 179
tree 7240 4664 85 0 179
tree 7352 4648 19 0 179
fre 7404 4660 84 179 179
stand 7400 4664 405 0 179
fre 7396 4644 72 179 179
stand 7480 4648 304 0 179
cliff 7536 4656 18 179 179
tree 1896 4696 42 0 179
fre 1916 4692 204 179 179
fre 1900 4692 204 179 179
fre 1924 4692 204 179 179
tree 1960 4680 42 0 179
fre 2012 4700 73 179 179
fre 2060 4692 72 179 179
fre 2084 4684 73 179 179
fre 2116 4692 72 179 179
fre 2164 4684 72 179 179
fre 2228 4676 74 179 179
fre 2316 4700 72 179 179
fre 2388 4676 206 179 179
tree 2520 4680 42 0 179
fre 2572 4676 72 179 179
fre 2572 4692 72 179 179
fre 2604 4684 206 179 179
tree 2632 4680 9 0 179
fre 2636 4684 206 179 179
zabor 2704 4688 26 0 8
zabor 2736 4688 30 0 8
zabor 2768 4688 28 0 8
zabor 2800 4688 26 0 8
zabor 2832 4688 25 0 8
zabor 2864 4688 24 0 8
zabor 2896 4688 30 0 8
zabor 2928 4688 29 0 8
zabor 2960 4688 28 0 8
zabor 2992 4688 25 0 8
zabor 3024 4688 27 0 8
zabor 3056 4688 31 0 8
zabor 3088 4688 29 0 8
zabor 3120 4688 29 0 8
zabor 3152 4688 28 0 8
zabor 3184 4688 29 0 8
zabor 3216 4688 25 0 8
zabor 3248 4688 26 0 8
tree 3352 4696 32 0 179
tree 3336 4680 84 0 179
tree 3336 4696 84 0 179
fre 3388 4684 271 179 179
stand 3416 4680 403 0 179
fre 3444 4700 63 179 179
fre 3444 4692 63 179 179
stand 3544 4696 27 0 179
zabor 3664 4688 27 0 8
tree 3688 4696 84 0 179
fre 3804 4700 63 179 179
fre 3820 4676 76 179 179
stand 3816 4680 404 0 179
fre 3844 4684 79 179 179
stand 3864 4680 403 0 179
fre 3892 4684 76 179 179
stand 3880 4680 406 0 179
stand 3896 4680 403 0 179
fre 3916 4676 76 179 179
fre 3948 4676 76 179 179
fre 4004 4676 73 179 179
fre 4012 4676 80 179 179
fre 4052 4676 73 179 179
fre 4052 4684 73 179 179
fre 4036 4676 73 179 179
fre 4108 4684 73 179 179
fre 4108 4676 80 179 179
fre 4116 4676 76 179 179
fre 4124 4676 76 179 179
fre 4116 4692 76 179 179
zabor 4144 4688 28 0 8
zabor 4240 4688 24 0 8
dom 4320 4672 141 0 179
fre 4396 4700 46 179 179
zabor 4528 4688 27 0 8
stand 4680 4680 317 0 179
stand 4680 4696 318 0 179
stand 4712 4696 317 0 179
stand 4776 4696 316 0 179
tree 4824 4696 45 0 179
fre 4852 4684 58 179 179
tree 4888 4696 85 0 179
tree 4968 4680 42 0 179
tree 4968 4696 42 0 179
tree 5000 4680 85 0 179
fre 5116 4700 194 179 179
tree 5160 4680 42 0 179
tree 5192 4696 42 0 179
fre 5308 4700 268 179 179
fre 5332 4684 194 179 179
tree 5432 4696 85 0 179
fre 5412 4692 268 179 179
fre 5452 4676 73 179 179
tree 5672 4696 87 0 179
fre 5764 4700 2 179 179
fre 5820 4700 269 179 179
fre 5900 4676 196 179 179
fre 5972 4684 196 179 179
fre 6236 4684 2 179 179
tree 6536 4696 87 0 179
fre 6700 4684 2 179 179
fre 6988 4700 269 179 179
tree 7016 4696 79 0 179
tree 7064 4680 79 0 179
fre 7148 4684 196 179 179
tree 7176 4696 18 0 179
fre 7268 4692 272 179 179
tree 7320 4696 19 0 179
stand 7336 4680 304 0 179
fre 7348 4692 196 179 179
stand 7368 4696 304 0 179
fre 7380 4700 269 179 179
tree 7384 4696 87 0 179
fre 7452 4684 85 179 179
stand 7448 4696 405 0 179
stand 7496 4696 369 0 179
trop 1468 4732 139 179 179
fre 1628 4732 74 179 179
fre 1644 4708 67 179 179
fre 1684 4708 67 179 179
fre 1828 4732 267 179 179
fre 1884 4724 67 179 179
fre 1868 4708 67 179 179
fre 1892 4724 74 179 179
fre 2612 4724 203 179 179
fre 2660 4732 203 179 179
fre 2748 4732 203 179 179
fre 2828 4716 51 179 179
fre 3004 4716 203 179 179
zabor 3344 4720 25 0 8
zabor 3376 4720 26 0 8
zabor 3408 4720 24 0 8
zabor 3440 4720 27 0 8
zabor 3472 4720 24 0 8
zabor 3504 4720 27 0 8
zabor 3536 4720 26 0 8
zabor 3568 4720 29 0 8
trop 3612 4732 139 179 179
zabor 3664 4720 31 0 8
fre 3764 4716 73 179 179
fre 3772 4708 71 179 179
fre 3764 4708 71 179 179
zabor 4240 4720 24 0 8
fre 4356 4708 46 179 179
fre 4388 4724 73 179 179
tree 4408 4712 16 0 179
stand 4440 4728 406 0 179
dom 4480 4704 66 0 179
zabor 4528 4720 25 0 8
stand 4680 4712 316 0 179
tree 4696 4712 45 0 179
tree 4712 4712 45 0 179
fre 4780 4732 58 179 179
tree 4792 4712 45 0 179
stand 4936 4728 316 0 179
fre 4972 4716 268 179 179
fre 4996 4716 268 179 179
fre 5060 4732 268 179 179
fre 5084 4724 268 179 179
fre 5116 4708 194 179 179
tree 5208 4712 42 0 179
tree 5192 4712 42 0 179
fre 5372 4708 194 179 179
fre 5468 4732 72 179 179
fre 5460 4716 72 179 179
tree 5640 4728 79 0 179
tree 5672 4728 87 0 179
stand 5688 4728 289 0 179
fre 5796 4724 269 179 179
fre 5868 4724 269 179 179
tree 5880 4712 19 0 179
fre 6004 4716 269 179 179
fre 5996 4716 196 179 179
tree 5992 4712 35 0 179
tree 6072 4728 87 0 179
tree 6136 4728 19 0 179
tree 6312 4728 80 0 179
tree 6360 4712 87 0 179
fre 6404 4708 196 179 179
tree 6504 4728 80 0 179
fre 6612 4732 269 179 179
tree 6616 4728 87 0 179
fre 6724 4724 196 179 179
tree 6744 4728 34 0 179
fre 6924 4708 2 179 179
fre 7076 4708 269 179 179
tree 7096 4728 79 0 179
fre 7148 4708 196 179 179
tree 7144 4728 35 0 179
stand 7384 4712 304 0 179
stand 7368 4712 310 0 179
fre 7436 4716 72 179 179
stand 7512 4728 373 0 179
fre 1540 4764 267 179 179
fre 1580 4740 67 179 179
fre 1596 4756 67 179 179
fre 1604 4756 74 179 179
fre 1636 4764 67 179 179
tree 1688 4744 83 0 179
fre 1692 4764 74 179 179
fre 1708 4740 67 179 179
fre 1756 4764 67 179 179
fre 1748 4764 76 179 179
fre 1748 4740 67 179 179
fre 1796 4764 67 179 179
fre 1876 4748 74 179 179
fre 1860 4740 74 179 179
trop 1908 4756 93 179 179
trop 1996 4748 93 179 179
trop 2092 4748 93 179 179
fre 2148 4764 267 179 179
fre 2204 4756 67 179 179
fre 2188 4740 67 179 179
trop 2204 4748 93 179 179
fre 2212 4756 74 179 179
trop 2316 4748 93 179 179
trop 2444 4740 93 179 179
trop 2540 4740 93 179 179
zabor 2608 4752 27 0 8
fre 2596 4756 77 179 179
fre 2604 4748 72 179 179
trop 2652 4740 93 179 179
fre 2652 4740 74 179 179
fre 2644 4748 74 179 179
fre 2652 4764 72 179 179
fre 2684 4748 74 179 179
fre 2716 4764 77 179 179
fre 2700 4748 74 179 179
fre 2716 4748 74 179 179
fre 2692 4748 72 179 179
fre 2732 4756 74 179 179
trop 2780 4740 93 179 179
stand 2760 4760 405 0 179
fre 2828 4740 203 179 179
fre 2868 4748 77 179 179
fre 2852 4764 77 179 179
trop 2908 4740 93 179 179
fre 2908 4756 77 179 179
fre 2884 4756 77 179 179
fre 2924 4740 203 179 179
tree 2920 4760 83 0 179
stand 2968 4744 405 0 179
trop 3012 4740 93 179 179
zabor 3056 4752 30 0 8
zabor 3088 4752 25 0 8
trop 3108 4740 93 179 179
zabor 3184 4752 25 0 8
zabor 3216 4752 30 0 8
trop 3204 4740 93 179 179
zabor 3248 4752 24 0 8
trop 3292 4764 139 179 179
zabor 3664 4752 28 0 8
fre 4100 4764 76 179 179
fre 4116 4764 76 179 179
zabor 4240 4752 28 0 8
fre 4340 4740 63 179 179
fre 4324 4740 63 179 179
fre 4396 4740 63 179 179
fre 4436 4748 63 179 179
fre 4460 4756 63 179 179
fre 4476 4764 63 179 179
zabor 4528 4752 26 0 8
stand 4696 4744 318 0 179
stand 4824 4744 316 0 179
fre 4908 4748 194 179 179
fre 4988 4756 268 179 179
fre 5052 4740 82 179 179
fre 5028 4740 194 179 179
tree 5304 4760 34 0 179
tree 5368 4760 40 0 179
stand 5352 4760 405 0 179
fre 5412 4756 194 179 179
stand 5432 4760 43 0 179
fre 5788 4764 2 179 179
tree 5880 4744 80 0 179
fre 5940 4756 272 179 179
tree 5960 4744 19 0 179
tree 6040 4744 87 0 179
tree 6072 4760 87 0 179
tree 6584 4760 87 0 179
fre 6724 4764 267 179 179
fre 6780 4756 67 179 179
fre 6764 4740 67 179 179
fre 6788 4756 74 179 179
tree 6840 4744 19 0 179
tree 6904 4760 33 0 179
fre 6964 4756 2 179 179
tree 7288 4760 79 0 179
fre 7380 4764 269 179 179
fre 7476 4756 72 179 179
fre 7476 4740 72 179 179
tree 7512 4744 45 0 179
stand 7544 4744 405 0 179
tree 7560 4760 87 0 179
tree 7576 4760 86 0 179
tree 200 4776 81 0 179
tree 392 4776 35 0 179
fre 444 4788 272 179 179
tree 488 4792 18 0 179
fre 652 4796 2 179 179
tree 792 4792 34 0 179
tree 856 4792 35 0 179
fre 876 4780 196 179 179
tree 1256 4776 81 0 179
trop 1468 4788 139 179 179
fre 1508 4796 67 179 179
fre 1572 4772 74 179 179
fre 1604 4796 267 179 179
fre 1644 4788 74 179 179
fre 1644 4772 67 179 179
fre 1660 4788 67 179 179
fre 1668 4788 74 179 179
fre 1700 4796 67 179 179
fre 1732 4780 67 179 179
tree 1752 4776 83 0 179
fre 1788 4796 74 179 179
fre 1908 4788 67 179 179
fre 1908 4796 67 179 179
fre 2076 4796 67 179 179
fre 2068 4796 76 179 179
fre 2116 4796 67 179 179
fre 2196 4780 74 179 179
fre 2180 4772 74 179 179
fre 2404 4796 267 179 179
fre 2460 4788 67 179 179
fre 2444 4772 67 179 179
fre 2468 4788 74 179 179
zabor 2608 4784 31 0 8
tree 2600 4776 83 0 179
fre 2596 4796 73 179 179
fre 2628 4788 77 179 179
tree 2680 4792 16 0 179
stand 2680 4792 402 0 179
fre 2708 4788 77 179 179
fre 2716 4788 83 179 179
fre 2692 4772 74 179 179
stand 2728 4792 405 0 179
fre 2724 4772 74 179 179
fre 2780 4796 77 179 179
stand 2776 4776 402 0 179
fre 2780 4772 74 179 179
tree 2792 4776 16 0 179
tree 2808 4776 16 0 179
fre 2860 4788 77 179 179
fre 2860 4796 77 179 179
fre 2876 4788 85 179 179
fre 2980 4772 77 179 179
zabor 3088 4784 27 0 8
zabor 3184 4784 29 0 8
zabor 3248 4784 28 0 8
trop 3372 4772 140 179 179
trop 3500 4772 140 179 179
trop 3612 4780 195 179 179
zabor 3664 4784 29 0 8
fre 3772 4796 271 179 179
fre 3980 4772 76 179 179
fre 3996 4788 76 179 179
dom 4064 4768 124 0 179
zabor 4144 4784 29 0 8
trop 4188 4796 139 179 179
zabor 4240 4784 25 0 8
stand 4696 4792 316 0 179
stand 4760 4776 316 0 179
stand 4792 4776 316 0 179
tree 4952 4792 85 0 179
fre 5236 4788 194 179 179
fre 5444 4772 84 179 179
fre 5460 4780 72 179 179
fre 5604 4788 2 179 179
tree 5864 4792 87 0 179
tree 5928 4792 19 0 179
fre 6004 4772 269 179 179
tree 6136 4792 19 0 179
stand 6184 4792 288 0 179
fre 6236 4772 2 179 179
fre 6340 4780 269 179 179
tree 6472 4776 80 0 179
tree 6520 4792 80 0 179
fre 6652 4796 67 179 179
fre 6644 4796 76 179 179
fre 6668 4772 2 179 179
fre 6692 4796 67 179 179
fre 6748 4788 269 179 179
fre 6772 4780 74 179 179
fre 6756 4772 74 179 179
fre 6764 4780 196 179 179
stand 6888 4792 354 0 179
tree 7096 4792 87 0 179
fre 7180 4788 196 179 179
fre 7332 4772 196 179 179
tree 7416 4776 18 0 179
tree 7400 4792 85 0 179
tree 7400 4776 79 0 179
tree 7496 4792 18 0 179
tree 7544 4792 45 0 179
fre 180 4828 269 179 179
fre 220 4804 272 179 179
tree 568 4808 79 0 179
fre 700 4820 269 179 179
fre 780 4828 272 179 179
tree 792 4824 87 0 179
fre 1236 4828 269 179 179
fre 1276 4804 272 179 179
fre 1572 4828 67 179 179
fre 1628 4828 74 179 179
fre 1620 4820 67 179 179
fre 1620 4828 67 179 179
fre 1644 4804 67 179 179
fre 1636 4804 74 179 179
fre 1684 4804 67 179 179
fre 1692 4828 67 179 179
fre 1708 4820 74 179 179
fre 1788 4828 67 179 179
fre 1804 4828 74 179 179
fre 1836 4812 76 179 179
fre 2012 4828 74 179 179
fre 2028 4804 67 179 179
fre 2052 4812 67 179 179
fre 2068 4804 67 179 179
fre 2108 4828 74 179 179
fre 2228 4820 67 179 179
fre 2228 4828 67 179 179
fre 2332 4828 67 179 179
fre 2324 4828 76 179 179
fre 2372 4828 67 179 179
fre 2452 4812 74 179 179
fre 2436 4804 74 179 179
zabor 2608 4816 31 0 8
fre 2612 4828 77 179 179
stand 2664 4824 287 0 179
fre 2684 4804 77 179 179
fre 2692 4804 77 179 179
fre 2740 4828 74 179 179
fre 2780 4812 204 179 179
stand 2776 4824 402 0 179
fre 2788 4828 74 179 179
tree 2872 4824 83 0 179
lay 2888 4808 51 0 179
stand 2888 4808 402 0 179
fre 2948 4828 204 179 179
fre 2972 4812 77 179 179
zabor 3088 4816 28 0 8
trop 3164 4812 92 179 179
zabor 3184 4816 24 0 8
zabor 3248 4816 26 0 8
zabor 3344 4816 24 0 8
zabor 3376 4816 29 0 8
zabor 3408 4816 30 0 8
zabor 3440 4816 30 0 8
zabor 3472 4816 31 0 8
zabor 3504 4816 29 0 8
zabor 3536 4816 27 0 8
zabor 3568 4816 26 0 8
zabor 3664 4816 28 0 8
dom 3712 4800 129 0 179
fre 3756 4820 46 179 179
fre 3780 4820 271 179 179
tree 3800 4824 14 0 179
lay 3848 4824 2 0 179
lay 3896 4808 27 0 179
lay 3880 4824 43 0 179
tree 3912 4808 15 0 179
fre 3964 4820 193 179 179
fre 3956 4804 271 179 179
fre 3964 4804 73 179 179
fre 3980 4820 73 179 179
tree 3992 4824 14 0 179
fre 4020 4828 46 179 179
fre 4036 4828 73 179 179
zabor 4144 4816 30 0 8
tree 4136 4808 84 0 179
zabor 4240 4816 25 0 8
stand 4472 4824 406 0 179
zabor 4528 4816 27 0 8
trop 4596 4804 139 179 179
stand 4696 4824 318 0 179
stand 4744 4808 318 0 179
tree 4744 4824 45 0 179
fre 4788 4804 58 179 179
tree 4904 4808 85 0 179
fre 4900 4812 194 179 179
tree 4952 4808 85 0 179
tree 5000 4808 85 0 179
fre 5068 4820 194 179 179
tree 5176 4824 75 0 179
fre 5156 4812 268 179 179
fre 5188 4820 196 179 179
tree 5224 4824 35 0 179
fre 5220 4804 272 179 179
fre 5292 4828 196 179 179
fre 5300 4812 268 179 179
tree 5336 4824 75 0 179
fre 5324 4828 272 179 179
fre 5460 4812 72 179 179
fre 5700 4812 2 179 179
fre 5772 4812 2 179 179
fre 5860 4812 269 179 179
stand 5880 4808 288 0 179
tree 5976 4808 87 0 179
stand 6040 4808 293 0 179
stand 6136 4824 288 0 179
tree 6168 4824 83 0 179
tree 6168 4808 83 0 179
fre 6268 4820 2 179 179
fre 6484 4820 269 179 179
fre 6500 4804 269 179 179
tree 6568 4808 79 0 179
fre 6628 4812 67 179 179
tree 6632 4808 79 0 179
fre 6684 4828 74 179 179
fre 6676 4812 269 179 179
fre 6804 4820 67 179 179
fre 6804 4828 67 179 179
tree 6856 4824 79 0 179
stand 6968 4824 288 0 179
fre 7012 4812 2 179 179
tree 7096 4824 87 0 179
tree 7112 4824 87 0 179
tree 7160 4824 79 0 179
tree 7272 4808 80 0 179
tree 7336 4824 87 0 179
fre 7428 4828 72 179 179
tree 7480 4808 45 0 179
tree 7512 4808 86 0 179
fre 7516 4820 72 179 179
cliff 7600 4816 74 179 179
tree 200 4840 87 0 179
fre 396 4860 2 179 179
tree 456 4856 19 0 179
tree 584 4856 87 0 179
fre 676 4860 2 179 179
fre 732 4860 269 179 179
fre 812 4836 196 179 179
fre 884 4844 196 179 179
tree 1256 4840 87 0 179
fre 1516 4860 74 179 179
fre 1540 4860 267 179 179
fre 1548 4844 76 179 179
fre 1580 4836 67 179 179
fre 1596 4852 67 179 179
fre 1604 4852 74 179 179
fre 1636 4860 67 179 179
tree 1688 4840 83 0 179
fre 1668 4844 67 179 179
fre 1684 4852 67 179 179
fre 1684 4860 67 179 179
fre 1724 4860 74 179 179
fre 1756 4860 67 179 179
fre 1812 4844 74 179 179
fre 1828 4852 76 179 179
fre 1900 4836 67 179 179
fre 1924 4860 267 179 179
fre 1964 4836 67 179 179
fre 1980 4852 67 179 179
fre 1988 4852 74 179 179
fre 2020 4860 67 179 179
tree 2072 4840 83 0 179
fre 2108 4860 67 179 179
fre 2124 4860 74 179 179
fre 2156 4844 76 179 179
fre 2308 4844 67 179 179
fre 2364 4860 74 179 179
fre 2428 4860 74 179 179
fre 2444 4836 67 179 179
fre 2484 4852 67 179 179
fre 2484 4860 67 179 179
fre 2484 4836 67 179 179
zabor 2608 4848 24 0 8
tree 2648 4856 15 0 179
fre 2732 4860 77 179 179
fre 2772 4844 77 179 179
tree 2808 4840 10 0 179
tree 2872 4840 16 0 179
tree 2904 4840 83 0 179
zabor 3088 4848 30 0 8
zabor 3248 4848 28 0 8
zabor 3344 4848 28 0 8
fre 3460 4860 267 179 179
fre 3516 4852 67 179 179
fre 3500 4836 67 179 179
fre 3524 4852 74 179 179
zabor 3568 4848 27 0 8
zabor 3664 4848 31 0 8
tree 3688 4856 84 0 179
tree 3704 4856 43 0 179
fre 3724 4844 71 179 179
fre 3748 4836 71 179 179
fre 3756 4844 71 179 179
fre 3796 4852 193 179 179
fre 3780 4836 71 179 179
lay 3816 4856 18 0 179
lay 3848 4840 1 0 179
lay 3912 4856 34 0 179
lay 3912 4840 32 0 179
lay 3944 4840 16 0 179
fre 3996 4852 271 179 179
fre 3980 4836 46 179 179
fre 3996 4836 73 179 179
tree 3976 4840 14 0 179
fre 4036 4852 73 179 179
fre 4060 4844 73 179 179
fre 4060 4836 73 179 179
fre 4044 4844 73 179 179
tree 4120 4840 84 0 179
tree 4120 4856 84 0 179
zabor 4144 4848 24 0 8
zabor 4240 4848 31 0 8
tree 4472 4856 43 0 179
tree 4504 4840 43 0 179
stand 4520 4840 21 0 179
zabor 4528 4848 30 0 8
stand 4680 4856 316 0 179
tree 4696 4840 45 0 179
tree 4792 4840 45 0 179
stand 4856 4840 316 0 179
tree 4968 4840 41 0 179
tree 5144 4856 85 0 179
tree 5208 4856 75 0 179
tree 5256 4856 45 0 179
tree 5384 4840 35 0 179
fre 5452 4860 72 179 179
trop 5524 4844 139 179 179
tree 5656 4856 34 0 179
fre 5756 4860 2 179 179
fre 5916 4836 269 179 179
fre 5916 4860 131 179 179
stand 6136 4856 288 0 179
tree 6168 4840 83 0 179
stand 6152 4856 288 0 179
stand 6200 4840 288 0 179
fre 6332 4836 269 179 179
fre 6308 4844 269 179 179
fre 6348 4860 2 179 179
fre 6412 4852 2 179 179
fre 6476 4860 2 179 179
fre 6684 4860 67 179 179
fre 6668 4844 2 179 179
fre 6700 4860 74 179 179
fre 6732 4844 76 179 179
fre 6812 4836 196 179 179
tree 6824 4856 77 0 179
fre 7140 4852 196 179 179
fre 7204 4852 272 179 179
tree 7240 4856 85 0 179
tree 7272 4856 87 0 179
tree 7336 4856 87 0 179
tree 7352 4856 87 0 179
fre 7364 4852 269 179 179
fre 7468 4852 84 179 179
stand 7464 4856 405 0 179
fre 7460 4836 72 179 179
stand 7544 4840 304 0 179
tree 184 4888 87 0 179
fre 252 4884 272 179 179
tree 296 4872 80 0 179
tree 360 4872 79 0 179
tree 552 4888 79 0 179
tree 584 4888 87 0 179
stand 600 4888 289 0 179
fre 708 4884 269 179 179
fre 780 4884 269 179 179
tree 792 4872 19 0 179
tree 1240 4888 87 0 179
fre 1308 4884 272 179 179
tree 1352 4872 80 0 179
fre 1508 4892 67 179 179
fre 1524 4876 74 179 179
fre 1540 4884 76 179 179
fre 1572 4868 74 179 179
fre 1580 4892 74 179 179
fre 1612 4868 67 179 179
fre 1612 4876 76 179 179
fre 1644 4884 74 179 179
fre 1724 4892 67 179 179
fre 1732 4876 67 179 179
fre 1788 4892 74 179 179
fre 1836 4892 74 179 179
fre 1876 4892 67 179 179
fre 1868 4868 74 179 179
fre 1892 4892 67 179 179
fre 1956 4868 74 179 179
fre 2028 4884 74 179 179
fre 2132 4876 74 179 179
fre 2148 4884 76 179 179
fre 2204 4892 74 179 179
fre 2220 4868 67 179 179
fre 2260 4868 67 179 179
fre 2364 4892 67 179 179
fre 2340 4892 267 179 179
fre 2380 4892 74 179 179
fre 2380 4868 67 179 179
fre 2396 4884 67 179 179
fre 2412 4876 76 179 179
fre 2404 4884 74 179 179
fre 2436 4892 67 179 179
tree 2488 4872 83 0 179
zabor 2608 4880 24 0 8
zabor 2640 4880 24 0 8
zabor 2672 4880 25 0 8
zabor 2704 4880 29 0 8
tree 2712 4872 86 0 179
tree 2696 4888 87 0 179
zabor 2736 4880 28 0 8
stand 2728 4872 287 0 179
fre 2740 4876 74 179 179
zabor 2768 4880 29 0 8
zabor 2800 4880 27 0 8
zabor 2832 4880 24 0 8
tree 2824 4888 86 0 179
zabor 2864 4880 24 0 8
zabor 2896 4880 27 0 8
zabor 2928 4880 29 0 8
zabor 2960 4880 25 0 8
zabor 2992 4880 30 0 8
zabor 3024 4880 27 0 8
zabor 3056 4880 27 0 8
zabor 3088 4880 29 0 8
zabor 3248 4880 24 0 8
zabor 3344 4880 24 0 8
fre 3388 4892 67 179 179
fre 3380 4892 76 179 179
fre 3428 4892 67 179 179
fre 3460 4892 267 179 179
fre 3516 4884 67 179 179
fre 3500 4868 67 179 179
fre 3508 4876 74 179 179
fre 3492 4868 74 179 179
fre 3524 4884 74 179 179
zabor 3568 4880 27 0 8
trop 3636 4892 192 179 179
zabor 3664 4880 26 0 8
zabor 3696 4880 29 0 8
zabor 3728 4880 26 0 8
zabor 3760 4880 26 0 8
zabor 3792 4880 25 0 8
zabor 3824 4880 31 0 8
zabor 3856 4880 29 0 8
zabor 3888 4880 25 0 8
zabor 3920 4880 31 0 8
zabor 3952 4880 27 0 8
zabor 3984 4880 30 0 8
zabor 4016 4880 26 0 8
zabor 4048 4880 25 0 8
zabor 4080 4880 30 0 8
zabor 4112 4880 25 0 8
zabor 4144 4880 31 0 8
zabor 4240 4880 31 0 8
tree 4328 4888 83 0 179
tree 4328 4872 83 0 179
fre 4396 4892 46 179 179
dom 4416 4864 64 0 179
fre 4476 4884 193 179 179
fre 4460 4884 46 179 179
fre 4484 4876 271 179 179
tree 4488 4888 85 0 179
tree 4504 4872 43 0 179
zabor 4528 4880 24 0 8
stand 4696 4888 318 0 179
fre 4764 4876 58 179 179
tree 4888 4872 85 0 179
fre 4940 4884 194 179 179
fre 5140 4892 194 179 179
tree 5176 4872 45 0 179
tree 5192 4888 45 0 179
tree 5240 4888 42 0 179
tree 5384 4872 40 0 179
tree 5416 4872 40 0 179
fre 5460 4884 72 179 179
tree 5608 4888 87 0 179
fre 5796 4868 2 179 179
fre 5860 4884 2 179 179
fre 6044 4892 2 179 179
fre 6108 4876 2 179 179
fre 6188 4892 2 179 179
fre 6308 4876 2 179 179
fre 6340 4868 2 179 179
fre 6548 4892 2 179 179
fre 6580 4892 2 179 179
fre 6596 4868 2 179 179
fre 6708 4876 74 179 179
fre 6724 4884 76 179 179
tree 6776 4872 77 0 179
fre 6796 4868 67 179 179
tree 6856 4872 87 0 179
tree 6952 4888 79 0 179
fre 7036 4884 2 179 179
tree 7096 4872 87 0 179
tree 7224 4872 85 0 179
fre 7348 4876 2 179 179
fre 7516 4876 85 179 179
stand 7512 4888 405 0 179
stand 7560 4888 369 0 179
tree 184 4904 87 0 179
tree 248 4904 79 0 179
tree 264 4904 79 0 179
fre 700 4924 2 179 179
tree 792 4904 80 0 179
fre 852 4916 272 179 179
tree 872 4904 19 0 179
tree 1240 4904 87 0 179
tree 1304 4904 79 0 179
tree 1320 4904 79 0 179
fre 1548 4924 74 179 179
fre 1588 4924 67 179 179
fre 1580 4900 74 179 179
fre 1588 4908 74 179 179
fre 1620 4916 67 179 179
fre 1620 4924 67 179 179
fre 1604 4916 76 179 179
fre 1692 4924 67 179 179
fre 1676 4900 67 179 179
fre 1788 4924 67 179 179
fre 1804 4900 67 179 179
fre 1852 4916 67 179 179
fre 1844 4900 67 179 179
fre 1860 4924 267 179 179
fre 1900 4900 67 179 179
fre 1916 4916 67 179 179
fre 1940 4924 76 179 179
fre 1924 4916 74 179 179
fre 2004 4916 67 179 179
fre 2004 4924 67 179 179
fre 2076 4924 67 179 179
fre 2116 4924 267 179 179
fre 2156 4924 74 179 179
fre 2156 4900 67 179 179
fre 2172 4916 67 179 179
fre 2196 4924 67 179 179
fre 2188 4900 74 179 179
fre 2180 4916 74 179 179
fre 2212 4924 67 179 179
tree 2264 4904 83 0 179
fre 2308 4924 67 179 179
fre 2388 4908 74 179 179
fre 2372 4900 74 179 179
fre 2404 4916 76 179 179
fre 2444 4916 74 179 179
fre 2476 4900 67 179 179
zabor 2608 4912 29 0 8
trop 3164 4924 92 179 179
zabor 3248 4912 26 0 8
zabor 3344 4912 28 0 8
fre 3388 4924 67 179 179
fre 3380 4924 76 179 179
fre 3364 4908 67 179 179
fre 3420 4924 74 179 179
fre 3428 4924 67 179 179
fre 3484 4916 67 179 179
fre 3468 4900 67 179 179
fre 3508 4908 74 179 179
fre 3492 4900 74 179 179
fre 3492 4916 74 179 179
fre 3540 4916 67 179 179
fre 3540 4924 67 179 179
trop 3740 4924 140 179 179
trop 3916 4924 140 179 179
trop 4084 4924 140 179 179
zabor 4240 4912 24 0 8
tree 4344 4904 43 0 179
fre 4372 4900 271 179 179
fre 4444 4908 193 179 179
fre 4420 4916 271 179 179
tree 4456 4920 16 0 179
tree 4504 4904 43 0 179
zabor 4528 4912 29 0 8
tree 4760 4920 45 0 179
stand 4776 4920 316 0 179
tree 5368 4920 81 0 179
fre 5460 4916 72 179 179
fre 5452 4916 72 179 179
fre 5908 4900 2 179 179
fre 6012 4916 2 179 179
fre 6044 4908 2 179 179
fre 6292 4908 2 179 179
fre 6660 4900 2 179 179
fre 6732 4924 74 179 179
tree 6744 4920 87 0 179
fre 6772 4924 67 179 179
fre 6764 4900 74 179 179
tree 6824 4920 77 0 179
stand 6888 4904 288 0 179
tree 7144 4920 77 0 179
tree 7192 4904 77 0 179
tree 7256 4904 85 0 179
fre 7420 4924 2 179 179
fre 7500 4908 72 179 179
stand 7576 4920 373 0 179
tree 200 4936 87 0 179
tree 264 4952 87 0 179
tree 328 4952 79 0 179
tree 376 4952 87 0 179
fre 452 4956 2 179 179
fre 516 4948 2 179 179
tree 776 4952 87 0 179
tree 840 4952 19 0 179
tree 1256 4936 87 0 179
tree 1320 4952 87 0 179
tree 1384 4952 79 0 179
trop 1468 4956 139 179 179
fre 1516 4956 74 179 179
fre 1548 4940 76 179 179
fre 1564 4948 67 179 179
fre 1612 4956 74 179 179
fre 1652 4956 76 179 179
fre 1644 4932 74 179 179
fre 1668 4940 67 179 179
fre 1724 4956 74 179 179
fre 1700 4956 267 179 179
fre 1740 4932 67 179 179
fre 1756 4948 67 179 179
fre 1764 4948 74 179 179
fre 1796 4956 67 179 179
tree 1848 4936 83 0 179
fre 1892 4932 74 179 179
fre 1900 4956 74 179 179
fre 1932 4940 76 179 179
fre 1964 4948 74 179 179
fre 2052 4940 67 179 179
fre 2108 4956 74 179 179
fre 2084 4956 67 179 179
fre 2172 4948 67 179 179
fre 2148 4932 74 179 179
fre 2180 4956 267 179 179
fre 2220 4932 67 179 179
fre 2236 4948 67 179 179
fre 2220 4948 74 179 179
fre 2260 4956 76 179 179
fre 2244 4948 74 179 179
fre 2332 4956 74 179 179
fre 2348 4932 67 179 179
fre 2388 4932 67 179 179
fre 2412 4956 74 179 179
fre 2420 4948 67 179 179
fre 2420 4956 67 179 179
fre 2452 4956 67 179 179
fre 2444 4932 74 179 179
fre 2492 4956 67 179 179
zabor 2608 4944 30 0 8
tree 2632 4952 77 0 179
tree 2632 4936 85 0 179
tree 2680 4952 77 0 179
stand 2728 4936 289 0 179
stand 2760 4952 289 0 179
tree 2792 4936 85 0 179
tree 2840 4936 85 0 179
tree 2824 4952 85 0 179
tree 2888 4936 85 0 179
tree 2968 4936 76 0 179
tree 2952 4952 85 0 179
zabor 3248 4944 26 0 8
trop 3292 4940 139 179 179
fre 3356 4956 67 179 179
fre 3348 4956 76 179 179
zabor 3344 4944 25 0 8
fre 3364 4940 67 179 179
fre 3420 4956 74 179 179
fre 3396 4956 67 179 179
fre 3436 4956 74 179 179
fre 3476 4940 74 179 179
fre 3460 4932 74 179 179
fre 3468 4940 76 179 179
fre 3540 4948 67 179 179
fre 3540 4956 67 179 179
fre 3556 4956 267 179 179
fre 3612 4948 67 179 179
fre 3596 4932 67 179 179
fre 3620 4948 74 179 179
zabor 4240 4944 25 0 8
zabor 4272 4944 28 0 8
zabor 4304 4944 30 0 8
zabor 4336 4944 29 0 8
zabor 4368 4944 31 0 8
zabor 4400 4944 31 0 8
zabor 4432 4944 30 0 8
zabor 4464 4944 27 0 8
zabor 4496 4944 29 0 8
zabor 4528 4944 31 0 8
stand 4696 4936 316 0 179
tree 4712 4936 45 0 179
stand 4760 4936 316 0 179
fre 4796 4940 58 179 179
tree 4888 4936 81 0 179
tree 4936 4936 41 0 179
fre 5012 4940 196 179 179
tree 5048 4936 34 0 179
tree 5112 4936 85 0 179
tree 5144 4952 42 0 179
fre 5212 4948 268 179 179
fre 5220 4956 268 179 179
fre 5340 4956 268 179 179
fre 5364 4948 268 179 179
fre 5660 4948 196 179 179
fre 5636 4948 196 179 179
fre 5652 4940 198 179 179
tree 5656 4952 18 0 179
fre 5668 4940 272 179 179
fre 5692 4932 198 179 179
tree 5704 4936 79 0 179
zabor 5808 4944 31 0 8
zabor 5840 4944 30 0 8
zabor 5872 4944 25 0 8
zabor 5904 4944 28 0 8
zabor 5936 4944 24 0 8
fre 6236 4932 2 179 179
tree 6488 4936 80 0 179
tree 6536 4952 34 0 179
fre 6748 4948 67 179 179
fre 6756 4956 267 179 179
fre 6796 4932 67 179 179
fre 6812 4948 67 179 179
fre 6836 4956 76 179 179
fre 6820 4948 74 179 179
fre 6940 4940 2 179 179
tree 7416 4952 85 0 179
fre 7540 4948 72 179 179
fre 7540 4932 72 179 179
tree 7576 4936 45 0 179
stand 7608 4936 405 0 179
tree 7624 4952 87 0 179
tree 7640 4952 86 0 179
cliff 7664 4928 21 179 179
fre 1524 4972 74 179 179
fre 1540 4980 76 179 179
fre 1556 4972 74 179 179
fre 1612 4964 67 179 179
fre 1628 4980 67 179 179
fre 1668 4988 67 179 179
fre 1724 4988 67 179 179
fre 1716 4988 76 179 179
fre 1732 4964 74 179 179
fre 1804 4980 74 179 179
fre 1852 4988 74 179 179
fre 1868 4964 67 179 179
fre 1908 4964 67 179 179
fre 1908 4972 74 179 179
fre 1940 4980 67 179 179
fre 1940 4988 67 179 179
fre 1924 4980 76 179 179
fre 2012 4988 67 179 179
fre 1996 4964 67 179 179
fre 2108 4988 67 179 179
fre 2196 4980 67 179 179
fre 2196 4988 67 179 179
fre 2212 4964 74 179 179
fre 2268 4988 67 179 179
fre 2244 4988 267 179 179
fre 2284 4980 74 179 179
fre 2284 4964 67 179 179
fre 2300 4980 67 179 179
fre 2316 4988 74 179 179
fre 2308 4980 74 179 179
fre 2348 4972 76 179 179
fre 2340 4988 67 179 179
tree 2392 4968 83 0 179
fre 2428 4980 67 179 179
fre 2436 4988 267 179 179
fre 2476 4964 67 179 179
fre 2492 4980 67 179 179
fre 2468 4972 67 179 179
fre 2516 4988 76 179 179
fre 2500 4980 74 179 179
fre 2524 4988 74 179 179
zabor 2608 4976 31 0 8
fre 2660 4988 74 179 179
fre 2700 4964 74 179 179
fre 2700 4988 74 179 179
fre 2740 4980 66 179 179
fre 2764 4980 74 179 179
tree 2824 4984 41 0 179
stand 2872 4968 353 0 179
fre 3060 4964 47 179 179
stand 3224 4984 143 0 179
fre 3220 4988 86 179 179
fre 3332 4972 67 179 179
zabor 3344 4976 29 0 8
fre 3388 4988 74 179 179
fre 3420 4988 67 179 179
fre 3436 4988 74 179 179
fre 3444 4972 74 179 179
fre 3484 4988 67 179 179
fre 3476 4988 76 179 179
fre 3468 4972 76 179 179
fre 3460 4980 76 179 179
fre 3508 4980 67 179 179
fre 3508 4988 67 179 179
fre 3524 4988 67 179 179
fre 3532 4964 67 179 179
fre 3604 4972 74 179 179
fre 3588 4964 74 179 179
trop 4188 4972 139 179 179
trop 4556 4964 194 179 179
tree 4728 4984 45 0 179
stand 4856 4984 316 0 179
tree 4856 4984 45 0 179
tree 4920 4968 41 0 179
tree 4936 4968 41 0 179
tree 5048 4984 33 0 179
tree 5096 4984 34 0 179
fre 5244 4988 194 179 179
fre 5236 4980 194 179 179
fre 5300 4964 194 179 179
fre 5340 4988 268 179 179
fre 5364 4964 268 179 179
fre 5404 4988 194 179 179
fre 5444 4988 268 179 179
zabor 5616 4976 26 0 8
zabor 5648 4976 30 0 8
zabor 5680 4976 30 0 8
zabor 5712 4976 26 0 8
zabor 5744 4976 27 0 8
zabor 5776 4976 29 0 8
zabor 5808 4976 27 0 8
zabor 5936 4976 27 0 8
fre 6788 4964 74 179 179
fre 6860 4980 74 179 179
tree 7384 4968 85 0 179
tree 7400 4968 85 0 179
tree 7560 4984 18 0 179
tree 7608 4984 45 0 179
stand 7592 4968 304 0 179
stand 7624 4984 304 0 179
tree 200 5016 81 0 179
tree 296 5000 87 0 179
fre 428 5012 2 179 179
tree 552 5016 87 0 179
fre 740 4996 2 179 179
fre 804 5012 2 179 179
fre 988 5020 2 179 179
fre 1052 5004 2 179 179
tree 1064 5016 81 0 179
tree 1160 5000 87 0 179
fre 1292 5012 2 179 179
fre 1548 5020 74 179 179
fre 1588 5020 67 179 179
fre 1580 4996 74 179 179
fre 1620 5004 74 179 179
fre 1764 5020 267 179 179
fre 1780 5012 67 179 179
fre 1780 5020 67 179 179
fre 1804 4996 67 179 179
fre 1820 5012 67 179 179
fre 1828 5012 74 179 179
fre 1852 5020 67 179 179
fre 1868 5004 76 179 179
fre 1860 5020 67 179 179
tree 1912 5000 83 0 179
fre 1932 5020 74 179 179
fre 1972 5020 67 179 179
fre 1964 4996 74 179 179
fre 1988 5004 67 179 179
fre 2092 5020 74 179 179
fre 2124 5004 76 179 179
fre 2212 5020 67 179 179
fre 2260 5012 67 179 179
fre 2260 5020 67 179 179
fre 2244 5004 67 179 179
fre 2300 5020 74 179 179
fre 2276 4996 74 179 179
fre 2332 5020 67 179 179
fre 2324 5004 74 179 179
fre 2340 5012 76 179 179
fre 2348 5012 74 179 179
fre 2412 4996 67 179 179
fre 2468 4996 74 179 179
fre 2524 5020 67 179 179
fre 2540 5012 74 179 179
zabor 2608 5008 31 0 8
tree 2632 5000 59 0 179
fre 2676 4996 74 179 179
fre 2748 5020 74 179 179
fre 2764 4996 66 179 179
fre 2772 5020 74 179 179
fre 2756 5004 74 179 179
fre 2788 5004 66 179 179
fre 2804 5020 74 179 179
fre 2828 5004 66 179 179
fre 2852 5004 74 179 179
fre 2916 5020 66 179 179
stand 2968 5016 289 0 179
fre 3060 4996 204 179 179
stand 3048 5016 402 0 179
stand 3064 5016 405 0 179
fre 3092 4996 47 179 179
trop 3164 5012 92 179 179
fre 3140 5020 55 179 179
fre 3212 5020 47 179 179
zabor 3344 5008 30 0 8
fre 3388 5020 67 179 179
fre 3404 5020 74 179 179
fre 3444 5004 74 179 179
fre 3436 5004 76 179 179
fre 3460 5004 67 179 179
fre 3460 5012 76 179 179
fre 3468 5020 74 179 179
fre 3516 5020 74 179 179
fre 3508 5020 67 179 179
fre 3500 4996 74 179 179
fre 3532 4996 67 179 179
fre 3636 5012 67 179 179
fre 3636 5020 67 179 179
fre 3748 5020 267 179 179
fre 3804 5012 67 179 179
fre 3788 4996 67 179 179
fre 3812 5012 74 179 179
trop 4260 4996 140 179 179
trop 4404 4996 140 179 179
stand 4680 5000 316 0 179
tree 4680 5016 45 0 179
stand 4712 5000 318 0 179
stand 4808 5016 316 0 179
stand 4904 5000 316 0 179
fre 4980 5012 194 179 179
tree 5160 5000 41 0 179
tree 5176 5016 42 0 179
fre 5156 5012 268 179 179
fre 5436 5004 84 179 179
fre 5436 5012 72 179 179
trop 5524 5020 139 179 179
tree 5608 5000 85 0 179
tree 5656 5000 32 0 179
lay 5688 5016 14 0 179
tree 5720 5000 83 0 179
tree 5752 5000 83 0 179
fre 5788 5012 193 179 179
tree 5848 5000 44 0 179
tree 5912 5000 44 0 179
zabor 5936 5008 27 0 8
fre 6108 5012 127 179 179
fre 6132 4996 2 179 179
fre 6188 5020 2 179 179
fre 6276 4996 2 179 179
fre 6316 4996 2 179 179
tree 6536 5016 79 0 179
fre 6572 5020 196 179 179
fre 6836 5012 67 179 179
fre 6836 5020 67 179 179
fre 6908 5020 67 179 179
tree 6904 5016 85 0 179
tree 6936 5000 33 0 179
tree 7016 5000 87 0 179
fre 7108 5012 2 179 179
tree 7304 5000 79 0 179
tree 7448 5016 33 0 179
tree 7480 5016 85 0 179
stand 7640 5000 304 0 179
stand 7624 5000 310 0 179
tree 520 5048 34 0 179
fre 852 5028 2 179 179
fre 956 5044 2 179 179
fre 988 5036 2 179 179
tree 1384 5048 34 0 179
fre 1564 5044 67 179 179
fre 1636 5052 267 179 179
fre 1652 5052 76 179 179
fre 1692 5044 67 179 179
fre 1676 5028 67 179 179
fre 1676 5052 74 179 179
fre 1700 5044 74 179 179
fre 1708 5036 76 179 179
fre 1732 5052 67 179 179
fre 1796 5028 74 179 179
fre 1828 5036 67 179 179
fre 1860 5044 76 179 179
fre 1868 5044 74 179 179
fre 1884 5052 74 179 179
fre 1932 5028 67 179 179
fre 1948 5044 67 179 179
fre 1956 5052 267 179 179
fre 1996 5028 67 179 179
fre 2012 5044 67 179 179
fre 2036 5052 76 179 179
fre 2100 5036 74 179 179
fre 2116 5044 76 179 179
fre 2188 5036 76 179 179
fre 2188 5028 67 179 179
fre 2300 5052 67 179 179
fre 2308 5036 67 179 179
fre 2324 5044 67 179 179
fre 2324 5052 67 179 179
fre 2348 5052 74 179 179
fre 2388 5052 67 179 179
fre 2380 5028 74 179 179
fre 2396 5052 67 179 179
fre 2516 5044 67 179 179
fre 2516 5052 67 179 179
fre 2556 5052 74 179 179
fre 2588 5052 67 179 179
fre 2572 5028 67 179 179
zabor 2608 5040 29 0 8
fre 2612 5028 67 179 179
tree 2632 5032 83 0 179
fre 2660 5036 74 179 179
fre 2732 5044 8 179 179
fre 2772 5044 74 179 179
fre 2804 5028 74 179 179
fre 2788 5044 74 179 179
fre 2788 5052 74 179 179
fre 2804 5044 74 179 179
stand 2840 5032 402 0 179
fre 2860 5052 74 179 179
tree 3032 5032 86 0 179
stand 3096 5032 402 0 179
fre 3148 5028 203 179 179
zabor 3248 5040 31 0 8
zabor 3344 5040 31 0 8
fre 3412 5036 74 179 179
fre 3428 5044 76 179 179
fre 3468 5052 74 179 179
fre 3484 5044 67 179 179
fre 3516 5052 67 179 179
fre 3508 5052 67 179 179
fre 3500 5028 74 179 179
fre 3492 5052 267 179 179
fre 3532 5052 74 179 179
fre 3532 5028 67 179 179
fre 3548 5044 67 179 179
fre 3564 5036 76 179 179
fre 3572 5052 76 179 179
fre 3556 5044 74 179 179
fre 3676 5052 67 179 179
fre 3668 5052 76 179 179
fre 3716 5052 67 179 179
fre 3796 5036 74 179 179
fre 3780 5028 74 179 179
zabor 4304 5040 31 0 8
trop 4612 5028 193 179 179
stand 4696 5048 316 0 179
fre 4740 5052 58 179 179
fre 4804 5028 58 179 179
tree 4888 5048 85 0 179
fre 5100 5052 196 179 179
fre 5236 5036 268 179 179
tree 5608 5048 85 0 179
tree 5672 5048 43 0 179
fre 5724 5044 271 179 179
fre 5748 5036 73 179 179
stand 5736 5048 78 0 179
fre 5804 5028 193 179 179
fre 5852 5028 193 179 179
tree 5896 5032 32 0 179
zabor 5936 5040 25 0 8
tree 6008 5048 79 0 179
fre 6396 5036 2 179 179
tree 6488 5048 81 0 179
fre 6524 5036 196 179 179
tree 6584 5048 77 0 179
tree 6568 5048 80 0 179
fre 6676 5028 138 179 179
fre 6764 5036 76 179 179
fre 6884 5036 67 179 179
fre 6996 5044 196 179 179
tree 7256 5032 19 0 179
tree 7288 5048 34 0 179
tree 7384 5048 35 0 179
tree 312 5080 79 0 179
fre 404 5084 2 179 179
fre 604 5076 196 179 179
fre 580 5076 196 179 179
fre 596 5068 198 179 179
tree 600 5080 18 0 179
fre 612 5068 272 179 179
fre 636 5060 198 179 179
tree 648 5064 79 0 179
fre 1020 5068 272 179 179
tree 1176 5080 79 0 179
fre 1268 5084 2 179 179
fre 1564 5084 67 179 179
fre 1556 5084 76 179 179
fre 1556 5068 74 179 179
fre 1604 5084 67 179 179
fre 1660 5084 74 179 179
fre 1684 5068 74 179 179
fre 1668 5060 74 179 179
fre 1676 5060 67 179 179
fre 1700 5076 76 179 179
fre 1716 5060 67 179 179
fre 1772 5060 67 179 179
fre 1844 5076 67 179 179
fre 1844 5084 67 179 179
fre 1868 5084 74 179 179
fre 1884 5084 67 179 179
fre 1908 5084 67 179 179
fre 1900 5060 74 179 179
fre 1916 5084 67 179 179
fre 1924 5084 67 179 179
fre 1940 5068 74 179 179
fre 1988 5060 74 179 179
fre 2124 5084 74 179 179
fre 2164 5084 67 179 179
fre 2156 5060 74 179 179
fre 2180 5076 76 179 179
fre 2220 5084 74 179 179
fre 2252 5060 67 179 179
fre 2252 5068 76 179 179
fre 2276 5084 267 179 179
fre 2316 5060 67 179 179
fre 2332 5076 67 179 179
fre 2364 5076 67 179 179
fre 2372 5068 67 179 179
fre 2428 5084 74 179 179
fre 2444 5068 76 179 179
fre 2452 5084 76 179 179
fre 2468 5084 267 179 179
fre 2508 5060 67 179 179
fre 2524 5076 67 179 179
fre 2532 5076 74 179 179
fre 2564 5068 67 179 179
fre 2564 5084 67 179 179
zabor 2608 5072 31 0 8
tree 2616 5064 83 0 179
fre 2644 5084 74 179 179
fre 2676 5068 66 179 179
fre 2676 5084 74 179 179
fre 2772 5060 74 179 179
fre 2780 5060 74 179 179
fre 2836 5068 8 179 179
fre 2900 5076 66 179 179
fre 2900 5084 8 179 179
fre 2892 5084 74 179 179
fre 2940 5068 66 179 179
fre 2932 5060 66 179 179
fre 2940 5076 74 179 179
tree 3016 5080 87 0 179
fre 3068 5068 204 179 179
stand 3096 5080 302 0 179
zabor 3248 5072 25 0 8
zabor 3344 5072 31 0 8
fre 3436 5084 74 179 179
fre 3484 5076 67 179 179
fre 3476 5084 67 179 179
fre 3468 5060 74 179 179
fre 3492 5084 267 179 179
fre 3540 5068 74 179 179
fre 3532 5060 67 179 179
fre 3548 5076 67 179 179
fre 3524 5060 74 179 179
fre 3556 5076 76 179 179
fre 3572 5084 76 179 179
fre 3596 5076 74 179 179
fre 3628 5060 67 179 179
fre 3652 5068 67 179 179
fre 3708 5084 74 179 179
fre 3828 5076 67 179 179
fre 3828 5084 67 179 179
stand 3880 5080 316 0 179
tree 3896 5064 45 0 179
tree 3928 5080 45 0 179
stand 3960 5080 316 0 179
fre 4012 5068 13 179 179
tree 4040 5064 85 0 179
zabor 4304 5072 30 0 8
tree 4376 5064 32 0 179
lay 4408 5080 8 0 179
tree 4408 5064 43 0 179
tree 4456 5064 84 0 179
tree 4504 5080 84 0 179
tree 4520 5064 84 0 179
tree 4568 5064 43 0 179
stand 4568 5064 59 0 179
stand 4760 5080 316 0 179
stand 4792 5064 316 0 179
fre 4892 5068 58 179 179
fre 4876 5084 272 179 179
fre 4964 5084 194 179 179
tree 5080 5064 76 0 179
fre 5092 5068 272 179 179
tree 5160 5064 35 0 179
fre 5276 5084 194 179 179
tree 5400 5080 76 0 179
tree 5624 5064 85 0 179
tree 5672 5064 43 0 179
fre 5724 5068 73 179 179
fre 5836 5068 13 179 179
fre 5900 5060 76 179 179
fre 5892 5076 76 179 179
fre 5916 5084 76 179 179
zabor 5936 5072 24 0 8
fre 5988 5084 267 179 179
fre 6044 5076 67 179 179
fre 6028 5060 67 179 179
fre 6052 5076 74 179 179
tree 6056 5064 80 0 179
fre 6164 5068 2 179 179
tree 6344 5080 33 0 179
fre 6388 5076 269 179 179
tree 6552 5080 77 0 179
fre 6596 5060 272 179 179
tree 6632 5064 77 0 179
tree 6632 5080 77 0 179
tree 6680 5080 87 0 179
fre 6756 5076 76 179 179
fre 6828 5060 67 179 179
fre 6836 5084 2 179 179
fre 6852 5084 267 179 179
fre 6892 5060 67 179 179
fre 6908 5076 67 179 179
fre 7076 5060 2 179 179
fre 7308 5068 196 179 179
fre 7420 5084 196 179 179
fre 7460 5068 196 179 179
tree 7464 5080 34 0 179
fre 7548 5084 269 179 179
tree 7672 5064 18 0 179
tree 7656 5080 85 0 179
cliff 7792 5056 21 179 179
tree 232 5096 34 0 179
fre 308 5100 272 179 179
fre 308 5092 269 179 179
tree 488 5096 33 0 179
tree 568 5112 80 0 179
fre 604 5108 272 179 179
fre 580 5116 196 179 179
fre 580 5092 198 179 179
fre 636 5092 198 179 179
stand 616 5112 289 0 179
stand 648 5112 369 0 179
tree 760 5112 33 0 179
stand 792 5096 351 0 179
tree 1096 5096 34 0 179
fre 1172 5100 272 179 179
fre 1172 5092 269 179 179
tree 1352 5096 33 0 179
fre 1540 5100 67 179 179
fre 1596 5116 74 179 179
fre 1572 5116 267 179 179
fre 1612 5092 67 179 179
fre 1628 5108 67 179 179
fre 1636 5108 74 179 179
fre 1668 5116 67 179 179
fre 1716 5108 67 179 179
fre 1716 5116 67 179 179
fre 1708 5116 74 179 179
tree 1720 5096 83 0 179
fre 1740 5116 74 179 179
fre 1748 5116 67 179 179
fre 1740 5092 74 179 179
fre 1772 5100 76 179 179
fre 1860 5116 267 179 179
fre 1884 5108 67 179 179
fre 1916 5108 67 179 179
fre 1900 5092 67 179 179
fre 1892 5100 67 179 179
fre 1924 5108 74 179 179
fre 1948 5116 74 179 179
fre 1972 5116 76 179 179
fre 2076 5116 74 179 179
fre 2092 5092 67 179 179
fre 2140 5108 67 179 179
fre 2132 5092 67 179 179
fre 2188 5116 74 179 179
fre 2228 5116 67 179 179
fre 2220 5092 74 179 179
fre 2228 5100 74 179 179
fre 2244 5116 67 179 179
fre 2244 5108 76 179 179
fre 2308 5092 74 179 179
fre 2316 5092 67 179 179
fre 2356 5100 74 179 179
fre 2428 5116 67 179 179
fre 2436 5108 76 179 179
fre 2436 5116 67 179 179
fre 2508 5092 67 179 179
fre 2500 5092 74 179 179
fre 2532 5116 267 179 179
fre 2572 5092 67 179 179
fre 2588 5108 67 179 179
fre 2572 5108 74 179 179
zabor 2608 5104 24 0 8
fre 2620 5092 74 179 179
fre 2620 5108 74 179 179
fre 2652 5116 66 179 179
fre 2636 5108 74 179 179
fre 2660 5100 74 179 179
fre 2700 5100 66 179 179
stand 2728 5096 402 0 179
fre 2764 5116 74 179 179
tree 2792 5112 41 0 179
tree 2808 5112 41 0 179
fre 2820 5108 66 179 179
fre 2868 5108 74 179 179
fre 2884 5116 74 179 179
fre 2908 5108 74 179 179
fre 2884 5092 130 179 179
fre 2932 5092 74 179 179
fre 2916 5116 74 179 179
fre 2940 5116 74 179 179
fre 2948 5116 74 179 179
fre 3004 5108 74 179 179
fre 3028 5116 74 179 179
fre 3044 5108 74 179 179
tree 3080 5096 25 0 179
tree 3096 5096 25 0 179
tree 3080 5112 24 0 179
fre 3076 5092 47 179 179
tree 3112 5112 25 0 179
fre 3156 5092 203 179 179
fre 3212 5092 47 179 179
zabor 3248 5104 26 0 8
trop 3292 5100 139 179 179
zabor 3344 5104 25 0 8
fre 3452 5108 67 179 179
fre 3460 5116 267 179 179
fre 3500 5092 67 179 179
fre 3516 5108 67 179 179
stand 3496 5112 316 0 179
tree 3512 5096 45 0 179
fre 3524 5092 74 179 179
fre 3540 5116 76 179 179
fre 3524 5108 74 179 179
tree 3544 5112 45 0 179
fre 3564 5116 74 179 179
fre 3572 5108 67 179 179
fre 3572 5116 67 179 179
stand 3576 5112 316 0 179
fre 3604 5116 67 179 179
fre 3596 5092 74 179 179
fre 3596 5108 74 179 179
fre 3644 5116 67 179 179
fre 3628 5100 13 179 179
tree 3656 5096 85 0 179
fre 3708 5116 67 179 179
fre 3724 5116 74 179 179
fre 3756 5100 76 179 179
stand 3752 5112 316 0 179
stand 3800 5112 316 0 179
stand 3848 5112 316 0 179
tree 3848 5112 45 0 179
fre 3916 5108 269 179 179
fre 3996 5116 58 179 179
fre 4068 5100 272 179 179
tree 4120 5112 79 0 179
fre 4100 5100 196 179 179
trop 4188 5116 142 179 179
zabor 4304 5104 29 0 8
tree 4360 5096 84 0 179
fre 4396 5100 271 179 179
dom 4384 5088 31 0 179
tree 4424 5096 35 0 179
stand 4680 5096 318 0 179
stand 4712 5096 316 0 179
tree 4744 5112 45 0 179
fre 4876 5092 196 179 179
fre 5068 5108 196 179 179
tree 5096 5112 41 0 179
tree 5144 5096 78 0 179
tree 5128 5112 85 0 179
tree 5176 5096 41 0 179
fre 5204 5100 268 179 179
fre 5348 5100 196 179 179
tree 5432 5112 42 0 179
fre 5460 5092 72 179 179
fre 5444 5108 72 179 179
tree 5608 5096 44 0 179
fre 5708 5108 271 179 179
fre 5724 5108 73 179 179
fre 5788 5092 193 179 179
fre 5916 5116 67 179 179
fre 5908 5116 76 179 179
zabor 5936 5104 25 0 8
fre 5956 5116 67 179 179
tree 6008 5096 44 0 179
fre 6036 5100 74 179 179
fre 6020 5092 74 179 179
tree 6344 5096 78 0 179
fre 6476 5100 194 179 179
tree 6584 5112 80 0 179
fre 6660 5100 194 179 179
stand 6696 5096 360 0 179
fre 6764 5116 74 179 179
fre 6804 5116 67 179 179
fre 6796 5092 74 179 179
fre 6820 5116 67 179 179
fre 6884 5092 74 179 179
fre 6932 5108 196 179 179
tree 6968 5112 35 0 179
fre 7068 5108 2 179 179
fre 7116 5092 269 179 179
tree 7256 5096 33 0 179
tree 7336 5112 87 0 179
tree 7400 5112 85 0 179
tree 7512 5096 19 0 179
fre 7684 5116 72 179 179
tree 7736 5096 45 0 179
tree 7768 5096 86 0 179
fre 7772 5108 72 179 179
tree 312 5144 79 0 179
tree 344 5144 87 0 179
fre 420 5132 2 179 179
fre 532 5124 198 179 179
tree 520 5144 87 0 179
tree 552 5144 34 0 179
fre 588 5124 198 179 179
tree 600 5144 87 0 179
fre 612 5132 198 179 179
fre 652 5132 198 179 179
fre 708 5140 272 179 179
fre 772 5148 196 179 179
tree 840 5144 87 0 179
tree 872 5144 35 0 179
fre 956 5124 2 179 179
dom 960 5120 272 0 179
fre 964 5132 2 179 179
tree 1176 5144 79 0 179
tree 1208 5144 87 0 179
fre 1284 5132 2 179 179
fre 1396 5124 198 179 179
tree 1384 5144 87 0 179
trop 1468 5132 139 179 179
fre 1540 5148 67 179 179
fre 1596 5148 67 179 179
fre 1612 5148 74 179 179
fre 1604 5124 74 179 179
fre 1644 5132 76 179 179
fre 1676 5140 74 179 179
fre 1724 5140 67 179 179
fre 1748 5132 74 179 179
fre 1788 5148 67 179 179
fre 1780 5148 76 179 179
fre 1764 5140 76 179 179
fre 1812 5148 76 179 179
fre 1828 5148 67 179 179
fre 1836 5124 67 179 179
fre 1908 5132 74 179 179
fre 1892 5124 74 179 179
fre 1948 5148 67 179 179
fre 1988 5148 267 179 179
fre 2028 5124 67 179 179
fre 2044 5140 67 179 179
fre 2052 5140 74 179 179
fre 2084 5148 67 179 179
fre 2132 5132 74 179 179
tree 2136 5128 83 0 179
fre 2204 5140 67 179 179
fre 2268 5148 74 179 179
fre 2252 5148 74 179 179
fre 2292 5148 76 179 179
fre 2284 5124 67 179 179
fre 2324 5124 67 179 179
fre 2444 5148 74 179 179
fre 2484 5148 67 179 179
fre 2476 5124 74 179 179
fre 2500 5148 67 179 179
fre 2548 5140 67 179 179
fre 2548 5148 67 179 179
fre 2564 5124 74 179 179
zabor 2608 5136 24 0 8
fre 2620 5148 67 179 179
fre 2660 5124 66 179 179
fre 2716 5140 66 179 179
stand 2888 5128 402 0 179
fre 2892 5132 74 179 179
fre 2924 5124 74 179 179
fre 2916 5124 74 179 179
fre 2916 5132 74 179 179
fre 2948 5132 74 179 179
fre 3004 5124 74 179 179
fre 3012 5124 74 179 179
fre 3020 5124 74 179 179
lay 3048 5144 17 0 179
fre 3068 5124 204 179 179
stand 3048 5144 402 0 179
fre 3076 5148 74 179 179
trop 3164 5124 92 179 179
fre 3140 5148 203 179 179
fre 3204 5148 47 179 179
zabor 3248 5136 30 0 8
stand 3368 5144 316 0 179
stand 3416 5144 316 0 179
stand 3464 5144 316 0 179
tree 3464 5144 45 0 179
fre 3492 5124 74 179 179
fre 3500 5132 76 179 179
fre 3532 5140 269 179 179
fre 3580 5140 67 179 179
fre 3572 5140 67 179 179
fre 3572 5148 67 179 179
fre 3564 5140 74 179 179
fre 3588 5148 267 179 179
fre 3612 5148 58 179 179
fre 3628 5124 67 179 179
fre 3644 5140 67 179 179
fre 3644 5148 67 179 179
fre 3620 5132 67 179 179
fre 3668 5148 76 179 179
fre 3652 5140 74 179 179
fre 3684 5132 272 179 179
fre 3732 5132 74 179 179
fre 3716 5132 196 179 179
stand 3736 5128 318 0 179
fre 3748 5140 76 179 179
tree 3800 5144 45 0 179
fre 3820 5124 67 179 179
stand 3848 5144 316 0 179
stand 3896 5128 316 0 179
stand 3928 5144 317 0 179
stand 4056 5128 316 0 179
tree 4136 5128 42 0 179
zabor 4304 5136 27 0 8
fre 4412 5124 128 179 179
fre 4420 5124 193 179 179
fre 4452 5140 63 179 179
fre 4468 5140 63 179 179
dom 4512 5120 121 0 179
trop 4636 5140 139 179 179
stand 4712 5144 318 0 179
tree 4712 5144 45 0 179
fre 4764 5140 58 179 179
stand 4760 5144 316 0 179
tree 4856 5128 81 0 179
fre 4924 5124 196 179 179
fre 4972 5132 194 179 179
fre 4980 5132 272 179 179
tree 5000 5144 85 0 179
tree 5048 5128 35 0 179
tree 5112 5144 41 0 179
tree 5144 5128 85 0 179
fre 5220 5124 268 179 179
fre 5260 5124 194 179 179
tree 5352 5128 35 0 179
fre 5372 5140 272 179 179
tree 5384 5128 33 0 179
tree 5432 5128 42 0 179
fre 5436 5148 72 179 179
tree 5624 5128 44 0 179
lay 5672 5144 44 0 179
fre 5764 5140 12 179 179
fre 5780 5140 73 179 179
dom 5824 5120 111 0 179
fre 5892 5132 67 179 179
fre 5948 5148 74 179 179
fre 6068 5140 67 179 179
fre 6068 5148 67 179 179
tree 6104 5144 40 0 179
tree 6088 5144 78 0 179
tree 6136 5128 80 0 179
tree 6216 5128 40 0 179
tree 6296 5144 80 0 179
fre 6388 5148 196 179 179
tree 6376 5144 40 0 179
fre 6668 5140 194 179 179
stand 6696 5128 358 0 179
fre 6780 5140 67 179 179
fre 6868 5148 76 179 179
fre 6860 5132 2 179 179
fre 7148 5148 269 179 179
tree 7176 5144 79 0 179
tree 7224 5128 79 0 179
fre 7308 5132 196 179 179
tree 7336 5144 18 0 179
fre 7428 5140 272 179 179
tree 7480 5144 19 0 179
fre 7508 5140 196 179 179
fre 7540 5148 269 179 179
tree 7544 5144 87 0 179
fre 7724 5140 84 179 179
stand 7720 5144 405 0 179
fre 7716 5124 72 179 179
stand 7800 5128 304 0 179
tree 232 5160 87 0 179
tree 248 5160 87 0 179
stand 264 5160 288 0 179
stand 360 5160 288 0 179
fre 444 5164 2 179 179
fre 540 5180 198 179 179
stand 600 5176 289 0 179
stand 648 5160 367 0 179
tree 712 5160 87 0 179
tree 728 5176 35 0 179
stand 792 5160 353 0 179
fre 980 5164 2 179 179
tree 1096 5160 87 0 179
tree 1112 5160 87 0 179
stand 1128 5160 288 0 179
stand 1224 5160 288 0 179
fre 1308 5164 2 179 179
fre 1404 5180 198 179 179
fre 1620 5164 74 179 179
fre 1636 5172 76 179 179
fre 1652 5172 67 179 179
fre 1652 5180 67 179 179
fre 1708 5156 67 179 179
fre 1716 5164 74 179 179
fre 1724 5180 67 179 179
fre 1764 5164 67 179 179
fre 1772 5180 74 179 179
fre 1820 5180 74 179 179
fre 1812 5180 67 179 179
fre 1804 5156 74 179 179
fre 1940 5172 67 179 179
fre 1940 5180 67 179 179
fre 1956 5180 67 179 179
fre 2020 5156 74 179 179
fre 2092 5172 74 179 179
fre 2180 5180 267 179 179
fre 2220 5156 67 179 179
fre 2236 5172 67 179 179
fre 2244 5172 74 179 179
fre 2268 5172 67 179 179
fre 2276 5180 67 179 179
tree 2328 5160 83 0 179
fre 2356 5180 76 179 179
fre 2460 5172 67 179 179
fre 2444 5180 74 179 179
fre 2476 5164 76 179 179
fre 2548 5180 76 179 179
zabor 2608 5168 31 0 8
fre 2596 5164 67 179 179
fre 2652 5180 74 179 179
tree 2632 5176 83 0 179
fre 2692 5156 8 179 179
fre 2764 5164 66 179 179
stand 2760 5176 402 0 179
tree 2792 5160 75 0 179
stand 2840 5160 354 0 179
fre 2876 5164 66 179 179
stand 2856 5160 405 0 179
fre 2900 5164 66 179 179
fre 2932 5180 66 179 179
fre 2924 5180 8 179 179
fre 2956 5156 74 179 179
fre 2964 5164 74 179 179
lay 3016 5160 16 0 179
lay 3048 5176 15 0 179
fre 3052 5164 204 179 179
fre 3100 5164 74 179 179
fre 3108 5172 74 179 179
fre 3140 5172 203 179 179
zabor 3248 5168 27 0 8
stand 3352 5160 318 0 179
tree 3416 5176 45 0 179
stand 3464 5176 316 0 179
fre 3500 5164 76 179 179
fre 3492 5172 76 179 179
stand 3512 5160 316 0 179
fre 3540 5172 67 179 179
fre 3540 5180 67 179 179
stand 3544 5176 317 0 179
fre 3564 5156 67 179 179
fre 3612 5180 67 179 179
fre 3588 5180 267 179 179
fre 3620 5156 74 179 179
fre 3620 5164 67 179 179
fre 3628 5156 67 179 179
fre 3644 5172 67 179 179
stand 3672 5160 316 0 179
fre 3692 5172 74 179 179
fre 3756 5180 74 179 179
tree 3752 5160 42 0 179
fre 3796 5180 67 179 179
fre 3788 5156 74 179 179
stand 3800 5160 316 0 179
tree 3784 5176 45 0 179
fre 3836 5156 58 179 179
fre 3956 5164 58 179 179
zabor 4304 5168 24 0 8
fre 4356 5172 63 179 179
fre 4388 5172 63 179 179
stand 4392 5176 404 0 179
stand 4680 5160 318 0 179
fre 4780 5156 58 179 179
tree 4840 5160 78 0 179
stand 4904 5160 316 0 179
tree 5048 5160 85 0 179
tree 5064 5160 85 0 179
fre 5092 5172 268 179 179
tree 5352 5176 42 0 179
tree 5352 5160 42 0 179
fre 5364 5172 268 179 179
fre 5460 5180 72 179 179
fre 5444 5164 72 179 179
trop 5524 5180 139 179 179
tree 5608 5176 44 0 179
tree 5720 5176 33 0 179
fre 5740 5180 271 179 179
fre 5756 5164 73 179 179
fre 5780 5164 12 179 179
fre 5908 5164 76 179 179
fre 5892 5180 76 179 179
fre 5948 5180 67 179 179
zabor 5936 5168 28 0 8
fre 5956 5180 267 179 179
fre 5964 5180 74 179 179
fre 6012 5172 67 179 179
fre 5996 5156 67 179 179
fre 5996 5164 76 179 179
fre 6020 5172 74 179 179
fre 6036 5164 194 179 179
fre 6076 5164 194 179 179
fre 6084 5156 196 179 179
tree 6312 5176 44 0 179
tree 6440 5160 79 0 179
fre 6524 5156 194 179 179
tree 6632 5176 78 0 179
fre 6772 5180 269 179 179
tree 6776 5176 87 0 179
fre 6884 5172 196 179 179
tree 6904 5176 34 0 179
fre 7084 5156 2 179 179
fre 7236 5156 269 179 179
tree 7256 5176 79 0 179
fre 7308 5156 196 179 179
tree 7304 5176 35 0 179
fre 7772 5164 85 179 179
stand 7768 5176 405 0 179
stand 7816 5176 369 0 179
cliff 7904 5168 21 179 179
fre 204 5212 2 179 179
stand 360 5192 288 0 179
stand 552 5192 289 0 179
stand 616 5192 289 0 179
tree 776 5192 33 0 179
fre 852 5212 272 179 179
tree 840 5192 87 0 179
fre 1068 5212 2 179 179
stand 1224 5192 288 0 179
fre 1548 5212 74 179 179
fre 1580 5196 76 179 179
fre 1644 5212 74 179 179
fre 1684 5212 67 179 179
fre 1676 5188 74 179 179
fre 1700 5196 67 179 179
fre 1756 5212 74 179 179
fre 1788 5204 67 179 179
fre 1820 5212 67 179 179
fre 1836 5212 74 179 179
fre 1868 5196 76 179 179
fre 1876 5212 76 179 179
fre 2068 5204 67 179 179
fre 2068 5212 67 179 179
fre 2076 5212 74 179 179
fre 2092 5188 67 179 179
fre 2140 5212 67 179 179
fre 2132 5188 67 179 179
fre 2148 5212 67 179 179
fre 2212 5188 74 179 179
fre 2260 5196 74 179 179
fre 2284 5204 74 179 179
fre 2404 5212 267 179 179
fre 2460 5204 67 179 179
fre 2444 5188 67 179 179
fre 2452 5196 74 179 179
fre 2468 5204 74 179 179
fre 2540 5188 67 179 179
zabor 2608 5200 27 0 8
fre 2596 5212 77 179 179
fre 2620 5212 74 179 179
fre 2652 5212 67 179 179
fre 2628 5212 74 179 179
fre 2636 5204 74 179 179
fre 2676 5196 66 179 179
fre 2708 5188 74 179 179
fre 2724 5212 67 179 179
fre 2756 5204 8 179 179
fre 2788 5212 66 179 179
tree 2808 5192 43 0 179
fre 2804 5204 74 179 179
fre 2836 5212 66 179 179
fre 3012 5212 74 179 179
fre 3012 5196 74 179 179
fre 3092 5212 74 179 179
fre 3092 5188 74 179 179
fre 3100 5188 74 179 179
fre 3108 5196 74 179 179
fre 3108 5204 74 179 179
fre 3156 5196 47 179 179
zabor 3248 5200 28 0 8
stand 3416 5192 316 0 179
tree 3400 5208 45 0 179
fre 3452 5188 58 179 179
fre 3468 5196 76 179 179
fre 3492 5204 76 179 179
fre 3500 5212 74 179 179
fre 3540 5212 67 179 179
fre 3532 5188 74 179 179
fre 3564 5188 67 179 179
fre 3556 5212 67 179 179
fre 3572 5196 58 179 179
fre 3588 5212 267 179 179
fre 3588 5196 67 179 179
fre 3628 5188 67 179 179
fre 3644 5204 67 179 179
fre 3620 5188 74 179 179
fre 3668 5204 67 179 179
fre 3668 5212 67 179 179
fre 3740 5212 67 179 179
fre 3772 5204 67 179 179
stand 3768 5192 316 0 179
fre 3780 5212 267 179 179
tree 3800 5192 45 0 179
fre 3820 5188 67 179 179
fre 3836 5204 67 179 179
fre 3812 5188 58 179 179
fre 3860 5212 76 179 179
fre 3844 5204 74 179 179
tree 3848 5192 124 0 179
tree 3912 5208 45 0 179
fre 3948 5188 13 179 179
fre 3940 5204 58 179 179
tree 4040 5192 85 0 179
tree 4072 5208 42 0 179
fre 4068 5196 194 179 179
fre 4124 5188 194 179 179
zabor 4304 5200 25 0 8
fre 4380 5188 63 179 179
fre 4412 5196 63 179 179
fre 4404 5212 63 179 179
fre 4388 5188 63 179 179
stand 4392 5192 274 0 179
stand 4408 5208 403 0 179
vor 4436 5188 114 179 179
fre 4572 5204 128 179 179
fre 4572 5212 129 179 179
stand 4664 5208 316 0 179
stand 4792 5208 316 0 179
tree 4792 5192 45 0 179
tree 4856 5208 41 0 179
fre 4836 5212 268 179 179
tree 4872 5192 76 0 179
tree 4904 5192 41 0 179
tree 4952 5192 85 0 179
fre 5020 5196 194 179 179
fre 5156 5212 83 179 179
fre 5164 5188 194 179 179
fre 5228 5188 194 179 179
fre 5284 5212 268 179 179
fre 5332 5196 72 179 179
fre 5372 5204 72 179 179
fre 5388 5188 194 179 179
fre 5436 5196 72 179 179
fre 5436 5212 72 179 179
fre 5452 5212 194 179 179
tree 5608 5208 83 0 179
tree 5640 5192 35 0 179
fre 5852 5188 76 179 179
fre 5844 5212 76 179 179
fre 5836 5204 76 179 179
fre 5884 5212 67 179 179
fre 5876 5212 76 179 179
fre 5876 5196 76 179 179
fre 5860 5212 76 179 179
tree 5912 5208 83 0 179
vor 5900 5204 75 179 179
fre 5924 5212 67 179 179
zabor 5936 5200 26 0 8
fre 5972 5196 74 179 179
fre 6004 5196 74 179 179
fre 5988 5188 74 179 179
fre 5988 5204 76 179 179
tree 5992 5208 40 0 179
fre 6060 5188 67 179 179
fre 6172 5204 196 179 179
tree 6184 5208 40 0 179
tree 6232 5208 78 0 179
tree 6408 5192 79 0 179
tree 6456 5208 44 0 179
tree 6472 5192 44 0 179
tree 7000 5192 19 0 179
tree 7064 5208 33 0 179
fre 7124 5204 2 179 179
tree 7448 5208 79 0 179
fre 7540 5212 269 179 179
fre 7756 5196 72 179 179
fre 7772 5212 2 179 179
stand 7832 5208 373 0 179
fre 244 5228 2 179 179
fre 284 5236 2 179 179
fre 332 5244 2 179 179
fre 468 5228 2 179 179
tree 728 5240 87 0 179
tree 728 5224 87 0 179
fre 1108 5228 2 179 179
tree 1112 5224 19 0 179
tree 1112 5240 19 0 179
fre 1148 5236 2 179 179
fre 1196 5244 2 179 179
fre 1332 5228 2 179 179
fre 1556 5228 74 179 179
fre 1572 5236 76 179 179
fre 1660 5236 67 179 179
fre 1644 5220 67 179 179
fre 1668 5244 267 179 179
fre 1708 5220 67 179 179
fre 1724 5236 67 179 179
fre 1748 5244 76 179 179
fre 1732 5236 74 179 179
fre 1756 5244 67 179 179
fre 1780 5228 74 179 179
fre 1844 5228 74 179 179
fre 1852 5244 74 179 179
fre 1860 5236 76 179 179
fre 1868 5220 67 179 179
fre 1908 5220 67 179 179
fre 1932 5220 67 179 179
fre 1964 5244 74 179 179
fre 1996 5228 76 179 179
fre 1988 5244 267 179 179
fre 2028 5220 67 179 179
fre 2044 5236 67 179 179
fre 2052 5236 74 179 179
fre 2084 5244 67 179 179
fre 2116 5228 67 179 179
tree 2136 5224 83 0 179
fre 2172 5244 74 179 179
fre 2260 5236 67 179 179
fre 2260 5244 67 179 179
fre 2332 5244 67 179 179
fre 2324 5244 76 179 179
fre 2372 5244 67 179 179
fre 2452 5228 74 179 179
fre 2436 5220 74 179 179
fre 2476 5244 74 179 179
fre 2516 5244 67 179 179
fre 2508 5220 74 179 179
zabor 2608 5232 24 0 8
fre 2628 5236 66 179 179
fre 2652 5220 66 179 179
fre 2628 5228 74 179 179
fre 2644 5220 74 179 179
fre 2644 5236 74 179 179
fre 2668 5228 67 179 179
fre 2676 5220 127 179 179
fre 2732 5244 8 179 179
fre 2756 5244 67 179 179
stand 2760 5240 405 0 179
fre 2804 5244 8 179 179
fre 2804 5228 74 179 179
fre 2828 5244 66 179 179
fre 2844 5244 74 179 179
fre 2876 5236 8 179 179
fre 2948 5244 74 179 179
tree 2984 5224 85 0 179
fre 3052 5236 47 179 179
fre 3052 5220 204 179 179
fre 3148 5244 203 179 179
fre 3220 5220 47 179 179
fre 3212 5220 204 179 179
zabor 3248 5232 26 0 8
stand 3384 5224 316 0 179
tree 3416 5224 45 0 179
fre 3428 5220 58 179 179
fre 3460 5236 76 179 179
fre 3500 5244 74 179 179
fre 3516 5236 67 179 179
fre 3540 5244 67 179 179
fre 3532 5220 74 179 179
tree 3528 5240 45 0 179
fre 3556 5244 67 179 179
fre 3564 5220 13 179 179
fre 3556 5236 58 179 179
fre 3596 5228 76 179 179
fre 3596 5220 67 179 179
fre 3612 5236 67 179 179
fre 3604 5244 76 179 179
fre 3620 5220 74 179 179
tree 3656 5224 85 0 179
tree 3688 5240 42 0 179
fre 3684 5228 194 179 179
fre 3716 5228 67 179 179
fre 3740 5220 194 179 179
tree 3800 5224 83 0 179
fre 3812 5220 74 179 179
tree 3832 5240 49 0 179
tree 3864 5224 79 0 179
fre 3884 5236 74 179 179
zabor 4304 5232 25 0 8
stand 4568 5224 69 0 179
tree 4696 5240 45 0 179
stand 4712 5224 316 0 179
stand 4776 5240 316 0 179
tree 4776 5224 45 0 179
fre 4804 5228 58 179 179
fre 4852 5236 268 179 179
fre 4844 5244 268 179 179
tree 4888 5240 41 0 179
tree 4888 5224 41 0 179
fre 4900 5236 268 179 179
tree 4936 5224 85 0 179
tree 4984 5224 85 0 179
fre 5116 5220 194 179 179
tree 5304 5224 78 0 179
tree 5288 5224 42 0 179
fre 5324 5236 72 179 179
fre 5364 5220 194 179 179
fre 5380 5228 72 179 179
fre 5436 5228 136 179 179
stand 5448 5224 145 0 179
trop 5588 5236 134 179 179
tree 5608 5240 83 0 179
tree 5624 5240 43 0 179
tree 5688 5240 83 0 179
fre 5708 5220 76 179 179
tree 5752 5240 83 0 179
tree 5768 5224 43 0 179
fre 5788 5244 76 179 179
fre 5796 5220 76 179 179
tree 5848 5240 84 0 179
fre 5860 5228 67 179 179
fre 5916 5244 74 179 179
tree 5896 5240 83 0 179
zabor 5936 5232 25 0 8
fre 5996 5244 74 179 179
fre 6036 5236 67 179 179
fre 6036 5244 67 179 179
fre 6028 5220 74 179 179
tree 6024 5224 44 0 179
fre 6228 5244 194 179 179
tree 6264 5240 79 0 179
tree 6312 5240 79 0 179
tree 6424 5224 40 0 179
tree 6488 5224 44 0 179
fre 6636 5228 196 179 179
fre 6828 5220 2 179 179
fre 6908 5236 269 179 179
fre 6924 5228 196 179 179
stand 7048 5240 354 0 179
tree 7256 5240 87 0 179
fre 7340 5236 196 179 179
fre 7492 5220 196 179 179
tree 7560 5224 79 0 179
tree 7768 5240 85 0 179
fre 7796 5236 72 179 179
fre 7796 5220 72 179 179
tree 7832 5224 45 0 179
stand 7864 5224 405 0 179
stand 7848 5224 304 0 179
tree 7880 5240 87 0 179
tree 7896 5240 86 0 179
stand 7880 5240 304 0 179
tree 200 5272 87 0 179
fre 332 5252 269 179 179
fre 420 5252 2 179 179
fre 484 5276 2 179 179
fre 556 5260 2 179 179
fre 652 5252 2 179 179
tree 824 5272 35 0 179
tree 920 5256 79 0 179
tree 936 5256 79 0 179
fre 972 5268 2 179 179
tree 1064 5272 87 0 179
tree 1112 5272 34 0 179
fre 1196 5252 269 179 179
fre 1284 5252 2 179 179
fre 1348 5276 2 179 179
fre 1580 5276 74 179 179
fre 1620 5276 67 179 179
fre 1612 5252 74 179 179
fre 1692 5276 74 179 179
fre 1700 5252 74 179 179
fre 1708 5252 67 179 179
fre 1748 5252 67 179 179
fre 1772 5268 74 179 179
fre 1764 5276 267 179 179
fre 1804 5252 67 179 179
fre 1820 5268 67 179 179
fre 1828 5268 74 179 179
fre 1868 5276 74 179 179
fre 1860 5276 67 179 179
fre 1908 5276 67 179 179
fre 1900 5252 74 179 179
tree 1912 5256 83 0 179
fre 1972 5260 74 179 179
fre 1956 5276 67 179 179
fre 1988 5268 76 179 179
fre 2020 5252 74 179 179
fre 2060 5252 67 179 179
fre 2092 5268 74 179 179
fre 2156 5276 74 179 179
fre 2172 5276 67 179 179
fre 2188 5260 76 179 179
fre 2308 5260 67 179 179
fre 2364 5276 74 179 179
fre 2484 5268 67 179 179
fre 2484 5276 67 179 179
fre 2492 5268 67 179 179
fre 2580 5276 76 179 179
zabor 2608 5264 31 0 8
fre 2628 5276 66 179 179
stand 2648 5256 361 0 179
fre 2660 5276 66 179 179
fre 2676 5260 67 179 179
fre 2716 5268 8 179 179
fre 2732 5268 67 179 179
fre 2764 5276 66 179 179
fre 2780 5276 67 179 179
stand 2776 5256 402 0 179
stand 2792 5272 288 0 179
fre 2812 5276 66 179 179
stand 2840 5272 405 0 179
fre 2820 5276 74 179 179
fre 2876 5268 74 179 179
fre 2868 5268 74 179 179
fre 2860 5268 74 179 179
fre 2908 5252 74 179 179
fre 2932 5260 74 179 179
fre 2964 5276 66 179 179
tree 2968 5256 85 0 179
fre 3060 5268 204 179 179
fre 3092 5260 47 179 179
fre 3092 5276 72 179 179
trop 3164 5252 92 179 179
fre 3196 5260 72 179 179
zabor 3248 5264 31 0 8
trop 3292 5276 139 179 179
tree 3384 5272 85 0 179
fre 3468 5276 74 179 179
fre 3468 5260 194 179 179
fre 3516 5268 67 179 179
fre 3508 5276 67 179 179
fre 3500 5252 74 179 179
fre 3500 5268 85 179 179
fre 3524 5276 67 179 179
fre 3524 5260 194 179 179
tree 3560 5256 85 0 179
fre 3588 5268 76 179 179
fre 3604 5276 76 179 179
fre 3588 5252 74 179 179
tree 3608 5256 85 0 179
fre 3660 5252 67 179 179
fre 3684 5276 267 179 179
fre 3724 5252 67 179 179
fre 3740 5268 67 179 179
tree 3800 5256 75 0 179
fre 3860 5268 67 179 179
fre 3860 5276 67 179 179
fre 3932 5276 67 179 179
stand 3960 5256 126 0 179
fre 3964 5268 73 179 179
fre 3948 5252 73 179 179
stand 4040 5272 316 0 179
stand 4120 5256 317 0 179
stand 4200 5272 316 0 179
stand 4280 5256 317 0 179
zabor 4304 5264 30 0 8
fre 4500 5252 63 179 179
fre 4524 5268 193 179 179
fre 4516 5252 63 179 179
fre 4524 5252 63 179 179
tree 4568 5256 84 0 179
zabor 5616 5264 31 0 8
zabor 5648 5264 26 0 8
zabor 5680 5264 29 0 8
zabor 5712 5264 25 0 8
zabor 5744 5264 30 0 8
zabor 5776 5264 27 0 8
zabor 5808 5264 30 0 8
zabor 5840 5264 31 0 8
fre 5860 5276 267 179 179
zabor 5872 5264 28 0 8
fre 5916 5276 67 179 179
fre 5916 5268 67 179 179
fre 5900 5252 67 179 179
zabor 5904 5264 25 0 8
fre 5932 5276 74 179 179
fre 5924 5268 74 179 179
zabor 5936 5264 28 0 8
fre 5964 5260 76 179 179
fre 6012 5268 67 179 179
fre 6020 5276 267 179 179
fre 6060 5252 67 179 179
fre 6076 5268 67 179 179
fre 6100 5276 76 179 179
fre 6084 5268 74 179 179
tree 6120 5256 80 0 179
fre 6228 5260 196 179 179
tree 6280 5256 40 0 179
tree 6328 5256 40 0 179
fre 6420 5252 194 179 179
fre 6540 5276 194 179 179
fre 6540 5252 194 179 179
tree 6600 5272 40 0 179
tree 6616 5256 79 0 179
tree 6696 5272 80 0 179
tree 6792 5256 79 0 179
fre 6836 5260 269 179 179
fre 6852 5276 267 179 179
fre 6908 5268 67 179 179
fre 6892 5252 67 179 179
fre 6884 5276 267 179 179
fre 6916 5268 74 179 179
fre 6940 5268 67 179 179
fre 6924 5252 67 179 179
fre 6948 5268 74 179 179
tree 7016 5272 79 0 179
stand 7128 5272 288 0 179
fre 7172 5260 2 179 179
tree 7256 5272 87 0 179
tree 7272 5272 87 0 179
tree 7320 5272 79 0 179
tree 7432 5256 80 0 179
tree 7496 5272 87 0 179
tree 7736 5256 85 0 179
tree 7752 5256 85 0 179
tree 7816 5272 18 0 179
tree 7864 5272 45 0 179
stand 7896 5256 304 0 179
stand 7880 5256 310 0 179
tree 312 5304 81 0 179
tree 392 5304 87 0 179
fre 540 5292 2 179 179
fre 572 5300 2 179 179
tree 808 5288 33 0 179
tree 904 5288 87 0 179
fre 948 5300 2 179 179
tree 1176 5304 81 0 179
tree 1256 5304 87 0 179
fre 1404 5292 2 179 179
trop 1468 5284 142 179 179
fre 1596 5300 67 179 179
fre 1604 5308 267 179 179
fre 1644 5284 67 179 179
fre 1660 5300 67 179 179
fre 1684 5308 76 179 179
fre 1668 5300 74 179 179
fre 1700 5308 67 179 179
fre 1748 5300 67 179 179
fre 1748 5308 67 179 179
tree 1752 5288 83 0 179
fre 1732 5308 67 179 179
fre 1820 5308 67 179 179
fre 1796 5284 74 179 179
fre 1884 5300 67 179 179
fre 1868 5300 74 179 179
fre 1892 5308 267 179 179
fre 1932 5284 67 179 179
fre 1948 5300 67 179 179
fre 1972 5308 76 179 179
fre 1956 5300 74 179 179
fre 1996 5308 74 179 179
fre 2036 5308 67 179 179
fre 2028 5284 74 179 179
fre 2068 5300 67 179 179
fre 2068 5308 67 179 179
fre 2140 5308 67 179 179
fre 2164 5292 74 179 179
fre 2180 5300 76 179 179
fre 2252 5284 67 179 179
fre 2268 5308 74 179 179
fre 2284 5284 67 179 179
fre 2324 5284 67 179 179
fre 2364 5308 67 179 179
fre 2380 5308 74 179 179
fre 2412 5292 76 179 179
fre 2484 5292 74 179 179
zabor 2608 5296 24 0 8
tree 2632 5288 83 0 179
tree 2664 5288 58 0 179
fre 2684 5292 74 179 179
fre 2676 5300 74 179 179
fre 2708 5308 66 179 179
fre 2692 5292 66 179 179
fre 2716 5300 74 179 179
fre 2812 5292 67 179 179
fre 2788 5292 8 179 179
fre 2844 5284 74 179 179
fre 2828 5292 74 179 179
fre 2860 5308 66 179 179
fre 2868 5300 74 179 179
fre 2852 5292 74 179 179
fre 2860 5284 74 179 179
fre 2900 5300 66 179 179
fre 2892 5308 66 179 179
fre 2900 5308 66 179 179
fre 2900 5284 66 179 179
fre 2908 5292 67 179 179
fre 2908 5300 8 179 179
fre 2908 5308 74 179 179
fre 2948 5284 66 179 179
fre 3036 5292 47 179 179
stand 3096 5288 405 0 179
stand 3112 5288 405 0 179
fre 3212 5292 204 179 179
zabor 3248 5296 27 0 8
fre 3484 5300 67 179 179
fre 3572 5308 76 179 179
fre 3596 5308 74 179 179
fre 3636 5308 67 179 179
fre 3628 5284 74 179 179
fre 3652 5308 67 179 179
fre 3716 5284 74 179 179
fre 3732 5300 194 179 179
fre 3788 5292 76 179 179
fre 3812 5292 194 179 179
fre 3820 5300 268 179 179
fre 3836 5292 268 179 179
fre 3876 5308 194 179 179
fre 3900 5292 194 179 179
fre 3892 5308 268 179 179
fre 3908 5292 67 179 179
fre 3932 5292 268 179 179
tree 3944 5288 20 0 179
stand 4008 5288 316 0 179
fre 4108 5284 12 179 179
stand 4168 5288 316 0 179
fre 4268 5284 12 179 179
zabor 4304 5296 26 0 8
dom 4384 5280 126 0 179
fre 4436 5308 63 179 179
trop 4668 5292 192 179 179
trop 5500 5284 194 179 179
fre 5788 5308 67 179 179
fre 5780 5308 76 179 179
fre 5796 5308 267 179 179
fre 5828 5308 67 179 179
fre 5852 5300 67 179 179
fre 5836 5284 67 179 179
fre 5860 5300 74 179 179
fre 5892 5308 267 179 179
fre 5908 5292 74 179 179
fre 5892 5284 74 179 179
fre 5948 5300 67 179 179
fre 5932 5284 67 179 179
fre 5940 5292 74 179 179
fre 5956 5300 74 179 179
fre 6028 5284 67 179 179
fre 6052 5284 74 179 179
tree 6072 5288 76 0 179
fre 6124 5300 74 179 179
tree 6184 5304 80 0 179
tree 6344 5288 40 0 179
tree 6360 5288 40 0 179
fre 6460 5284 194 179 179
fre 6540 5284 194 179 179
tree 6648 5304 40 0 179
tree 6648 5288 40 0 179
tree 6712 5304 44 0 179
fre 6780 5308 67 179 179
fre 6772 5308 76 179 179
fre 6812 5308 67 179 179
fre 6804 5308 76 179 179
fre 6820 5308 267 179 179
fre 6828 5292 2 179 179
fre 6876 5300 67 179 179
fre 6860 5284 67 179 179
fre 6852 5308 67 179 179
fre 6884 5300 74 179 179
fre 6900 5292 74 179 179
fre 6884 5284 74 179 179
fre 6932 5292 74 179 179
fre 6916 5284 74 179 179
fre 6948 5308 267 179 179
fre 6972 5284 196 179 179
fre 7004 5300 67 179 179
fre 6988 5284 67 179 179
tree 6984 5304 77 0 179
fre 7012 5300 74 179 179
tree 7256 5304 85 0 179
tree 7288 5288 33 0 179
fre 7300 5300 196 179 179
tree 7368 5288 87 0 179
fre 7364 5300 272 179 179
tree 7400 5304 85 0 179
tree 7432 5304 87 0 179
fre 7460 5300 2 179 179
tree 7496 5304 87 0 179
tree 7512 5304 87 0 179
fre 7524 5300 269 179 179
tree 7656 5288 79 0 179
tree 7800 5304 33 0 179
tree 7832 5304 85 0 179
cliff 8016 5280 21 179 179
fre 308 5340 272 179 179
fre 588 5324 2 179 179
fre 748 5316 2 179 179
fre 844 5340 2 179 179
fre 1020 5332 269 179 179
tree 1032 5336 87 0 179
tree 1096 5336 81 0 179
fre 1172 5340 272 179 179
fre 1588 5324 74 179 179
fre 1572 5340 67 179 179
fre 1636 5316 74 179 179
fre 1676 5324 76 179 179
fre 1708 5332 74 179 179
fre 1796 5324 67 179 179
fre 1844 5332 67 179 179
fre 1844 5340 67 179 179
fre 1916 5340 67 179 179
fre 1924 5316 74 179 179
fre 1964 5340 74 179 179
fre 1996 5332 74 179 179
fre 2012 5332 67 179 179
fre 1996 5324 76 179 179
fre 2100 5340 76 179 179
fre 2116 5324 67 179 179
fre 2172 5340 74 179 179
fre 2188 5340 74 179 179
fre 2180 5340 267 179 179
fre 2228 5340 67 179 179
fre 2220 5316 74 179 179
fre 2236 5332 67 179 179
fre 2244 5332 74 179 179
fre 2276 5340 67 179 179
tree 2328 5320 83 0 179
fre 2388 5324 74 179 179
fre 2404 5332 76 179 179
fre 2476 5316 67 179 179
zabor 2608 5328 29 0 8
tree 2632 5320 83 0 179
fre 2748 5324 8 179 179
fre 2796 5324 66 179 179
fre 2788 5332 67 179 179
fre 2788 5340 67 179 179
stand 2824 5336 288 0 179
fre 2828 5332 66 179 179
fre 2844 5324 66 179 179
fre 2860 5332 8 179 179
stand 2952 5336 288 0 179
fre 2956 5324 66 179 179
stand 3032 5336 405 0 179
fre 3068 5332 47 179 179
fre 3084 5324 82 179 179
fre 3148 5316 55 179 179
fre 3148 5340 203 179 179
fre 3172 5332 47 179 179
fre 3212 5324 47 179 179
zabor 3248 5328 27 0 8
stand 3368 5336 316 0 179
fre 3572 5324 194 179 179
fre 3612 5332 67 179 179
fre 3668 5340 194 179 179
fre 3700 5340 76 179 179
fre 3708 5316 268 179 179
fre 3780 5332 76 179 179
tree 3784 5336 34 0 179
tree 3832 5320 83 0 179
fre 3852 5316 67 179 179
fre 3876 5340 267 179 179
fre 3892 5324 84 179 179
fre 3916 5316 67 179 179
fre 3932 5332 67 179 179
fre 3924 5340 194 179 179
fre 4020 5340 12 179 179
stand 4040 5336 316 0 179
tree 4056 5320 45 0 179
tree 4040 5336 45 0 179
fre 4068 5340 269 179 179
fre 4180 5340 12 179 179
stand 4200 5336 316 0 179
tree 4216 5320 45 0 179
tree 4200 5336 45 0 179
fre 4228 5340 269 179 179
zabor 4304 5328 27 0 8
dom 4512 5312 139 0 179
fre 4548 5324 193 179 179
zabor 4624 5328 24 0 8
trop 4812 5324 140 179 179
trop 4988 5324 140 179 179
trop 5164 5324 140 179 179
trop 5348 5324 140 179 179
fre 5724 5340 67 179 179
fre 5716 5340 76 179 179
fre 5764 5324 67 179 179
fre 5764 5340 267 179 179
fre 5820 5340 67 179 179
fre 5812 5340 76 179 179
fre 5820 5332 67 179 179
fre 5804 5316 67 179 179
fre 5828 5332 74 179 179
fre 5844 5324 74 179 179
fre 5828 5316 74 179 179
fre 5828 5340 267 179 179
fre 5860 5340 67 179 179
fre 5884 5332 67 179 179
fre 5868 5316 67 179 179
fre 5892 5332 74 179 179
fre 5940 5324 74 179 179
fre 5924 5316 74 179 179
fre 5940 5332 67 179 179
fre 5940 5340 67 179 179
fre 5964 5340 74 179 179
fre 6004 5340 67 179 179
fre 5996 5316 74 179 179
fre 6100 5332 67 179 179
fre 6100 5340 67 179 179
tree 6104 5336 40 0 179
tree 6120 5336 40 0 179
tree 6120 5320 76 0 179
fre 6172 5340 67 179 179
tree 6200 5336 87 0 179
fre 6268 5316 194 179 179
fre 6364 5332 267 179 179
fre 6404 5324 197 179 179
fre 6412 5324 194 179 179
fre 6500 5316 197 179 179
fre 6556 5332 267 179 179
fre 6588 5324 194 179 179
fre 6596 5316 197 179 179
fre 6668 5340 194 179 179
fre 6748 5340 67 179 179
fre 6740 5340 76 179 179
fre 6756 5324 67 179 179
fre 6788 5340 67 179 179
fre 6812 5340 74 179 179
fre 6788 5324 67 179 179
fre 6844 5340 74 179 179
fre 6868 5324 74 179 179
fre 6852 5316 74 179 179
fre 6876 5340 67 179 179
fre 6868 5340 76 179 179
fre 6932 5332 67 179 179
fre 6932 5340 67 179 179
fre 6916 5340 67 179 179
tree 6936 5320 77 0 179
fre 6964 5332 67 179 179
fre 6964 5340 67 179 179
fre 6996 5324 74 179 179
fre 6980 5316 74 179 179
tree 7016 5320 87 0 179
tree 7112 5336 79 0 179
fre 7196 5332 2 179 179
tree 7256 5320 87 0 179
fre 7348 5332 196 179 179
tree 7384 5320 85 0 179
fre 7508 5324 2 179 179
tree 7608 5320 19 0 179
tree 7640 5336 34 0 179
tree 7736 5336 35 0 179
tree 7928 5320 18 0 179
tree 7912 5336 85 0 179
fre 228 5364 272 179 179
tree 264 5368 87 0 179
fre 308 5348 269 179 179
fre 332 5348 196 179 179
tree 440 5368 79 0 179
tree 488 5352 87 0 179
fre 564 5364 2 179 179
fre 564 5356 2 179 179
tree 680 5352 79 0 179
fre 892 5356 2 179 179
tree 1000 5368 87 0 179
fre 1092 5364 272 179 179
tree 1128 5368 87 0 179
fre 1172 5348 269 179 179
fre 1196 5348 196 179 179
tree 1304 5368 79 0 179
tree 1352 5352 87 0 179
fre 1668 5364 76 179 179
fre 1684 5364 67 179 179
fre 1684 5372 67 179 179
fre 1740 5348 67 179 179
fre 1756 5372 67 179 179
fre 1740 5372 74 179 179
fre 1764 5372 267 179 179
fre 1772 5356 76 179 179
fre 1804 5348 67 179 179
fre 1820 5364 67 179 179
fre 1820 5372 74 179 179
fre 1836 5348 67 179 179
fre 1876 5348 67 179 179
fre 1892 5356 67 179 179
fre 1948 5372 74 179 179
fre 1972 5364 67 179 179
fre 1972 5372 67 179 179
fre 1972 5356 74 179 179
fre 2004 5356 74 179 179
fre 1988 5364 76 179 179
fre 2044 5372 67 179 179
fre 2060 5348 67 179 179
fre 2172 5372 67 179 179
fre 2148 5372 67 179 179
fre 2204 5364 67 179 179
fre 2212 5348 74 179 179
fre 2292 5372 76 179 179
fre 2284 5364 74 179 179
fre 2412 5372 74 179 179
fre 2452 5372 67 179 179
fre 2444 5348 74 179 179
zabor 2608 5360 31 0 8
tree 2632 5352 41 0 179
fre 2716 5372 66 179 179
fre 2700 5372 8 179 179
fre 2708 5372 8 179 179
fre 2764 5364 66 179 179
fre 2772 5356 66 179 179
fre 2772 5364 8 179 179
fre 2812 5364 66 179 179
fre 2812 5372 67 179 179
fre 2812 5348 67 179 179
stand 2824 5352 287 0 179
fre 2828 5364 66 179 179
fre 2836 5372 67 179 179
fre 2828 5356 8 179 179
fre 2860 5372 67 179 179
fre 2860 5356 74 179 179
fre 2892 5356 66 179 179
fre 2884 5348 66 179 179
fre 2892 5364 66 179 179
fre 2900 5348 74 179 179
fre 2924 5356 66 179 179
fre 2916 5364 66 179 179
fre 2924 5348 74 179 179
fre 2964 5364 67 179 179
tree 3064 5352 12 0 179
fre 3052 5356 204 179 179
tree 3080 5368 12 0 179
fre 3228 5356 204 179 179
zabor 3248 5360 29 0 8
fre 3476 5356 196 179 179
tree 3544 5352 33 0 179
fre 3604 5356 194 179 179
tree 3720 5352 85 0 179
fre 3788 5372 74 179 179
fre 3828 5372 67 179 179
fre 3820 5348 74 179 179
fre 3844 5372 67 179 179
fre 3908 5348 74 179 179
stand 4040 5368 316 0 179
stand 4200 5368 316 0 179
zabor 4304 5360 31 0 8
tree 4376 5368 32 0 179
tree 4360 5352 84 0 179
tree 4360 5368 84 0 179
fre 4412 5356 271 179 179
stand 4440 5352 403 0 179
fre 4468 5372 63 179 179
fre 4468 5364 63 179 179
stand 4568 5368 27 0 179
zabor 4624 5360 24 0 8
trop 4684 5372 134 179 179
zabor 4752 5360 28 0 8
zabor 4784 5360 31 0 8
zabor 4816 5360 30 0 8
zabor 4848 5360 28 0 8
zabor 4880 5360 31 0 8
zabor 4912 5360 30 0 8
zabor 4944 5360 29 0 8
zabor 4976 5360 28 0 8
zabor 5008 5360 30 0 8
zabor 5040 5360 26 0 8
zabor 5072 5360 27 0 8
zabor 5104 5360 27 0 8
zabor 5136 5360 25 0 8
zabor 5168 5360 29 0 8
zabor 5200 5360 26 0 8
zabor 5232 5360 26 0 8
zabor 5264 5360 27 0 8
zabor 5296 5360 30 0 8
zabor 5328 5360 25 0 8
zabor 5360 5360 24 0 8
zabor 5392 5360 27 0 8
zabor 5424 5360 30 0 8
zabor 5456 5360 26 0 8
zabor 5488 5360 25 0 8
zabor 5520 5360 31 0 8
zabor 5552 5360 24 0 8
trop 5588 5356 135 179 179
trop 5660 5372 130 179 179
fre 5692 5372 67 179 179
fre 5684 5372 76 179 179
fre 5700 5356 67 179 179
fre 5732 5372 67 179 179
fre 5756 5372 74 179 179
fre 5748 5372 76 179 179
fre 5796 5356 67 179 179
fre 5820 5372 67 179 179
fre 5812 5356 74 179 179
fre 5796 5348 74 179 179
fre 5796 5372 67 179 179
fre 5852 5372 74 179 179
fre 5836 5372 74 179 179
fre 5868 5356 76 179 179
fre 5876 5364 67 179 179
fre 5876 5372 67 179 179
fre 5876 5356 74 179 179
fre 5860 5348 74 179 179
fre 5972 5364 67 179 179
fre 5972 5372 67 179 179
fre 5980 5364 67 179 179
fre 5988 5372 267 179 179
fre 6028 5348 67 179 179
fre 6044 5364 67 179 179
fre 6028 5356 76 179 179
fre 6068 5372 76 179 179
fre 6052 5364 74 179 179
tree 6072 5368 79 0 179
tree 6088 5368 44 0 179
fre 6148 5356 67 179 179
tree 6168 5368 87 0 179
tree 6216 5368 87 0 179
fre 6340 5356 197 179 179
fre 6348 5356 194 179 179
fre 6724 5356 67 179 179
fre 6780 5372 74 179 179
fre 6812 5372 67 179 179
fre 6828 5372 74 179 179
fre 6844 5372 67 179 179
fre 6820 5348 2 179 179
fre 6860 5356 76 179 179
fre 6860 5372 74 179 179
fre 6852 5356 67 179 179
fre 6900 5364 67 179 179
fre 6900 5372 67 179 179
fre 6892 5356 76 179 179
fre 6908 5372 74 179 179
tree 6904 5368 87 0 179
tree 6984 5368 77 0 179
fre 7028 5364 67 179 179
fre 7028 5372 67 179 179
stand 7048 5352 288 0 179
fre 7188 5372 2 179 179
tree 7304 5368 77 0 179
tree 7352 5352 77 0 179
tree 7416 5352 85 0 179
fre 7428 5348 2 179 179
fre 7660 5356 196 179 179
fre 7772 5372 196 179 179
fre 7812 5356 196 179 179
tree 7816 5368 34 0 179
fre 7900 5372 269 179 179
fre 7940 5372 72 179 179
tree 7992 5352 45 0 179
tree 8024 5352 86 0 179
fre 8028 5364 72 179 179
tree 200 5384 81 0 179
fre 228 5396 272 179 179
tree 328 5400 35 0 179
tree 376 5384 18 0 179
tree 456 5400 87 0 179
tree 792 5384 34 0 179
fre 868 5396 269 179 179
tree 1064 5384 81 0 179
fre 1092 5396 272 179 179
tree 1192 5400 35 0 179
tree 1240 5384 18 0 179
tree 1320 5400 87 0 179
trop 1460 5404 197 179 179
fre 1580 5404 74 179 179
fre 1612 5388 76 179 179
fre 1676 5404 74 179 179
fre 1716 5404 67 179 179
fre 1708 5380 74 179 179
fre 1732 5404 67 179 179
fre 1732 5388 67 179 179
fre 1748 5388 74 179 179
fre 1772 5380 67 179 179
fre 1788 5396 67 179 179
fre 1788 5404 74 179 179
fre 1764 5396 76 179 179
fre 1796 5380 74 179 179
fre 1796 5396 74 179 179
fre 1828 5404 67 179 179
fre 1836 5380 67 179 179
tree 1880 5384 83 0 179
fre 1900 5388 76 179 179
fre 1948 5404 67 179 179
fre 1996 5404 74 179 179
fre 2020 5388 67 179 179
fre 2036 5404 67 179 179
fre 2028 5380 74 179 179
fre 2044 5404 74 179 179
fre 2060 5380 67 179 179
fre 2100 5380 67 179 179
fre 2196 5388 74 179 179
fre 2260 5396 67 179 179
fre 2260 5404 67 179 179
fre 2332 5404 67 179 179
fre 2428 5396 67 179 179
fre 2436 5404 267 179 179
fre 2476 5380 67 179 179
fre 2492 5396 67 179 179
fre 2516 5404 76 179 179
fre 2500 5396 74 179 179
fre 2524 5404 74 179 179
fre 2540 5380 67 179 179
fre 2580 5380 67 179 179
zabor 2608 5392 27 0 8
fre 2652 5380 8 179 179
tree 2632 5400 76 0 179
tree 2696 5384 78 0 179
fre 2772 5380 8 179 179
fre 2788 5380 67 179 179
fre 2836 5396 66 179 179
fre 2820 5388 67 179 179
fre 2828 5396 8 179 179
fre 2876 5380 66 179 179
fre 2868 5388 67 179 179
fre 2868 5380 8 179 179
fre 2892 5404 66 179 179
fre 2908 5388 74 179 179
stand 2920 5400 402 0 179
fre 2956 5380 67 179 179
tree 2952 5400 41 0 179
tree 2984 5384 85 0 179
stand 3048 5400 405 0 179
stand 3096 5384 402 0 179
fre 3140 5396 203 179 179
trop 3172 5380 92 179 179
fre 3212 5388 47 179 179
zabor 3248 5392 31 0 8
tree 3384 5384 85 0 179
tree 3464 5384 85 0 179
fre 3476 5404 272 179 179
tree 3512 5384 35 0 179
tree 3560 5400 43 0 179
tree 3576 5384 43 0 179
fre 3636 5396 268 179 179
tree 3672 5400 34 0 179
fre 3692 5380 272 179 179
fre 3756 5388 268 179 179
fre 3804 5396 67 179 179
stand 3800 5384 405 0 179
tree 3816 5384 34 0 179
fre 3892 5404 76 179 179
tree 3928 5400 85 0 179
stand 3976 5384 316 0 179
stand 4040 5400 316 0 179
stand 4072 5400 316 0 179
stand 4136 5384 316 0 179
stand 4200 5400 316 0 179
stand 4232 5400 316 0 179
zabor 4304 5392 27 0 8
zabor 4336 5392 29 0 8
zabor 4368 5392 31 0 8
zabor 4400 5392 25 0 8
zabor 4432 5392 27 0 8
zabor 4464 5392 24 0 8
zabor 4496 5392 30 0 8
zabor 4528 5392 27 0 8
zabor 4560 5392 29 0 8
zabor 4592 5392 31 0 8
zabor 4624 5392 27 0 8
zabor 4752 5392 29 0 8
tree 4792 5400 44 0 179
tree 4808 5400 43 0 179
tree 4856 5384 44 0 179
tree 4904 5384 43 0 179
fre 4900 5404 76 179 179
zabor 4944 5392 26 0 8
tree 4968 5400 85 0 179
tree 4984 5400 85 0 179
zabor 4976 5392 30 0 8
fre 5004 5404 193 179 179
tree 5016 5384 43 0 179
fre 5028 5404 73 179 179
lay 5048 5384 34 0 179
zabor 5104 5392 24 0 8
tree 5128 5384 44 0 179
tree 5160 5400 44 0 179
fre 5188 5380 73 179 179
lay 5208 5400 29 0 179
tree 5192 5384 43 0 179
tree 5256 5384 44 0 179
lay 5272 5400 49 0 179
zabor 5296 5392 25 0 8
tree 5320 5384 84 0 179
tree 5352 5400 43 0 179
tree 5400 5384 84 0 179
fre 5452 5380 193 179 179
fre 5460 5404 271 179 179
stand 5448 5384 243 0 179
stand 5448 5400 243 0 179
tree 5496 5384 84 0 179
tree 5528 5384 43 0 179
zabor 5552 5392 31 0 8
fre 5668 5388 67 179 179
fre 5724 5404 74 179 179
fre 5756 5404 67 179 179
fre 5732 5388 67 179 179
fre 5772 5404 74 179 179
fre 5788 5404 74 179 179
fre 5804 5388 76 179 179
fre 5852 5404 67 179 179
fre 5844 5388 74 179 179
fre 5844 5396 67 179 179
fre 5844 5404 67 179 179
fre 5868 5404 74 179 179
fre 5860 5396 76 179 179
fre 5900 5388 76 179 179
fre 5908 5396 67 179 179
fre 5908 5404 67 179 179
fre 5932 5380 67 179 179
fre 5924 5404 267 179 179
fre 5980 5396 67 179 179
fre 5964 5380 67 179 179
fre 5988 5396 74 179 179
fre 6020 5380 74 179 179
fre 6020 5396 76 179 179
fre 6092 5396 74 179 179
fre 6092 5380 67 179 179
fre 6116 5404 267 179 179
fre 6156 5380 67 179 179
fre 6172 5396 67 179 179
fre 6308 5380 194 179 179
fre 6516 5404 272 179 179
stand 6520 5400 385 0 179
stand 6536 5400 380 0 179
fre 6612 5380 197 179 179
fre 6668 5380 197 179 179
fre 6660 5388 194 179 179
fre 6780 5404 67 179 179
fre 6796 5404 74 179 179
fre 6828 5388 76 179 179
fre 6836 5388 74 179 179
fre 6852 5396 76 179 179
fre 6868 5388 74 179 179
fre 6884 5396 76 179 179
fre 6908 5404 67 179 179
fre 6924 5380 67 179 179
fre 6924 5404 74 179 179
fre 6956 5380 67 179 179
fre 6956 5388 76 179 179
fre 7100 5388 2 179 179
fre 7284 5396 196 179 179
tree 7320 5400 35 0 179
fre 7420 5396 2 179 179
fre 7468 5380 269 179 179
tree 7608 5384 33 0 179
tree 7688 5400 87 0 179
tree 7752 5400 85 0 179
tree 7864 5384 19 0 179
fre 7980 5396 84 179 179
stand 7976 5400 405 0 179
fre 7972 5380 72 179 179
stand 8056 5384 304 0 179
cliff 8128 5392 21 179 179
fre 276 5420 269 179 179
stand 360 5432 288 0 179
tree 408 5432 18 0 179
fre 540 5428 2 179 179
tree 664 5432 87 0 179
tree 744 5416 34 0 179
tree 1032 5432 34 0 179
tree 1080 5432 81 0 179
fre 1140 5420 269 179 179
stand 1224 5432 288 0 179
tree 1272 5432 18 0 179
fre 1404 5428 2 179 179
fre 1572 5436 267 179 179
fre 1588 5420 74 179 179
fre 1628 5428 67 179 179
fre 1612 5412 67 179 179
fre 1604 5428 76 179 179
fre 1636 5428 74 179 179
fre 1692 5428 67 179 179
fre 1676 5412 67 179 179
fre 1700 5436 67 179 179
fre 1780 5436 76 179 179
fre 1764 5412 74 179 179
fre 1788 5436 67 179 179
fre 1772 5436 74 179 179
fre 1812 5436 67 179 179
fre 1804 5412 74 179 179
fre 1836 5428 74 179 179
fre 1892 5428 76 179 179
fre 1964 5412 67 179 179
fre 1956 5436 267 179 179
fre 1988 5436 267 179 179
fre 2012 5428 67 179 179
fre 1996 5412 67 179 179
fre 2028 5412 67 179 179
fre 2044 5428 67 179 179
fre 2020 5428 74 179 179
fre 2052 5436 67 179 179
fre 2100 5436 76 179 179
tree 2104 5416 83 0 179
fre 2156 5436 74 179 179
fre 2188 5420 76 179 179
fre 2308 5420 67 179 179
fre 2364 5436 74 179 179
fre 2436 5436 267 179 179
fre 2468 5412 74 179 179
fre 2476 5412 67 179 179
fre 2492 5428 67 179 179
fre 2500 5428 74 179 179
fre 2540 5428 74 179 179
fre 2532 5436 67 179 179
tree 2584 5416 83 0 179
zabor 2608 5424 28 0 8
fre 2780 5412 66 179 179
fre 2788 5436 74 179 179
fre 2828 5436 74 179 179
fre 2852 5412 66 179 179
fre 2868 5436 67 179 179
fre 2860 5428 8 179 179
stand 2872 5432 402 0 179
fre 2908 5412 8 179 179
fre 2908 5428 8 179 179
fre 2940 5436 66 179 179
fre 2932 5428 67 179 179
tree 2968 5416 41 0 179
fre 3028 5428 47 179 179
tree 3048 5416 14 0 179
fre 3068 5420 204 179 179
stand 3048 5432 402 0 179
tree 3080 5416 25 0 179
stand 3112 5416 301 0 179
fre 3140 5420 203 179 179
fre 3228 5412 204 179 179
zabor 3248 5424 25 0 8
tree 3384 5432 42 0 179
fre 3476 5412 194 179 179
fre 3484 5436 194 179 179
tree 3560 5432 33 0 179
tree 3592 5416 42 0 179
fre 3764 5412 196 179 179
fre 3748 5420 272 179 179
tree 3800 5416 19 0 179
fre 3844 5412 272 179 179
stand 3976 5416 318 0 179
tree 4024 5432 45 0 179
stand 4056 5432 316 0 179
stand 4136 5416 318 0 179
tree 4184 5432 45 0 179
stand 4216 5432 316 0 179
zabor 4752 5424 29 0 8
tree 4840 5416 43 0 179
lay 4888 5432 1 0 179
zabor 4944 5424 28 0 8
fre 5020 5436 73 179 179
tree 5032 5432 29 0 179
fre 5076 5412 271 179 179
zabor 5104 5424 25 0 8
fre 5148 5436 193 179 179
tree 5144 5416 43 0 179
lay 5192 5416 49 0 179
lay 5224 5432 48 0 179
lay 5240 5432 49 0 179
fre 5268 5420 271 179 179
lay 5256 5416 50 0 179
zabor 5296 5424 28 0 8
tree 5352 5416 90 0 179
tree 5368 5416 43 0 179
tree 5352 5432 43 0 179
stand 5400 5416 243 0 179
fre 5444 5428 42 179 179
stand 5448 5416 243 0 179
stand 5464 5416 243 0 179
tree 5528 5432 44 0 179
zabor 5552 5424 31 0 8
fre 5724 5436 67 179 179
fre 5740 5436 74 179 179
fre 5772 5420 76 179 179
fre 5780 5420 74 179 179
fre 5788 5436 67 179 179
fre 5796 5428 76 179 179
fre 5804 5436 74 179 179
fre 5836 5420 76 179 179
fre 5852 5436 67 179 179
fre 5844 5436 76 179 179
fre 5876 5420 74 179 179
fre 5868 5436 74 179 179
fre 5868 5412 67 179 179
fre 5892 5428 76 179 179
fre 5908 5436 67 179 179
fre 5900 5412 74 179 179
fre 5892 5436 67 179 179
fre 5964 5412 67 179 179
fre 5972 5420 74 179 179
fre 5956 5412 74 179 179
fre 6028 5436 74 179 179
fre 6068 5428 67 179 179
fre 6068 5436 67 179 179
fre 6060 5412 74 179 179
fre 6052 5428 194 179 179
fre 6084 5436 67 179 179
fre 6100 5420 194 179 179
fre 6140 5436 67 179 179
fre 6140 5428 194 179 179
fre 6148 5412 74 179 179
tree 6184 5416 40 0 179
tree 6200 5416 40 0 179
fre 6268 5420 197 179 179
fre 6268 5428 194 179 179
stand 6456 5432 385 0 179
stand 6488 5432 386 0 179
stand 6552 5416 386 0 179
stand 6600 5432 386 0 179
fre 6804 5420 74 179 179
fre 6820 5428 76 179 179
fre 6860 5436 74 179 179
fre 6892 5412 67 179 179
fre 6900 5436 67 179 179
fre 6892 5436 74 179 179
fre 6932 5436 67 179 179
fre 6924 5412 74 179 179
fre 6932 5420 74 179 179
fre 6948 5428 76 179 179
fre 7020 5412 67 179 179
fre 7212 5420 2 179 179
fre 7500 5436 269 179 179
tree 7528 5432 79 0 179
tree 7576 5416 79 0 179
fre 7660 5420 196 179 179
tree 7688 5432 18 0 179
fre 7780 5428 272 179 179
tree 7832 5432 19 0 179
fre 7860 5428 196 179 179
fre 7892 5436 269 179 179
tree 7896 5432 87 0 179
fre 8028 5420 85 179 179
stand 8024 5432 405 0 179
stand 8072 5432 369 0 179
tree 216 5448 81 0 179
tree 200 5448 81 0 179
fre 260 5452 272 179 179
fre 284 5452 196 179 179
tree 312 5464 87 0 179
tree 472 5448 87 0 179
fre 532 5468 2 179 179
tree 712 5464 87 0 179
tree 776 5464 34 0 179
fre 852 5468 196 179 179
tree 904 5448 87 0 179
tree 1080 5448 81 0 179
tree 1064 5448 81 0 179
fre 1124 5452 272 179 179
fre 1148 5452 196 179 179
tree 1176 5464 87 0 179
tree 1336 5448 87 0 179
fre 1396 5468 2 179 179
fre 1500 5468 67 179 179
fre 1492 5468 76 179 179
fre 1540 5468 67 179 179
fre 1620 5452 74 179 179
fre 1604 5444 74 179 179
fre 1612 5468 74 179 179
fre 1652 5468 67 179 179
fre 1644 5444 74 179 179
fre 1788 5460 67 179 179
fre 1812 5460 67 179 179
fre 1812 5468 67 179 179
fre 1828 5468 267 179 179
fre 1884 5460 67 179 179
fre 1868 5444 67 179 179
fre 1884 5468 67 179 179
fre 1876 5468 76 179 179
fre 1892 5460 74 179 179
fre 1900 5468 74 179 179
fre 1940 5468 67 179 179
fre 1932 5444 74 179 179
fre 1924 5468 67 179 179
fre 1956 5468 67 179 179
fre 2004 5452 74 179 179
fre 1988 5444 74 179 179
fre 2020 5444 74 179 179
fre 2060 5460 74 179 179
fre 2164 5452 74 179 179
fre 2180 5460 76 179 179
fre 2252 5444 67 179 179
fre 2364 5468 67 179 179
fre 2404 5468 67 179 179
fre 2468 5444 74 179 179
fre 2516 5460 67 179 179
fre 2516 5468 67 179 179
fre 2540 5460 74 179 179
fre 2588 5468 67 179 179
zabor 2608 5456 25 0 8
tree 2616 5464 83 0 179
fre 2684 5452 66 179 179
fre 2812 5452 66 179 179
fre 2804 5444 67 179 179
fre 2804 5452 8 179 179
fre 2844 5444 66 179 179
fre 2828 5468 8 179 179
stand 2824 5448 405 0 179
fre 2828 5460 74 179 179
fre 2860 5452 66 179 179
fre 2884 5468 66 179 179
fre 2900 5460 67 179 179
fre 2940 5460 66 179 179
fre 3004 5460 72 179 179
stand 3064 5464 405 0 179
fre 3100 5468 72 179 179
fre 3100 5452 72 179 179
fre 3108 5468 72 179 179
fre 3164 5452 47 179 179
fre 3212 5452 47 179 179
fre 3220 5468 204 179 179
stand 3224 5464 402 0 179
zabor 3248 5456 27 0 8
trop 3292 5452 139 179 179
tree 3416 5464 42 0 179
tree 3400 5464 42 0 179
tree 3512 5448 78 0 179
tree 3592 5448 43 0 179
tree 3720 5464 35 0 179
tree 3800 5448 40 0 179
tree 3784 5448 19 0 179
tree 3832 5448 40 0 179
tree 3864 5464 85 0 179
fre 3892 5444 268 179 179
tree 3912 5464 35 0 179
stand 4040 5464 316 0 179
stand 4056 5464 316 0 179
fre 4100 5452 269 179 179
stand 4104 5448 365 0 179
stand 4200 5464 316 0 179
stand 4216 5464 316 0 179
fre 4260 5452 269 179 179
stand 4264 5448 365 0 179
trop 4684 5468 76 179 179
zabor 4752 5456 25 0 8
tree 4776 5448 85 0 179
fre 4836 5460 73 179 179
fre 4884 5468 73 179 179
lay 4888 5448 49 0 179
lay 4888 5464 49 0 179
lay 4904 5464 50 0 179
tree 4952 5448 84 0 179
zabor 4944 5456 31 0 8
tree 4968 5448 84 0 179
fre 5004 5460 193 179 179
fre 5036 5460 193 179 179
fre 5068 5444 73 179 179
tree 5112 5464 84 0 179
zabor 5104 5456 31 0 8
fre 5148 5444 271 179 179
fre 5220 5444 193 179 179
lay 5240 5448 49 0 179
fre 5252 5460 73 179 179
lay 5272 5448 48 0 179
fre 5284 5460 271 179 179
fre 5308 5468 76 179 179
zabor 5296 5456 30 0 8
fre 5364 5444 271 179 179
fre 5404 5444 73 179 179
fre 5404 5468 139 179 179
fre 5412 5452 42 179 179
fre 5444 5468 73 179 179
tree 5528 5464 44 0 179
zabor 5552 5456 27 0 8
trop 5660 5460 76 179 179
fre 5748 5452 74 179 179
fre 5764 5460 76 179 179
fre 5804 5468 74 179 179
fre 5812 5452 74 179 179
fre 5828 5468 267 179 179
fre 5836 5444 67 179 179
fre 5844 5468 67 179 179
fre 5828 5460 76 179 179
fre 5828 5452 67 179 179
fre 5884 5460 67 179 179
fre 5868 5444 67 179 179
fre 5884 5468 74 179 179
fre 5892 5460 74 179 179
fre 5900 5468 74 179 179
fre 5892 5468 267 179 179
fre 5900 5444 67 179 179
fre 5940 5468 67 179 179
fre 5932 5444 74 179 179
fre 5948 5460 67 179 179
fre 5972 5468 76 179 179
fre 5956 5460 74 179 179
fre 5996 5452 76 179 179
fre 6004 5460 67 179 179
fre 6004 5468 67 179 179
fre 6044 5460 67 179 179
fre 6084 5452 269 179 179
fre 6116 5452 67 179 179
fre 6132 5468 76 179 179
fre 6132 5460 194 179 179
fre 6172 5468 194 179 179
fre 6236 5452 194 179 179
fre 6292 5460 197 179 179
stand 6424 5448 384 0 179
tree 6472 5448 87 0 179
tree 6488 5448 34 0 179
stand 6536 5448 381 0 179
stand 6536 5464 380 0 179
stand 6616 5464 386 0 179
fre 6716 5444 2 179 179
fre 6828 5468 74 179 179
fre 6868 5468 67 179 179
fre 6860 5444 74 179 179
fre 6876 5460 67 179 179
fre 6884 5468 267 179 179
fre 6908 5460 67 179 179
fre 6924 5444 67 179 179
fre 6940 5460 67 179 179
fre 6916 5468 267 179 179
fre 6964 5468 76 179 179
fre 6948 5460 74 179 179
fre 6956 5444 67 179 179
fre 6972 5460 67 179 179
fre 6956 5468 74 179 179
fre 6996 5468 76 179 179
fre 6980 5460 74 179 179
fre 6988 5444 74 179 179
fre 7124 5468 269 179 179
tree 7128 5464 87 0 179
fre 7236 5460 196 179 179
tree 7256 5464 34 0 179
fre 7436 5444 2 179 179
fre 7588 5444 269 179 179
tree 7608 5464 79 0 179
fre 7660 5444 196 179 179
tree 7656 5464 35 0 179
fre 8012 5452 72 179 179
stand 8088 5464 373 0 179
tree 248 5480 81 0 179
tree 312 5480 87 0 179
fre 396 5500 196 179 179
tree 872 5480 33 0 179
tree 1000 5480 19 0 179
tree 1032 5496 19 0 179
tree 1048 5496 18 0 179
fre 1076 5500 196 179 179
tree 1112 5480 81 0 179
tree 1176 5480 87 0 179
fre 1260 5500 196 179 179
fre 1476 5484 67 179 179
fre 1532 5500 74 179 179
fre 1628 5492 67 179 179
fre 1652 5492 67 179 179
fre 1652 5500 67 179 179
fre 1708 5500 74 179 179
fre 1716 5500 76 179 179
fre 1756 5500 67 179 179
fre 1748 5500 76 179 179
fre 1740 5484 76 179 179
fre 1780 5484 74 179 179
fre 1796 5500 67 179 179
fre 1876 5484 74 179 179
fre 1860 5476 74 179 179
fre 1860 5484 67 179 179
fre 1916 5492 67 179 179
fre 1916 5500 74 179 179
fre 2004 5500 76 179 179
fre 2036 5492 67 179 179
fre 2036 5500 67 179 179
fre 2108 5500 67 179 179
fre 2188 5500 74 179 179
fre 2228 5500 67 179 179
fre 2220 5476 74 179 179
fre 2444 5484 76 179 179
fre 2516 5492 67 179 179
fre 2516 5500 67 179 179
fre 2564 5484 67 179 179
fre 2588 5500 67 179 179
zabor 2608 5488 27 0 8
fre 2692 5484 66 179 179
fre 2788 5476 92 179 179
fre 2796 5500 92 179 179
fre 2836 5500 66 179 179
fre 2828 5492 66 179 179
fre 2836 5484 91 179 179
fre 2852 5484 66 179 179
fre 2860 5476 8 179 179
fre 2900 5476 66 179 179
fre 2940 5484 67 179 179
fre 2956 5476 66 179 179
fre 3036 5484 77 179 179
stand 3064 5480 301 0 179
fre 3068 5500 47 179 179
fre 3052 5484 204 179 179
fre 3076 5484 77 179 179
fre 3148 5500 55 179 179
fre 3148 5476 203 179 179
trop 3172 5500 92 179 179
zabor 3248 5488 29 0 8
tree 3384 5480 78 0 179
tree 3528 5480 42 0 179
tree 3576 5480 78 0 179
fre 3644 5484 194 179 179
tree 3736 5496 43 0 179
tree 3768 5496 33 0 179
tree 3784 5496 33 0 179
tree 3800 5496 40 0 179
stand 3784 5496 405 0 179
fre 3868 5484 196 179 179
tree 3896 5480 42 0 179
tree 3928 5496 42 0 179
fre 3940 5484 73 179 179
fre 3956 5492 73 179 179
fre 3956 5484 73 179 179
stand 3976 5480 318 0 179
stand 4136 5480 318 0 179
dom 4608 5472 142 0 179
zabor 4752 5488 30 0 8
tree 4776 5480 83 0 179
tree 4856 5496 26 0 179
tree 4888 5496 29 0 179
fre 4908 5484 76 179 179
tree 4936 5480 83 0 179
zabor 4944 5488 26 0 8
tree 4984 5496 43 0 179
fre 5044 5476 73 179 179
fre 5060 5476 271 179 179
zabor 5104 5488 28 0 8
fre 5196 5484 73 179 179
fre 5228 5476 19 179 179
zabor 5296 5488 24 0 8
fre 5340 5484 159 179 179
lay 5400 5496 0 0 179
fre 5404 5476 138 179 179
fre 5388 5476 155 179 179
fre 5420 5476 73 179 179
fre 5476 5492 42 179 179
fre 5500 5484 76 179 179
fre 5508 5484 76 179 179
fre 5516 5484 76 179 179
zabor 5552 5488 28 0 8
fre 5756 5500 67 179 179
fre 5748 5500 76 179 179
fre 5772 5500 74 179 179
fre 5796 5500 67 179 179
fre 5812 5500 67 179 179
fre 5804 5476 74 179 179
fre 5820 5492 67 179 179
fre 5828 5500 267 179 179
fre 5836 5500 74 179 179
fre 5876 5484 74 179 179
fre 5860 5476 74 179 179
fre 5868 5476 67 179 179
fre 5884 5492 67 179 179
fre 5876 5500 67 179 179
fre 5884 5500 67 179 179
fre 5916 5492 67 179 179
fre 5908 5500 76 179 179
fre 5892 5492 74 179 179
fre 5900 5500 74 179 179
fre 5924 5500 267 179 179
fre 5924 5476 74 179 179
fre 5932 5484 76 179 179
fre 5964 5476 67 179 179
fre 5980 5492 67 179 179
fre 6004 5500 76 179 179
fre 5988 5492 74 179 179
fre 5996 5492 74 179 179
fre 5988 5476 194 179 179
fre 6020 5500 197 179 179
fre 6060 5476 67 179 179
fre 6068 5500 196 179 179
fre 6084 5500 267 179 179
fre 6092 5500 197 179 179
fre 6124 5476 67 179 179
fre 6140 5492 67 179 179
fre 6132 5500 139 179 179
fre 6236 5500 197 179 179
fre 6292 5476 2 179 179
tree 6472 5496 87 0 179
stand 6520 5480 380 0 179
stand 6536 5480 381 0 179
dom 6784 5472 272 0 179
fre 6844 5492 67 179 179
fre 6852 5500 267 179 179
fre 6892 5476 67 179 179
fre 6908 5492 67 179 179
fre 6932 5500 76 179 179
fre 6916 5492 74 179 179
fre 6916 5476 74 179 179
fre 6948 5476 74 179 179
fre 6972 5492 67 179 179
fre 6988 5492 74 179 179
fre 6980 5500 267 179 179
fre 7020 5492 74 179 179
fre 7020 5476 67 179 179
fre 7036 5492 67 179 179
fre 7060 5500 76 179 179
fre 7044 5492 74 179 179
tree 7352 5480 19 0 179
tree 7416 5496 33 0 179
fre 7476 5492 2 179 179
tree 7800 5496 79 0 179
fre 7892 5500 269 179 179
fre 8052 5492 72 179 179
fre 8052 5476 72 179 179
tree 8088 5480 45 0 179
stand 8120 5480 405 0 179
tree 8136 5496 87 0 179
tree 8152 5496 86 0 179
tree 264 5528 87 0 179
tree 456 5528 34 0 179
fre 548 5508 2 179 179
tree 680 5512 79 0 179
stand 744 5528 350 0 179
tree 824 5528 33 0 179
tree 872 5512 87 0 179
tree 1128 5528 87 0 179
tree 1320 5528 34 0 179
fre 1532 5532 67 179 179
fre 1548 5532 74 179 179
fre 1580 5516 76 179 179
fre 1620 5516 74 179 179
fre 1660 5532 74 179 179
fre 1676 5508 67 179 179
fre 1716 5516 74 179 179
fre 1716 5508 67 179 179
fre 1732 5516 67 179 179
fre 1732 5524 76 179 179
fre 1788 5532 74 179 179
fre 1804 5508 67 179 179
fre 1908 5524 67 179 179
fre 1908 5532 67 179 179
fre 1916 5532 67 179 179
fre 1932 5532 74 179 179
fre 1964 5516 76 179 179
fre 2084 5516 67 179 179
fre 2140 5532 74 179 179
fre 2204 5524 67 179 179
fre 2300 5532 74 179 179
fre 2292 5532 76 179 179
fre 2316 5508 67 179 179
fre 2356 5508 67 179 179
fre 2412 5532 74 179 179
fre 2436 5524 76 179 179
fre 2444 5516 76 179 179
fre 2508 5508 67 179 179
fre 2532 5532 267 179 179
fre 2572 5508 67 179 179
fre 2588 5524 67 179 179
fre 2564 5516 67 179 179
zabor 2608 5520 24 0 8
fre 2620 5532 74 179 179
tree 2632 5528 57 0 179
dom 2752 5504 89 0 179
fre 2780 5532 67 179 179
fre 2812 5532 92 179 179
fre 2860 5532 66 179 179
fre 2876 5516 66 179 179
fre 2884 5532 66 179 179
fre 2900 5516 8 179 179
fre 2972 5516 66 179 179
fre 2956 5508 66 179 179
fre 2948 5532 66 179 179
fre 2964 5508 67 179 179
fre 3020 5508 77 179 179
fre 3020 5524 72 179 179
fre 3100 5532 72 179 179
fre 3092 5524 72 179 179
fre 3148 5532 203 179 179
stand 3176 5528 402 0 179
fre 3220 5532 47 179 179
fre 3204 5508 72 179 179
zabor 3248 5520 27 0 8
fre 3500 5524 194 179 179
fre 3540 5524 194 179 179
tree 3560 5528 85 0 179
fre 3628 5516 194 179 179
tree 3832 5512 45 0 179
tree 3912 5528 85 0 179
fre 3948 5516 73 179 179
stand 4072 5512 316 0 179
stand 4232 5512 316 0 179
zabor 4752 5520 27 0 8
tree 4792 5512 32 0 179
fre 4860 5524 19 179 179
fre 4860 5516 73 179 179
fre 4948 5516 73 179 179
zabor 4944 5520 29 0 8
fre 5044 5516 73 179 179
tree 5080 5512 43 0 179
tree 5112 5528 84 0 179
zabor 5104 5520 25 0 8
tree 5128 5512 84 0 179
fre 5220 5524 19 179 179
zabor 5296 5520 29 0 8
fre 5340 5516 193 179 179
fre 5340 5532 73 179 179
stand 5320 5528 267 0 179
tree 5528 5528 43 0 179
fre 5524 5508 76 179 179
zabor 5552 5520 25 0 8
fre 5732 5516 67 179 179
fre 5788 5532 74 179 179
fre 5788 5524 67 179 179
fre 5796 5532 267 179 179
fre 5836 5508 67 179 179
fre 5852 5524 67 179 179
fre 5876 5532 76 179 179
fre 5860 5524 74 179 179
fre 5860 5508 74 179 179
fre 5860 5532 267 179 179
fre 5908 5524 67 179 179
fre 5908 5532 67 179 179
fre 5900 5508 67 179 179
fre 5916 5524 67 179 179
fre 5908 5516 74 179 179
fre 5932 5524 74 179 179
fre 5940 5532 76 179 179
fre 5924 5524 74 179 179
fre 5956 5508 74 179 179
fre 5972 5524 67 179 179
fre 5972 5532 67 179 179
fre 5996 5532 74 179 179
fre 5996 5508 67 179 179
tree 6008 5528 87 0 179
fre 6028 5524 74 179 179
fre 6036 5532 67 179 179
fre 6028 5508 74 179 179
fre 6044 5532 67 179 179
fre 6052 5532 67 179 179
fre 6116 5508 74 179 179
fre 6324 5524 2 179 179
tree 6408 5528 87 0 179
fre 6460 5516 272 179 179
tree 6648 5528 77 0 179
tree 6632 5528 77 0 179
tree 6632 5512 77 0 179
fre 6884 5508 74 179 179
fre 6956 5524 74 179 179
fre 6964 5524 67 179 179
fre 6964 5532 67 179 179
fre 6996 5524 67 179 179
fre 6996 5532 67 179 179
fre 7036 5532 67 179 179
fre 7012 5508 74 179 179
fre 7068 5532 67 179 179
fre 7084 5524 74 179 179
fre 7180 5508 2 179 179
fre 7260 5524 269 179 179
fre 7276 5516 196 179 179
stand 7400 5528 354 0 179
tree 7608 5528 87 0 179
fre 7692 5524 196 179 179
fre 7844 5508 196 179 179
tree 7912 5512 79 0 179
tree 8072 5528 18 0 179
tree 8120 5528 45 0 179
tree 264 5544 87 0 179
fre 332 5548 196 179 179
tree 376 5544 34 0 179
fre 564 5564 2 179 179
tree 616 5544 79 0 179
fre 708 5556 196 179 179
fre 820 5564 272 179 179
fre 836 5556 272 179 179
fre 844 5556 196 179 179
tree 904 5560 87 0 179
tree 1128 5544 87 0 179
fre 1196 5548 196 179 179
tree 1240 5544 34 0 179
trop 1468 5540 174 179 179
fre 1556 5548 74 179 179
fre 1572 5556 76 179 179
fre 1572 5564 267 179 179
fre 1612 5540 67 179 179
fre 1628 5556 67 179 179
fre 1644 5540 67 179 179
fre 1636 5556 74 179 179
fre 1668 5564 67 179 179
tree 1720 5544 83 0 179
fre 1740 5564 74 179 179
fre 1788 5564 67 179 179
fre 1780 5564 67 179 179
fre 1772 5540 74 179 179
fre 1804 5564 74 179 179
fre 1836 5548 76 179 179
fre 1940 5548 74 179 179
fre 1956 5556 76 179 179
fre 2028 5540 67 179 179
fre 2140 5564 67 179 179
fre 2196 5548 74 179 179
fre 2212 5564 267 179 179
fre 2252 5540 67 179 179
fre 2268 5556 67 179 179
fre 2276 5556 74 179 179
fre 2308 5564 67 179 179
tree 2360 5544 83 0 179
fre 2420 5548 74 179 179
fre 2444 5564 74 179 179
fre 2436 5556 76 179 179
fre 2484 5564 67 179 179
fre 2476 5540 74 179 179
fre 2500 5564 67 179 179
fre 2508 5540 67 179 179
fre 2564 5540 74 179 179
zabor 2608 5552 30 0 8
fre 2620 5564 67 179 179
stand 2600 5544 288 0 179
tree 2632 5544 83 0 179
fre 2684 5556 66 179 179
fre 2732 5564 8 179 179
fre 2788 5548 67 179 179
fre 2796 5564 91 179 179
fre 2844 5548 67 179 179
fre 2852 5564 8 179 179
fre 2852 5548 8 179 179
fre 2860 5556 91 179 179
fre 2884 5556 66 179 179
fre 2932 5540 67 179 179
fre 2932 5564 8 179 179
fre 2964 5548 66 179 179
fre 3036 5564 47 179 179
fre 3036 5556 77 179 179
fre 3068 5540 47 179 179
fre 3060 5548 204 179 179
stand 3096 5544 33 0 179
fre 3092 5548 72 179 179
fre 3188 5540 47 179 179
zabor 3248 5552 29 0 8
fre 3380 5564 271 179 179
fre 3428 5540 194 179 179
fre 3716 5540 194 179 179
tree 3784 5544 85 0 179
tree 3816 5544 85 0 179
fre 3964 5556 73 179 179
stand 3976 5560 316 0 179
stand 4024 5544 316 0 179
tree 4008 5560 45 0 179
stand 4040 5544 316 0 179
stand 4088 5560 316 0 179
stand 4136 5560 316 0 179
stand 4184 5544 316 0 179
tree 4168 5560 45 0 179
stand 4200 5544 316 0 179
stand 4248 5560 316 0 179
zabor 4752 5552 28 0 8
tree 4776 5544 83 0 179
zabor 4944 5552 24 0 8
fre 5028 5540 29 179 179
tree 5080 5544 43 0 179
zabor 5104 5552 27 0 8
fre 5148 5556 18 179 179
fre 5204 5556 19 179 179
fre 5236 5556 73 179 179
fre 5220 5548 73 179 179
tree 5304 5560 84 0 179
zabor 5296 5552 24 0 8
fre 5332 5540 73 179 179
fre 5380 5540 42 179 179
fre 5452 5540 42 179 179
fre 5508 5548 76 179 179
zabor 5552 5552 31 0 8
fre 5788 5564 67 179 179
fre 5804 5564 74 179 179
fre 5836 5548 76 179 179
fre 5828 5540 74 179 179
fre 5828 5564 267 179 179
fre 5884 5556 67 179 179
fre 5868 5540 67 179 179
fre 5900 5548 76 179 179
fre 5900 5556 74 179 179
fre 5908 5556 67 179 179
fre 5908 5564 67 179 179
fre 5892 5540 74 179 179
fre 5892 5556 74 179 179
fre 5932 5564 74 179 179
fre 5956 5564 267 179 179
fre 5980 5564 67 179 179
fre 5964 5556 74 179 179
fre 5972 5564 67 179 179
fre 5964 5540 74 179 179
fre 6012 5556 67 179 179
fre 5996 5540 67 179 179
fre 6004 5556 67 179 179
fre 6004 5564 67 179 179
fre 5996 5548 272 179 179
fre 6020 5556 74 179 179
fre 6020 5548 67 179 179
fre 6076 5564 67 179 179
tree 6072 5544 87 0 179
fre 6100 5564 76 179 179
tree 6088 5560 77 0 179
tree 6120 5544 87 0 179
fre 6156 5540 272 179 179
fre 6204 5540 197 179 179
fre 6220 5548 269 179 179
tree 6232 5544 87 0 179
tree 6296 5560 87 0 179
fre 6308 5548 196 179 179
tree 6424 5544 79 0 179
tree 6520 5544 87 0 179
tree 6552 5560 19 0 179
tree 6584 5560 35 0 179
tree 6664 5560 77 0 179
tree 6696 5560 87 0 179
fre 6892 5548 76 179 179
fre 6932 5556 67 179 179
fre 6932 5564 67 179 179
fre 6924 5548 76 179 179
fre 7004 5564 67 179 179
fre 7012 5548 67 179 179
fre 7044 5548 67 179 179
fre 7060 5556 67 179 179
fre 7060 5564 67 179 179
fre 7132 5564 67 179 179
tree 7144 5544 79 0 179
fre 7188 5548 269 179 179
tree 7368 5560 79 0 179
stand 7480 5560 288 0 179
fre 7524 5548 2 179 179
tree 7608 5560 87 0 179
tree 7624 5560 87 0 179
tree 7672 5560 79 0 179
tree 7784 5544 80 0 179
tree 7848 5560 87 0 179
fre 268 5572 269 179 179
stand 280 5592 289 0 179
stand 296 5576 289 0 179
fre 388 5588 272 179 179
fre 436 5596 269 179 179
tree 520 5592 87 0 179
tree 696 5592 18 0 179
stand 792 5592 351 0 179
fre 932 5580 269 179 179
tree 1016 5592 79 0 179
tree 1016 5576 79 0 179
fre 1028 5580 272 179 179
tree 1080 5592 81 0 179
fre 1132 5572 269 179 179
stand 1144 5592 289 0 179
stand 1160 5576 289 0 179
fre 1252 5588 272 179 179
fre 1300 5596 269 179 179
tree 1384 5592 87 0 179
fre 1540 5596 67 179 179
fre 1580 5596 74 179 179
fre 1620 5596 67 179 179
fre 1612 5572 74 179 179
fre 1604 5572 74 179 179
fre 1676 5588 74 179 179
fre 1756 5588 67 179 179
fre 1812 5580 74 179 179
fre 1828 5588 76 179 179
fre 1844 5596 76 179 179
fre 1900 5572 67 179 179
fre 1964 5596 74 179 179
fre 2004 5596 67 179 179
fre 1996 5572 74 179 179
fre 2076 5596 74 179 179
fre 2092 5572 67 179 179
fre 2132 5572 67 179 179
fre 2180 5596 67 179 179
fre 2244 5572 74 179 179
fre 2316 5588 74 179 179
fre 2460 5588 67 179 179
fre 2444 5596 74 179 179
fre 2484 5596 67 179 179
fre 2476 5572 74 179 179
fre 2548 5596 76 179 179
zabor 2608 5584 25 0 8
tree 2616 5592 57 0 179
tree 2648 5592 57 0 179
tree 2632 5576 83 0 179
fre 2716 5596 66 179 179
fre 2692 5572 66 179 179
stand 2696 5592 22 0 179
stand 2728 5592 287 0 179
fre 2780 5580 8 179 179
fre 2756 5572 91 179 179
fre 2796 5596 8 179 179
fre 2796 5580 91 179 179
fre 2844 5580 66 179 179
fre 2860 5572 66 179 179
fre 2852 5596 91 179 179
fre 2868 5596 91 179 179
fre 2892 5588 8 179 179
fre 2884 5588 91 179 179
tree 2952 5592 83 0 179
tree 2984 5592 83 0 179
tree 3032 5592 14 0 179
fre 3036 5596 77 179 179
fre 3108 5580 72 179 179
fre 3196 5588 204 179 179
fre 3172 5596 204 179 179
zabor 3248 5584 25 0 8
tree 3512 5592 85 0 179
tree 3624 5576 85 0 179
fre 3644 5588 196 179 179
fre 3652 5572 268 179 179
fre 3908 5596 194 179 179
stand 4008 5592 317 0 179
stand 4168 5592 317 0 179
trop 4724 5596 78 179 179
zabor 4752 5584 28 0 8
dom 4800 5568 112 0 179
tree 4936 5592 83 0 179
zabor 4944 5584 28 0 8
dom 4992 5568 155 0 179
zabor 5104 5584 30 0 8
fre 5148 5596 18 179 179
fre 5164 5588 18 179 179
zabor 5296 5584 26 0 8
tree 5320 5592 84 0 179
fre 5484 5588 76 179 179
tree 5528 5592 44 0 179
zabor 5552 5584 29 0 8
trop 5660 5588 131 179 179
fre 5756 5596 67 179 179
fre 5748 5596 76 179 179
fre 5764 5596 267 179 179
fre 5820 5588 67 179 179
fre 5804 5572 67 179 179
fre 5812 5580 74 179 179
fre 5796 5596 67 179 179
fre 5828 5588 74 179 179
fre 5836 5580 76 179 179
fre 5852 5588 67 179 179
fre 5836 5572 67 179 179
fre 5884 5596 67 179 179
fre 5876 5596 76 179 179
fre 5860 5596 267 179 179
fre 5876 5588 67 179 179
fre 5876 5580 74 179 179
fre 5860 5572 74 179 179
fre 5860 5588 74 179 179
fre 5916 5588 67 179 179
fre 5900 5572 67 179 179
fre 5892 5588 76 179 179
fre 5924 5596 67 179 179
fre 5924 5588 74 179 179
fre 5932 5580 76 179 179
fre 5948 5596 67 179 179
fre 5940 5588 67 179 179
fre 5940 5596 67 179 179
fre 5948 5588 67 179 179
fre 5964 5572 67 179 179
fre 5956 5580 67 179 179
fre 5956 5596 267 179 179
fre 6004 5580 74 179 179
fre 5988 5572 74 179 179
fre 5988 5596 267 179 179
fre 6012 5596 67 179 179
fre 5996 5572 67 179 179
fre 6012 5588 67 179 179
fre 6028 5572 67 179 179
fre 6044 5588 67 179 179
fre 6036 5596 76 179 179
fre 6020 5588 74 179 179
fre 6020 5572 197 179 179
fre 6052 5580 67 179 179
tree 6056 5592 87 0 179
fre 6164 5572 196 179 179
tree 6200 5592 81 0 179
tree 6296 5592 79 0 179
tree 6424 5576 33 0 179
tree 6408 5576 33 0 179
fre 6612 5572 196 179 179
fre 6676 5580 196 179 179
tree 6664 5576 77 0 179
fre 6860 5580 76 179 179
fre 6884 5588 76 179 179
fre 6916 5588 76 179 179
fre 6956 5572 67 179 179
fre 6980 5580 67 179 179
fre 6980 5596 267 179 179
fre 6988 5572 67 179 179
fre 6988 5580 76 179 179
fre 7020 5572 67 179 179
fre 7036 5588 67 179 179
fre 7012 5596 267 179 179
fre 7052 5572 67 179 179
fre 7068 5588 67 179 179
fre 7108 5580 67 179 179
fre 7180 5580 2 179 179
fre 7324 5572 196 179 179
tree 7336 5592 77 0 179
fre 7652 5588 196 179 179
fre 7716 5588 272 179 179
tree 7752 5592 85 0 179
tree 7784 5592 87 0 179
tree 7848 5592 87 0 179
tree 7864 5592 87 0 179
fre 7876 5588 269 179 179
fre 7972 5596 267 179 179
fre 8028 5588 67 179 179
fre 8012 5572 67 179 179
fre 8036 5588 74 179 179
tree 248 5608 34 0 179
fre 348 5620 196 179 179
tree 376 5608 34 0 179
fre 364 5628 129 179 179
tree 392 5608 34 0 179
fre 404 5628 129 179 179
tree 504 5624 18 0 179
fre 580 5620 2 179 179
tree 600 5608 87 0 179
tree 616 5608 87 0 179
tree 664 5624 87 0 179
tree 744 5624 34 0 179
fre 908 5628 196 179 179
fre 996 5620 196 179 179
tree 1000 5624 87 0 179
tree 1112 5608 34 0 179
fre 1212 5620 196 179 179
tree 1240 5608 34 0 179
fre 1228 5628 129 179 179
tree 1256 5608 34 0 179
fre 1268 5628 129 179 179
tree 1368 5624 18 0 179
fre 1596 5620 67 179 179
fre 1604 5628 267 179 179
fre 1644 5604 67 179 179
fre 1660 5620 67 179 179
fre 1652 5620 67 179 179
fre 1652 5628 67 179 179
fre 1684 5628 76 179 179
fre 1668 5620 74 179 179
fre 1724 5628 67 179 179
fre 1748 5612 74 179 179
fre 1836 5628 74 179 179
fre 1876 5628 67 179 179
fre 1868 5604 74 179 179
fre 1980 5620 67 179 179
fre 1988 5628 267 179 179
fre 2028 5604 67 179 179
fre 2044 5620 67 179 179
fre 2068 5628 76 179 179
fre 2052 5620 74 179 179
fre 2084 5628 67 179 179
tree 2136 5608 83 0 179
fre 2292 5620 67 179 179
fre 2292 5628 67 179 179
fre 2364 5628 67 179 179
fre 2460 5620 67 179 179
fre 2548 5628 76 179 179
zabor 2608 5616 28 0 8
fre 2644 5628 73 179 179
fre 2676 5620 73 179 179
fre 2700 5628 77 179 179
fre 2716 5620 73 179 179
fre 2748 5628 77 179 179
fre 2764 5628 77 179 179
fre 2844 5612 91 179 179
fre 2852 5612 8 179 179
fre 2900 5612 77 179 179
fre 2892 5628 77 179 179
fre 2932 5620 77 179 179
tree 2984 5608 83 0 179
fre 2988 5620 77 179 179
fre 2996 5620 77 179 179
fre 3044 5612 204 179 179
fre 3108 5612 204 179 179
trop 3204 5620 94 179 179
fre 3212 5620 204 179 179
zabor 3248 5616 27 0 8
trop 3292 5612 139 179 179
tree 3368 5624 77 0 179
fre 3380 5604 271 179 179
fre 3444 5620 194 179 179
fre 3444 5612 268 179 179
tree 3544 5624 77 0 179
tree 3592 5624 35 0 179
fre 3620 5604 272 179 179
tree 3704 5608 78 0 179
stand 3752 5624 405 0 179
fre 3780 5604 194 179 179
fre 3844 5628 194 179 179
fre 3884 5620 82 179 179
fre 3900 5628 268 179 179
fre 3884 5604 73 179 179
stand 3976 5624 318 0 179
tree 3992 5608 45 0 179
stand 4040 5624 316 0 179
stand 4072 5608 316 0 179
tree 4072 5624 45 0 179
stand 4136 5624 318 0 179
tree 4152 5608 45 0 179
stand 4200 5624 316 0 179
stand 4232 5608 316 0 179
tree 4232 5624 45 0 179
dom 4608 5600 137 0 179
zabor 4752 5616 25 0 8
zabor 4944 5616 29 0 8
fre 5084 5620 76 179 179
zabor 5104 5616 31 0 8
fre 5164 5620 18 179 179
dom 5216 5600 153 0 179
zabor 5296 5616 24 0 8
fre 5324 5604 73 179 179
fre 5348 5628 76 179 179
fre 5364 5628 76 179 179
dom 5408 5600 156 0 179
fre 5484 5604 76 179 179
fre 5516 5612 73 179 179
zabor 5552 5616 30 0 8
fre 5692 5628 67 179 179
fre 5684 5628 76 179 179
fre 5724 5628 67 179 179
fre 5716 5628 76 179 179
fre 5732 5628 67 179 179
fre 5732 5612 67 179 179
fre 5788 5628 67 179 179
fre 5780 5628 76 179 179
fre 5764 5628 67 179 179
fre 5812 5612 74 179 179
fre 5796 5604 74 179 179
fre 5804 5612 76 179 179
fre 5828 5628 67 179 179
fre 5836 5628 74 179 179
fre 5828 5620 76 179 179
fre 5844 5612 74 179 179
fre 5828 5604 74 179 179
fre 5860 5612 67 179 179
fre 5876 5628 67 179 179
fre 5868 5604 74 179 179
fre 5868 5612 76 179 179
fre 5916 5628 74 179 179
fre 5908 5612 74 179 179
fre 5892 5604 74 179 179
fre 5900 5628 74 179 179
fre 5900 5604 67 179 179
fre 5908 5620 67 179 179
fre 5908 5628 67 179 179
fre 5924 5620 76 179 179
fre 5940 5628 67 179 179
fre 5932 5604 74 179 179
fre 5924 5612 67 179 179
fre 5924 5628 267 179 179
fre 5956 5628 67 179 179
fre 5964 5604 67 179 179
fre 5980 5620 67 179 179
fre 5996 5604 67 179 179
fre 5988 5612 67 179 179
fre 5988 5604 74 179 179
fre 6036 5620 67 179 179
fre 6036 5628 67 179 179
fre 6020 5628 267 179 179
fre 6020 5604 74 179 179
fre 6020 5612 2 179 179
fre 6060 5604 67 179 179
fre 6076 5620 67 179 179
fre 6060 5620 74 179 179
tree 6136 5608 81 0 179
fre 6372 5604 269 179 179
fre 6388 5612 2 179 179
fre 6452 5620 2 179 179
tree 6536 5608 35 0 179
tree 6584 5608 34 0 179
fre 6588 5620 127 179 179
fre 6620 5628 196 179 179
fre 6612 5604 2 179 179
tree 6648 5624 77 0 179
fre 6668 5628 2 179 179
fre 6756 5604 2 179 179
fre 6796 5604 2 179 179
fre 6852 5620 76 179 179
fre 6892 5628 74 179 179
fre 6924 5604 67 179 179
fre 6932 5628 67 179 179
fre 6924 5628 74 179 179
fre 6948 5628 267 179 179
fre 6964 5628 67 179 179
fre 6956 5604 74 179 179
fre 6988 5604 67 179 179
fre 7004 5620 67 179 179
fre 6980 5628 67 179 179
fre 6980 5620 76 179 179
fre 7012 5604 74 179 179
tree 7016 5624 79 0 179
fre 7044 5604 74 179 179
fre 7052 5604 67 179 179
fre 7052 5628 196 179 179
fre 7076 5628 267 179 179
fre 7116 5604 67 179 179
fre 7132 5620 67 179 179
tree 7288 5608 77 0 179
tree 7368 5608 87 0 179
tree 7464 5624 79 0 179
fre 7548 5620 2 179 179
tree 7608 5608 87 0 179
tree 7736 5608 85 0 179
fre 7860 5612 2 179 179
fre 7900 5628 67 179 179
fre 7892 5628 76 179 179
fre 7940 5628 67 179 179
fre 8020 5612 74 179 179
fre 8004 5604 74 179 179
fre 172 5660 272 179 179
fre 364 5636 129 179 179
fre 372 5644 128 179 179
fre 404 5652 128 179 179
fre 444 5660 129 179 179
tree 456 5640 35 0 179
fre 572 5636 269 179 179
fre 604 5660 2 179 179
fre 676 5644 269 179 179
tree 952 5656 79 0 179
fre 1036 5660 272 179 179
fre 1228 5636 129 179 179
fre 1236 5644 128 179 179
fre 1268 5652 128 179 179
fre 1308 5660 129 179 179
tree 1320 5640 35 0 179
fre 1548 5660 74 179 179
fre 1580 5644 76 179 179
fre 1636 5636 74 179 179
fre 1708 5652 74 179 179
fre 1700 5644 67 179 179
fre 1756 5660 74 179 179
fre 1852 5652 67 179 179
fre 1860 5660 267 179 179
fre 1900 5636 67 179 179
fre 1916 5652 67 179 179
fre 1940 5660 76 179 179
fre 1924 5652 74 179 179
fre 1972 5644 74 179 179
fre 1956 5660 67 179 179
fre 2020 5636 74 179 179
fre 2092 5652 74 179 179
fre 2188 5660 74 179 179
fre 2220 5644 76 179 179
fre 2340 5644 67 179 179
fre 2396 5660 74 179 179
fre 2452 5644 74 179 179
zabor 2608 5648 26 0 8
zabor 2640 5648 25 0 8
zabor 2672 5648 30 0 8
zabor 2704 5648 28 0 8
zabor 2736 5648 29 0 8
zabor 2768 5648 29 0 8
zabor 2800 5648 25 0 8
zabor 2832 5648 24 0 8
zabor 2896 5648 28 0 8
zabor 2928 5648 29 0 8
zabor 2960 5648 29 0 8
zabor 2992 5648 29 0 8
zabor 3024 5648 24 0 8
zabor 3056 5648 27 0 8
zabor 3088 5648 27 0 8
zabor 3120 5648 25 0 8
zabor 3184 5648 24 0 8
zabor 3216 5648 25 0 8
zabor 3248 5648 29 0 8
fre 3372 5652 268 179 179
tree 3560 5656 76 0 179
fre 3636 5652 268 179 179
tree 3688 5640 33 0 179
fre 3692 5636 196 179 179
fre 3708 5660 272 179 179
tree 3720 5640 45 0 179
fre 3788 5644 194 179 179
fre 3924 5660 194 179 179
fre 3908 5660 73 179 179
tree 4040 5656 45 0 179
tree 4200 5656 45 0 179
fre 4788 5652 76 179 179
fre 4804 5660 76 179 179
fre 4860 5660 76 179 179
fre 4876 5644 76 179 179
fre 4876 5660 76 179 179
tree 4920 5640 84 0 179
zabor 4912 5648 27 0 8
tree 4968 5640 84 0 179
tree 4968 5656 84 0 179
zabor 5104 5648 31 0 8
tree 5128 5640 84 0 179
fre 5156 5660 271 179 179
fre 5252 5644 193 179 179
fre 5260 5652 76 179 179
fre 5268 5652 76 179 179
fre 5268 5644 76 179 179
fre 5276 5660 76 179 179
fre 5340 5636 73 179 179
tree 5320 5656 84 0 179
stand 5352 5656 26 0 179
fre 5356 5644 76 179 179
fre 5364 5660 76 179 179
fre 5452 5660 76 179 179
fre 5468 5636 76 179 179
fre 5476 5644 76 179 179
fre 5500 5644 76 179 179
zabor 5488 5648 29 0 8
tree 5528 5656 84 0 179
zabor 5520 5648 27 0 8
zabor 5552 5648 24 0 8
fre 5668 5644 67 179 179
fre 5724 5660 74 179 179
fre 5700 5644 67 179 179
fre 5756 5660 74 179 179
fre 5764 5644 67 179 179
fre 5788 5660 67 179 179
fre 5820 5660 74 179 179
fre 5796 5652 76 179 179
fre 5804 5660 74 179 179
fre 5844 5652 67 179 179
fre 5844 5660 67 179 179
fre 5852 5652 67 179 179
fre 5836 5660 74 179 179
fre 5836 5644 76 179 179
fre 5860 5660 267 179 179
fre 5868 5636 67 179 179
fre 5876 5660 67 179 179
fre 5860 5652 76 179 179
fre 5876 5652 67 179 179
fre 5916 5660 67 179 179
fre 5900 5636 67 179 179
fre 5916 5652 67 179 179
fre 5892 5660 267 179 179
fre 5932 5660 74 179 179
fre 5940 5652 67 179 179
fre 5940 5660 67 179 179
fre 5924 5652 74 179 179
fre 5932 5636 67 179 179
fre 5948 5652 67 179 179
fre 5964 5644 76 179 179
fre 5972 5660 67 179 179
fre 5964 5636 74 179 179
fre 5956 5636 74 179 179
fre 5956 5660 267 179 179
fre 5988 5660 67 179 179
fre 6004 5660 76 179 179
fre 5996 5636 67 179 179
fre 6012 5652 67 179 179
fre 6036 5652 67 179 179
fre 6036 5660 67 179 179
fre 6052 5636 74 179 179
fre 6108 5660 67 179 179
fre 6092 5652 2 179 179
tree 6280 5656 87 0 179
tree 6488 5656 79 0 179
fre 6580 5652 2 179 179
tree 6632 5656 87 0 179
tree 6680 5656 87 0 179
fre 6860 5660 74 179 179
fre 6876 5644 2 179 179
fre 6900 5660 67 179 179
fre 6892 5636 74 179 179
fre 6908 5652 67 179 179
fre 6916 5660 67 179 179
fre 6940 5652 67 179 179
tree 6968 5656 81 0 179
fre 6980 5636 74 179 179
fre 6996 5660 76 179 179
fre 6988 5660 74 179 179
fre 7004 5644 196 179 179
fre 7028 5660 76 179 179
fre 7020 5636 74 179 179
fre 7044 5660 67 179 179
tree 7064 5656 77 0 179
tree 7048 5656 80 0 179
fre 7108 5636 74 179 179
fre 7156 5636 138 179 179
fre 7172 5636 2 179 179
tree 7256 5656 87 0 179
tree 7336 5656 77 0 179
stand 7400 5640 288 0 179
tree 7656 5656 77 0 179
tree 7704 5640 77 0 179
tree 7768 5640 85 0 179
fre 7876 5644 67 179 179
fre 7932 5660 74 179 179
fre 8052 5652 67 179 179
fre 8052 5660 67 179 179
fre 316 5676 272 179 179
tree 440 5672 87 0 179
tree 536 5672 87 0 179
tree 680 5672 33 0 179
stand 680 5672 280 0 179
stand 680 5688 280 0 179
tree 744 5688 34 0 179
fre 828 5668 269 179 179
tree 968 5688 87 0 179
fre 1180 5676 272 179 179
tree 1304 5672 87 0 179
tree 1400 5672 87 0 179
trop 1468 5676 139 179 179
fre 1556 5676 74 179 179
fre 1572 5684 76 179 179
fre 1644 5668 67 179 179
fre 1684 5684 67 179 179
fre 1684 5692 67 179 179
fre 1756 5692 67 179 179
fre 1892 5668 74 179 179
fre 1964 5684 74 179 179
fre 2068 5684 67 179 179
fre 2068 5692 67 179 179
fre 2140 5692 67 179 179
fre 2196 5676 74 179 179
fre 2212 5684 76 179 179
fre 2284 5668 67 179 179
fre 2396 5692 67 179 179
fre 3388 5676 271 179 179
fre 3404 5676 268 179 179
fre 3444 5692 194 179 179
fre 3468 5684 194 179 179
tree 3512 5672 85 0 179
tree 3528 5672 85 0 179
tree 3592 5672 42 0 179
tree 3704 5688 78 0 179
tree 3720 5672 45 0 179
tree 3736 5672 45 0 179
stand 4024 5672 316 0 179
stand 4120 5688 316 0 179
stand 4184 5672 316 0 179
stand 4280 5688 316 0 179
trop 4812 5692 77 179 179
zabor 4880 5680 26 0 8
trop 4924 5692 52 179 179
zabor 4912 5680 24 0 8
zabor 4944 5680 30 0 8
trop 5036 5692 52 179 179
zabor 5040 5680 30 0 8
zabor 5072 5680 30 0 8
zabor 5104 5680 30 0 8
trop 5140 5692 52 179 179
zabor 5136 5680 26 0 8
zabor 5168 5680 27 0 8
trop 5252 5692 52 179 179
zabor 5264 5680 30 0 8
zabor 5296 5680 27 0 8
zabor 5328 5680 29 0 8
trop 5364 5692 52 179 179
zabor 5360 5680 30 0 8
zabor 5392 5680 25 0 8
trop 5436 5692 52 179 179
trop 5548 5692 132 179 179
fre 5628 5692 2 179 179
fre 5724 5692 67 179 179
fre 5740 5692 74 179 179
fre 5756 5692 67 179 179
fre 5772 5676 76 179 179
fre 5772 5692 74 179 179
fre 5820 5692 67 179 179
fre 5804 5692 74 179 179
fre 5812 5676 74 179 179
fre 5804 5676 76 179 179
fre 5836 5692 74 179 179
fre 5844 5692 67 179 179
fre 5836 5668 74 179 179
fre 5852 5684 67 179 179
fre 5828 5684 76 179 179
fre 5868 5676 76 179 179
fre 5860 5692 67 179 179
fre 5868 5692 74 179 179
fre 5892 5668 74 179 179
fre 5908 5692 67 179 179
fre 5900 5668 74 179 179
fre 5940 5676 74 179 179
fre 5948 5684 67 179 179
fre 5924 5668 74 179 179
fre 5940 5692 76 179 179
fre 5924 5692 67 179 179
fre 5956 5684 76 179 179
fre 5964 5684 74 179 179
fre 5964 5676 76 179 179
fre 5988 5668 74 179 179
tree 5992 5688 87 0 179
fre 6028 5668 67 179 179
fre 6036 5692 76 179 179
fre 6084 5676 67 179 179
tree 6232 5672 81 0 179
fre 6348 5684 126 179 179
fre 6388 5676 2 179 179
tree 6536 5672 80 0 179
fre 6644 5676 2 179 179
tree 6824 5688 33 0 179
fre 6876 5684 67 179 179
fre 6868 5684 269 179 179
fre 6964 5692 76 179 179
fre 7004 5684 67 179 179
tree 7032 5688 77 0 179
fre 7092 5692 76 179 179
fre 7076 5668 272 179 179
tree 7112 5672 77 0 179
tree 7112 5688 77 0 179
tree 7160 5688 87 0 179
fre 7452 5676 2 179 179
fre 7932 5692 67 179 179
fre 7948 5692 74 179 179
fre 7980 5676 76 179 179
stand 344 5720 44 0 179
tree 392 5704 87 0 179
stand 472 5720 280 0 179
tree 504 5704 87 0 179
stand 504 5720 280 0 179
stand 520 5704 280 0 179
fre 564 5708 137 179 179
fre 564 5700 129 179 179
fre 564 5724 129 179 179
fre 572 5708 129 179 179
fre 604 5716 2 179 179
stand 712 5704 280 0 179
stand 744 5720 280 0 179
tree 824 5704 87 0 179
stand 888 5720 39 0 179
fre 916 5700 63 179 179
fre 924 5708 63 179 179
fre 940 5724 63 179 179
stand 968 5720 280 0 179
tree 1048 5704 79 0 179
stand 1048 5704 280 0 179
fre 1028 5716 63 179 179
fre 1052 5724 63 179 179
stand 1064 5720 280 0 179
tree 1112 5704 87 0 179
stand 1208 5720 44 0 179
tree 1256 5704 87 0 179
stand 1336 5720 280 0 179
tree 1368 5704 87 0 179
stand 1368 5720 280 0 179
stand 1384 5704 280 0 179
fre 1580 5724 74 179 179
fre 1612 5708 76 179 179
fre 1620 5724 67 179 179
fre 1612 5700 74 179 179
fre 1732 5708 67 179 179
fre 1852 5724 74 179 179
fre 1868 5700 67 179 179
fre 1908 5700 67 179 179
fre 1940 5716 67 179 179
fre 1940 5724 67 179 179
fre 1964 5724 74 179 179
fre 2012 5724 67 179 179
fre 1996 5708 76 179 179
fre 2116 5708 67 179 179
fre 2172 5724 74 179 179
fre 2188 5700 67 179 179
fre 2220 5724 74 179 179
fre 2228 5700 67 179 179
fre 2260 5724 67 179 179
fre 2252 5700 74 179 179
trop 2428 5700 195 179 179
trop 2612 5700 140 179 179
trop 2796 5700 140 179 179
trop 2980 5700 140 179 179
trop 3164 5700 140 179 179
fre 3388 5700 268 179 179
stand 3416 5720 316 0 179
fre 3588 5700 268 179 179
tree 3688 5720 85 0 179
tree 3720 5720 85 0 179
tree 3928 5720 40 0 179
fre 3956 5708 73 179 179
stand 3992 5704 318 0 179
stand 4008 5720 317 0 179
tree 4024 5720 45 0 179
fre 4084 5716 58 179 179
fre 4084 5724 268 179 179
fre 4116 5724 271 179 179
stand 4152 5704 318 0 179
stand 4168 5720 317 0 179
tree 4184 5720 45 0 179
fre 4244 5716 58 179 179
fre 4244 5724 268 179 179
fre 4276 5724 271 179 179
tree 5624 5720 85 0 179
fre 5748 5708 74 179 179
fre 5764 5716 76 179 179
fre 5780 5708 74 179 179
fre 5820 5716 67 179 179
fre 5796 5716 76 179 179
fre 5844 5708 74 179 179
fre 5836 5700 67 179 179
fre 5836 5724 74 179 179
fre 5860 5716 76 179 179
fre 5884 5716 67 179 179
fre 5876 5724 67 179 179
fre 5868 5700 74 179 179
fre 5908 5724 76 179 179
fre 5932 5700 67 179 179
fre 5940 5716 67 179 179
fre 5940 5724 67 179 179
fre 5964 5724 74 179 179
fre 5972 5724 76 179 179
fre 5956 5716 76 179 179
fre 6004 5724 67 179 179
fre 5996 5700 74 179 179
fre 6012 5724 67 179 179
fre 6028 5700 67 179 179
fre 6052 5724 267 179 179
fre 6092 5700 67 179 179
fre 6108 5716 67 179 179
fre 6300 5724 2 179 179
tree 6488 5704 44 0 179
tree 6824 5704 78 0 179
fre 6956 5708 194 179 179
tree 7064 5720 80 0 179
fre 7140 5708 194 179 179
stand 7176 5704 360 0 179
zabor 7248 5712 26 0 8
zabor 7280 5712 29 0 8
zabor 7312 5712 27 0 8
zabor 7344 5712 30 0 8
zabor 7376 5712 24 0 8
zabor 7408 5712 25 0 8
zabor 7440 5712 30 0 8
zabor 7472 5712 24 0 8
zabor 7504 5712 27 0 8
zabor 7536 5712 26 0 8
zabor 7568 5712 24 0 8
zabor 7600 5712 27 0 8
zabor 7632 5712 28 0 8
zabor 7664 5712 26 0 8
zabor 7696 5712 26 0 8
zabor 7728 5712 30 0 8
zabor 7760 5712 26 0 8
zabor 7792 5712 30 0 8
zabor 7824 5712 27 0 8
zabor 7856 5712 28 0 8
zabor 7888 5712 31 0 8
zabor 7920 5712 28 0 8
fre 7956 5708 74 179 179
zabor 7952 5712 27 0 8
fre 7972 5716 76 179 179
zabor 7984 5712 30 0 8
zabor 8016 5712 27 0 8
fre 8044 5700 67 179 179
zabor 8048 5712 31 0 8
zabor 8080 5712 31 0 8
fre 1596 5748 67 179 179
fre 1604 5748 76 179 179
fre 1676 5732 67 179 179
fre 1684 5756 76 179 179
fre 1700 5756 267 179 179
fre 1740 5732 67 179 179
fre 1756 5748 67 179 179
fre 1764 5756 267 179 179
fre 1804 5732 67 179 179
fre 1820 5748 67 179 179
fre 1828 5748 74 179 179
fre 1868 5740 76 179 179
fre 1860 5756 67 179 179
tree 1912 5736 83 0 179
fre 1972 5740 74 179 179
fre 1988 5740 67 179 179
fre 1988 5748 76 179 179
fre 2060 5732 67 179 179
fre 2084 5756 267 179 179
fre 2124 5732 67 179 179
fre 2140 5748 67 179 179
fre 2148 5748 74 179 179
fre 2172 5756 67 179 179
fre 2180 5756 67 179 179
fre 2236 5748 67 179 179
tree 2232 5736 83 0 179
fre 2268 5756 74 179 179
fre 2284 5732 67 179 179
fre 2324 5756 76 179 179
fre 2324 5732 67 179 179
fre 3372 5732 194 179 179
fre 3604 5740 194 179 179
fre 3676 5756 194 179 179
fre 3804 5748 194 179 179
fre 3820 5748 272 179 179
tree 3880 5736 35 0 179
stand 3976 5736 317 0 179
tree 3976 5736 45 0 179
tree 4024 5752 45 0 179
stand 4040 5736 316 0 179
stand 4136 5736 317 0 179
tree 4136 5736 45 0 179
tree 4184 5752 45 0 179
stand 4200 5736 316 0 179
tree 5592 5736 85 0 179
tree 5608 5736 85 0 179
fre 5772 5756 74 179 179
fre 5812 5756 67 179 179
fre 5804 5732 74 179 179
fre 5804 5756 74 179 179
fre 5852 5748 67 179 179
fre 5844 5756 67 179 179
fre 5836 5732 74 179 179
fre 5868 5756 74 179 179
fre 5868 5740 76 179 179
fre 5860 5756 267 179 179
fre 5908 5756 67 179 179
fre 5900 5732 74 179 179
fre 5916 5748 67 179 179
fre 5940 5756 76 179 179
fre 5924 5748 74 179 179
fre 5980 5748 67 179 179
fre 5964 5756 74 179 179
fre 5988 5756 267 179 179
fre 5988 5740 67 179 179
fre 6004 5756 67 179 179
fre 5996 5732 74 179 179
fre 6028 5732 67 179 179
fre 6044 5748 67 179 179
fre 6020 5756 67 179 179
fre 6068 5756 76 179 179
fre 6052 5748 74 179 179
fre 6084 5732 74 179 179
tree 6296 5752 85 0 179
tree 6584 5752 40 0 179
tree 6568 5752 78 0 179
tree 6616 5736 80 0 179
tree 6696 5736 40 0 179
tree 6776 5752 80 0 179
fre 6868 5756 196 179 179
tree 6856 5752 40 0 179
fre 7148 5748 194 179 179
stand 7176 5736 358 0 179
zabor 7248 5744 31 0 8
fre 7980 5756 74 179 179
fre 8020 5756 67 179 179
fre 8012 5732 74 179 179
fre 1588 5772 74 179 179
fre 1612 5788 74 179 179
fre 1652 5788 67 179 179
fre 1644 5764 74 179 179
fre 1668 5788 67 179 179
fre 1732 5764 74 179 179
fre 1732 5788 67 179 179
fre 1796 5764 74 179 179
fre 1860 5788 267 179 179
fre 1860 5780 76 179 179
fre 1868 5780 74 179 179
fre 1916 5780 67 179 179
fre 1900 5764 67 179 179
fre 1924 5780 74 179 179
fre 1932 5764 67 179 179
fre 1956 5788 267 179 179
fre 1996 5764 67 179 179
fre 2012 5780 67 179 179
fre 1996 5788 74 179 179
fre 2036 5788 67 179 179
fre 2028 5764 74 179 179
fre 2052 5788 67 179 179
fre 2116 5764 74 179 179
fre 2188 5780 74 179 179
fre 2180 5788 267 179 179
fre 2228 5772 74 179 179
fre 2220 5764 67 179 179
fre 2236 5780 67 179 179
fre 2244 5780 74 179 179
fre 2276 5788 67 179 179
tree 2328 5768 83 0 179
trop 2428 5780 139 179 179
stand 2456 5784 316 0 179
stand 2536 5784 316 0 179
stand 2616 5768 317 0 179
tree 2680 5784 85 0 179
fre 2764 5772 194 179 179
fre 2796 5780 85 179 179
fre 2820 5772 194 179 179
tree 2856 5768 85 0 179
tree 2904 5768 85 0 179
fre 2956 5764 35 179 179
stand 3256 5768 126 0 179
fre 3260 5780 73 179 179
fre 3244 5764 73 179 179
trop 3292 5788 139 179 179
fre 3516 5764 194 179 179
fre 3532 5780 194 179 179
fre 3636 5788 272 179 179
fre 3772 5780 268 179 179
fre 3868 5764 196 179 179
stand 3864 5784 405 0 179
fre 3916 5788 268 179 179
stand 3976 5768 318 0 179
stand 4056 5784 316 0 179
stand 4136 5768 318 0 179
stand 4216 5784 316 0 179
tree 5112 5784 85 0 179
tree 5144 5768 33 0 179
tree 5224 5768 87 0 179
fre 5316 5780 2 179 179
tree 5512 5768 79 0 179
tree 5656 5784 33 0 179
tree 5688 5784 85 0 179
fre 5788 5780 67 179 179
fre 5796 5788 267 179 179
fre 5820 5780 67 179 179
fre 5836 5764 67 179 179
fre 5852 5780 67 179 179
fre 5828 5788 267 179 179
fre 5884 5780 67 179 179
fre 5876 5788 76 179 179
fre 5860 5780 74 179 179
fre 5868 5764 67 179 179
fre 5892 5788 267 179 179
fre 5892 5764 74 179 179
fre 5908 5788 76 179 179
fre 5892 5780 74 179 179
fre 5932 5764 67 179 179
fre 5948 5780 67 179 179
fre 5972 5788 76 179 179
fre 5956 5780 74 179 179
fre 5956 5788 267 179 179
fre 5980 5780 67 179 179
fre 5964 5780 74 179 179
fre 5996 5764 67 179 179
fre 6012 5780 67 179 179
fre 6020 5764 74 179 179
fre 6068 5788 76 179 179
fre 6092 5780 74 179 179
tree 6264 5768 85 0 179
tree 6280 5768 85 0 179
fre 6516 5772 194 179 179
fre 6556 5772 194 179 179
fre 6564 5764 196 179 179
tree 6792 5784 44 0 179
tree 6920 5768 79 0 179
fre 7004 5764 194 179 179
tree 7112 5784 78 0 179
zabor 7248 5776 26 0 8
stand 7336 5784 316 0 179
stand 7416 5768 317 0 179
tree 7480 5784 85 0 179
fre 7564 5772 194 179 179
fre 7596 5780 85 179 179
fre 7620 5772 194 179 179
tree 7656 5768 85 0 179
tree 7704 5768 85 0 179
fre 7756 5764 35 179 179
fre 7996 5780 67 179 179
fre 8004 5788 267 179 179
fre 8044 5764 67 179 179
fre 8060 5780 67 179 179
stand 8056 5768 126 0 179
fre 8084 5788 76 179 179
fre 8068 5780 74 179 179
fre 1628 5812 67 179 179
fre 1716 5820 76 179 179
fre 1788 5820 67 179 179
fre 1780 5820 76 179 179
fre 1828 5820 67 179 179
fre 1844 5812 67 179 179
fre 1844 5820 67 179 179
fre 1868 5820 74 179 179
fre 1908 5804 74 179 179
fre 1892 5796 74 179 179
fre 1908 5820 67 179 179
fre 1900 5796 74 179 179
fre 1916 5820 67 179 179
fre 1924 5820 67 179 179
fre 1988 5796 74 179 179
fre 2012 5812 67 179 179
fre 2100 5820 76 179 179
fre 2164 5812 67 179 179
fre 2164 5820 67 179 179
fre 2148 5820 67 179 179
fre 2236 5820 67 179 179
fre 2212 5796 74 179 179
fre 2284 5812 74 179 179
stand 2456 5816 318 0 179
stand 2504 5800 316 0 179
fre 2604 5796 12 179 179
fre 3028 5812 194 179 179
fre 3108 5804 194 179 179
fre 3116 5812 268 179 179
fre 3132 5804 268 179 179
fre 3172 5820 194 179 179
fre 3196 5804 194 179 179
fre 3188 5820 268 179 179
fre 3228 5804 268 179 179
tree 3240 5800 20 0 179
fre 3364 5812 194 179 179
tree 3416 5816 35 0 179
tree 3400 5800 85 0 179
fre 3556 5812 268 179 179
dom 3584 5792 308 0 179
tree 3624 5800 35 0 179
fre 3676 5796 268 179 179
fre 3764 5812 194 179 179
tree 3864 5800 79 0 179
tree 3896 5800 81 0 179
tree 3896 5816 40 0 179
tree 3912 5816 40 0 179
tree 3928 5800 45 0 179
stand 3992 5816 316 0 179
stand 4024 5816 318 0 179
fre 4092 5804 58 179 179
stand 4152 5816 316 0 179
stand 4184 5816 318 0 179
fre 4252 5804 58 179 179
fre 5204 5812 196 179 179
tree 5464 5800 19 0 179
tree 5496 5816 34 0 179
tree 5592 5816 35 0 179
tree 5784 5816 85 0 179
tree 5816 5800 33 0 179
fre 5828 5796 74 179 179
fre 5868 5820 74 179 179
fre 5860 5796 74 179 179
fre 5900 5812 74 179 179
fre 5908 5820 67 179 179
fre 5900 5796 74 179 179
tree 5896 5800 87 0 179
fre 5924 5796 74 179 179
fre 5924 5820 67 179 179
fre 5940 5812 67 179 179
fre 5940 5820 67 179 179
fre 5932 5812 74 179 179
fre 5996 5812 74 179 179
fre 5988 5796 74 179 179
fre 6012 5820 67 179 179
fre 5988 5812 2 179 179
fre 6068 5812 67 179 179
fre 6068 5820 67 179 179
fre 6140 5820 67 179 179
tree 6184 5800 79 0 179
tree 6328 5816 33 0 179
tree 6360 5816 85 0 179
tree 6472 5816 40 0 179
fre 6652 5812 196 179 179
tree 6664 5816 40 0 179
tree 6712 5816 78 0 179
tree 6888 5800 79 0 179
tree 6936 5816 44 0 179
tree 6952 5800 44 0 179
zabor 7248 5808 26 0 8
stand 7304 5800 316 0 179
fre 7404 5796 12 179 179
fre 7828 5812 194 179 179
fre 7908 5804 194 179 179
fre 7916 5812 268 179 179
fre 7932 5804 268 179 179
fre 7972 5820 194 179 179
fre 7996 5804 194 179 179
fre 7988 5820 268 179 179
fre 8028 5804 268 179 179
fre 8036 5796 74 179 179
tree 8040 5800 20 0 179
fre 8108 5812 74 179 179
fre 1740 5852 74 179 179
fre 1764 5836 67 179 179
fre 1772 5836 76 179 179
fre 1820 5852 74 179 179
fre 1884 5844 67 179 179
fre 1892 5836 67 179 179
fre 1940 5844 67 179 179
fre 1940 5852 67 179 179
fre 1948 5852 74 179 179
fre 1972 5852 76 179 179
fre 2004 5836 74 179 179
fre 2076 5852 74 179 179
fre 2060 5852 74 179 179
fre 2092 5828 67 179 179
fre 2092 5836 76 179 179
fre 2132 5828 67 179 179
fre 2212 5836 67 179 179
fre 2268 5852 74 179 179
fre 2260 5844 67 179 179
fre 2260 5852 67 179 179
fre 2332 5852 67 179 179
fre 2516 5852 12 179 179
stand 2536 5848 316 0 179
tree 2552 5832 45 0 179
tree 2536 5848 45 0 179
fre 2564 5852 269 179 179
stand 2664 5848 316 0 179
fre 2868 5836 194 179 179
fre 2964 5852 194 179 179
fre 3004 5828 268 179 179
tree 3080 5848 34 0 179
tree 3128 5832 83 0 179
fre 3188 5836 84 179 179
fre 3220 5852 194 179 179
fre 3412 5844 196 179 179
fre 3420 5828 272 179 179
tree 3496 5848 42 0 179
fre 3780 5836 85 179 179
fre 3812 5836 268 179 179
tree 3848 5832 45 0 179
tree 3880 5832 40 0 179
tree 3912 5832 40 0 179
fre 3948 5836 73 179 179
fre 3940 5828 73 179 179
stand 3976 5832 317 0 179
tree 4056 5848 45 0 179
stand 4072 5848 316 0 179
stand 4136 5832 317 0 179
tree 4216 5848 45 0 179
stand 4232 5848 316 0 179
fre 5044 5852 2 179 179
fre 5284 5828 2 179 179
fre 5516 5836 196 179 179
fre 5628 5852 196 179 179
fre 5668 5836 196 179 179
tree 5672 5848 34 0 179
fre 5756 5852 269 179 179
fre 5876 5844 67 179 179
fre 5876 5852 67 179 179
fre 5884 5844 67 179 179
fre 5868 5836 76 179 179
fre 5908 5844 67 179 179
fre 5908 5852 67 179 179
fre 5948 5852 67 179 179
fre 5972 5844 67 179 179
fre 5972 5852 67 179 179
fre 5980 5852 67 179 179
fre 5996 5836 76 179 179
fre 5988 5836 67 179 179
fre 6044 5852 67 179 179
fre 6116 5836 67 179 179
tree 6136 5832 19 0 179
tree 6168 5848 34 0 179
tree 6264 5848 35 0 179
tree 6504 5832 44 0 179
fre 6708 5852 194 179 179
tree 6744 5848 79 0 179
tree 6792 5848 79 0 179
tree 6904 5832 40 0 179
tree 6968 5832 44 0 179
fre 7116 5836 196 179 179
zabor 7248 5840 28 0 8
fre 7316 5852 12 179 179
stand 7336 5848 316 0 179
tree 7352 5832 45 0 179
tree 7336 5848 45 0 179
fre 7364 5852 269 179 179
stand 7464 5848 316 0 179
fre 7668 5836 194 179 179
fre 7764 5852 194 179 179
fre 7804 5828 268 179 179
tree 7880 5848 34 0 179
tree 7928 5832 83 0 179
fre 7988 5836 84 179 179
fre 8020 5852 194 179 179
fre 8084 5844 67 179 179
fre 8084 5852 67 179 179
fre 8156 5852 67 179 179
trop 212 5860 140 179 179
trop 380 5860 140 179 179
trop 556 5860 140 179 179
trop 740 5860 140 179 179
trop 916 5860 140 179 179
trop 1100 5860 140 179 179
trop 1284 5860 140 179 179
trop 1468 5860 141 179 179
trop 1620 5860 143 179 179
fre 1748 5868 74 179 179
fre 1764 5876 76 179 179
fre 1820 5884 67 179 179
fre 1836 5884 74 179 179
fre 1836 5860 67 179 179
fre 1868 5868 76 179 179
fre 1948 5884 67 179 179
fre 1980 5884 74 179 179
fre 1988 5884 267 179 179
fre 1996 5860 67 179 179
fre 2028 5860 67 179 179
fre 2044 5876 67 179 179
fre 2036 5860 67 179 179
fre 2052 5876 74 179 179
fre 2068 5868 74 179 179
fre 2084 5884 67 179 179
fre 2084 5876 76 179 179
tree 2136 5864 83 0 179
fre 2156 5860 67 179 179
fre 2156 5884 74 179 179
fre 2188 5868 76 179 179
fre 2212 5884 267 179 179
fre 2268 5876 67 179 179
fre 2252 5860 67 179 179
fre 2268 5884 67 179 179
fre 2276 5876 74 179 179
fre 2308 5868 67 179 179
fre 2364 5884 74 179 179
stand 2536 5880 316 0 179
fre 2772 5868 196 179 179
tree 2840 5864 33 0 179
fre 2900 5868 194 179 179
tree 3016 5864 85 0 179
fre 3388 5860 194 179 179
tree 3416 5880 75 0 179
fre 3444 5884 268 179 179
tree 3464 5864 76 0 179
fre 3580 5868 194 179 179
tree 3640 5864 76 0 179
tree 3672 5864 33 0 179
tree 3704 5864 35 0 179
tree 3752 5880 42 0 179
tree 3896 5880 85 0 179
tree 3880 5880 85 0 179
tree 3928 5864 45 0 179
fre 3956 5860 73 179 179
stand 4040 5864 316 0 179
stand 4200 5864 316 0 179
fre 5140 5876 196 179 179
tree 5176 5880 35 0 179
fre 5276 5876 2 179 179
fre 5324 5860 269 179 179
tree 5464 5864 33 0 179
tree 5544 5880 87 0 179
tree 5608 5880 85 0 179
fre 5716 5884 2 179 179
tree 5720 5864 19 0 179
fre 5804 5868 76 179 179
fre 5836 5868 76 179 179
fre 5860 5876 76 179 179
fre 5900 5868 76 179 179
fre 5924 5868 67 179 179
fre 5932 5860 67 179 179
fre 5956 5884 267 179 179
fre 5956 5868 67 179 179
fre 5956 5860 2 179 179
fre 5988 5876 76 179 179
fre 5996 5860 67 179 179
fre 6012 5876 67 179 179
fre 6020 5868 67 179 179
fre 6060 5860 67 179 179
fre 6084 5884 267 179 179
fre 6124 5860 67 179 179
fre 6140 5876 67 179 179
fre 6188 5868 196 179 179
fre 6300 5884 196 179 179
fre 6340 5868 196 179 179
tree 6344 5880 34 0 179
fre 6428 5884 269 179 179
tree 6600 5864 80 0 179
fre 6708 5868 196 179 179
tree 6760 5864 40 0 179
tree 6808 5864 40 0 179
fre 6900 5860 194 179 179
fre 7020 5884 194 179 179
fre 7020 5860 194 179 179
tree 7080 5880 40 0 179
tree 7096 5864 79 0 179
tree 7176 5880 80 0 179
zabor 7248 5872 25 0 8
stand 7336 5880 316 0 179
fre 7572 5868 196 179 179
tree 7640 5864 33 0 179
fre 7700 5868 194 179 179
tree 7816 5864 85 0 179
fre 8012 5868 76 179 179
fre 8132 5868 67 179 179
fre 1772 5916 74 179 179
fre 1812 5916 67 179 179
fre 1804 5892 74 179 179
fre 1844 5900 74 179 179
fre 1860 5908 76 179 179
fre 1892 5916 267 179 179
fre 1932 5892 67 179 179
fre 1948 5908 67 179 179
fre 1956 5916 67 179 179
fre 1956 5908 74 179 179
fre 1988 5916 67 179 179
fre 2020 5892 74 179 179
tree 2040 5896 83 0 179
fre 2092 5908 74 179 179
fre 2092 5916 74 179 179
fre 2140 5916 67 179 179
fre 2132 5916 76 179 179
fre 2124 5892 74 179 179
fre 2164 5900 74 179 179
fre 2180 5916 67 179 179
fre 2180 5908 76 179 179
fre 2260 5900 74 179 179
fre 2244 5892 74 179 179
fre 2252 5892 67 179 179
fre 2364 5916 67 179 179
stand 2472 5896 316 0 179
stand 2536 5912 316 0 179
stand 2568 5912 316 0 179
tree 2648 5912 77 0 179
tree 2680 5896 85 0 179
tree 2760 5896 85 0 179
fre 2772 5916 272 179 179
tree 2808 5896 35 0 179
tree 2856 5912 43 0 179
tree 2872 5896 43 0 179
fre 2932 5908 268 179 179
tree 2968 5912 34 0 179
fre 2988 5892 272 179 179
fre 3052 5900 268 179 179
stand 3096 5896 405 0 179
tree 3112 5896 34 0 179
tree 3224 5912 85 0 179
tree 3384 5912 85 0 179
tree 3464 5896 42 0 179
tree 3464 5912 42 0 179
tree 3496 5896 85 0 179
fre 3612 5916 194 179 179
tree 3656 5896 42 0 179
tree 3688 5912 42 0 179
fre 3804 5916 268 179 179
fre 3828 5900 194 179 179
tree 3928 5912 85 0 179
fre 3908 5908 268 179 179
fre 3948 5892 73 179 179
stand 3976 5896 317 0 179
stand 3976 5912 318 0 179
stand 4008 5912 317 0 179
stand 4072 5912 316 0 179
tree 4120 5912 45 0 179
stand 4136 5896 317 0 179
stand 4136 5912 318 0 179
stand 4168 5912 317 0 179
stand 4232 5912 316 0 179
tree 4280 5912 45 0 179
stand 4488 5912 316 0 179
tree 4504 5896 45 0 179
tree 4536 5912 45 0 179
stand 4568 5912 316 0 179
fre 4620 5900 13 179 179
tree 4648 5896 85 0 179
fre 5068 5900 2 179 179
fre 5356 5916 269 179 179
tree 5384 5912 79 0 179
tree 5432 5896 79 0 179
fre 5516 5900 196 179 179
tree 5544 5912 18 0 179
fre 5636 5908 272 179 179
tree 5688 5912 19 0 179
fre 5716 5908 196 179 179
fre 5748 5916 269 179 179
tree 5752 5912 87 0 179
fre 5796 5908 76 179 179
fre 5812 5908 196 179 179
fre 5828 5908 76 179 179
tree 5848 5912 35 0 179
fre 5868 5892 67 179 179
fre 5868 5916 74 179 179
fre 5892 5908 76 179 179
fre 5892 5916 267 179 179
fre 5908 5916 67 179 179
fre 5900 5892 74 179 179
fre 5932 5892 67 179 179
fre 5948 5908 67 179 179
fre 5924 5916 67 179 179
fre 5964 5892 67 179 179
fre 5980 5908 67 179 179
fre 5996 5916 74 179 179
fre 5988 5916 267 179 179
fre 5988 5892 74 179 179
fre 5996 5892 269 179 179
fre 6036 5916 67 179 179
fre 6028 5892 74 179 179
fre 6044 5908 67 179 179
fre 6052 5916 67 179 179
fre 6116 5892 74 179 179
tree 6136 5896 33 0 179
tree 6216 5912 87 0 179
tree 6280 5912 85 0 179
tree 6392 5896 19 0 179
tree 6552 5896 76 0 179
tree 6664 5912 80 0 179
tree 6824 5896 40 0 179
tree 6840 5896 40 0 179
fre 6940 5892 194 179 179
fre 7020 5892 194 179 179
tree 7128 5912 40 0 179
tree 7128 5896 40 0 179
tree 7192 5912 44 0 179
zabor 7248 5904 31 0 8
stand 7272 5896 316 0 179
stand 7336 5912 316 0 179
stand 7368 5912 316 0 179
tree 7448 5912 77 0 179
tree 7480 5896 85 0 179
tree 7560 5896 85 0 179
fre 7572 5916 272 179 179
tree 7608 5896 35 0 179
tree 7656 5912 43 0 179
tree 7672 5896 43 0 179
fre 7732 5908 268 179 179
tree 7768 5912 34 0 179
fre 7788 5892 272 179 179
fre 7852 5900 268 179 179
stand 7896 5896 405 0 179
tree 7912 5896 34 0 179
fre 8004 5908 76 179 179
tree 8024 5912 85 0 179
fre 8076 5892 67 179 179
fre 8100 5916 267 179 179
fre 8140 5892 67 179 179
fre 8156 5908 67 179 179
fre 1788 5940 67 179 179
fre 1868 5948 74 179 179
fre 1876 5948 76 179 179
fre 1860 5948 67 179 179
fre 1908 5948 67 179 179
fre 1900 5924 74 179 179
fre 1924 5924 74 179 179
fre 1996 5940 74 179 179
fre 2068 5940 67 179 179
fre 2068 5948 67 179 179
fre 2108 5940 67 179 179
fre 2116 5932 67 179 179
fre 2140 5948 67 179 179
fre 2172 5948 74 179 179
fre 2196 5948 76 179 179
fre 2188 5948 74 179 179
fre 2228 5948 67 179 179
fre 2220 5924 74 179 179
fre 2292 5940 67 179 179
fre 2292 5948 67 179 179
stand 2472 5928 318 0 179
tree 2520 5944 45 0 179
stand 2552 5944 316 0 179
fre 2628 5932 269 179 179
tree 2680 5944 42 0 179
fre 2772 5924 194 179 179
fre 2780 5948 194 179 179
tree 2856 5944 33 0 179
tree 2888 5928 42 0 179
fre 3060 5924 196 179 179
fre 3044 5932 272 179 179
tree 3096 5928 19 0 179
fre 3140 5924 272 179 179
stand 3432 5944 316 0 179
fre 3468 5932 268 179 179
fre 3492 5932 268 179 179
fre 3556 5948 268 179 179
fre 3580 5940 268 179 179
fre 3612 5924 194 179 179
tree 3704 5928 42 0 179
tree 3688 5928 42 0 179
fre 3868 5924 194 179 179
fre 3964 5948 72 179 179
fre 3956 5932 72 179 179
stand 3976 5928 316 0 179
tree 3992 5928 45 0 179
tree 4008 5928 45 0 179
fre 4076 5948 58 179 179
tree 4088 5928 45 0 179
stand 4136 5928 316 0 179
tree 4152 5928 45 0 179
tree 4168 5928 45 0 179
fre 4236 5948 58 179 179
tree 4248 5928 45 0 179
stand 4360 5944 316 0 179
stand 4408 5944 316 0 179
stand 4456 5944 316 0 179
tree 4456 5944 45 0 179
fre 4524 5940 269 179 179
fre 4604 5948 58 179 179
fre 4676 5932 272 179 179
fre 4708 5932 196 179 179
fre 4980 5948 269 179 179
tree 4984 5944 87 0 179
fre 5092 5940 196 179 179
tree 5112 5944 34 0 179
fre 5292 5924 2 179 179
fre 5444 5924 269 179 179
tree 5464 5944 79 0 179
fre 5516 5924 196 179 179
tree 5512 5944 35 0 179
fre 5740 5932 2 179 179
fre 5804 5948 74 179 179
fre 5844 5948 67 179 179
fre 5836 5924 74 179 179
fre 5836 5948 74 179 179
fre 5860 5948 67 179 179
fre 5884 5940 67 179 179
fre 5876 5948 67 179 179
fre 5868 5924 74 179 179
fre 5900 5948 74 179 179
fre 5892 5948 67 179 179
fre 5940 5948 67 179 179
fre 5932 5924 74 179 179
fre 5924 5924 74 179 179
fre 5956 5948 67 179 179
fre 5972 5948 76 179 179
fre 5956 5924 74 179 179
fre 6012 5940 67 179 179
fre 6020 5924 74 179 179
fre 6028 5948 269 179 179
tree 6056 5944 79 0 179
fre 6100 5948 76 179 179
tree 6104 5928 79 0 179
fre 6188 5932 196 179 179
tree 6216 5944 18 0 179
fre 6308 5940 272 179 179
tree 6360 5944 19 0 179
fre 6388 5940 196 179 179
fre 6420 5948 269 179 179
tree 6424 5944 87 0 179
tree 6584 5944 40 0 179
tree 6600 5944 40 0 179
tree 6600 5928 76 0 179
tree 6680 5944 87 0 179
fre 6748 5924 194 179 179
fre 6844 5940 267 179 179
fre 6884 5932 197 179 179
fre 6892 5932 194 179 179
fre 6980 5924 197 179 179
fre 7036 5940 267 179 179
fre 7068 5932 194 179 179
fre 7076 5924 197 179 179
fre 7148 5948 194 179 179
zabor 7248 5936 28 0 8
stand 7272 5928 318 0 179
tree 7320 5944 45 0 179
stand 7352 5944 316 0 179
fre 7428 5932 269 179 179
tree 7480 5944 42 0 179
fre 7572 5924 194 179 179
fre 7580 5948 194 179 179
tree 7656 5944 33 0 179
tree 7688 5928 42 0 179
fre 7860 5924 196 179 179
fre 7844 5932 272 179 179
tree 7896 5928 19 0 179
fre 7940 5924 272 179 179
fre 8012 5948 74 179 179
fre 8052 5948 67 179 179
fre 8044 5924 74 179 179
fre 8068 5948 67 179 179
fre 8132 5924 74 179 179
fre 1780 5964 74 179 179
fre 1884 5972 67 179 179
fre 1892 5980 267 179 179
fre 1932 5956 67 179 179
fre 1948 5972 67 179 179
fre 1972 5980 76 179 179
fre 1956 5972 74 179 179
fre 1964 5980 74 179 179
fre 1972 5972 67 179 179
fre 1996 5964 76 179 179
fre 2044 5980 67 179 179
fre 2100 5964 74 179 179
fre 2116 5964 67 179 179
fre 2172 5980 67 179 179
fre 2188 5980 74 179 179
fre 2204 5972 67 179 179
fre 2220 5964 76 179 179
fre 2292 5980 76 179 179
fre 2300 5980 74 179 179
fre 2316 5956 67 179 179
fre 2356 5956 67 179 179
trop 2428 5956 139 179 179
stand 2536 5976 316 0 179
stand 2552 5976 316 0 179
fre 2596 5964 269 179 179
stand 2600 5960 365 0 179
tree 2712 5976 42 0 179
tree 2696 5976 42 0 179
tree 2808 5960 78 0 179
tree 2888 5960 43 0 179
tree 3016 5976 35 0 179
tree 3096 5960 40 0 179
tree 3080 5960 19 0 179
tree 3128 5960 40 0 179
tree 3160 5976 85 0 179
fre 3188 5956 268 179 179
tree 3208 5976 35 0 179
trop 3292 5964 139 179 179
fre 3404 5964 194 179 179
fre 3484 5972 268 179 179
fre 3548 5956 82 179 179
fre 3524 5956 194 179 179
tree 3800 5976 34 0 179
tree 3864 5976 40 0 179
stand 3848 5976 405 0 179
fre 3908 5972 194 179 179
stand 3928 5976 43 0 179
stand 3992 5960 318 0 179
stand 4120 5960 316 0 179
stand 4152 5960 318 0 179
stand 4280 5960 316 0 179
stand 4344 5960 318 0 179
tree 4408 5976 45 0 179
stand 4456 5976 316 0 179
stand 4504 5960 316 0 179
stand 4536 5976 317 0 179
stand 4664 5960 316 0 179
tree 4744 5960 42 0 179
stand 4840 5976 316 0 179
tree 4856 5960 45 0 179
tree 4888 5976 45 0 179
stand 4920 5976 316 0 179
fre 4972 5964 13 179 179
tree 5000 5960 85 0 179
tree 5208 5960 19 0 179
tree 5272 5976 33 0 179
fre 5332 5972 2 179 179
fre 5652 5980 269 179 179
tree 5656 5976 79 0 179
fre 5748 5980 269 179 179
fre 5764 5972 196 179 179
tree 5784 5976 34 0 179
fre 5820 5972 67 179 179
fre 5852 5972 67 179 179
fre 5916 5972 67 179 179
fre 5908 5980 76 179 179
fre 5940 5980 76 179 179
fre 5964 5956 2 179 179
fre 6004 5980 76 179 179
fre 6116 5956 269 179 179
tree 6136 5976 79 0 179
fre 6188 5956 196 179 179
tree 6184 5976 35 0 179
tree 6552 5976 79 0 179
tree 6568 5976 44 0 179
tree 6648 5976 87 0 179
tree 6696 5976 87 0 179
fre 6820 5964 197 179 179
fre 6828 5964 194 179 179
zabor 7248 5968 30 0 8
stand 7336 5976 316 0 179
stand 7352 5976 316 0 179
fre 7396 5964 269 179 179
stand 7400 5960 365 0 179
tree 7512 5976 42 0 179
tree 7496 5976 42 0 179
tree 7608 5960 78 0 179
tree 7688 5960 43 0 179
tree 7816 5976 35 0 179
tree 7896 5960 40 0 179
tree 7880 5960 19 0 179
tree 7928 5960 40 0 179
tree 7960 5976 85 0 179
fre 7988 5956 268 179 179
fre 8028 5972 67 179 179
tree 8008 5976 35 0 179
fre 8116 5980 76 179 179
zabor 1520 6000 30 0 8
zabor 1552 6000 25 0 8
zabor 1584 6000 31 0 8
zabor 1616 6000 29 0 8
zabor 1648 6000 31 0 8
zabor 1680 6000 27 0 8
zabor 1712 6000 31 0 8
zabor 1744 6000 29 0 8
zabor 1776 6000 24 0 8
zabor 1808 6000 31 0 8
zabor 1840 6000 24 0 8
fre 1868 6012 74 179 179
fre 1900 5996 76 179 179
fre 1924 5988 74 179 179
fre 1972 5996 74 179 179
fre 1996 6004 74 179 179
fre 1988 6004 76 179 179
fre 2020 5996 67 179 179
fre 2060 5988 67 179 179
fre 2076 6012 74 179 179
fre 2140 6012 74 179 179
fre 2172 6012 67 179 179
fre 2156 5988 67 179 179
fre 2196 5996 74 179 179
fre 2196 5988 67 179 179
fre 2212 6004 76 179 179
fre 2212 6012 267 179 179
fre 2252 5988 67 179 179
fre 2268 6004 67 179 179
fre 2284 5988 67 179 179
fre 2276 6004 74 179 179
fre 2308 6012 67 179 179
tree 2360 5992 83 0 179
stand 2472 5992 318 0 179
tree 2680 5992 78 0 179
tree 2824 5992 42 0 179
tree 2872 5992 78 0 179
fre 2940 5996 194 179 179
tree 3032 6008 43 0 179
tree 3064 6008 33 0 179
tree 3080 6008 33 0 179
tree 3096 6008 40 0 179
stand 3080 6008 405 0 179
fre 3164 5996 196 179 179
tree 3192 5992 42 0 179
tree 3224 6008 42 0 179
fre 3236 5996 73 179 179
fre 3252 6004 73 179 179
fre 3252 5996 73 179 179
tree 3448 6008 85 0 179
fre 3732 6004 194 179 179
fre 3940 5988 84 179 179
fre 3956 5996 72 179 179
stand 3992 6008 316 0 179
stand 4056 5992 316 0 179
stand 4088 5992 316 0 179
stand 4152 6008 316 0 179
stand 4216 5992 316 0 179
stand 4248 5992 316 0 179
stand 4408 5992 316 0 179
tree 4392 6008 45 0 179
fre 4444 5988 58 179 179
fre 4564 5996 58 179 179
stand 4712 6008 316 0 179
stand 4760 6008 316 0 179
stand 4808 6008 316 0 179
tree 4808 6008 45 0 179
fre 4876 6004 269 179 179
fre 4956 6012 58 179 179
fre 5028 5996 272 179 179
fre 5036 5988 2 179 179
tree 5080 6008 79 0 179
fre 5060 5996 196 179 179
fre 5116 6004 269 179 179
fre 5132 5996 196 179 179
stand 5256 6008 354 0 179
tree 5464 6008 87 0 179
fre 5548 6004 196 179 179
fre 5700 5988 196 179 179
tree 5768 5992 79 0 179
tree 5880 5992 19 0 179
tree 5944 6008 33 0 179
fre 6004 6004 2 179 179
tree 6328 6008 79 0 179
fre 6420 6012 269 179 179
fre 6788 5988 194 179 179
fre 6996 6012 272 179 179
stand 7000 6008 385 0 179
stand 7016 6008 380 0 179
fre 7092 5988 197 179 179
fre 7148 5988 197 179 179
fre 7140 5996 194 179 179
zabor 7248 6000 30 0 8
stand 7272 5992 318 0 179
tree 7480 5992 78 0 179
tree 7624 5992 42 0 179
tree 7672 5992 78 0 179
fre 7740 5996 194 179 179
tree 7832 6008 43 0 179
tree 7864 6008 33 0 179
tree 7880 6008 33 0 179
tree 7896 6008 40 0 179
stand 7880 6008 405 0 179
fre 7964 5996 196 179 179
tree 7992 5992 42 0 179
tree 8024 6008 42 0 179
fre 8036 5996 73 179 179
fre 8052 6004 73 179 179
fre 8052 5996 73 179 179
trop 1468 6044 139 179 179
fre 1524 6036 203 179 179
fre 1572 6044 203 179 179
fre 1660 6044 203 179 179
fre 1740 6028 51 179 179
fre 1876 6028 74 179 179
fre 1892 6036 76 179 179
fre 1916 6028 203 179 179
fre 1972 6036 67 179 179
fre 1972 6044 67 179 179
fre 1964 6020 67 179 179
fre 1996 6044 74 179 179
fre 2044 6044 67 179 179
fre 2036 6044 67 179 179
fre 2028 6020 74 179 179
fre 2076 6044 67 179 179
fre 2052 6044 267 179 179
fre 2092 6020 67 179 179
fre 2108 6036 67 179 179
fre 2116 6036 74 179 179
fre 2148 6044 67 179 179
tree 2200 6024 83 0 179
fre 2180 6044 67 179 179
fre 2220 6044 74 179 179
fre 2260 6044 67 179 179
fre 2252 6020 74 179 179
fre 2244 6020 74 179 179
fre 2316 6036 74 179 179
stand 2568 6024 316 0 179
stand 2648 6024 316 0 179
fre 2796 6036 194 179 179
fre 2836 6036 194 179 179
tree 2856 6040 85 0 179
fre 2924 6028 194 179 179
tree 3128 6024 45 0 179
tree 3208 6040 85 0 179
fre 3244 6028 73 179 179
tree 3400 6024 85 0 179
fre 3396 6028 194 179 179
tree 3448 6024 85 0 179
tree 3496 6024 85 0 179
fre 3564 6036 194 179 179
tree 3672 6040 75 0 179
fre 3652 6028 268 179 179
fre 3684 6036 196 179 179
tree 3720 6040 35 0 179
fre 3716 6020 272 179 179
fre 3788 6044 196 179 179
fre 3796 6028 268 179 179
tree 3832 6040 75 0 179
fre 3820 6044 272 179 179
fre 3956 6028 72 179 179
stand 3992 6040 318 0 179
stand 4040 6024 318 0 179
tree 4040 6040 45 0 179
fre 4084 6020 58 179 179
stand 4152 6040 318 0 179
stand 4200 6024 318 0 179
tree 4200 6040 45 0 179
fre 4244 6020 58 179 179
stand 4376 6024 316 0 179
tree 4408 6024 45 0 179
fre 4420 6020 58 179 179
tree 4520 6040 45 0 179
fre 4556 6020 13 179 179
fre 4548 6036 58 179 179
tree 4648 6024 85 0 179
stand 4696 6024 318 0 179
tree 4680 6040 42 0 179
fre 4676 6028 194 179 179
fre 4732 6020 194 179 179
tree 4760 6040 45 0 179
stand 4808 6040 316 0 179
stand 4856 6024 316 0 179
stand 4888 6040 317 0 179
stand 5016 6024 316 0 179
tree 5000 6024 79 0 179
stand 5032 6040 316 0 179
fre 5044 6028 269 179 179
tree 5096 6024 42 0 179
stand 5112 6024 317 0 179
tree 5224 6040 79 0 179
stand 5336 6040 288 0 179
fre 5380 6028 2 179 179
tree 5464 6040 87 0 179
tree 5480 6040 87 0 179
tree 5528 6040 79 0 179
tree 5640 6024 80 0 179
fre 5708 6020 2 179 179
tree 5704 6040 87 0 179
fre 5788 6036 269 179 179
fre 5804 6028 196 179 179
stand 5928 6040 354 0 179
tree 6136 6040 87 0 179
fre 6220 6036 196 179 179
fre 6372 6020 196 179 179
tree 6440 6024 79 0 179
fre 6532 6036 194 179 179
fre 6580 6028 194 179 179
fre 6620 6036 194 179 179
tree 6664 6024 40 0 179
tree 6680 6024 40 0 179
fre 6748 6028 197 179 179
fre 6748 6036 194 179 179
stand 6936 6040 385 0 179
stand 6968 6040 386 0 179
stand 7032 6024 386 0 179
stand 7080 6040 386 0 179
zabor 7248 6032 26 0 8
stand 7368 6024 316 0 179
stand 7448 6024 316 0 179
fre 7596 6036 194 179 179
fre 7636 6036 194 179 179
tree 7656 6040 85 0 179
fre 7724 6028 194 179 179
tree 7928 6024 45 0 179
tree 8008 6040 85 0 179
fre 8044 6028 73 179 179
fre 180 6068 278 179 179
fre 308 6068 278 179 179
fre 436 6068 278 179 179
fre 1332 6068 278 179 179
fre 1508 6068 77 179 179
fre 1516 6060 72 179 179
trop 1564 6052 93 179 179
fre 1564 6052 74 179 179
fre 1556 6060 74 179 179
fre 1564 6076 72 179 179
fre 1596 6060 74 179 179
fre 1628 6076 77 179 179
fre 1612 6060 74 179 179
fre 1628 6060 74 179 179
fre 1604 6060 72 179 179
fre 1644 6068 74 179 179
trop 1692 6052 93 179 179
stand 1672 6072 405 0 179
fre 1740 6052 203 179 179
fre 1780 6060 77 179 179
fre 1764 6076 77 179 179
trop 1820 6052 93 179 179
fre 1820 6068 77 179 179
fre 1796 6068 77 179 179
fre 1836 6052 203 179 179
tree 1832 6072 83 0 179
stand 1880 6056 405 0 179
fre 1900 6060 76 179 179
fre 1900 6076 74 179 179
fre 1940 6076 67 179 179
fre 1932 6052 74 179 179
fre 2012 6068 67 179 179
fre 2020 6060 67 179 179
fre 2020 6076 67 179 179
fre 2100 6076 76 179 179
fre 2084 6052 74 179 179
fre 2156 6068 74 179 179
fre 2236 6068 67 179 179
fre 2244 6076 267 179 179
fre 2284 6052 67 179 179
fre 2300 6068 67 179 179
fre 2292 6068 67 179 179
fre 2292 6076 67 179 179
fre 2324 6076 76 179 179
fre 2308 6068 74 179 179
fre 2364 6076 67 179 179
stand 2472 6072 316 0 179
stand 2520 6056 316 0 179
tree 2504 6072 45 0 179
stand 2536 6056 316 0 179
stand 2584 6072 316 0 179
fre 2676 6076 271 179 179
fre 2724 6052 194 179 179
fre 3012 6052 194 179 179
tree 3080 6056 85 0 179
tree 3112 6056 85 0 179
fre 3260 6068 73 179 179
tree 3464 6056 41 0 179
tree 3640 6072 85 0 179
tree 3704 6072 75 0 179
tree 3752 6072 45 0 179
tree 3880 6056 35 0 179
fre 3948 6076 72 179 179
stand 3976 6072 316 0 179
tree 3992 6056 45 0 179
tree 4088 6056 45 0 179
stand 4136 6072 316 0 179
tree 4152 6056 45 0 179
tree 4248 6056 45 0 179
stand 4760 6056 316 0 179
tree 4744 6072 45 0 179
fre 4796 6052 58 179 179
fre 4916 6060 58 179 179
stand 5000 6056 316 0 179
fre 5036 6060 2 179 179
fre 5100 6052 12 179 179
fre 5180 6052 196 179 179
tree 5192 6072 77 0 179
fre 5508 6068 196 179 179
fre 5572 6068 272 179 179
tree 5608 6072 85 0 179
tree 5640 6072 87 0 179
tree 5672 6056 79 0 179
fre 5716 6060 269 179 179
tree 5704 6072 87 0 179
tree 5720 6072 87 0 179
fre 5732 6068 269 179 179
tree 5896 6072 79 0 179
stand 6008 6072 288 0 179
fre 6052 6060 2 179 179
tree 6136 6072 87 0 179
tree 6152 6072 87 0 179
tree 6200 6072 79 0 179
tree 6312 6056 80 0 179
tree 6376 6072 87 0 179
fre 6564 6060 269 179 179
fre 6612 6068 194 179 179
fre 6652 6076 194 179 179
fre 6716 6060 194 179 179
fre 6772 6068 197 179 179
stand 6904 6056 384 0 179
tree 6952 6056 87 0 179
tree 6968 6056 34 0 179
stand 7016 6056 381 0 179
stand 7016 6072 380 0 179
stand 7096 6072 386 0 179
fre 7196 6052 2 179 179
zabor 7248 6064 31 0 8
stand 7272 6072 316 0 179
stand 7320 6056 316 0 179
tree 7304 6072 45 0 179
stand 7336 6056 316 0 179
stand 7384 6072 316 0 179
fre 7476 6076 271 179 179
fre 7524 6052 194 179 179
fre 7812 6052 194 179 179
tree 7880 6056 85 0 179
tree 7912 6056 85 0 179
fre 8060 6068 73 179 179
fre 596 6100 278 179 179
fre 756 6100 278 179 179
fre 884 6100 278 179 179
fre 1012 6100 278 179 179
zabor 1520 6096 25 0 8
tree 1512 6088 83 0 179
fre 1508 6108 73 179 179
fre 1540 6100 77 179 179
tree 1592 6104 16 0 179
stand 1592 6104 402 0 179
fre 1620 6100 77 179 179
fre 1628 6100 83 179 179
fre 1604 6084 74 179 179
stand 1640 6104 405 0 179
fre 1636 6084 74 179 179
fre 1692 6108 77 179 179
stand 1688 6088 402 0 179
fre 1692 6084 74 179 179
tree 1704 6088 16 0 179
tree 1720 6088 16 0 179
fre 1772 6100 77 179 179
fre 1772 6108 77 179 179
fre 1788 6100 85 179 179
fre 1892 6100 76 179 179
fre 1916 6100 67 179 179
fre 1892 6084 77 179 179
fre 1964 6084 67 179 179
fre 1988 6108 267 179 179
fre 2004 6092 74 179 179
fre 2004 6108 76 179 179
fre 2028 6084 67 179 179
fre 2044 6100 67 179 179
fre 2132 6100 67 179 179
fre 2132 6108 67 179 179
fre 2204 6108 67 179 179
fre 2188 6108 74 179 179
fre 2220 6092 76 179 179
fre 2276 6084 74 179 179
fre 2348 6100 74 179 179
fre 2340 6092 67 179 179
fre 2396 6108 74 179 179
stand 2504 6104 317 0 179
tree 2632 6088 77 0 179
tree 2808 6104 85 0 179
tree 2920 6088 85 0 179
fre 2940 6100 196 179 179
fre 2948 6084 268 179 179
fre 3204 6108 194 179 179
tree 3384 6088 85 0 179
fre 3436 6100 194 179 179
fre 3636 6108 194 179 179
tree 3672 6088 45 0 179
tree 3688 6104 45 0 179
tree 3736 6104 42 0 179
tree 3880 6088 40 0 179
tree 3912 6088 40 0 179
fre 3956 6100 72 179 179
stand 3992 6104 318 0 179
fre 4060 6092 58 179 179
stand 4152 6104 318 0 179
fre 4220 6092 58 179 179
tree 4376 6104 85 0 179
fre 4460 6092 194 179 179
fre 4492 6100 85 179 179
fre 4516 6092 194 179 179
tree 4552 6088 85 0 179
tree 4600 6088 85 0 179
fre 4652 6084 35 179 179
stand 4728 6088 316 0 179
tree 4760 6088 45 0 179
fre 4772 6084 58 179 179
tree 4872 6104 45 0 179
fre 4908 6084 13 179 179
fre 4900 6100 58 179 179
stand 4952 6088 126 0 179
fre 4956 6100 73 179 179
fre 4940 6084 73 179 179
tree 5000 6088 85 0 179
fre 5012 6108 12 179 179
tree 5032 6104 42 0 179
fre 5028 6092 194 179 179
stand 5032 6104 316 0 179
tree 5048 6088 45 0 179
fre 5084 6084 194 179 179
fre 5060 6108 269 179 179
tree 5144 6088 77 0 179
tree 5224 6088 87 0 179
tree 5320 6104 79 0 179
fre 5404 6100 2 179 179
tree 5464 6088 87 0 179
tree 5592 6088 85 0 179
fre 5708 6092 2 179 179
fre 5716 6092 2 179 179
fre 5852 6084 196 179 179
tree 5864 6104 77 0 179
fre 6180 6100 196 179 179
fre 6244 6100 272 179 179
tree 6280 6104 85 0 179
tree 6312 6104 87 0 179
tree 6376 6104 87 0 179
tree 6392 6104 87 0 179
fre 6404 6100 269 179 179
fre 6468 6084 194 179 179
fre 6500 6108 197 179 179
fre 6548 6108 196 179 179
fre 6572 6108 197 179 179
fre 6612 6108 139 179 179
fre 6716 6108 197 179 179
fre 6772 6084 2 179 179
tree 6952 6104 87 0 179
stand 7000 6088 380 0 179
stand 7016 6088 381 0 179
zabor 7248 6096 24 0 8
stand 7304 6104 317 0 179
tree 7432 6088 77 0 179
tree 7608 6104 85 0 179
tree 7720 6088 85 0 179
fre 7740 6100 196 179 179
fre 7748 6084 268 179 179
fre 8004 6108 194 179 179
fre 1172 6132 278 179 179
zabor 1520 6128 28 0 8
fre 1524 6140 77 179 179
stand 1576 6136 287 0 179
fre 1596 6116 77 179 179
fre 1604 6116 77 179 179
fre 1652 6140 74 179 179
fre 1692 6124 204 179 179
stand 1688 6136 402 0 179
fre 1700 6140 74 179 179
tree 1784 6136 83 0 179
lay 1800 6120 51 0 179
stand 1800 6120 402 0 179
fre 1860 6140 204 179 179
fre 1884 6124 77 179 179
fre 1900 6140 74 179 179
fre 1908 6124 74 179 179
fre 1940 6140 67 179 179
fre 1932 6116 74 179 179
fre 1956 6140 67 179 179
fre 2020 6116 74 179 179
fre 2028 6140 74 179 179
fre 2060 6124 76 179 179
fre 2084 6140 267 179 179
fre 2140 6132 67 179 179
fre 2124 6116 67 179 179
fre 2148 6132 74 179 179
fre 2180 6124 67 179 179
fre 2196 6124 74 179 179
fre 2236 6140 74 179 179
fre 2212 6132 76 179 179
fre 2284 6116 67 179 179
fre 2324 6132 67 179 179
fre 2324 6140 67 179 179
fre 2396 6140 67 179 179
trop 2420 6132 139 179 179
stand 2472 6136 318 0 179
tree 2488 6120 45 0 179
stand 2536 6136 316 0 179
stand 2568 6120 316 0 179
tree 2568 6136 45 0 179
tree 2664 6136 77 0 179
fre 2676 6116 271 179 179
fre 2740 6132 194 179 179
fre 2740 6124 268 179 179
tree 2840 6136 77 0 179
tree 2888 6136 35 0 179
fre 2916 6116 272 179 179
tree 3000 6120 78 0 179
stand 3048 6136 405 0 179
fre 3076 6116 194 179 179
fre 3140 6140 194 179 179
fre 3180 6132 82 179 179
fre 3196 6140 268 179 179
fre 3180 6116 73 179 179
trop 3292 6124 139 179 179
tree 3864 6136 81 0 179
fre 3956 6132 72 179 179
fre 3948 6132 72 179 179
tree 4056 6136 45 0 179
stand 4072 6136 316 0 179
tree 4216 6136 45 0 179
stand 4232 6136 316 0 179
fre 4724 6132 194 179 179
fre 4804 6124 194 179 179
fre 4812 6132 268 179 179
fre 4828 6124 268 179 179
fre 4868 6140 194 179 179
fre 4892 6124 194 179 179
fre 4884 6140 268 179 179
fre 4924 6124 268 179 179
tree 4936 6120 20 0 179
stand 5032 6136 316 0 179
fre 5028 6116 2 179 179
tree 5112 6136 87 0 179
tree 5192 6136 77 0 179
stand 5256 6120 288 0 179
tree 5512 6136 77 0 179
tree 5560 6120 77 0 179
tree 5624 6120 85 0 179
tree 5816 6120 77 0 179
tree 5896 6120 87 0 179
tree 5992 6136 79 0 179
fre 6076 6132 2 179 179
tree 6136 6120 87 0 179
tree 6264 6120 85 0 179
fre 6388 6124 2 179 179
tree 6488 6136 87 0 179
fre 6804 6132 2 179 179
tree 6888 6136 87 0 179
fre 6940 6124 272 179 179
tree 7128 6136 77 0 179
tree 7112 6136 77 0 179
tree 7112 6120 77 0 179
zabor 7248 6128 28 0 8
stand 7272 6136 318 0 179
tree 7288 6120 45 0 179
stand 7336 6136 316 0 179
stand 7368 6120 316 0 179
tree 7368 6136 45 0 179
tree 7464 6136 77 0 179
fre 7476 6116 271 179 179
fre 7540 6132 194 179 179
fre 7540 6124 268 179 179
tree 7640 6136 77 0 179
tree 7688 6136 35 0 179
fre 7716 6116 272 179 179
tree 7800 6120 78 0 179
stand 7848 6136 405 0 179
fre 7876 6116 194 179 179
fre 7940 6140 194 179 179
fre 7980 6132 82 179 179
fre 7996 6140 268 179 179
fre 7980 6116 73 179 179
zabor 1520 6160 29 0 8
tree 1560 6168 15 0 179
fre 1644 6172 77 179 179
fre 1684 6156 77 179 179
tree 1720 6152 10 0 179
tree 1784 6152 16 0 179
tree 1816 6152 83 0 179
fre 1916 6164 67 179 179
fre 2012 6172 67 179 179
fre 2004 6172 76 179 179
fre 2036 6156 74 179 179
fre 2052 6172 67 179 179
fre 2052 6164 76 179 179
fre 2132 6156 74 179 179
fre 2116 6148 74 179 179
fre 2124 6148 67 179 179
fre 2236 6172 67 179 179
fre 2220 6172 74 179 179
fre 2252 6156 76 179 179
fre 2260 6172 67 179 179
fre 2252 6148 74 179 179
fre 2372 6156 67 179 179
tree 2536 6168 45 0 179
fre 2644 6156 271 179 179
fre 2644 6172 271 179 179
fre 2652 6148 268 179 179
fre 2636 6148 268 179 179
fre 2668 6164 268 179 179
tree 2856 6168 76 0 179
fre 2932 6164 268 179 179
tree 2984 6152 33 0 179
fre 2988 6148 196 179 179
fre 3004 6172 272 179 179
tree 3016 6152 45 0 179
fre 3084 6156 194 179 179
fre 3220 6172 194 179 179
fre 3204 6172 73 179 179
tree 3384 6152 81 0 179
tree 3432 6152 41 0 179
fre 3508 6156 196 179 179
tree 3544 6152 34 0 179
tree 3608 6152 85 0 179
tree 3640 6168 42 0 179
fre 3708 6164 268 179 179
fre 3716 6172 268 179 179
fre 3836 6172 268 179 179
fre 3860 6164 268 179 179
stand 3992 6152 316 0 179
tree 4008 6152 45 0 179
stand 4056 6152 316 0 179
fre 4092 6156 58 179 179
stand 4152 6152 316 0 179
tree 4168 6152 45 0 179
stand 4216 6152 316 0 179
fre 4252 6156 58 179 179
stand 4360 6168 316 0 179
fre 4564 6156 194 179 179
fre 4660 6172 194 179 179
fre 4700 6148 268 179 179
tree 4776 6168 34 0 179
tree 4824 6152 83 0 179
fre 4884 6156 84 179 179
fre 4916 6172 194 179 179
stand 4968 6152 316 0 179
stand 5032 6168 316 0 179
stand 5064 6168 316 0 179
fre 5308 6156 2 179 179
fre 5700 6148 2 179 179
tree 5784 6168 87 0 179
tree 5864 6168 77 0 179
stand 5928 6152 288 0 179
tree 6184 6168 77 0 179
tree 6232 6152 77 0 179
tree 6296 6152 85 0 179
fre 6476 6156 272 179 179
tree 6552 6152 87 0 179
tree 6568 6168 77 0 179
tree 6600 6152 87 0 179
fre 6636 6148 272 179 179
fre 6684 6148 197 179 179
fre 6700 6156 269 179 179
tree 6712 6152 87 0 179
tree 6776 6168 87 0 179
fre 6788 6156 196 179 179
tree 6904 6152 79 0 179
tree 7000 6152 87 0 179
tree 7032 6168 19 0 179
tree 7064 6168 35 0 179
tree 7144 6168 77 0 179
tree 7176 6168 87 0 179
zabor 7248 6160 29 0 8
tree 7336 6168 45 0 179
fre 7444 6156 271 179 179
fre 7444 6172 271 179 179
fre 7452 6148 268 179 179
fre 7436 6148 268 179 179
fre 7468 6164 268 179 179
tree 7656 6168 76 0 179
fre 7732 6164 268 179 179
tree 7784 6152 33 0 179
fre 7788 6148 196 179 179
fre 7804 6172 272 179 179
tree 7816 6152 45 0 179
fre 7884 6156 194 179 179
fre 8020 6172 194 179 179
fre 8004 6172 73 179 179
zabor 1520 6192 25 0 8
zabor 1552 6192 30 0 8
zabor 1584 6192 25 0 8
zabor 1616 6192 28 0 8
tree 1624 6184 86 0 179
tree 1608 6200 87 0 179
zabor 1648 6192 24 0 8
stand 1640 6184 287 0 179
fre 1652 6188 74 179 179
zabor 1680 6192 26 0 8
zabor 1712 6192 31 0 8
zabor 1744 6192 25 0 8
tree 1736 6200 86 0 179
zabor 1776 6192 30 0 8
zabor 1808 6192 24 0 8
zabor 1840 6192 31 0 8
zabor 1872 6192 30 0 8
zabor 1904 6192 26 0 8
zabor 1936 6192 26 0 8
fre 1988 6188 67 179 179
fre 2044 6204 74 179 179
fre 2060 6204 74 179 179
fre 2100 6204 67 179 179
fre 2092 6180 74 179 179
fre 2164 6196 67 179 179
fre 2164 6204 67 179 179
fre 2236 6196 67 179 179
fre 2244 6196 76 179 179
fre 2300 6204 74 179 179
fre 2316 6180 67 179 179
fre 2324 6204 76 179 179
fre 2340 6204 267 179 179
fre 2356 6180 67 179 179
fre 2380 6180 67 179 179
fre 2396 6196 67 179 179
stand 2456 6184 318 0 179
stand 2520 6184 316 0 179
stand 2616 6200 316 0 179
fre 2684 6188 271 179 179
fre 2700 6188 268 179 179
fre 2740 6204 194 179 179
fre 2764 6196 194 179 179
tree 2808 6184 85 0 179
tree 2824 6184 85 0 179
tree 2888 6184 42 0 179
tree 3000 6200 78 0 179
tree 3016 6184 45 0 179
tree 3032 6184 45 0 179
tree 3416 6184 41 0 179
tree 3432 6184 41 0 179
tree 3544 6200 33 0 179
tree 3592 6200 34 0 179
fre 3740 6204 194 179 179
fre 3732 6196 194 179 179
fre 3796 6180 194 179 179
fre 3836 6204 268 179 179
fre 3860 6180 268 179 179
fre 3900 6204 194 179 179
fre 3940 6204 268 179 179
tree 4024 6200 45 0 179
tree 4184 6200 45 0 179
fre 4468 6188 196 179 179
tree 4536 6184 33 0 179
fre 4596 6188 194 179 179
tree 4712 6184 85 0 179
stand 4968 6184 318 0 179
tree 5016 6200 45 0 179
stand 5048 6200 316 0 179
fre 5188 6204 267 179 179
fre 5244 6196 67 179 179
fre 5228 6180 67 179 179
fre 5252 6196 74 179 179
fre 5980 6188 2 179 179
fre 6476 6180 269 179 179
fre 6500 6180 197 179 179
tree 6536 6200 87 0 179
fre 6644 6180 196 179 179
tree 6680 6200 81 0 179
tree 6776 6200 79 0 179
tree 6904 6184 33 0 179
tree 6888 6184 33 0 179
fre 7092 6180 196 179 179
fre 7156 6188 196 179 179
tree 7144 6184 77 0 179
zabor 7248 6192 27 0 8
stand 7320 6184 316 0 179
stand 7416 6200 316 0 179
fre 7484 6188 271 179 179
fre 7500 6188 268 179 179
fre 7540 6204 194 179 179
fre 7564 6196 194 179 179
tree 7608 6184 85 0 179
tree 7624 6184 85 0 179
tree 7688 6184 42 0 179
tree 7800 6200 78 0 179
tree 7816 6184 45 0 179
tree 7832 6184 45 0 179
trop 1468 6220 139 179 179
zabor 1520 6224 31 0 8
fre 2044 6236 67 179 179
fre 2060 6236 74 179 179
fre 2076 6228 67 179 179
fre 2092 6220 76 179 179
fre 2164 6236 76 179 179
fre 2228 6220 74 179 179
fre 2212 6236 267 179 179
fre 2252 6236 74 179 179
fre 2252 6212 67 179 179
fre 2268 6228 67 179 179
fre 2292 6236 67 179 179
fre 2284 6212 74 179 179
fre 2276 6228 74 179 179
fre 2308 6236 67 179 179
tree 2360 6216 83 0 179
fre 2372 6212 74 179 179
stand 2488 6216 318 0 179
stand 2504 6232 317 0 179
tree 2520 6232 45 0 179
fre 2580 6228 58 179 179
fre 2580 6236 268 179 179
fre 2612 6236 271 179 179
fre 2652 6212 268 179 179
fre 2684 6212 268 179 179
stand 2712 6232 316 0 179
fre 2884 6212 268 179 179
tree 2984 6232 85 0 179
tree 3016 6232 85 0 179
tree 3224 6232 40 0 179
fre 3252 6220 73 179 179
stand 3400 6216 316 0 179
fre 3476 6228 194 179 179
tree 3656 6216 41 0 179
tree 3672 6232 42 0 179
fre 3652 6228 268 179 179
fre 3932 6220 84 179 179
fre 3932 6228 72 179 179
stand 3976 6216 316 0 179
tree 3976 6232 45 0 179
stand 4008 6216 318 0 179
stand 4104 6232 316 0 179
stand 4136 6216 316 0 179
tree 4136 6232 45 0 179
stand 4168 6216 318 0 179
stand 4264 6232 316 0 179
tree 4376 6216 85 0 179
tree 4456 6216 85 0 179
fre 4468 6236 272 179 179
tree 4504 6216 35 0 179
tree 4552 6232 43 0 179
tree 4568 6216 43 0 179
fre 4628 6228 268 179 179
tree 4664 6232 34 0 179
fre 4684 6212 272 179 179
fre 4748 6220 268 179 179
stand 4792 6216 405 0 179
tree 4808 6216 34 0 179
tree 4920 6232 85 0 179
stand 5032 6232 316 0 179
stand 5048 6232 316 0 179
fre 5116 6236 67 179 179
fre 5108 6236 76 179 179
fre 5092 6220 269 179 179
stand 5096 6216 365 0 179
fre 5156 6236 67 179 179
fre 5236 6220 74 179 179
fre 5220 6212 74 179 179
fre 6500 6220 2 179 179
tree 6616 6216 81 0 179
fre 6852 6212 269 179 179
fre 6868 6220 2 179 179
fre 6932 6228 2 179 179
tree 7016 6216 35 0 179
tree 7064 6216 34 0 179
fre 7100 6236 196 179 179
tree 7128 6232 77 0 179
zabor 7248 6224 31 0 8
stand 7288 6216 318 0 179
stand 7304 6232 317 0 179
tree 7320 6232 45 0 179
fre 7380 6228 58 179 179
fre 7380 6236 268 179 179
fre 7412 6236 271 179 179
fre 7452 6212 268 179 179
fre 7484 6212 268 179 179
stand 7512 6232 316 0 179
fre 7684 6212 268 179 179
tree 7784 6232 85 0 179
tree 7816 6232 85 0 179
tree 8024 6232 40 0 179
fre 8052 6220 73 179 179
fre 180 6260 278 179 179
fre 308 6260 278 179 179
fre 436 6260 278 179 179
fre 1332 6260 278 179 179
zabor 1520 6256 28 0 8
tree 1544 6264 77 0 179
tree 1544 6248 85 0 179
tree 1592 6264 77 0 179
stand 1640 6248 289 0 179
stand 1672 6264 289 0 179
tree 1704 6248 85 0 179
tree 1752 6248 85 0 179
tree 1736 6264 85 0 179
tree 1800 6248 85 0 179
tree 1880 6248 76 0 179
tree 1864 6264 85 0 179
fre 2068 6252 74 179 179
fre 2084 6260 76 179 179
fre 2156 6244 67 179 179
fre 2180 6268 67 179 179
fre 2268 6260 67 179 179
fre 2244 6244 74 179 179
fre 2316 6260 74 179 179
fre 2356 6268 76 179 179
stand 2472 6248 317 0 179
tree 2472 6248 45 0 179
tree 2520 6264 45 0 179
stand 2536 6248 316 0 179
fre 2668 6244 194 179 179
fre 2900 6252 194 179 179
fre 2972 6268 194 179 179
fre 3100 6260 194 179 179
fre 3116 6260 272 179 179
tree 3176 6248 35 0 179
tree 3384 6264 85 0 179
fre 3596 6268 196 179 179
fre 3732 6252 268 179 179
stand 3992 6264 316 0 179
fre 4036 6268 58 179 179
fre 4100 6244 58 179 179
stand 4152 6264 316 0 179
fre 4196 6268 58 179 179
fre 4260 6244 58 179 179
tree 4376 6264 42 0 179
fre 4468 6244 194 179 179
fre 4476 6268 194 179 179
tree 4552 6264 33 0 179
tree 4584 6248 42 0 179
fre 4756 6244 196 179 179
fre 4740 6252 272 179 179
tree 4792 6248 19 0 179
fre 4836 6244 272 179 179
stand 4968 6248 318 0 179
fre 5092 6252 67 179 179
fre 5148 6268 74 179 179
fre 5268 6260 67 179 179
fre 5268 6268 67 179 179
fre 5372 6260 2 179 179
fre 5420 6244 269 179 179
tree 5560 6248 33 0 179
tree 5640 6264 87 0 179
tree 5704 6248 33 0 179
fre 5772 6252 269 179 179
fre 5804 6252 2 179 179
tree 6024 6264 79 0 179
fre 6092 6268 196 179 179
tree 6120 6264 79 0 179
tree 6248 6248 79 0 179
fre 6460 6260 127 179 179
fre 6484 6244 2 179 179
fre 6540 6268 2 179 179
fre 6572 6260 2 179 179
fre 6628 6244 2 179 179
fre 6668 6244 2 179 179
tree 6760 6264 87 0 179
tree 6888 6264 79 0 179
fre 6924 6268 196 179 179
fre 7060 6260 2 179 179
tree 7112 6264 87 0 179
tree 7160 6264 87 0 179
zabor 7248 6256 28 0 8
stand 7272 6248 317 0 179
tree 7272 6248 45 0 179
tree 7320 6264 45 0 179
stand 7336 6248 316 0 179
fre 7468 6244 194 179 179
fre 7700 6252 194 179 179
fre 7772 6268 194 179 179
fre 7900 6260 194 179 179
fre 7916 6260 272 179 179
tree 7976 6248 35 0 179
fre 596 6292 278 179 179
fre 756 6292 278 179 179
fre 884 6292 278 179 179
fre 1012 6292 278 179 179
zabor 1520 6288 26 0 8
fre 1572 6300 74 179 179
fre 1612 6276 74 179 179
fre 1612 6300 74 179 179
fre 1652 6292 66 179 179
fre 1676 6292 74 179 179
tree 1736 6296 41 0 179
stand 1784 6280 353 0 179
fre 1972 6276 47 179 179
fre 2092 6300 74 179 179
fre 2132 6300 67 179 179
fre 2124 6276 74 179 179
stand 2136 6296 143 0 179
zabor 2160 6288 24 0 8
fre 2292 6292 67 179 179
fre 2292 6300 67 179 179
fre 2364 6300 67 179 179
stand 2472 6280 318 0 179
stand 2552 6296 316 0 179
fre 2812 6276 194 179 179
fre 2828 6292 194 179 179
fre 2932 6300 272 179 179
fre 3068 6292 268 179 179
fre 3164 6276 196 179 179
stand 3160 6296 405 0 179
fre 3212 6300 268 179 179
trop 3292 6300 139 179 179
fre 3388 6284 58 179 179
fre 3372 6300 272 179 179
fre 3460 6300 194 179 179
tree 3576 6280 76 0 179
fre 3588 6284 272 179 179
tree 3656 6280 35 0 179
fre 3772 6300 194 179 179
tree 3896 6296 76 0 179
stand 4056 6296 316 0 179
stand 4088 6280 316 0 179
stand 4216 6296 316 0 179
stand 4248 6280 316 0 179
tree 4408 6296 42 0 179
tree 4392 6296 42 0 179
tree 4504 6280 78 0 179
tree 4584 6280 43 0 179
tree 4712 6296 35 0 179
tree 4792 6280 40 0 179
tree 4776 6280 19 0 179
tree 4824 6280 40 0 179
tree 4856 6296 85 0 179
fre 4884 6276 268 179 179
tree 4904 6296 35 0 179
stand 5064 6280 316 0 179
fre 5148 6300 67 179 179
fre 5164 6300 74 179 179
fre 5196 6284 76 179 179
fre 5452 6300 269 179 179
tree 5480 6296 79 0 179
tree 5528 6280 79 0 179
fre 5612 6284 196 179 179
tree 5640 6296 18 0 179
tree 5736 6296 34 0 179
stand 5752 6296 288 0 179
fre 5868 6284 2 179 179
fre 6116 6292 272 179 179
tree 6152 6296 80 0 179
tree 6232 6280 87 0 179
tree 6360 6296 79 0 179
tree 6472 6296 87 0 179
tree 6712 6280 81 0 179
fre 6748 6284 2 179 179
tree 6840 6296 81 0 179
fre 6828 6292 126 179 179
fre 6876 6284 196 179 179
fre 6868 6284 2 179 179
tree 6936 6296 77 0 179
tree 6920 6296 80 0 179
fre 7028 6276 138 179 179
zabor 7248 6288 27 0 8
stand 7272 6280 318 0 179
stand 7352 6296 316 0 179
fre 7612 6276 194 179 179
fre 7628 6292 194 179 179
fre 7732 6300 272 179 179
fre 7868 6292 268 179 179
fre 7964 6276 196 179 179
stand 7960 6296 405 0 179
fre 8012 6300 268 179 179
fre 1172 6324 278 179 179
zabor 1520 6320 26 0 8
tree 1544 6312 59 0 179
fre 1588 6308 74 179 179
fre 1660 6332 74 179 179
fre 1676 6308 66 179 179
fre 1684 6332 74 179 179
fre 1668 6316 74 179 179
fre 1700 6316 66 179 179
fre 1716 6332 74 179 179
fre 1740 6316 66 179 179
fre 1764 6316 74 179 179
fre 1828 6332 66 179 179
stand 1880 6328 289 0 179
fre 1972 6308 204 179 179
stand 1960 6328 402 0 179
stand 1976 6328 405 0 179
fre 2004 6308 47 179 179
trop 2076 6324 92 179 179
fre 2052 6332 55 179 179
fre 2108 6324 67 179 179
fre 2116 6332 267 179 179
fre 2124 6332 47 179 179
zabor 2160 6320 31 0 8
fre 2156 6308 67 179 179
fre 2172 6324 67 179 179
fre 2196 6332 76 179 179
fre 2180 6324 74 179 179
fre 2188 6332 74 179 179
fre 2220 6316 76 179 179
fre 2340 6316 67 179 179
fre 2396 6332 74 179 179
trop 2420 6316 139 179 179
stand 2488 6328 316 0 179
stand 2520 6328 318 0 179
fre 2588 6316 58 179 179
stand 2648 6312 316 0 179
fre 2660 6324 194 179 179
tree 2712 6328 35 0 179
tree 2696 6312 85 0 179
fre 2852 6324 268 179 179
dom 2880 6304 308 0 179
tree 2920 6312 35 0 179
fre 2972 6308 268 179 179
fre 3060 6324 194 179 179
tree 3160 6312 79 0 179
tree 3192 6312 81 0 179
tree 3192 6328 40 0 179
tree 3208 6328 40 0 179
tree 3224 6312 45 0 179
fre 3372 6308 196 179 179
fre 3564 6324 196 179 179
tree 3592 6328 41 0 179
tree 3640 6312 78 0 179
tree 3624 6328 85 0 179
tree 3672 6312 41 0 179
fre 3700 6316 268 179 179
fre 3844 6316 196 179 179
tree 3928 6328 42 0 179
fre 3956 6308 72 179 179
fre 3940 6324 72 179 179
stand 3976 6312 318 0 179
stand 4008 6312 316 0 179
tree 4040 6328 45 0 179
stand 4136 6312 318 0 179
stand 4168 6312 316 0 179
tree 4200 6328 45 0 179
tree 4376 6312 78 0 179
tree 4520 6312 42 0 179
tree 4568 6312 78 0 179
fre 4636 6316 194 179 179
tree 4728 6328 43 0 179
tree 4760 6328 33 0 179
tree 4776 6328 33 0 179
tree 4792 6328 40 0 179
stand 4776 6328 405 0 179
fre 4860 6316 196 179 179
tree 4888 6312 42 0 179
tree 4920 6328 42 0 179
fre 4932 6316 73 179 179
fre 4948 6324 73 179 179
fre 4948 6316 73 179 179
stand 4968 6328 316 0 179
stand 5016 6312 316 0 179
tree 5000 6328 45 0 179
stand 5032 6312 316 0 179
stand 5080 6328 316 0 179
fre 5172 6316 74 179 179
fre 5188 6324 76 179 179
fre 5260 6308 67 179 179
fre 5388 6308 2 179 179
fre 5540 6308 269 179 179
tree 5560 6328 79 0 179
fre 5612 6308 196 179 179
tree 5608 6328 35 0 179
stand 5736 6328 288 0 179
stand 5768 6328 288 0 179
fre 5828 6308 2 179 179
fre 5924 6332 2 179 179
tree 5992 6312 77 0 179
fre 6076 6332 196 179 179
tree 6056 6312 77 0 179
tree 6088 6328 77 0 179
tree 6408 6312 80 0 179
fre 6516 6316 2 179 179
tree 6696 6328 33 0 179
fre 6740 6324 269 179 179
tree 6904 6328 77 0 179
fre 6948 6308 272 179 179
tree 6984 6312 77 0 179
tree 6984 6328 77 0 179
tree 7032 6328 87 0 179
zabor 7248 6320 27 0 8
stand 7288 6328 316 0 179
stand 7320 6328 318 0 179
fre 7388 6316 58 179 179
stand 7448 6312 316 0 179
fre 7460 6324 194 179 179
tree 7512 6328 35 0 179
tree 7496 6312 85 0 179
fre 7652 6324 268 179 179
dom 7680 6304 308 0 179
tree 7720 6312 35 0 179
fre 7772 6308 268 179 179
fre 7860 6324 194 179 179
tree 7960 6312 79 0 179
tree 7992 6312 81 0 179
tree 7992 6328 40 0 179
tree 8008 6328 40 0 179
tree 8024 6312 45 0 179
zabor 1520 6352 25 0 8
tree 1544 6344 83 0 179
fre 1572 6348 74 179 179
fre 1644 6356 8 179 179
fre 1684 6356 74 179 179
fre 1716 6340 74 179 179
fre 1700 6356 74 179 179
fre 1700 6364 74 179 179
fre 1716 6356 74 179 179
stand 1752 6344 402 0 179
fre 1772 6364 74 179 179
tree 1944 6344 86 0 179
stand 2008 6344 402 0 179
fre 2060 6340 203 179 179
zabor 2160 6352 26 0 8
fre 2148 6340 74 179 179
fre 2196 6348 74 179 179
fre 2220 6356 74 179 179
fre 2212 6356 76 179 179
fre 2284 6340 67 179 179
fre 2396 6364 67 179 179
stand 2472 6344 317 0 179
tree 2552 6360 45 0 179
stand 2568 6360 316 0 179
fre 2708 6356 196 179 179
fre 2716 6340 272 179 179
tree 2792 6360 42 0 179
fre 3076 6348 85 179 179
fre 3108 6348 268 179 179
tree 3144 6344 45 0 179
tree 3176 6344 40 0 179
tree 3208 6344 40 0 179
fre 3244 6348 73 179 179
fre 3236 6340 73 179 179
fre 3420 6340 196 179 179
fre 3468 6348 194 179 179
fre 3476 6348 272 179 179
tree 3496 6360 85 0 179
tree 3544 6344 35 0 179
tree 3608 6360 41 0 179
tree 3640 6344 85 0 179
fre 3716 6340 268 179 179
fre 3756 6340 194 179 179
tree 3848 6344 35 0 179
fre 3868 6356 272 179 179
tree 3880 6344 33 0 179
tree 3928 6344 42 0 179
fre 3932 6364 72 179 179
stand 4008 6360 318 0 179
tree 4008 6360 45 0 179
fre 4060 6356 58 179 179
stand 4056 6360 316 0 179
stand 4168 6360 318 0 179
tree 4168 6360 45 0 179
fre 4220 6356 58 179 179
stand 4216 6360 316 0 179
fre 4492 6356 194 179 179
fre 4532 6356 194 179 179
tree 4552 6360 85 0 179
fre 4620 6348 194 179 179
tree 4824 6344 45 0 179
tree 4904 6360 85 0 179
fre 4940 6348 73 179 179
stand 5000 6360 317 0 179
fre 5196 6364 74 179 179
fre 5236 6364 67 179 179
fre 5228 6340 74 179 179
tree 5304 6344 19 0 179
tree 5368 6360 33 0 179
fre 5428 6356 2 179 179
stand 5688 6344 352 0 179
tree 6136 6360 77 0 179
fre 6260 6356 2 179 179
tree 6360 6344 44 0 179
tree 6696 6344 78 0 179
fre 6828 6348 194 179 179
tree 6936 6360 80 0 179
fre 7012 6348 194 179 179
stand 7048 6344 360 0 179
fre 7140 6364 267 179 179
fre 7196 6356 67 179 179
fre 7180 6340 67 179 179
fre 7204 6356 74 179 179
zabor 7248 6352 31 0 8
stand 7272 6344 317 0 179
tree 7352 6360 45 0 179
stand 7368 6360 316 0 179
fre 7508 6356 196 179 179
fre 7516 6340 272 179 179
tree 7592 6360 42 0 179
fre 7876 6348 85 179 179
fre 7908 6348 268 179 179
tree 7944 6344 45 0 179
tree 7976 6344 40 0 179
tree 8008 6344 40 0 179
fre 8044 6348 73 179 179
fre 8036 6340 73 179 179
trop 1468 6396 139 179 179
zabor 1520 6384 30 0 8
tree 1528 6376 83 0 179
fre 1556 6396 74 179 179
fre 1588 6380 66 179 179
fre 1588 6396 74 179 179
fre 1684 6372 74 179 179
fre 1692 6372 74 179 179
fre 1748 6380 8 179 179
fre 1812 6388 66 179 179
fre 1812 6396 8 179 179
fre 1804 6396 74 179 179
fre 1852 6380 66 179 179
fre 1844 6372 66 179 179
fre 1852 6388 74 179 179
tree 1928 6392 87 0 179
fre 1980 6380 204 179 179
stand 2008 6392 302 0 179
zabor 2160 6384 31 0 8
fre 2196 6388 67 179 179
fre 2196 6396 67 179 179
fre 2220 6396 74 179 179
fre 2268 6396 67 179 179
fre 2260 6396 67 179 179
fre 2252 6372 74 179 179
stand 2536 6376 316 0 179
fre 2684 6372 194 179 179
tree 2712 6392 75 0 179
fre 2740 6396 268 179 179
tree 2760 6376 76 0 179
fre 2876 6380 194 179 179
tree 2936 6376 76 0 179
tree 2968 6376 33 0 179
tree 3000 6376 35 0 179
tree 3048 6392 42 0 179
tree 3192 6392 85 0 179
tree 3176 6392 85 0 179
tree 3224 6376 45 0 179
fre 3252 6372 73 179 179
stand 3400 6376 316 0 179
tree 3544 6376 85 0 179
tree 3560 6376 85 0 179
fre 3588 6388 268 179 179
tree 3848 6392 42 0 179
tree 3848 6376 42 0 179
fre 3860 6388 268 179 179
fre 3956 6396 72 179 179
fre 3940 6380 72 179 179
stand 3976 6376 318 0 179
fre 4076 6372 58 179 179
stand 4136 6376 318 0 179
fre 4236 6372 58 179 179
fre 4372 6396 271 179 179
fre 4420 6372 194 179 179
fre 4708 6372 194 179 179
tree 4776 6376 85 0 179
tree 4808 6376 85 0 179
fre 4956 6388 73 179 179
stand 4968 6392 318 0 179
tree 4984 6376 45 0 179
stand 5032 6392 316 0 179
stand 5064 6376 316 0 179
tree 5064 6392 45 0 179
fre 5212 6388 67 179 179
fre 5220 6396 267 179 179
fre 5260 6372 67 179 179
fre 5276 6388 67 179 179
fre 5300 6396 76 179 179
fre 5284 6388 74 179 179
stand 5352 6392 354 0 179
tree 5560 6392 87 0 179
fre 5644 6388 196 179 179
fre 5772 6388 2 179 179
fre 5820 6372 2 179 179
fre 5828 6388 269 179 179
tree 5848 6392 87 0 179
tree 5912 6392 77 0 179
fre 5980 6380 2 179 179
tree 6104 6392 77 0 179
tree 6120 6392 77 0 179
tree 6120 6376 77 0 179
tree 6456 6392 40 0 179
tree 6440 6392 78 0 179
tree 6488 6376 80 0 179
tree 6568 6376 40 0 179
tree 6648 6392 80 0 179
fre 6740 6396 196 179 179
tree 6728 6392 40 0 179
fre 7020 6388 194 179 179
fre 7068 6396 67 179 179
fre 7060 6396 76 179 179
stand 7048 6376 358 0 179
fre 7108 6396 67 179 179
fre 7172 6396 267 179 179
fre 7188 6380 74 179 179
fre 7172 6372 74 179 179
fre 7228 6388 67 179 179
fre 7212 6372 67 179 179
fre 7236 6388 74 179 179
zabor 7248 6384 25 0 8
stand 7336 6376 316 0 179
fre 7484 6372 194 179 179
tree 7512 6392 75 0 179
fre 7540 6396 268 179 179
tree 7560 6376 76 0 179
fre 7676 6380 194 179 179
tree 7736 6376 76 0 179
tree 7768 6376 33 0 179
tree 7800 6376 35 0 179
tree 7848 6392 42 0 179
tree 7992 6392 85 0 179
tree 7976 6392 85 0 179
tree 8024 6376 45 0 179
fre 8052 6372 73 179 179
fre 1332 6420 278 179 179
zabor 1520 6416 24 0 8
fre 1532 6404 74 179 179
fre 1532 6420 74 179 179
fre 1564 6428 66 179 179
fre 1548 6420 74 179 179
fre 1572 6412 74 179 179
fre 1612 6412 66 179 179
stand 1640 6408 402 0 179
fre 1676 6428 74 179 179
tree 1704 6424 41 0 179
tree 1720 6424 41 0 179
fre 1732 6420 66 179 179
fre 1780 6420 74 179 179
fre 1796 6428 74 179 179
fre 1820 6420 74 179 179
fre 1796 6404 130 179 179
fre 1844 6404 74 179 179
fre 1828 6428 74 179 179
fre 1852 6428 74 179 179
fre 1860 6428 74 179 179
fre 1916 6420 74 179 179
fre 1940 6428 74 179 179
fre 1956 6420 74 179 179
tree 1992 6408 25 0 179
tree 2008 6408 25 0 179
tree 1992 6424 24 0 179
fre 1988 6404 47 179 179
tree 2024 6424 25 0 179
fre 2068 6404 203 179 179
fre 2124 6412 76 179 179
fre 2124 6404 47 179 179
zabor 2160 6416 24 0 8
fre 2236 6420 67 179 179
fre 2244 6412 67 179 179
fre 2324 6428 76 179 179
stand 2472 6408 317 0 179
stand 2472 6424 318 0 179
stand 2504 6424 317 0 179
stand 2568 6424 316 0 179
tree 2616 6424 45 0 179
fre 2644 6412 58 179 179
tree 2680 6424 85 0 179
tree 2760 6408 42 0 179
tree 2760 6424 42 0 179
tree 2792 6408 85 0 179
fre 2908 6428 194 179 179
tree 2952 6408 42 0 179
tree 2984 6424 42 0 179
fre 3100 6428 268 179 179
fre 3124 6412 194 179 179
tree 3224 6424 85 0 179
fre 3204 6420 268 179 179
fre 3244 6404 73 179 179
tree 3368 6408 76 0 179
tree 3400 6408 41 0 179
tree 3448 6408 85 0 179
fre 3516 6412 194 179 179
fre 3652 6428 83 179 179
fre 3660 6404 194 179 179
fre 3724 6404 194 179 179
fre 3780 6428 268 179 179
fre 3828 6412 72 179 179
fre 3868 6420 72 179 179
fre 3884 6404 194 179 179
fre 3932 6412 72 179 179
fre 3932 6428 72 179 179
fre 3948 6428 194 179 179
stand 4088 6424 316 0 179
tree 4088 6408 45 0 179
stand 4248 6424 316 0 179
tree 4248 6408 45 0 179
tree 4504 6424 85 0 179
tree 4616 6408 85 0 179
fre 4636 6420 196 179 179
fre 4644 6404 268 179 179
fre 4900 6428 194 179 179
tree 5032 6424 45 0 179
fre 5252 6404 74 179 179
fre 5324 6420 74 179 179
tree 5320 6424 79 0 179
stand 5432 6424 288 0 179
fre 5476 6412 2 179 179
tree 5560 6424 87 0 179
tree 5576 6424 87 0 179
tree 5624 6424 79 0 179
fre 5780 6404 2 179 179
fre 6012 6412 2 179 179
fre 6236 6420 2 179 179
stand 6296 6408 316 0 179
fre 6388 6412 194 179 179
fre 6428 6412 194 179 179
fre 6436 6404 196 179 179
tree 6664 6424 44 0 179
tree 6792 6408 79 0 179
fre 6876 6404 194 179 179
tree 6984 6424 78 0 179
fre 7044 6412 67 179 179
fre 7100 6428 67 179 179
fre 7092 6428 76 179 179
fre 7140 6428 67 179 179
fre 7220 6412 74 179 179
fre 7204 6404 74 179 179
fre 7220 6420 67 179 179
fre 7220 6428 67 179 179
zabor 7248 6416 25 0 8
stand 7272 6408 317 0 179
stand 7272 6424 318 0 179
stand 7304 6424 317 0 179
stand 7368 6424 316 0 179
tree 7416 6424 45 0 179
fre 7444 6412 58 179 179
tree 7480 6424 85 0 179
tree 7560 6408 42 0 179
tree 7560 6424 42 0 179
tree 7592 6408 85 0 179
fre 7708 6428 194 179 179
tree 7752 6408 42 0 179
tree 7784 6424 42 0 179
fre 7900 6428 268 179 179
fre 7924 6412 194 179 179
tree 8024 6424 85 0 179
fre 8004 6420 268 179 179
fre 8044 6404 73 179 179
fre 212 6452 278 179 179
fre 340 6452 278 179 179
fre 468 6452 278 179 179
fre 756 6452 278 179 179
fre 884 6452 278 179 179
fre 1012 6452 278 179 179
zabor 1520 6448 28 0 8
fre 1572 6436 66 179 179
fre 1628 6452 66 179 179
stand 1800 6440 402 0 179
fre 1804 6444 74 179 179
fre 1836 6436 74 179 179
fre 1828 6436 74 179 179
fre 1828 6444 74 179 179
fre 1860 6444 74 179 179
fre 1916 6436 74 179 179
fre 1924 6436 74 179 179
fre 1932 6436 74 179 179
lay 1960 6456 17 0 179
fre 1980 6436 204 179 179
stand 1960 6456 402 0 179
fre 1988 6460 74 179 179
trop 2076 6436 92 179 179
fre 2052 6460 203 179 179
fre 2116 6452 76 179 179
fre 2116 6460 47 179 179
zabor 2160 6448 31 0 8
fre 2188 6436 67 179 179
fre 2212 6460 267 179 179
fre 2228 6444 74 179 179
fre 2252 6436 67 179 179
fre 2268 6452 67 179 179
fre 2244 6460 267 179 179
fre 2300 6452 67 179 179
fre 2284 6436 67 179 179
fre 2300 6460 74 179 179
fre 2308 6452 74 179 179
fre 2316 6436 67 179 179
fre 2356 6436 67 179 179
stand 2472 6440 316 0 179
tree 2488 6440 45 0 179
tree 2504 6440 45 0 179
fre 2572 6460 58 179 179
tree 2584 6440 45 0 179
stand 2728 6456 316 0 179
fre 2764 6444 268 179 179
fre 2788 6444 268 179 179
fre 2852 6460 268 179 179
fre 2876 6452 268 179 179
fre 2908 6436 194 179 179
tree 3000 6440 42 0 179
tree 2984 6440 42 0 179
fre 3164 6436 194 179 179
fre 3260 6460 72 179 179
fre 3252 6444 72 179 179
tree 3384 6456 41 0 179
tree 3384 6440 41 0 179
fre 3396 6452 268 179 179
tree 3432 6440 85 0 179
tree 3480 6440 85 0 179
fre 3612 6436 194 179 179
tree 3800 6440 78 0 179
tree 3784 6440 42 0 179
fre 3820 6452 72 179 179
fre 3860 6436 194 179 179
fre 3876 6444 72 179 179
fre 3932 6444 136 179 179
stand 3944 6440 145 0 179
tree 3992 6456 45 0 179
stand 4008 6440 316 0 179
stand 4072 6456 316 0 179
tree 4072 6440 45 0 179
fre 4100 6444 58 179 179
tree 4152 6456 45 0 179
stand 4168 6440 316 0 179
stand 4232 6456 316 0 179
tree 4232 6440 45 0 179
fre 4260 6444 58 179 179
tree 4360 6456 77 0 179
fre 4372 6436 271 179 179
fre 4436 6452 194 179 179
fre 4436 6444 268 179 179
tree 4536 6456 77 0 179
tree 4584 6456 35 0 179
fre 4612 6436 272 179 179
tree 4696 6440 78 0 179
stand 4744 6456 405 0 179
fre 4772 6436 194 179 179
fre 4836 6460 194 179 179
fre 4876 6452 82 179 179
fre 4892 6460 268 179 179
fre 4876 6436 73 179 179
stand 5016 6440 316 0 179
stand 5112 6456 316 0 179
fre 5300 6452 67 179 179
fre 5300 6460 67 179 179
tree 5288 6456 77 0 179
fre 5372 6460 67 179 179
fre 5604 6452 196 179 179
tree 5704 6456 79 0 179
fre 5836 6460 2 179 179
tree 5928 6456 79 0 179
tree 5976 6440 77 0 179
tree 5992 6456 87 0 179
fre 6060 6452 2 179 179
tree 6136 6440 77 0 179
tree 6344 6456 40 0 179
fre 6524 6452 196 179 179
tree 6536 6456 40 0 179
tree 6584 6456 78 0 179
tree 6760 6440 79 0 179
tree 6808 6456 44 0 179
tree 6824 6440 44 0 179
fre 7076 6444 67 179 179
fre 7100 6460 67 179 179
fre 7132 6460 74 179 179
fre 7116 6460 74 179 179
fre 7148 6444 76 179 179
fre 7252 6452 67 179 179
fre 7252 6460 67 179 179
zabor 7248 6448 26 0 8
stand 7272 6440 316 0 179
tree 7288 6440 45 0 179
tree 7304 6440 45 0 179
fre 7372 6460 58 179 179
tree 7384 6440 45 0 179
stand 7528 6456 316 0 179
fre 7564 6444 268 179 179
fre 7588 6444 268 179 179
fre 7652 6460 268 179 179
fre 7676 6452 268 179 179
fre 7708 6436 194 179 179
tree 7800 6440 42 0 179
tree 7784 6440 42 0 179
fre 7964 6436 194 179 179
fre 8060 6460 72 179 179
fre 8052 6444 72 179 179
fre 628 6484 278 179 179
fre 1172 6484 278 179 179
zabor 1520 6480 30 0 8
tree 1544 6488 83 0 179
fre 1604 6468 8 179 179
fre 1676 6476 66 179 179
stand 1672 6488 402 0 179
tree 1704 6472 75 0 179
stand 1752 6472 354 0 179
fre 1788 6476 66 179 179
stand 1768 6472 405 0 179
fre 1812 6476 66 179 179
fre 1844 6492 66 179 179
fre 1836 6492 8 179 179
fre 1868 6468 74 179 179
fre 1876 6476 74 179 179
lay 1928 6472 16 0 179
lay 1960 6488 15 0 179
fre 1964 6476 204 179 179
fre 2012 6476 74 179 179
fre 2020 6484 74 179 179
fre 2052 6484 203 179 179
fre 2124 6492 74 179 179
zabor 2160 6480 26 0 8
fre 2164 6492 67 179 179
fre 2156 6468 74 179 179
fre 2172 6492 67 179 179
fre 2180 6492 67 179 179
fre 2212 6492 67 179 179
fre 2244 6468 74 179 179
fre 2252 6468 67 179 179
fre 2268 6484 67 179 179
fre 2292 6476 74 179 179
fre 2276 6468 74 179 179
fre 2276 6484 74 179 179
fre 2308 6492 67 179 179
tree 2360 6472 83 0 179
stand 2488 6472 318 0 179
stand 2616 6472 316 0 179
fre 2700 6476 194 179 179
fre 2780 6484 268 179 179
fre 2844 6468 82 179 179
fre 2820 6468 194 179 179
tree 3096 6488 34 0 179
tree 3160 6488 40 0 179
stand 3144 6488 405 0 179
fre 3204 6484 194 179 179
stand 3224 6488 43 0 179
trop 3292 6476 139 179 179
zabor 3344 6480 29 0 8
zabor 3376 6480 25 0 8
zabor 3408 6480 27 0 8
zabor 3440 6480 24 0 8
zabor 3472 6480 24 0 8
zabor 3504 6480 24 0 8
zabor 3536 6480 29 0 8
zabor 3568 6480 24 0 8
zabor 3600 6480 26 0 8
zabor 3632 6480 28 0 8
zabor 3664 6480 30 0 8
zabor 3696 6480 26 0 8
zabor 3728 6480 28 0 8
zabor 3760 6480 25 0 8
zabor 3792 6480 30 0 8
zabor 3824 6480 28 0 8
zabor 3856 6480 30 0 8
zabor 3888 6480 31 0 8
zabor 3920 6480 30 0 8
zabor 3952 6480 31 0 8
zabor 3984 6480 29 0 8
zabor 4016 6480 25 0 8
zabor 4048 6480 27 0 8
zabor 4080 6480 31 0 8
zabor 4112 6480 30 0 8
zabor 4144 6480 24 0 8
zabor 4176 6480 31 0 8
zabor 4208 6480 27 0 8
zabor 4240 6480 29 0 8
zabor 4272 6480 24 0 8
zabor 4304 6480 25 0 8
fre 4364 6484 268 179 179
tree 4552 6488 76 0 179
fre 4628 6484 268 179 179
tree 4680 6472 33 0 179
fre 4684 6468 196 179 179
fre 4700 6492 272 179 179
tree 4712 6472 45 0 179
fre 4780 6476 194 179 179
fre 4916 6492 194 179 179
fre 4900 6492 73 179 179
stand 4984 6472 318 0 179
stand 5000 6488 317 0 179
tree 5016 6488 45 0 179
fre 5076 6484 58 179 179
fre 5076 6492 268 179 179
fre 5108 6492 271 179 179
fre 5228 6476 76 179 179
tree 5320 6472 87 0 179
fre 5348 6476 67 179 179
tree 5416 6488 79 0 179
fre 5500 6484 2 179 179
tree 5560 6472 87 0 179
tree 6376 6472 44 0 179
fre 6580 6492 194 179 179
tree 6616 6488 79 0 179
tree 6664 6488 79 0 179
tree 6776 6472 40 0 179
tree 6840 6472 44 0 179
fre 6988 6476 196 179 179
fre 7132 6492 67 179 179
fre 7124 6476 74 179 179
fre 7148 6492 74 179 179
fre 7140 6484 76 179 179
fre 7180 6476 76 179 179
fre 7212 6468 67 179 179
zabor 7248 6480 26 0 8
stand 7288 6472 318 0 179
stand 7416 6472 316 0 179
fre 7500 6476 194 179 179
fre 7580 6484 268 179 179
fre 7644 6468 82 179 179
fre 7620 6468 194 179 179
tree 7896 6488 34 0 179
tree 7960 6488 40 0 179
stand 7944 6488 405 0 179
fre 8004 6484 194 179 179
stand 8024 6488 43 0 179
zabor 1520 6512 31 0 8
fre 1508 6524 77 179 179
fre 1532 6524 74 179 179
fre 1540 6524 74 179 179
fre 1548 6516 74 179 179
fre 1588 6508 66 179 179
fre 1620 6500 74 179 179
fre 1636 6524 67 179 179
fre 1668 6516 8 179 179
fre 1700 6524 66 179 179
tree 1720 6504 43 0 179
fre 1716 6516 74 179 179
fre 1748 6524 66 179 179
fre 1924 6524 74 179 179
fre 1924 6508 74 179 179
fre 2004 6524 74 179 179
fre 2004 6500 74 179 179
fre 2012 6500 74 179 179
fre 2020 6508 74 179 179
fre 2020 6516 74 179 179
fre 2068 6508 47 179 179
fre 2140 6516 67 179 179
zabor 2160 6512 28 0 8
fre 2148 6508 67 179 179
fre 2204 6524 74 179 179
fre 2180 6524 67 179 179
fre 2228 6524 76 179 179
fre 2244 6500 74 179 179
fre 2324 6516 67 179 179
fre 2324 6524 67 179 179
fre 2316 6516 74 179 179
trop 2420 6500 139 179 179
stand 2488 6520 316 0 179
stand 2552 6504 316 0 179
stand 2584 6504 316 0 179
tree 2744 6520 85 0 179
fre 3028 6516 194 179 179
fre 3236 6500 84 179 179
fre 3252 6508 72 179 179
zabor 3344 6512 31 0 8
tree 3400 6504 69 0 179
tree 3432 6504 68 0 179
tree 3464 6504 69 0 179
stand 3512 6520 398 0 179
stand 3496 6504 322 0 179
stand 3544 6504 322 0 179
stand 3560 6520 322 0 179
tree 3592 6504 68 0 179
stand 3672 6520 398 0 179
stand 3656 6520 322 0 179
stand 3688 6504 322 0 179
stand 3752 6520 322 0 179
tree 3768 6504 68 0 179
stand 3800 6520 322 0 179
stand 3832 6504 398 0 179
stand 3864 6520 321 0 179
tree 3880 6504 68 0 179
stand 3912 6520 322 0 179
stand 3944 6520 322 0 179
tree 3960 6504 68 0 179
stand 3992 6504 321 0 179
stand 4056 6520 322 0 179
tree 4104 6520 69 0 179
stand 4136 6520 321 0 179
tree 4136 6504 68 0 179
stand 4216 6504 322 0 179
tree 4200 6504 68 0 179
stand 4232 6520 398 0 179
tree 4280 6504 69 0 179
zabor 4304 6512 31 0 8
fre 4380 6508 271 179 179
fre 4396 6508 268 179 179
fre 4436 6524 194 179 179
fre 4460 6516 194 179 179
tree 4504 6504 85 0 179
tree 4520 6504 85 0 179
tree 4584 6504 42 0 179
tree 4696 6520 78 0 179
tree 4712 6504 45 0 179
tree 4728 6504 45 0 179
stand 4968 6504 317 0 179
tree 4968 6504 45 0 179
tree 5016 6520 45 0 179
stand 5032 6504 316 0 179
fre 5188 6524 267 179 179
fre 5220 6516 76 179 179
fre 5244 6516 67 179 179
fre 5228 6500 67 179 179
fre 5252 6516 74 179 179
fre 5292 6500 67 179 179
tree 5288 6520 77 0 179
fre 5316 6524 267 179 179
fre 5356 6500 67 179 179
fre 5372 6516 67 179 179
stand 5352 6504 288 0 179
fre 5556 6516 269 179 179
tree 5608 6520 77 0 179
tree 5656 6504 77 0 179
tree 5672 6504 77 0 179
tree 6008 6520 33 0 179
tree 6040 6520 87 0 179
fre 6108 6516 2 179 179
tree 6472 6504 80 0 179
fre 6580 6508 196 179 179
tree 6632 6504 40 0 179
tree 6680 6504 40 0 179
fre 6772 6500 194 179 179
fre 6892 6524 194 179 179
fre 6892 6500 194 179 179
tree 6952 6520 40 0 179
tree 6968 6504 79 0 179
tree 7048 6520 80 0 179
fre 7156 6508 74 179 179
fre 7148 6524 74 179 179
fre 7172 6516 76 179 179
fre 7172 6524 267 179 179
fre 7188 6524 67 179 179
fre 7180 6500 74 179 179
fre 7228 6516 67 179 179
fre 7212 6500 67 179 179
fre 7244 6500 67 179 179
fre 7236 6516 74 179 179
zabor 7248 6512 30 0 8
stand 7288 6520 316 0 179
stand 7352 6504 316 0 179
stand 7384 6504 316 0 179
tree 7544 6520 85 0 179
fre 7828 6516 194 179 179
fre 8036 6500 84 179 179
fre 8052 6508 72 179 179
zabor 1520 6544 30 0 8
fre 1540 6548 66 179 179
fre 1564 6532 66 179 179
fre 1540 6540 74 179 179
fre 1556 6532 74 179 179
fre 1556 6548 74 179 179
fre 1580 6540 67 179 179
fre 1588 6532 127 179 179
fre 1644 6556 8 179 179
fre 1668 6556 67 179 179
stand 1672 6552 405 0 179
fre 1716 6556 8 179 179
fre 1716 6540 74 179 179
fre 1740 6556 66 179 179
fre 1756 6556 74 179 179
fre 1788 6548 8 179 179
fre 1860 6556 74 179 179
tree 1896 6536 85 0 179
fre 1964 6548 47 179 179
fre 1964 6532 204 179 179
fre 2060 6556 203 179 179
fre 2132 6532 47 179 179
fre 2124 6532 204 179 179
zabor 2160 6544 25 0 8
fre 2204 6556 67 179 179
fre 2220 6556 74 179 179
fre 2252 6540 76 179 179
fre 2292 6548 67 179 179
fre 2292 6556 67 179 179
fre 2364 6556 67 179 179
stand 2488 6552 318 0 179
stand 2536 6536 318 0 179
tree 2536 6552 45 0 179
fre 2580 6532 58 179 179
tree 2696 6536 85 0 179
fre 2692 6540 194 179 179
tree 2744 6536 85 0 179
tree 2792 6536 85 0 179
fre 2860 6548 194 179 179
tree 2968 6552 75 0 179
fre 2948 6540 268 179 179
fre 2980 6548 196 179 179
tree 3016 6552 35 0 179
fre 3012 6532 272 179 179
fre 3084 6556 196 179 179
fre 3092 6540 268 179 179
tree 3128 6552 75 0 179
fre 3116 6556 272 179 179
fre 3252 6540 72 179 179
stand 3400 6536 322 0 179
stand 3448 6536 322 0 179
tree 3480 6552 68 0 179
tree 3512 6552 68 0 179
fre 3500 6548 63 179 179
stand 3560 6552 321 0 179
stand 3608 6536 322 0 179
stand 3640 6536 321 0 179
tree 3656 6552 68 0 179
tree 3704 6552 69 0 179
stand 3720 6536 322 0 179
tree 3784 6536 69 0 179
tree 3832 6536 68 0 179
stand 3864 6536 398 0 179
tree 3992 6536 69 0 179
stand 4024 6536 322 0 179
stand 4056 6552 321 0 179
stand 4120 6552 398 0 179
fre 4140 6532 14 179 179
stand 4168 6552 322 0 179
stand 4216 6536 321 0 179
stand 4248 6536 321 0 179
fre 4244 6532 14 179 179
zabor 4304 6544 31 0 8
fre 4380 6532 268 179 179
stand 4408 6552 316 0 179
fre 4580 6532 268 179 179
tree 4680 6552 85 0 179
tree 4712 6552 85 0 179
tree 4920 6552 40 0 179
fre 4948 6540 73 179 179
stand 4968 6536 318 0 179
stand 5048 6552 316 0 179
fre 5116 6556 67 179 179
fre 5108 6556 76 179 179
fre 5156 6556 67 179 179
fre 5228 6556 74 179 179
fre 5236 6540 74 179 179
fre 5220 6532 74 179 179
fre 5268 6556 67 179 179
fre 5260 6532 74 179 179
fre 5284 6556 67 179 179
tree 5288 6536 87 0 179
fre 5348 6532 74 179 179
fre 5404 6540 2 179 179
fre 5532 6540 2 179 179
fre 5700 6548 269 179 179
tree 5800 6536 79 0 179
fre 5876 6532 269 179 179
fre 5876 6548 2 179 179
tree 5976 6536 79 0 179
tree 5960 6536 79 0 179
fre 6060 6532 269 179 179
fre 6172 6540 2 179 179
tree 6296 6536 79 0 179
tree 6424 6536 76 0 179
tree 6536 6552 80 0 179
dom 6592 6528 272 0 179
tree 6696 6536 40 0 179
tree 6712 6536 40 0 179
fre 6812 6532 194 179 179
fre 6892 6532 194 179 179
tree 7000 6552 40 0 179
tree 7000 6536 40 0 179
tree 7064 6552 44 0 179
fre 7100 6556 67 179 179
fre 7092 6556 76 179 179
fre 7140 6556 67 179 179
fre 7164 6548 67 179 179
fre 7180 6556 74 179 179
fre 7172 6556 267 179 179
fre 7220 6556 67 179 179
fre 7212 6532 74 179 179
fre 7220 6540 74 179 179
fre 7204 6532 74 179 179
fre 7228 6548 67 179 179
fre 7252 6556 76 179 179
fre 7236 6548 74 179 179
zabor 7248 6544 29 0 8
stand 7288 6552 318 0 179
stand 7336 6536 318 0 179
tree 7336 6552 45 0 179
fre 7380 6532 58 179 179
tree 7496 6536 85 0 179
fre 7492 6540 194 179 179
tree 7544 6536 85 0 179
tree 7592 6536 85 0 179
fre 7660 6548 194 179 179
tree 7768 6552 75 0 179
fre 7748 6540 268 179 179
fre 7780 6548 196 179 179
tree 7816 6552 35 0 179
fre 7812 6532 272 179 179
fre 7884 6556 196 179 179
fre 7892 6540 268 179 179
tree 7928 6552 75 0 179
fre 7916 6556 272 179 179
fre 8052 6540 72 179 179
trop 1468 6572 139 179 179
zabor 1520 6576 26 0 8
fre 1540 6588 66 179 179
stand 1560 6568 361 0 179
fre 1572 6588 66 179 179
fre 1588 6572 67 179 179
fre 1628 6580 8 179 179
fre 1644 6580 67 179 179
fre 1676 6588 66 179 179
fre 1692 6588 67 179 179
stand 1688 6568 402 0 179
stand 1704 6584 288 0 179
fre 1724 6588 66 179 179
stand 1752 6584 405 0 179
fre 1732 6588 74 179 179
fre 1788 6580 74 179 179
fre 1780 6580 74 179 179
fre 1772 6580 74 179 179
fre 1820 6564 74 179 179
fre 1844 6572 74 179 179
fre 1876 6588 66 179 179
tree 1880 6568 85 0 179
fre 1972 6580 204 179 179
fre 2004 6572 47 179 179
fre 2004 6588 72 179 179
trop 2076 6564 92 179 179
fre 2108 6572 72 179 179
zabor 2160 6576 25 0 8
fre 2188 6588 74 179 179
fre 2228 6572 74 179 179
fre 2220 6572 76 179 179
fre 2244 6580 76 179 179
fre 2316 6564 67 179 179
fre 2340 6572 67 179 179
fre 2396 6588 74 179 179
stand 2472 6584 316 0 179
tree 2488 6568 45 0 179
tree 2584 6568 45 0 179
stand 2648 6568 316 0 179
tree 2760 6568 41 0 179
tree 2936 6584 85 0 179
tree 3000 6584 75 0 179
tree 3048 6584 45 0 179
tree 3176 6568 35 0 179
fre 3244 6588 72 179 179
tree 3352 6584 69 0 179
tree 3352 6568 69 0 179
stand 3384 6584 321 0 179
stand 3416 6568 398 0 179
stand 3432 6584 322 0 179
fre 3452 6572 14 179 179
stand 3512 6568 404 0 179
stand 3576 6568 321 0 179
tree 3560 6568 68 0 179
stand 3608 6568 321 0 179
tree 3592 6584 68 0 179
fre 3644 6580 63 179 179
tree 3688 6568 69 0 179
stand 3752 6568 322 0 179
fre 3788 6580 14 179 179
stand 3832 6568 398 0 179
stand 3832 6584 321 0 179
stand 3816 6568 321 0 179
stand 3864 6584 322 0 179
stand 3896 6568 322 0 179
tree 3912 6568 68 0 179
stand 3960 6568 322 0 179
tree 3944 6584 68 0 179
tree 3976 6584 69 0 179
tree 4024 6584 69 0 179
tree 4104 6568 69 0 179
stand 4168 6568 322 0 179
fre 4196 6572 14 179 179
tree 4200 6584 69 0 179
tree 4216 6584 69 0 179
tree 4280 6584 69 0 179
zabor 4304 6576 25 0 8
fre 4364 6564 194 179 179
fre 4596 6572 194 179 179
fre 4668 6588 194 179 179
fre 4796 6580 194 179 179
fre 4812 6580 272 179 179
tree 4872 6568 35 0 179
stand 4984 6584 316 0 179
stand 5016 6584 318 0 179
fre 5084 6572 58 179 179
fre 5092 6572 67 179 179
fre 5148 6588 74 179 179
fre 5244 6580 67 179 179
fre 5268 6580 67 179 179
fre 5268 6588 67 179 179
fre 5332 6588 76 179 179
fre 5332 6580 2 179 179
fre 5476 6572 2 179 179
fre 5628 6588 2 179 179
tree 5736 6584 77 0 179
stand 5928 6568 289 0 179
stand 6008 6584 289 0 179
tree 6040 6568 77 0 179
tree 6024 6568 77 0 179
fre 6052 6572 269 179 179
fre 6108 6572 2 179 179
fre 6236 6564 2 179 179
tree 6456 6584 40 0 179
tree 6472 6584 40 0 179
tree 6472 6568 76 0 179
tree 6552 6584 87 0 179
fre 6620 6564 194 179 179
fre 6716 6580 267 179 179
fre 6756 6572 197 179 179
fre 6764 6572 194 179 179
fre 6852 6564 197 179 179
fre 6908 6580 267 179 179
fre 6940 6572 194 179 179
fre 6948 6564 197 179 179
fre 7020 6588 194 179 179
fre 7076 6572 67 179 179
fre 7132 6588 74 179 179
fre 7108 6588 267 179 179
fre 7164 6580 67 179 179
fre 7148 6564 67 179 179
fre 7196 6580 67 179 179
fre 7172 6580 74 179 179
fre 7204 6588 267 179 179
fre 7204 6564 74 179 179
fre 7244 6564 67 179 179
fre 7260 6580 67 179 179
fre 7252 6580 67 179 179
fre 7252 6588 67 179 179
zabor 7248 6576 28 0 8
fre 7284 6588 76 179 179
fre 7268 6580 74 179 179
fre 7276 6580 74 179 179
stand 7272 6584 316 0 179
tree 7288 6568 45 0 179
tree 7384 6568 45 0 179
stand 7448 6568 316 0 179
tree 7560 6568 41 0 179
tree 7736 6584 85 0 179
tree 7800 6584 75 0 179
tree 7848 6584 45 0 179
tree 7976 6568 35 0 179
fre 8044 6588 72 179 179
fre 1332 6612 278 179 179
zabor 1520 6608 28 0 8
tree 1544 6600 83 0 179
tree 1576 6600 58 0 179
fre 1596 6604 74 179 179
fre 1588 6612 74 179 179
fre 1620 6620 66 179 179
fre 1604 6604 66 179 179
fre 1628 6612 74 179 179
fre 1724 6604 67 179 179
fre 1700 6604 8 179 179
fre 1756 6596 74 179 179
fre 1740 6604 74 179 179
fre 1772 6620 66 179 179
fre 1780 6612 74 179 179
fre 1764 6604 74 179 179
fre 1772 6596 74 179 179
fre 1812 6612 66 179 179
fre 1804 6620 66 179 179
fre 1812 6620 66 179 179
fre 1812 6596 66 179 179
fre 1820 6604 67 179 179
fre 1820 6612 8 179 179
fre 1820 6620 74 179 179
fre 1860 6596 66 179 179
fre 1948 6604 47 179 179
stand 2008 6600 405 0 179
stand 2024 6600 405 0 179
fre 2124 6604 204 179 179
zabor 2160 6608 26 0 8
fre 2196 6604 74 179 179
fre 2212 6620 267 179 179
fre 2212 6612 76 179 179
fre 2268 6612 67 179 179
fre 2252 6596 67 179 179
fre 2252 6620 74 179 179
fre 2276 6612 74 179 179
fre 2292 6620 67 179 179
fre 2284 6596 74 179 179
fre 2396 6620 67 179 179
stand 2488 6616 318 0 179
fre 2556 6604 58 179 179
tree 2680 6600 85 0 179
fre 2732 6612 194 179 179
fre 2932 6620 194 179 179
tree 2968 6600 45 0 179
tree 2984 6616 45 0 179
tree 3032 6616 42 0 179
tree 3176 6600 40 0 179
tree 3208 6600 40 0 179
fre 3252 6612 72 179 179
fre 3412 6620 15 179 179
stand 3448 6600 321 0 179
stand 3480 6600 322 0 179
stand 3496 6616 321 0 179
stand 3528 6600 322 0 179
tree 3544 6616 68 0 179
stand 3592 6616 398 0 179
tree 3592 6616 69 0 179
tree 3640 6600 69 0 179
stand 3688 6616 322 0 179
fre 3700 6620 14 179 179
stand 3768 6616 398 0 179
tree 3768 6600 69 0 179
stand 3864 6600 321 0 179
tree 3880 6600 69 0 179
stand 3960 6616 398 0 179
tree 3976 6600 69 0 179
tree 4008 6616 68 0 179
stand 4072 6616 321 0 179
stand 4088 6616 322 0 179
stand 4136 6600 322 0 179
tree 4184 6616 69 0 179
tree 4248 6600 69 0 179
zabor 4304 6608 29 0 8
fre 4508 6596 194 179 179
fre 4524 6612 194 179 179
fre 4628 6620 272 179 179
fre 4764 6612 268 179 179
fre 4860 6596 196 179 179
stand 4856 6616 405 0 179
fre 4908 6620 268 179 179
stand 4968 6600 317 0 179
tree 5048 6616 45 0 179
stand 5064 6616 316 0 179
fre 5148 6620 67 179 179
fre 5164 6620 74 179 179
fre 5196 6604 76 179 179
tree 5432 6600 87 0 179
fre 5692 6596 2 179 179
fre 5788 6620 269 179 179
fre 5876 6604 2 179 179
fre 5924 6612 2 179 179
fre 5988 6612 2 179 179
stand 6024 6600 289 0 179
fre 6060 6620 2 179 179
tree 6424 6616 79 0 179
tree 6440 6616 44 0 179
tree 6520 6616 87 0 179
tree 6568 6616 87 0 179
fre 6692 6604 197 179 179
fre 6700 6604 194 179 179
fre 7036 6620 67 179 179
fre 7028 6620 76 179 179
fre 7076 6620 67 179 179
fre 7132 6620 67 179 179
fre 7132 6612 67 179 179
fre 7116 6596 67 179 179
fre 7148 6620 74 179 179
fre 7156 6604 74 179 179
fre 7140 6596 74 179 179
fre 7140 6612 74 179 179
fre 7180 6604 76 179 179
fre 7236 6596 74 179 179
fre 7252 6612 67 179 179
fre 7252 6620 67 179 179
zabor 7248 6608 29 0 8
stand 7288 6616 318 0 179
fre 7308 6612 74 179 179
fre 7324 6620 67 179 179
fre 7356 6604 58 179 179
tree 7480 6600 85 0 179
fre 7532 6612 194 179 179
fre 7732 6620 194 179 179
tree 7768 6600 45 0 179
tree 7784 6616 45 0 179
tree 7832 6616 42 0 179
tree 7976 6600 40 0 179
tree 8008 6600 40 0 179
fre 8052 6612 72 179 179
fre 212 6644 278 179 179
fre 340 6644 278 179 179
fre 468 6644 278 179 179
fre 756 6644 278 179 179
fre 884 6644 278 179 179
fre 1012 6644 278 179 179
zabor 1520 6640 30 0 8
tree 1544 6632 83 0 179
fre 1660 6636 8 179 179
fre 1708 6636 66 179 179
fre 1700 6644 67 179 179
fre 1700 6652 67 179 179
stand 1736 6648 288 0 179
fre 1740 6644 66 179 179
fre 1756 6636 66 179 179
fre 1772 6644 8 179 179
stand 1864 6648 288 0 179
fre 1868 6636 66 179 179
stand 1944 6648 405 0 179
fre 1980 6644 47 179 179
fre 1996 6636 82 179 179
fre 2060 6628 55 179 179
fre 2060 6652 203 179 179
fre 2084 6644 47 179 179
fre 2140 6652 67 179 179
fre 2132 6652 76 179 179
fre 2124 6636 47 179 179
zabor 2160 6640 31 0 8
fre 2180 6652 67 179 179
fre 2220 6652 74 179 179
fre 2260 6636 74 179 179
fre 2244 6628 74 179 179
fre 2268 6644 67 179 179
fre 2260 6652 67 179 179
fre 2252 6628 74 179 179
fre 2276 6652 267 179 179
fre 2316 6628 67 179 179
fre 2332 6644 67 179 179
fre 2356 6652 76 179 179
fre 2340 6644 74 179 179
tree 2552 6648 45 0 179
stand 2568 6648 316 0 179
tree 3160 6648 81 0 179
fre 3252 6644 72 179 179
fre 3244 6644 72 179 179
trop 3292 6636 139 179 179
stand 3352 6632 322 0 179
tree 3384 6648 69 0 179
stand 3448 6648 404 0 179
stand 3432 6648 322 0 179
tree 3448 6632 68 0 179
tree 3464 6632 68 0 179
stand 3528 6648 322 0 179
tree 3592 6648 68 0 179
stand 3624 6648 322 0 179
tree 3640 6632 68 0 179
stand 3736 6648 322 0 179
stand 3768 6648 404 0 179
stand 3800 6648 322 0 179
tree 3784 6648 69 0 179
fre 3796 6628 63 179 179
stand 3816 6632 322 0 179
tree 3848 6648 69 0 179
fre 3860 6636 63 179 179
fre 3932 6636 14 179 179
tree 3928 6648 69 0 179
tree 3912 6648 69 0 179
stand 3944 6648 398 0 179
stand 3976 6648 322 0 179
stand 4024 6632 321 0 179
stand 4040 6648 322 0 179
stand 4136 6648 321 0 179
fre 4244 6644 15 179 179
tree 4232 6648 69 0 179
tree 4248 6648 69 0 179
stand 4280 6648 322 0 179
zabor 4304 6640 24 0 8
fre 4356 6644 194 179 179
tree 4408 6648 35 0 179
tree 4392 6632 85 0 179
fre 4548 6644 268 179 179
dom 4576 6624 308 0 179
tree 4616 6632 35 0 179
fre 4668 6628 268 179 179
fre 4756 6644 194 179 179
tree 4856 6632 79 0 179
tree 4888 6632 81 0 179
tree 4888 6648 40 0 179
tree 4904 6648 40 0 179
tree 4920 6632 45 0 179
stand 5032 6632 316 0 179
fre 5172 6636 74 179 179
fre 5188 6644 76 179 179
fre 5260 6628 67 179 179
tree 5432 6648 79 0 179
fre 5556 6644 196 179 179
tree 5592 6648 87 0 179
fre 5772 6628 2 179 179
fre 5852 6636 2 179 179
fre 6212 6628 269 179 179
fre 6292 6652 2 179 179
fre 6660 6628 194 179 179
fre 6868 6652 272 179 179
stand 6872 6648 385 0 179
stand 6888 6648 380 0 179
fre 6964 6628 197 179 179
fre 7004 6652 67 179 179
fre 6996 6652 76 179 179
fre 7012 6636 67 179 179
fre 7020 6628 197 179 179
fre 7068 6652 74 179 179
fre 7044 6652 67 179 179
fre 7124 6636 74 179 179
fre 7108 6628 74 179 179
fre 7156 6636 74 179 179
fre 7172 6644 76 179 179
fre 7188 6644 67 179 179
fre 7188 6652 67 179 179
fre 7180 6636 76 179 179
fre 7244 6628 67 179 179
zabor 7248 6640 31 0 8
fre 7284 6644 67 179 179
fre 7284 6652 67 179 179
fre 7300 6636 67 179 179
fre 7356 6652 67 179 179
tree 7352 6648 45 0 179
stand 7368 6648 316 0 179
tree 7960 6648 81 0 179
fre 8052 6644 72 179 179
fre 8044 6644 72 179 179
fre 628 6676 278 179 179
fre 1172 6676 278 179 179
zabor 1520 6672 31 0 8
tree 1544 6664 41 0 179
fre 1628 6684 66 179 179
fre 1612 6684 8 179 179
fre 1620 6684 8 179 179
fre 1676 6676 66 179 179
fre 1684 6668 66 179 179
fre 1684 6676 8 179 179
fre 1724 6676 66 179 179
fre 1724 6684 67 179 179
fre 1724 6660 67 179 179
stand 1736 6664 287 0 179
fre 1740 6676 66 179 179
fre 1748 6684 67 179 179
fre 1740 6668 8 179 179
fre 1772 6684 67 179 179
fre 1772 6668 74 179 179
fre 1804 6668 66 179 179
fre 1796 6660 66 179 179
fre 1804 6676 66 179 179
fre 1812 6660 74 179 179
fre 1836 6668 66 179 179
fre 1828 6676 66 179 179
fre 1836 6660 74 179 179
fre 1876 6676 67 179 179
tree 1976 6664 12 0 179
fre 1964 6668 204 179 179
tree 1992 6680 12 0 179
fre 2116 6668 67 179 179
fre 2140 6668 204 179 179
zabor 2160 6672 29 0 8
fre 2172 6684 74 179 179
fre 2236 6676 67 179 179
fre 2292 6676 67 179 179
fre 2292 6684 67 179 179
fre 2300 6684 74 179 179
fre 2308 6660 74 179 179
fre 2324 6684 76 179 179
fre 2316 6660 67 179 179
fre 2356 6660 67 179 179
fre 2380 6676 74 179 179
trop 2420 6684 139 179 179
stand 2488 6664 316 0 179
tree 2504 6664 45 0 179
stand 2552 6664 316 0 179
fre 2588 6668 58 179 179
tree 2680 6664 81 0 179
tree 2728 6664 41 0 179
fre 2804 6668 196 179 179
tree 2840 6664 34 0 179
tree 2904 6664 85 0 179
tree 2936 6680 42 0 179
fre 3004 6676 268 179 179
fre 3012 6684 268 179 179
fre 3132 6684 268 179 179
fre 3156 6676 268 179 179
tree 3352 6680 69 0 179
stand 3368 6680 322 0 179
stand 3448 6664 321 0 179
tree 3448 6664 69 0 179
stand 3448 6680 124 0 179
stand 3512 6680 398 0 179
tree 3496 6680 69 0 179
stand 3560 6680 322 0 179
stand 3592 6680 321 0 179
tree 3640 6680 68 0 179
tree 3688 6664 69 0 179
stand 3736 6680 322 0 179
fre 3732 6660 14 179 179
stand 3816 6680 321 0 179
stand 3832 6664 124 0 179
stand 3896 6680 404 0 179
tree 3896 6664 69 0 179
stand 3960 6664 398 0 179
stand 3944 6680 322 0 179
fre 3940 6668 14 179 179
stand 3976 6680 322 0 179
stand 4024 6680 398 0 179
fre 4108 6676 15 179 179
fre 4124 6668 15 179 179
tree 4120 6664 68 0 179
tree 4120 6680 68 0 179
stand 4152 6664 322 0 179
stand 4200 6680 398 0 179
stand 4216 6680 322 0 179
stand 4248 6680 398 0 179
zabor 4304 6672 30 0 8
fre 4404 6676 196 179 179
fre 4412 6660 272 179 179
tree 4488 6680 42 0 179
fre 4772 6668 85 179 179
fre 4804 6668 268 179 179
tree 4840 6664 45 0 179
tree 4872 6664 40 0 179
tree 4904 6664 40 0 179
fre 4940 6668 73 179 179
fre 4932 6660 73 179 179
stand 4968 6664 317 0 179
stand 4968 6680 318 0 179
stand 5000 6680 317 0 179
stand 5064 6680 316 0 179
tree 5112 6680 45 0 179
fre 5196 6684 74 179 179
fre 5236 6684 67 179 179
fre 5228 6660 74 179 179
fre 5300 6676 269 179 179
fre 5348 6660 2 179 179
tree 5528 6680 79 0 179
tree 5576 6680 18 0 179
fre 5868 6668 2 179 179
dom 6176 6656 308 0 179
tree 6216 6680 34 0 179
fre 6404 6676 194 179 179
fre 6452 6668 194 179 179
fre 6492 6676 194 179 179
tree 6536 6664 40 0 179
tree 6552 6664 40 0 179
fre 6620 6668 197 179 179
fre 6620 6676 194 179 179
stand 6808 6680 385 0 179
stand 6840 6680 386 0 179
stand 6904 6664 386 0 179
stand 6952 6680 386 0 179
fre 6980 6668 67 179 179
fre 7036 6684 74 179 179
fre 7068 6684 67 179 179
fre 7084 6684 74 179 179
fre 7116 6668 76 179 179
fre 7156 6676 67 179 179
fre 7156 6684 67 179 179
fre 7180 6684 74 179 179
fre 7172 6676 76 179 179
fre 7212 6668 76 179 179
fre 7220 6684 67 179 179
fre 7212 6660 74 179 179
fre 7244 6660 67 179 179
zabor 7248 6672 26 0 8
fre 7268 6684 267 179 179
stand 7288 6664 316 0 179
fre 7308 6660 67 179 179
fre 7324 6676 67 179 179
tree 7304 6664 45 0 179
fre 7332 6668 67 179 179
stand 7352 6664 316 0 179
fre 7388 6668 58 179 179
tree 7480 6664 81 0 179
tree 7528 6664 41 0 179
fre 7604 6668 196 179 179
tree 7640 6664 34 0 179
tree 7704 6664 85 0 179
tree 7736 6680 42 0 179
fre 7804 6676 268 179 179
fre 7812 6684 268 179 179
fre 7932 6684 268 179 179
fre 7956 6676 268 179 179
zabor 1520 6704 25 0 8
fre 1564 6692 8 179 179
tree 1544 6712 76 0 179
tree 1608 6696 78 0 179
fre 1684 6692 8 179 179
fre 1700 6692 67 179 179
fre 1748 6708 66 179 179
fre 1732 6700 67 179 179
fre 1740 6708 8 179 179
fre 1788 6692 66 179 179
fre 1780 6700 67 179 179
fre 1780 6692 8 179 179
fre 1804 6716 66 179 179
fre 1820 6700 74 179 179
stand 1832 6712 402 0 179
fre 1868 6692 67 179 179
tree 1864 6712 41 0 179
tree 1896 6696 85 0 179
stand 1960 6712 405 0 179
stand 2008 6696 402 0 179
fre 2052 6708 203 179 179
trop 2084 6692 92 179 179
fre 2124 6700 47 179 179
zabor 2160 6704 25 0 8
fre 2172 6716 67 179 179
fre 2188 6716 74 179 179
fre 2220 6700 76 179 179
fre 2228 6700 74 179 179
fre 2212 6716 267 179 179
fre 2252 6692 67 179 179
fre 2268 6708 67 179 179
fre 2276 6708 74 179 179
fre 2308 6716 67 179 179
fre 2356 6708 67 179 179
fre 2356 6716 67 179 179
tree 2360 6696 83 0 179
fre 2428 6716 67 179 179
tree 2520 6712 45 0 179
stand 2648 6712 316 0 179
tree 2648 6712 45 0 179
tree 2712 6696 41 0 179
tree 2728 6696 41 0 179
tree 2840 6712 33 0 179
tree 2888 6712 34 0 179
fre 3036 6716 194 179 179
fre 3028 6708 194 179 179
fre 3092 6692 194 179 179
fre 3132 6716 268 179 179
fre 3156 6692 268 179 179
fre 3196 6716 194 179 179
fre 3236 6716 268 179 179
tree 3352 6712 69 0 179
stand 3368 6712 398 0 179
stand 3416 6696 321 0 179
stand 3432 6712 322 0 179
stand 3560 6712 398 0 179
stand 3560 6696 322 0 179
tree 3624 6696 68 0 179
stand 3672 6696 322 0 179
tree 3656 6696 69 0 179
stand 3704 6696 404 0 179
stand 3752 6696 321 0 179
tree 3784 6712 69 0 179
stand 3832 6712 398 0 179
stand 3848 6712 321 0 179
stand 3864 6712 322 0 179
stand 3960 6696 404 0 179
stand 3992 6696 404 0 179
tree 4024 6712 69 0 179
stand 4088 6696 322 0 179
fre 4084 6708 14 179 179
tree 4152 6712 68 0 179
tree 4168 6712 69 0 179
stand 4248 6696 321 0 179
stand 4280 6696 322 0 179
zabor 4304 6704 26 0 8
fre 4380 6692 194 179 179
tree 4408 6712 75 0 179
fre 4436 6716 268 179 179
tree 4456 6696 76 0 179
fre 4572 6700 194 179 179
tree 4632 6696 76 0 179
tree 4664 6696 33 0 179
tree 4696 6696 35 0 179
tree 4744 6712 42 0 179
tree 4888 6712 85 0 179
tree 4872 6712 85 0 179
tree 4920 6696 45 0 179
fre 4948 6692 73 179 179
stand 4968 6696 316 0 179
tree 4984 6696 45 0 179
tree 5000 6696 45 0 179
fre 5068 6716 58 179 179
tree 5080 6696 45 0 179
fre 5212 6708 67 179 179
fre 5220 6716 267 179 179
fre 5260 6692 67 179 179
fre 5276 6708 67 179 179
fre 5300 6716 76 179 179
fre 5284 6708 74 179 179
fre 5308 6708 269 179 179
stand 5288 6712 288 0 179
fre 5388 6708 2 179 179
tree 5464 6712 87 0 179
tree 5496 6712 87 0 179
fre 5548 6692 269 179 179
fre 5604 6700 196 179 179
fre 5636 6692 269 179 179
tree 5720 6696 18 0 179
tree 5752 6712 87 0 179
fre 6436 6700 269 179 179
fre 6484 6708 194 179 179
fre 6524 6716 194 179 179
fre 6588 6700 194 179 179
fre 6644 6708 197 179 179
stand 6776 6696 384 0 179
tree 6824 6696 87 0 179
tree 6840 6696 34 0 179
stand 6888 6696 381 0 179
stand 6888 6712 380 0 179
stand 6968 6712 386 0 179
fre 7036 6716 67 179 179
fre 7052 6716 74 179 179
fre 7068 6692 2 179 179
fre 7092 6700 74 179 179
fre 7084 6700 76 179 179
fre 7108 6708 76 179 179
fre 7196 6708 67 179 179
fre 7180 6692 67 179 179
fre 7180 6716 74 179 179
fre 7204 6708 76 179 179
fre 7204 6716 267 179 179
fre 7220 6716 67 179 179
fre 7212 6692 74 179 179
fre 7244 6692 67 179 179
fre 7260 6708 67 179 179
fre 7236 6716 67 179 179
zabor 7248 6704 27 0 8
fre 7276 6692 67 179 179
fre 7284 6716 76 179 179
fre 7268 6708 74 179 179
fre 7300 6716 267 179 179
fre 7300 6692 74 179 179
tree 7320 6712 45 0 179
fre 7340 6692 67 179 179
fre 7356 6708 67 179 179
stand 7448 6712 316 0 179
tree 7448 6712 45 0 179
tree 7512 6696 41 0 179
tree 7528 6696 41 0 179
tree 7640 6712 33 0 179
tree 7688 6712 34 0 179
fre 7836 6716 194 179 179
fre 7828 6708 194 179 179
fre 7892 6692 194 179 179
fre 7932 6716 268 179 179
fre 7956 6692 268 179 179
fre 7996 6716 194 179 179
fre 8036 6716 268 179 179
trop 1468 6748 139 179 179
zabor 1520 6736 26 0 8
fre 1692 6724 66 179 179
fre 1700 6748 74 179 179
fre 1740 6748 74 179 179
fre 1764 6724 66 179 179
fre 1780 6748 67 179 179
fre 1772 6740 8 179 179
stand 1784 6744 402 0 179
fre 1820 6724 8 179 179
fre 1820 6740 8 179 179
fre 1852 6748 66 179 179
fre 1844 6740 67 179 179
tree 1880 6728 41 0 179
fre 1940 6740 47 179 179
tree 1960 6728 14 0 179
fre 1980 6732 204 179 179
stand 1960 6744 402 0 179
tree 1992 6728 25 0 179
stand 2024 6728 301 0 179
fre 2052 6732 203 179 179
fre 2140 6724 204 179 179
zabor 2160 6736 30 0 8
fre 2196 6732 74 179 179
fre 2180 6748 67 179 179
fre 2212 6740 76 179 179
fre 2244 6724 74 179 179
fre 2284 6724 67 179 179
fre 2284 6732 76 179 179
fre 2316 6740 74 179 179
fre 2404 6732 67 179 179
stand 2472 6728 316 0 179
tree 2472 6744 45 0 179
stand 2504 6728 318 0 179
stand 2600 6744 316 0 179
stand 2696 6728 316 0 179
fre 2772 6740 194 179 179
tree 2952 6728 41 0 179
tree 2968 6744 42 0 179
fre 2948 6740 268 179 179
fre 3228 6732 84 179 179
fre 3228 6740 72 179 179
stand 3352 6744 322 0 179
stand 3400 6744 322 0 179
fre 3420 6748 15 179 179
stand 3432 6744 321 0 179
stand 3480 6728 322 0 179
tree 3496 6728 69 0 179
stand 3544 6728 322 0 179
tree 3528 6744 68 0 179
stand 3608 6744 321 0 179
fre 3612 6724 15 179 179
tree 3640 6744 69 0 179
stand 3672 6728 404 0 179
tree 3688 6744 69 0 179
tree 3752 6728 69 0 179
tree 3800 6744 68 0 179
stand 3832 6744 321 0 179
stand 3848 6728 398 0 179
stand 3864 6744 321 0 179
stand 3864 6728 322 0 179
tree 3928 6728 69 0 179
tree 3944 6728 69 0 179
tree 3992 6744 69 0 179
stand 4024 6744 321 0 179
stand 4072 6744 322 0 179
tree 4088 6744 69 0 179
tree 4120 6744 69 0 179
tree 4168 6744 69 0 179
tree 4200 6728 69 0 179
tree 4248 6728 69 0 179
stand 4280 6728 321 0 179
zabor 4304 6736 27 0 8
tree 4376 6744 85 0 179
tree 4456 6728 42 0 179
tree 4456 6744 42 0 179
tree 4488 6728 85 0 179
fre 4604 6748 194 179 179
tree 4648 6728 42 0 179
tree 4680 6744 42 0 179
fre 4796 6748 268 179 179
fre 4820 6732 194 179 179
tree 4920 6744 85 0 179
fre 4900 6740 268 179 179
fre 4940 6724 73 179 179
stand 4984 6728 318 0 179
stand 5112 6728 316 0 179
fre 5124 6748 267 179 179
fre 5180 6740 67 179 179
fre 5164 6724 67 179 179
fre 5188 6740 74 179 179
fre 5252 6724 74 179 179
fre 5324 6740 74 179 179
fre 5588 6740 269 179 179
fre 5612 6740 272 179 179
fre 5684 6740 269 179 179
tree 5672 6728 35 0 179
tree 5816 6728 87 0 179
fre 5876 6740 2 179 179
fre 5980 6748 196 179 179
tree 5960 6744 33 0 179
tree 6024 6728 87 0 179
tree 6024 6744 34 0 179
tree 6136 6728 87 0 179
tree 6152 6744 34 0 179
fre 6180 6732 272 179 179
fre 6188 6724 196 179 179
fre 6300 6732 269 179 179
fre 6340 6724 194 179 179
fre 6372 6748 197 179 179
fre 6420 6748 196 179 179
fre 6444 6748 197 179 179
fre 6484 6748 139 179 179
fre 6588 6748 197 179 179
fre 6644 6724 2 179 179
tree 6824 6744 87 0 179
stand 6872 6728 380 0 179
stand 6888 6728 381 0 179
fre 7060 6732 74 179 179
fre 7076 6740 76 179 179
fre 7116 6748 74 179 179
fre 7156 6748 67 179 179
fre 7148 6724 74 179 179
fre 7196 6740 67 179 179
fre 7212 6748 74 179 179
fre 7252 6748 67 179 179
fre 7244 6724 74 179 179
fre 7236 6724 74 179 179
zabor 7248 6736 26 0 8
fre 7268 6748 67 179 179
fre 7284 6748 76 179 179
stand 7272 6728 316 0 179
tree 7272 6744 45 0 179
fre 7308 6740 74 179 179
stand 7304 6728 318 0 179
fre 7332 6724 74 179 179
stand 7400 6744 316 0 179
stand 7496 6728 316 0 179
fre 7572 6740 194 179 179
tree 7752 6728 41 0 179
tree 7768 6744 42 0 179
fre 7748 6740 268 179 179
fre 8028 6732 84 179 179
fre 8028 6740 72 179 179
zabor 1520 6768 30 0 8
tree 1528 6776 83 0 179
fre 1596 6764 66 179 179
fre 1724 6764 66 179 179
fre 1716 6756 67 179 179
fre 1716 6764 8 179 179
fre 1756 6756 66 179 179
fre 1740 6780 8 179 179
stand 1736 6760 405 0 179
fre 1740 6772 74 179 179
fre 1772 6764 66 179 179
fre 1796 6780 66 179 179
fre 1812 6772 67 179 179
fre 1852 6772 66 179 179
fre 1916 6772 72 179 179
stand 1976 6776 405 0 179
fre 2012 6780 72 179 179
fre 2012 6764 72 179 179
fre 2020 6780 72 179 179
fre 2076 6764 47 179 179
fre 2124 6764 47 179 179
fre 2132 6780 204 179 179
stand 2136 6776 402 0 179
zabor 2160 6768 25 0 8
fre 2220 6780 74 179 179
fre 2260 6780 67 179 179
fre 2252 6756 74 179 179
fre 2276 6772 76 179 179
fre 2292 6772 67 179 179
fre 2292 6780 67 179 179
fre 2348 6756 67 179 179
fre 2364 6780 67 179 179
fre 2372 6780 267 179 179
fre 2412 6756 67 179 179
fre 2428 6772 67 179 179
stand 2488 6776 316 0 179
fre 2532 6780 58 179 179
fre 2596 6756 58 179 179
tree 2680 6776 85 0 179
fre 2892 6780 196 179 179
fre 3028 6764 268 179 179
stand 3384 6776 322 0 179
stand 3416 6760 398 0 179
tree 3448 6776 69 0 179
stand 3560 6776 398 0 179
tree 3560 6760 68 0 179
stand 3608 6760 322 0 179
stand 3640 6760 321 0 179
tree 3672 6776 69 0 179
stand 3720 6776 398 0 179
stand 3736 6776 321 0 179
tree 3752 6760 68 0 179
stand 3800 6776 321 0 179
tree 3848 6760 69 0 179
stand 3928 6760 404 0 179
stand 3912 6760 321 0 179
tree 3912 6776 69 0 179
tree 4056 6776 69 0 179
tree 4136 6776 68 0 179
stand 4184 6760 404 0 179
tree 4184 6776 68 0 179
stand 4248 6776 322 0 179
zabor 4304 6768 31 0 8
stand 4424 6776 316 0 179
fre 4460 6764 268 179 179
fre 4484 6764 268 179 179
fre 4548 6780 268 179 179
fre 4572 6772 268 179 179
fre 4604 6756 194 179 179
tree 4696 6760 42 0 179
tree 4680 6760 42 0 179
fre 4860 6756 194 179 179
fre 4956 6780 72 179 179
fre 4948 6764 72 179 179
stand 4984 6776 316 0 179
fre 5052 6780 67 179 179
fre 5044 6780 76 179 179
stand 5048 6760 316 0 179
stand 5080 6760 316 0 179
fre 5092 6780 67 179 179
fre 5172 6764 74 179 179
fre 5156 6756 74 179 179
fre 5300 6772 67 179 179
fre 5300 6780 67 179 179
fre 5372 6780 67 179 179
fre 5420 6780 2 179 179
tree 5560 6776 34 0 179
tree 5624 6776 35 0 179
fre 5644 6764 196 179 179
tree 5784 6776 34 0 179
fre 6020 6756 196 179 179
fre 6052 6780 269 179 179
fre 6092 6756 196 179 179
tree 6168 6776 34 0 179
tree 6168 6760 34 0 179
tree 6152 6760 34 0 179
tree 6360 6776 87 0 179
fre 6676 6772 2 179 179
tree 6760 6776 87 0 179
fre 6812 6764 272 179 179
tree 7000 6776 77 0 179
tree 6984 6776 77 0 179
tree 6984 6760 77 0 179
fre 7084 6780 74 179 179
fre 7132 6772 67 179 179
fre 7124 6780 67 179 179
fre 7116 6756 74 179 179
fre 7140 6780 267 179 179
fre 7180 6756 67 179 179
fre 7196 6772 67 179 179
fre 7228 6772 67 179 179
fre 7220 6780 76 179 179
fre 7204 6772 74 179 179
zabor 7248 6768 26 0 8
fre 7284 6772 67 179 179
fre 7284 6780 67 179 179
stand 7288 6776 316 0 179
fre 7316 6780 76 179 179
fre 7356 6780 67 179 179
fre 7332 6780 58 179 179
fre 7396 6756 58 179 179
tree 7480 6776 85 0 179
fre 7692 6780 196 179 179
fre 7828 6764 268 179 179
fre 1364 6804 278 179 179
zabor 1520 6800 26 0 8
fre 1604 6796 66 179 179
fre 1700 6788 92 179 179
fre 1708 6812 92 179 179
fre 1748 6812 66 179 179
fre 1740 6804 66 179 179
fre 1748 6796 91 179 179
fre 1764 6796 66 179 179
fre 1772 6788 8 179 179
fre 1812 6788 66 179 179
fre 1852 6796 67 179 179
fre 1868 6788 66 179 179
fre 1948 6796 77 179 179
stand 1976 6792 301 0 179
fre 1980 6812 47 179 179
fre 1964 6796 204 179 179
fre 1988 6796 77 179 179
fre 2060 6812 55 179 179
fre 2060 6788 203 179 179
trop 2084 6812 92 179 179
zabor 2160 6800 31 0 8
fre 2188 6812 74 179 179
fre 2236 6804 67 179 179
fre 2220 6796 76 179 179
fre 2244 6812 267 179 179
fre 2284 6788 67 179 179
fre 2300 6804 67 179 179
fre 2284 6812 74 179 179
fre 2324 6812 76 179 179
fre 2308 6804 74 179 179
fre 2316 6788 74 179 179
fre 2340 6812 67 179 179
fre 2340 6796 67 179 179
fre 2396 6812 74 179 179
fre 2404 6788 74 179 179
stand 2552 6808 316 0 179
stand 2584 6792 316 0 179
fre 2684 6796 58 179 179
fre 2668 6812 272 179 179
fre 2756 6812 194 179 179
tree 2872 6792 76 0 179
fre 2884 6796 272 179 179
tree 2952 6792 35 0 179
fre 3068 6812 194 179 179
tree 3192 6808 76 0 179
trop 3292 6812 139 179 179
stand 3352 6792 398 0 179
stand 3416 6792 322 0 179
stand 3480 6808 321 0 179
tree 3496 6792 69 0 179
stand 3544 6808 322 0 179
tree 3608 6792 69 0 179
stand 3640 6808 322 0 179
tree 3640 6808 69 0 179
stand 3656 6792 404 0 179
stand 3720 6808 322 0 179
stand 3784 6792 322 0 179
tree 3816 6792 68 0 179
tree 3864 6792 69 0 179
tree 3944 6808 69 0 179
stand 3992 6792 322 0 179
stand 3976 6808 322 0 179
tree 4008 6808 68 0 179
stand 4040 6792 398 0 179
tree 4072 6808 69 0 179
stand 4104 6808 322 0 179
stand 4136 6808 322 0 179
stand 4216 6792 398 0 179
stand 4200 6808 322 0 179
stand 4232 6808 321 0 179
tree 4280 6792 68 0 179
zabor 4304 6800 29 0 8
fre 4396 6796 194 179 179
fre 4476 6804 268 179 179
fre 4540 6788 82 179 179
fre 4516 6788 194 179 179
tree 4792 6808 34 0 179
tree 4856 6808 40 0 179
stand 4840 6808 405 0 179
fre 4900 6804 194 179 179
stand 4920 6808 43 0 179
stand 4984 6808 318 0 179
fre 5028 6796 67 179 179
stand 5032 6792 318 0 179
tree 5032 6808 45 0 179
fre 5084 6812 74 179 179
fre 5076 6788 58 179 179
fre 5204 6804 67 179 179
fre 5204 6812 67 179 179
fre 5228 6796 76 179 179
tree 5336 6792 79 0 179
fre 5348 6796 67 179 179
fre 5468 6804 269 179 179
fre 5548 6812 272 179 179
tree 5560 6808 87 0 179
tree 5720 6808 35 0 179
tree 5832 6792 35 0 179
tree 5976 6808 34 0 179
tree 6024 6808 35 0 179
fre 6100 6804 196 179 179
stand 6248 6792 316 0 179
fre 6348 6796 272 179 179
tree 6424 6792 87 0 179
tree 6440 6808 77 0 179
tree 6472 6792 87 0 179
fre 6508 6788 272 179 179
fre 6556 6788 197 179 179
fre 6572 6796 269 179 179
tree 6584 6792 87 0 179
tree 6648 6808 87 0 179
fre 6660 6796 196 179 179
tree 6776 6792 79 0 179
tree 6872 6792 87 0 179
tree 6904 6808 19 0 179
tree 6936 6808 35 0 179
tree 7016 6808 77 0 179
tree 7048 6808 87 0 179
fre 7100 6804 67 179 179
fre 7108 6812 267 179 179
fre 7148 6788 67 179 179
fre 7164 6804 67 179 179
fre 7172 6788 74 179 179
fre 7188 6812 76 179 179
fre 7172 6804 74 179 179
fre 7212 6796 76 179 179
fre 7244 6804 74 179 179
zabor 7248 6800 24 0 8
fre 7332 6796 67 179 179
stand 7352 6808 316 0 179
stand 7384 6792 316 0 179
fre 7484 6796 58 179 179
fre 7468 6812 272 179 179
fre 7556 6812 194 179 179
tree 7672 6792 76 0 179
fre 7684 6796 272 179 179
tree 7752 6792 35 0 179
fre 7868 6812 194 179 179
tree 7992 6808 76 0 179
fre 244 6836 278 179 179
fre 372 6836 278 179 179
fre 500 6836 278 179 179
fre 788 6836 278 179 179
fre 916 6836 278 179 179
fre 1044 6836 278 179 179
zabor 1520 6832 28 0 8
tree 1544 6840 57 0 179
fre 1692 6844 67 179 179
dom 1664 6816 88 0 179
fre 1724 6844 92 179 179
fre 1772 6844 66 179 179
fre 1788 6828 66 179 179
fre 1796 6844 66 179 179
fre 1812 6828 8 179 179
fre 1884 6828 66 179 179
fre 1868 6820 66 179 179
fre 1860 6844 66 179 179
fre 1876 6820 67 179 179
fre 1932 6820 77 179 179
fre 1932 6836 72 179 179
fre 2012 6844 72 179 179
fre 2004 6836 72 179 179
fre 2060 6844 203 179 179
stand 2088 6840 402 0 179
fre 2132 6844 47 179 179
fre 2116 6820 72 179 179
zabor 2160 6832 26 0 8
fre 2196 6828 74 179 179
fre 2212 6836 76 179 179
fre 2276 6820 74 179 179
fre 2300 6836 67 179 179
fre 2284 6820 67 179 179
fre 2348 6836 74 179 179
fre 2388 6844 76 179 179
fre 2396 6844 67 179 179
stand 2472 6824 318 0 179
stand 2504 6824 316 0 179
tree 2536 6840 45 0 179
fre 2668 6820 196 179 179
fre 2860 6836 196 179 179
tree 2888 6840 41 0 179
tree 2936 6824 78 0 179
tree 2920 6840 85 0 179
tree 2968 6824 41 0 179
fre 2996 6828 268 179 179
fre 3140 6828 196 179 179
tree 3224 6840 42 0 179
fre 3252 6820 72 179 179
fre 3236 6836 72 179 179
stand 3352 6824 322 0 179
stand 3384 6824 322 0 179
stand 3416 6824 322 0 179
tree 3464 6840 69 0 179
stand 3496 6824 322 0 179
stand 3576 6824 398 0 179
stand 3560 6824 322 0 179
tree 3608 6824 68 0 179
tree 3672 6840 68 0 179
tree 3688 6824 68 0 179
stand 3720 6824 321 0 179
stand 3752 6840 322 0 179
tree 3800 6824 68 0 179
stand 3864 6840 321 0 179
tree 3848 6824 68 0 179
tree 3896 6824 69 0 179
tree 3944 6840 68 0 179
tree 3976 6824 68 0 179
tree 3992 6840 68 0 179
tree 4024 6840 69 0 179
tree 4056 6840 69 0 179
stand 4072 6824 398 0 179
tree 4120 6824 69 0 179
tree 4168 6824 69 0 179
tree 4216 6824 68 0 179
stand 4248 6824 321 0 179
tree 4264 6824 69 0 179
tree 4264 6840 68 0 179
zabor 4304 6832 29 0 8
tree 4440 6840 85 0 179
fre 4724 6836 194 179 179
fre 4932 6820 84 179 179
fre 4948 6828 72 179 179
stand 4968 6840 316 0 179
tree 4984 6824 45 0 179
fre 5084 6844 67 179 179
tree 5080 6824 45 0 179
fre 5100 6844 74 179 179
fre 5132 6828 76 179 179
fre 5220 6836 76 179 179
fre 5292 6820 67 179 179
fre 5316 6844 267 179 179
fre 5356 6820 67 179 179
fre 5372 6836 67 179 179
tree 5352 6840 87 0 179
fre 5444 6844 2 179 179
fre 5500 6844 269 179 179
fre 5580 6820 196 179 179
fre 5652 6828 196 179 179
fre 5916 6828 2 179 179
tree 6216 6840 87 0 179
fre 6348 6820 269 179 179
fre 6372 6820 197 179 179
tree 6408 6840 87 0 179
fre 6516 6820 196 179 179
tree 6552 6840 81 0 179
tree 6648 6840 79 0 179
tree 6776 6824 33 0 179
tree 6760 6824 33 0 179
fre 6964 6820 196 179 179
fre 7028 6828 196 179 179
tree 7016 6824 77 0 179
fre 7140 6820 74 179 179
fre 7204 6836 76 179 179
fre 7220 6836 67 179 179
fre 7220 6844 67 179 179
fre 7212 6836 74 179 179
zabor 7248 6832 31 0 8
fre 7276 6820 67 179 179
fre 7292 6844 67 179 179
stand 7272 6824 318 0 179
fre 7300 6844 267 179 179
stand 7304 6824 316 0 179
fre 7340 6820 67 179 179
fre 7356 6836 67 179 179
tree 7336 6840 45 0 179
fre 7468 6820 196 179 179
fre 7660 6836 196 179 179
tree 7688 6840 41 0 179
tree 7736 6824 78 0 179
tree 7720 6840 85 0 179
tree 7768 6824 41 0 179
fre 7796 6828 268 179 179
fre 7940 6828 196 179 179
tree 8024 6840 42 0 179
fre 8052 6820 72 179 179
fre 8036 6836 72 179 179
fre 660 6868 278 179 179
fre 1204 6868 278 179 179
zabor 1520 6864 26 0 8
stand 1512 6856 288 0 179
tree 1544 6856 83 0 179
fre 1596 6868 66 179 179
fre 1644 6876 8 179 179
fre 1700 6860 67 179 179
fre 1708 6876 91 179 179
fre 1756 6860 67 179 179
fre 1764 6876 8 179 179
fre 1764 6860 8 179 179
fre 1772 6868 91 179 179
fre 1796 6868 66 179 179
fre 1844 6852 67 179 179
fre 1844 6876 8 179 179
fre 1876 6860 66 179 179
fre 1948 6876 47 179 179
fre 1948 6868 77 179 179
fre 1980 6852 47 179 179
fre 1972 6860 204 179 179
stand 2008 6856 33 0 179
fre 2004 6860 72 179 179
fre 2100 6852 47 179 179
zabor 2160 6864 30 0 8
fre 2220 6876 74 179 179
fre 2260 6876 67 179 179
fre 2252 6852 74 179 179
fre 2324 6868 67 179 179
fre 2324 6876 67 179 179
fre 2396 6876 67 179 179
trop 2420 6868 139 179 179
stand 2504 6872 318 0 179
tree 2504 6872 45 0 179
fre 2556 6868 58 179 179
stand 2552 6872 316 0 179
tree 2648 6856 81 0 179
fre 2716 6852 196 179 179
fre 2764 6860 194 179 179
fre 2772 6860 272 179 179
tree 2792 6872 85 0 179
tree 2840 6856 35 0 179
tree 2904 6872 41 0 179
tree 2936 6856 85 0 179
fre 3012 6852 268 179 179
fre 3052 6852 194 179 179
tree 3144 6856 35 0 179
fre 3164 6868 272 179 179
tree 3176 6856 33 0 179
tree 3224 6856 42 0 179
fre 3228 6876 72 179 179
tree 3400 6856 69 0 179
tree 3432 6856 68 0 179
tree 3464 6856 69 0 179
stand 3512 6872 398 0 179
stand 3496 6856 322 0 179
stand 3544 6856 322 0 179
stand 3560 6872 322 0 179
tree 3592 6856 68 0 179
stand 3672 6872 398 0 179
stand 3656 6872 322 0 179
stand 3688 6856 322 0 179
stand 3752 6872 322 0 179
tree 3768 6856 68 0 179
stand 3800 6872 322 0 179
stand 3832 6856 398 0 179
stand 3864 6872 321 0 179
tree 3880 6856 68 0 179
stand 3912 6872 322 0 179
stand 3944 6872 322 0 179
tree 3960 6856 68 0 179
stand 3992 6856 321 0 179
stand 4056 6872 322 0 179
tree 4104 6872 69 0 179
stand 4136 6872 321 0 179
tree 4136 6856 68 0 179
stand 4216 6856 322 0 179
tree 4200 6856 68 0 179
stand 4232 6872 398 0 179
tree 4280 6856 69 0 179
zabor 4304 6864 27 0 8
tree 4392 6856 85 0 179
fre 4388 6860 194 179 179
tree 4440 6856 85 0 179
tree 4488 6856 85 0 179
fre 4556 6868 194 179 179
tree 4664 6872 75 0 179
fre 4644 6860 268 179 179
fre 4676 6868 196 179 179
tree 4712 6872 35 0 179
fre 4708 6852 272 179 179
fre 4780 6876 196 179 179
fre 4788 6860 268 179 179
tree 4824 6872 75 0 179
fre 4812 6876 272 179 179
fre 4948 6860 72 179 179
stand 4984 6872 318 0 179
fre 5052 6860 58 179 179
fre 5108 6860 74 179 179
fre 5124 6868 76 179 179
fre 5196 6852 67 179 179
fre 5228 6876 74 179 179
fre 5268 6876 67 179 179
fre 5260 6852 74 179 179
fre 5284 6876 67 179 179
tree 5320 6872 79 0 179
fre 5348 6852 74 179 179
tree 5352 6872 87 0 179
stand 5368 6872 289 0 179
fre 5476 6868 269 179 179
fre 5548 6868 269 179 179
tree 5560 6856 19 0 179
fre 5684 6860 269 179 179
fre 5676 6860 196 179 179
tree 5672 6856 35 0 179
tree 5752 6872 87 0 179
tree 5816 6872 19 0 179
tree 5992 6872 80 0 179
tree 6040 6856 87 0 179
fre 6084 6852 196 179 179
tree 6184 6872 80 0 179
fre 6372 6860 2 179 179
tree 6488 6856 81 0 179
fre 6724 6852 269 179 179
fre 6740 6860 2 179 179
fre 6804 6868 2 179 179
tree 6888 6856 35 0 179
tree 6936 6856 34 0 179
fre 6972 6876 196 179 179
tree 7000 6872 77 0 179
fre 7148 6860 76 179 179
fre 7188 6868 67 179 179
fre 7188 6876 67 179 179
fre 7212 6876 74 179 179
fre 7252 6876 67 179 179
fre 7244 6852 74 179 179
fre 7260 6876 67 179 179
zabor 7248 6864 27 0 8
fre 7268 6876 67 179 179
fre 7268 6860 67 179 179
stand 7304 6872 318 0 179
tree 7304 6872 45 0 179
fre 7332 6852 74 179 179
fre 7356 6868 58 179 179
stand 7352 6872 316 0 179
tree 7448 6856 81 0 179
fre 7516 6852 196 179 179
fre 7564 6860 194 179 179
fre 7572 6860 272 179 179
tree 7592 6872 85 0 179
tree 7640 6856 35 0 179
tree 7704 6872 41 0 179
tree 7736 6856 85 0 179
fre 7812 6852 268 179 179
fre 7852 6852 194 179 179
tree 7944 6856 35 0 179
fre 7964 6868 272 179 179
tree 7976 6856 33 0 179
tree 8024 6856 42 0 179
fre 8028 6876 72 179 179
trop 1468 6908 139 179 179
zabor 1520 6896 24 0 8
tree 1528 6904 57 0 179
tree 1560 6904 57 0 179
tree 1544 6888 83 0 179
fre 1628 6908 66 179 179
fre 1604 6884 66 179 179
stand 1608 6904 22 0 179
stand 1640 6904 287 0 179
fre 1692 6892 8 179 179
fre 1668 6884 91 179 179
fre 1708 6908 8 179 179
fre 1708 6892 91 179 179
fre 1756 6892 66 179 179
fre 1772 6884 66 179 179
fre 1764 6908 91 179 179
fre 1780 6908 91 179 179
fre 1804 6900 8 179 179
fre 1796 6900 91 179 179
tree 1864 6904 83 0 179
tree 1896 6904 83 0 179
tree 1944 6904 14 0 179
fre 1948 6908 77 179 179
fre 2020 6892 72 179 179
fre 2108 6900 204 179 179
fre 2084 6908 204 179 179
zabor 2160 6896 26 0 8
fre 2236 6900 67 179 179
fre 2252 6892 76 179 179
fre 2324 6908 76 179 179
fre 2372 6892 67 179 179
stand 2472 6888 318 0 179
fre 2572 6884 58 179 179
tree 2632 6888 78 0 179
stand 2696 6888 316 0 179
tree 2840 6888 85 0 179
tree 2856 6888 85 0 179
fre 2884 6900 268 179 179
tree 3144 6904 42 0 179
tree 3144 6888 42 0 179
fre 3156 6900 268 179 179
fre 3252 6908 72 179 179
fre 3236 6892 72 179 179
stand 3400 6888 322 0 179
stand 3448 6888 322 0 179
tree 3480 6904 68 0 179
tree 3512 6904 68 0 179
fre 3500 6900 63 179 179
stand 3560 6904 321 0 179
stand 3608 6888 322 0 179
stand 3640 6888 321 0 179
tree 3656 6904 68 0 179
tree 3704 6904 69 0 179
stand 3720 6888 322 0 179
tree 3784 6888 69 0 179
tree 3832 6888 68 0 179
stand 3864 6888 398 0 179
tree 3992 6888 69 0 179
stand 4024 6888 322 0 179
stand 4056 6904 321 0 179
stand 4120 6904 398 0 179
fre 4140 6884 14 179 179
stand 4168 6904 322 0 179
stand 4216 6888 321 0 179
stand 4248 6888 321 0 179
fre 4244 6884 14 179 179
zabor 4304 6896 29 0 8
tree 4456 6888 41 0 179
tree 4632 6904 85 0 179
tree 4696 6904 75 0 179
tree 4744 6904 45 0 179
tree 4872 6888 35 0 179
fre 4940 6908 72 179 179
tree 5048 6904 45 0 179
stand 5064 6904 316 0 179
fre 5132 6908 74 179 179
fre 5172 6908 67 179 179
fre 5164 6884 74 179 179
fre 5244 6900 67 179 179
fre 5332 6908 76 179 179
fre 5468 6908 2 179 179
tree 5560 6888 80 0 179
fre 5620 6900 272 179 179
tree 5640 6888 19 0 179
stand 5672 6904 288 0 179
tree 5720 6888 87 0 179
tree 5752 6904 87 0 179
tree 6264 6904 87 0 179
fre 6444 6900 2 179 179
tree 6632 6904 87 0 179
fre 6932 6900 2 179 179
tree 6984 6904 87 0 179
tree 7032 6904 87 0 179
fre 7116 6892 76 179 179
fre 7140 6900 76 179 179
fre 7228 6900 67 179 179
fre 7212 6884 67 179 179
fre 7236 6908 267 179 179
fre 7236 6892 67 179 179
zabor 7248 6896 27 0 8
fre 7276 6884 67 179 179
fre 7292 6900 67 179 179
stand 7272 6888 318 0 179
fre 7316 6908 76 179 179
fre 7372 6884 58 179 179
tree 7432 6888 78 0 179
stand 7496 6888 316 0 179
tree 7640 6888 85 0 179
tree 7656 6888 85 0 179
fre 7684 6900 268 179 179
tree 7944 6904 42 0 179
tree 7944 6888 42 0 179
fre 7956 6900 268 179 179
fre 8052 6908 72 179 179
fre 8036 6892 72 179 179
zabor 1520 6928 31 0 8
fre 1556 6940 73 179 179
fre 1588 6932 73 179 179
fre 1612 6940 77 179 179
fre 1628 6932 73 179 179
fre 1660 6940 77 179 179
fre 1676 6940 77 179 179
fre 1756 6924 91 179 179
fre 1764 6924 8 179 179
fre 1812 6924 77 179 179
fre 1804 6940 77 179 179
fre 1844 6932 77 179 179
tree 1896 6920 83 0 179
fre 1900 6932 77 179 179
fre 1908 6932 77 179 179
fre 1956 6924 204 179 179
fre 2020 6924 204 179 179
trop 2116 6932 94 179 179
fre 2124 6932 204 179 179
zabor 2160 6928 28 0 8
fre 2228 6924 74 179 179
fre 2244 6932 76 179 179
fre 2316 6916 67 179 179
fre 2340 6940 267 179 179
fre 2380 6916 67 179 179
fre 2396 6932 67 179 179
stand 2456 6936 316 0 179
stand 2584 6936 316 0 179
tree 2584 6920 45 0 179
tree 2648 6936 41 0 179
fre 2628 6940 268 179 179
tree 2664 6920 76 0 179
tree 2696 6920 41 0 179
tree 2744 6920 85 0 179
fre 2812 6924 194 179 179
fre 2948 6940 83 179 179
fre 2956 6916 194 179 179
fre 3020 6916 194 179 179
fre 3076 6940 268 179 179
fre 3124 6924 72 179 179
fre 3164 6932 72 179 179
fre 3180 6916 194 179 179
fre 3228 6924 72 179 179
fre 3228 6940 72 179 179
fre 3244 6940 194 179 179
tree 3352 6936 69 0 179
tree 3352 6920 69 0 179
stand 3384 6936 321 0 179
stand 3416 6920 398 0 179
stand 3432 6936 322 0 179
fre 3452 6924 14 179 179
stand 3512 6920 404 0 179
stand 3576 6920 321 0 179
tree 3560 6920 68 0 179
stand 3608 6920 321 0 179
tree 3592 6936 68 0 179
fre 3644 6932 63 179 179
tree 3688 6920 69 0 179
stand 3752 6920 322 0 179
fre 3788 6932 14 179 179
stand 3832 6920 398 0 179
stand 3832 6936 321 0 179
stand 3816 6920 321 0 179
stand 3864 6936 322 0 179
stand 3896 6920 322 0 179
tree 3912 6920 68 0 179
stand 3960 6920 322 0 179
tree 3944 6936 68 0 179
tree 3976 6936 69 0 179
tree 4024 6936 69 0 179
tree 4104 6920 69 0 179
stand 4168 6920 322 0 179
fre 4196 6924 14 179 179
tree 4200 6936 69 0 179
tree 4216 6936 69 0 179
tree 4280 6936 69 0 179
zabor 4304 6928 25 0 8
tree 4376 6920 85 0 179
fre 4428 6932 194 179 179
fre 4628 6940 194 179 179
tree 4664 6920 45 0 179
tree 4680 6936 45 0 179
tree 4728 6936 42 0 179
tree 4872 6920 40 0 179
tree 4904 6920 40 0 179
fre 4948 6932 72 179 179
stand 4984 6920 316 0 179
tree 5000 6920 45 0 179
stand 5048 6920 316 0 179
fre 5084 6924 58 179 179
fre 5148 6932 67 179 179
fre 5156 6940 267 179 179
fre 5196 6916 67 179 179
fre 5212 6932 67 179 179
fre 5236 6940 76 179 179
fre 5220 6932 74 179 179
fre 5284 6932 2 179 179
tree 5544 6936 87 0 179
tree 5608 6936 19 0 179
fre 5684 6916 269 179 179
tree 5816 6936 19 0 179
stand 5864 6936 288 0 179
fre 5916 6916 2 179 179
fre 6020 6924 269 179 179
tree 6152 6920 80 0 179
tree 6200 6936 80 0 179
tree 6344 6936 87 0 179
tree 6584 6920 81 0 179
fre 6700 6932 126 179 179
fre 6740 6924 2 179 179
fre 7108 6932 76 179 179
fre 7148 6940 74 179 179
fre 7188 6940 67 179 179
fre 7180 6916 74 179 179
fre 7204 6940 67 179 179
fre 7244 6916 67 179 179
fre 7260 6932 67 179 179
zabor 7248 6928 27 0 8
fre 7268 6916 74 179 179
stand 7384 6936 316 0 179
tree 7384 6920 45 0 179
tree 7448 6936 41 0 179
fre 7428 6940 268 179 179
tree 7464 6920 76 0 179
tree 7496 6920 41 0 179
tree 7544 6920 85 0 179
fre 7612 6924 194 179 179
fre 7748 6940 83 179 179
fre 7756 6916 194 179 179
fre 7820 6916 194 179 179
fre 7876 6940 268 179 179
fre 7924 6924 72 179 179
fre 7964 6932 72 179 179
fre 7980 6916 194 179 179
fre 8028 6924 72 179 179
fre 8028 6940 72 179 179
fre 8044 6940 194 179 179
zabor 1520 6960 26 0 8
zabor 1552 6960 29 0 8
zabor 1584 6960 26 0 8
zabor 1616 6960 26 0 8
zabor 1648 6960 27 0 8
zabor 1680 6960 31 0 8
zabor 1712 6960 28 0 8
zabor 1776 6960 25 0 8
zabor 1808 6960 27 0 8
zabor 1840 6960 25 0 8
zabor 1872 6960 27 0 8
zabor 1904 6960 25 0 8
zabor 1936 6960 31 0 8
zabor 1968 6960 29 0 8
zabor 2000 6960 28 0 8
zabor 2032 6960 30 0 8
zabor 2096 6960 27 0 8
zabor 2128 6960 28 0 8
zabor 2160 6960 30 0 8
fre 2252 6972 74 179 179
fre 2292 6972 67 179 179
fre 2284 6948 74 179 179
fre 2308 6972 67 179 179
fre 2372 6948 74 179 179
tree 2488 6968 45 0 179
stand 2504 6952 316 0 179
stand 2568 6968 316 0 179
tree 2568 6952 45 0 179
fre 2596 6956 58 179 179
fre 2644 6964 268 179 179
fre 2636 6972 268 179 179
tree 2680 6968 41 0 179
tree 2680 6952 41 0 179
fre 2692 6964 268 179 179
tree 2728 6952 85 0 179
tree 2776 6952 85 0 179
fre 2908 6948 194 179 179
tree 3096 6952 78 0 179
tree 3080 6952 42 0 179
fre 3116 6964 72 179 179
fre 3156 6948 194 179 179
fre 3172 6956 72 179 179
fre 3228 6956 136 179 179
trop 3260 6972 194 179 179
stand 3240 6952 145 0 179
fre 3412 6972 15 179 179
stand 3448 6952 321 0 179
stand 3480 6952 322 0 179
stand 3496 6968 321 0 179
stand 3528 6952 322 0 179
tree 3544 6968 68 0 179
stand 3592 6968 398 0 179
tree 3592 6968 69 0 179
tree 3640 6952 69 0 179
stand 3688 6968 322 0 179
fre 3700 6972 14 179 179
stand 3768 6968 398 0 179
tree 3768 6952 69 0 179
stand 3864 6952 321 0 179
tree 3880 6952 69 0 179
stand 3960 6968 398 0 179
tree 3976 6952 69 0 179
tree 4008 6968 68 0 179
stand 4072 6968 321 0 179
stand 4088 6968 322 0 179
stand 4136 6952 322 0 179
tree 4184 6968 69 0 179
tree 4248 6952 69 0 179
zabor 4304 6960 31 0 8
tree 4856 6968 81 0 179
fre 4948 6964 72 179 179
fre 4940 6964 72 179 179
tree 5016 6968 45 0 179
fre 5188 6948 74 179 179
fre 5260 6964 74 179 179
fre 5380 6956 2 179 179
fre 5452 6956 2 179 179
fre 5540 6956 269 179 179
stand 5560 6952 288 0 179
tree 5656 6952 87 0 179
stand 5816 6968 288 0 179
tree 5848 6968 83 0 179
tree 5848 6952 83 0 179
fre 5948 6964 2 179 179
fre 6164 6964 269 179 179
fre 6180 6948 269 179 179
tree 6248 6952 79 0 179
fre 7116 6972 74 179 179
fre 7164 6964 67 179 179
fre 7156 6972 67 179 179
fre 7148 6948 74 179 179
fre 7172 6972 67 179 179
fre 7252 6972 76 179 179
fre 7236 6948 74 179 179
zabor 7248 6960 24 0 8
tree 7288 6968 45 0 179
stand 7304 6952 316 0 179
stand 7368 6968 316 0 179
tree 7368 6952 45 0 179
fre 7396 6956 58 179 179
fre 7444 6964 268 179 179
fre 7436 6972 268 179 179
tree 7480 6968 41 0 179
tree 7480 6952 41 0 179
fre 7492 6964 268 179 179
tree 7528 6952 85 0 179
tree 7576 6952 85 0 179
fre 7708 6948 194 179 179
tree 7896 6952 78 0 179
tree 7880 6952 42 0 179
fre 7916 6964 72 179 179
fre 7956 6948 194 179 179
fre 7972 6956 72 179 179
fre 8028 6956 136 179 179
stand 8040 6952 145 0 179
trop 212 7004 140 179 179
trop 388 7004 140 179 179
trop 484 7004 140 179 179
trop 652 7004 140 179 179
trop 820 7004 140 179 179
trop 980 7004 140 179 179
trop 1156 7004 140 179 179
trop 1252 7004 140 179 179
trop 1420 7004 140 179 179
trop 1588 7004 140 179 179
trop 1748 7004 140 179 179
trop 1924 7004 140 179 179
trop 2020 7004 140 179 179
trop 2188 7004 140 179 179
fre 2268 6996 67 179 179
fre 2356 7004 76 179 179
trop 2356 7004 140 179 179
trop 2516 7004 140 179 179
trop 2692 7004 140 179 179
trop 2788 7004 140 179 179
trop 2956 7004 140 179 179
trop 3124 7004 140 179 179
trop 3292 6988 139 179 179
stand 3352 6984 322 0 179
tree 3384 7000 69 0 179
stand 3448 7000 404 0 179
stand 3432 7000 322 0 179
tree 3448 6984 68 0 179
tree 3464 6984 68 0 179
stand 3528 7000 322 0 179
tree 3592 7000 68 0 179
stand 3624 7000 322 0 179
tree 3640 6984 68 0 179
stand 3736 7000 322 0 179
stand 3768 7000 404 0 179
stand 3800 7000 322 0 179
tree 3784 7000 69 0 179
fre 3796 6980 63 179 179
stand 3816 6984 322 0 179
tree 3848 7000 69 0 179
fre 3860 6988 63 179 179
fre 3932 6988 14 179 179
tree 3928 7000 69 0 179
tree 3912 7000 69 0 179
stand 3944 7000 398 0 179
stand 3976 7000 322 0 179
stand 4024 6984 321 0 179
stand 4040 7000 322 0 179
stand 4136 7000 321 0 179
fre 4244 6996 15 179 179
tree 4232 7000 69 0 179
tree 4248 7000 69 0 179
stand 4280 7000 322 0 179
zabor 4304 6992 28 0 8
tree 4376 6984 81 0 179
tree 4424 6984 41 0 179
fre 4500 6988 196 179 179
tree 4536 6984 34 0 179
tree 4600 6984 85 0 179
tree 4632 7000 42 0 179
fre 4700 6996 268 179 179
fre 4708 7004 268 179 179
fre 4828 7004 268 179 179
fre 4852 6996 268 179 179
stand 4968 6984 316 0 179
tree 4968 7000 45 0 179
stand 5000 6984 318 0 179
stand 5096 7000 316 0 179
fre 5156 7004 267 179 179
fre 5212 6996 67 179 179
fre 5196 6980 67 179 179
fre 5220 6996 74 179 179
fre 5236 6996 67 179 179
fre 5236 7004 67 179 179
fre 5308 7004 67 179 179
tree 5336 7000 34 0 179
fre 5436 7004 2 179 179
fre 5596 6980 269 179 179
fre 5596 7004 131 179 179
stand 5816 7000 288 0 179
tree 5848 6984 83 0 179
stand 5832 7000 288 0 179
stand 5880 6984 288 0 179
fre 6012 6980 269 179 179
fre 5988 6988 269 179 179
fre 6028 7004 2 179 179
fre 6092 6996 2 179 179
fre 6156 7004 2 179 179
fre 7132 6996 67 179 179
fre 7220 7004 76 179 179
trop 3260 7036 193 179 179
tree 3352 7032 69 0 179
stand 3368 7032 322 0 179
stand 3448 7016 321 0 179
tree 3448 7016 69 0 179
stand 3448 7032 124 0 179
stand 3512 7032 398 0 179
tree 3496 7032 69 0 179
stand 3560 7032 322 0 179
stand 3592 7032 321 0 179
tree 3640 7032 68 0 179
tree 3688 7016 69 0 179
stand 3736 7032 322 0 179
fre 3732 7012 14 179 179
stand 3816 7032 321 0 179
stand 3832 7016 124 0 179
stand 3896 7032 404 0 179
tree 3896 7016 69 0 179
stand 3960 7016 398 0 179
stand 3944 7032 322 0 179
fre 3940 7020 14 179 179
stand 3976 7032 322 0 179
stand 4024 7032 398 0 179
fre 4108 7028 15 179 179
fre 4124 7020 15 179 179
tree 4120 7016 68 0 179
tree 4120 7032 68 0 179
stand 4152 7016 322 0 179
stand 4200 7032 398 0 179
stand 4216 7032 322 0 179
stand 4248 7032 398 0 179
zabor 4304 7024 28 0 8
tree 4408 7016 41 0 179
tree 4424 7016 41 0 179
tree 4536 7032 33 0 179
tree 4584 7032 34 0 179
fre 4732 7036 194 179 179
fre 4724 7028 194 179 179
fre 4788 7012 194 179 179
fre 4828 7036 268 179 179
fre 4852 7012 268 179 179
fre 4892 7036 194 179 179
fre 4932 7036 268 179 179
stand 4984 7032 316 0 179
fre 5028 7036 58 179 179
fre 5084 7036 67 179 179
fre 5076 7036 76 179 179
fre 5092 7012 58 179 179
fre 5124 7036 67 179 179
fre 5164 7020 76 179 179
fre 5204 7020 74 179 179
fre 5188 7012 74 179 179
fre 5284 7020 67 179 179
tree 5288 7032 87 0 179
fre 5476 7012 2 179 179
fre 5540 7028 2 179 179
fre 5724 7036 2 179 179
fre 5788 7020 2 179 179
fre 5868 7036 2 179 179
fre 5988 7020 2 179 179
fre 6020 7012 2 179 179
fre 6228 7036 2 179 179
fre 6260 7036 2 179 179
fre 6276 7012 2 179 179
stand 6376 7032 316 0 179
tree 6392 7016 45 0 179
tree 6424 7032 45 0 179
stand 6456 7032 316 0 179
fre 6508 7020 13 179 179
tree 6536 7016 85 0 179
trop 6716 7028 195 179 179
trop 6892 7028 140 179 179
trop 7060 7028 140 179 179
trop 7228 7028 140 179 179
trop 7412 7028 140 179 179
trop 7588 7028 140 179 179
trop 7764 7028 140 179 179
trop 7932 7028 140 179 179
trop 8052 7028 140 179 179
zabor 1552 7056 26 0 8
zabor 1584 7056 28 0 8
zabor 1616 7056 27 0 8
zabor 1648 7056 27 0 8
zabor 1680 7056 31 0 8
zabor 1712 7056 27 0 8
zabor 1744 7056 26 0 8
zabor 1776 7056 30 0 8
zabor 1808 7056 27 0 8
stand 1848 7064 398 0 179
zabor 1840 7056 24 0 8
zabor 1872 7056 25 0 8
zabor 1904 7056 30 0 8
zabor 1936 7056 27 0 8
tree 1976 7064 68 0 179
zabor 1968 7056 24 0 8
zabor 2000 7056 27 0 8
zabor 2032 7056 31 0 8
zabor 2064 7056 25 0 8
zabor 2096 7056 27 0 8
zabor 2128 7056 24 0 8
zabor 2160 7056 26 0 8
zabor 2192 7056 31 0 8
zabor 2224 7056 29 0 8
zabor 2256 7056 24 0 8
tree 2280 7064 68 0 179
zabor 2288 7056 25 0 8
zabor 2320 7056 29 0 8
zabor 2352 7056 31 0 8
zabor 2384 7056 29 0 8
stand 2456 7064 316 0 179
stand 2536 7064 316 0 179
stand 2616 7048 317 0 179
tree 2680 7064 85 0 179
fre 2764 7052 194 179 179
fre 2796 7060 85 179 179
fre 2820 7052 194 179 179
tree 2856 7048 85 0 179
tree 2904 7048 85 0 179
fre 2956 7044 35 179 179
stand 3256 7048 126 0 179
fre 3260 7060 73 179 179
fre 3244 7044 73 179 179
tree 3352 7064 69 0 179
stand 3368 7064 398 0 179
stand 3416 7048 321 0 179
stand 3432 7064 322 0 179
stand 3560 7064 398 0 179
stand 3560 7048 322 0 179
tree 3624 7048 68 0 179
stand 3672 7048 322 0 179
tree 3656 7048 69 0 179
stand 3704 7048 404 0 179
stand 3752 7048 321 0 179
tree 3784 7064 69 0 179
stand 3832 7064 398 0 179
stand 3848 7064 321 0 179
stand 3864 7064 322 0 179
stand 3960 7048 404 0 179
stand 3992 7048 404 0 179
tree 4024 7064 69 0 179
stand 4088 7048 322 0 179
fre 4084 7060 14 179 179
tree 4152 7064 68 0 179
tree 4168 7064 69 0 179
stand 4248 7048 321 0 179
stand 4280 7048 322 0 179
zabor 4304 7056 31 0 8
stand 4392 7048 316 0 179
fre 4468 7060 194 179 179
tree 4648 7048 41 0 179
tree 4664 7064 42 0 179
fre 4644 7060 268 179 179
fre 4924 7052 84 179 179
fre 4924 7060 72 179 179
stand 5048 7064 316 0 179
fre 5060 7052 67 179 179
stand 5080 7048 316 0 179
fre 5116 7068 74 179 179
fre 5156 7060 76 179 179
fre 5236 7060 67 179 179
fre 5236 7068 67 179 179
fre 5228 7044 67 179 179
fre 5252 7068 267 179 179
fre 5292 7044 67 179 179
fre 5308 7060 67 179 179
fre 5540 7068 267 179 179
fre 5596 7060 67 179 179
fre 5580 7044 67 179 179
fre 5588 7044 2 179 179
fre 5604 7060 74 179 179
fre 5692 7060 2 179 179
fre 5724 7052 2 179 179
fre 5972 7052 2 179 179
stand 6248 7064 316 0 179
stand 6296 7064 316 0 179
stand 6344 7064 316 0 179
tree 6344 7064 45 0 179
fre 6412 7060 269 179 179
fre 6492 7068 58 179 179
fre 6564 7052 272 179 179
tree 6616 7064 79 0 179
fre 6596 7052 196 179 179
zabor 1552 7088 26 0 8
tree 1640 7080 69 0 179
tree 1672 7080 68 0 179
tree 1704 7080 69 0 179
stand 1752 7096 398 0 179
stand 1736 7080 322 0 179
stand 1784 7080 322 0 179
stand 1800 7096 322 0 179
tree 1832 7080 68 0 179
stand 1912 7096 398 0 179
stand 1896 7096 322 0 179
stand 1928 7080 322 0 179
stand 1992 7096 322 0 179
tree 2008 7080 68 0 179
stand 2040 7096 322 0 179
stand 2072 7080 398 0 179
stand 2104 7096 321 0 179
tree 2120 7080 68 0 179
stand 2152 7096 322 0 179
stand 2232 7080 321 0 179
stand 2296 7096 322 0 179
tree 2344 7096 69 0 179
zabor 2384 7088 30 0 8
trop 2420 7100 139 179 179
trop 2428 7100 139 179 179
stand 2456 7096 318 0 179
stand 2504 7080 316 0 179
fre 2604 7076 12 179 179
fre 3028 7092 194 179 179
fre 3108 7084 194 179 179
fre 3116 7092 268 179 179
fre 3132 7084 268 179 179
fre 3172 7100 194 179 179
fre 3196 7084 194 179 179
fre 3188 7100 268 179 179
fre 3228 7084 268 179 179
tree 3240 7080 20 0 179
stand 3352 7096 322 0 179
stand 3400 7096 322 0 179
fre 3420 7100 15 179 179
stand 3432 7096 321 0 179
stand 3480 7080 322 0 179
tree 3496 7080 69 0 179
stand 3544 7080 322 0 179
tree 3528 7096 68 0 179
stand 3608 7096 321 0 179
fre 3612 7076 15 179 179
tree 3640 7096 69 0 179
stand 3672 7080 404 0 179
tree 3688 7096 69 0 179
tree 3752 7080 69 0 179
tree 3800 7096 68 0 179
stand 3832 7096 321 0 179
stand 3848 7080 398 0 179
stand 3864 7096 321 0 179
stand 3864 7080 322 0 179
tree 3928 7080 69 0 179
tree 3944 7080 69 0 179
tree 3992 7096 69 0 179
stand 4024 7096 321 0 179
stand 4072 7096 322 0 179
tree 4088 7096 69 0 179
tree 4120 7096 69 0 179
tree 4168 7096 69 0 179
tree 4200 7080 69 0 179
tree 4248 7080 69 0 179
stand 4280 7080 321 0 179
zabor 4304 7088 26 0 8
tree 4376 7096 85 0 179
fre 4588 7100 196 179 179
fre 4724 7084 268 179 179
stand 4968 7080 318 0 179
stand 5000 7080 316 0 179
tree 5032 7096 45 0 179
fre 5116 7100 67 179 179
fre 5132 7100 74 179 179
fre 5164 7084 76 179 179
fre 5164 7100 74 179 179
fre 5204 7100 67 179 179
fre 5196 7076 74 179 179
fre 5220 7100 67 179 179
fre 5284 7076 74 179 179
fre 5340 7092 196 179 179
fre 5316 7092 196 179 179
fre 5332 7084 198 179 179
tree 5336 7096 18 0 179
fre 5348 7084 272 179 179
fre 5372 7076 198 179 179
tree 5384 7080 79 0 179
fre 5468 7100 67 179 179
fre 5460 7100 76 179 179
fre 5508 7100 67 179 179
fre 5588 7084 74 179 179
fre 5572 7076 74 179 179
fre 5636 7100 267 179 179
fre 5692 7092 67 179 179
fre 5676 7076 67 179 179
fre 5700 7092 74 179 179
fre 5916 7076 2 179 179
tree 6168 7080 80 0 179
tree 6216 7096 34 0 179
stand 6232 7080 318 0 179
tree 6296 7096 45 0 179
stand 6344 7096 316 0 179
stand 6392 7080 316 0 179
stand 6424 7096 317 0 179
stand 6552 7080 316 0 179
tree 6632 7080 42 0 179
tree 200 7112 81 0 179
tree 392 7112 35 0 179
fre 444 7124 272 179 179
tree 488 7128 18 0 179
fre 652 7132 2 179 179
tree 792 7128 34 0 179
tree 856 7128 35 0 179
fre 876 7116 196 179 179
tree 1256 7112 81 0 179
trop 1500 7132 139 179 179
zabor 1552 7120 27 0 8
stand 1640 7112 322 0 179
stand 1688 7112 322 0 179
tree 1720 7128 68 0 179
tree 1752 7128 68 0 179
fre 1740 7124 63 179 179
stand 1800 7128 321 0 179
stand 1848 7112 322 0 179
stand 1880 7112 321 0 179
tree 1896 7128 68 0 179
tree 1944 7128 69 0 179
stand 1960 7112 322 0 179
tree 2024 7112 69 0 179
tree 2072 7112 68 0 179
stand 2104 7112 398 0 179
tree 2232 7112 69 0 179
stand 2264 7112 322 0 179
stand 2296 7128 321 0 179
stand 2360 7128 398 0 179
zabor 2384 7120 30 0 8
fre 2516 7132 12 179 179
stand 2536 7128 316 0 179
tree 2552 7112 45 0 179
tree 2536 7128 45 0 179
fre 2564 7132 269 179 179
stand 2664 7128 316 0 179
fre 2868 7116 194 179 179
fre 2964 7132 194 179 179
fre 3004 7108 268 179 179
tree 3080 7128 34 0 179
tree 3128 7112 83 0 179
fre 3188 7116 84 179 179
fre 3220 7132 194 179 179
stand 3384 7128 322 0 179
stand 3416 7112 398 0 179
tree 3448 7128 69 0 179
stand 3560 7128 398 0 179
tree 3560 7112 68 0 179
stand 3608 7112 322 0 179
stand 3640 7112 321 0 179
tree 3672 7128 69 0 179
stand 3720 7128 398 0 179
stand 3736 7128 321 0 179
tree 3752 7112 68 0 179
stand 3800 7128 321 0 179
tree 3848 7112 69 0 179
stand 3928 7112 404 0 179
stand 3912 7112 321 0 179
tree 3912 7128 69 0 179
tree 4056 7128 69 0 179
tree 4136 7128 68 0 179
stand 4184 7112 404 0 179
tree 4184 7128 68 0 179
stand 4248 7128 322 0 179
zabor 4304 7120 26 0 8
fre 4380 7116 58 179 179
fre 4364 7132 272 179 179
fre 4452 7132 194 179 179
tree 4568 7112 76 0 179
fre 4580 7116 272 179 179
tree 4648 7112 35 0 179
fre 4764 7132 194 179 179
tree 4888 7128 76 0 179
stand 5000 7128 318 0 179
tree 5000 7128 45 0 179
fre 5052 7124 58 179 179
stand 5048 7128 316 0 179
fre 5140 7116 74 179 179
fre 5156 7124 76 179 179
fre 5180 7124 67 179 179
fre 5228 7108 67 179 179
fre 5268 7132 76 179 179
fre 5444 7116 67 179 179
fre 5500 7132 74 179 179
fre 5564 7132 67 179 179
fre 5556 7132 76 179 179
fre 5620 7124 67 179 179
fre 5620 7132 67 179 179
fre 5604 7132 67 179 179
fre 5684 7116 74 179 179
fre 5668 7108 74 179 179
fre 6164 7108 205 179 179
stand 6296 7112 316 0 179
tree 6280 7128 45 0 179
fre 6284 7108 76 179 179
fre 6332 7108 58 179 179
tree 6360 7112 85 0 179
fre 6452 7116 58 179 179
zabor 6640 7120 26 0 8
zabor 6768 7120 28 0 8
tree 6856 7112 81 0 179
tree 7048 7112 35 0 179
fre 7100 7124 272 179 179
tree 7144 7128 18 0 179
fre 7308 7132 2 179 179
tree 7448 7128 34 0 179
tree 7512 7128 35 0 179
fre 7532 7116 196 179 179
tree 7912 7112 81 0 179
fre 180 7164 269 179 179
fre 220 7140 272 179 179
tree 568 7144 79 0 179
fre 700 7156 269 179 179
fre 780 7164 272 179 179
tree 792 7160 87 0 179
fre 1236 7164 269 179 179
fre 1276 7140 272 179 179
zabor 1552 7152 26 0 8
tree 1592 7160 69 0 179
tree 1592 7144 69 0 179
stand 1624 7160 321 0 179
stand 1656 7144 398 0 179
stand 1672 7160 322 0 179
fre 1692 7148 14 179 179
stand 1752 7144 404 0 179
stand 1816 7144 321 0 179
tree 1800 7144 68 0 179
stand 1848 7144 321 0 179
tree 1832 7160 68 0 179
fre 1884 7156 63 179 179
tree 1928 7144 69 0 179
stand 1992 7144 322 0 179
fre 2028 7156 14 179 179
stand 2072 7144 398 0 179
stand 2072 7160 321 0 179
stand 2056 7144 321 0 179
stand 2104 7160 322 0 179
stand 2136 7144 322 0 179
tree 2152 7144 68 0 179
tree 2216 7160 69 0 179
tree 2264 7160 69 0 179
tree 2344 7144 69 0 179
zabor 2384 7152 26 0 8
stand 2536 7160 316 0 179
fre 2772 7148 196 179 179
tree 2840 7144 33 0 179
fre 2900 7148 194 179 179
tree 3016 7144 85 0 179
trop 3292 7148 139 179 179
stand 3352 7144 398 0 179
stand 3416 7144 322 0 179
stand 3480 7160 321 0 179
tree 3496 7144 69 0 179
stand 3544 7160 322 0 179
tree 3608 7144 69 0 179
stand 3640 7160 322 0 179
tree 3640 7160 69 0 179
stand 3656 7144 404 0 179
stand 3720 7160 322 0 179
stand 3784 7144 322 0 179
tree 3816 7144 68 0 179
tree 3864 7144 69 0 179
tree 3944 7160 69 0 179
stand 3992 7144 322 0 179
stand 3976 7160 322 0 179
tree 4008 7160 68 0 179
stand 4040 7144 398 0 179
tree 4072 7160 69 0 179
stand 4104 7160 322 0 179
stand 4136 7160 322 0 179
stand 4216 7144 398 0 179
stand 4200 7160 322 0 179
stand 4232 7160 321 0 179
zabor 4272 7152 24 0 8
tree 4280 7144 68 0 179
zabor 4304 7152 26 0 8
fre 4364 7140 196 179 179
fre 4556 7156 196 179 179
tree 4584 7160 41 0 179
tree 4632 7144 78 0 179
tree 4616 7160 85 0 179
tree 4664 7144 41 0 179
fre 4692 7148 268 179 179
fre 4836 7148 196 179 179
tree 4920 7160 42 0 179
fre 4948 7140 72 179 179
fre 4932 7156 72 179 179
stand 4968 7144 318 0 179
fre 5068 7140 58 179 179
fre 5164 7164 74 179 179
fre 5204 7164 67 179 179
fre 5196 7140 74 179 179
dom 5216 7136 272 0 179
fre 5500 7164 67 179 179
fre 5516 7164 74 179 179
fre 5548 7148 76 179 179
fre 5540 7148 67 179 179
fre 5596 7164 74 179 179
fre 5716 7156 67 179 179
fre 5716 7164 67 179 179
fre 5956 7164 267 179 179
fre 6012 7156 67 179 179
fre 5996 7140 67 179 179
fre 6020 7156 74 179 179
tree 6040 7144 84 0 179
stand 6264 7144 316 0 179
tree 6264 7160 84 0 179
tree 6296 7144 45 0 179
fre 6308 7140 58 179 179
tree 6392 7144 40 0 179
tree 6408 7160 45 0 179
fre 6444 7140 13 179 179
fre 6436 7156 58 179 179
tree 6440 7160 40 0 179
tree 6536 7144 85 0 179
tree 6568 7160 42 0 179
fre 6564 7148 194 179 179
fre 6620 7140 194 179 179
zabor 6640 7152 31 0 8
zabor 6768 7152 29 0 8
fre 6836 7164 269 179 179
fre 6876 7140 272 179 179
tree 7224 7144 79 0 179
fre 7356 7156 269 179 179
fre 7436 7164 272 179 179
tree 7448 7160 87 0 179
fre 7892 7164 269 179 179
fre 7932 7140 272 179 179
tree 200 7176 87 0 179
fre 396 7196 2 179 179
tree 456 7192 19 0 179
tree 584 7192 87 0 179
fre 676 7196 2 179 179
fre 732 7196 269 179 179
fre 812 7172 196 179 179
fre 884 7180 196 179 179
tree 1256 7176 87 0 179
zabor 1552 7184 28 0 8
fre 1652 7196 15 179 179
stand 1688 7176 321 0 179
stand 1720 7176 322 0 179
stand 1736 7192 321 0 179
stand 1768 7176 322 0 179
tree 1784 7192 68 0 179
stand 1832 7192 398 0 179
tree 1832 7192 69 0 179
tree 1880 7176 69 0 179
stand 1928 7192 322 0 179
fre 1940 7196 14 179 179
stand 2008 7192 398 0 179
tree 2008 7176 69 0 179
stand 2104 7176 321 0 179
tree 2120 7176 69 0 179
tree 2216 7176 69 0 179
tree 2248 7192 68 0 179
stand 2312 7192 321 0 179
stand 2328 7192 322 0 179
zabor 2384 7184 27 0 8
stand 2472 7176 316 0 179
stand 2536 7192 316 0 179
stand 2568 7192 316 0 179
tree 2648 7192 77 0 179
tree 2680 7176 85 0 179
tree 2760 7176 85 0 179
fre 2772 7196 272 179 179
tree 2808 7176 35 0 179
tree 2856 7192 43 0 179
tree 2872 7176 43 0 179
fre 2932 7188 268 179 179
tree 2968 7192 34 0 179
fre 2988 7172 272 179 179
fre 3052 7180 268 179 179
stand 3096 7176 405 0 179
tree 3112 7176 34 0 179
tree 3224 7192 85 0 179
stand 3352 7176 322 0 179
stand 3384 7176 322 0 179
stand 3416 7176 322 0 179
tree 3464 7192 69 0 179
stand 3496 7176 322 0 179
stand 3576 7176 398 0 179
stand 3560 7176 322 0 179
tree 3608 7176 68 0 179
tree 3672 7192 68 0 179
tree 3688 7176 68 0 179
stand 3720 7176 321 0 179
stand 3752 7192 322 0 179
tree 3800 7176 68 0 179
stand 3864 7192 321 0 179
tree 3848 7176 68 0 179
tree 3896 7176 69 0 179
tree 3944 7192 68 0 179
tree 3976 7176 68 0 179
tree 3992 7192 68 0 179
tree 4024 7192 69 0 179
tree 4056 7192 69 0 179
stand 4072 7176 398 0 179
tree 4120 7176 69 0 179
tree 4168 7176 69 0 179
tree 4216 7176 68 0 179
stand 4248 7176 321 0 179
tree 4264 7176 69 0 179
tree 4264 7192 68 0 179
zabor 4304 7184 29 0 8
fre 4412 7172 196 179 179
fre 4460 7180 194 179 179
fre 4468 7180 272 179 179
tree 4488 7192 85 0 179
tree 4536 7176 35 0 179
tree 4600 7192 41 0 179
tree 4632 7176 85 0 179
fre 4708 7172 268 179 179
fre 4748 7172 194 179 179
tree 4840 7176 35 0 179
fre 4860 7188 272 179 179
tree 4872 7176 33 0 179
tree 4920 7176 42 0 179
fre 4924 7196 72 179 179
stand 5080 7192 316 0 179
tree 5080 7176 45 0 179
fre 5180 7188 67 179 179
fre 5188 7196 267 179 179
fre 5228 7172 67 179 179
fre 5244 7188 67 179 179
fre 5268 7196 76 179 179
fre 5252 7188 74 179 179
fre 5524 7180 74 179 179
fre 5540 7188 76 179 179
fre 5596 7196 67 179 179
fre 5612 7172 67 179 179
fre 5612 7196 74 179 179
fre 5644 7180 76 179 179
tree 5752 7192 84 0 179
fre 5884 7196 67 179 179
fre 5876 7196 76 179 179
tree 5896 7176 84 0 179
fre 5924 7196 67 179 179
tree 5928 7176 84 0 179
fre 6004 7180 74 179 179
fre 5988 7172 74 179 179
fre 6028 7180 194 179 179
tree 6136 7176 84 0 179
fre 6204 7188 194 179 179
fre 6180 7172 135 179 179
tree 6360 7192 87 0 179
tree 6408 7176 78 0 179
stand 6424 7192 303 0 179
zabor 6640 7184 30 0 8
zabor 6768 7184 27 0 8
tree 6856 7176 87 0 179
fre 7052 7196 2 179 179
tree 7112 7192 19 0 179
tree 7240 7192 87 0 179
fre 7332 7196 2 179 179
fre 7388 7196 269 179 179
fre 7468 7172 196 179 179
fre 7540 7180 196 179 179
tree 7912 7176 87 0 179
tree 184 7224 87 0 179
fre 252 7220 272 179 179
tree 296 7208 80 0 179
tree 360 7208 79 0 179
tree 552 7224 79 0 179
tree 584 7224 87 0 179
stand 600 7224 289 0 179
fre 708 7220 269 179 179
fre 780 7220 269 179 179
tree 792 7208 19 0 179
tree 1240 7224 87 0 179
fre 1308 7220 272 179 179
tree 1352 7208 80 0 179
zabor 1552 7216 26 0 8
stand 1592 7208 322 0 179
tree 1624 7224 69 0 179
stand 1688 7224 404 0 179
stand 1672 7224 322 0 179
tree 1688 7208 68 0 179
tree 1704 7208 68 0 179
stand 1768 7224 322 0 179
tree 1832 7224 68 0 179
stand 1864 7224 322 0 179
tree 1880 7208 68 0 179
stand 1976 7224 322 0 179
stand 2008 7224 404 0 179
stand 2040 7224 322 0 179
tree 2024 7224 69 0 179
fre 2036 7204 63 179 179
stand 2056 7208 322 0 179
tree 2088 7224 69 0 179
fre 2100 7212 63 179 179
fre 2172 7212 14 179 179
tree 2168 7224 69 0 179
tree 2152 7224 69 0 179
stand 2216 7224 322 0 179
stand 2264 7208 321 0 179
stand 2280 7224 322 0 179
zabor 2384 7216 28 0 8
stand 2472 7208 318 0 179
tree 2520 7224 45 0 179
stand 2552 7224 316 0 179
fre 2628 7212 269 179 179
tree 2680 7224 42 0 179
fre 2772 7204 194 179 179
fre 2780 7228 194 179 179
tree 2856 7224 33 0 179
tree 2888 7208 42 0 179
fre 3060 7204 196 179 179
fre 3044 7212 272 179 179
tree 3096 7208 19 0 179
fre 3140 7204 272 179 179
zabor 4048 7216 26 0 8
zabor 4080 7216 30 0 8
zabor 4112 7216 25 0 8
zabor 4144 7216 29 0 8
zabor 4176 7216 30 0 8
zabor 4208 7216 24 0 8
zabor 4240 7216 24 0 8
zabor 4272 7216 24 0 8
zabor 4304 7216 30 0 8
stand 4392 7208 316 0 179
tree 4536 7208 85 0 179
tree 4552 7208 85 0 179
fre 4580 7220 268 179 179
tree 4840 7224 42 0 179
tree 4840 7208 42 0 179
fre 4852 7220 268 179 179
fre 4948 7228 72 179 179
fre 4932 7212 72 179 179
tree 4984 7224 45 0 179
stand 5000 7208 316 0 179
stand 5064 7224 316 0 179
tree 5064 7208 45 0 179
fre 5092 7212 58 179 179
fre 5220 7204 74 179 179
fre 5292 7220 74 179 179
fre 5548 7228 74 179 179
fre 5588 7228 67 179 179
fre 5580 7204 74 179 179
fre 5620 7212 74 179 179
fre 5636 7220 76 179 179
fre 5708 7204 67 179 179
fre 5860 7212 67 179 179
fre 5916 7228 74 179 179
tree 5912 7224 79 0 179
tree 5960 7224 81 0 179
fre 6036 7220 67 179 179
fre 6036 7228 67 179 179
tree 6296 7208 78 0 179
tree 6328 7208 40 0 179
tree 6344 7208 40 0 179
tree 6392 7208 78 0 179
tree 6424 7224 40 0 179
fre 6460 7204 271 179 179
fre 6452 7220 271 179 179
zabor 6640 7216 24 0 8
trop 6708 7204 139 179 179
zabor 6768 7216 27 0 8
tree 6840 7224 87 0 179
fre 6908 7220 272 179 179
tree 6952 7208 80 0 179
tree 7016 7208 79 0 179
tree 7208 7224 79 0 179
tree 7240 7224 87 0 179
stand 7256 7224 289 0 179
fre 7364 7220 269 179 179
fre 7436 7220 269 179 179
tree 7448 7208 19 0 179
tree 7896 7224 87 0 179
fre 7964 7220 272 179 179
tree 8008 7208 80 0 179
tree 184 7240 87 0 179
tree 248 7240 79 0 179
tree 264 7240 79 0 179
fre 700 7260 2 179 179
tree 792 7240 80 0 179
fre 852 7252 272 179 179
tree 872 7240 19 0 179
tree 1240 7240 87 0 179
tree 1304 7240 79 0 179
tree 1320 7240 79 0 179
zabor 1552 7248 28 0 8
tree 1592 7256 69 0 179
stand 1608 7256 322 0 179
stand 1688 7240 321 0 179
tree 1688 7240 69 0 179
stand 1688 7256 124 0 179
stand 1752 7256 398 0 179
tree 1736 7256 69 0 179
stand 1800 7256 322 0 179
stand 1832 7256 321 0 179
tree 1880 7256 68 0 179
tree 1928 7240 69 0 179
stand 1976 7256 322 0 179
fre 1972 7236 14 179 179
stand 2056 7256 321 0 179
stand 2072 7240 124 0 179
stand 2136 7256 404 0 179
tree 2136 7240 69 0 179
stand 2216 7256 322 0 179
stand 2264 7256 398 0 179
fre 2348 7252 15 179 179
fre 2364 7244 15 179 179
tree 2360 7240 68 0 179
tree 2360 7256 68 0 179
zabor 2384 7248 24 0 8
stand 2536 7256 316 0 179
stand 2552 7256 316 0 179
fre 2596 7244 269 179 179
stand 2600 7240 365 0 179
tree 2712 7256 42 0 179
tree 2696 7256 42 0 179
tree 2808 7240 78 0 179
tree 2888 7240 43 0 179
tree 3016 7256 35 0 179
tree 3096 7240 40 0 179
tree 3080 7240 19 0 179
tree 3128 7240 40 0 179
tree 3160 7256 85 0 179
fre 3188 7236 268 179 179
tree 3208 7256 35 0 179
trop 3420 7252 140 179 179
trop 3596 7252 140 179 179
trop 3772 7252 140 179 179
trop 3884 7252 140 179 179
tree 4360 7240 76 0 179
tree 4392 7240 41 0 179
tree 4440 7240 85 0 179
fre 4508 7244 194 179 179
fre 4644 7260 83 179 179
fre 4652 7236 194 179 179
fre 4716 7236 194 179 179
fre 4772 7260 268 179 179
fre 4820 7244 72 179 179
fre 4860 7252 72 179 179
fre 4876 7236 194 179 179
fre 4924 7244 72 179 179
fre 4924 7260 72 179 179
fre 4940 7260 194 179 179
stand 5144 7240 280 0 179
fre 5236 7260 194 179 179
fre 5268 7252 67 179 179
fre 5268 7260 67 179 179
stand 5272 7240 280 0 179
fre 5340 7260 67 179 179
tree 5368 7240 84 0 179
fre 5564 7252 67 179 179
tree 5560 7240 84 0 179
fre 5572 7260 267 179 179
fre 5612 7236 67 179 179
fre 5628 7252 67 179 179
fre 5652 7260 76 179 179
fre 5636 7252 74 179 179
fre 5644 7260 74 179 179
fre 5684 7260 67 179 179
fre 5676 7236 74 179 179
fre 5772 7236 194 179 179
tree 5848 7240 87 0 179
fre 5916 7260 67 179 179
fre 5932 7260 74 179 179
tree 5944 7240 82 0 179
fre 5964 7244 76 179 179
tree 5992 7256 40 0 179
fre 6036 7244 194 179 179
tree 6184 7240 87 0 179
fre 6268 7252 194 179 179
fre 6356 7260 194 179 179
fre 6492 7244 194 179 179
zabor 6640 7248 24 0 8
zabor 6768 7248 29 0 8
tree 6840 7240 87 0 179
tree 6904 7240 79 0 179
tree 6920 7240 79 0 179
fre 7356 7260 2 179 179
tree 7448 7240 80 0 179
fre 7508 7252 272 179 179
tree 7528 7240 19 0 179
tree 7896 7240 87 0 179
tree 7960 7240 79 0 179
tree 7976 7240 79 0 179
tree 200 7272 87 0 179
tree 264 7288 87 0 179
tree 328 7288 79 0 179
tree 376 7288 87 0 179
fre 452 7292 2 179 179
fre 516 7284 2 179 179
tree 776 7288 87 0 179
tree 840 7288 19 0 179
tree 1256 7272 87 0 179
tree 1320 7288 87 0 179
tree 1384 7288 79 0 179
zabor 1552 7280 24 0 8
tree 1592 7288 69 0 179
stand 1608 7288 398 0 179
stand 1656 7272 321 0 179
stand 1672 7288 322 0 179
stand 1800 7288 398 0 179
stand 1800 7272 322 0 179
tree 1864 7272 68 0 179
stand 1912 7272 322 0 179
tree 1896 7272 69 0 179
stand 1944 7272 404 0 179
stand 1992 7272 321 0 179
tree 2024 7288 69 0 179
stand 2072 7288 398 0 179
stand 2088 7288 321 0 179
stand 2104 7288 322 0 179
stand 2232 7272 404 0 179
tree 2264 7288 69 0 179
stand 2328 7272 322 0 179
fre 2324 7284 14 179 179
zabor 2384 7280 25 0 8
trop 2420 7268 139 179 179
trop 2428 7276 139 179 179
stand 2472 7272 318 0 179
tree 2680 7272 78 0 179
tree 2824 7272 42 0 179
tree 2872 7272 78 0 179
fre 2940 7276 194 179 179
tree 3032 7288 43 0 179
tree 3064 7288 33 0 179
tree 3080 7288 33 0 179
tree 3096 7288 40 0 179
stand 3080 7288 405 0 179
fre 3164 7276 196 179 179
tree 3192 7272 42 0 179
tree 3224 7288 42 0 179
fre 3236 7276 73 179 179
fre 3252 7284 73 179 179
fre 3252 7276 73 179 179
trop 4036 7284 193 179 179
tree 4376 7288 41 0 179
tree 4376 7272 41 0 179
fre 4388 7284 268 179 179
tree 4424 7272 85 0 179
tree 4472 7272 85 0 179
fre 4604 7268 194 179 179
tree 4792 7272 78 0 179
tree 4776 7272 42 0 179
fre 4812 7284 72 179 179
fre 4852 7268 194 179 179
fre 4868 7276 72 179 179
fre 4924 7276 136 179 179
stand 4936 7272 145 0 179
fre 5052 7276 74 179 179
fre 5092 7292 67 179 179
fre 5164 7284 194 179 179
fre 5196 7276 76 179 179
fre 5276 7284 194 179 179
fre 5316 7276 67 179 179
fre 5324 7268 194 179 179
tree 5384 7272 40 0 179
fre 5484 7284 67 179 179
tree 5576 7288 79 0 179
fre 5604 7268 74 179 179
fre 5628 7292 67 179 179
fre 5660 7284 67 179 179
fre 5676 7284 74 179 179
fre 5668 7292 267 179 179
fre 5708 7268 67 179 179
fre 5724 7284 67 179 179
tree 5720 7272 79 0 179
fre 5748 7292 76 179 179
fre 5732 7284 74 179 179
fre 5828 7276 194 179 179
tree 5912 7272 87 0 179
fre 5940 7276 74 179 179
fre 5956 7284 76 179 179
tree 5960 7272 80 0 179
tree 5976 7288 80 0 179
fre 6028 7268 67 179 179
tree 6024 7288 40 0 179
tree 6152 7272 79 0 179
tree 6232 7272 87 0 179
fre 6468 7268 194 179 179
zabor 6640 7280 31 0 8
zabor 6768 7280 24 0 8
tree 6856 7272 87 0 179
tree 6920 7288 87 0 179
tree 6984 7288 79 0 179
tree 7032 7288 87 0 179
fre 7108 7292 2 179 179
fre 7172 7284 2 179 179
tree 7432 7288 87 0 179
tree 7496 7288 19 0 179
tree 7912 7272 87 0 179
tree 7976 7288 87 0 179
tree 8040 7288 79 0 179
trop 1500 7308 139 179 179
zabor 1552 7312 28 0 8
stand 1592 7320 322 0 179
stand 1640 7320 322 0 179
fre 1660 7324 15 179 179
stand 1672 7320 321 0 179
stand 1720 7304 322 0 179
tree 1736 7304 69 0 179
stand 1784 7304 322 0 179
tree 1768 7320 68 0 179
stand 1848 7320 321 0 179
fre 1852 7300 15 179 179
tree 1880 7320 69 0 179
stand 1912 7304 404 0 179
tree 1928 7320 69 0 179
tree 1992 7304 69 0 179
tree 2040 7320 68 0 179
stand 2072 7320 321 0 179
stand 2088 7304 398 0 179
stand 2104 7320 321 0 179
stand 2104 7304 322 0 179
tree 2168 7304 69 0 179
tree 2232 7320 69 0 179
stand 2264 7320 321 0 179
stand 2312 7320 322 0 179
tree 2328 7320 69 0 179
tree 2360 7320 69 0 179
zabor 2384 7312 28 0 8
stand 2568 7304 316 0 179
stand 2648 7304 316 0 179
fre 2796 7316 194 179 179
fre 2836 7316 194 179 179
tree 2856 7320 85 0 179
fre 2924 7308 194 179 179
tree 3128 7304 45 0 179
tree 3208 7320 85 0 179
fre 3244 7308 73 179 179
trop 3292 7324 139 179 179
fre 4996 7300 76 179 179
fre 5132 7316 67 179 179
tree 5160 7320 87 0 179
fre 5188 7316 76 179 179
tree 5208 7304 79 0 179
fre 5228 7300 76 179 179
fre 5260 7300 67 179 179
tree 5256 7304 44 0 179
fre 5284 7324 267 179 179
fre 5324 7300 67 179 179
fre 5340 7316 67 179 179
stand 5320 7320 351 0 179
fre 5388 7316 194 179 179
tree 5448 7304 40 0 179
tree 5464 7320 40 0 179
tree 5512 7304 79 0 179
tree 5576 7304 79 0 179
fre 5588 7316 76 179 179
fre 5620 7324 67 179 179
fre 5652 7316 67 179 179
fre 5652 7324 67 179 179
tree 5656 7304 79 0 179
stand 5656 7320 280 0 179
fre 5724 7324 67 179 179
fre 5700 7300 74 179 179
fre 5772 7316 74 179 179
fre 5812 7324 67 179 179
fre 5964 7324 74 179 179
fre 6004 7324 67 179 179
fre 5996 7300 74 179 179
fre 6028 7300 194 179 179
tree 6136 7320 78 0 179
tree 6200 7304 80 0 179
tree 6232 7304 40 0 179
fre 6412 7316 194 179 179
zabor 6640 7312 25 0 8
trop 6708 7300 139 179 179
zabor 6768 7312 26 0 8
tree 200 7352 81 0 179
tree 296 7336 87 0 179
fre 428 7348 2 179 179
tree 552 7352 87 0 179
fre 740 7332 2 179 179
fre 804 7348 2 179 179
fre 988 7356 2 179 179
fre 1052 7340 2 179 179
tree 1064 7352 81 0 179
tree 1160 7336 87 0 179
fre 1292 7348 2 179 179
zabor 1552 7344 25 0 8
stand 1624 7352 322 0 179
stand 1656 7336 398 0 179
tree 1688 7352 69 0 179
stand 1800 7352 398 0 179
tree 1800 7336 68 0 179
stand 1848 7336 322 0 179
stand 1880 7336 321 0 179
tree 1912 7352 69 0 179
stand 1960 7352 398 0 179
stand 1976 7352 321 0 179
tree 1992 7336 68 0 179
stand 2040 7352 321 0 179
tree 2088 7336 69 0 179
stand 2168 7336 404 0 179
stand 2152 7336 321 0 179
tree 2152 7352 69 0 179
tree 2296 7352 69 0 179
zabor 2384 7344 31 0 8
stand 2472 7352 316 0 179
stand 2520 7336 316 0 179
tree 2504 7352 45 0 179
stand 2536 7336 316 0 179
stand 2584 7352 316 0 179
fre 2676 7356 271 179 179
fre 2724 7332 194 179 179
fre 3012 7332 194 179 179
tree 3080 7336 85 0 179
tree 3112 7336 85 0 179
fre 3260 7348 73 179 179
fre 3380 7356 204 179 179
stand 3416 7336 405 0 179
fre 3468 7332 72 179 179
fre 3540 7340 204 179 179
fre 3580 7348 204 179 179
fre 3596 7348 72 179 179
fre 3636 7340 204 179 179
fre 3620 7332 72 179 179
fre 3628 7340 72 179 179
fre 3660 7356 204 179 179
fre 3700 7340 204 179 179
fre 3740 7332 204 179 179
fre 3788 7340 204 179 179
fre 3820 7356 204 179 179
fre 3844 7340 204 179 179
fre 3900 7348 204 179 179
stand 3880 7336 402 0 179
fre 3932 7340 204 179 179
stand 3960 7336 402 0 179
fre 3972 7340 204 179 179
fre 3980 7348 204 179 179
trop 4148 7340 140 179 179
trop 4316 7340 140 179 179
trop 4500 7340 140 179 179
trop 4676 7340 140 179 179
tree 5144 7352 78 0 179
fre 5172 7356 67 179 179
fre 5196 7356 74 179 179
tree 5208 7336 80 0 179
fre 5196 7340 67 179 179
fre 5212 7332 67 179 179
fre 5236 7356 67 179 179
fre 5228 7332 74 179 179
fre 5228 7348 196 179 179
fre 5252 7356 67 179 179
fre 5276 7332 67 179 179
tree 5288 7336 44 0 179
fre 5316 7332 74 179 179
fre 5404 7340 67 179 179
fre 5452 7356 194 179 179
tree 5496 7352 77 0 179
fre 5508 7340 67 179 179
tree 5560 7352 79 0 179
fre 5564 7356 67 179 179
fre 5580 7340 76 179 179
tree 5608 7336 40 0 179
tree 5608 7352 87 0 179
fre 5604 7348 74 179 179
tree 5688 7352 80 0 179
fre 5668 7356 67 179 179
stand 5672 7336 280 0 179
fre 5700 7340 67 179 179
tree 5704 7336 40 0 179
fre 5748 7348 67 179 179
fre 5748 7356 67 179 179
fre 5772 7356 67 179 179
fre 5820 7356 67 179 179
fre 5924 7340 194 179 179
fre 5980 7348 67 179 179
fre 5988 7356 267 179 179
fre 6028 7332 67 179 179
fre 6044 7348 67 179 179
fre 6068 7356 76 179 179
fre 6052 7348 74 179 179
fre 6116 7332 194 179 179
tree 6184 7336 87 0 179
fre 6252 7332 196 179 179
zabor 6640 7344 29 0 8
zabor 6768 7344 25 0 8
tree 6856 7352 81 0 179
tree 6952 7336 87 0 179
fre 7084 7348 2 179 179
tree 7208 7352 87 0 179
fre 7396 7332 2 179 179
fre 7460 7348 2 179 179
fre 7644 7356 2 179 179
fre 7708 7340 2 179 179
tree 7720 7352 81 0 179
tree 7816 7336 87 0 179
fre 7948 7348 2 179 179
tree 520 7384 34 0 179
fre 852 7364 2 179 179
fre 956 7380 2 179 179
fre 988 7372 2 179 179
tree 1384 7384 34 0 179
zabor 1552 7376 28 0 8
stand 1592 7368 398 0 179
stand 1656 7368 322 0 179
stand 1720 7384 321 0 179
tree 1736 7368 69 0 179
stand 1784 7384 322 0 179
tree 1848 7368 69 0 179
stand 1880 7384 322 0 179
tree 1880 7384 69 0 179
stand 1896 7368 404 0 179
stand 1960 7384 322 0 179
stand 2024 7368 322 0 179
tree 2056 7368 68 0 179
tree 2104 7368 69 0 179
stand 2232 7368 322 0 179
stand 2216 7384 322 0 179
tree 2248 7384 68 0 179
stand 2280 7368 398 0 179
tree 2312 7384 69 0 179
stand 2344 7384 322 0 179
zabor 2384 7376 25 0 8
stand 2504 7384 317 0 179
tree 2632 7368 77 0 179
tree 2808 7384 85 0 179
tree 2920 7368 85 0 179
fre 2940 7380 196 179 179
fre 2948 7364 268 179 179
fre 3204 7388 194 179 179
fre 3388 7380 204 179 179
fre 3404 7388 72 179 179
tree 3496 7368 80 0 179
fre 3508 7364 204 179 179
fre 3572 7372 72 179 179
tree 3928 7384 86 0 179
tree 3960 7384 86 0 179
trop 4828 7372 193 179 179
fre 5028 7388 74 179 179
fre 5132 7388 67 179 179
fre 5212 7380 67 179 179
fre 5228 7372 67 179 179
tree 5256 7368 87 0 179
fre 5300 7388 76 179 179
fre 5364 7364 76 179 179
tree 5384 7384 87 0 179
tree 5416 7384 44 0 179
tree 5496 7368 44 0 179
fre 5500 7380 67 179 179
fre 5500 7372 67 179 179
fre 5492 7372 76 179 179
fre 5572 7380 76 179 179
fre 5580 7364 67 179 179
fre 5604 7372 67 179 179
fre 5612 7364 76 179 179
fre 5644 7364 67 179 179
fre 5652 7388 67 179 179
fre 5668 7388 267 179 179
fre 5676 7372 76 179 179
tree 5688 7384 85 0 179
fre 5708 7364 67 179 179
fre 5724 7380 67 179 179
fre 5700 7388 67 179 179
fre 5708 7380 76 179 179
fre 5796 7372 67 179 179
fre 5812 7388 74 179 179
fre 6020 7364 74 179 179
fre 6092 7380 74 179 179
fre 6260 7388 67 179 179
stand 6296 7384 280 0 179
stand 6520 7384 294 0 179
stand 6536 7384 294 0 179
fre 6596 7388 67 179 179
zabor 6640 7376 27 0 8
zabor 6768 7376 28 0 8
tree 7176 7384 34 0 179
fre 7508 7364 2 179 179
fre 7612 7380 2 179 179
fre 7644 7372 2 179 179
tree 8040 7384 34 0 179
tree 312 7416 79 0 179
fre 404 7420 2 179 179
fre 604 7412 196 179 179
fre 580 7412 196 179 179
fre 596 7404 198 179 179
tree 600 7416 18 0 179
fre 612 7404 272 179 179
fre 636 7396 198 179 179
tree 648 7400 79 0 179
fre 1020 7404 272 179 179
tree 1176 7416 79 0 179
fre 1268 7420 2 179 179
zabor 1552 7408 28 0 8
stand 1592 7400 322 0 179
stand 1624 7400 322 0 179
stand 1656 7400 322 0 179
tree 1704 7416 69 0 179
stand 1736 7400 322 0 179
stand 1816 7400 398 0 179
stand 1800 7400 322 0 179
tree 1848 7400 68 0 179
stand 1848 7416 398 0 179
tree 1912 7416 68 0 179
tree 1928 7400 68 0 179
stand 1960 7400 321 0 179
tree 1976 7416 68 0 179
stand 1992 7416 322 0 179
tree 2040 7400 68 0 179
stand 2104 7416 321 0 179
tree 2088 7400 68 0 179
tree 2136 7400 69 0 179
tree 2216 7400 68 0 179
tree 2232 7416 68 0 179
tree 2264 7416 69 0 179
tree 2296 7416 69 0 179
tree 2280 7416 68 0 179
stand 2312 7400 398 0 179
tree 2360 7400 69 0 179
zabor 2384 7408 26 0 8
stand 2472 7416 318 0 179
tree 2488 7400 45 0 179
stand 2536 7416 316 0 179
stand 2568 7400 316 0 179
tree 2568 7416 45 0 179
tree 2664 7416 77 0 179
fre 2676 7396 271 179 179
fre 2740 7412 194 179 179
fre 2740 7404 268 179 179
tree 2840 7416 77 0 179
tree 2888 7416 35 0 179
fre 2916 7396 272 179 179
tree 3000 7400 78 0 179
stand 3048 7416 405 0 179
fre 3076 7396 194 179 179
fre 3140 7420 194 179 179
fre 3180 7412 82 179 179
fre 3196 7420 268 179 179
fre 3180 7396 73 179 179
fre 3412 7420 72 179 179
tree 3464 7416 86 0 179
tree 3496 7416 86 0 179
tree 3512 7416 86 0 179
tree 3528 7400 86 0 179
tree 3560 7400 45 0 179
tree 3592 7416 86 0 179
tree 3672 7416 86 0 179
tree 3688 7416 86 0 179
tree 3704 7400 45 0 179
tree 3736 7400 86 0 179
tree 3768 7416 86 0 179
tree 3768 7400 86 0 179
tree 3816 7400 86 0 179
tree 3896 7416 87 0 179
tree 3928 7400 86 0 179
tree 3912 7416 44 0 179
fre 3996 7412 72 179 179
fre 4004 7396 72 179 179
stand 4408 7416 280 0 179
stand 4664 7416 280 0 179
stand 4744 7416 280 0 179
tree 5048 7416 85 0 179
fre 5060 7420 67 179 179
fre 5068 7412 76 179 179
fre 5084 7412 74 179 179
fre 5172 7420 74 179 179
fre 5252 7420 67 179 179
fre 5316 7420 67 179 179
fre 5348 7420 67 179 179
fre 5364 7412 76 179 179
fre 5492 7412 267 179 179
fre 5580 7420 74 179 179
fre 5588 7420 67 179 179
fre 5620 7420 67 179 179
fre 5612 7396 74 179 179
fre 5636 7420 67 179 179
fre 5668 7412 76 179 179
fre 5676 7404 67 179 179
fre 5700 7396 74 179 179
fre 5708 7396 67 179 179
fre 5724 7396 67 179 179
fre 5740 7396 67 179 179
fre 5732 7412 205 179 179
fre 5764 7420 267 179 179
fre 5804 7396 67 179 179
fre 5820 7412 67 179 179
fre 5828 7396 67 179 179
fre 5868 7396 67 179 179
fre 6044 7404 67 179 179
fre 6068 7412 67 179 179
fre 6068 7420 67 179 179
fre 6140 7420 67 179 179
fre 6148 7404 67 179 179
fre 6204 7420 67 179 179
stand 6312 7400 280 0 179
fre 6364 7396 67 179 179
fre 6372 7420 67 179 179
fre 6420 7412 67 179 179
fre 6484 7420 67 179 179
fre 6524 7396 73 179 179
fre 6612 7412 75 179 179
zabor 6640 7408 29 0 8
zabor 6768 7408 25 0 8
tree 6968 7416 79 0 179
fre 7060 7420 2 179 179
fre 7260 7412 196 179 179
fre 7236 7412 196 179 179
fre 7252 7404 198 179 179
tree 7256 7416 18 0 179
fre 7268 7404 272 179 179
fre 7292 7396 198 179 179
tree 7304 7400 79 0 179
fre 7676 7404 272 179 179
tree 7832 7416 79 0 179
fre 7924 7420 2 179 179
tree 232 7432 34 0 179
fre 308 7436 272 179 179
fre 308 7428 269 179 179
tree 488 7432 33 0 179
tree 568 7448 80 0 179
fre 604 7444 272 179 179
fre 580 7452 196 179 179
fre 580 7428 198 179 179
fre 636 7428 198 179 179
stand 616 7448 289 0 179
stand 648 7448 369 0 179
tree 760 7448 33 0 179
stand 792 7432 351 0 179
tree 1096 7432 34 0 179
fre 1172 7436 272 179 179
fre 1172 7428 269 179 179
tree 1352 7432 33 0 179
zabor 1552 7440 31 0 8
tree 1640 7432 69 0 179
tree 1672 7432 68 0 179
tree 1704 7432 69 0 179
stand 1752 7448 398 0 179
stand 1736 7432 322 0 179
stand 1784 7432 322 0 179
stand 1800 7448 322 0 179
tree 1832 7432 68 0 179
stand 1912 7448 398 0 179
stand 1896 7448 322 0 179
stand 1928 7432 322 0 179
stand 1992 7448 322 0 179
tree 2008 7432 68 0 179
stand 2040 7448 322 0 179
stand 2072 7432 398 0 179
stand 2104 7448 321 0 179
tree 2120 7432 68 0 179
stand 2152 7448 322 0 179
stand 2232 7432 321 0 179
stand 2296 7448 322 0 179
tree 2344 7448 69 0 179
zabor 2384 7440 26 0 8
trop 2412 7444 139 179 179
trop 2428 7452 139 179 179
tree 2536 7448 45 0 179
fre 2644 7436 271 179 179
fre 2644 7452 271 179 179
fre 2652 7428 268 179 179
fre 2636 7428 268 179 179
fre 2668 7444 268 179 179
tree 2856 7448 76 0 179
fre 2932 7444 268 179 179
tree 2984 7432 33 0 179
fre 2988 7428 196 179 179
fre 3004 7452 272 179 179
tree 3016 7432 45 0 179
fre 3084 7436 194 179 179
fre 3220 7452 194 179 179
fre 3204 7452 73 179 179
tree 3384 7432 77 0 179
tree 3448 7432 45 0 179
cliff 3472 7440 41 179 179
tree 3496 7448 87 0 179
cliff 3552 7424 17 179 179
cliff 3648 7424 16 179 179
tree 3720 7432 86 0 179
cliff 3728 7424 16 179 179
cliff 3808 7424 16 179 179
cliff 3888 7424 16 179 179
tree 3912 7448 44 0 179
tree 3944 7432 44 0 179
tree 3960 7432 44 0 179
stand 3992 7432 287 0 179
cliff 3968 7424 16 179 179
trop 4060 7436 139 179 179
stand 4264 7432 280 0 179
stand 4360 7448 280 0 179
stand 4456 7448 280 0 179
stand 4504 7432 280 0 179
stand 4488 7432 280 0 179
stand 4488 7448 280 0 179
stand 4568 7448 280 0 179
stand 4648 7448 280 0 179
stand 4744 7448 280 0 179
fre 5036 7436 67 179 179
fre 5068 7428 67 179 179
fre 5092 7444 205 179 179
fre 5188 7428 67 179 179
fre 5228 7428 67 179 179
fre 5492 7428 74 179 179
fre 5516 7436 67 179 179
fre 5508 7452 74 179 179
fre 5596 7444 67 179 179
fre 5588 7436 74 179 179
fre 5684 7452 76 179 179
fre 5676 7452 74 179 179
tree 5688 7448 85 0 179
fre 5716 7452 67 179 179
fre 5708 7428 74 179 179
fre 5732 7452 67 179 179
fre 5740 7444 205 179 179
fre 5796 7428 74 179 179
fre 5820 7452 74 179 179
fre 5852 7436 67 179 179
fre 5892 7436 67 179 179
fre 5996 7436 76 179 179
fre 6004 7428 76 179 179
fre 6116 7436 67 179 179
fre 6132 7436 76 179 179
fre 6220 7428 67 179 179
fre 6292 7452 67 179 179
fre 6364 7444 67 179 179
fre 6428 7436 76 179 179
fre 6476 7444 67 179 179
fre 6492 7444 76 179 179
fre 6532 7428 67 179 179
fre 6548 7428 67 179 179
fre 6540 7436 67 179 179
stand 6536 7432 269 0 179
fre 6612 7444 76 179 179
fre 6620 7444 76 179 179
fre 6620 7428 75 179 179
zabor 6640 7440 28 0 8
fre 6676 7452 205 179 179
fre 6660 7436 67 179 179
zabor 6768 7440 26 0 8
tree 6888 7432 34 0 179
fre 6964 7436 272 179 179
fre 6964 7428 269 179 179
tree 7144 7432 33 0 179
tree 7224 7448 80 0 179
fre 7260 7444 272 179 179
fre 7236 7452 196 179 179
fre 7236 7428 198 179 179
fre 7292 7428 198 179 179
stand 7272 7448 289 0 179
stand 7304 7448 369 0 179
tree 7416 7448 33 0 179
stand 7448 7432 351 0 179
tree 7752 7432 34 0 179
fre 7828 7436 272 179 179
fre 7828 7428 269 179 179
tree 8008 7432 33 0 179
tree 312 7480 79 0 179
tree 344 7480 87 0 179
fre 420 7468 2 179 179
fre 532 7460 198 179 179
tree 520 7480 87 0 179
tree 552 7480 34 0 179
fre 588 7460 198 179 179
tree 600 7480 87 0 179
fre 612 7468 198 179 179
fre 652 7468 198 179 179
fre 708 7476 272 179 179
fre 772 7484 196 179 179
tree 840 7480 87 0 179
tree 872 7480 35 0 179
fre 956 7460 2 179 179
fre 964 7468 2 179 179
tree 1176 7480 79 0 179
tree 1208 7480 87 0 179
fre 1284 7468 2 179 179
fre 1396 7460 198 179 179
tree 1384 7480 87 0 179
trop 1500 7484 139 179 179
zabor 1552 7472 25 0 8
stand 1640 7464 322 0 179
stand 1688 7464 322 0 179
tree 1720 7480 68 0 179
tree 1752 7480 68 0 179
fre 1740 7476 63 179 179
stand 1800 7480 321 0 179
stand 1848 7464 322 0 179
stand 1880 7464 321 0 179
tree 1896 7480 68 0 179
tree 1944 7480 69 0 179
stand 1960 7464 322 0 179
tree 2024 7464 69 0 179
tree 2072 7464 68 0 179
stand 2104 7464 398 0 179
tree 2232 7464 69 0 179
stand 2264 7464 322 0 179
stand 2296 7480 321 0 179
stand 2360 7480 398 0 179
zabor 2384 7472 31 0 8
stand 2456 7464 318 0 179
stand 2520 7464 316 0 179
stand 2616 7480 316 0 179
fre 2684 7468 271 179 179
fre 2700 7468 268 179 179
fre 2740 7484 194 179 179
fre 2764 7476 194 179 179
tree 2808 7464 85 0 179
tree 2824 7464 85 0 179
tree 2888 7464 42 0 179
tree 3000 7480 78 0 179
tree 3016 7464 45 0 179
tree 3032 7464 45 0 179
tree 3384 7480 80 0 179
fre 3372 7468 204 179 179
stand 3640 7464 384 0 179
fre 3756 7484 72 179 179
stand 3880 7464 378 0 179
stand 3960 7464 287 0 179
stand 3960 7480 380 0 179
stand 4296 7480 280 0 179
stand 4328 7464 280 0 179
stand 4408 7480 280 0 179
stand 4392 7480 280 0 179
stand 4552 7464 280 0 179
stand 4616 7480 280 0 179
stand 4648 7464 280 0 179
stand 4696 7464 280 0 179
stand 4712 7480 280 0 179
tree 5048 7480 85 0 179
fre 5100 7476 205 179 179
fre 5180 7484 74 179 179
fre 5212 7468 67 179 179
fre 5252 7468 67 179 179
fre 5300 7476 205 179 179
fre 5316 7484 205 179 179
fre 5380 7476 205 179 179
fre 5436 7460 67 179 179
fre 5492 7476 76 179 179
fre 5476 7468 76 179 179
fre 5540 7460 74 179 179
fre 5612 7476 67 179 179
fre 5692 7476 67 179 179
tree 5672 7480 85 0 179
fre 5708 7484 205 179 179
fre 5740 7476 67 179 179
fre 5748 7484 67 179 179
fre 5780 7484 76 179 179
fre 5764 7460 205 179 179
fre 5804 7460 67 179 179
fre 5844 7468 67 179 179
fre 5828 7460 67 179 179
fre 5956 7484 67 179 179
fre 5988 7476 76 179 179
fre 5988 7484 67 179 179
fre 6004 7476 76 179 179
fre 6060 7460 67 179 179
fre 6084 7484 267 179 179
fre 6124 7460 67 179 179
fre 6140 7476 67 179 179
fre 6132 7476 267 179 179
fre 6228 7484 67 179 179
fre 6364 7460 67 179 179
fre 6620 7468 76 179 179
zabor 6640 7472 30 0 8
fre 6628 7484 205 179 179
fre 6676 7476 205 179 179
trop 6708 7460 139 179 179
zabor 6768 7472 26 0 8
tree 6968 7480 79 0 179
tree 7000 7480 87 0 179
fre 7076 7468 2 179 179
fre 7188 7460 198 179 179
tree 7176 7480 87 0 179
tree 7208 7480 34 0 179
fre 7244 7460 198 179 179
tree 7256 7480 87 0 179
fre 7268 7468 198 179 179
fre 7308 7468 198 179 179
fre 7364 7476 272 179 179
fre 7428 7484 196 179 179
tree 7496 7480 87 0 179
tree 7528 7480 35 0 179
fre 7612 7460 2 179 179
fre 7620 7468 2 179 179
tree 7832 7480 79 0 179
tree 7864 7480 87 0 179
fre 7940 7468 2 179 179
fre 8052 7460 198 179 179
tree 8040 7480 87 0 179
tree 232 7496 87 0 179
tree 248 7496 87 0 179
stand 264 7496 288 0 179
stand 360 7496 288 0 179
fre 444 7500 2 179 179
fre 540 7516 198 179 179
stand 600 7512 289 0 179
stand 648 7496 367 0 179
tree 712 7496 87 0 179
tree 728 7512 35 0 179
stand 792 7496 353 0 179
fre 980 7500 2 179 179
tree 1096 7496 87 0 179
tree 1112 7496 87 0 179
stand 1128 7496 288 0 179
stand 1224 7496 288 0 179
fre 1308 7500 2 179 179
fre 1404 7516 198 179 179
zabor 1552 7504 31 0 8
tree 1592 7512 69 0 179
tree 1592 7496 69 0 179
stand 1624 7512 321 0 179
stand 1656 7496 398 0 179
stand 1672 7512 322 0 179
fre 1692 7500 14 179 179
stand 1752 7496 404 0 179
stand 1816 7496 321 0 179
tree 1800 7496 68 0 179
stand 1848 7496 321 0 179
tree 1832 7512 68 0 179
fre 1884 7508 63 179 179
tree 1928 7496 69 0 179
stand 1992 7496 322 0 179
fre 2028 7508 14 179 179
stand 2072 7496 398 0 179
stand 2072 7512 321 0 179
stand 2056 7496 321 0 179
stand 2104 7512 322 0 179
stand 2136 7496 322 0 179
tree 2152 7496 68 0 179
tree 2216 7512 69 0 179
tree 2264 7512 69 0 179
tree 2344 7496 69 0 179
zabor 2384 7504 27 0 8
stand 2488 7496 318 0 179
stand 2504 7512 317 0 179
tree 2520 7512 45 0 179
fre 2580 7508 58 179 179
fre 2580 7516 268 179 179
fre 2612 7516 271 179 179
fre 2652 7492 268 179 179
fre 2684 7492 268 179 179
stand 2712 7512 316 0 179
fre 2884 7492 268 179 179
tree 2984 7512 85 0 179
tree 3016 7512 85 0 179
tree 3224 7512 40 0 179
fre 3252 7500 73 179 179
trop 3292 7500 139 179 179
tree 3384 7512 52 0 179
fre 3404 7500 72 179 179
fre 3404 7492 72 179 179
tree 3480 7496 86 0 179
cliff 3488 7488 40 179 179
tree 3496 7512 45 0 179
stand 3544 7512 288 0 179
fre 3804 7500 71 179 179
tree 3848 7512 77 0 179
stand 3912 7496 379 0 179
stand 3976 7512 379 0 179
stand 4312 7496 280 0 179
stand 4376 7512 280 0 179
stand 4504 7496 280 0 179
stand 4568 7496 280 0 179
trop 4852 7516 139 179 179
tree 5032 7512 85 0 179
fre 5068 7516 205 179 179
fre 5100 7508 67 179 179
fre 5108 7516 67 179 179
fre 5124 7492 205 179 179
fre 5164 7492 67 179 179
fre 5204 7500 67 179 179
fre 5188 7492 67 179 179
fre 5356 7492 205 179 179
tree 5352 7512 82 0 179
tree 5368 7512 85 0 179
fre 5380 7508 205 179 179
fre 5452 7492 74 179 179
fre 5492 7492 74 179 179
fre 5660 7508 76 179 179
fre 5668 7500 67 179 179
fre 5692 7492 84 179 179
fre 5708 7500 67 179 179
fre 5740 7492 205 179 179
fre 5732 7500 205 179 179
fre 5740 7500 76 179 179
fre 5780 7492 73 179 179
fre 5924 7500 76 179 179
fre 5996 7516 74 179 179
fre 6036 7516 67 179 179
fre 6028 7492 74 179 179
fre 6052 7516 67 179 179
fre 6116 7492 74 179 179
fre 6132 7492 74 179 179
fre 6148 7516 74 179 179
fre 6436 7492 67 179 179
fre 6444 7492 67 179 179
fre 6484 7516 74 179 179
fre 6572 7500 67 179 179
fre 6612 7500 76 179 179
fre 6604 7508 76 179 179
fre 6612 7516 76 179 179
zabor 6640 7504 29 0 8
fre 6644 7516 205 179 179
fre 6660 7508 67 179 179
zabor 6768 7504 24 0 8
tree 6888 7496 87 0 179
tree 6904 7496 87 0 179
stand 6920 7496 288 0 179
stand 7016 7496 288 0 179
fre 7100 7500 2 179 179
fre 7196 7516 198 179 179
stand 7256 7512 289 0 179
stand 7304 7496 367 0 179
tree 7368 7496 87 0 179
tree 7384 7512 35 0 179
stand 7448 7496 353 0 179
fre 7636 7500 2 179 179
tree 7752 7496 87 0 179
tree 7768 7496 87 0 179
stand 7784 7496 288 0 179
stand 7880 7496 288 0 179
fre 7964 7500 2 179 179
fre 8060 7516 198 179 179
fre 204 7548 2 179 179
stand 360 7528 288 0 179
stand 552 7528 289 0 179
stand 616 7528 289 0 179
tree 776 7528 33 0 179
fre 852 7548 272 179 179
tree 840 7528 87 0 179
fre 1068 7548 2 179 179
stand 1224 7528 288 0 179
zabor 1552 7536 26 0 8
fre 1652 7548 15 179 179
stand 1688 7528 321 0 179
stand 1720 7528 322 0 179
stand 1736 7544 321 0 179
stand 1768 7528 322 0 179
tree 1784 7544 68 0 179
stand 1832 7544 398 0 179
tree 1832 7544 69 0 179
tree 1880 7528 69 0 179
stand 1928 7544 322 0 179
fre 1940 7548 14 179 179
stand 2008 7544 398 0 179
tree 2008 7528 69 0 179
stand 2104 7528 321 0 179
tree 2120 7528 69 0 179
tree 2216 7528 69 0 179
tree 2248 7544 68 0 179
stand 2312 7544 321 0 179
stand 2328 7544 322 0 179
zabor 2384 7536 28 0 8
stand 2472 7528 317 0 179
tree 2472 7528 45 0 179
tree 2520 7544 45 0 179
stand 2536 7528 316 0 179
fre 2668 7524 194 179 179
fre 2900 7532 194 179 179
fre 2972 7548 194 179 179
fre 3100 7540 194 179 179
fre 3116 7540 272 179 179
tree 3176 7528 35 0 179
fre 3372 7532 204 179 179
fre 3380 7532 72 179 179
tree 3480 7544 87 0 179
fre 3484 7540 71 179 179
tree 3496 7544 45 0 179
stand 3528 7544 288 0 179
fre 3548 7540 71 179 179
fre 3572 7532 71 179 179
tree 3608 7528 75 0 179
stand 3736 7544 402 0 179
stand 3752 7544 405 0 179
fre 3852 7548 72 179 179
fre 3908 7540 71 179 179
stand 4424 7544 280 0 179
tree 4472 7544 44 0 179
stand 4648 7544 289 0 179
fre 4740 7548 197 179 179
fre 5068 7532 67 179 179
fre 5100 7524 205 179 179
fre 5092 7532 205 179 179
fre 5284 7532 76 179 179
fre 5324 7524 205 179 179
fre 5364 7540 205 179 179
fre 5364 7532 205 179 179
tree 5368 7528 87 0 179
fre 5484 7524 67 179 179
fre 5532 7524 67 179 179
fre 5548 7548 67 179 179
fre 5580 7532 74 179 179
fre 5660 7548 74 179 179
fre 5676 7548 67 179 179
fre 5692 7548 76 179 179
stand 5688 7544 294 0 179
stand 5704 7528 294 0 179
fre 5836 7540 74 179 179
fre 5940 7540 205 179 179
fre 5956 7548 205 179 179
fre 6012 7540 67 179 179
fre 6020 7540 205 179 179
fre 6100 7548 76 179 179
fre 6116 7532 76 179 179
fre 6180 7524 74 179 179
fre 6428 7540 73 179 179
fre 6420 7548 73 179 179
zabor 6640 7536 27 0 8
zabor 6768 7536 25 0 8
fre 6860 7548 2 179 179
stand 7016 7528 288 0 179
stand 7208 7528 289 0 179
stand 7272 7528 289 0 179
tree 7432 7528 33 0 179
fre 7508 7548 272 179 179
tree 7496 7528 87 0 179
fre 7724 7548 2 179 179
stand 7880 7528 288 0 179
fre 244 7564 2 179 179
fre 284 7572 2 179 179
fre 332 7580 2 179 179
fre 468 7564 2 179 179
tree 728 7576 87 0 179
tree 728 7560 87 0 179
fre 1108 7564 2 179 179
tree 1112 7560 19 0 179
tree 1112 7576 19 0 179
fre 1148 7572 2 179 179
fre 1196 7580 2 179 179
fre 1332 7564 2 179 179
zabor 1552 7568 31 0 8
stand 1592 7560 322 0 179
tree 1624 7576 69 0 179
stand 1688 7576 404 0 179
stand 1672 7576 322 0 179
tree 1688 7560 68 0 179
tree 1704 7560 68 0 179
stand 1768 7576 322 0 179
tree 1832 7576 68 0 179
stand 1864 7576 322 0 179
tree 1880 7560 68 0 179
stand 1976 7576 322 0 179
stand 2008 7576 404 0 179
stand 2040 7576 322 0 179
tree 2024 7576 69 0 179
fre 2036 7556 63 179 179
stand 2056 7560 322 0 179
tree 2088 7576 69 0 179
fre 2100 7564 63 179 179
fre 2172 7564 14 179 179
tree 2168 7576 69 0 179
tree 2152 7576 69 0 179
stand 2216 7576 322 0 179
stand 2264 7560 321 0 179
stand 2280 7576 322 0 179
zabor 2384 7568 30 0 8
stand 2472 7560 318 0 179
stand 2552 7576 316 0 179
fre 2812 7556 194 179 179
fre 2828 7572 194 179 179
fre 2932 7580 272 179 179
fre 3068 7572 268 179 179
fre 3164 7556 196 179 179
stand 3160 7576 405 0 179
fre 3212 7580 268 179 179
fre 3364 7572 203 179 179
fre 3380 7556 203 179 179
fre 3380 7564 204 179 179
fre 3388 7580 72 179 179
tree 3400 7560 42 0 179
fre 3396 7580 72 179 179
fre 3404 7580 72 179 179
fre 3452 7572 71 179 179
tree 3480 7560 45 0 179
cliff 3488 7568 40 179 179
fre 3796 7572 72 179 179
fre 3788 7556 71 179 179
stand 3864 7576 405 0 179
stand 4008 7560 402 0 179
fre 4012 7564 72 179 179
fre 4292 7556 194 179 179
fre 4300 7580 130 179 179
fre 4348 7572 194 179 179
fre 4356 7572 194 179 179
fre 4356 7580 46 179 179
tree 4584 7560 44 0 179
tree 4616 7560 44 0 179
fre 4692 7572 194 179 179
stand 4776 7576 317 0 179
stand 4808 7576 318 0 179
fre 5196 7572 74 179 179
fre 5364 7564 74 179 179
fre 5372 7564 74 179 179
fre 5396 7572 67 179 179
fre 5580 7564 67 179 179
stand 5672 7576 268 0 179
fre 5748 7572 74 179 179
fre 5764 7580 67 179 179
fre 5788 7564 67 179 179
fre 5996 7556 205 179 179
tree 5992 7576 82 0 179
tree 6008 7576 85 0 179
fre 6020 7572 205 179 179
fre 6092 7556 74 179 179
fre 6132 7556 74 179 179
fre 6300 7572 76 179 179
fre 6308 7564 67 179 179
fre 6332 7556 84 179 179
fre 6380 7564 76 179 179
fre 6420 7556 73 179 179
fre 6492 7556 67 179 179
fre 6540 7564 76 179 179
fre 6604 7572 67 179 179
zabor 6640 7568 29 0 8
zabor 6768 7568 26 0 8
fre 6900 7564 2 179 179
fre 6940 7572 2 179 179
fre 6988 7580 2 179 179
fre 7124 7564 2 179 179
tree 7384 7576 87 0 179
tree 7384 7560 87 0 179
fre 7764 7564 2 179 179
tree 7768 7560 19 0 179
tree 7768 7576 19 0 179
fre 7804 7572 2 179 179
fre 7852 7580 2 179 179
fre 7988 7564 2 179 179
tree 200 7608 87 0 179
fre 332 7588 269 179 179
fre 420 7588 2 179 179
fre 484 7612 2 179 179
fre 556 7596 2 179 179
fre 652 7588 2 179 179
tree 824 7608 35 0 179
tree 920 7592 79 0 179
tree 936 7592 79 0 179
fre 972 7604 2 179 179
tree 1064 7608 87 0 179
tree 1112 7608 34 0 179
fre 1196 7588 269 179 179
fre 1284 7588 2 179 179
fre 1348 7612 2 179 179
zabor 1552 7600 30 0 8
tree 1592 7608 69 0 179
stand 1608 7608 322 0 179
stand 1688 7592 321 0 179
tree 1688 7592 69 0 179
stand 1688 7608 124 0 179
stand 1752 7608 398 0 179
tree 1736 7608 69 0 179
stand 1800 7608 322 0 179
stand 1832 7608 321 0 179
tree 1880 7608 68 0 179
tree 1928 7592 69 0 179
stand 1976 7608 322 0 179
fre 1972 7588 14 179 179
stand 2056 7608 321 0 179
stand 2072 7592 124 0 179
stand 2136 7608 404 0 179
tree 2136 7592 69 0 179
stand 2216 7608 322 0 179
stand 2264 7608 398 0 179
fre 2348 7604 15 179 179
fre 2364 7596 15 179 179
tree 2360 7592 68 0 179
tree 2360 7608 68 0 179
zabor 2384 7600 31 0 8
stand 2488 7608 316 0 179
stand 2520 7608 318 0 179
fre 2588 7596 58 179 179
stand 2648 7592 316 0 179
fre 2660 7604 194 179 179
tree 2712 7608 35 0 179
tree 2696 7592 85 0 179
fre 2852 7604 268 179 179
dom 2880 7584 308 0 179
tree 2920 7592 35 0 179
fre 2972 7588 268 179 179
fre 3060 7604 194 179 179
tree 3160 7592 79 0 179
tree 3192 7592 81 0 179
tree 3192 7608 40 0 179
tree 3208 7608 40 0 179
tree 3224 7592 45 0 179
fre 3372 7604 204 179 179
fre 3436 7588 71 179 179
tree 3496 7592 86 0 179
stand 3560 7592 386 0 179
stand 3592 7592 385 0 179
tree 3784 7608 75 0 179
fre 3812 7596 72 179 179
fre 3844 7588 71 179 179
fre 3876 7596 71 179 179
fre 3884 7604 72 179 179
fre 4324 7604 194 179 179
fre 4412 7596 194 179 179
tree 4472 7592 44 0 179
tree 4520 7608 40 0 179
tree 4536 7608 76 0 179
tree 4600 7608 39 0 179
stand 4680 7608 316 0 179
fre 4700 7604 194 179 179
stand 4712 7592 316 0 179
fre 4724 7588 193 179 179
fre 4724 7604 271 179 179
tree 4728 7592 45 0 179
stand 4792 7608 318 0 179
trop 4852 7596 139 179 179
fre 5124 7612 67 179 179
fre 5572 7596 197 179 179
fre 5612 7612 74 179 179
fre 5724 7588 67 179 179
fre 5716 7612 67 179 179
fre 5748 7588 67 179 179
fre 5820 7596 74 179 179
fre 5844 7604 67 179 179
fre 5876 7588 76 179 179
fre 5940 7612 74 179 179
fre 5924 7596 76 179 179
fre 5964 7588 205 179 179
fre 6004 7604 205 179 179
fre 6004 7596 205 179 179
tree 6008 7592 87 0 179
fre 6124 7588 67 179 179
fre 6188 7612 67 179 179
fre 6332 7612 76 179 179
stand 6328 7608 294 0 179
stand 6344 7592 294 0 179
fre 6612 7588 67 179 179
zabor 6640 7600 29 0 8
zabor 6768 7600 30 0 8
tree 6856 7608 87 0 179
fre 6988 7588 269 179 179
fre 7076 7588 2 179 179
fre 7140 7612 2 179 179
fre 7212 7596 2 179 179
fre 7308 7588 2 179 179
tree 7480 7608 35 0 179
tree 7576 7592 79 0 179
tree 7592 7592 79 0 179
fre 7628 7604 2 179 179
tree 7720 7608 87 0 179
tree 7768 7608 34 0 179
fre 7852 7588 269 179 179
fre 7940 7588 2 179 179
fre 8004 7612 2 179 179
tree 312 7640 81 0 179
tree 392 7640 87 0 179
fre 540 7628 2 179 179
fre 572 7636 2 179 179
tree 808 7624 33 0 179
tree 904 7624 87 0 179
fre 948 7636 2 179 179
tree 1176 7640 81 0 179
tree 1256 7640 87 0 179
fre 1404 7628 2 179 179
zabor 1552 7632 24 0 8
tree 1592 7640 69 0 179
stand 1608 7640 398 0 179
stand 1656 7624 321 0 179
stand 1672 7640 322 0 179
stand 1800 7640 398 0 179
stand 1800 7624 322 0 179
tree 1864 7624 68 0 179
stand 1912 7624 322 0 179
tree 1896 7624 69 0 179
stand 1944 7624 404 0 179
stand 1992 7624 321 0 179
tree 2024 7640 69 0 179
stand 2072 7640 398 0 179
stand 2088 7640 321 0 179
stand 2104 7640 322 0 179
stand 2232 7624 404 0 179
tree 2264 7640 69 0 179
stand 2328 7624 322 0 179
fre 2324 7636 14 179 179
zabor 2384 7632 26 0 8
trop 2404 7628 139 179 179
trop 2428 7628 139 179 179
stand 2472 7624 317 0 179
tree 2552 7640 45 0 179
stand 2568 7640 316 0 179
fre 2708 7636 196 179 179
fre 2716 7620 272 179 179
tree 2792 7640 42 0 179
fre 3076 7628 85 179 179
fre 3108 7628 268 179 179
tree 3144 7624 45 0 179
tree 3176 7624 40 0 179
tree 3208 7624 40 0 179
fre 3244 7628 73 179 179
fre 3236 7620 73 179 179
fre 3372 7644 203 179 179
fre 3380 7620 203 179 179
fre 3388 7620 204 179 179
fre 3380 7644 74 179 179
fre 3412 7644 74 179 179
fre 3476 7644 71 179 179
tree 3496 7640 87 0 179
cliff 3488 7632 40 179 179
tree 3528 7624 45 0 179
tree 3576 7624 41 0 179
fre 3756 7636 72 179 179
fre 3804 7644 71 179 179
tree 3816 7640 41 0 179
tree 3816 7624 41 0 179
stand 3816 7640 402 0 179
fre 3820 7644 72 179 179
fre 3868 7628 71 179 179
fre 3860 7628 72 179 179
fre 3876 7636 71 179 179
fre 3884 7628 71 179 179
fre 3884 7636 72 179 179
fre 3876 7620 72 179 179
trop 4068 7620 139 179 179
stand 4312 7624 291 0 179
tree 4536 7640 40 0 179
tree 4520 7624 40 0 179
tree 4584 7624 80 0 179
fre 4708 7636 196 179 179
fre 4724 7620 194 179 179
fre 4764 7644 197 179 179
fre 4804 7628 58 179 179
fre 5180 7628 74 179 179
fre 5300 7644 74 179 179
fre 5420 7620 67 179 179
fre 5476 7644 76 179 179
fre 5516 7636 74 179 179
fre 5572 7644 67 179 179
fre 5588 7644 67 179 179
fre 5684 7620 197 179 179
fre 5676 7636 67 179 179
fre 5668 7620 67 179 179
fre 5884 7644 67 179 179
fre 5916 7620 74 179 179
stand 5896 7640 270 0 179
fre 6004 7628 74 179 179
fre 6012 7628 74 179 179
fre 6036 7636 67 179 179
fre 6220 7628 67 179 179
stand 6312 7640 268 0 179
fre 6388 7636 74 179 179
fre 6428 7628 67 179 179
fre 6548 7628 197 179 179
fre 6572 7620 67 179 179
zabor 6640 7632 28 0 8
trop 6708 7628 139 179 179
zabor 6768 7632 30 0 8
tree 6968 7640 81 0 179
tree 7048 7640 87 0 179
fre 7196 7628 2 179 179
fre 7228 7636 2 179 179
tree 7464 7624 33 0 179
tree 7560 7624 87 0 179
fre 7604 7636 2 179 179
tree 7832 7640 81 0 179
tree 7912 7640 87 0 179
fre 8060 7628 2 179 179
fre 308 7676 272 179 179
fre 588 7660 2 179 179
fre 748 7652 2 179 179
fre 844 7676 2 179 179
fre 1020 7668 269 179 179
tree 1032 7672 87 0 179
tree 1096 7672 81 0 179
fre 1172 7676 272 179 179
trop 1500 7660 139 179 179
zabor 1552 7664 30 0 8
stand 1592 7672 322 0 179
stand 1640 7672 322 0 179
fre 1660 7676 15 179 179
stand 1672 7672 321 0 179
stand 1720 7656 322 0 179
tree 1736 7656 69 0 179
stand 1784 7656 322 0 179
tree 1768 7672 68 0 179
stand 1848 7672 321 0 179
fre 1852 7652 15 179 179
tree 1880 7672 69 0 179
stand 1912 7656 404 0 179
tree 1928 7672 69 0 179
tree 1992 7656 69 0 179
tree 2040 7672 68 0 179
stand 2072 7672 321 0 179
stand 2088 7656 398 0 179
stand 2104 7672 321 0 179
stand 2104 7656 322 0 179
tree 2168 7656 69 0 179
tree 2232 7672 69 0 179
stand 2264 7672 321 0 179
stand 2312 7672 322 0 179
tree 2328 7672 69 0 179
tree 2360 7672 69 0 179
zabor 2384 7664 31 0 8
stand 2536 7656 316 0 179
fre 2684 7652 194 179 179
tree 2712 7672 75 0 179
fre 2740 7676 268 179 179
tree 2760 7656 76 0 179
fre 2876 7660 194 179 179
tree 2936 7656 76 0 179
tree 2968 7656 33 0 179
tree 3000 7656 35 0 179
tree 3048 7672 42 0 179
tree 3192 7672 85 0 179
tree 3176 7672 85 0 179
tree 3224 7656 45 0 179
fre 3252 7652 73 179 179
trop 3292 7660 139 179 179
fre 3380 7676 203 179 179
fre 3404 7668 203 179 179
fre 3404 7652 203 179 179
fre 3444 7668 74 179 179
fre 3452 7668 74 179 179
fre 3452 7652 72 179 179
fre 3460 7668 74 179 179
tree 3544 7672 87 0 179
cliff 3520 7664 35 179 179
stand 3624 7656 383 0 179
tree 3704 7656 77 0 179
tree 3736 7672 41 0 179
stand 3816 7656 287 0 179
tree 3848 7656 41 0 179
fre 3932 7676 71 179 179
fre 3940 7652 71 179 179
tree 3992 7656 77 0 179
stand 3992 7656 405 0 179
tree 4008 7672 75 0 179
tree 4024 7656 41 0 179
tree 4296 7656 83 0 179
fre 4476 7652 194 179 179
fre 4476 7676 194 179 179
tree 4536 7656 40 0 179
tree 4552 7656 40 0 179
tree 4600 7672 39 0 179
tree 4600 7656 39 0 179
stand 4632 7672 289 0 179
tree 4648 7656 44 0 179
fre 4732 7668 194 179 179
stand 4760 7672 316 0 179
fre 4788 7676 58 179 179
stand 4792 7656 316 0 179
tree 4792 7656 45 0 179
fre 5244 7676 67 179 179
fre 5276 7652 74 179 179
stand 5256 7672 270 0 179
fre 5412 7676 67 179 179
fre 5460 7660 197 179 179
fre 5636 7660 67 179 179
fre 5684 7652 67 179 179
fre 5676 7668 67 179 179
fre 5684 7676 76 179 179
fre 5788 7652 67 179 179
stand 5848 7656 296 0 179
fre 5908 7652 205 179 179
fre 6212 7660 197 179 179
fre 6252 7676 74 179 179
fre 6484 7668 67 179 179
fre 6516 7652 76 179 179
zabor 6640 7664 30 0 8
fre 6644 7668 74 179 179
zabor 6768 7664 31 0 8
fre 6964 7676 272 179 179
fre 7244 7660 2 179 179
fre 7404 7652 2 179 179
fre 7500 7676 2 179 179
fre 7676 7668 269 179 179
tree 7688 7672 87 0 179
tree 7752 7672 81 0 179
fre 7828 7676 272 179 179
fre 228 7700 272 179 179
tree 264 7704 87 0 179
fre 308 7684 269 179 179
fre 332 7684 196 179 179
tree 440 7704 79 0 179
tree 488 7688 87 0 179
fre 564 7700 2 179 179
fre 564 7692 2 179 179
tree 680 7688 79 0 179
fre 892 7692 2 179 179
tree 1000 7704 87 0 179
fre 1092 7700 272 179 179
tree 1128 7704 87 0 179
fre 1172 7684 269 179 179
fre 1196 7684 196 179 179
tree 1304 7704 79 0 179
tree 1352 7688 87 0 179
zabor 1552 7696 31 0 8
stand 1624 7704 322 0 179
stand 1656 7688 398 0 179
tree 1688 7704 69 0 179
stand 1800 7704 398 0 179
tree 1800 7688 68 0 179
stand 1848 7688 322 0 179
stand 1880 7688 321 0 179
tree 1912 7704 69 0 179
stand 1960 7704 398 0 179
stand 1976 7704 321 0 179
tree 1992 7688 68 0 179
stand 2040 7704 321 0 179
tree 2088 7688 69 0 179
stand 2168 7688 404 0 179
stand 2152 7688 321 0 179
tree 2152 7704 69 0 179
tree 2296 7704 69 0 179
stand 2360 7704 318 0 179
stand 2344 7704 318 0 179
zabor 2384 7696 24 0 8
stand 2472 7688 317 0 179
stand 2472 7704 318 0 179
stand 2504 7704 317 0 179
stand 2568 7704 316 0 179
tree 2616 7704 45 0 179
fre 2644 7692 58 179 179
tree 2680 7704 85 0 179
tree 2760 7688 42 0 179
tree 2760 7704 42 0 179
tree 2792 7688 85 0 179
fre 2908 7708 194 179 179
tree 2952 7688 42 0 179
tree 2984 7704 42 0 179
fre 3100 7708 268 179 179
fre 3124 7692 194 179 179
tree 3224 7704 85 0 179
fre 3204 7700 268 179 179
fre 3244 7684 73 179 179
fre 3420 7692 204 179 179
fre 3436 7684 203 179 179
fre 3468 7700 203 179 179
fre 3484 7700 74 179 179
fre 3492 7692 72 179 179
fre 3500 7708 72 179 179
fre 3540 7700 71 179 179
tree 3560 7704 86 0 179
tree 3640 7688 41 0 179
stand 3720 7704 402 0 179
stand 3768 7688 405 0 179
stand 3864 7704 402 0 179
fre 3892 7708 71 179 179
fre 3916 7700 72 179 179
fre 3956 7700 72 179 179
tree 4264 7688 83 0 179
tree 4296 7704 84 0 179
tree 4344 7704 40 0 179
tree 4408 7688 80 0 179
fre 4692 7708 194 179 179
stand 4728 7704 316 0 179
stand 4792 7688 316 0 179
stand 5208 7688 296 0 179
fre 5380 7692 76 179 179
fre 5412 7708 267 179 179
fre 5612 7700 76 179 179
fre 5684 7684 76 179 179
fre 5716 7684 67 179 179
fre 5708 7700 76 179 179
fre 5700 7684 76 179 179
stand 5704 7688 294 0 179
fre 5764 7692 67 179 179
fre 5764 7684 74 179 179
fre 5820 7708 76 179 179
fre 5868 7700 67 179 179
fre 5916 7684 74 179 179
fre 5908 7700 81 179 179
fre 5916 7708 81 179 179
fre 5948 7684 76 179 179
fre 5924 7700 81 179 179
fre 5932 7708 81 179 179
fre 5940 7708 74 179 179
fre 6060 7684 67 179 179
fre 6116 7708 76 179 179
fre 6156 7700 74 179 179
fre 6228 7708 67 179 179
fre 6548 7700 74 179 179
fre 6556 7684 74 179 179
zabor 6640 7696 31 0 8
fre 6644 7684 67 179 179
zabor 6768 7696 24 0 8
fre 6884 7700 272 179 179
tree 6920 7704 87 0 179
fre 6964 7684 269 179 179
fre 6988 7684 196 179 179
tree 7096 7704 79 0 179
tree 7144 7688 87 0 179
fre 7220 7700 2 179 179
fre 7220 7692 2 179 179
tree 7336 7688 79 0 179
fre 7548 7692 2 179 179
tree 7656 7704 87 0 179
fre 7748 7700 272 179 179
tree 7784 7704 87 0 179
fre 7828 7684 269 179 179
fre 7852 7684 196 179 179
tree 7960 7704 79 0 179
tree 8008 7688 87 0 179
tree 200 7720 81 0 179
fre 228 7732 272 179 179
tree 328 7736 35 0 179
tree 376 7720 18 0 179
tree 456 7736 87 0 179
tree 792 7720 34 0 179
fre 868 7732 269 179 179
tree 1064 7720 81 0 179
fre 1092 7732 272 179 179
tree 1192 7736 35 0 179
tree 1240 7720 18 0 179
tree 1320 7736 87 0 179
zabor 1552 7728 25 0 8
stand 1592 7720 398 0 179
stand 1656 7720 322 0 179
stand 1720 7736 321 0 179
tree 1736 7720 69 0 179
stand 1784 7736 322 0 179
tree 1848 7720 69 0 179
stand 1880 7736 322 0 179
tree 1880 7736 69 0 179
stand 1896 7720 404 0 179
stand 1960 7736 322 0 179
stand 2024 7720 322 0 179
tree 2056 7720 68 0 179
tree 2104 7720 69 0 179
stand 2232 7720 322 0 179
stand 2216 7736 322 0 179
tree 2248 7736 68 0 179
stand 2280 7720 398 0 179
tree 2312 7736 69 0 179
stand 2344 7736 322 0 179
zabor 2384 7728 31 0 8
stand 2472 7720 316 0 179
tree 2488 7720 45 0 179
tree 2504 7720 45 0 179
fre 2572 7740 58 179 179
tree 2584 7720 45 0 179
stand 2728 7736 316 0 179
fre 2764 7724 268 179 179
fre 2788 7724 268 179 179
fre 2852 7740 268 179 179
fre 2876 7732 268 179 179
fre 2908 7716 194 179 179
tree 3000 7720 42 0 179
tree 2984 7720 42 0 179
fre 3164 7716 194 179 179
fre 3260 7740 72 179 179
fre 3252 7724 72 179 179
fre 3404 7724 204 179 179
fre 3460 7732 203 179 179
fre 3468 7724 204 179 179
stand 3512 7736 405 0 179
fre 3516 7716 72 179 179
fre 3524 7740 72 179 179
fre 3548 7724 71 179 179
cliff 3584 7728 34 179 179
tree 3640 7736 77 0 179
tree 3704 7736 41 0 179
dom 3808 7712 272 0 179
fre 3844 7740 71 179 179
fre 3884 7732 72 179 179
fre 3964 7716 71 179 179
fre 3996 7732 72 179 179
fre 3972 7724 72 179 179
fre 3996 7724 71 179 179
tree 4296 7736 83 0 179
tree 4344 7720 40 0 179
fre 4580 7716 194 179 179
stand 4760 7736 316 0 179
tree 4744 7720 45 0 179
stand 4792 7736 318 0 179
fre 4796 7740 197 179 179
fre 5228 7732 67 179 179
fre 5428 7716 67 179 179
fre 5460 7716 67 179 179
fre 5532 7732 74 179 179
fre 5572 7732 67 179 179
fre 5620 7740 67 179 179
fre 5684 7740 67 179 179
fre 5820 7740 74 179 179
fre 5876 7740 67 179 179
fre 5908 7724 81 179 179
stand 5912 7720 294 0 179
fre 5980 7740 67 179 179
fre 5956 7732 67 179 179
fre 6052 7740 67 179 179
fre 6100 7724 197 179 179
fre 6324 7740 76 179 179
fre 6428 7716 67 179 179
fre 6548 7716 205 179 179
zabor 6640 7728 30 0 8
zabor 6768 7728 28 0 8
tree 6856 7720 81 0 179
fre 6884 7732 272 179 179
tree 6984 7736 35 0 179
tree 7032 7720 18 0 179
tree 7112 7736 87 0 179
tree 7448 7720 34 0 179
fre 7524 7732 269 179 179
tree 7720 7720 81 0 179
fre 7748 7732 272 179 179
tree 7848 7736 35 0 179
tree 7896 7720 18 0 179
tree 7976 7736 87 0 179
fre 276 7756 269 179 179
stand 360 7768 288 0 179
tree 408 7768 18 0 179
fre 540 7764 2 179 179
tree 664 7768 87 0 179
tree 744 7752 34 0 179
tree 1032 7768 34 0 179
tree 1080 7768 81 0 179
fre 1140 7756 269 179 179
stand 1224 7768 288 0 179
tree 1272 7768 18 0 179
fre 1404 7764 2 179 179
zabor 1552 7760 27 0 8
stand 1592 7752 322 0 179
stand 1624 7752 322 0 179
stand 1656 7752 322 0 179
tree 1704 7768 69 0 179
stand 1736 7752 322 0 179
stand 1816 7752 398 0 179
stand 1800 7752 322 0 179
tree 1848 7752 68 0 179
stand 1848 7768 398 0 179
tree 1912 7768 68 0 179
tree 1928 7752 68 0 179
stand 1960 7752 321 0 179
tree 1976 7768 68 0 179
stand 1992 7768 322 0 179
tree 2040 7752 68 0 179
stand 2104 7768 321 0 179
tree 2088 7752 68 0 179
tree 2136 7752 69 0 179
tree 2216 7752 68 0 179
tree 2232 7768 68 0 179
tree 2248 7768 68 0 179
tree 2264 7768 69 0 179
tree 2296 7768 69 0 179
stand 2312 7752 398 0 179
tree 2360 7752 69 0 179
zabor 2384 7760 31 0 8
stand 2488 7752 318 0 179
stand 2616 7752 316 0 179
fre 2700 7756 194 179 179
fre 2780 7764 268 179 179
fre 2844 7748 82 179 179
fre 2820 7748 194 179 179
tree 3096 7768 34 0 179
tree 3160 7768 40 0 179
stand 3144 7768 405 0 179
fre 3204 7764 194 179 179
stand 3224 7768 43 0 179
fre 3388 7748 203 179 179
tree 3448 7752 76 0 179
fre 3492 7756 203 179 179
fre 3516 7764 203 179 179
fre 3508 7764 204 179 179
fre 3500 7756 72 179 179
tree 3592 7752 86 0 179
fre 3604 7764 71 179 179
tree 3688 7768 77 0 179
fre 4028 7772 72 179 179
trop 4108 7764 192 179 179
fre 4388 7764 267 179 179
fre 4396 7764 194 179 179
stand 4392 7752 280 0 179
fre 4436 7764 196 179 179
tree 4440 7768 87 0 179
tree 4488 7752 79 0 179
tree 4552 7768 77 0 179
fre 4668 7748 194 179 179
tree 4776 7768 45 0 179
trop 4852 7772 139 179 179
fre 5236 7772 67 179 179
fre 5340 7772 67 179 179
fre 5388 7748 76 179 179
fre 5380 7764 74 179 179
fre 5436 7756 197 179 179
fre 5492 7748 67 179 179
fre 5508 7748 67 179 179
fre 5564 7748 76 179 179
tree 5608 7768 83 0 179
fre 5788 7772 74 179 179
fre 5804 7748 67 179 179
fre 5844 7748 67 179 179
fre 5900 7772 74 179 179
fre 5964 7756 74 179 179
fre 5972 7756 74 179 179
fre 6004 7764 67 179 179
fre 6020 7756 76 179 179
fre 6052 7772 267 179 179
fre 6252 7764 76 179 179
fre 6324 7748 76 179 179
fre 6356 7748 67 179 179
fre 6348 7764 76 179 179
fre 6340 7748 76 179 179
stand 6344 7752 294 0 179
fre 6460 7772 76 179 179
fre 6556 7748 74 179 179
fre 6548 7764 81 179 179
fre 6556 7772 81 179 179
fre 6588 7748 76 179 179
fre 6564 7764 81 179 179
fre 6572 7772 81 179 179
zabor 6640 7760 24 0 8
fre 6676 7764 67 179 179
fre 6660 7764 67 179 179
zabor 6768 7760 29 0 8
fre 6932 7756 269 179 179
stand 7016 7768 288 0 179
tree 7064 7768 18 0 179
fre 7196 7764 2 179 179
tree 7320 7768 87 0 179
tree 7400 7752 34 0 179
tree 7688 7768 34 0 179
tree 7736 7768 81 0 179
fre 7796 7756 269 179 179
stand 7880 7768 288 0 179
tree 7928 7768 18 0 179
fre 8060 7764 2 179 179
tree 216 7784 81 0 179
tree 200 7784 81 0 179
fre 260 7788 272 179 179
fre 284 7788 196 179 179
tree 312 7800 87 0 179
tree 472 7784 87 0 179
fre 532 7804 2 179 179
tree 712 7800 87 0 179
tree 776 7800 34 0 179
fre 852 7804 196 179 179
tree 904 7784 87 0 179
tree 1080 7784 81 0 179
tree 1064 7784 81 0 179
fre 1124 7788 272 179 179
fre 1148 7788 196 179 179
tree 1176 7800 87 0 179
tree 1336 7784 87 0 179
fre 1396 7804 2 179 179
zabor 1552 7792 26 0 8
tree 1640 7784 69 0 179
tree 1672 7784 68 0 179
tree 1704 7784 69 0 179
stand 1752 7800 398 0 179
stand 1736 7784 322 0 179
stand 1784 7784 322 0 179
stand 1800 7800 322 0 179
tree 1832 7784 68 0 179
stand 1912 7800 398 0 179
stand 1896 7800 322 0 179
stand 1928 7784 322 0 179
stand 1992 7800 322 0 179
tree 2008 7784 68 0 179
stand 2040 7800 322 0 179
stand 2072 7784 398 0 179
stand 2104 7800 321 0 179
tree 2120 7784 68 0 179
stand 2152 7800 322 0 179
stand 2200 7784 321 0 179
stand 2264 7800 322 0 179
tree 2312 7800 69 0 179
stand 2360 7784 318 0 179
zabor 2384 7792 25 0 8
trop 2428 7804 139 179 179
stand 2488 7800 316 0 179
stand 2552 7784 316 0 179
stand 2584 7784 316 0 179
tree 2744 7800 85 0 179
fre 3028 7796 194 179 179
fre 3236 7780 84 179 179
fre 3252 7788 72 179 179
fre 3388 7780 203 179 179
tree 3416 7800 9 0 179
tree 3448 7784 76 0 179
fre 3476 7804 72 179 179
fre 3532 7780 203 179 179
fre 3548 7796 204 179 179
stand 3528 7784 405 0 179
tree 3640 7784 86 0 179
cliff 3632 7776 36 179 179
tree 3704 7800 45 0 179
fre 3804 7780 72 179 179
tree 3960 7784 44 0 179
tree 4008 7800 44 0 179
fre 4020 7780 71 179 179
tree 4344 7784 77 0 179
fre 4372 7796 194 179 179
tree 4360 7784 40 0 179
fre 4404 7780 267 179 179
stand 4424 7784 362 0 179
tree 4504 7800 40 0 179
stand 4568 7784 291 0 179
stand 4568 7800 289 0 179
stand 4584 7800 289 0 179
fre 4668 7788 194 179 179
stand 4680 7784 316 0 179
fre 4708 7788 272 179 179
fre 4716 7788 194 179 179
stand 4744 7784 316 0 179
stand 4776 7784 317 0 179
fre 4772 7804 271 179 179
tree 4776 7800 45 0 179
fre 4812 7788 58 179 179
fre 5260 7804 74 179 179
fre 5324 7788 74 179 179
fre 5332 7788 74 179 179
fre 5364 7796 67 179 179
fre 5412 7788 76 179 179
fre 5500 7804 67 179 179
fre 5556 7780 74 179 179
fre 5564 7796 67 179 179
fre 5660 7796 67 179 179
fre 5636 7796 74 179 179
fre 5700 7804 267 179 179
fre 5740 7780 67 179 179
fre 5756 7796 67 179 179
fre 5764 7796 74 179 179
fre 5796 7804 67 179 179
tree 5848 7784 83 0 179
tree 5864 7800 83 0 179
fre 5924 7804 67 179 179
fre 5948 7804 67 179 179
fre 5948 7788 74 179 179
fre 5948 7780 76 179 179
fre 5924 7796 81 179 179
fre 5932 7804 81 179 179
fre 5988 7804 67 179 179
fre 6068 7780 67 179 179
fre 6100 7780 67 179 179
fre 6172 7796 74 179 179
fre 6260 7804 67 179 179
fre 6324 7804 67 179 179
fre 6460 7804 74 179 179
fre 6548 7788 81 179 179
stand 6552 7784 294 0 179
fre 6596 7796 67 179 179
zabor 6640 7792 24 0 8
fre 6644 7780 74 179 179
trop 6700 7796 139 179 179
zabor 6768 7792 27 0 8
tree 6872 7784 81 0 179
tree 6856 7784 81 0 179
fre 6916 7788 272 179 179
fre 6940 7788 196 179 179
tree 6968 7800 87 0 179
tree 7128 7784 87 0 179
fre 7188 7804 2 179 179
tree 7368 7800 87 0 179
tree 7432 7800 34 0 179
fre 7508 7804 196 179 179
tree 7560 7784 87 0 179
tree 7736 7784 81 0 179
tree 7720 7784 81 0 179
fre 7780 7788 272 179 179
fre 7804 7788 196 179 179
tree 7832 7800 87 0 179
tree 7992 7784 87 0 179
fre 8052 7804 2 179 179
tree 248 7816 81 0 179
tree 312 7816 87 0 179
fre 396 7836 196 179 179
tree 872 7816 33 0 179
tree 1000 7816 19 0 179
tree 1032 7832 19 0 179
tree 1048 7832 18 0 179
fre 1076 7836 196 179 179
tree 1112 7816 81 0 179
tree 1176 7816 87 0 179
fre 1260 7836 196 179 179
trop 1500 7836 139 179 179
zabor 1552 7824 26 0 8
stand 1640 7816 322 0 179
stand 1688 7816 322 0 179
tree 1720 7832 68 0 179
tree 1752 7832 68 0 179
fre 1740 7828 63 179 179
stand 1800 7832 321 0 179
stand 1848 7816 322 0 179
stand 1880 7816 321 0 179
tree 1896 7832 68 0 179
tree 1944 7832 69 0 179
stand 1960 7816 322 0 179
tree 2024 7816 69 0 179
tree 2072 7816 68 0 179
stand 2104 7816 398 0 179
tree 2200 7816 69 0 179
stand 2232 7816 322 0 179
stand 2264 7832 321 0 179
stand 2328 7832 398 0 179
stand 2344 7816 318 0 179
stand 2360 7816 318 0 179
zabor 2384 7824 24 0 8
stand 2488 7832 318 0 179
stand 2536 7816 318 0 179
tree 2536 7832 45 0 179
fre 2580 7812 58 179 179
tree 2696 7816 85 0 179
fre 2692 7820 194 179 179
tree 2744 7816 85 0 179
tree 2792 7816 85 0 179
fre 2860 7828 194 179 179
tree 2968 7832 75 0 179
fre 2948 7820 268 179 179
fre 2980 7828 196 179 179
tree 3016 7832 35 0 179
fre 3012 7812 272 179 179
fre 3084 7836 196 179 179
fre 3092 7820 268 179 179
tree 3128 7832 75 0 179
fre 3116 7836 272 179 179
fre 3252 7820 72 179 179
trop 3292 7836 139 179 179
fre 3372 7836 74 179 179
tree 3432 7816 42 0 179
tree 3496 7816 80 0 179
tree 3672 7816 86 0 179
tree 3656 7816 86 0 179
cliff 3680 7824 35 179 179
tree 3736 7832 86 0 179
tree 3768 7832 86 0 179
tree 3768 7816 41 0 179
tree 3784 7816 45 0 179
tree 3816 7832 45 0 179
tree 3896 7832 90 0 179
tree 3912 7832 86 0 179
tree 3960 7816 44 0 179
tree 4024 7832 87 0 179
trop 4228 7828 193 179 179
tree 4312 7832 83 0 179
stand 4296 7816 294 0 179
tree 4504 7816 39 0 179
tree 4536 7816 77 0 179
tree 4552 7832 40 0 179
fre 4668 7836 196 179 179
stand 4696 7816 291 0 179
stand 4744 7832 316 0 179
fre 4764 7812 197 179 179
fre 4764 7820 197 179 179
stand 4776 7832 317 0 179
tree 4776 7816 45 0 179
fre 5284 7836 67 179 179
fre 5308 7836 67 179 179
fre 5540 7828 67 179 179
fre 5540 7812 67 179 179
fre 5636 7828 67 179 179
fre 5668 7836 67 179 179
fre 5732 7812 74 179 179
fre 5804 7828 74 179 179
fre 5892 7812 76 179 179
fre 5980 7836 67 179 179
fre 5956 7828 67 179 179
fre 6028 7812 76 179 179
fre 6020 7828 74 179 179
fre 6076 7820 197 179 179
fre 6148 7812 67 179 179
tree 6248 7832 83 0 179
fre 6444 7812 67 179 179
zabor 6640 7824 29 0 8
zabor 6768 7824 28 0 8
tree 6904 7816 81 0 179
tree 6968 7816 87 0 179
fre 7052 7836 196 179 179
tree 7528 7816 33 0 179
tree 7656 7816 19 0 179
tree 7688 7832 19 0 179
tree 7704 7832 18 0 179
fre 7732 7836 196 179 179
tree 7768 7816 81 0 179
tree 7832 7816 87 0 179
fre 7916 7836 196 179 179
tree 264 7864 87 0 179
tree 456 7864 34 0 179
fre 548 7844 2 179 179
tree 680 7848 79 0 179
stand 744 7864 350 0 179
tree 824 7864 33 0 179
tree 872 7848 87 0 179
tree 1128 7864 87 0 179
tree 1320 7864 34 0 179
zabor 1552 7856 31 0 8
tree 1592 7864 69 0 179
tree 1592 7848 69 0 179
stand 1624 7864 321 0 179
stand 1656 7848 398 0 179
stand 1672 7864 322 0 179
fre 1692 7852 14 179 179
stand 1752 7848 404 0 179
stand 1816 7848 321 0 179
tree 1800 7848 68 0 179
stand 1848 7848 321 0 179
tree 1832 7864 68 0 179
fre 1884 7860 63 179 179
tree 1928 7848 69 0 179
stand 1992 7848 322 0 179
fre 2028 7860 14 179 179
stand 2072 7848 398 0 179
stand 2072 7864 321 0 179
stand 2056 7848 321 0 179
stand 2104 7864 322 0 179
stand 2136 7848 322 0 179
tree 2152 7848 68 0 179
tree 2184 7864 69 0 179
tree 2232 7864 69 0 179
tree 2312 7848 69 0 179
stand 2360 7848 318 0 179
stand 2360 7864 318 0 179
zabor 2384 7856 30 0 8
stand 2472 7864 316 0 179
tree 2488 7848 45 0 179
tree 2584 7848 45 0 179
stand 2648 7848 316 0 179
tree 2760 7848 41 0 179
tree 2936 7864 85 0 179
tree 3000 7864 75 0 179
tree 3048 7864 45 0 179
tree 3176 7848 35 0 179
fre 3244 7868 72 179 179
fre 3372 7868 74 179 179
fre 3404 7844 74 179 179
fre 3452 7844 202 179 179
fre 3428 7852 74 179 179
stand 3480 7848 355 0 179
tree 3512 7848 55 0 179
fre 3532 7868 74 179 179
tree 3608 7864 81 0 179
tree 3688 7848 86 0 179
tree 3720 7848 86 0 179
tree 3768 7864 87 0 179
tree 3800 7864 86 0 179
tree 3832 7848 86 0 179
tree 3880 7864 87 0 179
tree 3928 7848 86 0 179
tree 3960 7864 87 0 179
tree 3976 7848 87 0 179
tree 4024 7864 86 0 179
tree 4056 7848 87 0 179
fre 4124 7860 72 179 179
fre 4124 7852 72 179 179
stand 4328 7864 303 0 179
stand 4344 7864 303 0 179
fre 4396 7868 194 179 179
fre 4420 7844 194 179 179
fre 4500 7860 194 179 179
fre 4636 7852 130 179 179
fre 4644 7844 194 179 179
stand 4728 7864 316 0 179
tree 4728 7864 45 0 179
tree 4760 7864 45 0 179
stand 4792 7864 318 0 179
fre 4804 7868 197 179 179
fre 5396 7844 67 179 179
fre 5436 7852 74 179 179
fre 5500 7852 76 179 179
fre 5532 7844 197 179 179
fre 5780 7860 67 179 179
fre 5780 7868 67 179 179
fre 5852 7868 67 179 179
fre 5964 7852 74 179 179
fre 5972 7852 74 179 179
fre 6004 7852 67 179 179
fre 6004 7860 67 179 179
fre 6052 7852 76 179 179
fre 6204 7860 67 179 179
fre 6340 7868 267 179 179
fre 6396 7860 67 179 179
fre 6588 7852 74 179 179
zabor 6640 7856 28 0 8
fre 6628 7868 67 179 179
zabor 6768 7856 28 0 8
tree 6920 7864 87 0 179
tree 7112 7864 34 0 179
fre 7204 7844 2 179 179
tree 7336 7848 79 0 179
stand 7400 7864 350 0 179
tree 7480 7864 33 0 179
tree 7528 7848 87 0 179
tree 7784 7864 87 0 179
tree 7976 7864 34 0 179
tree 264 7880 87 0 179
fre 332 7884 196 179 179
tree 376 7880 34 0 179
fre 564 7900 2 179 179
tree 616 7880 79 0 179
fre 708 7892 196 179 179
fre 820 7900 272 179 179
fre 836 7892 272 179 179
fre 844 7892 196 179 179
tree 904 7896 87 0 179
tree 1128 7880 87 0 179
fre 1196 7884 196 179 179
tree 1240 7880 34 0 179
zabor 1552 7888 27 0 8
fre 1652 7900 15 179 179
stand 1688 7880 321 0 179
stand 1720 7880 322 0 179
stand 1736 7896 321 0 179
stand 1768 7880 322 0 179
tree 1784 7896 68 0 179
stand 1832 7896 398 0 179
tree 1832 7896 69 0 179
tree 1880 7880 69 0 179
stand 1928 7896 322 0 179
fre 1940 7900 14 179 179
stand 2008 7896 398 0 179
tree 2008 7880 69 0 179
stand 2104 7880 321 0 179
tree 2120 7880 69 0 179
tree 2184 7880 69 0 179
tree 2216 7896 68 0 179
stand 2280 7896 321 0 179
stand 2296 7896 322 0 179
stand 2360 7896 318 0 179
zabor 2384 7888 24 0 8
stand 2488 7896 318 0 179
fre 2556 7884 58 179 179
tree 2680 7880 85 0 179
fre 2732 7892 194 179 179
fre 2932 7900 194 179 179
tree 2968 7880 45 0 179
tree 2984 7896 45 0 179
tree 3032 7896 42 0 179
tree 3176 7880 40 0 179
tree 3208 7880 40 0 179
fre 3252 7892 72 179 179
fre 3412 7884 72 179 179
fre 3452 7892 72 179 179
fre 3452 7884 74 179 179
cliff 3728 7872 32 179 179
cliff 3808 7888 32 179 179
cliff 3888 7888 31 179 179
cliff 3952 7888 29 179 179
cliff 4032 7872 28 179 179
fre 4108 7892 72 179 179
fre 4108 7876 72 179 179
tree 4312 7896 84 0 179
fre 4428 7876 267 179 179
fre 4556 7900 194 179 179
fre 4692 7892 194 179 179
fre 4708 7876 193 179 179
fre 4756 7892 193 179 179
fre 4740 7884 271 179 179
fre 4748 7884 194 179 179
fre 4796 7884 58 179 179
stand 4776 7896 316 0 179
fre 5364 7884 67 179 179
fre 5468 7892 76 179 179
fre 5508 7876 74 179 179
fre 5580 7892 74 179 179
fre 5604 7892 76 179 179
tree 5640 7880 85 0 179
fre 5676 7900 74 179 179
fre 5708 7884 76 179 179
fre 5828 7884 67 179 179
fre 5884 7900 74 179 179
fre 5900 7876 205 179 179
fre 5924 7900 74 179 179
fre 5948 7900 67 179 179
fre 5948 7884 74 179 179
fre 5988 7900 67 179 179
fre 6180 7876 67 179 179
fre 6276 7892 67 179 179
fre 6372 7876 74 179 179
fre 6532 7876 76 179 179
zabor 6640 7888 30 0 8
zabor 6768 7888 30 0 8
tree 6920 7880 87 0 179
fre 6988 7884 196 179 179
tree 7032 7880 34 0 179
fre 7220 7900 2 179 179
tree 7272 7880 79 0 179
fre 7364 7892 196 179 179
fre 7476 7900 272 179 179
fre 7492 7892 272 179 179
fre 7500 7892 196 179 179
tree 7560 7896 87 0 179
tree 7784 7880 87 0 179
fre 7852 7884 196 179 179
tree 7896 7880 34 0 179
fre 268 7908 269 179 179
stand 280 7928 289 0 179
stand 296 7912 289 0 179
fre 388 7924 272 179 179
fre 436 7932 269 179 179
tree 520 7928 87 0 179
tree 696 7928 18 0 179
stand 792 7928 351 0 179
fre 932 7916 269 179 179
tree 1016 7928 79 0 179
tree 1016 7912 79 0 179
fre 1028 7916 272 179 179
tree 1080 7928 81 0 179
fre 1132 7908 269 179 179
stand 1144 7928 289 0 179
stand 1160 7912 289 0 179
fre 1252 7924 272 179 179
fre 1300 7932 269 179 179
tree 1384 7928 87 0 179
zabor 1552 7920 25 0 8
stand 1592 7912 322 0 179
tree 1624 7928 69 0 179
stand 1688 7928 404 0 179
stand 1672 7928 322 0 179
tree 1688 7912 68 0 179
tree 1704 7912 68 0 179
stand 1768 7928 322 0 179
tree 1832 7928 68 0 179
stand 1864 7928 322 0 179
tree 1880 7912 68 0 179
stand 1976 7928 322 0 179
stand 2008 7928 404 0 179
stand 2040 7928 322 0 179
tree 2024 7928 69 0 179
fre 2036 7908 63 179 179
stand 2056 7912 322 0 179
tree 2088 7928 69 0 179
fre 2100 7916 63 179 179
fre 2172 7916 14 179 179
tree 2168 7928 69 0 179
tree 2152 7928 69 0 179
stand 2184 7928 322 0 179
stand 2232 7912 321 0 179
stand 2248 7928 322 0 179
stand 2360 7912 318 0 179
stand 2360 7928 318 0 179
zabor 2384 7920 24 0 8
tree 2552 7928 45 0 179
stand 2568 7928 316 0 179
tree 3160 7928 81 0 179
fre 3252 7924 72 179 179
fre 3244 7924 72 179 179
fre 3484 7916 202 179 179
fre 3532 7908 74 179 179
stand 3608 7928 405 0 179
fre 3740 7908 72 179 179
fre 3724 7908 72 179 179
fre 3772 7924 72 179 179
fre 3788 7932 72 179 179
fre 3796 7924 72 179 179
fre 3828 7924 72 179 179
fre 3820 7924 72 179 179
fre 3844 7932 72 179 179
fre 3852 7924 72 179 179
fre 3996 7916 72 179 179
fre 4012 7916 72 179 179
fre 4036 7916 72 179 179
fre 4116 7916 204 179 179
fre 4132 7932 72 179 179
tree 4328 7912 84 0 179
stand 4328 7928 280 0 179
fre 4452 7908 267 179 179
fre 4484 7924 194 179 179
tree 4552 7928 39 0 179
fre 4692 7924 196 179 179
stand 4760 7928 316 0 179
fre 4764 7932 193 179 179
fre 4796 7932 58 179 179
tree 5416 7912 83 0 179
fre 5532 7916 76 179 179
fre 5532 7932 74 179 179
fre 5660 7924 67 179 179
fre 5684 7916 74 179 179
fre 5700 7924 76 179 179
fre 5772 7908 67 179 179
fre 5884 7932 67 179 179
fre 5908 7932 205 179 179
fre 5900 7908 74 179 179
fre 5924 7908 67 179 179
fre 5980 7924 74 179 179
fre 6036 7908 67 179 179
fre 6076 7916 74 179 179
fre 6140 7916 76 179 179
fre 6172 7908 197 179 179
fre 6420 7924 67 179 179
fre 6420 7932 67 179 179
fre 6492 7932 67 179 179
zabor 6640 7920 29 0 8
zabor 6768 7920 27 0 8
fre 6924 7908 269 179 179
stand 6936 7928 289 0 179
stand 6952 7912 289 0 179
fre 7044 7924 272 179 179
fre 7092 7932 269 179 179
tree 7176 7928 87 0 179
tree 7352 7928 18 0 179
stand 7448 7928 351 0 179
fre 7588 7916 269 179 179
tree 7672 7928 79 0 179
tree 7672 7912 79 0 179
fre 7684 7916 272 179 179
tree 7736 7928 81 0 179
fre 7788 7908 269 179 179
stand 7800 7928 289 0 179
stand 7816 7912 289 0 179
fre 7908 7924 272 179 179
fre 7956 7932 269 179 179
tree 8040 7928 87 0 179
tree 248 7944 34 0 179
fre 348 7956 196 179 179
tree 376 7944 34 0 179
fre 364 7964 129 179 179
tree 392 7944 34 0 179
fre 404 7964 129 179 179
tree 504 7960 18 0 179
fre 580 7956 2 179 179
tree 600 7944 87 0 179
tree 616 7944 87 0 179
tree 664 7960 87 0 179
tree 744 7960 34 0 179
fre 908 7964 196 179 179
fre 996 7956 196 179 179
tree 1000 7960 87 0 179
tree 1112 7944 34 0 179
fre 1212 7956 196 179 179
tree 1240 7944 34 0 179
fre 1228 7964 129 179 179
tree 1256 7944 34 0 179
fre 1268 7964 129 179 179
tree 1368 7960 18 0 179
zabor 1552 7952 27 0 8
tree 1592 7960 69 0 179
stand 1608 7960 322 0 179
stand 1688 7944 321 0 179
tree 1688 7944 69 0 179
stand 1688 7960 124 0 179
stand 1752 7960 398 0 179
tree 1736 7960 69 0 179
stand 1800 7960 322 0 179
stand 1832 7960 321 0 179
tree 1880 7960 68 0 179
tree 1928 7944 69 0 179
stand 1976 7960 322 0 179
fre 1972 7940 14 179 179
stand 2056 7960 321 0 179
stand 2072 7944 124 0 179
stand 2136 7960 404 0 179
tree 2136 7944 69 0 179
stand 2184 7960 322 0 179
stand 2232 7960 398 0 179
fre 2316 7956 15 179 179
fre 2332 7948 15 179 179
tree 2328 7944 68 0 179
tree 2328 7960 68 0 179
zabor 2384 7952 27 0 8
stand 2488 7944 316 0 179
tree 2504 7944 45 0 179
stand 2552 7944 316 0 179
fre 2588 7948 58 179 179
tree 2680 7944 81 0 179
tree 2728 7944 41 0 179
fre 2804 7948 196 179 179
tree 2840 7944 34 0 179
tree 2904 7944 85 0 179
tree 2936 7960 42 0 179
fre 3004 7956 268 179 179
fre 3012 7964 268 179 179
fre 3132 7964 268 179 179
fre 3156 7956 268 179 179
tree 3416 7960 76 0 179
fre 3548 7940 201 179 179
stand 3608 7960 405 0 179
tree 3624 7944 81 0 179
tree 3688 7944 76 0 179
stand 3736 7960 358 0 179
stand 3752 7960 358 0 179
fre 3812 7956 72 179 179
stand 3816 7944 359 0 179
tree 4008 7960 82 0 179
fre 4116 7956 204 179 179
fre 4284 7940 205 179 179
tree 4328 7944 40 0 179
fre 4388 7956 194 179 179
tree 4536 7944 77 0 179
fre 4764 7948 194 179 179
tree 4760 7944 45 0 179
stand 4808 7960 318 0 179
trop 4852 7948 139 179 179
fre 5548 7964 76 179 179
fre 5596 7956 67 179 179
fre 5604 7940 67 179 179
fre 5652 7964 67 179 179
fre 5660 7948 76 179 179
fre 5660 7940 76 179 179
fre 5708 7964 74 179 179
fre 5748 7964 67 179 179
fre 5740 7940 74 179 179
fre 5956 7948 67 179 179
fre 6004 7948 67 179 179
fre 6108 7956 76 179 179
fre 6220 7956 74 179 179
fre 6244 7956 76 179 179
fre 6316 7964 74 179 179
fre 6348 7948 76 179 179
fre 6524 7964 74 179 179
fre 6564 7964 74 179 179
zabor 6640 7952 26 0 8
zabor 6768 7952 27 0 8
tree 6904 7944 34 0 179
fre 7004 7956 196 179 179
tree 7032 7944 34 0 179
fre 7020 7964 129 179 179
tree 7048 7944 34 0 179
fre 7060 7964 129 179 179
tree 7160 7960 18 0 179
fre 7236 7956 2 179 179
tree 7256 7944 87 0 179
tree 7272 7944 87 0 179
tree 7320 7960 87 0 179
tree 7400 7960 34 0 179
fre 7564 7964 196 179 179
fre 7652 7956 196 179 179
tree 7656 7960 87 0 179
tree 7768 7944 34 0 179
fre 7868 7956 196 179 179
tree 7896 7944 34 0 179
fre 7884 7964 129 179 179
tree 7912 7944 34 0 179
fre 7924 7964 129 179 179
tree 8024 7960 18 0 179
fre 172 7996 272 179 179
fre 364 7972 129 179 179
fre 372 7980 128 179 179
fre 404 7988 128 179 179
fre 444 7996 129 179 179
tree 456 7976 35 0 179
fre 572 7972 269 179 179
fre 604 7996 2 179 179
fre 676 7980 269 179 179
tree 952 7992 79 0 179
fre 1036 7996 272 179 179
fre 1228 7972 129 179 179
fre 1236 7980 128 179 179
fre 1268 7988 128 179 179
fre 1308 7996 129 179 179
tree 1320 7976 35 0 179
zabor 1552 7984 25 0 8
tree 1592 7992 69 0 179
stand 1608 7992 398 0 179
stand 1656 7976 321 0 179
stand 1672 7992 322 0 179
stand 1800 7992 398 0 179
stand 1800 7976 322 0 179
tree 1864 7976 68 0 179
stand 1912 7976 322 0 179
tree 1896 7976 69 0 179
stand 1944 7976 404 0 179
stand 1992 7976 321 0 179
tree 2024 7992 69 0 179
stand 2072 7992 398 0 179
stand 2088 7992 321 0 179
stand 2104 7992 322 0 179
stand 2200 7976 404 0 179
tree 2232 7992 69 0 179
stand 2296 7976 322 0 179
fre 2292 7988 14 179 179
stand 2360 7976 318 0 179
zabor 2384 7984 27 0 8
trop 2428 7980 139 179 179
tree 2520 7992 45 0 179
stand 2648 7992 316 0 179
tree 2648 7992 45 0 179
tree 2712 7976 41 0 179
tree 2728 7976 41 0 179
tree 2840 7992 33 0 179
tree 2888 7992 34 0 179
fre 3036 7996 194 179 179
fre 3028 7988 194 179 179
fre 3092 7972 194 179 179
fre 3132 7996 268 179 179
fre 3156 7972 268 179 179
fre 3196 7996 194 179 179
fre 3236 7996 268 179 179
fre 3372 7996 204 179 179
fre 3364 7988 204 179 179
tree 3400 7992 80 0 179
tree 3448 7976 34 0 179
stand 3544 7992 405 0 179
fre 3588 7988 74 179 179
tree 3640 7976 42 0 179
fre 3668 7980 206 179 179
tree 3688 7976 42 0 179
tree 3688 7992 42 0 179
fre 3700 7996 206 179 179
tree 3720 7976 80 0 179
fre 3732 7988 206 179 179
fre 3764 7988 206 179 179
fre 3796 7988 72 179 179
fre 3828 7988 206 179 179
stand 3848 7976 355 0 179
fre 3908 7996 206 179 179
stand 3928 7992 291 0 179
tree 3944 7992 81 0 179
fre 3964 7988 206 179 179
tree 3976 7976 82 0 179
tree 4008 7992 42 0 179
fre 4036 7980 206 179 179
fre 4052 7988 206 179 179
tree 4120 7976 12 0 179
fre 4124 7988 72 179 179
trop 4252 7980 139 179 179
fre 4284 7988 205 179 179
stand 4328 7976 280 0 179
tree 4408 7976 87 0 179
tree 4456 7992 79 0 179
tree 4568 7976 80 0 179
tree 4664 7976 76 0 179
tree 4712 7992 44 0 179
stand 4776 7992 317 0 179
fre 4876 7980 197 179 179
fre 5620 7988 67 179 179
fre 5628 7988 74 179 179
fre 5652 7980 67 179 179
fre 5660 7996 205 179 179
fre 5724 7988 67 179 179
fre 5812 7996 76 179 179
fre 5924 7996 74 179 179
tree 6056 7976 83 0 179
fre 6172 7996 74 179 179
fre 6300 7988 67 179 179
fre 6340 7988 76 179 179
fre 6412 7972 67 179 179
fre 6524 7996 67 179 179
fre 6620 7988 74 179 179
zabor 6640 7984 25 0 8
trop 6692 7972 139 179 179
zabor 6768 7984 27 0 8
fre 6828 7996 272 179 179
fre 7020 7972 129 179 179
fre 7028 7980 128 179 179
fre 7060 7988 128 179 179
fre 7100 7996 129 179 179
tree 7112 7976 35 0 179
fre 7228 7972 269 179 179
fre 7260 7996 2 179 179
fre 7332 7980 269 179 179
tree 7608 7992 79 0 179
fre 7692 7996 272 179 179
fre 7884 7972 129 179 179
fre 7892 7980 128 179 179
fre 7924 7988 128 179 179
fre 7964 7996 129 179 179
tree 7976 7976 35 0 179
fre 316 8012 272 179 179
tree 440 8008 87 0 179
tree 536 8008 87 0 179
tree 680 8008 33 0 179
stand 680 8008 280 0 179
stand 680 8024 280 0 179
tree 744 8024 34 0 179
fre 828 8004 269 179 179
tree 968 8024 87 0 179
fre 1180 8012 272 179 179
tree 1304 8008 87 0 179
tree 1400 8008 87 0 179
trop 1500 8012 139 179 179
zabor 1552 8016 26 0 8
stand 1592 8024 322 0 179
stand 1640 8024 322 0 179
fre 1660 8028 15 179 179
stand 1672 8024 321 0 179
stand 1720 8008 322 0 179
tree 1736 8008 69 0 179
stand 1784 8008 322 0 179
tree 1768 8024 68 0 179
stand 1848 8024 321 0 179
fre 1852 8004 15 179 179
tree 1880 8024 69 0 179
stand 1912 8008 404 0 179
tree 1928 8024 69 0 179
tree 1992 8008 69 0 179
tree 2040 8024 68 0 179
stand 2072 8024 321 0 179
stand 2088 8008 398 0 179
stand 2104 8024 321 0 179
stand 2104 8008 322 0 179
tree 2168 8008 69 0 179
tree 2200 8024 69 0 179
stand 2232 8024 321 0 179
stand 2280 8024 322 0 179
tree 2296 8024 69 0 179
tree 2328 8024 69 0 179
stand 2360 8024 318 0 179
zabor 2384 8016 29 0 8
stand 2472 8008 316 0 179
tree 2472 8024 45 0 179
stand 2504 8008 318 0 179
stand 2600 8024 316 0 179
stand 2696 8008 316 0 179
fre 2772 8020 194 179 179
tree 2952 8008 41 0 179
tree 2968 8024 42 0 179
fre 2948 8020 268 179 179
fre 3228 8012 84 179 179
fre 3228 8020 72 179 179
trop 3292 8012 139 179 179
tree 3368 8024 42 0 179
fre 3388 8020 204 179 179
fre 3372 8020 204 179 179
fre 3396 8020 204 179 179
tree 3432 8008 42 0 179
fre 3484 8028 73 179 179
fre 3532 8020 72 179 179
fre 3556 8012 73 179 179
fre 3588 8020 72 179 179
fre 3636 8012 72 179 179
fre 3700 8004 74 179 179
fre 3788 8028 72 179 179
fre 3860 8004 206 179 179
tree 3992 8008 42 0 179
fre 4044 8004 72 179 179
fre 4044 8020 72 179 179
fre 4076 8012 206 179 179
tree 4104 8008 9 0 179
fre 4108 8012 206 179 179
fre 4268 8028 205 179 179
tree 4312 8008 40 0 179
tree 4296 8008 84 0 179
fre 4372 8012 194 179 179
tree 4424 8008 87 0 179
tree 4504 8008 39 0 179
tree 4664 8008 76 0 179
tree 4696 8024 44 0 179
fre 4724 8020 271 179 179
fre 4772 8028 193 179 179
stand 4808 8008 318 0 179
fre 4844 8012 197 179 179
fre 5580 8028 83 179 179
fre 5652 8020 67 179 179
fre 5652 8028 67 179 179
fre 5716 8012 74 179 179
fre 5924 8004 67 179 179
fre 5980 8020 74 179 179
fre 6004 8012 67 179 179
fre 5996 8004 67 179 179
fre 6236 8020 67 179 179
fre 6300 8012 76 179 179
fre 6300 8004 76 179 179
fre 6348 8028 74 179 179
fre 6380 8004 74 179 179
zabor 6640 8016 25 0 8
fre 6628 8012 74 179 179
zabor 6768 8016 30 0 8
fre 6972 8012 272 179 179
tree 7096 8008 87 0 179
tree 7192 8008 87 0 179
tree 7336 8008 33 0 179
stand 7336 8008 280 0 179
stand 7336 8024 280 0 179
tree 7400 8024 34 0 179
fre 7484 8004 269 179 179
tree 7624 8024 87 0 179
fre 7836 8012 272 179 179
tree 7960 8008 87 0 179
tree 8056 8008 87 0 179
stand 344 8056 44 0 179
tree 392 8040 87 0 179
stand 472 8056 280 0 179
tree 504 8040 87 0 179
stand 504 8056 280 0 179
stand 520 8040 280 0 179
fre 564 8044 137 179 179
fre 564 8036 129 179 179
fre 564 8060 129 179 179
fre 572 8044 129 179 179
fre 604 8052 2 179 179
stand 712 8040 280 0 179
tree 824 8040 87 0 179
stand 888 8056 39 0 179
fre 916 8036 63 179 179
fre 924 8044 63 179 179
fre 940 8060 63 179 179
stand 968 8056 280 0 179
tree 1048 8040 79 0 179
stand 1048 8040 280 0 179
fre 1028 8052 63 179 179
fre 1052 8060 63 179 179
stand 1064 8056 280 0 179
tree 1112 8040 87 0 179
stand 1208 8056 44 0 179
tree 1256 8040 87 0 179
stand 1336 8056 280 0 179
tree 1368 8040 87 0 179
stand 1368 8056 280 0 179
stand 1384 8040 280 0 179
zabor 1552 8048 31 0 8
stand 1624 8056 322 0 179
stand 1656 8040 398 0 179
tree 1688 8056 69 0 179
stand 1800 8056 398 0 179
tree 1800 8040 68 0 179
stand 1848 8040 322 0 179
stand 1880 8040 321 0 179
tree 1912 8056 69 0 179
stand 1960 8056 398 0 179
stand 1976 8056 321 0 179
tree 1992 8040 68 0 179
stand 2040 8056 321 0 179
tree 2088 8040 69 0 179
stand 2168 8040 404 0 179
stand 2152 8040 321 0 179
tree 2152 8056 69 0 179
tree 2264 8056 69 0 179
stand 2328 8040 318 0 179
stand 2312 8056 318 0 179
stand 2344 8056 318 0 179
zabor 2384 8048 29 0 8
stand 2488 8056 316 0 179
fre 2532 8060 58 179 179
fre 2596 8036 58 179 179
tree 2680 8056 85 0 179
fre 2892 8060 196 179 179
fre 3028 8044 268 179 179
tree 4312 8056 40 0 179
tree 4296 8056 83 0 179
stand 4312 8040 280 0 179
tree 4456 8040 81 0 179
fre 4564 8036 196 179 179
tree 4552 8040 40 0 179
tree 4584 8040 87 0 179
fre 4724 8052 271 179 179
stand 4760 8056 316 0 179
tree 4744 8056 45 0 179
stand 4776 8056 316 0 179
fre 4796 8036 194 179 179
tree 4792 8056 45 0 179
tree 4776 8056 45 0 179
fre 4812 8060 58 179 179
fre 5956 8044 67 179 179
fre 5996 8052 84 179 179
fre 6124 8044 74 179 179
fre 6260 8052 67 179 179
fre 6268 8052 74 179 179
fre 6300 8060 205 179 179
fre 6452 8060 67 179 179
fre 6524 8060 67 179 179
zabor 6640 8048 30 0 8
fre 6636 8044 76 179 179
fre 6676 8052 205 179 179
zabor 6768 8048 31 0 8
stand 7000 8056 44 0 179
tree 7048 8040 87 0 179
stand 7128 8056 280 0 179
tree 7160 8040 87 0 179
stand 7160 8056 280 0 179
stand 7176 8040 280 0 179
fre 7220 8044 137 179 179
fre 7220 8036 129 179 179
fre 7220 8060 129 179 179
fre 7228 8044 129 179 179
fre 7260 8052 2 179 179
stand 7368 8040 280 0 179
tree 7480 8040 87 0 179
stand 7544 8056 39 0 179
fre 7572 8036 63 179 179
fre 7580 8044 63 179 179
fre 7596 8060 63 179 179
stand 7624 8056 280 0 179
tree 7704 8040 79 0 179
stand 7704 8040 280 0 179
fre 7684 8052 63 179 179
fre 7708 8060 63 179 179
stand 7720 8056 280 0 179
tree 7768 8040 87 0 179
stand 7864 8056 44 0 179
tree 7912 8040 87 0 179
stand 7992 8056 280 0 179
tree 8024 8040 87 0 179
stand 8024 8056 280 0 179
stand 8040 8040 280 0 179
zabor 1552 8080 29 0 8
stand 1592 8072 398 0 179
stand 1656 8072 322 0 179
stand 1720 8088 321 0 179
tree 1736 8072 69 0 179
stand 1784 8088 322 0 179
tree 1848 8072 69 0 179
stand 1880 8088 322 0 179
tree 1880 8088 69 0 179
stand 1896 8072 404 0 179
stand 1960 8088 322 0 179
stand 2024 8072 322 0 179
tree 2056 8072 68 0 179
tree 2104 8072 69 0 179
stand 2200 8072 322 0 179
stand 2184 8088 322 0 179
tree 2216 8088 68 0 179
stand 2248 8072 398 0 179
tree 2280 8088 69 0 179
stand 2312 8088 322 0 179
stand 2344 8072 318 0 179
zabor 2384 8080 25 0 8
stand 2552 8088 316 0 179
stand 2584 8072 316 0 179
fre 2684 8076 58 179 179
fre 2668 8092 272 179 179
fre 2756 8092 194 179 179
tree 2872 8072 76 0 179
fre 2884 8076 272 179 179
tree 2952 8072 35 0 179
fre 3068 8092 194 179 179
tree 3192 8088 76 0 179
stand 1592 8104 322 0 179
stand 1624 8104 322 0 179
stand 1656 8104 322 0 179
tree 1704 8120 69 0 179
stand 1736 8104 322 0 179
stand 1816 8104 398 0 179
stand 1800 8104 322 0 179
tree 1848 8104 68 0 179
tree 1912 8120 68 0 179
tree 1928 8104 68 0 179
stand 1960 8104 321 0 179
stand 1992 8120 322 0 179
tree 2040 8104 68 0 179
stand 2104 8120 321 0 179
tree 2088 8104 68 0 179
tree 2136 8104 69 0 179
tree 2184 8104 68 0 179
tree 2200 8120 68 0 179
tree 2232 8120 69 0 179
tree 2264 8120 69 0 179
stand 2280 8104 398 0 179
tree 2328 8104 69 0 179
stand 2472 8104 318 0 179
stand 2504 8104 316 0 179
tree 2536 8120 45 0 179
fre 2668 8100 196 179 179
fre 2860 8116 196 179 179
tree 2888 8120 41 0 179
tree 2936 8104 78 0 179
tree 2920 8120 85 0 179
tree 2968 8104 41 0 179
fre 2996 8108 268 179 179
fre 3140 8108 196 179 179
tree 3224 8120 42 0 179
fre 3252 8100 72 179 179
fre 3236 8116 72 179 179
trop 4860 8108 57 179 179
stand 2504 8152 318 0 179
tree 2504 8152 45 0 179
fre 2556 8148 58 179 179
stand 2552 8152 316 0 179
tree 2648 8136 81 0 179
fre 2716 8132 196 179 179
fre 2764 8140 194 179 179
fre 2772 8140 272 179 179
tree 2792 8152 85 0 179
tree 2840 8136 35 0 179
tree 2904 8152 41 0 179
tree 2936 8136 85 0 179
fre 3012 8132 268 179 179
fre 3052 8132 194 179 179
tree 3144 8136 35 0 179
fre 3164 8148 272 179 179
tree 3176 8136 33 0 179
tree 3224 8136 42 0 179
fre 3228 8156 72 179 179
stand 2472 8168 318 0 179
fre 2572 8164 58 179 179
tree 2632 8168 78 0 179
stand 2696 8168 316 0 179
tree 2840 8168 85 0 179
tree 2856 8168 85 0 179
fre 2884 8180 268 179 179
tree 3144 8184 42 0 179
tree 3144 8168 42 0 179
fre 3156 8180 268 179 179
fre 3252 8188 72 179 179
fre 3236 8172 72 179 179
