trop 5892 124 48 179 179
trop 1620 156 66 179 179
tree 2296 152 63 0 179
tree 2584 152 65 0 179
tree 4376 152 59 0 179
tree 5336 152 68 0 179
tree 5320 152 65 0 179
trop 7604 148 67 179 179
zabor 176 176 26 0 8
zabor 208 176 26 0 8
zabor 240 176 31 0 8
zabor 272 176 30 0 8
zabor 304 176 27 0 8
zabor 336 176 28 0 8
zabor 368 176 30 0 8
zabor 400 176 28 0 8
zabor 432 176 31 0 8
zabor 464 176 31 0 8
zabor 496 176 31 0 8
zabor 528 176 24 0 8
zabor 560 176 31 0 8
zabor 592 176 28 0 8
zabor 624 176 28 0 8
zabor 656 176 29 0 8
zabor 688 176 31 0 8
zabor 720 176 31 0 8
zabor 784 176 29 0 8
zabor 816 176 25 0 8
zabor 848 176 26 0 8
zabor 880 176 24 0 8
zabor 912 176 30 0 8
zabor 944 176 31 0 8
zabor 976 176 27 0 8
zabor 1008 176 29 0 8
zabor 1040 176 31 0 8
zabor 1072 176 28 0 8
zabor 1104 176 31 0 8
zabor 1136 176 29 0 8
zabor 1168 176 30 0 8
zabor 1200 176 30 0 8
zabor 1232 176 28 0 8
zabor 1264 176 28 0 8
zabor 1296 176 28 0 8
zabor 1328 176 26 0 8
zabor 1360 176 30 0 8
zabor 1392 176 26 0 8
zabor 1424 176 26 0 8
zabor 1456 176 25 0 8
zabor 1488 176 25 0 8
zabor 1520 176 25 0 8
zabor 1552 176 30 0 8
zabor 1584 176 29 0 8
zabor 1680 176 28 0 8
zabor 1712 176 24 0 8
zabor 1744 176 30 0 8
zabor 1776 176 30 0 8
zabor 1808 176 24 0 8
zabor 1840 176 27 0 8
zabor 1872 176 29 0 8
zabor 1904 176 27 0 8
zabor 1936 176 30 0 8
zabor 1968 176 24 0 8
zabor 2000 176 25 0 8
stand 2024 184 0 0 179
zabor 2032 176 25 0 8
zabor 2064 176 31 0 8
zabor 2096 176 24 0 8
fre 2212 188 83 179 179
tree 2456 168 65 0 179
tree 2584 168 67 0 179
tree 4408 184 57 0 179
tree 4440 168 51 0 179
tree 4520 184 50 0 179
tree 4936 168 69 0 179
tree 5000 184 66 0 179
trop 5892 188 48 179 179
tree 6072 184 24 0 179
tree 6088 184 30 0 179
zabor 176 208 28 0 8
zabor 720 208 30 0 8
zabor 784 208 31 0 8
stand 856 216 0 0 179
zabor 1584 208 30 0 8
zabor 1680 208 29 0 8
zabor 2096 208 28 0 8
tree 2312 200 63 0 179
tree 2456 200 69 0 179
tree 2536 200 69 0 179
fre 2692 204 83 179 179
tree 3672 216 69 0 179
tree 3736 216 63 0 179
tree 4376 200 44 0 179
stand 4680 216 0 0 179
fre 4980 212 83 179 179
dom 5152 192 56 0 179
dom 5280 192 66 0 179
tree 6008 216 19 0 179
tree 6040 200 8 0 179
tree 6024 200 30 0 179
tree 6024 216 15 0 179
tree 6040 216 6 0 179
tree 6104 216 44 0 179
tree 6088 200 61 0 179
tree 6152 200 19 0 179
tree 6168 200 50 0 179
tree 6264 216 43 0 179
tree 6360 200 13 0 179
zabor 176 240 25 0 8
stand 264 248 0 0 179
stand 504 248 0 0 179
zabor 720 240 25 0 8
zabor 784 240 31 0 8
stand 1224 248 0 0 179
zabor 1584 240 28 0 8
trop 1620 244 66 179 179
zabor 1680 240 29 0 8
stand 1768 248 0 0 179
zabor 2096 240 28 0 8
lay 2168 248 18 0 179
tree 3896 232 63 0 179
tree 4504 232 44 0 179
tree 4952 248 69 0 179
fre 4972 228 83 179 179
tree 4984 248 67 0 179
tree 5048 248 69 0 179
tree 6024 248 13 0 179
tree 6072 232 59 0 179
tree 6104 248 6 0 179
tree 6088 248 22 0 179
tree 6120 232 58 0 179
tree 6184 232 21 0 179
tree 6440 232 11 0 179
trop 7604 236 67 179 179
zabor 176 272 26 0 8
zabor 720 272 27 0 8
zabor 784 272 26 0 8
zabor 1584 272 29 0 8
fre 1612 268 36 179 179
zabor 1680 272 24 0 8
zabor 2096 272 27 0 8
dom 5408 256 42 0 179
trop 5892 268 48 179 179
tree 5992 280 21 0 179
tree 6392 264 19 0 179
zabor 176 304 30 0 8
zabor 720 304 26 0 8
zabor 784 304 27 0 8
zabor 1584 304 29 0 8
zabor 1680 304 27 0 8
zabor 2096 304 26 0 8
lay 2232 312 18 0 179
tree 2776 312 65 0 179
tree 2792 312 65 0 179
stand 2936 296 0 0 179
stand 3448 296 0 0 179
tree 4568 296 19 0 179
stand 5048 312 10 0 179
trop 5148 292 68 179 179
stand 5288 296 10 0 179
tree 5752 312 64 0 179
tree 6088 296 4 0 179
tree 6104 312 4 0 179
tree 6280 296 35 0 179
tree 6312 312 23 0 179
tree 6392 312 11 0 179
zabor 176 336 30 0 8
zabor 720 336 28 0 8
zabor 784 336 29 0 8
zabor 1584 336 26 0 8
trop 1620 332 66 179 179
zabor 1680 336 26 0 8
zabor 2096 336 28 0 8
tree 2184 344 30 0 179
tree 2776 328 64 0 179
tree 3720 344 11 0 179
stand 4392 328 0 0 179
trop 5044 348 70 179 179
trop 5116 324 113 179 179
trop 5204 324 113 179 179
trop 5300 324 113 179 179
trop 5388 324 113 179 179
trop 5476 324 113 179 179
trop 5556 348 117 179 179
tree 5624 344 27 0 179
tree 5704 344 65 0 179
trop 5892 340 48 179 179
tree 6216 328 59 0 179
tree 6312 344 35 0 179
tree 6328 344 59 0 179
tree 6456 328 65 0 179
trop 7604 324 67 179 179
zabor 176 368 26 0 8
zabor 720 368 29 0 8
zabor 784 368 26 0 8
zabor 1584 368 28 0 8
zabor 1680 368 25 0 8
zabor 2096 368 25 0 8
tree 2664 376 65 0 179
tree 2776 376 67 0 179
fre 2812 356 83 179 179
tree 3816 360 57 0 179
dom 5440 352 6 0 179
tree 6280 376 21 0 179
tree 6424 376 27 0 179
zabor 176 400 25 0 8
zabor 720 400 26 0 8
zabor 784 400 30 0 8
stand 952 408 0 0 179
zabor 1584 400 31 0 8
zabor 1680 400 26 0 8
stand 1768 408 0 0 179
zabor 2096 400 29 0 8
tree 2200 392 57 0 179
tree 2216 392 19 0 179
tree 2216 408 15 0 179
tree 2296 408 44 0 179
tree 2616 408 68 0 179
tree 3688 408 67 0 179
tree 3800 408 21 0 179
tree 3848 408 68 0 179
dom 5152 384 4 0 179
dom 5280 384 8 0 179
trop 5580 396 71 179 179
stand 5608 392 10 0 179
tree 5656 392 68 0 179
tree 5720 408 13 0 179
tree 5784 392 66 0 179
stand 5848 392 63 0 179
stand 5944 408 63 0 179
tree 5976 408 44 0 179
tree 6168 408 15 0 179
tree 6184 408 46 0 179
tree 6392 392 64 0 179
trop 7604 412 67 179 179
zabor 176 432 30 0 8
zabor 720 432 26 0 8
zabor 784 432 24 0 8
zabor 1584 432 24 0 8
trop 1620 420 66 179 179
zabor 1680 432 30 0 8
zabor 2032 432 27 0 8
zabor 2064 432 31 0 8
zabor 2096 432 24 0 8
tree 2168 424 46 0 179
tree 2216 424 44 0 179
tree 2296 424 35 0 179
tree 2296 440 54 0 179
fre 2340 428 37 179 179
tree 2504 424 67 0 179
tree 3768 440 2 0 179
trop 5028 428 68 179 179
trop 5556 444 69 179 179
tree 5624 424 51 0 179
tree 5768 424 69 0 179
trop 5892 420 48 179 179
tree 6264 440 69 0 179
tree 6280 440 61 0 179
tree 6504 424 21 0 179
zabor 176 464 25 0 8
stand 344 456 0 0 179
zabor 720 464 28 0 8
zabor 784 464 27 0 8
stand 1368 472 0 0 179
zabor 1680 464 30 0 8
zabor 2000 464 26 0 8
zabor 2032 464 29 0 8
tree 2152 456 11 0 179
tree 2280 456 53 0 179
tree 2280 472 45 0 179
fre 2412 452 83 179 179
fre 2476 468 37 179 179
tree 2552 456 68 0 179
tree 2760 456 50 0 179
stand 4328 456 0 0 179
trop 5140 460 114 179 179
trop 5228 460 114 179 179
trop 5308 460 114 179 179
trop 5396 460 114 179 179
trop 5484 460 114 179 179
tree 5656 472 2 0 179
tree 5720 456 57 0 179
tree 5736 472 19 0 179
tree 6264 456 6 0 179
tree 6360 456 58 0 179
tree 6440 472 35 0 179
zabor 176 496 25 0 8
zabor 720 496 27 0 8
zabor 784 496 30 0 8
trop 1620 508 68 179 179
zabor 1680 496 25 0 8
zabor 1712 496 27 0 8
zabor 1744 496 24 0 8
zabor 1776 496 30 0 8
zabor 1808 496 27 0 8
zabor 1840 496 24 0 8
zabor 1872 496 31 0 8
zabor 1904 496 28 0 8
zabor 1936 496 31 0 8
zabor 1968 496 27 0 8
zabor 2000 496 30 0 8
tree 2152 488 23 0 179
tree 2232 488 22 0 179
tree 2296 504 11 0 179
tree 2504 488 27 1 179
tree 2616 504 19 0 179
tree 2680 488 64 0 179
stand 3432 488 0 0 179
fre 5036 492 36 179 179
trop 5036 500 68 179 179
trop 5060 484 70 179 179
stand 5320 488 10 0 179
trop 5892 492 48 179 179
tree 6104 504 2 0 179
tree 6120 504 50 0 179
tree 6184 504 59 0 179
trop 7604 500 67 179 179
zabor 176 528 30 0 8
zabor 464 528 30 0 8
zabor 496 528 26 0 8
zabor 528 528 24 0 8
zabor 560 528 30 0 8
zabor 592 528 25 0 8
zabor 624 528 26 0 8
zabor 656 528 25 0 8
zabor 688 528 25 0 8
zabor 720 528 30 0 8
zabor 784 528 24 0 8
zabor 816 528 27 0 8
zabor 848 528 25 0 8
zabor 880 528 24 0 8
zabor 912 528 24 0 8
zabor 944 528 30 0 8
zabor 976 528 24 0 8
zabor 1008 528 28 0 8
zabor 1040 528 24 0 8
zabor 1072 528 24 0 8
zabor 1104 528 27 0 8
zabor 1136 528 30 0 8
zabor 1168 528 24 0 8
zabor 1200 528 26 0 8
zabor 1232 528 29 0 8
zabor 1264 528 26 0 8
zabor 1296 528 29 0 8
zabor 1328 528 26 0 8
zabor 1360 528 27 0 8
zabor 1392 528 30 0 8
zabor 1424 528 28 0 8
tree 2328 520 30 0 179
tree 2328 536 53 0 179
tree 2344 536 54 0 179
tree 2648 536 68 0 179
stand 3016 520 0 0 179
stand 4776 536 0 0 179
stand 5016 520 10 0 179
trop 5044 540 68 179 179
tree 5720 536 68 0 179
tree 5832 520 2 0 179
tree 5992 520 43 0 179
tree 6024 520 16 0 179
tree 6040 520 6 0 179
tree 6072 520 51 0 179
tree 6088 520 43 0 179
zabor 176 560 26 0 8
zabor 464 560 24 0 8
stand 744 552 63 0 179
trop 1596 572 69 179 179
lay 2088 568 18 0 179
tree 2200 552 53 0 179
tree 2264 568 59 0 179
lay 2712 552 13 0 179
stand 3800 552 10 0 179
tree 3880 568 64 0 179
stand 3992 552 0 0 179
dom 5152 544 1 0 179
dom 5440 544 3 0 179
trop 5892 548 48 179 179
tree 6088 568 51 0 179
tree 6232 568 58 0 179
tree 6232 552 21 0 179
tree 6328 568 68 0 179
zabor 176 592 30 0 8
zabor 464 592 29 0 8
tree 824 584 46 0 179
tree 824 600 7 0 179
tree 904 584 53 0 179
tree 1368 600 68 0 179
trop 1492 588 114 179 179
trop 1540 588 114 179 179
lay 1800 600 18 0 179
tree 1912 584 53 0 179
tree 1976 600 59 0 179
tree 2168 584 23 0 179
tree 2216 600 7 0 179
lay 2344 584 18 0 179
trop 3668 604 70 179 179
trop 3748 588 114 179 179
trop 5044 596 68 179 179
dom 5344 576 10 0 179
tree 5608 600 13 0 179
tree 5720 584 50 0 179
tree 6200 600 44 0 179
tree 6424 584 63 0 179
trop 7604 588 68 179 179
stand 7640 600 10 0 179
zabor 176 624 30 0 8
zabor 464 624 26 0 8
tree 536 616 46 0 179
tree 536 632 7 0 179
tree 616 616 53 0 179
tree 824 616 31 0 179
tree 888 616 24 0 179
tree 1000 632 14 0 179
tree 1144 632 61 0 179
trop 1420 612 70 179 179
tree 1880 616 23 0 179
tree 1928 632 7 0 179
lay 2056 616 18 0 179
tree 2200 616 51 0 179
trop 3828 612 117 179 179
tree 5560 632 59 0 179
trop 5892 628 48 179 179
tree 6024 632 19 0 179
tree 6120 632 13 0 179
zabor 176 656 28 0 8
zabor 464 656 27 0 8
tree 536 648 31 0 179
tree 600 648 24 0 179
tree 712 664 14 0 179
tree 856 664 61 0 179
tree 968 664 7 0 179
tree 1064 664 14 0 179
tree 1912 648 51 0 179
tree 2328 648 59 0 179
tree 2488 664 51 0 179
tree 2488 648 51 0 179
tree 2536 664 6 0 179
lay 2776 664 13 0 179
stand 4776 664 10 0 179
fre 4884 644 83 179 179
trop 5028 668 69 179 179
tree 5688 664 67 0 179
tree 5800 664 35 0 179
tree 6008 664 13 0 179
tree 6168 664 19 0 179
tree 6152 664 50 0 179
tree 6152 648 58 0 179
stand 6616 648 0 0 179
trop 7588 668 69 179 179
zabor 176 688 30 0 8
zabor 464 688 29 0 8
tree 568 696 30 0 179
tree 680 696 7 0 179
tree 792 680 15 0 179
lay 776 696 21 0 179
tree 824 696 30 0 179
tree 840 696 8 0 179
tree 920 680 53 0 179
tree 952 680 14 0 179
lay 968 680 21 0 179
dom 1280 672 7 0 179
trop 1404 700 65 179 179
tree 2040 680 59 0 179
tree 2616 696 32 0 179
trop 3308 700 113 179 179
trop 3380 700 113 179 179
trop 3468 700 113 179 179
stand 3528 680 10 0 179
trop 3556 700 113 179 179
trop 3628 676 69 179 179
trop 3852 692 65 179 179
fre 4628 684 33 179 179
trop 4628 684 114 179 179
trop 4716 684 114 179 179
trop 4796 684 114 179 179
trop 4876 684 114 179 179
trop 4956 684 114 179 179
tree 6008 680 19 0 179
tree 6104 680 21 0 179
tree 6120 680 2 0 179
tree 6248 680 50 0 179
tree 6280 680 22 0 179
tree 6280 696 32 0 179
tree 6312 696 61 0 179
trop 7532 684 71 179 179
zabor 176 720 24 0 8
zabor 464 720 25 0 8
tree 504 712 15 0 179
tree 552 728 8 0 179
tree 632 712 53 0 179
tree 664 712 14 0 179
lay 680 712 21 0 179
zabor 720 720 28 0 8
tree 856 712 45 0 179
tree 888 712 23 0 179
tree 1128 712 24 0 179
lay 1928 712 20 0 179
tree 2408 728 27 0 179
tree 2536 728 21 0 179
tree 2872 712 66 0 179
stand 3192 728 10 0 179
trop 3236 724 70 179 179
trop 4548 708 70 179 179
zabor 4656 720 31 0 8
zabor 4688 720 30 0 8
zabor 4720 720 27 0 8
zabor 4752 720 30 0 8
zabor 4784 720 30 0 8
zabor 4816 720 29 0 8
zabor 4848 720 26 0 8
zabor 4880 720 24 0 8
zabor 4912 720 28 0 8
zabor 4944 720 27 0 8
zabor 4976 720 27 0 8
zabor 5008 720 28 0 8
zabor 5040 720 26 0 8
zabor 5072 720 24 0 8
zabor 5104 720 27 0 8
tree 5400 712 65 0 179
tree 5704 728 50 0 179
tree 5784 728 67 0 179
trop 5892 708 48 179 179
tree 6040 728 43 0 179
tree 6184 712 44 0 179
tree 6280 728 50 0 179
tree 6296 712 13 0 179
tree 6280 712 54 0 179
tree 6392 712 64 0 179
stand 7000 728 8 0 179
trop 7476 708 70 179 179
zabor 176 752 24 0 8
stand 344 760 0 0 179
zabor 464 752 26 0 8
tree 600 744 23 0 179
lay 712 744 18 0 179
lay 776 744 21 0 179
lay 840 744 21 0 179
lay 920 744 21 0 179
lay 984 744 21 0 179
stand 1432 744 26 0 179
dom 1536 736 6 1 179
dom 1696 736 53 0 179
lay 1944 760 19 0 179
lay 2008 744 20 0 179
tree 2120 760 27 0 179
tree 2472 744 38 0 179
fre 2620 764 83 179 179
tree 2600 744 16 0 179
tree 2600 760 30 0 179
tree 3032 744 65 0 179
cliff 3776 752 41 179 179
trop 3884 764 118 179 179
stand 4104 760 10 0 179
stand 4440 760 10 0 179
zabor 4656 752 29 0 8
zabor 5104 752 26 0 8
tree 5608 744 51 0 179
tree 5672 760 27 0 179
tree 6264 760 2 0 179
tree 6328 760 68 0 179
tree 6424 760 2 0 179
dom 7072 736 2 0 179
dom 7328 736 4 0 179
trop 7460 748 71 179 179
stand 7560 760 0 0 179
zabor 176 784 26 0 8
zabor 464 784 24 0 8
lay 552 776 21 0 179
lay 632 776 21 0 179
lay 696 776 21 0 179
lay 888 776 18 0 179
trop 1404 788 65 179 179
tree 2072 776 14 0 179
tree 2456 792 14 0 179
tree 2472 792 14 0 179
tree 2520 776 57 0 179
tree 2504 776 61 0 179
tree 2696 776 50 0 179
lay 2904 792 13 0 179
cliff 3744 784 42 179 179
trop 3940 788 113 179 179
trop 3996 796 113 179 179
trop 4084 796 113 179 179
trop 4172 796 113 179 179
trop 4252 796 113 179 179
trop 4340 796 113 179 179
trop 4428 796 113 179 179
trop 4508 780 69 179 179
zabor 4656 784 29 0 8
zabor 5104 784 24 0 8
tree 5544 776 68 0 179
tree 5768 792 64 0 179
trop 5892 788 48 179 179
tree 6120 776 35 0 179
tree 6216 776 13 0 179
tree 6264 776 32 0 179
dom 7200 768 8 0 179
zabor 176 816 29 0 8
zabor 464 816 24 0 8
lay 600 808 18 0 179
tree 2104 808 57 0 179
tree 2104 824 54 0 179
tree 2200 808 21 0 179
tree 2264 824 21 0 179
lay 2424 824 20 0 179
trop 3220 812 66 179 179
tree 3304 808 51 0 179
tree 3432 824 4 0 179
cliff 3712 816 45 179 179
zabor 4656 816 27 0 8
zabor 5104 816 25 0 8
tree 5704 808 66 0 179
stand 5848 808 63 0 179
stand 5944 824 63 0 179
tree 6376 808 59 0 179
trop 7060 820 113 179 179
trop 7148 820 113 179 179
trop 7236 820 113 179 179
trop 7324 820 113 179 179
trop 7380 820 113 179 179
trop 7436 804 69 179 179
zabor 176 848 31 0 8
zabor 208 848 30 0 8
zabor 240 848 30 0 8
zabor 272 848 27 0 8
zabor 304 848 24 0 8
zabor 336 848 30 0 8
zabor 368 848 25 0 8
zabor 400 848 29 0 8
zabor 432 848 31 0 8
zabor 464 848 29 0 8
lay 712 856 18 0 179
dom 1280 832 51 0 179
lay 2136 856 20 0 179
tree 2344 856 11 0 179
tree 2600 840 43 0 179
tree 3000 856 2 0 179
tree 3032 840 11 0 179
tree 3080 840 11 0 179
cliff 3664 848 46 179 179
tree 3704 840 69 0 179
zabor 4656 848 29 0 8
zabor 5104 848 25 0 8
tree 5384 856 11 0 179
tree 5384 840 2 0 179
tree 5416 856 38 0 179
trop 5892 860 48 179 179
tree 6328 840 27 0 179
tree 6312 840 59 0 179
trop 6980 844 70 179 179
stand 7128 856 10 0 179
stand 7464 840 10 0 179
tree 232 872 19 0 179
tree 280 888 19 0 179
trop 1404 884 65 179 179
dom 1504 864 17 0 179
dom 1696 864 22 0 179
dom 1952 864 59 0 179
lay 2520 872 20 0 179
tree 2536 872 4 0 179
tree 3080 872 13 0 179
tree 3160 888 21 0 179
lay 3368 872 17 0 179
lay 3496 872 14 0 179
cliff 3648 880 43 179 179
zabor 4656 880 28 0 8
zabor 5104 880 29 0 8
tree 5400 888 15 0 179
tree 5496 888 11 0 179
tree 6184 872 21 0 179
tree 6264 872 0 0 179
tree 6280 888 4 0 179
tree 6280 872 8 0 179
stand 6808 872 0 0 179
dom 7008 864 128 0 179
stand 7240 888 16 0 179
dom 7328 864 1 0 179
tree 248 904 30 0 179
zabor 624 912 31 0 8
zabor 656 912 31 0 8
zabor 688 912 28 0 8
dom 672 896 6 0 179
dom 928 896 48 0 179
tree 2232 904 51 0 179
tree 3000 920 4 0 179
tree 3064 920 35 0 179
tree 3112 920 58 0 179
trop 3220 900 66 179 179
lay 3368 920 14 0 179
cliff 3632 896 42 179 179
dom 3904 896 56 0 179
zabor 4016 912 28 0 8
zabor 4048 912 31 0 8
zabor 4080 912 30 0 8
zabor 4112 912 30 0 8
zabor 4144 912 29 0 8
zabor 4176 912 24 0 8
zabor 4208 912 30 0 8
zabor 4240 912 29 0 8
zabor 4272 912 30 0 8
zabor 4304 912 28 0 8
zabor 4336 912 29 0 8
zabor 4368 912 25 0 8
zabor 4400 912 27 0 8
zabor 4432 912 30 0 8
zabor 4464 912 29 0 8
zabor 4496 912 28 0 8
zabor 4528 912 25 0 8
zabor 4656 912 24 0 8
zabor 5104 912 30 0 8
tree 5336 920 27 0 179
tree 5496 920 30 0 179
tree 6008 904 68 0 179
tree 6088 920 66 0 179
tree 6312 920 15 0 179
tree 6344 920 13 0 179
tree 280 952 4 0 179
tree 360 936 34 0 179
dom 832 928 56 0 179
dom 1088 928 50 0 179
dom 1216 928 55 0 179
tree 2296 952 57 0 179
tree 2312 952 57 0 179
tree 3144 936 51 0 179
trop 3228 956 66 179 179
tree 3608 936 69 0 179
cliff 3584 944 41 179 179
zabor 4016 944 28 0 8
zabor 4528 944 27 0 8
zabor 4656 944 26 0 8
zabor 5104 944 25 0 8
tree 5400 952 38 0 179
tree 5432 952 51 0 179
tree 5416 936 22 0 179
tree 5416 952 31 0 179
trop 5892 940 48 179 179
tree 6232 936 35 0 179
tree 6296 952 21 0 179
tree 6296 936 43 0 179
tree 6312 936 46 0 179
trop 6956 932 67 179 179
tree 312 984 34 0 179
trop 1404 972 66 179 179
tree 1544 984 69 0 179
tree 1608 968 65 0 179
trop 2980 988 125 179 179
trop 3068 988 113 179 179
trop 3156 988 113 179 179
trop 3236 988 113 179 179
tree 3592 968 63 0 179
trop 3876 972 123 179 179
zabor 4016 976 30 0 8
stand 4440 968 0 0 179
zabor 4528 976 25 0 8
zabor 4656 976 29 0 8
zabor 5104 976 24 0 8
tree 5528 968 50 0 179
tree 5528 984 4 0 179
tree 5608 968 68 0 179
dom 5696 960 0 0 179
tree 6088 984 65 0 179
tree 232 1000 56 0 179
tree 1688 1000 68 0 179
trop 2564 1020 70 179 179
trop 2644 996 124 179 179
most 2816 992 0 0 179
stand 2968 1016 10 0 179
trop 3316 1012 117 179 179
cliff 3584 992 40 179 179
dom 3776 992 128 0 179
zabor 4016 1008 26 0 8
zabor 4528 1008 27 0 8
zabor 4656 1008 31 0 8
zabor 5104 1008 27 0 8
fre 5340 1004 83 179 179
tree 5608 1000 65 0 179
trop 5892 1020 48 179 179
tree 6008 1000 69 0 179
dom 6400 992 2 0 179
trop 6956 1020 67 179 179
tree 312 1048 14 0 179
trop 540 1036 125 179 179
trop 612 1036 113 179 179
trop 700 1036 113 179 179
trop 788 1036 113 179 179
trop 876 1036 113 179 179
trop 964 1036 113 179 179
trop 1052 1036 113 179 179
trop 1132 1036 113 179 179
trop 1212 1036 113 179 179
trop 1284 1036 113 179 179
trop 1364 1044 116 179 179
trop 1428 1044 113 179 179
trop 1420 1028 118 179 179
trop 1516 1044 114 179 179
trop 1604 1044 114 179 179
trop 1692 1044 113 179 179
trop 1780 1044 113 179 179
trop 1868 1044 114 179 179
trop 1956 1044 114 179 179
trop 2044 1044 114 179 179
trop 2132 1044 114 179 179
trop 2212 1044 116 179 179
trop 2284 1044 116 179 179
trop 2364 1044 116 179 179
trop 2428 1044 116 179 179
trop 2492 1044 116 179 179
tree 3112 1048 57 0 179
stand 3320 1032 10 0 179
tree 3592 1048 66 0 179
cliff 3584 1024 37 179 179
trop 3868 1028 68 179 179
zabor 4016 1040 25 0 8
zabor 4528 1040 29 0 8
zabor 4656 1040 24 0 8
zabor 5104 1040 30 0 8
tree 5368 1032 30 0 179
tree 5384 1048 46 0 179
tree 5432 1032 15 0 179
tree 5432 1048 54 0 179
tree 280 1080 66 0 179
stand 600 1080 25 0 179
stand 936 1064 25 0 179
trop 1308 1060 117 179 179
stand 1560 1080 25 0 179
trop 2148 1076 67 179 179
tree 3064 1064 2 0 179
tree 3160 1064 4 0 179
trop 3340 1084 67 179 179
tree 3960 1080 64 0 179
zabor 4016 1072 27 0 8
zabor 4528 1072 27 0 8
zabor 4656 1072 30 0 8
zabor 5104 1072 26 0 8
lay 5288 1064 18 0 179
tree 5432 1080 51 0 179
tree 5544 1064 13 0 179
tree 5560 1064 54 0 179
tree 5720 1064 63 0 179
tree 7624 1080 69 0 179
tree 200 1112 69 0 179
tree 248 1096 63 0 179
trop 1332 1092 66 179 179
trop 1860 1108 67 179 179
tree 1992 1112 64 0 179
tree 2008 1112 65 0 179
trop 2580 1092 118 179 179
tree 3112 1112 44 0 179
cliff 3584 1104 39 179 179
trop 3868 1092 68 179 179
stand 3912 1096 10 0 179
zabor 4016 1104 30 0 8
zabor 4528 1104 31 0 8
zabor 4656 1104 29 0 8
zabor 5104 1104 25 0 8
tree 5592 1112 69 0 179
tree 5672 1096 66 0 179
trop 5892 1100 48 179 179
tree 6088 1112 67 0 179
tree 6184 1096 69 0 179
trop 6964 1092 67 179 179
tree 376 1128 66 0 179
tree 392 1128 68 0 179
tree 520 1128 4 0 179
stand 1896 1144 26 0 179
tree 2344 1144 22 0 179
tree 2360 1144 24 0 179
tree 2392 1128 11 0 179
tree 2392 1144 45 0 179
tree 2376 1144 0 0 179
trop 2644 1140 117 179 179
tree 3048 1128 69 0 179
zabor 4016 1136 27 0 8
zabor 4528 1136 24 0 8
zabor 4656 1136 27 0 8
zabor 5104 1136 30 0 8
lay 5128 1144 19 0 179
tree 6296 1144 69 0 179
trop 6964 1148 67 179 179
tree 584 1176 27 0 179
dom 704 1152 8 1 179
dom 864 1152 54 0 179
dom 1056 1152 58 0 179
dom 1184 1152 53 0 179
trop 1332 1180 65 179 179
tree 1960 1160 63 0 179
tree 2056 1160 67 0 179
trop 2148 1164 67 179 179
tree 2296 1176 58 0 179
tree 2280 1160 43 0 179
tree 2296 1160 13 0 179
tree 2312 1176 57 0 179
tree 2376 1160 14 0 179
tree 2392 1160 54 0 179
tree 2408 1176 15 0 179
tree 2424 1176 0 0 179
tree 2440 1176 23 0 179
tree 2552 1176 50 0 179
tree 2568 1176 50 0 179
lay 2808 1176 13 0 179
tree 3112 1160 50 0 179
tree 3192 1176 51 0 179
trop 3372 1156 118 179 179
trop 3444 1172 116 179 179
trop 3532 1172 115 179 179
trop 3868 1172 68 179 179
tree 3960 1160 67 0 179
zabor 4016 1168 26 0 8
zabor 4528 1168 30 0 8
zabor 4656 1168 26 0 8
zabor 5104 1168 28 0 8
lay 5224 1160 21 0 179
tree 5464 1176 44 0 179
tree 5480 1176 14 0 179
tree 5544 1160 21 0 179
tree 5608 1176 27 0 179
trop 5892 1156 48 179 179
stand 7080 1176 0 0 179
stand 7768 1176 0 0 179
dom 1472 1184 57 0 179
dom 1600 1184 55 0 179
dom 1760 1184 124 0 179
trop 1860 1196 67 179 179
tree 2472 1208 4 0 179
tree 2520 1192 0 0 179
lay 3032 1208 13 0 179
tree 3128 1208 65 0 179
tree 3160 1208 58 0 179
trop 3604 1196 117 179 179
dom 3744 1184 5 0 179
zabor 4016 1200 24 0 8
zabor 4528 1200 28 0 8
zabor 4656 1200 30 0 8
zabor 5104 1200 31 0 8
tree 5128 1208 64 0 179
lay 5224 1208 22 0 179
lay 5336 1208 18 0 179
tree 5576 1208 38 0 179
tree 5592 1208 31 0 179
stand 5848 1208 63 0 179
tree 168 1240 66 0 179
tree 408 1240 64 0 179
tree 536 1224 21 0 179
tree 1048 1240 65 0 179
trop 2148 1236 67 179 179
tree 2264 1240 58 0 179
tree 2312 1224 16 0 179
tree 2392 1224 15 0 179
tree 2424 1240 35 0 179
tree 2408 1240 44 0 179
trop 2676 1220 67 179 179
tree 2776 1224 54 0 179
tree 3304 1240 65 0 179
lay 3528 1240 20 0 179
stand 3608 1224 10 0 179
lay 3944 1224 18 0 179
zabor 4016 1232 31 0 8
zabor 4528 1232 29 0 8
zabor 4656 1232 25 0 8
zabor 5104 1232 24 0 8
lay 5320 1224 19 0 179
lay 5512 1240 18 0 179
fre 5612 1220 83 179 179
trop 5892 1236 48 179 179
stand 5944 1224 63 0 179
tree 6376 1224 64 0 179
stand 6712 1240 0 0 179
trop 6964 1228 67 179 179
tree 168 1256 67 0 179
lay 616 1272 20 0 179
lay 728 1256 21 0 179
lay 728 1272 18 0 179
lay 824 1272 18 0 179
stand 968 1256 80 0 179
trop 1332 1268 65 179 179
tree 2424 1256 27 0 179
tree 2440 1256 19 0 179
tree 2536 1256 6 0 179
tree 2536 1272 45 0 179
tree 2760 1272 53 0 179
tree 2808 1256 14 0 179
lay 3592 1272 18 0 179
trop 3652 1260 118 179 179
trop 3724 1276 116 179 179
trop 3812 1268 115 179 179
trop 3852 1252 69 179 179
trop 3884 1268 114 179 179
zabor 4016 1264 30 0 8
zabor 4528 1264 26 0 8
zabor 4656 1264 29 0 8
zabor 5104 1264 29 0 8
tree 5208 1272 66 0 179
lay 5240 1256 21 0 179
tree 5576 1256 58 0 179
tree 6072 1272 31 0 179
tree 6072 1256 31 0 179
tree 6088 1272 44 0 179
tree 6152 1256 64 0 179
tree 6232 1272 69 0 179
stand 7000 1272 10 0 179
tree 248 1288 64 0 179
tree 408 1304 66 0 179
tree 1080 1304 64 0 179
tree 1096 1304 66 0 179
tree 1576 1304 45 0 179
trop 1860 1284 67 179 179
trop 2148 1308 67 179 179
tree 2376 1304 58 0 179
tree 2408 1304 21 0 179
tree 2504 1288 44 0 179
trop 2676 1308 67 179 179
tree 3416 1288 67 0 179
stand 3864 1304 10 0 179
trop 3940 1292 117 179 179
zabor 4016 1296 25 0 8
zabor 4528 1296 27 0 8
zabor 4656 1296 25 0 8
zabor 5104 1296 25 0 8
tree 5176 1304 43 0 179
lay 5272 1304 18 0 179
lay 5464 1288 21 0 179
tree 5576 1288 63 0 179
tree 6104 1304 14 0 179
lay 584 1336 19 0 179
tree 728 1320 2 0 179
dom 1216 1312 61 0 179
tree 1624 1320 45 0 179
dom 2048 1312 51 0 179
tree 2312 1336 4 0 179
tree 2312 1320 0 0 179
tree 2328 1320 30 0 179
tree 2376 1320 13 0 179
tree 2392 1320 32 0 179
tree 2424 1320 24 0 179
tree 2408 1320 32 0 179
tree 2440 1320 62 0 179
tree 2584 1320 32 0 179
tree 2568 1320 32 0 179
tree 2568 1336 0 0 179
zabor 2768 1328 28 0 8
zabor 2800 1328 29 0 8
zabor 2832 1328 28 0 8
zabor 2864 1328 27 0 8
zabor 2896 1328 25 0 8
zabor 2928 1328 31 0 8
zabor 2960 1328 24 0 8
tree 3336 1320 63 0 179
lay 3560 1320 18 0 179
lay 3624 1320 20 0 179
zabor 4016 1328 28 0 8
zabor 4048 1328 27 0 8
zabor 4080 1328 31 0 8
zabor 4112 1328 27 0 8
zabor 4144 1328 31 0 8
zabor 4176 1328 24 0 8
zabor 4208 1328 27 0 8
zabor 4240 1328 25 0 8
zabor 4272 1328 26 0 8
zabor 4304 1328 29 0 8
zabor 4336 1328 27 0 8
zabor 4368 1328 26 0 8
zabor 4400 1328 24 0 8
zabor 4432 1328 24 0 8
zabor 4464 1328 31 0 8
zabor 4496 1328 27 0 8
zabor 4528 1328 25 0 8
zabor 4656 1328 30 0 8
fre 5036 1332 83 179 179
zabor 5104 1328 24 0 8
lay 5128 1320 21 0 179
trop 5892 1316 48 179 179
tree 6120 1320 14 0 179
tree 6152 1336 27 0 179
tree 6328 1336 66 0 179
trop 6964 1316 67 179 179
stand 7304 1320 0 0 179
lay 536 1352 20 0 179
tree 808 1368 24 0 179
trop 1332 1356 65 179 179
dom 1472 1344 124 0 179
trop 1860 1372 67 179 179
tree 2408 1368 13 0 179
tree 2520 1352 23 0 179
zabor 2768 1360 30 0 8
zabor 2960 1360 27 0 8
zabor 2992 1360 26 0 8
zabor 3024 1360 31 0 8
zabor 3056 1360 25 0 8
zabor 3088 1360 30 0 8
tree 3256 1352 53 0 179
lay 3544 1352 20 0 179
lay 3672 1352 16 0 179
trop 3996 1364 118 179 179
lay 4232 1368 18 0 179
zabor 4656 1360 24 0 8
zabor 5104 1360 27 0 8
lay 5384 1352 19 0 179
lay 5432 1368 21 0 179
tree 5432 1352 64 0 179
tree 5704 1368 65 0 179
tree 5784 1368 64 0 179
tree 6088 1368 59 0 179
tree 6136 1368 23 0 179
tree 6152 1368 13 0 179
tree 6216 1368 45 0 179
tree 344 1384 64 0 179
tree 760 1400 7 0 179
tree 776 1400 8 0 179
tree 824 1400 44 0 179
tree 1576 1400 15 0 179
tree 1624 1384 61 0 179
dom 1760 1376 122 0 179
trop 2148 1396 67 179 179
tree 2360 1400 35 0 179
tree 2456 1400 23 0 179
tree 2440 1400 7 0 179
tree 2520 1384 13 0 179
trop 2676 1388 67 179 179
tree 2728 1384 15 0 179
zabor 2768 1392 25 0 8
zabor 3088 1392 30 0 8
tree 3224 1400 8 0 179
tree 3368 1384 7 0 179
dom 3904 1376 8 0 179
trop 4068 1388 113 179 179
trop 4140 1388 113 179 179
lay 4472 1384 20 0 179
zabor 4656 1392 24 0 8
zabor 5104 1392 27 0 8
lay 5176 1384 18 0 179
lay 5304 1384 18 0 179
tree 5624 1384 63 0 179
tree 5784 1384 65 0 179
trop 5892 1396 48 179 179
tree 6040 1400 11 0 179
tree 6056 1400 7 0 179
tree 6104 1400 21 0 179
tree 6152 1384 8 0 179
tree 6232 1384 23 0 179
fre 6268 1404 83 179 179
tree 6248 1400 13 0 179
tree 6296 1400 68 0 179
tree 6312 1400 67 0 179
trop 6964 1404 67 179 179
lay 584 1432 20 0 179
tree 728 1432 51 0 179
tree 760 1416 53 0 179
tree 808 1432 46 0 179
trop 1332 1428 65 179 179
stand 1896 1416 26 0 179
tree 2440 1416 57 0 179
tree 2728 1416 31 0 179
zabor 2768 1424 24 0 8
stand 2840 1416 0 0 179
zabor 3088 1424 26 0 8
tree 3304 1432 6 0 179
tree 3432 1416 38 0 179
stand 4184 1432 10 0 179
trop 4204 1412 117 179 179
tree 4344 1432 67 0 179
tree 4440 1416 63 0 179
zabor 4656 1424 26 0 8
stand 4792 1416 0 0 179
zabor 5104 1424 26 0 8
tree 6072 1432 23 0 179
tree 6072 1416 6 0 179
tree 6056 1416 7 0 179
tree 6408 1432 63 0 179
tree 6408 1416 65 0 179
stand 7160 1416 0 0 179
lay 648 1448 19 0 179
tree 808 1448 7 0 179
dom 1184 1440 17 0 179
trop 1860 1460 67 179 179
lay 1960 1464 9 0 179
dom 2048 1440 52 0 179
trop 2676 1460 67 179 179
zabor 2768 1456 29 0 8
zabor 3088 1456 31 0 8
lay 3224 1448 18 0 179
tree 3416 1448 38 0 179
tree 3432 1448 7 0 179
tree 4280 1448 66 0 179
zabor 4656 1456 24 0 8
zabor 5104 1456 27 0 8
tree 5640 1448 65 0 179
tree 6040 1464 57 0 179
tree 6232 1448 51 0 179
zabor 560 1488 25 0 8
zabor 592 1488 25 0 8
tree 712 1496 2 0 179
tree 856 1496 50 0 179
dom 1408 1472 20 0 179
dom 1536 1472 24 0 179
dom 1696 1472 17 0 179
lay 1896 1480 14 0 179
trop 2148 1484 67 179 179
tree 2360 1496 43 0 179
tree 2344 1496 51 0 179
tree 2424 1480 61 0 179
tree 2440 1480 61 0 179
zabor 2768 1488 26 0 8
zabor 3088 1488 35 0 9
tree 3432 1480 46 0 179
tree 4152 1480 69 0 179
tree 4168 1480 64 0 179
trop 4252 1476 118 179 179
zabor 4656 1488 30 0 8
zabor 5104 1488 26 0 8
tree 5288 1480 65 0 179
lay 5368 1480 17 0 179
trop 5892 1476 48 179 179
tree 6040 1480 27 0 179
tree 6136 1496 46 0 179
tree 6184 1496 51 0 179
tree 6184 1480 27 0 179
trop 6964 1484 67 179 179
tree 616 1528 61 0 179
tree 808 1528 59 0 179
trop 1332 1516 65 179 179
tree 2360 1512 51 0 179
zabor 2768 1520 27 0 8
fre 3052 1508 33 179 179
zabor 3088 1520 37 0 9
tree 3112 1528 2 1 179
tree 3304 1512 7 0 179
lay 3400 1528 18 0 179
trop 4316 1516 117 179 179
lay 4504 1512 18 0 179
tree 4520 1512 67 0 179
zabor 4656 1520 25 0 8
zabor 5104 1520 25 0 8
tree 5208 1512 2 0 179
tree 5432 1512 63 0 179
tree 5768 1512 67 0 179
tree 6104 1528 0 0 179
tree 6120 1528 62 0 179
stand 7672 1512 0 0 179
tree 248 1560 7 0 179
tree 296 1544 27 0 179
tree 312 1544 51 0 179
tree 328 1544 16 0 179
fre 380 1564 83 179 179
tree 376 1544 23 0 179
tree 360 1544 38 0 179
tree 616 1544 43 0 179
tree 968 1560 24 0 179
tree 1016 1560 31 0 179
trop 1860 1540 67 179 179
lay 1960 1560 9 0 179
lay 2040 1544 12 0 179
trop 2148 1564 67 179 179
tree 2456 1560 44 0 179
tree 2456 1544 19 0 179
trop 2676 1540 67 179 179
zabor 2768 1552 29 0 8
stand 3016 1544 0 0 179
zabor 3088 1552 38 0 9
tree 3352 1544 24 0 179
tree 4088 1560 58 0 179
tree 4104 1560 13 0 179
tree 4120 1560 30 0 179
tree 4424 1544 67 0 179
zabor 4656 1552 31 0 8
zabor 5104 1552 26 0 8
tree 5272 1544 50 0 179
trop 5892 1548 48 179 179
tree 6088 1544 61 0 179
tree 6120 1544 15 0 179
tree 6168 1560 44 0 179
tree 6152 1560 44 0 179
tree 6184 1560 59 0 179
tree 6232 1544 24 0 179
tree 6488 1544 63 0 179
trop 6948 1564 69 179 179
tree 296 1576 0 0 179
tree 712 1592 11 0 179
tree 856 1592 50 0 179
tree 968 1576 2 0 179
tree 1048 1592 6 0 179
tree 1048 1576 30 0 179
trop 1380 1596 113 179 179
trop 1436 1596 113 179 179
trop 1844 1588 69 179 179
trop 1892 1588 117 179 179
tree 2344 1592 2 0 179
tree 2424 1592 57 0 179
zabor 2768 1584 24 0 8
zabor 3088 1584 25 0 8
fre 3196 1572 83 179 179
tree 3288 1576 14 0 179
tree 3400 1592 51 1 179
tree 4200 1592 24 0 179
tree 4232 1576 7 0 179
tree 4248 1576 6 0 179
tree 4264 1592 50 0 179
trop 4364 1588 118 179 179
zabor 4656 1584 25 0 8
zabor 5104 1584 26 0 8
tree 6168 1576 14 0 179
tree 376 1608 50 0 179
tree 792 1624 19 0 179
tree 792 1608 13 0 179
tree 952 1624 6 0 179
tree 968 1624 53 0 179
trop 1332 1604 65 179 179
trop 1516 1604 113 179 179
trop 1604 1604 113 179 179
trop 1684 1604 113 179 179
trop 1772 1604 113 179 179
tree 2536 1624 35 0 179
trop 2676 1620 67 179 179
zabor 2768 1616 28 0 8
zabor 3088 1616 26 0 8
tree 3304 1624 61 0 179
lay 3384 1624 18 0 179
tree 3368 1624 61 0 179
tree 4104 1624 6 0 179
tree 4168 1608 0 0 179
tree 4168 1624 32 0 179
trop 4444 1612 114 179 179
trop 4524 1620 58 179 179
zabor 4656 1616 28 0 8
zabor 4688 1616 27 0 8
zabor 4720 1616 26 0 8
zabor 4752 1616 31 0 8
zabor 4784 1616 25 0 8
zabor 4816 1616 24 0 8
zabor 4848 1616 25 0 8
zabor 4880 1616 25 0 8
zabor 4912 1616 28 0 8
zabor 4944 1616 24 0 8
zabor 4976 1616 25 0 8
zabor 5008 1616 27 0 8
zabor 5040 1616 31 0 8
zabor 5072 1616 27 0 8
zabor 5104 1616 27 0 8
stand 5160 1624 10 0 179
tree 5192 1608 67 0 179
tree 5512 1608 69 0 179
trop 5892 1628 48 179 179
tree 6120 1608 35 0 179
tree 6184 1608 24 0 179
tree 6216 1624 4 0 179
trop 6884 1604 70 179 179
fre 172 1636 83 179 179
tree 648 1640 27 0 179
dom 1216 1632 122 0 179
stand 1464 1640 17 0 179
stand 1784 1640 17 0 179
trop 1948 1652 118 179 179
trop 2124 1644 69 179 179
tree 2328 1656 50 0 179
tree 2344 1656 4 0 179
tree 2360 1656 4 0 179
zabor 2768 1648 31 0 8
zabor 3088 1648 30 0 8
tree 4120 1656 27 0 179
tree 4248 1640 61 0 179
tree 4328 1640 30 0 179
stand 4472 1640 10 0 179
trop 4604 1636 64 179 179
trop 4684 1644 113 179 179
trop 4772 1644 113 179 179
trop 4860 1644 113 179 179
trop 4948 1644 113 179 179
trop 5036 1644 113 179 179
trop 5124 1644 113 179 179
trop 5212 1644 113 179 179
lay 5416 1640 21 0 179
lay 5544 1640 21 0 179
stand 5848 1640 63 0 179
stand 5928 1656 63 0 179
tree 6040 1640 13 0 179
tree 6200 1656 19 0 179
tree 6600 1656 63 0 179
tree 7320 1656 0 0 179
tree 7352 1656 23 0 179
tree 7432 1656 44 0 179
tree 7480 1656 7 0 179
tree 7576 1640 35 0 179
tree 7944 1640 35 0 179
tree 680 1672 0 0 179
tree 744 1672 50 0 179
tree 872 1688 43 0 179
tree 952 1672 50 0 179
trop 1332 1684 67 179 179
trop 2004 1668 116 179 179
trop 2044 1668 116 179 179
tree 2360 1672 22 0 179
tree 2376 1672 0 0 179
tree 2440 1672 13 0 179
tree 2472 1672 38 0 179
tree 2552 1688 2 0 179
zabor 2768 1680 39 0 9
stand 2856 1688 0 0 179
zabor 3088 1680 28 0 8
tree 3352 1688 45 0 179
tree 3432 1688 31 0 179
tree 4120 1672 32 0 179
tree 4136 1672 38 0 179
tree 4168 1688 46 0 179
tree 4216 1688 59 0 179
tree 4376 1672 53 0 179
tree 4632 1672 68 0 179
stand 4808 1672 10 0 179
trop 5292 1668 117 179 179
tree 5688 1672 66 0 179
tree 5768 1672 69 0 179
lay 5992 1672 21 0 179
tree 6120 1672 57 0 179
tree 6168 1688 31 0 179
tree 6552 1672 68 0 179
tree 6632 1688 68 0 179
stand 6840 1672 10 0 179
trop 6860 1684 66 179 179
tree 7000 1688 58 0 179
tree 7192 1672 58 0 179
tree 7352 1672 8 0 179
tree 7448 1688 22 0 179
fre 7604 1676 83 179 179
tree 7656 1672 19 0 179
tree 7736 1688 16 0 179
tree 7720 1672 15 0 179
tree 7720 1688 45 0 179
fre 7884 1676 83 179 179
fre 420 1708 83 179 179
tree 792 1704 57 0 179
tree 776 1704 58 0 179
tree 1064 1704 69 0 179
tree 1160 1720 69 0 179
tree 1448 1720 62 0 179
tree 1480 1720 8 0 179
dom 1600 1696 126 0 179
dom 1728 1696 53 0 179
trop 1972 1708 67 179 179
stand 2088 1704 17 0 179
tree 2120 1720 66 0 179
tree 2360 1720 35 0 179
tree 2424 1704 4 0 179
tree 2424 1720 58 0 179
tree 2440 1720 35 0 179
tree 2552 1704 43 0 179
trop 2676 1708 67 179 179
zabor 2768 1712 24 0 8
zabor 3088 1712 26 0 8
tree 4136 1720 32 0 179
tree 4168 1704 15 0 179
tree 4280 1704 58 0 179
tree 4392 1704 51 0 179
tree 4488 1720 69 0 179
lay 5480 1704 21 0 179
tree 5544 1704 66 0 179
trop 5892 1708 48 179 179
tree 6152 1720 51 0 179
tree 6264 1720 50 0 179
fre 6972 1700 83 179 179
tree 7032 1720 22 0 179
tree 7048 1704 30 0 179
tree 7112 1720 2 0 179
tree 7256 1704 61 0 179
tree 7304 1720 27 0 179
tree 7384 1704 59 0 179
tree 7432 1720 62 0 179
tree 7592 1720 59 0 179
tree 7624 1720 22 0 179
tree 7640 1720 45 0 179
tree 7720 1704 7 0 179
tree 7768 1720 6 0 179
tree 7784 1704 2 0 179
tree 7864 1704 30 0 179
tree 7944 1704 23 0 179
tree 184 1736 50 0 179
tree 920 1736 46 0 179
tree 1208 1752 65 0 179
trop 1324 1756 67 179 179
dom 1888 1728 47 0 179
tree 2296 1752 35 0 179
tree 2312 1752 61 0 179
zabor 2768 1744 29 0 8
zabor 3088 1744 25 0 8
lay 3144 1736 13 0 179
tree 4088 1736 27 0 179
tree 4168 1736 13 0 179
tree 4232 1752 51 0 179
tree 5000 1736 64 0 179
tree 5240 1752 67 0 179
trop 5316 1748 66 179 179
fre 6260 1732 83 179 179
tree 6552 1736 63 0 179
tree 6984 1736 35 0 179
tree 7192 1736 35 0 179
tree 7384 1752 16 0 179
tree 7368 1736 53 0 179
tree 7400 1752 31 0 179
tree 7480 1736 54 0 179
tree 7480 1752 8 0 179
tree 7528 1752 54 0 179
tree 7768 1752 19 0 179
tree 7896 1752 11 0 179
tree 7896 1736 11 0 179
tree 7992 1736 15 0 179
tree 8024 1752 50 0 179
tree 264 1768 4 0 179
fre 804 1788 83 179 179
tree 1464 1768 61 0 179
trop 1972 1788 67 179 179
tree 2312 1768 32 0 179
tree 2392 1784 8 0 179
tree 2376 1784 0 0 179
tree 2376 1768 54 0 179
tree 2408 1784 61 0 179
tree 2488 1768 53 0 179
tree 2488 1784 6 0 179
tree 2472 1784 24 0 179
trop 2676 1788 67 179 179
zabor 2768 1776 36 0 9
zabor 3088 1776 30 0 8
lay 3160 1768 11 0 179
tree 3272 1768 51 0 179
tree 4152 1768 58 0 179
lay 5160 1768 18 0 179
tree 5672 1784 67 0 179
trop 5892 1788 48 179 179
lay 6088 1784 22 0 179
tree 6504 1784 59 0 179
tree 6568 1784 63 0 179
trop 6860 1764 66 179 179
tree 7080 1784 7 0 179
tree 7240 1768 46 0 179
tree 7528 1768 27 0 179
tree 7576 1768 58 0 179
tree 7592 1768 58 0 179
tree 7736 1768 43 0 179
tree 7784 1768 2 0 179
tree 440 1800 65 0 179
fre 452 1820 83 179 179
tree 552 1816 65 0 179
fre 740 1796 83 179 179
tree 1160 1816 66 0 179
tree 2312 1800 19 0 179
tree 2408 1800 32 0 179
tree 2568 1800 35 0 179
zabor 2768 1808 38 0 9
zabor 3088 1808 29 0 8
tree 3800 1800 64 0 179
tree 3816 1800 67 0 179
tree 4088 1800 46 0 179
tree 4184 1816 11 0 179
tree 4232 1800 44 0 179
tree 4376 1816 57 0 179
tree 5096 1800 66 0 179
tree 5112 1800 69 0 179
trop 5340 1820 118 179 179
tree 6440 1800 57 0 179
fre 6556 1796 83 179 179
tree 7048 1816 21 0 179
tree 7064 1800 45 0 179
tree 7096 1816 19 0 179
tree 7288 1800 43 0 179
tree 7352 1800 54 0 179
tree 7384 1816 50 0 179
tree 7480 1800 21 0 179
tree 7496 1800 8 0 179
tree 7592 1800 31 0 179
tree 7640 1800 51 0 179
tree 7992 1800 31 0 179
tree 8008 1800 15 0 179
fre 204 1836 83 179 179
tree 632 1832 68 0 179
tree 1064 1848 67 0 179
stand 1272 1832 10 0 179
trop 1324 1844 67 179 179
dom 1568 1824 21 0 179
dom 1728 1824 55 0 179
tree 2072 1832 0 0 179
tree 2072 1848 61 0 179
tree 2168 1848 7 0 179
tree 2232 1848 21 0 179
tree 2216 1848 27 0 179
tree 2264 1832 38 0 179
tree 2280 1832 24 0 179
tree 2360 1848 44 0 179
tree 2344 1848 8 0 179
zabor 2768 1840 30 0 8
zabor 3088 1840 31 0 8
tree 3720 1848 67 0 179
tree 4056 1832 38 0 179
tree 4120 1848 62 0 179
tree 4312 1848 4 0 179
tree 4392 1848 58 0 179
trop 5412 1844 116 179 179
trop 5500 1844 115 179 179
trop 5588 1844 116 179 179
trop 5668 1844 116 179 179
trop 5756 1844 115 179 179
trop 5828 1844 124 179 179
stand 5944 1832 39 0 179
lay 6216 1848 21 0 179
tree 6424 1848 58 0 179
tree 6520 1848 11 0 179
tree 6552 1832 11 0 179
trop 6860 1852 66 179 179
tree 7464 1848 31 0 179
dom 1856 1856 63 0 179
trop 1972 1876 67 179 179
tree 2104 1864 45 0 179
tree 2168 1864 46 0 179
tree 2504 1864 11 0 179
trop 2676 1868 67 179 179
zabor 2768 1872 24 0 8
stand 2840 1880 0 0 179
zabor 3088 1872 26 0 8
tree 3176 1864 50 0 179
tree 4088 1864 44 0 179
tree 4104 1864 24 0 179
tree 4152 1864 4 0 179
tree 4392 1880 0 0 179
tree 4408 1880 53 0 179
tree 4456 1864 58 0 179
tree 5048 1864 66 0 179
stand 5384 1864 10 0 179
stand 5720 1880 10 0 179
stand 5832 1864 31 0 179
trop 5892 1860 48 179 179
trop 5924 1860 125 179 179
trop 5988 1884 117 179 179
tree 6472 1880 27 0 179
tree 6504 1864 35 0 179
tree 7016 1880 11 0 179
tree 7192 1880 0 0 179
tree 7224 1864 59 0 179
tree 7240 1864 59 0 179
tree 7240 1880 14 0 179
tree 7496 1880 11 0 179
tree 7624 1880 21 0 179
tree 232 1912 0 0 179
tree 296 1912 15 0 179
tree 504 1912 67 0 179
tree 1000 1912 64 0 179
trop 1348 1916 118 179 179
tree 2168 1896 11 0 179
tree 2280 1896 35 0 179
tree 2440 1896 13 0 179
zabor 2768 1904 29 0 8
zabor 3088 1904 31 0 8
tree 3160 1912 50 0 179
tree 3736 1896 66 0 179
tree 4248 1896 59 0 179
tree 4360 1912 14 0 179
tree 4488 1912 27 0 179
tree 5128 1912 65 0 179
tree 5192 1912 66 0 179
tree 5336 1896 63 0 179
tree 5336 1912 32 0 179
tree 5368 1896 68 0 179
tree 5352 1896 68 0 179
tree 5400 1912 63 0 179
tree 5704 1896 68 0 179
lay 6152 1896 21 0 179
fre 6484 1892 83 179 179
tree 7112 1896 50 0 179
tree 7240 1912 58 0 179
tree 7432 1896 59 0 179
tree 7480 1896 6 0 179
tree 7592 1896 62 0 179
tree 7832 1896 44 0 179
tree 200 1928 27 0 179
tree 328 1928 4 0 179
tree 504 1944 38 0 179
tree 568 1944 32 0 179
tree 616 1928 24 0 179
tree 712 1944 64 0 179
tree 1144 1944 63 0 179
trop 1420 1932 115 179 179
trop 1500 1932 115 179 179
tree 1784 1944 64 0 179
tree 1768 1944 68 0 179
tree 2120 1928 53 0 179
tree 2136 1928 30 0 179
tree 2152 1928 22 0 179
tree 2168 1944 31 0 179
tree 2232 1928 8 0 179
tree 2376 1928 19 0 179
tree 2488 1944 53 0 179
tree 2520 1928 43 0 179
tree 2504 1928 57 0 179
tree 2536 1944 58 0 179
zabor 2768 1936 24 0 8
zabor 3088 1936 31 0 8
lay 3432 1944 13 0 179
lay 3464 1944 9 0 179
tree 4360 1944 59 0 179
tree 4360 1928 32 0 179
tree 4440 1944 45 0 179
tree 4456 1928 57 0 179
tree 5256 1928 24 0 179
tree 5256 1944 8 0 179
tree 5368 1944 8 0 179
trop 5892 1940 48 179 179
tree 6456 1944 69 0 179
tree 6520 1944 65 0 179
trop 6844 1940 61 179 179
fre 7028 1932 83 179 179
tree 7112 1928 11 0 179
tree 7224 1944 38 0 179
tree 7240 1928 45 0 179
tree 7256 1928 6 0 179
tree 7432 1944 32 0 179
tree 7960 1944 51 0 179
tree 200 1960 0 0 179
tree 200 1976 22 0 179
tree 312 1976 62 0 179
tree 328 1976 15 0 179
tree 456 1960 2 0 179
tree 568 1960 54 0 179
tree 584 1976 4 0 179
tree 712 1976 22 0 179
tree 952 1960 65 0 179
trop 1572 1956 117 179 179
trop 1996 1956 118 179 179
tree 2216 1960 21 0 179
tree 2344 1976 19 0 179
trop 2676 1956 67 179 179
zabor 2768 1968 27 0 8
zabor 2800 1968 29 0 8
zabor 2832 1968 25 0 8
zabor 2864 1968 25 0 8
zabor 2896 1968 27 0 8
zabor 2928 1968 31 0 8
zabor 2960 1968 29 0 8
zabor 2992 1968 28 0 8
zabor 3024 1968 28 0 8
zabor 3056 1968 24 0 8
zabor 3088 1968 30 0 8
tree 3336 1976 64 0 179
lay 3464 1960 10 0 179
tree 3864 1960 66 0 179
tree 3992 1960 65 0 179
tree 4360 1960 44 0 179
tree 4408 1960 11 0 179
tree 4424 1960 19 0 179
tree 5320 1976 30 0 179
tree 5336 1976 31 0 179
tree 5496 1976 63 0 179
tree 5496 1960 69 0 179
tree 5480 1960 65 0 179
tree 5592 1960 69 0 179
lay 5752 1960 21 0 179
trop 6012 1956 66 179 179
lay 6168 1976 19 0 179
lay 6696 1976 17 0 179
tree 7048 1960 19 0 179
tree 7320 1976 43 0 179
tree 7464 1976 7 0 179
tree 7688 1976 51 0 179
tree 7704 1976 2 0 179
tree 7992 1976 6 0 179
tree 184 1992 23 0 179
tree 280 1992 11 0 179
tree 296 2008 38 0 179
tree 392 2008 50 0 179
tree 488 2008 46 0 179
tree 520 2008 38 0 179
tree 552 2008 8 0 179
tree 680 1992 44 0 179
tree 808 2008 6 0 179
tree 1400 2008 69 0 179
trop 2044 2004 117 179 179
tree 2136 1992 69 0 179
tree 2280 2008 7 0 179
tree 2344 1992 50 0 179
tree 2344 2008 32 0 179
tree 2488 1992 50 0 179
tree 4216 1992 65 0 179
tree 4376 2008 64 0 179
tree 4376 1992 69 0 179
tree 5304 2008 51 0 179
tree 5288 2008 4 0 179
tree 5336 2008 19 0 179
tree 5320 2008 51 0 179
tree 5368 2008 50 0 179
tree 5432 2008 58 0 179
tree 5528 2008 64 0 179
stand 6760 1992 10 0 179
tree 6776 2008 68 0 179
tree 6968 1992 64 0 179
tree 7384 1992 62 0 179
tree 7368 2008 38 0 179
tree 7448 1992 0 0 179
tree 7480 2008 43 0 179
tree 7560 1992 0 0 179
tree 7608 2008 50 0 179
tree 7912 2008 57 0 179
tree 8056 1992 44 0 179
tree 232 2040 4 0 179
tree 392 2024 51 0 179
tree 488 2024 6 0 179
tree 552 2024 53 0 179
tree 584 2040 62 0 179
tree 648 2024 8 0 179
tree 744 2040 16 0 179
tree 968 2040 67 0 179
tree 1128 2024 63 0 179
tree 1464 2040 65 0 179
trop 1596 2036 122 179 179
tree 2104 2024 64 0 179
tree 2408 2024 53 0 179
tree 2424 2024 22 0 179
tree 2424 2040 31 0 179
tree 2456 2024 59 0 179
trop 2700 2028 118 179 179
trop 2748 2044 114 179 179
trop 2828 2044 114 179 179
trop 2916 2044 114 179 179
trop 3004 2044 114 179 179
trop 3092 2044 114 179 179
trop 3180 2044 114 179 179
trop 3268 2044 114 179 179
trop 3356 2044 124 179 179
tree 5144 2040 68 0 179
tree 5256 2040 35 0 179
tree 5288 2040 19 0 179
tree 5432 2024 19 0 179
tree 5496 2024 15 0 179
tree 5496 2040 62 0 179
tree 5512 2040 31 0 179
trop 5892 2020 48 179 179
trop 6012 2036 68 179 179
lay 6216 2024 17 0 179
cliff 6352 2016 39 179 179
tree 6504 2040 68 0 179
tree 6584 2024 67 0 179
tree 6568 2024 66 0 179
trop 6788 2036 62 179 179
trop 6828 2036 116 179 179
trop 6868 2036 116 179 179
trop 6940 2036 116 179 179
trop 7020 2036 116 179 179
tree 7336 2040 8 0 179
tree 7368 2024 8 0 179
tree 7384 2024 15 0 179
tree 7384 2040 45 0 179
tree 7416 2024 24 0 179
tree 7976 2024 22 0 179
tree 8024 2040 35 0 179
tree 312 2072 50 0 179
tree 392 2072 14 0 179
tree 424 2072 54 0 179
tree 584 2072 59 0 179
tree 712 2072 15 0 179
tree 744 2056 32 0 179
tree 824 2072 21 0 179
tree 888 2056 2 0 179
tree 2056 2072 50 0 179
trop 2092 2076 118 179 179
tree 2376 2072 19 0 179
tree 2392 2072 2 0 179
trop 2668 2060 70 179 179
most 3552 2048 0 0 179
trop 3740 2052 125 179 179
trop 3820 2052 114 179 179
trop 3908 2052 114 179 179
trop 3996 2052 114 179 179
trop 4084 2052 114 179 179
trop 4164 2052 114 179 179
trop 4236 2076 117 179 179
tree 5272 2072 67 0 179
tree 5288 2056 58 0 179
tree 6344 2056 68 0 179
cliff 6352 2064 37 179 179
stand 7064 2072 10 0 179
trop 7092 2060 117 179 179
tree 7864 2072 57 0 179
tree 7848 2056 50 0 179
tree 168 2104 62 0 179
tree 376 2088 19 0 179
tree 392 2088 32 0 179
tree 488 2088 13 0 179
tree 1000 2104 45 0 179
tree 1832 2088 27 0 179
tree 1992 2104 27 0 179
trop 2156 2092 116 179 179
trop 2220 2092 116 179 179
stand 2872 2088 10 0 179
lay 3016 2104 10 0 179
stand 3224 2088 10 0 179
stand 3816 2088 10 0 179
stand 4232 2104 10 0 179
tree 5208 2104 22 0 179
tree 5192 2104 8 0 179
tree 5192 2088 24 0 179
tree 5272 2104 27 0 179
tree 5288 2104 22 0 179
tree 5368 2088 43 0 179
tree 5480 2088 27 0 179
tree 5544 2104 32 0 179
trop 5892 2100 48 179 179
trop 6516 2100 70 179 179
trop 6596 2092 58 179 179
trop 6684 2084 63 179 179
tree 7288 2088 14 0 179
tree 7304 2088 14 0 179
tree 7432 2088 35 0 179
tree 7544 2088 19 0 179
tree 7560 2104 27 0 179
tree 7560 2088 21 0 179
tree 7720 2088 2 0 179
tree 7832 2088 44 0 179
tree 7928 2088 8 0 179
tree 7992 2088 0 0 179
tree 280 2120 57 0 179
tree 344 2136 19 0 179
tree 408 2136 65 0 179
tree 584 2120 38 0 179
tree 728 2136 0 0 179
tree 744 2136 15 0 179
tree 824 2120 44 0 179
tree 1000 2136 35 0 179
tree 1112 2136 63 0 179
trop 2284 2116 117 179 179
trop 2620 2132 69 179 179
tree 4392 2136 69 0 179
tree 5192 2136 64 0 179
tree 5304 2136 62 0 179
tree 5496 2136 24 0 179
stand 5992 2136 10 0 179
trop 6012 2124 68 179 179
cliff 6384 2112 35 179 179
trop 7116 2140 67 179 179
tree 7320 2136 51 0 179
tree 184 2168 53 0 179
tree 248 2168 8 0 179
tree 344 2152 57 0 179
tree 408 2152 64 0 179
tree 440 2152 44 0 179
tree 504 2152 4 0 179
tree 536 2152 31 0 179
tree 584 2168 63 0 179
tree 632 2152 4 0 179
tree 648 2152 27 0 179
tree 728 2152 53 0 179
tree 792 2152 59 0 179
tree 840 2168 31 0 179
tree 1288 2168 51 0 179
tree 1928 2152 51 0 179
tree 2104 2152 4 0 179
tree 2200 2168 67 0 179
trop 2548 2172 70 179 179
zabor 2832 2160 29 0 8
zabor 2864 2160 28 0 8
zabor 2896 2160 28 0 8
zabor 2928 2160 24 0 8
zabor 2960 2160 29 0 8
zabor 2992 2160 24 0 8
zabor 3024 2160 30 0 8
zabor 3056 2160 29 0 8
zabor 3088 2160 26 0 8
zabor 3120 2160 28 0 8
zabor 3152 2160 26 0 8
zabor 3184 2160 25 0 8
zabor 3216 2160 29 0 8
zabor 3248 2160 30 0 8
zabor 3280 2160 30 0 8
zabor 3312 2160 24 0 8
zabor 3344 2160 26 0 8
zabor 3376 2160 24 0 8
zabor 3408 2160 30 0 8
zabor 3440 2160 29 0 8
tree 4104 2168 63 0 179
trop 4260 2156 67 179 179
tree 5080 2152 64 0 179
tree 5304 2152 54 0 179
tree 5304 2168 54 0 179
tree 5320 2168 31 0 179
tree 5464 2152 11 0 179
tree 5496 2152 61 0 179
tree 5560 2152 46 0 179
tree 5560 2168 32 0 179
tree 5624 2168 65 0 179
tree 6152 2168 64 0 179
stand 6440 2152 10 0 179
trop 6500 2148 122 179 179
tree 6792 2168 65 0 179
tree 7240 2168 16 0 179
tree 168 2200 23 0 179
tree 232 2200 8 0 179
tree 280 2184 54 0 179
tree 312 2200 4 0 179
tree 792 2184 15 0 179
tree 872 2184 15 0 179
tree 936 2184 21 0 179
tree 1016 2200 57 0 179
tree 1352 2200 16 0 179
tree 1768 2184 64 0 179
tree 1800 2200 65 0 179
tree 2008 2184 21 0 179
trop 2332 2196 118 179 179
zabor 2832 2192 27 0 8
zabor 3440 2192 29 0 8
tree 3992 2184 24 0 179
tree 3992 2200 24 0 179
trop 4268 2204 66 179 179
tree 4520 2184 67 0 179
tree 5384 2184 35 0 179
tree 5432 2184 24 0 179
tree 5512 2184 22 0 179
trop 5892 2180 48 179 179
tree 5960 2200 65 0 179
trop 6036 2196 118 179 179
tree 6088 2184 64 0 179
cliff 6448 2176 34 179 179
tree 7224 2184 58 0 179
tree 7336 2200 57 0 179
tree 7336 2184 58 0 179
tree 7688 2200 43 0 179
tree 7704 2184 16 0 179
tree 7816 2184 11 0 179
tree 7976 2184 44 0 179
tree 7992 2200 22 0 179
tree 200 2232 15 0 179
tree 408 2216 8 0 179
tree 440 2232 16 0 179
tree 504 2232 69 0 179
tree 488 2216 15 0 179
tree 552 2232 7 0 179
tree 584 2232 51 0 179
tree 648 2216 63 0 179
tree 792 2232 27 0 179
tree 808 2232 27 0 179
tree 888 2232 21 0 179
tree 1240 2216 51 0 179
tree 1304 2216 45 0 179
tree 1400 2232 16 0 179
tree 1384 2216 7 0 179
most 1632 2208 1 0 179
tree 1752 2216 69 0 179
trop 2388 2212 113 179 179
trop 2468 2212 113 179 179
trop 2540 2236 117 179 179
zabor 2832 2224 31 0 8
zabor 3440 2224 29 0 8
tree 3912 2216 15 0 179
tree 3992 2216 44 0 179
tree 3992 2232 43 0 179
tree 4008 2232 57 0 179
tree 4040 2216 30 0 179
tree 4072 2232 58 0 179
tree 4424 2232 67 0 179
tree 5224 2232 6 0 179
tree 5288 2216 18 0 179
tree 5336 2216 35 0 179
tree 5384 2232 4 0 179
tree 5480 2232 35 0 179
tree 5544 2232 67 0 179
tree 5560 2216 46 0 179
stand 5848 2216 63 0 179
stand 5928 2232 63 0 179
cliff 6592 2208 32 179 179
cliff 6672 2208 31 179 179
cliff 6736 2208 30 179 179
cliff 6816 2224 34 179 179
tree 7064 2232 69 0 179
tree 7048 2232 64 0 179
tree 7048 2216 69 0 179
trop 7116 2220 67 179 179
tree 7432 2232 61 0 179
tree 7944 2216 62 0 179
tree 7992 2216 59 0 179
tree 8008 2216 0 0 179
tree 184 2264 66 0 179
tree 280 2248 38 0 179
tree 376 2248 63 0 179
tree 408 2264 6 0 179
tree 552 2264 16 0 179
tree 1032 2248 32 0 179
tree 1416 2264 53 0 179
stand 2536 2248 10 0 179
zabor 2832 2256 31 0 8
zabor 3440 2256 28 0 8
tree 3896 2264 2 0 179
tree 4072 2248 27 0 179
tree 4088 2248 24 0 179
tree 5224 2248 30 0 179
tree 5384 2248 44 0 179
trop 5892 2252 48 179 179
trop 6092 2244 117 179 179
tree 6152 2248 66 0 179
cliff 6496 2240 49 179 179
cliff 6832 2256 30 179 179
cliff 6864 2240 6 179 179
tree 7272 2248 11 0 179
tree 7288 2248 58 0 179
tree 7288 2264 51 0 179
tree 7416 2248 2 0 179
tree 7432 2248 13 0 179
tree 7544 2264 38 0 179
tree 7560 2264 31 0 179
tree 7672 2264 46 0 179
tree 7896 2248 59 0 179
tree 7912 2248 27 0 179
tree 8008 2264 43 0 179
tree 8008 2248 51 0 179
tree 280 2296 35 0 179
tree 328 2296 59 0 179
fre 356 2300 83 179 179
tree 456 2296 57 0 179
fre 716 2276 83 179 179
tree 744 2280 67 0 179
tree 904 2296 54 0 179
tree 1000 2280 14 0 179
tree 1048 2280 58 0 179
tree 1224 2280 2 0 179
tree 1320 2280 4 0 179
tree 1368 2280 51 0 179
tree 2616 2280 69 0 179
tree 2712 2280 66 0 179
zabor 2832 2288 27 0 8
zabor 3440 2288 27 0 8
lay 3512 2280 10 0 179
tree 3976 2280 19 0 179
tree 4152 2296 53 0 179
trop 4268 2292 66 179 179
tree 5224 2280 16 0 179
tree 5240 2280 62 0 179
tree 5256 2296 43 0 179
tree 5352 2296 6 0 179
tree 5528 2296 38 0 179
tree 5992 2280 63 0 179
tree 7048 2280 64 0 179
tree 7208 2280 31 0 179
tree 7224 2280 62 0 179
tree 7256 2296 19 0 179
tree 7256 2280 2 0 179
tree 7384 2280 27 0 179
tree 7432 2296 31 0 179
tree 7496 2296 54 0 179
tree 7560 2296 59 0 179
tree 7592 2296 22 0 179
tree 7768 2296 16 0 179
tree 776 2328 57 0 179
tree 1144 2328 65 0 179
tree 1336 2328 58 0 179
tree 2136 2312 67 0 179
tree 2200 2312 68 0 179
lay 2504 2328 9 0 179
trop 2564 2324 122 179 179
zabor 2832 2320 27 0 8
zabor 3440 2320 28 0 8
tree 3848 2312 50 0 179
tree 3864 2312 11 0 179
tree 4152 2328 27 0 179
tree 4136 2312 11 0 179
tree 4136 2328 51 0 179
tree 4408 2312 64 0 179
tree 5208 2328 54 0 179
tree 5288 2328 23 0 179
tree 5288 2312 53 0 179
tree 5352 2328 19 0 179
tree 5400 2328 53 0 179
tree 5432 2328 11 0 179
tree 5432 2312 59 0 179
trop 5892 2332 48 179 179
trop 6116 2332 67 179 179
stand 7080 2328 10 0 179
trop 7116 2308 67 179 179
tree 7384 2328 46 0 179
tree 7432 2312 57 0 179
tree 7480 2328 0 0 179
tree 7496 2328 31 0 179
tree 7544 2312 53 0 179
tree 8024 2312 53 0 179
tree 248 2344 69 0 179
tree 664 2360 63 0 179
tree 856 2344 14 0 179
tree 952 2360 21 0 179
tree 1256 2360 4 0 179
tree 1416 2344 59 0 179
stand 1560 2360 10 0 179
tree 1912 2360 66 0 179
tree 1944 2344 68 0 179
tree 2328 2360 63 0 179
lay 2424 2344 9 0 179
tree 2680 2344 69 0 179
zabor 2832 2352 30 0 8
zabor 3440 2352 29 0 8
tree 3496 2344 66 0 179
tree 3944 2360 43 0 179
tree 4008 2344 35 0 179
tree 4168 2344 30 0 179
stand 4232 2344 10 0 179
tree 5288 2360 23 0 179
tree 5640 2344 64 0 179
tree 6072 2344 69 0 179
trop 6484 2340 123 179 179
tree 7208 2344 46 0 179
tree 7288 2360 21 0 179
tree 7352 2344 27 0 179
tree 7336 2344 54 0 179
tree 7400 2344 53 0 179
tree 7576 2344 16 0 179
tree 7640 2344 35 0 179
tree 7736 2360 4 0 179
tree 7768 2344 30 0 179
tree 7784 2344 14 0 179
tree 7848 2360 23 0 179
tree 7880 2360 31 0 179
tree 7896 2344 46 0 179
tree 440 2376 63 0 179
tree 1352 2376 4 0 179
tree 1368 2392 23 0 179
tree 2056 2392 65 0 179
tree 2280 2392 64 0 179
tree 2280 2376 66 0 179
lay 2488 2376 10 0 179
tree 2712 2376 63 0 179
tree 2760 2376 69 0 179
zabor 2832 2384 31 0 8
zabor 3440 2384 31 0 8
tree 4056 2376 21 0 179
tree 4120 2392 43 0 179
tree 4104 2392 51 0 179
tree 4104 2376 58 0 179
tree 4216 2392 59 0 179
trop 4268 2380 66 179 179
tree 5512 2392 67 0 179
stand 6168 2392 10 0 179
stand 6440 2392 10 0 179
tree 7096 2392 38 0 179
trop 7140 2380 118 179 179
tree 7288 2376 27 0 179
tree 7384 2392 45 0 179
tree 7432 2376 46 0 179
tree 7448 2376 54 0 179
tree 7560 2392 59 0 179
tree 7704 2376 62 0 179
tree 7832 2376 58 0 179
tree 7944 2392 0 0 179
tree 7976 2376 24 0 179
tree 8024 2392 38 0 179
tree 8040 2392 8 0 179
tree 616 2408 65 0 179
trop 1604 2404 123 179 179
tree 1864 2424 51 0 179
tree 2008 2424 65 0 179
tree 2264 2424 63 0 179
tree 2328 2408 66 0 179
zabor 2832 2416 31 0 8
zabor 3440 2416 31 0 8
tree 3832 2424 4 0 179
tree 3992 2408 51 0 179
tree 5352 2408 68 0 179
trop 5892 2412 48 179 179
tree 6072 2424 69 0 179
trop 6140 2404 118 179 179
trop 6188 2428 115 179 179
trop 6212 2428 115 179 179
trop 6292 2428 115 179 179
trop 6380 2428 115 179 179
trop 6460 2412 69 179 179
tree 6504 2424 66 0 179
trop 7188 2404 116 179 179
trop 7252 2428 117 179 179
tree 7352 2408 4 0 179
tree 7336 2424 7 0 179
tree 7400 2408 14 0 179
tree 7480 2408 61 0 179
tree 7560 2408 0 0 179
tree 7608 2424 50 0 179
tree 7768 2424 7 0 179
tree 7800 2408 45 0 179
tree 7864 2408 30 0 179
tree 1976 2440 59 0 179
tree 2376 2440 21 0 179
zabor 2832 2448 28 0 8
zabor 3440 2448 26 0 8
tree 3784 2440 13 0 179
tree 3832 2456 51 0 179
tree 3896 2440 4 0 179
tree 4056 2440 27 0 179
tree 4184 2456 51 0 179
tree 5048 2440 67 0 179
tree 5576 2456 65 0 179
tree 7048 2456 43 0 179
tree 7464 2456 38 0 179
tree 7672 2440 15 0 179
tree 7720 2440 16 0 179
tree 7944 2440 44 0 179
tree 1928 2488 59 0 179
cliff 2480 2464 69 179 179
cliff 2736 2480 69 179 179
zabor 2832 2480 26 0 8
zabor 2864 2480 31 0 8
zabor 2896 2480 27 0 8
zabor 2928 2480 27 0 8
zabor 2960 2480 29 0 8
zabor 2992 2480 25 0 8
zabor 3024 2480 25 0 8
zabor 3056 2480 28 0 8
zabor 3088 2480 25 0 8
zabor 3120 2480 28 0 8
zabor 3152 2480 25 0 8
zabor 3184 2480 24 0 8
zabor 3216 2480 27 0 8
zabor 3248 2480 29 0 8
zabor 3280 2480 26 0 8
zabor 3312 2480 28 0 8
zabor 3344 2480 27 0 8
zabor 3376 2480 26 0 8
zabor 3408 2480 26 0 8
zabor 3440 2480 24 0 8
tree 3800 2488 31 0 179
tree 3784 2488 32 0 179
tree 4008 2472 4 0 179
tree 4120 2488 23 0 179
tree 4136 2488 45 0 179
trop 4268 2468 66 179 179
tree 5128 2472 64 0 179
tree 5480 2488 68 0 179
trop 5892 2492 48 179 179
tree 7032 2472 35 0 179
tree 7144 2472 4 0 179
tree 7176 2472 62 0 179
trop 7276 2484 67 179 179
tree 7336 2488 35 0 179
tree 7416 2488 43 0 179
tree 7400 2488 13 0 179
tree 7512 2472 43 0 179
tree 7784 2488 44 0 179
tree 7880 2472 51 0 179
tree 7976 2488 44 0 179
tree 7992 2488 13 0 179
stand 296 2504 0 0 179
stand 968 2520 0 0 179
trop 1604 2500 67 179 179
tree 2088 2504 64 0 179
most 2592 2496 1 0 179
tree 3496 2504 65 0 179
tree 3800 2520 4 0 179
tree 3832 2520 50 0 179
tree 3848 2520 21 0 179
tree 3928 2520 35 0 179
tree 4056 2504 27 0 179
tree 4104 2520 35 0 179
tree 6040 2504 50 0 179
tree 6104 2504 57 0 179
tree 6520 2504 67 0 179
tree 6744 2504 64 0 179
tree 6968 2504 11 0 179
tree 7160 2520 11 0 179
tree 7496 2520 19 0 179
tree 7496 2504 22 0 179
tree 7624 2504 67 0 179
tree 7768 2504 23 0 179
tree 1896 2552 58 0 179
tree 2024 2552 68 0 179
tree 3144 2552 51 1 179
tree 3224 2536 65 0 179
tree 3560 2552 65 0 179
tree 3752 2536 16 0 179
tree 3848 2536 30 0 179
tree 3864 2536 62 0 179
tree 3864 2552 24 0 179
tree 3896 2536 8 0 179
trop 4268 2556 66 179 179
tree 4408 2552 53 0 179
tree 4440 2552 58 0 179
tree 4536 2552 27 0 179
tree 4840 2536 67 0 179
tree 6024 2552 27 0 179
tree 6120 2552 50 0 179
tree 6168 2536 13 0 179
tree 6232 2552 63 0 179
tree 7064 2536 4 0 179
tree 7240 2536 31 0 179
trop 7300 2540 118 179 179
tree 7496 2552 15 0 179
tree 7912 2536 50 0 179
tree 1240 2584 68 0 179
tree 1304 2584 68 0 179
trop 1604 2588 67 179 179
tree 3384 2584 65 0 179
tree 3832 2584 24 0 179
tree 3944 2568 31 0 179
tree 3992 2584 44 0 179
tree 4376 2584 43 0 179
trop 5892 2572 48 179 179
tree 6152 2568 69 0 179
tree 6984 2584 35 0 179
tree 7048 2584 19 0 179
tree 7176 2584 38 0 179
tree 7240 2568 46 0 179
trop 7348 2564 116 179 179
trop 7412 2588 117 179 179
tree 7432 2568 57 0 179
tree 7608 2584 67 0 179
tree 7800 2584 69 0 179
tree 664 2616 67 0 179
tree 664 2600 66 0 179
tree 1512 2600 69 0 179
lay 3640 2616 10 0 179
tree 3848 2600 14 0 179
tree 3864 2616 31 0 179
tree 4056 2616 23 0 179
tree 4568 2616 58 0 179
tree 4616 2600 19 0 179
tree 4952 2600 68 0 179
tree 6120 2616 35 0 179
tree 6216 2600 4 0 179
tree 7032 2600 54 0 179
tree 7048 2616 30 0 179
tree 7144 2616 38 0 179
tree 7144 2600 14 0 179
tree 7176 2600 59 0 179
stand 1496 2632 10 0 179
tree 3272 2632 67 0 179
tree 3400 2632 65 0 179
tree 3480 2632 66 0 179
lay 3544 2648 9 0 179
fre 3708 2636 83 179 179
tree 3896 2632 51 0 179
tree 3960 2648 19 0 179
tree 4056 2632 22 0 179
trop 4268 2644 66 179 179
tree 4392 2632 44 0 179
tree 4488 2648 43 0 179
tree 4632 2648 6 0 179
dom 4832 2624 128 0 179
stand 5848 2632 63 0 179
trop 5892 2652 48 179 179
stand 5928 2648 63 0 179
tree 6040 2632 2 0 179
dom 6176 2624 2 0 179
tree 7112 2632 35 0 179
tree 7112 2648 21 0 179
tree 7128 2648 57 0 179
tree 7368 2632 4 0 179
trop 7452 2644 118 179 179
stand 7480 2648 10 0 179
tree 7896 2632 7 0 179
trop 1436 2684 113 179 179
trop 1516 2684 114 179 179
trop 1588 2668 69 179 179
tree 1864 2680 67 0 179
cliff 2496 2672 15 179 179
cliff 2528 2672 15 179 179
trop 2564 2684 123 179 179
tree 3832 2680 38 0 179
tree 3832 2664 62 0 179
tree 4008 2664 8 0 179
tree 4344 2664 62 0 179
tree 4392 2680 27 0 179
tree 4696 2664 31 0 179
stand 5176 2664 0 0 179
tree 6120 2680 64 0 179
tree 6232 2664 59 0 179
tree 6408 2680 63 0 179
tree 6776 2680 38 0 179
tree 7208 2664 7 0 179
tree 7256 2664 16 0 179
tree 7384 2680 2 0 179
tree 7400 2680 13 0 179
tree 7416 2664 27 0 179
trop 7508 2668 116 179 179
trop 7556 2668 116 179 179
trop 7636 2668 116 179 179
trop 7716 2668 116 179 179
stand 1080 2712 0 0 179
trop 1356 2708 70 179 179
tree 2712 2712 65 0 179
cliff 2784 2704 15 179 179
fre 3260 2692 83 179 179
lay 3544 2712 9 0 179
stand 4232 2696 10 0 179
tree 4360 2696 31 0 179
tree 4392 2696 13 0 179
tree 4472 2712 11 0 179
tree 4664 2712 44 0 179
tree 4712 2712 23 0 179
fre 5228 2716 83 179 179
tree 6808 2712 22 0 179
tree 6872 2712 11 0 179
tree 7048 2712 35 0 179
tree 7128 2712 43 0 179
tree 7128 2696 50 0 179
tree 7288 2712 30 0 179
tree 7320 2712 35 0 179
tree 7400 2696 13 0 179
tree 7464 2712 62 0 179
tree 7544 2712 63 0 179
trop 7788 2692 117 179 179
dom 7936 2688 56 0 179
tree 1272 2744 65 0 179
tree 2280 2728 65 0 179
tree 2440 2744 69 0 179
cliff 2832 2720 15 179 179
tree 3208 2744 43 1 179
tree 3976 2744 27 0 179
trop 4268 2732 66 179 179
tree 4344 2744 27 0 179
tree 4600 2728 4 0 179
tree 4728 2744 21 0 179
stand 5416 2728 0 0 179
tree 5816 2728 65 0 179
trop 5892 2724 48 179 179
tree 6232 2744 63 0 179
tree 6632 2744 24 0 179
tree 6888 2728 32 0 179
tree 6888 2744 7 0 179
tree 7032 2744 13 0 179
tree 7064 2728 0 0 179
tree 7176 2728 30 0 179
tree 7336 2728 11 0 179
tree 7368 2728 13 0 179
tree 7400 2728 6 0 179
stand 7528 2744 14 0 179
trop 7812 2740 71 179 179
trop 7868 2740 113 179 179
trop 7948 2740 113 179 179
tree 1560 2776 68 0 179
tree 2040 2776 58 0 179
tree 2184 2776 35 0 179
trop 2564 2764 68 179 179
tree 2824 2760 65 0 179
tree 3144 2760 67 0 179
tree 3704 2776 67 0 179
tree 3704 2760 65 0 179
tree 3720 2776 69 0 179
tree 3768 2760 65 0 179
tree 3912 2776 50 0 179
tree 3976 2776 45 0 179
tree 4104 2760 58 0 179
tree 4376 2760 2 0 179
tree 4424 2760 7 0 179
tree 4504 2760 11 0 179
tree 4488 2760 6 0 179
tree 4616 2760 8 0 179
stand 4824 2760 8 0 179
stand 4888 2776 16 0 179
tree 6664 2776 22 0 179
tree 6888 2760 54 0 179
tree 7176 2776 27 0 179
tree 7400 2760 24 0 179
tree 7416 2760 14 0 179
tree 7480 2776 50 0 179
dom 7712 2752 2 0 179
trop 7812 2772 68 179 179
trop 1332 2788 67 179 179
tree 1688 2792 65 0 179
tree 2120 2808 35 0 179
tree 3432 2808 63 0 179
tree 4024 2808 6 0 179
tree 4504 2808 43 0 179
tree 4600 2808 14 0 179
tree 4664 2808 43 0 179
trop 5892 2804 48 179 179
tree 6072 2808 65 0 179
tree 6648 2808 21 0 179
tree 6744 2792 51 0 179
tree 6728 2792 53 0 179
tree 6744 2808 15 0 179
tree 6840 2792 58 0 179
tree 6872 2792 53 0 179
tree 6888 2792 62 0 179
tree 6936 2792 44 0 179
tree 7112 2792 57 0 179
tree 7368 2808 45 0 179
lay 7528 2808 19 0 179
stand 1288 2840 10 0 179
tree 1464 2824 68 0 179
tree 1592 2824 68 0 179
stand 2488 2840 10 0 179
trop 2540 2844 69 179 179
tree 2792 2840 65 0 179
tree 2936 2840 58 0 179
tree 3128 2824 69 0 179
tree 3272 2824 65 0 179
tree 3384 2824 69 0 179
tree 3544 2840 68 0 179
tree 3656 2824 67 0 179
tree 4024 2840 58 0 179
tree 4040 2824 6 0 179
tree 4040 2840 24 0 179
tree 4072 2840 19 0 179
tree 4152 2840 14 0 179
tree 4168 2840 54 0 179
trop 4268 2820 66 179 179
tree 4440 2824 4 0 179
tree 5784 2824 67 0 179
tree 5784 2840 63 0 179
tree 5768 2840 67 0 179
tree 5832 2824 64 0 179
tree 6440 2824 69 0 179
tree 6584 2840 16 0 179
tree 7080 2824 46 0 179
tree 7368 2840 14 0 179
tree 7416 2824 11 0 179
tree 7416 2840 2 0 179
tree 7432 2840 19 0 179
stand 7784 2824 10 0 179
fre 260 2876 36 179 179
trop 1332 2868 67 179 179
tree 1624 2856 63 0 179
tree 2120 2872 19 0 179
trop 2308 2860 113 179 179
trop 2396 2860 113 179 179
trop 2476 2860 113 179 179
fre 2788 2868 33 179 179
fre 2900 2876 83 179 179
tree 2984 2872 66 0 179
tree 3480 2856 68 0 179
lay 3704 2856 13 0 179
tree 3784 2856 64 0 179
tree 3960 2856 50 0 179
tree 4152 2872 4 0 179
tree 4344 2856 54 0 179
tree 4616 2856 58 0 179
tree 4792 2872 64 0 179
fre 5676 2868 83 179 179
tree 6664 2872 62 0 179
tree 6712 2872 51 0 179
tree 7224 2872 8 0 179
tree 7400 2856 21 0 179
lay 7624 2872 21 0 179
trop 7812 2852 68 179 179
tree 1528 2888 63 0 179
tree 2024 2888 43 0 179
trop 2228 2884 70 179 179
fre 3076 2892 83 179 179
tree 3256 2904 67 0 179
lay 3608 2904 10 0 179
tree 3976 2904 45 0 179
tree 4168 2888 7 0 179
fre 4220 2892 83 179 179
trop 4268 2908 66 179 179
fre 4332 2900 83 179 179
tree 4392 2888 2 0 179
tree 4424 2888 24 0 179
tree 4552 2888 65 0 179
tree 4872 2904 67 0 179
stand 5160 2904 0 0 179
trop 5892 2884 48 179 179
tree 5976 2888 64 0 179
tree 5960 2904 63 0 179
tree 5976 2904 67 0 179
tree 5992 2888 66 0 179
tree 5992 2904 63 0 179
tree 6632 2904 16 0 179
tree 6760 2904 50 0 179
tree 6968 2904 35 0 179
tree 7144 2904 11 0 179
tree 7224 2888 27 0 179
lay 7560 2904 22 0 179
dom 7712 2880 6 0 179
tree 2712 2936 68 0 179
tree 3032 2936 58 0 179
tree 3256 2920 67 0 179
tree 3272 2920 65 0 179
tree 4488 2920 44 0 179
tree 4632 2936 67 0 179
tree 4712 2920 66 0 179
tree 5944 2920 65 0 179
tree 5960 2920 68 0 179
tree 6776 2936 8 0 179
tree 6840 2920 24 0 179
tree 6856 2920 22 0 179
tree 6856 2936 22 0 179
tree 7064 2920 45 0 179
tree 7064 2936 22 0 179
tree 7128 2936 21 0 179
tree 7144 2936 35 0 179
tree 7160 2920 32 0 179
tree 7256 2936 61 0 179
tree 7304 2936 2 0 179
trop 7812 2940 68 179 179
trop 1332 2956 65 179 179
tree 1416 2952 66 0 179
tree 1544 2952 63 0 179
tree 1672 2952 68 0 179
trop 2212 2964 66 179 179
tree 2840 2952 64 0 179
tree 4376 2968 0 0 179
tree 4360 2968 38 0 179
tree 4408 2968 11 0 179
tree 4408 2952 31 0 179
tree 4472 2968 8 0 179
tree 4456 2968 22 0 179
tree 4456 2952 46 0 179
tree 4488 2968 62 0 179
tree 4536 2952 31 0 179
tree 4600 2968 68 0 179
tree 4584 2968 65 0 179
fre 4604 2972 83 179 179
stand 5608 2952 0 0 179
trop 5892 2964 48 179 179
tree 6776 2968 58 0 179
tree 6904 2968 19 0 179
tree 6888 2968 38 0 179
tree 7000 2952 61 0 179
tree 7176 2968 22 0 179
tree 7208 2968 46 0 179
tree 7272 2968 15 0 179
lay 7608 2952 21 0 179
dom 7936 2944 44 0 179
fre 276 2988 83 179 179
fre 1332 2980 36 179 179
trop 1340 3004 65 179 179
tree 2472 2984 67 0 179
tree 3560 2984 67 0 179
lay 3640 2984 13 0 179
lay 3768 2984 10 0 179
tree 4040 3000 27 0 179
fre 4084 2988 83 179 179
trop 4268 2988 66 179 179
tree 4376 3000 6 0 179
tree 4504 3000 30 0 179
tree 4568 3000 32 0 179
tree 4968 3000 66 0 179
stand 5848 3000 63 0 179
stand 6744 3000 10 0 179
tree 6888 2984 23 0 179
tree 7064 2984 6 0 179
tree 7224 3000 2 0 179
tree 7304 2984 58 0 179
stand 7368 2984 6 0 179
tree 632 3016 63 0 179
trop 1348 3028 122 179 179
trop 2220 3036 66 179 179
tree 2824 3016 63 0 179
tree 3240 3032 64 0 179
tree 3304 3016 66 0 179
tree 3352 3032 68 0 179
tree 3416 3016 67 0 179
tree 3400 3016 68 0 179
tree 3880 3032 19 0 179
tree 4040 3032 7 0 179
tree 4152 3016 19 0 179
fre 4380 3028 83 179 179
tree 4552 3016 11 0 179
tree 4552 3032 44 0 179
fre 4612 3036 83 179 179
tree 4664 3032 38 0 179
tree 4664 3016 8 0 179
tree 4648 3016 24 0 179
tree 4712 3016 38 0 179
stand 5352 3032 0 0 179
stand 5928 3016 63 0 179
trop 6332 3036 114 179 179
trop 6420 3036 114 179 179
stand 6456 3016 10 0 179
trop 6508 3036 114 179 179
trop 6596 3036 114 179 179
trop 6684 3036 114 179 179
trop 6772 3036 114 179 179
tree 6840 3016 8 0 179
trop 6860 3036 114 179 179
tree 6856 3016 30 0 179
trop 6940 3036 114 179 179
trop 7020 3036 114 179 179
trop 7100 3036 116 179 179
trop 7180 3036 116 179 179
trop 7268 3036 116 179 179
trop 7348 3036 116 179 179
trop 7812 3020 68 179 179
stand 856 3064 0 0 179
stand 2200 3048 10 0 179
fre 3188 3052 35 179 179
tree 3448 3064 68 0 179
tree 3544 3048 68 0 179
tree 3784 3048 58 0 179
tree 3848 3064 57 0 179
tree 3896 3064 51 0 179
tree 4040 3048 6 0 179
tree 4152 3064 35 0 179
fre 4212 3044 83 179 179
stand 4232 3064 10 0 179
trop 4276 3068 66 179 179
fre 4308 3044 83 179 179
tree 4408 3064 19 0 179
tree 4456 3048 8 0 179
tree 4664 3048 35 0 179
tree 4872 3064 67 0 179
trop 5892 3044 48 179 179
tree 6072 3064 2 0 179
trop 6260 3052 70 179 179
stand 7160 3064 10 0 179
trop 7420 3060 117 179 179
dom 7520 3040 10 0 179
dom 7648 3040 4 0 179
fre 268 3076 35 179 179
fre 3108 3084 83 179 179
tree 3304 3080 66 0 179
tree 3384 3096 65 0 179
tree 3816 3080 27 0 179
fre 4052 3076 83 179 179
tree 4120 3080 4 0 179
tree 4184 3080 15 0 179
tree 4408 3096 31 0 179
tree 4536 3080 38 0 179
fre 4612 3092 83 179 179
tree 4616 3080 8 0 179
tree 4696 3096 21 0 179
tree 4872 3080 66 0 179
trop 7468 3100 118 179 179
trop 7788 3100 69 179 179
dom 7936 3072 1 0 179
tree 1240 3112 67 0 179
tree 1896 3128 67 0 179
tree 1960 3128 63 0 179
trop 2220 3124 66 179 179
tree 2344 3112 65 0 179
tree 2664 3128 67 0 179
tree 3016 3128 65 0 179
tree 3272 3128 69 0 179
tree 3512 3112 65 0 179
tree 3816 3128 2 0 179
tree 3880 3128 31 0 179
fre 4188 3132 83 179 179
fre 4388 3124 83 179 179
tree 4504 3128 27 0 179
tree 4616 3128 7 0 179
tree 4680 3112 21 0 179
tree 4696 3112 2 0 179
vor 4892 3132 17 179 179
trop 5892 3116 48 179 179
tree 6040 3128 13 0 179
tree 6184 3112 19 0 179
trop 6236 3132 68 179 179
trop 7532 3116 116 179 179
trop 7620 3116 116 179 179
trop 7724 3116 113 179 179
tree 2088 3160 63 0 179
tree 2152 3160 65 0 179
zabor 2416 3152 30 0 8
zabor 2448 3152 26 0 8
zabor 2480 3152 26 0 8
zabor 2512 3152 30 0 8
zabor 2544 3152 28 0 8
zabor 2576 3152 28 0 8
zabor 2608 3152 27 0 8
zabor 2640 3152 26 0 8
zabor 2672 3152 29 0 8
zabor 2704 3152 29 0 8
zabor 2736 3152 25 0 8
zabor 2768 3152 27 0 8
zabor 2800 3152 28 0 8
zabor 2832 3152 30 0 8
zabor 2864 3152 31 0 8
tree 3272 3144 66 0 179
tree 3464 3160 63 0 179
tree 3944 3144 35 0 179
tree 4072 3144 4 0 179
tree 4136 3160 53 0 179
tree 4216 3160 27 0 179
trop 4276 3156 66 179 179
tree 4392 3160 57 0 179
tree 4392 3144 22 0 179
tree 4472 3160 58 0 179
tree 4632 3160 2 0 179
tree 4664 3160 57 0 179
tree 4680 3160 35 0 179
fre 4756 3140 83 179 179
tree 4808 3160 22 0 179
fre 4884 3148 83 179 179
tree 5992 3160 57 0 179
stand 6200 3160 10 0 179
lay 7096 3144 19 0 179
lay 7336 3160 21 0 179
stand 7592 3144 10 0 179
trop 7644 3140 70 179 179
tree 328 3192 32 0 179
tree 392 3192 61 0 179
tree 456 3192 30 0 179
most 1376 3168 1 0 179
tree 1592 3176 63 0 179
zabor 2416 3184 25 0 8
zabor 2864 3184 25 0 8
tree 2920 3192 16 0 179
tree 3384 3192 63 0 179
fre 3652 3172 83 179 179
tree 3704 3176 32 0 179
tree 3720 3176 24 0 179
tree 3816 3176 35 0 179
fre 4276 3188 83 179 179
tree 4408 3192 58 0 179
tree 4408 3176 51 0 179
tree 4392 3176 19 0 179
tree 4424 3192 58 0 179
tree 4760 3176 22 0 179
fre 4748 3180 83 179 179
tree 4792 3192 11 0 179
tree 4808 3192 57 0 179
trop 5892 3196 48 179 179
tree 6136 3176 43 0 179
stand 6568 3192 0 0 179
lay 7192 3176 19 0 179
tree 280 3224 14 0 179
fre 316 3220 83 179 179
tree 392 3224 38 0 179
tree 440 3208 45 0 179
fre 500 3212 83 179 179
tree 520 3208 64 0 179
tree 824 3224 67 0 179
tree 2136 3224 64 0 179
trop 2220 3204 66 179 179
zabor 2416 3216 29 0 8
stand 2664 3208 0 0 179
zabor 2864 3216 25 0 8
tree 2936 3208 24 0 179
tree 3608 3224 65 0 179
tree 3704 3224 11 0 179
tree 3800 3208 51 0 179
tree 3880 3208 6 0 179
tree 3960 3224 27 0 179
tree 4216 3208 4 0 179
tree 4440 3208 13 0 179
tree 4600 3224 35 0 179
vor 5052 3228 17 179 179
tree 5048 3208 69 0 179
tree 5032 3208 67 0 179
trop 6236 3212 68 179 179
dom 7520 3200 2 0 179
trop 7628 3220 66 179 179
dom 7808 3200 3 0 179
tree 360 3240 7 0 179
tree 456 3240 22 0 179
tree 664 3240 66 0 179
tree 968 3240 63 0 179
zabor 2416 3248 24 0 8
zabor 2864 3248 25 0 8
tree 2920 3256 58 0 179
tree 3320 3240 50 1 179
tree 3416 3256 67 0 179
tree 3400 3256 69 0 179
tree 3544 3240 67 0 179
tree 3656 3240 23 0 179
tree 3880 3240 62 0 179
tree 3912 3256 21 0 179
tree 4152 3240 4 0 179
fre 4236 3260 83 179 179
trop 4276 3236 66 179 179
tree 4360 3256 24 0 179
tree 4392 3240 6 0 179
tree 4536 3256 44 0 179
tree 4776 3240 27 0 179
tree 4776 3256 32 0 179
fre 4788 3244 83 179 179
lay 5464 3240 19 0 179
tree 6024 3256 21 0 179
tree 6104 3240 4 0 179
tree 6152 3256 43 0 179
tree 2040 3288 68 0 179
tree 2088 3272 63 0 179
tree 2152 3288 68 0 179
trop 2220 3284 66 179 179
zabor 2416 3280 27 0 8
zabor 2864 3280 25 0 8
tree 2968 3288 50 0 179
tree 3624 3288 27 0 179
tree 3704 3272 13 0 179
tree 3688 3288 46 0 179
tree 3816 3272 21 0 179
tree 3944 3288 43 0 179
tree 4232 3272 62 0 179
tree 4424 3288 15 0 179
tree 4632 3272 19 0 179
tree 4632 3288 21 0 179
tree 4664 3288 59 0 179
tree 4744 3272 59 0 179
fre 4820 3284 83 179 179
vor 4908 3292 20 179 179
fre 5004 3292 83 179 179
lay 5560 3272 20 0 179
lay 5736 3272 18 0 179
trop 5892 3268 48 179 179
lay 7336 3288 19 0 179
trop 1340 3300 67 179 179
tree 1624 3320 68 0 179
tree 1720 3320 65 0 179
tree 2136 3320 69 0 179
zabor 2416 3312 28 0 8
stand 2520 3320 0 0 179
zabor 2864 3312 24 0 8
tree 2920 3304 50 0 179
fre 3140 3324 83 179 179
tree 3208 3320 16 0 179
tree 3224 3320 24 0 179
tree 3784 3320 61 0 179
tree 3832 3320 16 0 179
tree 3912 3304 38 0 179
tree 3928 3304 14 0 179
tree 4040 3304 35 0 179
vor 4252 3316 89 179 179
trop 4276 3316 66 179 179
tree 4408 3304 2 0 179
tree 4520 3320 0 0 179
fre 4604 3308 83 179 179
fre 4628 3308 83 179 179
fre 4732 3324 83 179 179
vor 4828 3316 20 179 179
vor 4860 3316 20 179 179
tree 5000 3320 27 0 179
lay 5304 3304 20 0 179
lay 5656 3304 19 0 179
trop 6236 3300 68 179 179
lay 7176 3320 21 0 179
tree 7512 3320 64 0 179
trop 7628 3308 66 179 179
lay 7752 3320 21 0 179
tree 8008 3304 65 0 179
trop 2220 3356 66 179 179
dom 2336 3328 128 0 179
zabor 2416 3344 31 0 8
zabor 2864 3344 27 0 8
fre 3004 3340 83 179 179
fre 3116 3332 83 179 179
tree 3144 3336 51 0 179
fre 3220 3356 83 179 179
tree 3224 3336 24 0 179
tree 3720 3352 44 0 179
tree 3816 3352 44 0 179
tree 3896 3352 22 0 179
tree 4584 3352 15 0 179
tree 4616 3336 13 0 179
tree 4872 3352 63 0 179
tree 4888 3352 69 0 179
tree 5080 3336 58 0 179
tree 5448 3352 68 0 179
lay 5560 3336 19 0 179
trop 5892 3348 48 179 179
stand 5944 3352 46 0 179
lay 7448 3352 21 0 179
lay 7816 3352 19 0 179
lay 7960 3336 21 0 179
stand 232 3368 0 0 179
stand 632 3384 0 0 179
stand 920 3368 0 0 179
trop 1340 3380 67 179 179
zabor 2416 3376 30 0 8
zabor 2448 3376 25 0 8
zabor 2480 3376 25 0 8
zabor 2512 3376 27 0 8
zabor 2544 3376 30 0 8
zabor 2576 3376 26 0 8
zabor 2608 3376 26 0 8
zabor 2640 3376 26 0 8
zabor 2672 3376 26 0 8
zabor 2704 3376 26 0 8
zabor 2736 3376 26 0 8
zabor 2768 3376 28 0 8
zabor 2800 3376 30 0 8
zabor 2832 3376 30 0 8
zabor 2864 3376 25 0 8
tree 2920 3384 69 0 179
tree 3224 3384 62 0 179
tree 3256 3384 30 0 179
tree 3272 3368 50 0 179
tree 3448 3368 65 0 179
tree 3496 3368 67 0 179
tree 3912 3368 27 0 179
tree 3928 3384 0 0 179
tree 3960 3384 35 0 179
fre 3940 3372 83 179 179
fre 4012 3364 83 179 179
tree 4024 3384 7 0 179
fre 4620 3372 83 179 179
tree 5048 3384 43 0 179
tree 5272 3368 69 0 179
tree 5288 3384 68 0 179
tree 5448 3368 67 0 179
lay 5768 3384 18 0 179
stand 6008 3368 46 0 179
trop 6236 3380 68 179 179
lay 7224 3384 19 0 179
tree 7704 3368 65 0 179
lay 7912 3384 22 0 179
tree 2056 3400 4 0 179
tree 2152 3400 64 0 179
stand 2264 3416 10 0 179
trop 3036 3412 123 179 179
tree 3176 3400 50 0 179
fre 3268 3396 83 179 179
fre 3396 3412 83 179 179
tree 3544 3400 64 0 179
tree 3640 3416 32 0 179
tree 3688 3400 44 0 179
tree 3800 3416 21 0 179
tree 3816 3400 6 0 179
tree 3864 3416 19 0 179
fre 3852 3404 83 179 179
fre 4028 3404 83 179 179
tree 4024 3400 22 0 179
tree 4040 3400 43 0 179
trop 4276 3404 66 179 179
tree 4632 3416 67 0 179
vor 4740 3412 24 179 179
tree 4744 3416 67 0 179
tree 4760 3416 67 0 179
fre 4748 3396 83 179 179
tree 4952 3416 27 0 179
tree 4968 3416 19 0 179
fre 4964 3412 83 179 179
tree 5000 3416 21 0 179
fre 5140 3396 83 179 179
tree 5192 3400 2 0 179
trop 5956 3404 48 179 179
trop 6020 3412 48 179 179
stand 6936 3416 0 0 179
lay 7112 3400 21 0 179
trop 7628 3396 66 179 179
stand 456 3432 0 0 179
stand 1096 3432 0 0 179
tree 1736 3432 65 0 179
tree 2168 3448 11 0 179
trop 2244 3428 118 179 179
trop 2316 3452 116 179 179
trop 2404 3452 116 179 179
trop 2484 3452 116 179 179
fre 2892 3452 83 179 179
tree 3512 3448 69 0 179
tree 3512 3432 65 0 179
tree 3688 3448 24 0 179
tree 4632 3432 69 0 179
fre 4660 3436 83 179 179
fre 4836 3444 83 179 179
vor 4868 3452 17 179 179
tree 4952 3432 57 0 179
tree 5128 3448 4 0 179
tree 5160 3432 54 0 179
tree 5176 3432 32 0 179
fre 5388 3428 83 179 179
lay 5400 3432 20 0 179
tree 5384 3432 64 0 179
lay 5512 3432 18 0 179
trop 5892 3428 48 179 179
lay 7352 3432 21 0 179
tree 7416 3432 66 0 179
tree 7432 3432 64 0 179
trop 7628 3452 66 179 179
lay 7976 3448 19 0 179
fre 492 3460 83 179 179
trop 1340 3468 67 179 179
tree 1976 3464 44 0 179
tree 2040 3480 57 0 179
tree 2120 3464 27 0 179
trop 2556 3476 117 179 179
dom 2784 3456 0 0 179
dom 2944 3456 1 0 179
dom 3136 3456 5 0 179
tree 3304 3464 0 0 179
tree 3496 3480 68 0 179
tree 3848 3464 51 0 179
tree 3880 3480 15 0 179
zabor 4208 3472 105 2 8
zabor 4240 3472 104 2 8
lay 4328 3480 18 0 179
tree 5048 3480 27 0 179
tree 5064 3480 57 0 179
tree 5096 3464 4 0 179
tree 5224 3480 6 0 179
lay 5640 3480 20 0 179
stand 5832 3464 63 0 179
trop 5956 3476 48 179 179
trop 6020 3468 48 179 179
trop 6236 3460 68 179 179
tree 7224 3464 65 0 179
tree 7224 3480 67 0 179
stand 7592 3480 10 0 179
lay 7784 3464 19 0 179
lay 7896 3480 19 0 179
tree 2120 3496 51 0 179
trop 3036 3492 60 179 179
fre 3300 3500 83 179 179
tree 3336 3496 8 0 179
tree 3576 3512 63 0 179
tree 3640 3512 68 0 179
tree 3768 3496 2 0 179
tree 3816 3496 22 0 179
fre 3852 3492 83 179 179
zabor 4208 3504 113 2 9
zabor 4240 3504 113 2 9
trop 4276 3492 66 179 179
zabor 4304 3504 104 2 8
zabor 4336 3504 112 2 9
zabor 4368 3504 104 2 8
zabor 4400 3504 112 2 9
vor 4420 3508 67 179 179
zabor 4432 3504 112 2 9
dom 4480 3488 28 3 179
zabor 4560 3504 113 2 9
zabor 4592 3504 113 2 9
zabor 4624 3504 104 2 8
zabor 4656 3504 104 2 8
zabor 4688 3504 112 2 9
zabor 4720 3504 112 2 9
zabor 4752 3504 113 2 9
zabor 4784 3504 113 2 9
zabor 4816 3504 104 2 8
tree 4872 3496 67 0 179
tree 5000 3512 21 0 179
fre 5084 3500 83 179 179
tree 5112 3496 24 0 179
tree 5160 3496 13 0 179
tree 5224 3512 43 0 179
tree 5288 3496 58 0 179
tree 5320 3496 65 0 179
lay 5432 3512 18 0 179
tree 5512 3496 67 0 179
vor 5876 3500 33 179 179
trop 5892 3508 48 179 179
lay 7128 3512 21 0 179
trop 7604 3508 69 179 179
tree 7688 3512 65 0 179
stand 328 3544 0 0 179
trop 1340 3548 67 179 179
tree 1432 3528 65 0 179
tree 1976 3544 35 0 179
tree 2008 3544 57 0 179
tree 2232 3544 62 0 179
tree 2248 3544 27 0 179
tree 2264 3528 6 0 179
fre 2332 3540 83 179 179
tree 2328 3544 24 0 179
tree 2328 3528 32 0 179
tree 2392 3544 59 0 179
tree 2472 3544 30 0 179
trop 2604 3532 118 179 179
stand 2632 3528 10 0 179
tree 3272 3544 51 0 179
tree 3368 3528 31 0 179
tree 3384 3544 14 0 179
zabor 4176 3536 105 2 8
zabor 4208 3536 104 2 8
zabor 4240 3536 104 2 8
zabor 4304 3536 104 2 8
zabor 4336 3536 112 2 9
zabor 4368 3536 112 2 9
zabor 4400 3536 104 2 8
zabor 4432 3536 113 2 9
zabor 4560 3536 112 2 9
zabor 4592 3536 112 2 9
zabor 4624 3536 105 2 8
vor 4652 3524 66 179 179
zabor 4656 3536 112 2 9
zabor 4688 3536 112 2 9
zabor 4720 3536 112 2 9
zabor 4752 3536 112 2 9
zabor 4784 3536 112 2 9
zabor 4816 3536 105 2 8
zabor 4848 3536 105 2 8
fre 5004 3532 83 179 179
tree 5032 3528 50 0 179
trop 5956 3548 48 179 179
trop 6020 3548 48 179 179
stand 6200 3528 10 0 179
trop 6236 3540 68 179 179
lay 7336 3528 19 0 179
trop 7460 3548 70 179 179
trop 7532 3524 114 179 179
stand 1304 3560 10 0 179
tree 1688 3560 69 0 179
tree 2088 3560 27 0 179
fre 2292 3564 83 179 179
tree 2328 3560 21 0 179
tree 2376 3560 23 0 179
tree 2440 3560 22 0 179
tree 2536 3576 22 0 179
trop 2684 3556 113 179 179
trop 2748 3556 113 179 179
trop 2828 3556 113 179 179
trop 2908 3556 113 179 179
stand 3016 3576 10 0 179
trop 3044 3572 60 179 179
dom 3136 3552 7 0 179
fre 3284 3556 83 179 179
tree 3336 3560 21 0 179
fre 3372 3572 83 179 179
tree 3368 3576 30 0 179
tree 4040 3560 6 0 179
zabor 4048 3568 105 2 8
zabor 4080 3568 112 2 9
fre 4108 3556 46 179 179
zabor 4112 3568 113 2 9
zabor 4144 3568 105 2 8
zabor 4176 3568 112 2 9
zabor 4208 3568 112 2 9
stand 4312 3560 10 0 179
trop 4300 3572 118 179 179
zabor 4432 3568 112 2 9
zabor 4592 3568 113 2 9
zabor 4848 3568 105 2 8
zabor 4880 3568 104 2 8
tree 5048 3576 21 0 179
tree 5112 3560 27 0 179
tree 5192 3576 21 0 179
tree 5224 3560 57 0 179
tree 5272 3560 4 0 179
lay 5656 3560 19 0 179
fre 5924 3564 83 179 179
lay 7192 3576 19 0 179
lay 7288 3576 21 0 179
tree 7928 3560 64 0 179
tree 2152 3608 43 0 179
tree 2232 3608 21 0 179
tree 2216 3608 23 0 179
tree 2328 3608 14 0 179
tree 2392 3592 43 0 179
tree 2472 3608 16 0 179
fre 2516 3588 83 179 179
tree 2536 3608 35 0 179
trop 3004 3604 59 179 179
fre 3220 3596 83 179 179
tree 3320 3592 44 0 179
vor 3812 3596 90 179 179
tree 3896 3592 69 0 179
zabor 4048 3600 112 2 9
zabor 4080 3600 105 2 8
zabor 4112 3600 113 2 9
zabor 4144 3600 112 2 9
zabor 4176 3600 113 2 9
zabor 4208 3600 113 2 9
lay 4248 3608 1 1 179
vor 4636 3596 116 179 179
zabor 4880 3600 112 2 9
zabor 4912 3600 113 2 9
zabor 4944 3600 113 2 9
tree 5064 3608 11 0 179
tree 5128 3592 62 0 179
tree 5304 3592 7 0 179
tree 5368 3608 23 0 179
tree 5496 3592 65 0 179
vor 5540 3596 57 179 179
trop 5892 3588 48 179 179
stand 488 3624 0 0 179
stand 760 3624 0 0 179
fre 1004 3620 83 179 179
trop 1340 3628 67 179 179
tree 1480 3640 69 0 179
tree 2216 3624 54 0 179
fre 2268 3620 83 179 179
fre 2252 3628 83 179 179
tree 2328 3640 27 0 179
tree 2344 3640 59 0 179
fre 2492 3636 83 179 179
fre 2884 3644 83 179 179
trop 3052 3644 60 179 179
fre 3284 3636 83 179 179
zabor 3952 3632 113 2 9
dom 4000 3616 29 3 179
zabor 4048 3632 112 2 9
zabor 4080 3632 113 2 9
trop 4364 3620 117 179 179
zabor 4912 3632 105 2 8
zabor 4944 3632 113 2 9
tree 4968 3624 69 0 179
zabor 4976 3632 113 2 9
tree 5064 3624 35 0 179
tree 5144 3640 43 0 179
tree 5208 3640 57 0 179
tree 5192 3640 27 0 179
tree 5304 3640 35 0 179
tree 5368 3624 6 0 179
tree 5384 3640 27 0 179
vor 5892 3636 67 179 179
trop 5956 3628 48 179 179
stand 5992 3624 63 0 179
trop 6020 3628 48 179 179
trop 6236 3620 68 179 179
lay 6440 3640 19 0 179
lay 7144 3640 21 0 179
stand 7400 3640 10 0 179
trop 7436 3628 66 179 179
fre 7796 3620 83 179 179
stand 1000 3656 0 0 179
tree 2264 3672 8 0 179
tree 2344 3656 35 0 179
tree 2456 3672 4 0 179
tree 2552 3672 4 0 179
fre 2588 3668 83 179 179
tree 2632 3672 67 0 179
lay 2696 3672 22 0 179
dom 2784 3648 3 0 179
dom 2944 3648 2 0 179
lay 3256 3656 18 0 179
lay 3320 3672 18 0 179
fre 3364 3652 83 179 179
stand 3640 3672 0 0 179
zabor 3952 3664 112 2 9
zabor 3984 3664 105 2 8
zabor 4016 3664 113 2 9
zabor 4080 3664 113 2 9
lay 4104 3672 18 0 179
zabor 4176 3664 113 2 9
tree 4568 3656 8 0 179
zabor 4944 3664 113 2 9
zabor 4976 3664 112 2 9
fre 5140 3676 83 179 179
tree 5288 3672 57 0 179
tree 5320 3672 6 0 179
tree 5368 3672 16 0 179
vor 5756 3660 40 179 179
dom 5824 3648 16 2 179
trop 5892 3652 48 179 179
vor 6012 3660 32 179 179
tree 7288 3672 67 0 179
tree 2200 3688 2 0 179
tree 2280 3688 11 0 179
tree 2312 3704 57 0 179
tree 2408 3704 44 0 179
tree 2456 3704 35 0 179
tree 2536 3688 43 0 179
trop 3052 3684 60 179 179
dom 3424 3680 6 0 179
zabor 3952 3696 112 2 9
zabor 3984 3696 112 2 9
zabor 4016 3696 113 2 9
fre 4324 3684 46 179 179
trop 4388 3700 66 179 179
zabor 4976 3696 112 2 9
zabor 5008 3696 112 2 9
tree 5112 3688 14 0 179
tree 5256 3704 57 0 179
tree 5304 3704 43 0 179
tree 5384 3704 44 0 179
tree 5448 3688 68 0 179
fre 5468 3700 83 179 179
vor 5796 3692 40 179 179
trop 5956 3708 48 179 179
trop 6020 3708 48 179 179
trop 6260 3692 118 179 179
tree 6296 3688 4 0 179
lay 6712 3688 19 0 179
stand 296 3736 0 0 179
trop 1340 3716 65 179 179
tree 1576 3736 64 0 179
tree 1832 3736 63 0 179
tree 2136 3736 69 0 179
tree 2248 3720 14 0 179
tree 2344 3720 7 0 179
lay 2856 3736 18 0 179
trop 3060 3732 38 179 179
dom 3168 3712 42 0 179
stand 3304 3736 8 0 179
zabor 3952 3728 105 2 8
zabor 3984 3728 113 2 9
zabor 4016 3728 113 2 9
lay 4120 3720 14 0 179
lay 4248 3720 16 0 179
lay 4328 3736 18 0 179
vor 4524 3732 116 179 179
lay 4632 3720 18 0 179
lay 4920 3736 18 0 179
zabor 4976 3728 112 2 9
zabor 5008 3728 112 2 9
zabor 5040 3728 105 2 8
tree 5176 3736 21 0 179
tree 5208 3720 58 0 179
trop 5892 3732 48 179 179
trop 6324 3740 117 179 179
tree 6904 3736 27 0 179
tree 7016 3736 4 0 179
tree 7032 3736 53 0 179
trop 7436 3716 66 179 179
stand 728 3768 0 0 179
tree 2136 3752 64 0 179
tree 2264 3752 13 0 179
fre 2268 3756 83 179 179
tree 2552 3768 35 0 179
tree 2552 3752 43 0 179
tree 2536 3752 27 0 179
fre 2572 3748 83 179 179
lay 2696 3752 18 0 179
fre 2860 3772 83 179 179
zabor 3920 3760 113 2 9
zabor 3952 3760 113 2 9
zabor 3984 3760 112 2 9
vor 4300 3748 49 179 179
trop 4396 3772 38 179 179
lay 4792 3768 17 0 179
vor 4908 3764 66 179 179
zabor 5040 3760 105 2 8
zabor 5072 3760 105 2 8
tree 5144 3752 11 0 179
tree 5144 3768 6 0 179
tree 5208 3752 30 0 179
dom 6176 3744 34 1 179
tree 6840 3768 30 0 179
tree 7096 3768 8 0 179
tree 7240 3752 69 0 179
trop 1340 3796 65 179 179
tree 2328 3800 43 0 179
tree 2408 3784 43 0 179
tree 2472 3784 58 0 179
tree 2520 3800 50 0 179
trop 3068 3804 38 179 179
fre 3196 3804 83 179 179
stand 3784 3784 0 0 179
zabor 3952 3792 105 2 8
zabor 3984 3792 105 2 8
tree 4120 3800 0 0 179
fre 4140 3796 51 179 179
zabor 4432 3792 105 2 8
zabor 4464 3792 104 2 8
zabor 4496 3792 105 2 8
fre 4540 3804 46 179 179
zabor 5072 3792 105 2 8
zabor 5104 3792 105 2 8
tree 5224 3800 31 0 179
tree 5256 3800 2 0 179
tree 5272 3800 32 0 179
tree 5288 3784 8 0 179
tree 5368 3800 23 0 179
tree 5528 3784 63 0 179
vor 5804 3804 57 179 179
stand 5832 3800 63 0 179
trop 6012 3804 43 179 179
tree 6760 3800 57 0 179
tree 6904 3784 53 0 179
tree 6920 3784 0 0 179
tree 6968 3800 7 0 179
tree 7032 3784 13 0 179
tree 7112 3784 16 0 179
trop 7436 3804 66 179 179
tree 1784 3832 65 0 179
tree 2328 3816 30 0 179
tree 2392 3816 8 0 179
tree 2632 3816 64 0 179
lay 2696 3816 18 0 179
dom 2784 3808 8 0 179
dom 2944 3808 4 0 179
fre 3364 3820 83 179 179
zabor 3952 3824 112 2 9
zabor 3984 3824 104 2 8
dom 4064 3808 113 2 179
fre 4116 3828 48 179 179
dom 4224 3808 113 1 179
fre 4268 3828 44 179 179
dom 4320 3808 113 1 179
zabor 4432 3824 104 2 8
lay 4536 3816 1 1 179
dom 4896 3808 49 3 179
zabor 5072 3824 112 2 9
zabor 5104 3824 104 2 8
zabor 5136 3824 113 2 9
tree 5272 3816 16 0 179
fre 5332 3820 83 179 179
tree 5384 3816 11 0 179
fre 5420 3836 83 179 179
dom 5696 3808 45 3 179
vor 5828 3828 65 179 179
trop 5892 3812 48 179 179
vor 5932 3836 90 179 179
trop 6372 3812 118 179 179
lay 6520 3816 19 0 179
tree 6664 3832 7 0 179
tree 6712 3832 14 0 179
tree 6808 3832 46 0 179
tree 6872 3832 4 0 179
tree 6904 3832 62 0 179
tree 6888 3832 53 0 179
tree 6888 3816 16 0 179
tree 6936 3816 32 0 179
tree 6936 3832 30 0 179
tree 7000 3816 19 0 179
tree 7144 3816 44 0 179
tree 7960 3832 69 0 179
tree 392 3864 63 0 179
tree 1176 3848 68 0 179
tree 1896 3864 66 0 179
fre 2700 3852 83 179 179
fre 2996 3860 83 179 179
trop 3068 3852 67 179 179
dom 3168 3840 10 0 179
dom 3296 3840 9 0 179
dom 3424 3840 3 0 179
lay 3928 3864 1 0 179
zabor 3952 3856 113 2 9
zabor 3984 3856 113 2 9
vor 4036 3852 65 179 179
trop 4404 3844 38 179 179
dom 4480 3840 115 2 179
zabor 5136 3856 112 2 9
zabor 5168 3856 112 2 9
tree 5224 3848 11 0 179
tree 5320 3848 13 0 179
tree 5368 3848 46 0 179
tree 5352 3848 8 0 179
fre 5380 3852 83 179 179
fre 5652 3852 83 179 179
tree 6360 3848 57 0 179
trop 6428 3852 117 179 179
tree 7112 3864 59 0 179
tree 7112 3848 19 0 179
tree 7128 3864 58 0 179
tree 7176 3864 16 0 179
tree 7176 3848 45 0 179
stand 328 3880 10 0 179
stand 648 3880 10 0 179
stand 1016 3880 10 0 179
stand 1304 3880 10 0 179
trop 1340 3884 65 179 179
stand 1736 3880 10 0 179
stand 2088 3880 10 0 179
stand 2584 3896 10 0 179
stand 3032 3880 10 0 179
trop 3100 3900 118 179 179
stand 3336 3896 10 0 179
stand 3672 3896 10 0 179
zabor 3952 3888 105 2 8
zabor 3984 3888 105 2 8
stand 4040 3896 10 0 179
stand 4344 3880 10 0 179
fre 4420 3876 47 179 179
vor 4716 3900 67 179 179
lay 4904 3896 10 0 179
lay 5048 3880 6 0 179
zabor 5168 3888 112 2 9
zabor 5200 3888 113 2 9
tree 5304 3896 62 0 179
tree 5336 3880 35 0 179
vor 5588 3876 66 179 179
trop 5892 3892 48 179 179
trop 5964 3892 42 179 179
tree 6328 3896 35 0 179
stand 6424 3896 10 0 179
tree 6744 3880 51 0 179
tree 6760 3896 58 0 179
tree 6776 3880 31 0 179
tree 6872 3896 51 0 179
tree 7080 3880 44 0 179
tree 7192 3896 31 0 179
trop 7436 3892 66 179 179
stand 7768 3880 0 0 179
trop 236 3916 125 179 179
trop 324 3916 113 179 179
trop 412 3916 113 179 179
trop 500 3916 113 179 179
trop 580 3916 113 179 179
trop 668 3916 113 179 179
trop 756 3916 113 179 179
trop 844 3916 113 179 179
trop 924 3916 113 179 179
trop 1012 3916 113 179 179
trop 1092 3916 113 179 179
trop 1180 3916 113 179 179
trop 1268 3916 113 179 179
trop 1356 3916 113 179 179
trop 1436 3916 113 179 179
trop 1508 3916 113 179 179
trop 1588 3916 113 179 179
trop 1668 3916 113 179 179
trop 1748 3924 114 179 179
trop 1828 3924 114 179 179
trop 1908 3924 114 179 179
trop 1996 3924 114 179 179
trop 2084 3924 114 179 179
trop 2172 3924 113 179 179
trop 2260 3924 113 179 179
trop 2348 3924 113 179 179
trop 2436 3924 113 179 179
trop 2524 3924 113 179 179
trop 2604 3924 115 179 179
trop 2692 3924 113 179 179
trop 2780 3924 113 179 179
trop 2868 3924 113 179 179
trop 2956 3924 113 179 179
trop 3052 3908 69 179 179
stand 3064 3928 72 0 179
trop 3180 3924 113 179 179
trop 3268 3924 113 179 179
trop 3356 3924 113 179 179
trop 3436 3924 113 179 179
trop 3516 3924 113 179 179
trop 3604 3924 113 179 179
trop 3692 3924 113 179 179
trop 3780 3924 113 179 179
trop 3868 3924 113 179 179
trop 3948 3924 113 179 179
trop 4028 3924 113 179 179
trop 4108 3924 113 179 179
trop 4180 3924 113 179 179
trop 4260 3924 113 179 179
trop 4348 3924 113 179 179
trop 4412 3908 38 179 179
zabor 5200 3920 105 2 8
lay 5240 3912 18 0 179
zabor 5232 3920 105 2 8
fre 5564 3916 83 179 179
dom 6176 3904 34 3 179
trop 6452 3932 67 179 179
tree 7352 3928 66 0 179
tree 7416 3912 69 0 179
tree 8008 3912 67 0 179
trop 1340 3964 65 179 179
trop 3036 3948 117 179 179
trop 3084 3948 70 179 179
zabor 3952 3952 105 2 8
zabor 3984 3952 113 2 9
trop 4420 3948 117 179 179
lay 4632 3960 18 0 179
lay 4728 3944 11 0 179
vor 4972 3956 67 179 179
lay 5128 3960 4 0 179
zabor 5232 3952 112 2 9
fre 5348 3948 83 179 179
fre 5524 3940 83 179 179
trop 6020 3956 48 179 179
tree 6808 3944 7 0 179
tree 6904 3944 4 0 179
tree 7080 3960 15 0 179
tree 7080 3944 32 0 179
tree 7096 3944 6 0 179
tree 7096 3960 23 0 179
tree 7112 3960 38 0 179
tree 7160 3960 27 0 179
tree 7144 3960 51 0 179
tree 7176 3944 45 0 179
tree 264 3992 69 0 179
tree 744 3992 64 0 179
tree 776 3992 66 0 179
zabor 2416 3984 31 0 8
zabor 2448 3984 31 0 8
zabor 2480 3984 29 0 8
zabor 2512 3984 24 0 8
zabor 2544 3984 25 0 8
zabor 3440 3984 25 0 8
zabor 3472 3984 28 0 8
zabor 3504 3984 30 0 8
zabor 3536 3984 30 0 8
zabor 3568 3984 24 0 8
zabor 3600 3984 26 0 8
zabor 3632 3984 28 0 8
zabor 3952 3984 112 2 9
zabor 3984 3984 104 2 8
zabor 4208 3984 104 2 8
fre 4628 3996 55 179 179
lay 4776 3992 8 0 179
dom 5696 3968 45 2 179
vor 5780 3980 57 179 179
vor 5820 3996 64 179 179
fre 5796 3996 83 179 179
trop 5956 3980 41 179 179
tree 6760 3976 38 0 179
tree 6776 3976 32 0 179
tree 6840 3976 11 0 179
tree 7048 3976 35 0 179
tree 7048 3992 45 0 179
tree 7128 3992 58 0 179
stand 7400 3992 10 0 179
trop 7436 3980 66 179 179
tree 7960 3992 69 0 179
tree 8024 3976 66 0 179
tree 8024 3992 63 0 179
tree 8008 3992 63 0 179
tree 280 4008 67 0 179
tree 264 4008 64 0 179
tree 1064 4024 66 0 179
dom 1440 4000 5 0 179
tree 1592 4024 69 0 179
zabor 2416 4016 29 0 8
zabor 2544 4016 29 0 8
zabor 2576 4016 24 0 8
dom 2816 4000 1 0 179
dom 2944 4000 2 0 179
dom 3296 4000 43 0 179
zabor 3440 4016 26 0 8
zabor 3632 4016 24 0 8
zabor 3952 4016 113 2 9
zabor 3984 4016 104 2 8
lay 4008 4008 18 0 179
dom 4064 4000 115 3 179
fre 4164 4028 51 179 179
zabor 4208 4016 105 2 8
fre 4340 4004 56 179 179
vor 4444 4012 90 179 179
trop 4444 4028 67 179 179
fre 4596 4020 47 179 179
tree 4808 4008 8 0 179
lay 4936 4008 18 0 179
dom 5280 4000 30 3 179
trop 6020 4028 48 179 179
trop 6452 4012 67 179 179
tree 6824 4008 61 0 179
tree 6824 4024 32 0 179
tree 6936 4024 4 0 179
tree 6984 4008 51 0 179
tree 7176 4024 38 0 179
tree 7176 4008 14 0 179
tree 7256 4008 31 0 179
tree 7272 4008 15 0 179
stand 7672 4008 0 0 179
tree 168 4056 66 0 179
tree 184 4056 63 0 179
tree 504 4056 65 0 179
tree 584 4040 66 0 179
tree 712 4040 68 0 179
lay 824 4040 9 0 179
trop 1340 4052 65 179 179
zabor 2416 4048 24 0 8
zabor 2576 4048 25 0 8
zabor 2608 4048 28 0 8
zabor 2640 4048 26 0 8
zabor 2672 4048 30 0 8
stand 2664 4056 0 0 179
zabor 2704 4048 30 0 8
trop 3060 4036 67 179 179
dom 3168 4032 44 0 179
zabor 3440 4048 25 0 8
zabor 3632 4048 25 0 8
zabor 3952 4048 104 2 8
zabor 3984 4048 104 2 8
tree 4136 4056 0 0 179
zabor 4208 4048 105 2 8
fre 4228 4044 55 179 179
fre 4268 4044 51 179 179
dom 4352 4032 114 1 179
lay 4584 4040 17 0 179
dom 5056 4032 39 3 179
zabor 5264 4048 113 2 9
zabor 5296 4048 105 2 8
trop 5916 4060 40 179 179
vor 6284 4060 25 179 179
tree 6840 4040 61 0 179
tree 6856 4040 50 0 179
tree 7112 4040 13 0 179
tree 7144 4056 24 0 179
tree 7176 4040 30 0 179
lay 744 4088 13 0 179
tree 1144 4072 69 0 179
zabor 2416 4080 27 0 8
zabor 2704 4080 30 0 8
zabor 2736 4080 25 0 8
fre 2836 4092 83 179 179
zabor 3408 4080 25 0 8
zabor 3440 4080 26 0 8
zabor 3632 4080 29 0 8
lay 4168 4088 8 0 179
zabor 4208 4080 113 2 9
zabor 4912 4080 104 2 8
lay 5128 4072 1 1 179
zabor 5264 4080 104 2 8
tree 5288 4088 0 0 179
zabor 5296 4080 105 2 8
vor 5580 4076 66 179 179
stand 5992 4072 63 0 179
trop 6444 4092 67 179 179
tree 6856 4088 31 0 179
tree 6888 4072 54 0 179
tree 7304 4088 0 0 179
trop 7436 4068 66 179 179
tree 328 4104 64 0 179
lay 808 4120 9 0 179
lay 904 4120 9 0 179
stand 1304 4104 10 0 179
tree 2200 4120 68 0 179
tree 2392 4104 63 0 179
zabor 2416 4112 26 0 8
zabor 2736 4112 31 0 8
stand 2792 4104 8 0 179
fre 2980 4100 83 179 179
fre 3276 4116 83 179 179
tree 3288 4120 24 0 179
tree 3352 4120 45 0 179
zabor 3408 4112 25 0 8
zabor 3600 4112 26 0 8
zabor 3632 4112 28 0 8
tree 3896 4120 32 0 179
dom 3968 4096 57 3 179
vor 4076 4108 67 179 179
zabor 4208 4112 113 2 9
lay 4296 4104 18 0 179
trop 4444 4116 67 179 179
fre 4564 4108 51 179 179
vor 4700 4116 65 179 179
lay 4776 4120 11 0 179
zabor 4912 4112 104 2 8
lay 5000 4120 16 0 179
zabor 5264 4112 112 2 9
zabor 5296 4112 113 2 9
trop 6020 4108 48 179 179
dom 6112 4096 35 1 179
dom 6176 4096 35 2 179
tree 7016 4104 24 0 179
tree 7016 4120 45 0 179
tree 7096 4120 57 0 179
tree 7112 4120 6 0 179
tree 7160 4120 6 0 179
tree 7160 4104 15 0 179
tree 7176 4120 62 0 179
tree 7208 4120 51 0 179
tree 7224 4120 16 0 179
tree 7240 4120 68 0 179
tree 184 4152 64 0 179
tree 408 4136 58 0 179
tree 440 4136 35 0 179
lay 696 4136 9 0 179
dom 1248 4128 4 0 179
trop 1340 4132 65 179 179
stand 1464 4152 16 0 179
tree 1560 4152 65 0 179
tree 1576 4152 64 0 179
zabor 2416 4144 29 0 8
zabor 2736 4144 26 0 8
dom 2944 4128 6 0 179
trop 3060 4132 67 179 179
dom 3136 4128 7 0 179
tree 3352 4136 43 0 179
fre 3380 4132 83 179 179
zabor 3408 4144 25 0 8
zabor 3600 4144 29 0 8
tree 3736 4136 16 0 179
vor 3900 4156 67 179 179
zabor 4208 4144 104 2 8
fre 4260 4148 51 179 179
fre 4396 4140 44 179 179
fre 4548 4156 51 179 179
zabor 4912 4144 105 2 8
zabor 5264 4144 112 2 9
zabor 5296 4144 104 2 8
trop 5892 4156 48 179 179
trop 5956 4156 48 179 179
tree 7000 4136 50 0 179
tree 7128 4152 59 0 179
tree 7128 4136 13 0 179
tree 7112 4152 6 0 179
tree 7240 4136 0 0 179
trop 7436 4148 66 179 179
tree 616 4184 65 0 179
lay 888 4184 14 0 179
zabor 2416 4176 27 0 8
zabor 2736 4176 31 0 8
fre 3380 4188 83 179 179
tree 3384 4184 32 0 179
tree 3384 4168 46 0 179
zabor 3408 4176 25 0 8
zabor 3600 4176 27 0 8
zabor 3952 4176 104 2 8
zabor 4208 4176 104 2 8
dom 4352 4160 114 2 179
zabor 4912 4176 104 2 8
lay 4936 4184 18 0 179
zabor 5264 4176 104 2 8
zabor 5296 4176 112 2 9
lay 5320 4184 2 0 179
fre 5612 4164 83 179 179
dom 5792 4160 13 2 179
stand 5928 4184 63 0 179
trop 6020 4180 48 179 179
dom 6112 4160 36 2 179
trop 6444 4172 67 179 179
tree 6984 4168 6 0 179
tree 7048 4168 61 0 179
tree 7048 4184 6 0 179
tree 7096 4184 4 0 179
tree 7112 4184 2 0 179
tree 7176 4184 30 0 179
tree 7304 4168 2 0 179
tree 7320 4168 59 0 179
tree 7320 4184 6 0 179
tree 7352 4184 53 0 179
tree 376 4200 45 0 179
tree 440 4216 6 0 179
tree 504 4216 38 0 179
tree 520 4200 19 0 179
tree 520 4216 61 0 179
lay 792 4200 10 0 179
trop 1340 4212 67 179 179
tree 2344 4200 44 0 179
zabor 2416 4208 27 0 8
stand 2520 4200 0 0 179
zabor 2736 4208 28 0 8
lay 2888 4216 18 0 179
trop 3060 4220 67 179 179
fre 3276 4212 83 179 179
tree 3272 4216 61 0 179
tree 3304 4200 59 0 179
fre 3308 4212 83 179 179
tree 3384 4200 57 0 179
zabor 3408 4208 29 0 8
zabor 3600 4208 29 0 8
zabor 3920 4208 104 2 8
zabor 3952 4208 105 2 8
trop 4444 4196 67 179 179
tree 4520 4200 8 0 179
fre 4572 4204 48 179 179
dom 4704 4192 113 2 179
zabor 4816 4208 113 2 9
zabor 4848 4208 112 2 9
zabor 4880 4208 112 2 9
zabor 4912 4208 105 2 8
zabor 5264 4208 112 2 9
zabor 5296 4208 113 2 9
vor 5388 4196 64 179 179
vor 6268 4220 64 179 179
tree 7160 4200 64 0 179
tree 7160 4216 63 0 179
tree 7336 4200 13 0 179
trop 7428 4220 65 179 179
tree 408 4248 35 0 179
tree 584 4232 11 0 179
lay 776 4232 11 0 179
dom 1056 4224 128 0 179
tree 2264 4232 31 0 179
tree 2344 4232 22 0 179
zabor 2416 4240 27 0 8
zabor 2736 4240 27 0 8
lay 2840 4248 18 0 179
stand 3032 4248 10 0 179
zabor 3248 4240 24 0 8
zabor 3280 4240 27 0 8
zabor 3312 4240 27 0 8
zabor 3344 4240 24 0 8
zabor 3376 4240 30 0 8
zabor 3408 4240 25 0 8
zabor 3600 4240 25 0 8
zabor 3920 4240 105 2 8
lay 4136 4232 17 0 179
fre 4636 4236 51 179 179
stand 4744 4232 10 1 179
fre 4772 4236 47 179 179
vor 5260 4252 90 179 179
zabor 5264 4240 112 2 9
zabor 5296 4240 112 2 9
fre 5564 4244 83 179 179
fre 5612 4228 83 179 179
trop 5892 4236 48 179 179
trop 5956 4228 48 179 179
stand 6424 4248 10 0 179
trop 6444 4252 67 179 179
tree 7144 4248 23 0 179
tree 7352 4232 45 0 179
tree 7352 4248 22 0 179
tree 7368 4232 38 0 179
tree 536 4280 19 0 179
dom 1248 4256 8 0 179
trop 1332 4260 67 179 179
dom 1440 4256 1 0 179
tree 1576 4280 19 0 179
stand 1896 4264 0 0 179
tree 2344 4264 11 0 179
zabor 2416 4272 30 0 8
zabor 2448 4272 28 0 8
zabor 2480 4272 29 0 8
zabor 2512 4272 25 0 8
zabor 2544 4272 30 0 8
zabor 2576 4272 31 0 8
zabor 2608 4272 29 0 8
zabor 2640 4272 26 0 8
zabor 2672 4272 26 0 8
zabor 2704 4272 26 0 8
zabor 2736 4272 31 0 8
dom 2848 4256 66 0 179
zabor 3248 4272 25 0 8
zabor 3600 4272 30 0 8
tree 3720 4280 8 0 179
zabor 3888 4272 112 2 9
zabor 3920 4272 104 2 8
fre 4316 4260 43 179 179
trop 4468 4268 118 179 179
trop 4540 4284 116 179 179
trop 4628 4284 116 179 179
trop 4716 4284 115 179 179
trop 4804 4284 115 179 179
tree 5112 4264 8 0 179
zabor 5264 4272 112 2 9
zabor 5296 4272 112 2 9
lay 5544 4264 22 0 179
vor 5964 4276 49 179 179
trop 6020 4260 48 179 179
dom 6112 4256 33 2 179
tree 6392 4280 63 0 179
tree 7128 4280 13 0 179
tree 7112 4280 44 0 179
tree 7224 4264 64 0 179
tree 7320 4280 19 0 179
tree 7304 4264 19 0 179
trop 7460 4268 118 179 179
tree 7976 4280 67 0 179
tree 408 4296 50 0 179
tree 616 4312 43 0 179
lay 760 4312 11 0 179
lay 856 4312 11 0 179
tree 952 4296 65 0 179
tree 2312 4296 45 0 179
tree 2392 4312 53 0 179
tree 2632 4312 66 0 179
lay 2856 4312 17 0 179
stand 2936 4296 6 0 179
stand 2968 4296 6 0 179
trop 3068 4300 38 179 179
lay 3208 4296 22 0 179
zabor 3248 4304 27 0 8
zabor 3568 4304 27 0 8
zabor 3600 4304 31 0 8
zabor 3920 4304 113 2 9
vor 4116 4292 64 179 179
lay 4408 4296 14 0 179
trop 4884 4308 117 179 179
zabor 5264 4304 105 2 8
zabor 5296 4304 112 2 9
lay 5480 4312 19 0 179
trop 5892 4308 48 179 179
trop 5956 4308 48 179 179
stand 5992 4312 63 0 179
trop 6020 4316 48 179 179
vor 6172 4308 17 179 179
tree 7128 4296 43 0 179
tree 7144 4296 0 0 179
tree 7224 4312 8 0 179
tree 7416 4296 21 0 179
tree 7448 4296 58 0 179
trop 7524 4316 117 179 179
fre 7700 4292 83 179 179
tree 152 4344 64 0 179
tree 168 4344 63 0 179
tree 504 4328 58 0 179
tree 520 4328 2 0 179
fre 724 4324 83 179 179
tree 712 4344 54 0 179
stand 1256 4344 8 0 179
stand 1304 4344 10 0 179
trop 1332 4348 67 179 179
tree 2264 4328 46 0 179
tree 2248 4344 53 0 179
tree 2488 4344 46 0 179
zabor 3248 4336 28 0 8
zabor 3568 4336 28 0 8
zabor 3920 4336 105 2 8
vor 3988 4348 65 179 179
fre 4436 4332 51 179 179
stand 4520 4328 10 0 179
vor 5116 4348 1 179 179
lay 5224 4344 18 0 179
zabor 5264 4336 113 2 9
zabor 5296 4336 104 2 8
lay 5560 4344 19 0 179
fre 5684 4340 83 179 179
dom 6112 4320 33 1 179
trop 6444 4332 67 179 179
fre 6548 4324 55 179 179
vor 6788 4332 16 179 179
tree 7304 4344 57 0 179
tree 7400 4328 45 0 179
tree 216 4360 64 0 179
tree 216 4376 64 0 179
tree 648 4376 57 0 179
tree 2264 4360 13 0 179
tree 2328 4360 11 0 179
tree 2392 4376 14 0 179
tree 2408 4360 51 0 179
tree 2424 4360 14 0 179
tree 2440 4376 8 0 179
tree 2552 4360 31 0 179
tree 2536 4360 46 0 179
tree 2584 4360 58 0 179
fre 2740 4372 83 179 179
tree 2776 4376 61 0 179
lay 2808 4376 17 0 179
lay 2920 4360 18 0 179
trop 3076 4372 38 179 179
zabor 3248 4368 27 0 8
stand 3528 4360 0 0 179
zabor 3568 4368 31 0 8
lay 3720 4360 14 0 179
tree 4120 4360 8 0 179
lay 4568 4376 18 0 179
vor 5076 4372 24 179 179
zabor 5264 4368 113 2 9
zabor 5296 4368 113 2 9
tree 5480 4360 58 0 179
tree 5592 4360 11 0 179
vor 5844 4372 66 179 179
tree 7240 4376 51 0 179
tree 7240 4360 27 0 179
tree 7352 4376 44 0 179
tree 7384 4360 32 0 179
stand 7512 4360 10 0 179
tree 7880 4376 67 0 179
dom 960 4384 7 0 179
dom 1440 4384 7 0 179
tree 2360 4392 11 0 179
tree 2408 4408 0 0 179
tree 2536 4392 4 0 179
tree 2728 4408 4 0 179
tree 2840 4408 21 0 179
lay 2984 4392 16 0 179
tree 3208 4408 7 0 179
zabor 3248 4400 30 0 8
zabor 3280 4400 30 0 8
zabor 3312 4400 26 0 8
zabor 3344 4400 30 0 8
zabor 3376 4400 30 0 8
zabor 3408 4400 28 0 8
zabor 3440 4400 30 0 8
zabor 3472 4400 29 0 8
zabor 3504 4400 28 0 8
zabor 3536 4400 27 0 8
zabor 3568 4400 25 0 8
dom 3904 4384 29 3 179
tree 4312 4392 23 0 179
vor 4348 4396 32 179 179
fre 4484 4388 51 179 179
fre 4716 4388 47 179 179
tree 4872 4408 0 0 179
trop 4908 4396 67 179 179
zabor 5264 4400 104 2 8
zabor 5296 4400 105 2 8
tree 5544 4408 11 0 179
tree 5608 4392 7 0 179
tree 5688 4408 45 0 179
trop 5892 4388 48 179 179
trop 5956 4388 48 179 179
trop 6020 4396 48 179 179
dom 6112 4384 33 3 179
fre 6388 4404 51 179 179
trop 6428 4412 69 179 179
dom 6528 4384 28 3 179
fre 6636 4388 51 179 179
tree 7256 4392 2 0 179
tree 7240 4392 50 0 179
tree 7272 4408 53 0 179
tree 7368 4408 62 0 179
trop 7532 4396 69 179 179
tree 424 4424 14 0 179
tree 488 4440 61 0 179
tree 568 4424 51 0 179
tree 648 4440 23 0 179
tree 888 4424 66 0 179
dom 1088 4416 0 0 179
dom 1248 4416 10 0 179
trop 1332 4436 67 179 179
tree 2232 4424 14 0 179
tree 2248 4440 31 0 179
tree 2248 4424 6 0 179
tree 2328 4440 21 0 179
tree 2376 4440 27 0 179
tree 2424 4424 44 0 179
tree 2504 4424 44 0 179
tree 2600 4424 11 0 179
tree 2664 4440 11 0 179
fre 2860 4428 83 179 179
tree 2952 4440 14 0 179
trop 3084 4444 38 179 179
tree 3656 4424 15 0 179
fre 4428 4428 43 179 179
vor 4692 4436 88 179 179
lay 4744 4440 16 0 179
fre 4900 4436 36 179 179
lay 5032 4440 18 0 179
zabor 5264 4432 113 2 9
zabor 5296 4432 113 2 9
tree 5432 4424 7 0 179
fre 5460 4436 83 179 179
tree 5544 4440 13 0 179
fre 5676 4428 83 179 179
stand 5928 4440 63 0 179
trop 6276 4436 70 179 179
trop 6356 4420 113 179 179
fre 6532 4420 51 179 179
tree 7336 4440 63 0 179
trop 7460 4436 70 179 179
tree 264 4456 64 0 179
tree 1208 4472 59 0 179
stand 2088 4456 0 0 179
tree 2280 4472 13 0 179
tree 2568 4472 32 0 179
fre 2716 4468 83 179 179
tree 2792 4456 13 0 179
fre 2804 4452 83 179 179
tree 2856 4472 15 0 179
tree 3352 4456 50 0 179
fre 3436 4460 83 179 179
lay 3592 4472 1 0 179
vor 3804 4476 88 179 179
zabor 3888 4464 112 2 9
zabor 3920 4464 104 2 8
zabor 4368 4464 105 2 8
zabor 5264 4464 105 2 8
zabor 5296 4464 113 2 9
fre 5492 4460 83 179 179
fre 5572 4452 83 179 179
tree 5640 4472 7 0 179
tree 5688 4456 21 0 179
tree 5752 4456 35 0 179
fre 5796 4460 83 179 179
trop 5892 4452 48 179 179
trop 5956 4452 48 179 179
trop 6020 4476 48 179 179
fre 6556 4468 51 179 179
fre 6900 4468 52 179 179
tree 7608 4456 11 0 179
tree 7672 4456 19 0 179
tree 184 4504 50 0 179
tree 200 4488 67 0 179
fre 524 4492 83 179 179
tree 584 4488 7 0 179
tree 616 4488 51 0 179
stand 952 4504 10 0 179
stand 1240 4504 10 0 179
tree 2328 4488 24 0 179
tree 2344 4488 38 0 179
tree 2520 4488 32 0 179
tree 2568 4504 58 0 179
tree 2648 4504 30 0 179
tree 2840 4488 16 0 179
fre 2860 4508 83 179 179
tree 2856 4488 8 0 179
fre 2932 4484 83 179 179
tree 2952 4504 57 0 179
tree 3192 4488 32 0 179
tree 3256 4488 6 0 179
tree 3272 4504 61 0 179
tree 3320 4504 35 0 179
fre 3308 4492 83 179 179
fre 3340 4508 83 179 179
tree 3448 4504 8 0 179
tree 3448 4488 7 0 179
tree 3496 4488 62 0 179
zabor 3888 4496 113 2 9
zabor 3920 4496 104 2 8
dom 4064 4480 58 3 179
vor 4068 4500 114 179 179
lay 4184 4504 10 0 179
zabor 4368 4496 104 2 8
dom 4416 4480 115 2 179
lay 4488 4488 17 0 179
dom 4832 4480 115 3 179
trop 4908 4484 66 179 179
zabor 5264 4496 112 2 9
zabor 5296 4496 113 2 9
tree 5528 4488 21 0 179
tree 5672 4504 51 0 179
vor 5820 4484 113 179 179
fre 6476 4492 55 179 179
fre 6940 4492 54 179 179
tree 7560 4488 23 0 179
tree 7608 4488 51 0 179
tree 7624 4488 50 0 179
tree 7800 4504 21 0 179
tree 264 4520 67 0 179
tree 520 4520 58 0 179
tree 760 4520 69 0 179
tree 776 4520 67 0 179
trop 956 4532 113 179 179
trop 1036 4532 113 179 179
trop 1124 4532 113 179 179
trop 1212 4532 114 179 179
trop 1308 4516 69 179 179
dom 1472 4512 6 0 179
tree 1640 4520 67 0 179
tree 2280 4520 32 0 179
tree 2456 4536 32 0 179
tree 2472 4520 16 0 179
tree 2520 4536 50 0 179
tree 2600 4536 8 0 179
tree 2648 4536 61 0 179
tree 2664 4536 8 0 179
tree 2712 4536 0 0 179
tree 2792 4520 50 0 179
tree 2808 4536 62 0 179
tree 2888 4520 50 0 179
trop 3092 4516 38 179 179
tree 3160 4536 51 0 179
fre 3180 4540 83 179 179
tree 3256 4520 21 0 179
tree 3384 4520 31 0 179
tree 3400 4520 53 0 179
tree 3496 4520 59 0 179
vor 3684 4540 65 179 179
zabor 3888 4528 105 2 8
zabor 3920 4528 113 2 9
zabor 4368 4528 104 2 8
zabor 4400 4528 104 2 8
dom 4736 4512 37 3 179
vor 5108 4532 67 179 179
zabor 5264 4528 105 2 8
zabor 5296 4528 104 2 8
tree 5432 4536 35 0 179
tree 5512 4520 2 0 179
tree 5592 4520 13 0 179
fre 5644 4540 83 179 179
fre 5788 4540 83 179 179
trop 5892 4524 48 179 179
trop 5956 4516 48 179 179
trop 6260 4516 66 179 179
dom 7040 4512 28 3 179
tree 7272 4520 63 0 179
tree 7368 4520 69 0 179
trop 7428 4516 67 179 179
tree 7752 4520 53 0 179
tree 7784 4536 45 0 179
tree 328 4568 65 0 179
tree 584 4568 63 0 179
trop 876 4556 70 179 179
trop 1236 4556 70 179 179
tree 2424 4568 30 0 179
tree 2456 4568 54 0 179
tree 2744 4568 59 0 179
fre 2724 4572 83 179 179
fre 2852 4572 83 179 179
tree 2872 4568 46 0 179
lay 2984 4552 20 0 179
stand 3064 4568 10 0 179
tree 3224 4568 8 0 179
tree 3224 4552 23 0 179
tree 3480 4568 23 0 179
fre 3516 4556 83 179 179
tree 3528 4568 16 0 179
lay 3592 4552 18 0 179
zabor 3888 4560 104 2 8
zabor 3920 4560 113 2 9
tree 4136 4568 0 0 179
lay 4360 4552 1 1 179
vor 4636 4556 66 179 179
trop 4908 4572 66 179 179
lay 5208 4552 17 0 179
vor 5228 4548 8 179 179
tree 5672 4552 24 0 179
tree 5672 4568 23 0 179
tree 5736 4552 4 0 179
stand 5880 4568 22 0 179
stand 5944 4568 22 0 179
trop 6020 4556 48 179 179
stand 6232 4552 10 0 179
vor 6892 4556 67 179 179
tree 7496 4568 22 0 179
tree 7544 4552 21 0 179
tree 7640 4568 4 0 179
tree 7720 4552 21 0 179
tree 200 4584 65 0 179
tree 216 4584 63 0 179
tree 216 4600 64 0 179
tree 648 4600 66 0 179
tree 664 4600 65 0 179
trop 852 4604 71 179 179
stand 1768 4600 0 0 179
tree 2392 4600 35 0 179
tree 2424 4584 32 0 179
tree 2456 4584 6 0 179
tree 2632 4600 2 0 179
tree 2808 4600 23 0 179
fre 2892 4604 83 179 179
fre 2948 4580 83 179 179
trop 3100 4580 38 179 179
tree 3160 4584 61 0 179
tree 3224 4584 7 0 179
tree 3208 4584 15 0 179
tree 3288 4584 11 0 179
tree 3400 4584 21 0 179
lay 3848 4600 19 0 179
zabor 3888 4592 112 2 9
zabor 3920 4592 104 2 8
vor 4004 4588 65 179 179
lay 4072 4600 16 0 179
lay 4552 4600 18 0 179
zabor 4656 4592 104 2 8
vor 5020 4580 64 179 179
zabor 5008 4592 112 2 9
dom 5312 4576 30 3 179
tree 5480 4584 59 0 179
tree 5528 4600 22 0 179
tree 5576 4584 58 0 179
fre 5604 4596 83 179 179
tree 5688 4600 44 0 179
stand 5976 4600 63 0 179
trop 6260 4596 66 179 179
dom 6400 4576 105 3 179
fre 6540 4588 52 179 179
stand 7176 4584 10 0 179
trop 7404 4596 69 179 179
tree 7512 4584 23 0 179
tree 7592 4584 13 0 179
fre 244 4628 83 179 179
tree 280 4616 66 0 179
tree 296 4632 64 0 179
tree 552 4616 69 0 179
dom 960 4608 4 0 179
dom 1088 4608 44 0 179
dom 1312 4608 6 0 179
tree 2376 4632 0 0 179
tree 2456 4632 24 0 179
tree 2488 4632 51 0 179
tree 2520 4632 21 0 179
tree 2504 4632 13 0 179
tree 2536 4632 4 0 179
tree 2536 4616 57 0 179
tree 2712 4616 50 0 179
tree 2808 4616 8 0 179
lay 2904 4616 19 0 179
tree 3032 4632 67 0 179
tree 3272 4616 58 0 179
tree 3368 4632 21 0 179
tree 3480 4616 19 0 179
zabor 3888 4624 112 2 9
zabor 3920 4624 104 2 8
lay 4312 4632 19 0 179
tree 4520 4616 7 0 179
zabor 4656 4624 104 2 8
vor 4756 4636 112 179 179
stand 4872 4632 10 0 179
zabor 5008 4624 112 2 9
zabor 5040 4624 104 2 8
zabor 5072 4624 113 2 9
lay 5096 4632 1 1 179
zabor 5104 4624 113 2 9
zabor 5136 4624 113 2 9
zabor 5168 4624 105 2 8
zabor 5200 4624 112 2 9
zabor 5232 4624 105 2 8
zabor 5264 4624 112 2 9
zabor 5296 4624 112 2 9
zabor 5328 4624 104 2 8
tree 5656 4632 19 0 179
trop 6020 4628 48 179 179
stand 6056 4616 63 0 179
fre 6308 4620 57 179 179
vor 6572 4636 48 179 179
fre 7076 4620 55 179 179
trop 7180 4636 70 179 179
trop 7252 4612 113 179 179
trop 7324 4612 113 179 179
tree 7304 4616 63 0 179
tree 7592 4632 16 0 179
tree 168 4648 27 0 179
tree 248 4648 58 0 179
tree 808 4648 66 0 179
trop 876 4660 118 179 179
trop 1212 4644 68 179 179
dom 1440 4640 0 0 179
tree 2680 4648 22 0 179
tree 2712 4664 51 0 179
fre 2796 4644 83 179 179
tree 2936 4664 69 0 179
trop 3108 4652 38 179 179
tree 3224 4664 44 0 179
tree 3256 4648 22 0 179
tree 3432 4664 43 0 179
lay 3672 4648 14 0 179
zabor 3888 4656 104 2 8
zabor 3920 4656 104 2 8
zabor 4656 4656 105 2 8
trop 4908 4652 66 179 179
zabor 5008 4656 112 2 9
zabor 5040 4656 113 2 9
zabor 5072 4656 104 2 8
zabor 5104 4656 104 2 8
zabor 5136 4656 112 2 9
zabor 5168 4656 104 2 8
zabor 5200 4656 113 2 9
zabor 5232 4656 112 2 9
zabor 5264 4656 105 2 8
zabor 5296 4656 113 2 9
zabor 5328 4656 104 2 8
tree 5432 4648 45 0 179
tree 5528 4648 4 0 179
tree 5560 4664 24 0 179
fre 5580 4644 83 179 179
tree 5624 4664 11 0 179
vor 6180 4668 90 179 179
vor 6452 4644 16 179 179
vor 6844 4652 25 179 179
fre 6980 4644 54 179 179
tree 7416 4664 44 0 179
tree 7528 4648 59 0 179
tree 7576 4648 30 0 179
tree 7640 4664 13 0 179
tree 7704 4664 45 0 179
tree 248 4680 68 0 179
tree 312 4696 68 0 179
trop 940 4700 117 179 179
stand 2024 4680 0 0 179
lay 2808 4696 19 0 179
lay 2904 4680 20 0 179
lay 3000 4696 20 0 179
fre 3204 4692 83 179 179
tree 3368 4696 57 0 179
lay 3592 4680 18 0 179
vor 3724 4700 65 179 179
zabor 3888 4688 113 2 9
zabor 3920 4688 113 2 9
zabor 3952 4688 113 2 9
lay 4280 4696 14 0 179
vor 4612 4684 114 179 179
zabor 4656 4688 105 2 8
zabor 5008 4688 104 2 8
zabor 5040 4688 105 2 8
lay 5064 4696 16 0 179
vor 5268 4676 65 179 179
tree 5544 4696 6 0 179
fre 5700 4676 83 179 179
trop 6260 4684 66 179 179
vor 6772 4676 16 179 179
tree 7336 4680 35 0 179
tree 7352 4680 14 0 179
tree 7496 4696 16 0 179
tree 200 4728 69 0 179
tree 648 4728 64 0 179
stand 936 4728 10 0 179
trop 1212 4732 66 179 179
tree 1400 4712 51 0 179
tree 2456 4728 69 0 179
tree 2472 4728 68 0 179
lay 2984 4712 20 0 179
trop 3116 4724 66 179 179
fre 3436 4716 83 179 179
tree 3800 4728 8 0 179
zabor 3888 4720 105 2 8
zabor 3920 4720 113 2 9
lay 4072 4728 19 0 179
vor 4508 4708 105 179 179
lay 4776 4728 18 0 179
trop 4908 4732 66 179 179
zabor 5008 4720 105 2 8
zabor 5040 4720 112 2 9
tree 5592 4712 32 0 179
tree 5640 4712 46 0 179
trop 6020 4708 48 179 179
vor 6324 4708 16 179 179
fre 6404 4732 57 179 179
trop 7164 4724 67 179 179
tree 7352 4728 4 0 179
tree 7448 4712 22 0 179
tree 7480 4712 58 0 179
tree 7528 4728 67 0 179
tree 152 4744 67 0 179
trop 972 4756 71 179 179
dom 1120 4736 1 0 179
lay 3016 4760 18 0 179
tree 3368 4744 51 0 179
tree 3496 4760 27 0 179
tree 3496 4744 58 0 179
zabor 3888 4752 105 2 8
zabor 3920 4752 104 2 8
zabor 5008 4752 105 2 8
zabor 5040 4752 104 2 8
lay 5144 4760 18 0 179
tree 5192 4744 0 0 179
fre 5548 4740 83 179 179
vor 5572 4740 112 179 179
lay 5736 4760 14 0 179
vor 6028 4748 16 179 179
fre 6460 4748 47 179 179
vor 7004 4756 64 179 179
fre 7164 4748 33 179 179
tree 7288 4744 43 0 179
tree 7272 4744 27 0 179
tree 7528 4760 23 0 179
tree 7560 4760 24 0 179
tree 216 4792 63 0 179
tree 520 4776 69 0 179
dom 1280 4768 5 0 179
tree 1624 4776 69 0 179
tree 2344 4776 69 0 179
tree 2520 4792 67 0 179
tree 2808 4776 68 0 179
lay 2888 4776 17 0 179
tree 3064 4792 69 0 179
tree 3448 4792 35 0 179
zabor 3888 4784 105 2 8
zabor 3920 4784 105 2 8
vor 3964 4788 65 179 179
vor 4204 4772 112 179 179
dom 4352 4768 58 3 179
vor 4684 4772 115 179 179
zabor 5008 4784 112 2 9
zabor 5040 4784 112 2 9
trop 6020 4788 48 179 179
trop 6260 4772 66 179 179
tree 7320 4792 50 0 179
tree 7352 4792 61 0 179
tree 7416 4776 35 0 179
tree 8024 4792 68 0 179
tree 872 4824 67 0 179
trop 996 4804 118 179 179
trop 1060 4828 116 179 179
trop 1132 4828 113 179 179
trop 1188 4812 69 179 179
lay 2968 4824 19 0 179
trop 3116 4812 66 179 179
tree 3304 4824 66 0 179
fre 3500 4812 83 179 179
zabor 4144 4816 113 2 9
zabor 4176 4816 105 2 8
vor 4228 4812 98 179 179
vor 4340 4828 121 179 179
lay 4424 4808 16 0 179
trop 4908 4812 66 179 179
zabor 5008 4816 113 2 9
zabor 5040 4816 105 2 8
vor 5060 4804 67 179 179
tree 6408 4824 65 0 179
vor 6644 4804 65 179 179
trop 7164 4812 67 179 179
tree 7464 4808 32 0 179
tree 744 4856 69 0 179
trop 1052 4852 70 179 179
stand 1208 4840 10 0 179
tree 3000 4856 68 0 179
fre 3228 4836 83 179 179
fre 3572 4860 83 179 179
dom 3904 4832 29 3 179
zabor 4176 4848 104 2 8
vor 4316 4844 120 179 179
vor 4356 4852 64 179 179
lay 4728 4840 10 0 179
dom 4736 4832 57 3 179
zabor 5008 4848 105 2 8
zabor 5040 4848 104 2 8
lay 5064 4840 14 0 179
lay 5112 4840 8 0 179
fre 5364 4852 83 179 179
trop 6020 4860 48 179 179
trop 6260 4852 66 179 179
dom 6560 4832 114 1 179
vor 7316 4852 112 179 179
tree 7432 4856 64 0 179
tree 7608 4840 62 0 179
tree 7624 4840 6 0 179
tree 7912 4840 63 0 179
tree 648 4888 67 0 179
tree 1400 4888 16 0 179
stand 1848 4872 0 0 179
fre 3644 4876 83 179 179
lay 3848 4872 19 0 179
vor 3892 4884 88 179 179
tree 3992 4872 8 0 179
zabor 4176 4880 113 2 9
vor 4364 4884 1 179 179
trop 4908 4892 66 179 179
zabor 5008 4880 105 2 8
zabor 5040 4880 104 2 8
tree 5336 4888 54 0 179
tree 5352 4888 32 0 179
tree 5416 4872 24 0 179
tree 5464 4872 30 0 179
lay 5944 4888 5 0 179
vor 6156 4892 16 179 179
stand 6232 4872 10 0 179
vor 6772 4876 24 179 179
tree 7544 4888 57 0 179
tree 7576 4872 62 0 179
tree 456 4920 64 0 179
trop 1028 4924 65 179 179
tree 1448 4920 44 0 179
stand 2376 4920 0 0 179
trop 3116 4900 66 179 179
fre 3252 4900 83 179 179
lay 4104 4904 14 0 179
zabor 4176 4912 104 2 8
zabor 4208 4912 104 2 8
vor 4228 4916 72 179 179
vor 4780 4916 116 179 179
zabor 5008 4912 105 2 8
zabor 5040 4912 113 2 9
tree 5464 4904 43 0 179
tree 5560 4920 45 0 179
tree 5576 4920 35 0 179
tree 5656 4920 15 0 179
vor 5692 4916 113 179 179
lay 5928 4904 4 0 179
fre 6268 4900 47 179 179
dom 6560 4896 114 2 179
vor 6868 4900 16 179 179
vor 6988 4924 67 179 179
vor 7052 4900 64 179 179
trop 7164 4900 67 179 179
tree 7624 4904 2 0 179
tree 7640 4904 8 0 179
tree 216 4952 64 0 179
tree 232 4952 69 0 179
tree 552 4936 66 0 179
tree 792 4952 67 0 179
tree 1432 4936 8 0 179
tree 1512 4952 57 0 179
tree 1624 4952 27 0 179
stand 2568 4952 0 0 179
stand 3080 4952 10 0 179
tree 3240 4936 63 0 179
tree 3672 4952 23 0 179
tree 3672 4936 0 0 179
tree 3656 4936 15 0 179
lay 3976 4952 1 1 179
vor 4564 4940 116 179 179
lay 4680 4952 18 0 179
tree 4792 4936 23 0 179
zabor 5008 4944 112 2 9
zabor 5040 4944 104 2 8
tree 5384 4936 51 0 179
tree 5432 4952 2 0 179
trop 6020 4940 48 179 179
trop 6260 4932 66 179 179
tree 7320 4952 45 0 179
tree 7528 4936 59 0 179
tree 7704 4936 35 0 179
tree 7784 4936 66 0 179
tree 328 4984 67 0 179
tree 1128 4984 67 0 179
tree 1336 4968 57 0 179
tree 1384 4968 13 0 179
tree 1464 4984 21 0 179
trop 3116 4988 66 179 179
tree 3688 4984 15 0 179
tree 3768 4984 6 0 179
tree 3768 4968 8 0 179
zabor 3920 4976 112 2 9
zabor 3952 4976 112 2 9
zabor 3984 4976 105 2 8
trop 4908 4972 66 179 179
zabor 5008 4976 112 2 9
zabor 5040 4976 113 2 9
tree 5320 4968 30 0 179
tree 5528 4968 13 0 179
tree 5656 4968 59 0 179
lay 5704 4968 4 0 179
vor 6348 4988 16 179 179
dom 6560 4960 114 0 179
vor 6988 4980 64 179 179
trop 7164 4988 67 179 179
tree 7432 4984 14 0 179
tree 7432 4968 45 0 179
tree 7528 4968 46 0 179
tree 7608 4968 16 0 179
tree 392 5016 66 0 179
tree 392 5000 63 0 179
trop 1028 5020 65 179 179
tree 1208 5016 69 0 179
tree 1272 5016 21 0 179
tree 1336 5016 43 0 179
tree 1368 5016 13 0 179
tree 1464 5000 57 0 179
tree 1528 5016 13 0 179
tree 1608 5016 62 0 179
tree 3592 5000 57 0 179
fre 3588 5020 83 179 179
fre 3740 5020 83 179 179
zabor 3952 5008 105 2 8
zabor 3984 5008 104 2 8
zabor 4016 5008 105 2 8
lay 4312 5000 18 0 179
tree 4440 5016 7 0 179
zabor 5040 5008 104 2 8
tree 5336 5016 19 0 179
tree 5400 5000 50 0 179
tree 5464 5016 21 0 179
fre 5508 4996 83 179 179
tree 5624 5000 35 0 179
stand 5976 5016 63 0 179
trop 6020 5020 48 179 179
dom 6208 4992 105 3 179
trop 6260 5020 66 179 179
vor 6844 5012 65 179 179
tree 7560 5016 27 0 179
tree 7624 5016 23 0 179
tree 7656 5000 15 0 179
tree 7704 5000 2 0 179
tree 552 5048 64 0 179
tree 680 5032 68 0 179
tree 1464 5032 57 0 179
tree 1592 5048 2 0 179
tree 1672 5032 53 0 179
tree 1672 5048 46 0 179
tree 3560 5032 58 0 179
tree 3624 5032 61 0 179
fre 3628 5052 83 179 179
tree 3688 5048 14 0 179
tree 3752 5048 11 0 179
fre 3860 5044 83 179 179
zabor 3984 5040 112 2 9
zabor 4016 5040 104 2 8
zabor 4048 5040 104 2 8
tree 4264 5048 0 0 179
lay 4520 5032 17 0 179
lay 4776 5048 1 1 179
stand 4872 5032 10 0 179
lay 5096 5048 1 1 179
tree 5576 5032 35 0 179
lay 5832 5048 3 0 179
stand 6072 5032 63 0 179
dom 6336 5024 32 3 179
vor 6628 5052 16 179 179
vor 6900 5044 57 179 179
tree 7240 5048 63 0 179
tree 7448 5032 19 0 179
tree 7464 5032 43 0 179
tree 7736 5032 0 0 179
tree 7912 5048 66 0 179
tree 216 5080 68 0 179
tree 344 5080 68 0 179
tree 328 5080 68 0 179
tree 536 5080 68 0 179
tree 680 5064 63 0 179
tree 808 5080 67 0 179
stand 1000 5064 10 0 179
tree 1320 5080 51 0 179
tree 1560 5080 19 0 179
tree 1640 5064 54 0 179
lay 1832 5080 20 0 179
lay 1928 5080 20 0 179
trop 3116 5076 66 179 179
tree 3496 5064 30 0 179
fre 3548 5084 83 179 179
tree 3832 5080 15 0 179
tree 3944 5064 67 0 179
zabor 4016 5072 105 2 8
zabor 4048 5072 105 2 8
vor 4172 5076 112 179 179
vor 4716 5076 66 179 179
trop 4908 5060 66 179 179
dom 5024 5056 30 3 179
tree 5448 5080 13 0 179
tree 5544 5080 27 0 179
fre 5540 5084 83 179 179
fre 5628 5068 83 179 179
dom 6528 5056 110 0 179
trop 7164 5076 67 179 179
vor 7476 5084 48 179 179
tree 7656 5064 6 0 179
tree 7720 5064 62 0 179
tree 536 5096 65 0 179
trop 1028 5108 65 179 179
tree 1192 5096 65 0 179
tree 1384 5096 11 0 179
tree 1464 5096 57 0 179
tree 1624 5112 57 0 179
tree 1704 5112 23 0 179
lay 1896 5112 18 0 179
tree 2008 5112 69 0 179
lay 2104 5096 20 0 179
stand 2584 5112 0 0 179
tree 3384 5112 46 0 179
tree 3448 5096 8 0 179
fre 3532 5092 83 179 179
tree 3560 5112 30 0 179
tree 3624 5096 50 0 179
tree 3688 5096 38 0 179
tree 3864 5112 68 0 179
zabor 4048 5104 104 2 8
zabor 4080 5104 113 2 9
lay 4104 5112 19 0 179
zabor 4848 5104 113 2 9
zabor 5040 5104 104 2 8
vor 5084 5108 115 179 179
lay 5112 5112 10 0 179
tree 5384 5112 59 0 179
tree 5384 5096 44 0 179
tree 5432 5112 51 0 179
tree 5416 5112 57 0 179
tree 5448 5112 43 0 179
tree 5560 5112 13 0 179
tree 5656 5112 65 0 179
vor 6004 5092 16 179 179
trop 6020 5100 48 179 179
fre 6092 5092 57 179 179
trop 6260 5108 66 179 179
tree 7624 5096 58 0 179
tree 7736 5112 57 0 179
tree 7800 5112 35 0 179
tree 7816 5112 11 0 179
tree 1208 5144 14 0 179
tree 1288 5144 4 0 179
tree 1432 5144 43 0 179
tree 1528 5144 23 0 179
tree 1560 5144 58 0 179
tree 1624 5144 62 0 179
lay 2024 5144 18 0 179
tree 2168 5128 68 0 179
tree 3592 5128 59 0 179
fre 3692 5140 83 179 179
fre 3804 5148 83 179 179
zabor 4048 5136 105 2 8
zabor 4080 5136 112 2 9
zabor 4112 5136 112 2 9
lay 4568 5128 18 0 179
zabor 4816 5136 105 2 8
zabor 4848 5136 112 2 9
zabor 4880 5136 105 2 8
trop 4908 5140 66 179 179
zabor 4944 5136 104 2 8
zabor 4976 5136 112 2 9
lay 5016 5144 13 0 179
zabor 5008 5136 105 2 8
zabor 5040 5136 113 2 9
vor 7084 5148 16 179 179
stand 7128 5128 10 0 179
tree 7432 5128 23 0 179
tree 7592 5144 53 0 179
tree 7688 5144 69 0 179
tree 280 5160 67 0 179
tree 408 5160 64 0 179
tree 472 5176 69 0 179
tree 936 5160 63 0 179
tree 1704 5160 32 0 179
tree 1784 5160 4 0 179
lay 1864 5160 20 0 179
lay 1976 5176 20 0 179
trop 3124 5164 66 179 179
tree 3320 5160 62 0 179
tree 3320 5176 38 0 179
tree 3336 5176 54 0 179
tree 3496 5176 16 0 179
fre 3556 5180 83 179 179
tree 3576 5176 62 0 179
tree 3576 5160 24 0 179
fre 3684 5172 83 179 179
fre 3692 5172 83 179 179
tree 3880 5176 15 0 179
zabor 4080 5168 104 2 8
zabor 4112 5168 112 2 9
zabor 4144 5168 104 2 8
zabor 4176 5168 104 2 8
lay 4232 5176 16 0 179
zabor 4528 5168 113 2 9
zabor 4560 5168 112 2 9
zabor 4624 5168 112 2 9
zabor 4720 5168 105 2 8
dom 4768 5152 31 3 179
lay 4808 5176 16 0 179
zabor 4976 5168 113 2 9
zabor 5008 5168 105 2 8
zabor 5040 5168 112 2 9
tree 5480 5176 45 0 179
tree 5528 5160 57 0 179
dom 5856 5152 29 3 179
trop 6020 5172 48 179 179
trop 7164 5164 67 179 179
tree 7784 5176 69 0 179
tree 728 5192 67 0 179
trop 1028 5204 65 179 179
tree 1112 5208 69 0 179
tree 1208 5192 63 0 179
tree 1272 5192 31 0 179
tree 1384 5208 50 0 179
tree 1688 5208 45 0 179
lay 1816 5208 20 0 179
lay 2056 5192 18 0 179
lay 2136 5208 20 0 179
stand 2392 5192 0 0 179
stand 2808 5192 0 0 179
tree 3336 5192 23 0 179
tree 3352 5192 14 0 179
tree 3464 5192 30 0 179
tree 3544 5192 31 0 179
tree 3608 5192 8 0 179
tree 3656 5192 27 0 179
tree 3752 5208 14 0 179
tree 3784 5192 4 0 179
tree 3864 5208 11 0 179
tree 3976 5192 64 0 179
zabor 4144 5200 105 2 8
zabor 4176 5200 104 2 8
zabor 4208 5200 104 2 8
zabor 4240 5200 104 2 8
zabor 4272 5200 104 2 8
zabor 4304 5200 113 2 9
zabor 4336 5200 112 2 9
zabor 4368 5200 104 2 8
zabor 4400 5200 113 2 9
zabor 4432 5200 105 2 8
zabor 4464 5200 105 2 8
zabor 4496 5200 113 2 9
zabor 4528 5200 112 2 9
zabor 4560 5200 113 2 9
zabor 4592 5200 112 2 9
vor 4620 5204 48 179 179
zabor 4624 5200 113 2 9
zabor 4656 5200 112 2 9
zabor 4688 5200 112 2 9
zabor 4720 5200 113 2 9
trop 4908 5204 66 179 179
tree 5272 5192 68 0 179
tree 5400 5192 0 0 179
tree 5640 5208 66 0 179
trop 6260 5196 66 179 179
vor 6692 5212 65 179 179
fre 6964 5196 55 179 179
tree 7400 5192 45 0 179
tree 7416 5192 14 0 179
tree 7432 5192 38 0 179
tree 7512 5192 0 0 179
tree 7608 5208 24 0 179
tree 7592 5208 31 0 179
tree 7784 5208 0 0 179
tree 8008 5208 66 0 179
tree 504 5240 68 0 179
tree 600 5224 64 0 179
tree 728 5240 68 0 179
tree 1304 5224 14 0 179
tree 1304 5240 6 0 179
tree 1480 5240 27 0 179
tree 1592 5224 59 0 179
tree 1672 5224 13 0 179
tree 1720 5224 13 0 179
tree 2984 5240 63 0 179
trop 3124 5244 65 179 179
tree 3160 5240 65 0 179
tree 3160 5224 67 0 179
tree 3240 5240 64 0 179
fre 3452 5220 83 179 179
tree 3672 5240 64 0 179
tree 3736 5224 43 0 179
zabor 4176 5232 104 2 8
zabor 4208 5232 113 2 9
zabor 4240 5232 113 2 9
zabor 4272 5232 105 2 8
zabor 4304 5232 105 2 8
zabor 4336 5232 105 2 8
zabor 4368 5232 113 2 9
zabor 4400 5232 113 2 9
zabor 4432 5232 104 2 8
zabor 4464 5232 104 2 8
zabor 4496 5232 105 2 8
zabor 4528 5232 112 2 9
zabor 4560 5232 113 2 9
zabor 4592 5232 113 2 9
zabor 4624 5232 113 2 9
zabor 4656 5232 113 2 9
zabor 4688 5232 104 2 8
zabor 4720 5232 112 2 9
vor 4900 5236 67 179 179
trop 4908 5236 66 179 179
tree 5080 5240 67 0 179
tree 5176 5240 63 0 179
vor 5516 5220 112 179 179
vor 5724 5236 88 179 179
stand 5704 5240 10 1 179
trop 6020 5244 48 179 179
dom 6208 5216 105 2 179
dom 6368 5216 105 0 179
dom 6528 5216 112 0 179
fre 7020 5244 52 179 179
vor 7372 5236 113 179 179
tree 7592 5224 38 0 179
tree 7864 5240 66 0 179
tree 248 5272 63 0 179
tree 1560 5272 8 0 179
tree 1896 5256 64 0 179
lay 1992 5256 18 0 179
lay 2072 5272 20 0 179
tree 2200 5256 65 0 179
tree 3512 5256 66 0 179
fre 3716 5276 83 179 179
tree 3800 5272 46 0 179
fre 3804 5260 83 179 179
tree 3944 5272 0 0 179
tree 3944 5256 53 0 179
lay 4424 5272 14 0 179
zabor 4624 5264 105 2 8
stand 5320 5272 10 0 179
stand 5960 5272 39 1 179
trop 6260 5276 66 179 179
fre 6436 5260 50 179 179
fre 6652 5252 50 179 179
vor 6820 5276 49 179 179
fre 6916 5260 52 179 179
vor 7028 5260 57 179 179
trop 7164 5252 67 179 179
tree 7576 5256 58 0 179
tree 7704 5256 61 0 179
tree 7784 5272 61 0 179
tree 760 5304 66 0 179
tree 920 5304 0 0 179
tree 936 5304 46 0 179
trop 1028 5292 65 179 179
tree 1448 5304 23 0 179
tree 1496 5304 43 0 179
tree 1720 5304 64 0 179
lay 2200 5304 20 0 179
trop 3124 5292 71 179 179
trop 3180 5292 113 179 179
trop 3212 5292 114 179 179
trop 3284 5300 114 179 179
trop 3364 5300 114 179 179
trop 3452 5300 114 179 179
trop 3540 5300 114 179 179
trop 3620 5308 114 179 179
trop 3700 5308 114 179 179
trop 3788 5308 114 179 179
trop 3868 5308 114 179 179
trop 3948 5308 114 179 179
trop 4036 5308 114 179 179
trop 4124 5308 114 179 179
trop 4212 5308 114 179 179
trop 4300 5308 114 179 179
tree 4376 5304 8 0 179
trop 4388 5308 114 179 179
trop 4468 5308 114 179 179
lay 4504 5288 19 0 179
trop 4556 5308 114 179 179
trop 4636 5308 114 179 179
trop 4716 5308 114 179 179
trop 4804 5308 113 179 179
fre 4868 5308 35 179 179
trop 4892 5308 113 179 179
trop 4884 5292 69 179 179
trop 4932 5292 118 179 179
trop 4988 5308 113 179 179
trop 5076 5308 113 179 179
trop 5164 5308 113 179 179
trop 5252 5308 116 179 179
trop 5324 5308 116 179 179
trop 5404 5308 116 179 179
trop 5484 5308 116 179 179
trop 5556 5308 116 179 179
fre 5604 5308 35 179 179
trop 5636 5308 116 179 179
trop 5716 5308 116 179 179
trop 5796 5308 116 179 179
vor 5844 5300 19 179 179
trop 5884 5308 116 179 179
trop 5932 5300 115 179 179
trop 5964 5308 124 179 179
trop 6100 5308 125 179 179
trop 6124 5308 115 179 179
trop 6140 5308 115 179 179
trop 6228 5308 115 179 179
fre 6260 5300 36 179 179
trop 6316 5308 115 179 179
trop 6404 5308 115 179 179
trop 6484 5308 115 179 179
tree 7384 5288 14 0 179
tree 7480 5304 59 0 179
tree 7656 5288 0 0 179
tree 7720 5304 14 0 179
tree 424 5320 67 0 179
tree 1448 5336 15 0 179
tree 1496 5336 46 0 179
tree 1640 5320 67 0 179
lay 2008 5336 20 0 179
tree 2088 5336 69 0 179
tree 3080 5320 63 0 179
stand 3160 5320 10 0 179
stand 3784 5336 10 0 179
stand 4280 5336 10 0 179
lay 4312 5336 1 1 179
stand 4632 5336 10 0 179
fre 4924 5316 33 179 179
trop 4900 5340 117 179 179
trop 4964 5332 70 179 179
trop 6020 5316 48 179 179
stand 6072 5336 31 1 179
trop 6556 5332 117 179 179
vor 6980 5340 65 179 179
dom 7072 5312 30 3 179
trop 7164 5340 67 179 179
tree 7480 5320 58 0 179
tree 7592 5336 46 0 179
tree 7592 5320 8 0 179
tree 7640 5336 14 0 179
tree 7720 5320 50 0 179
tree 7768 5336 7 0 179
tree 8024 5336 68 0 179
tree 792 5368 0 0 179
tree 776 5368 8 0 179
tree 776 5352 54 0 179
tree 968 5352 45 0 179
tree 1144 5368 38 0 179
tree 1160 5368 31 0 179
tree 1432 5352 27 0 179
tree 1928 5352 64 0 179
stand 2504 5368 0 0 179
trop 3124 5356 65 179 179
tree 3400 5368 50 0 179
tree 3512 5368 11 0 179
fre 3644 5356 83 179 179
fre 3828 5364 83 179 179
lay 4408 5352 10 0 179
tree 4584 5368 23 0 179
stand 4904 5368 10 0 179
stand 6184 5368 10 1 179
stand 6600 5368 10 0 179
fre 6996 5356 55 179 179
tree 7304 5352 64 0 179
tree 7448 5368 46 0 179
tree 7528 5352 61 0 179
tree 7592 5368 59 0 179
tree 7688 5352 0 0 179
tree 8040 5352 69 0 179
tree 264 5384 46 0 179
tree 552 5400 6 0 179
tree 776 5400 16 0 179
trop 1028 5388 65 179 179
tree 1240 5384 59 0 179
tree 1256 5400 30 0 179
tree 1272 5400 45 0 179
tree 1528 5400 64 0 179
lay 2072 5400 20 0 179
tree 3000 5400 68 0 179
tree 3288 5384 7 0 179
tree 3288 5400 31 0 179
tree 3304 5400 0 0 179
tree 3336 5384 53 0 179
tree 3336 5400 23 0 179
tree 3432 5400 22 0 179
tree 3480 5400 46 0 179
tree 3592 5400 21 0 179
tree 3672 5400 0 0 179
fre 3732 5404 83 179 179
fre 3852 5404 83 179 179
tree 3928 5400 7 0 179
fre 3956 5388 83 179 179
vor 4732 5380 65 179 179
vor 4860 5404 65 179 179
vor 5052 5388 66 179 179
tree 5304 5400 69 0 179
tree 5416 5400 63 0 179
tree 5416 5384 63 0 179
vor 5484 5380 67 179 179
trop 6020 5396 48 179 179
vor 6508 5388 16 179 179
trop 6604 5404 118 179 179
trop 7164 5396 67 179 179
tree 7512 5384 59 0 179
tree 7640 5400 59 0 179
tree 7768 5384 14 0 179
tree 7816 5400 4 0 179
tree 184 5432 11 0 179
tree 552 5416 57 0 179
tree 648 5432 44 0 179
tree 952 5432 8 0 179
stand 1000 5416 10 0 179
tree 1112 5432 4 0 179
tree 1208 5432 59 0 179
tree 1208 5416 43 0 179
tree 1192 5432 61 0 179
tree 3256 5432 67 0 179
tree 3304 5416 32 0 179
tree 3400 5416 13 0 179
tree 3448 5416 53 0 179
tree 3672 5416 45 0 179
tree 3768 5416 19 0 179
tree 3752 5416 21 0 179
tree 3928 5416 50 0 179
tree 3992 5432 22 0 179
trop 4932 5412 67 179 179
tree 5128 5432 59 0 179
tree 5720 5432 66 0 179
tree 5848 5416 67 0 179
stand 5976 5416 63 0 179
stand 6072 5432 63 0 179
fre 6460 5420 46 179 179
fre 6548 5420 50 179 179
trop 6676 5428 113 179 179
vor 6748 5436 65 179 179
trop 6764 5428 113 179 179
vor 6876 5436 57 179 179
trop 6852 5428 113 179 179
trop 6932 5428 113 179 179
fre 6972 5428 54 179 179
trop 7036 5436 114 179 179
trop 7140 5428 69 179 179
tree 7256 5432 66 0 179
tree 7448 5416 8 0 179
tree 7736 5432 8 0 179
tree 168 5448 61 0 179
tree 328 5464 2 0 179
tree 440 5448 4 0 179
tree 424 5448 54 0 179
tree 488 5448 24 0 179
tree 648 5448 7 0 179
tree 712 5464 46 0 179
tree 1192 5448 0 0 179
tree 1192 5464 32 0 179
tree 1208 5464 54 0 179
tree 2152 5464 66 0 179
trop 3124 5444 65 179 179
tree 3512 5464 35 0 179
tree 3512 5448 44 0 179
tree 3592 5448 59 0 179
tree 3736 5448 44 0 179
tree 3880 5448 13 0 179
tree 4024 5448 2 0 179
fre 4692 5460 83 179 179
trop 4932 5460 67 179 179
tree 5064 5448 58 0 179
tree 5528 5448 65 0 179
vor 6028 5444 24 179 179
vor 6436 5452 16 179 179
fre 6596 5452 46 179 179
fre 7020 5452 36 179 179
trop 7012 5452 117 179 179
trop 7084 5444 114 179 179
tree 7480 5464 58 0 179
tree 7544 5448 23 0 179
tree 7592 5448 16 0 179
tree 7608 5464 38 0 179
tree 7736 5464 35 0 179
tree 7736 5448 61 0 179
tree 7816 5464 66 0 179
tree 7880 5464 63 0 179
tree 184 5496 43 0 179
tree 312 5496 19 0 179
tree 632 5496 11 0 179
tree 728 5480 61 0 179
tree 872 5496 58 0 179
tree 872 5480 59 0 179
tree 968 5480 61 0 179
tree 968 5496 54 0 179
tree 984 5496 46 0 179
trop 1028 5476 65 179 179
tree 1144 5496 14 0 179
tree 1160 5496 32 0 179
tree 1192 5496 8 0 179
tree 3304 5480 66 0 179
tree 3400 5496 61 0 179
tree 3448 5496 31 0 179
tree 3496 5496 11 0 179
tree 3592 5480 45 0 179
tree 3704 5496 35 0 179
tree 3688 5480 14 0 179
tree 3864 5480 53 0 179
tree 3928 5480 15 0 179
tree 4104 5480 27 0 179
tree 4264 5496 13 0 179
tree 4712 5496 62 0 179
tree 4856 5496 61 0 179
tree 4872 5496 7 0 179
tree 5032 5480 19 0 179
tree 5112 5496 54 0 179
tree 5176 5480 61 0 179
tree 5160 5480 7 0 179
tree 5272 5480 59 0 179
tree 5384 5480 51 0 179
tree 5480 5496 35 0 179
tree 5720 5496 65 0 179
vor 5876 5484 19 179 179
trop 6020 5476 48 179 179
vor 6172 5500 19 179 179
tree 7352 5480 67 0 179
tree 7448 5496 32 0 179
tree 7448 5480 54 0 179
tree 7464 5480 31 0 179
tree 7576 5480 24 0 179
tree 7640 5496 11 0 179
tree 520 5528 43 0 179
tree 632 5512 57 0 179
tree 616 5512 6 0 179
tree 728 5528 35 0 179
tree 904 5512 38 0 179
tree 952 5512 38 0 179
tree 968 5528 50 0 179
tree 984 5512 45 0 179
tree 1128 5528 22 0 179
tree 1144 5528 15 0 179
tree 1176 5528 50 0 179
tree 1208 5512 24 0 179
tree 1224 5512 6 0 179
tree 1288 5512 59 0 179
tree 1320 5528 15 0 179
tree 1512 5512 68 0 179
tree 2488 5512 64 0 179
tree 3320 5512 30 0 179
tree 3624 5512 45 0 179
tree 3752 5528 38 0 179
tree 3800 5512 58 0 179
tree 3864 5512 2 0 179
tree 3928 5512 21 0 179
tree 4200 5512 57 0 179
tree 4648 5512 15 0 179
tree 4792 5528 22 0 179
fre 4908 5516 83 179 179
tree 5128 5512 58 0 179
tree 5240 5512 19 0 179
fre 5316 5532 83 179 179
tree 5352 5528 2 0 179
tree 5416 5528 13 0 179
tree 5480 5512 27 0 179
fre 5540 5508 83 179 179
tree 5544 5528 31 0 179
tree 5560 5528 46 0 179
fre 5604 5516 83 179 179
tree 5624 5528 0 0 179
vor 6300 5516 16 179 179
dom 6464 5504 31 3 179
vor 6796 5524 25 179 179
trop 7036 5532 68 179 179
tree 7240 5512 61 0 179
tree 7640 5512 38 0 179
tree 7784 5528 32 0 179
tree 200 5560 13 0 179
tree 280 5544 11 0 179
tree 664 5544 2 0 179
tree 920 5544 57 0 179
trop 1028 5548 65 179 179
tree 1144 5560 21 0 179
fre 1724 5564 83 179 179
tree 1768 5560 69 0 179
tree 2424 5544 68 0 179
tree 2936 5560 65 0 179
trop 3124 5540 65 179 179
tree 3288 5544 68 0 179
tree 3592 5560 61 0 179
tree 3656 5560 22 0 179
tree 3912 5544 15 0 179
tree 3992 5544 2 0 179
tree 4232 5544 6 0 179
tree 4248 5544 16 0 179
tree 4344 5560 44 0 179
tree 4392 5544 45 0 179
fre 4500 5540 83 179 179
tree 4520 5560 0 0 179
tree 4632 5560 6 0 179
tree 4808 5544 19 0 179
fre 4812 5540 83 179 179
trop 4940 5548 67 179 179
tree 5032 5544 51 0 179
fre 5108 5540 83 179 179
tree 5176 5560 32 0 179
tree 5224 5560 4 0 179
fre 5260 5548 83 179 179
tree 5352 5544 35 0 179
fre 5444 5548 83 179 179
tree 5480 5544 54 0 179
tree 5544 5560 21 0 179
tree 5624 5560 51 0 179
fre 5660 5564 83 179 179
trop 6020 5548 48 179 179
vor 6636 5548 16 179 179
vor 6948 5540 19 179 179
tree 7336 5544 50 0 179
tree 7448 5544 13 0 179
tree 7560 5560 27 0 179
tree 7592 5560 23 0 179
tree 7656 5560 32 0 179
tree 7864 5560 63 0 179
tree 328 5592 21 0 179
tree 472 5592 44 0 179
tree 472 5576 54 0 179
tree 696 5592 6 0 179
tree 1192 5592 62 0 179
tree 1288 5576 43 0 179
tree 1352 5592 62 0 179
tree 1864 5576 67 0 179
tree 2072 5592 67 0 179
tree 3400 5592 8 0 179
tree 3432 5576 54 0 179
tree 3448 5576 32 0 179
tree 3512 5576 59 0 179
tree 3512 5592 46 0 179
tree 3576 5592 51 0 179
tree 3592 5592 62 0 179
tree 3736 5576 23 0 179
tree 3752 5576 8 0 179
tree 4152 5576 6 0 179
fre 4212 5580 83 179 179
tree 4216 5576 62 0 179
tree 4264 5576 8 0 179
tree 4536 5592 21 0 179
tree 4520 5592 27 0 179
tree 4520 5576 43 0 179
fre 4652 5572 83 179 179
tree 4728 5576 23 0 179
tree 4712 5576 8 0 179
tree 4760 5592 13 0 179
tree 4856 5592 30 0 179
tree 4888 5576 19 0 179
tree 5096 5576 22 0 179
tree 5160 5592 19 0 179
tree 5240 5576 24 0 179
tree 5384 5576 43 0 179
fre 5420 5572 83 179 179
fre 5484 5596 83 179 179
tree 7592 5576 15 0 179
tree 7608 5576 6 0 179
tree 7752 5592 54 0 179
tree 7768 5576 15 0 179
tree 8024 5576 69 0 179
tree 168 5608 13 0 179
tree 248 5608 59 0 179
tree 632 5624 11 0 179
tree 760 5608 62 0 179
tree 904 5624 27 0 179
tree 952 5624 2 0 179
tree 936 5608 61 0 179
tree 1240 5608 30 0 179
tree 1832 5608 64 0 179
tree 1944 5624 67 0 179
tree 2744 5608 65 0 179
trop 3124 5620 65 179 179
tree 3720 5624 50 0 179
tree 3768 5608 44 0 179
tree 3864 5624 50 0 179
tree 3864 5608 19 0 179
fre 3964 5620 83 179 179
tree 3976 5624 43 0 179
tree 4008 5608 44 0 179
tree 4104 5608 27 0 179
fre 4124 5612 83 179 179
tree 4232 5624 32 0 179
tree 4328 5624 27 0 179
tree 4392 5624 19 0 179
tree 4680 5624 19 0 179
tree 4808 5608 22 0 179
tree 4808 5624 32 0 179
tree 4872 5608 23 0 179
fre 4916 5628 83 179 179
trop 4980 5628 118 179 179
tree 5048 5624 2 0 179
fre 5028 5612 83 179 179
tree 5272 5608 2 0 179
tree 5336 5624 44 0 179
fre 5324 5604 83 179 179
fre 5396 5620 83 179 179
tree 5496 5608 4 0 179
fre 5508 5604 83 179 179
tree 5752 5608 21 0 179
tree 5768 5608 4 0 179
tree 5816 5608 32 0 179
trop 6020 5628 48 179 179
vor 6636 5620 16 179 179
stand 7000 5608 10 0 179
trop 7036 5612 66 179 179
tree 7256 5608 51 0 179
tree 7336 5608 8 0 179
tree 7400 5608 53 0 179
tree 7672 5608 44 0 179
tree 7688 5608 8 0 179
tree 7752 5624 8 0 179
tree 200 5656 43 0 179
tree 360 5640 13 0 179
tree 472 5640 45 0 179
tree 504 5656 44 0 179
tree 712 5656 8 0 179
tree 760 5640 15 0 179
tree 936 5656 35 0 179
trop 1028 5636 65 179 179
tree 1208 5640 13 0 179
tree 1224 5640 57 0 179
tree 1256 5640 45 0 179
tree 1272 5640 38 0 179
tree 1288 5656 27 0 179
tree 1432 5640 63 0 179
tree 3496 5640 59 0 179
tree 3608 5656 23 0 179
tree 3672 5640 53 0 179
tree 3832 5640 38 0 179
tree 4120 5640 59 0 179
tree 4184 5640 2 0 179
tree 4248 5640 35 0 179
tree 4328 5656 13 0 179
tree 4504 5656 2 0 179
tree 4536 5656 53 0 179
fre 4580 5636 83 179 179
tree 4616 5656 11 0 179
tree 4648 5640 21 0 179
tree 4824 5640 27 0 179
tree 4808 5640 13 0 179
trop 5020 5652 121 179 179
tree 5128 5640 27 0 179
tree 5144 5656 15 0 179
tree 5144 5640 23 0 179
tree 5192 5656 13 0 179
tree 5256 5656 27 0 179
fre 5260 5660 83 179 179
tree 5336 5656 4 0 179
tree 5384 5640 22 0 179
tree 5576 5640 16 0 179
tree 5656 5640 30 0 179
tree 5704 5640 11 0 179
tree 5752 5640 23 0 179
tree 5896 5640 44 0 179
tree 6136 5640 67 0 179
tree 6312 5656 66 0 179
tree 6584 5656 32 0 179
vor 6852 5644 20 179 179
vor 7012 5660 19 179 179
tree 7192 5656 54 0 179
tree 7224 5656 32 0 179
tree 7544 5640 59 0 179
tree 7640 5640 8 0 179
tree 184 5672 61 0 179
tree 328 5688 44 0 179
tree 568 5688 58 0 179
tree 616 5672 38 0 179
tree 648 5672 57 0 179
tree 712 5672 38 0 179
tree 744 5688 57 0 179
fre 868 5668 83 179 179
tree 936 5672 13 0 179
tree 1560 5688 64 0 179
tree 1848 5672 69 0 179
tree 3352 5672 19 0 179
tree 3368 5672 50 0 179
tree 3432 5672 19 0 179
tree 3576 5688 0 0 179
tree 3608 5672 38 0 179
tree 3640 5688 59 0 179
tree 3640 5672 11 0 179
fre 4068 5668 83 179 179
fre 4108 5692 83 179 179
fre 4276 5684 83 179 179
tree 4296 5688 31 0 179
tree 4520 5688 45 0 179
tree 4696 5672 45 0 179
tree 4712 5672 62 0 179
tree 4888 5688 54 0 179
tree 4936 5672 43 0 179
trop 5060 5676 117 179 179
fre 5132 5684 83 179 179
tree 5448 5672 44 0 179
fre 5556 5668 83 179 179
tree 6312 5672 69 0 179
fre 6308 5692 83 179 179
tree 6440 5688 23 0 179
fre 6468 5692 83 179 179
tree 6536 5688 0 0 179
tree 6776 5672 68 0 179
tree 7128 5672 63 0 179
tree 7320 5672 51 0 179
tree 7384 5672 58 0 179
tree 7448 5688 45 0 179
tree 7528 5688 23 0 179
tree 7608 5688 43 0 179
tree 7592 5672 14 0 179
tree 7672 5688 23 0 179
tree 216 5704 57 0 179
tree 408 5720 2 0 179
tree 520 5720 62 0 179
tree 712 5704 53 0 179
tree 904 5704 27 0 179
trop 1028 5724 65 179 179
trop 3124 5700 65 179 179
tree 3224 5720 11 0 179
tree 3208 5720 13 0 179
tree 3288 5704 43 0 179
tree 3304 5704 51 0 179
tree 3368 5720 15 0 179
tree 3400 5720 62 0 179
tree 3528 5720 30 0 179
tree 3608 5704 62 0 179
tree 4296 5720 11 0 179
fre 4692 5708 83 179 179
tree 4808 5704 57 0 179
tree 4824 5704 62 0 179
stand 5048 5704 10 0 179
trop 5084 5716 121 179 179
tree 5144 5704 24 0 179
fre 5284 5716 83 179 179
tree 5544 5704 58 0 179
tree 5608 5704 58 0 179
tree 5640 5704 21 0 179
tree 5704 5704 59 0 179
tree 5880 5704 46 0 179
trop 6020 5708 48 179 179
tree 6584 5704 15 0 179
tree 6728 5720 15 0 179
trop 7036 5700 66 179 179
vor 7124 5708 24 179 179
tree 7512 5704 53 0 179
tree 7528 5704 54 0 179
dom 7744 5696 4 0 179
tree 8040 5720 66 0 179
tree 168 5752 44 0 179
tree 248 5752 0 0 179
tree 280 5736 22 0 179
tree 296 5752 27 0 179
tree 424 5736 58 0 179
tree 520 5736 19 0 179
fre 572 5732 83 179 179
tree 632 5736 8 0 179
tree 664 5752 4 0 179
stand 1000 5752 10 0 179
tree 1256 5736 59 0 179
tree 1336 5752 62 0 179
tree 3304 5736 57 0 179
tree 3336 5752 61 0 179
tree 3384 5752 44 0 179
tree 3432 5736 8 0 179
tree 3528 5736 16 0 179
tree 3576 5736 50 0 179
tree 3816 5736 68 0 179
fre 3956 5740 83 179 179
tree 4024 5736 50 0 179
tree 4088 5752 14 0 179
tree 4104 5736 15 0 179
tree 4152 5736 43 0 179
tree 4136 5736 4 0 179
tree 4232 5736 2 0 179
tree 4248 5736 50 0 179
fre 4316 5756 83 179 179
tree 4440 5736 35 0 179
tree 4632 5736 50 0 179
tree 4712 5736 21 0 179
tree 4776 5752 38 0 179
fre 4844 5732 83 179 179
fre 4980 5732 83 179 179
tree 4984 5752 7 0 179
tree 4968 5752 45 0 179
tree 5000 5752 7 0 179
trop 5084 5740 121 179 179
tree 5304 5736 35 0 179
fre 5412 5732 83 179 179
tree 5464 5736 44 0 179
fre 5468 5756 83 179 179
tree 5624 5736 61 0 179
tree 5672 5752 14 0 179
tree 5784 5736 4 0 179
tree 5800 5736 13 0 179
tree 5848 5752 13 0 179
tree 5864 5752 11 0 179
tree 5864 5736 43 0 179
tree 5880 5736 44 0 179
tree 5896 5736 19 0 179
tree 6184 5752 22 0 179
fre 6276 5748 83 179 179
tree 6360 5752 68 0 179
tree 6424 5752 31 0 179
tree 6488 5736 68 0 179
tree 6504 5736 21 0 179
tree 6616 5736 65 0 179
vor 6844 5740 20 179 179
tree 6936 5736 66 0 179
tree 6936 5752 68 0 179
tree 7176 5752 63 0 179
tree 7288 5752 0 0 179
tree 7288 5736 24 0 179
tree 7384 5736 66 0 179
tree 7544 5752 7 0 179
tree 7576 5736 46 0 179
tree 392 5768 45 0 179
tree 760 5768 58 0 179
tree 1192 5768 23 0 179
tree 1336 5768 50 0 179
tree 1352 5768 4 0 179
tree 1432 5784 57 0 179
tree 1512 5768 69 0 179
tree 2712 5784 64 0 179
trop 3124 5788 65 179 179
tree 3304 5784 19 0 179
tree 3528 5784 21 0 179
tree 3560 5768 46 0 179
tree 3736 5784 66 0 179
fre 4228 5764 83 179 179
tree 4344 5784 13 0 179
fre 4484 5788 83 179 179
tree 4520 5784 11 0 179
tree 4600 5784 51 0 179
fre 4772 5788 83 179 179
tree 4920 5784 44 0 179
trop 5092 5780 38 179 179
fre 5156 5772 83 179 179
tree 5272 5784 32 0 179
tree 5256 5784 62 0 179
fre 5284 5764 83 179 179
tree 5400 5768 58 0 179
trop 6020 5780 48 179 179
tree 6088 5784 64 0 179
tree 6312 5768 58 0 179
tree 6584 5768 54 0 179
tree 6776 5784 61 0 179
trop 7036 5788 66 179 179
tree 7336 5768 6 0 179
tree 184 5816 15 0 179
tree 232 5816 13 0 179
tree 344 5800 11 0 179
tree 424 5800 35 0 179
tree 488 5800 2 0 179
tree 568 5816 24 0 179
trop 1028 5812 65 179 179
tree 1192 5800 23 0 179
tree 1288 5800 53 0 179
tree 1304 5800 22 0 179
tree 1304 5816 62 0 179
tree 1432 5816 14 0 179
tree 3208 5816 51 0 179
tree 3304 5800 2 0 179
tree 3464 5816 31 0 179
tree 3576 5800 30 0 179
tree 3912 5800 64 0 179
fre 4148 5796 83 179 179
tree 4296 5816 23 0 179
tree 4456 5816 46 0 179
fre 4588 5812 83 179 179
tree 4712 5800 11 0 179
tree 4824 5800 58 0 179
tree 4984 5800 22 0 179
tree 5000 5816 4 0 179
fre 5180 5804 83 179 179
tree 5192 5800 50 0 179
tree 5288 5800 51 0 179
fre 5300 5796 83 179 179
tree 5352 5816 21 0 179
fre 5388 5804 83 179 179
tree 5512 5800 58 0 179
tree 5592 5800 6 0 179
tree 5704 5816 2 0 179
tree 5880 5816 51 0 179
tree 6120 5816 68 0 179
tree 6248 5800 24 0 179
tree 6392 5800 7 0 179
tree 6456 5800 66 0 179
tree 6472 5816 68 0 179
tree 6568 5816 68 0 179
fre 6684 5796 83 179 179
tree 6728 5816 66 0 179
tree 6888 5800 69 0 179
tree 7144 5816 65 0 179
tree 296 5832 38 0 179
tree 520 5832 51 0 179
tree 1272 5848 59 0 179
tree 1448 5848 13 0 179
cliff 2160 5824 6 179 179
tree 3384 5848 44 0 179
tree 3480 5832 58 0 179
tree 3544 5848 16 0 179
tree 3896 5832 68 0 179
lay 4024 5848 18 0 179
tree 4200 5832 43 0 179
tree 4376 5848 57 0 179
tree 4456 5848 38 0 179
tree 4504 5832 59 0 179
tree 4952 5832 27 0 179
trop 5108 5852 38 179 179
tree 5256 5848 4 0 179
tree 5400 5832 24 0 179
tree 5384 5832 8 0 179
tree 5416 5832 4 0 179
tree 5624 5848 51 0 179
tree 5768 5848 57 0 179
tree 5832 5848 54 0 179
tree 5832 5832 45 0 179
fre 6220 5844 83 179 179
fre 6308 5828 83 179 179
fre 6428 5828 83 179 179
tree 6536 5848 62 0 179
tree 6648 5832 65 0 179
stand 7752 5848 0 0 179
tree 7912 5832 69 0 179
tree 264 5864 44 0 179
tree 344 5880 32 0 179
tree 360 5864 6 0 179
tree 440 5880 43 0 179
tree 536 5880 22 0 179
tree 552 5880 30 0 179
tree 600 5880 35 0 179
tree 1048 5864 11 0 179
tree 1064 5880 51 0 179
tree 1112 5864 31 0 179
tree 1176 5864 59 0 179
tree 1384 5864 0 0 179
tree 1384 5880 45 0 179
tree 1480 5880 7 0 179
tree 2760 5880 68 0 179
trop 3124 5876 65 179 179
tree 3208 5864 57 0 179
tree 3272 5880 43 0 179
tree 3320 5880 35 0 179
tree 3304 5864 27 0 179
tree 3400 5864 53 0 179
tree 3448 5880 22 0 179
tree 3464 5880 45 0 179
tree 3528 5864 50 0 179
tree 3784 5864 67 0 179
tree 4168 5864 22 0 179
fre 4308 5868 83 179 179
tree 4360 5864 0 0 179
fre 4444 5876 83 179 179
tree 4632 5864 13 0 179
tree 4840 5880 59 0 179
fre 5292 5868 83 179 179
tree 5320 5864 19 0 179
fre 5348 5876 83 179 179
tree 5400 5864 51 0 179
dom 5472 5856 43 0 179
tree 5656 5864 19 0 179
tree 5720 5864 57 0 179
tree 5736 5864 2 0 179
trop 6020 5860 48 179 179
tree 6216 5864 64 0 179
tree 6232 5864 67 0 179
tree 6344 5864 66 0 179
tree 6472 5864 30 0 179
tree 6520 5880 64 0 179
tree 6824 5864 0 0 179
trop 7036 5876 66 179 179
tree 7272 5880 65 0 179
tree 7288 5880 68 0 179
tree 200 5912 21 0 179
tree 248 5912 58 0 179
tree 552 5896 58 0 179
tree 872 5912 23 0 179
tree 904 5896 19 0 179
trop 1028 5900 66 179 179
tree 1144 5912 35 0 179
tree 1160 5912 32 0 179
tree 1208 5912 32 0 179
tree 1304 5896 31 0 179
tree 2088 5912 63 0 179
tree 2552 5912 69 0 179
tree 2536 5912 67 0 179
tree 3032 5912 68 0 179
tree 3320 5896 19 0 179
tree 3416 5896 58 0 179
tree 3464 5896 62 0 179
lay 3608 5896 21 0 179
fre 4236 5892 83 179 179
tree 4344 5896 58 0 179
fre 4556 5892 83 179 179
tree 4600 5912 53 0 179
tree 4744 5896 4 0 179
fre 4956 5900 83 179 179
tree 4968 5896 6 0 179
tree 5016 5912 2 0 179
tree 5016 5896 50 0 179
trop 5116 5916 38 179 179
fre 5164 5900 83 179 179
tree 5224 5896 13 0 179
fre 5396 5908 83 179 179
tree 5400 5912 23 0 179
tree 5912 5896 2 0 179
tree 6600 5896 14 0 179
tree 6632 5896 68 0 179
tree 6696 5896 66 0 179
fre 6788 5916 83 179 179
tree 6904 5912 69 0 179
tree 6952 5912 65 0 179
vor 7100 5900 17 179 179
tree 7976 5912 68 0 179
tree 376 5944 4 0 179
tree 392 5928 4 0 179
tree 520 5928 38 0 179
tree 1080 5944 7 0 179
tree 1240 5928 6 0 179
tree 1256 5928 23 0 179
tree 1336 5928 62 0 179
tree 1432 5928 51 0 179
tree 1608 5944 16 0 179
cliff 2176 5920 11 179 179
tree 2632 5944 68 0 179
tree 3272 5944 4 0 179
tree 3320 5944 44 0 179
lay 3848 5928 22 0 179
tree 4232 5944 51 0 179
tree 4296 5928 11 0 179
tree 4536 5944 58 0 179
tree 4728 5944 50 0 179
fre 4724 5924 83 179 179
tree 4824 5944 44 0 179
fre 4876 5932 83 179 179
tree 4872 5928 46 0 179
tree 4888 5928 14 0 179
tree 4936 5944 13 0 179
tree 5208 5928 46 0 179
tree 5240 5944 16 0 179
tree 5304 5928 35 0 179
tree 5368 5944 54 0 179
tree 5448 5944 43 0 179
tree 5720 5944 21 0 179
tree 5704 5944 0 0 179
tree 5848 5944 57 0 179
tree 5896 5944 6 0 179
stand 5976 5944 63 0 179
trop 6020 5932 48 179 179
tree 6152 5944 65 0 179
tree 6232 5944 65 0 179
fre 6308 5924 83 179 179
tree 6440 5944 64 0 179
tree 6440 5928 63 0 179
tree 6552 5944 38 0 179
tree 6536 5944 62 0 179
tree 6856 5928 62 0 179
tree 6952 5928 69 0 179
vor 7012 5924 17 179 179
tree 200 5960 19 0 179
tree 328 5960 19 0 179
tree 392 5960 7 0 179
tree 584 5960 43 0 179
tree 792 5976 0 0 179
tree 856 5960 11 0 179
tree 840 5976 24 0 179
tree 936 5960 35 0 179
tree 1160 5976 6 0 179
tree 1224 5976 50 0 179
tree 1272 5976 24 0 179
tree 1272 5960 32 0 179
tree 1320 5960 19 0 179
tree 1336 5976 61 0 179
tree 1528 5976 0 0 179
tree 2632 5960 69 0 179
tree 2696 5960 66 0 179
trop 3124 5964 65 179 179
dom 3712 5952 6 0 179
tree 4376 5976 58 0 179
fre 4380 5972 83 179 179
tree 4472 5960 50 0 179
tree 4920 5976 22 0 179
tree 5000 5960 15 0 179
tree 5048 5960 0 0 179
tree 5672 5976 57 0 179
tree 5704 5960 0 0 179
stand 6072 5960 63 0 179
tree 6200 5976 6 0 179
tree 6360 5976 30 0 179
tree 6344 5960 22 0 179
tree 6680 5976 64 0 179
tree 6840 5960 45 0 179
trop 7036 5956 66 179 179
tree 7160 5976 67 0 179
tree 7240 5976 64 0 179
stand 7480 5976 0 0 179
tree 520 5992 2 0 179
tree 600 6008 30 0 179
trop 1028 5988 67 179 179
tree 1096 6008 32 0 179
tree 1224 6008 23 0 179
tree 1352 5992 14 0 179
tree 1432 5992 50 0 179
tree 1512 5992 38 0 179
tree 1944 6008 67 0 179
cliff 2192 6000 18 179 179
tree 2552 5992 64 0 179
dom 3424 5984 9 0 179
dom 3520 5984 5 0 179
lay 3832 5992 18 0 179
fre 4292 5988 83 179 179
tree 4632 5992 13 0 179
tree 4792 5992 15 0 179
fre 4828 6004 83 179 179
trop 5124 5988 38 179 179
tree 5304 5992 58 0 179
tree 5400 6008 43 0 179
tree 5880 6008 13 0 179
trop 6020 6012 48 179 179
tree 6344 5992 15 0 179
fre 6340 5996 83 179 179
tree 6504 5992 64 0 179
tree 6616 5992 67 0 179
tree 6744 5992 67 0 179
tree 6808 5992 46 0 179
tree 6920 6008 64 0 179
tree 376 6040 21 0 179
tree 392 6040 58 0 179
trop 1028 6044 67 179 179
tree 1192 6024 19 0 179
tree 1304 6040 45 0 179
tree 1320 6040 6 0 179
tree 1400 6024 2 0 179
tree 1400 6040 24 0 179
tree 1432 6024 0 0 179
tree 1512 6040 32 0 179
tree 1944 6024 64 0 179
trop 3148 6036 118 179 179
trop 3612 6036 69 179 179
tree 3944 6024 67 0 179
tree 4264 6024 69 0 179
tree 4360 6024 50 0 179
tree 4488 6040 11 0 179
tree 4584 6024 21 0 179
tree 4728 6040 30 0 179
tree 4712 6040 24 0 179
tree 4712 6024 61 0 179
tree 4776 6024 0 0 179
tree 4888 6040 13 0 179
tree 4984 6040 58 0 179
stand 5096 6040 10 0 179
tree 5272 6040 64 0 179
tree 5560 6040 64 0 179
tree 5656 6024 66 0 179
tree 5704 6024 13 0 179
tree 5784 6040 19 0 179
tree 5800 6024 53 0 179
tree 6424 6040 67 0 179
tree 6664 6040 66 0 179
trop 7036 6044 66 179 179
tree 7128 6040 67 0 179
tree 7976 6040 64 0 179
tree 216 6056 59 0 179
tree 312 6056 22 0 179
tree 328 6056 45 0 179
tree 360 6056 14 0 179
tree 488 6056 58 0 179
tree 536 6056 21 0 179
tree 824 6072 23 0 179
tree 856 6072 22 0 179
tree 888 6056 6 0 179
stand 984 6072 10 0 179
tree 1128 6072 62 0 179
tree 1208 6056 44 0 179
tree 1192 6056 2 0 179
tree 1336 6072 57 0 179
tree 1400 6072 51 0 179
tree 1416 6072 16 0 179
tree 1544 6072 50 0 179
tree 1608 6056 24 0 179
tree 1800 6056 66 0 179
fre 1964 6052 83 179 179
trop 3220 6052 113 179 179
trop 3236 6052 114 179 179
trop 3324 6052 113 179 179
trop 3404 6052 113 179 179
trop 3492 6052 113 179 179
trop 3564 6052 113 179 179
tree 4696 6056 43 0 179
fre 4700 6060 83 179 179
tree 4808 6056 57 0 179
trop 5132 6060 38 179 179
tree 5512 6072 65 0 179
tree 5528 6072 65 0 179
tree 6216 6056 7 0 179
tree 6264 6056 2 0 179
tree 6344 6056 63 0 179
tree 6360 6056 66 0 179
tree 6568 6072 30 0 179
tree 6664 6056 69 0 179
fre 6684 6052 83 179 179
stand 7000 6056 10 0 179
tree 248 6088 7 0 179
tree 728 6104 58 0 179
tree 1192 6088 16 0 179
tree 1304 6088 51 0 179
tree 1320 6104 53 0 179
tree 1384 6104 24 0 179
tree 1416 6088 31 0 179
tree 1496 6104 54 0 179
tree 1496 6088 14 0 179
tree 1528 6088 0 0 179
tree 1624 6104 51 0 179
tree 1752 6104 68 0 179
tree 1768 6104 65 0 179
cliff 2288 6080 20 179 179
tree 2664 6104 66 0 179
trop 3604 6084 117 179 179
lay 3896 6088 18 0 179
tree 4584 6088 22 0 179
tree 4888 6088 15 0 179
tree 5528 6088 66 0 179
tree 5896 6088 4 0 179
trop 6020 6092 48 179 179
tree 6392 6104 68 0 179
tree 6520 6088 35 0 179
tree 6504 6104 23 0 179
tree 6600 6104 65 0 179
tree 7224 6088 63 0 179
tree 200 6120 50 0 179
tree 248 6136 54 0 179
tree 296 6120 11 0 179
tree 376 6120 57 0 179
tree 424 6120 57 0 179
tree 488 6136 27 0 179
tree 488 6120 57 0 179
tree 824 6136 51 0 179
tree 824 6120 6 0 179
trop 1020 6132 67 179 179
dom 3712 6112 8 0 179
tree 4376 6120 68 0 179
tree 4472 6120 6 0 179
tree 4648 6136 50 0 179
tree 4696 6120 30 0 179
tree 4840 6136 23 0 179
trop 5140 6132 38 179 179
tree 6168 6120 16 0 179
tree 6392 6120 64 0 179
tree 6680 6120 16 0 179
trop 7036 6124 66 179 179
tree 7896 6120 66 0 179
tree 248 6152 31 0 179
tree 712 6152 21 0 179
tree 920 6152 8 0 179
tree 968 6152 32 0 179
tree 968 6168 31 0 179
tree 1224 6152 24 0 179
tree 1384 6152 6 0 179
tree 1448 6168 22 0 179
tree 1496 6168 15 0 179
tree 1608 6168 45 0 179
tree 1688 6152 2 0 179
trop 1876 6172 113 179 179
stand 2056 6152 10 0 179
tree 3288 6152 66 0 179
trop 3628 6164 67 179 179
tree 3880 6168 21 0 179
tree 4520 6168 46 0 179
tree 4568 6168 16 0 179
tree 4792 6168 13 0 179
tree 4920 6152 67 0 179
tree 5032 6168 64 0 179
trop 6020 6164 48 179 179
tree 6120 6152 64 0 179
tree 6232 6168 0 0 179
tree 6328 6168 64 0 179
tree 6568 6168 63 0 179
fre 6588 6164 83 179 179
tree 280 6184 19 0 179
tree 424 6184 21 0 179
tree 920 6184 58 0 179
trop 1020 6204 67 179 179
tree 1144 6200 44 0 179
tree 1448 6200 46 0 179
tree 1448 6184 15 0 179
tree 1560 6200 35 0 179
tree 1640 6200 11 0 179
trop 1812 6196 70 179 179
trop 1908 6180 113 179 179
trop 1980 6180 113 179 179
trop 2028 6180 113 179 179
trop 2108 6188 113 179 179
trop 2196 6188 113 179 179
trop 2260 6188 124 179 179
stand 2552 6200 10 0 179
tree 2952 6184 66 0 179
tree 3080 6184 65 0 179
tree 4616 6200 2 0 179
tree 4632 6200 58 0 179
tree 4728 6200 15 0 179
trop 5148 6196 38 179 179
tree 5272 6200 66 0 179
tree 6232 6184 6 0 179
tree 6280 6184 61 0 179
tree 6472 6200 0 0 179
fre 6516 6180 83 179 179
tree 7144 6184 66 0 179
tree 216 6216 38 0 179
tree 216 6232 16 0 179
tree 264 6216 58 0 179
fre 300 6212 83 179 179
tree 360 6216 35 0 179
tree 664 6232 27 0 179
tree 696 6216 32 0 179
tree 760 6232 19 0 179
tree 840 6232 50 0 179
tree 840 6216 35 0 179
tree 1304 6232 58 0 179
tree 1368 6216 32 0 179
tree 1352 6232 32 0 179
stand 1768 6216 10 0 179
cliff 2352 6208 48 179 179
trop 2444 6212 125 179 179
trop 2524 6236 117 179 179
tree 2776 6232 46 0 179
tree 2888 6232 38 0 179
tree 3080 6232 63 0 179
tree 3384 6216 67 0 179
tree 3576 6216 67 0 179
tree 3592 6216 69 0 179
tree 3944 6232 13 0 179
tree 3976 6232 27 0 179
tree 4120 6232 66 0 179
tree 4568 6232 30 0 179
tree 5880 6232 64 0 179
trop 6020 6236 48 179 179
tree 6408 6232 65 0 179
fre 6460 6220 83 179 179
tree 6488 6232 65 0 179
tree 6504 6232 63 0 179
tree 6552 6232 22 0 179
trop 7036 6212 66 179 179
tree 216 6264 35 0 179
tree 424 6248 38 0 179
tree 568 6264 59 0 179
tree 856 6264 45 0 179
tree 904 6248 13 0 179
tree 920 6248 53 0 179
tree 1096 6264 58 0 179
tree 1128 6248 16 0 179
tree 1176 6264 14 0 179
tree 1288 6248 19 0 179
tree 1416 6248 27 0 179
tree 1512 6248 0 0 179
tree 1592 6248 58 0 179
trop 1796 6268 68 179 179
tree 2744 6248 59 0 179
tree 2744 6264 4 0 179
tree 2760 6248 59 0 179
tree 2824 6248 6 0 179
tree 2888 6248 46 0 179
tree 3048 6264 66 0 179
zabor 3152 6256 30 0 8
zabor 3184 6256 24 0 8
zabor 3216 6256 26 0 8
zabor 3248 6256 26 0 8
zabor 3280 6256 24 0 8
zabor 3312 6256 29 0 8
zabor 3344 6256 28 0 8
zabor 3376 6256 26 0 8
zabor 3408 6256 25 0 8
zabor 3440 6256 30 0 8
zabor 3472 6256 25 0 8
zabor 3504 6256 31 0 8
zabor 3536 6256 29 0 8
zabor 3568 6256 31 0 8
trop 3628 6252 67 179 179
tree 3912 6264 58 0 179
trop 5156 6260 38 179 179
tree 5240 6264 63 0 179
tree 5960 6248 68 0 179
tree 6312 6248 19 0 179
tree 6376 6264 14 0 179
fre 6564 6244 83 179 179
fre 6804 6268 83 179 179
fre 7068 6260 83 179 179
tree 7256 6248 64 0 179
tree 424 6280 11 0 179
tree 632 6280 11 0 179
tree 776 6296 46 0 179
tree 856 6280 38 0 179
trop 1020 6284 67 179 179
tree 1224 6280 0 0 179
tree 1272 6280 21 0 179
tree 1368 6296 46 0 179
tree 1512 6296 14 0 179
tree 1544 6296 44 0 179
tree 1576 6296 38 0 179
cliff 2368 6288 10 179 179
tree 2632 6280 68 0 179
tree 2872 6280 35 0 179
tree 2936 6296 8 0 179
zabor 3152 6288 28 0 8
zabor 3568 6288 27 0 8
tree 6248 6296 67 0 179
tree 6424 6280 62 0 179
fre 6484 6284 83 179 179
tree 6728 6296 64 0 179
tree 6728 6280 69 0 179
fre 6748 6284 83 179 179
tree 6824 6280 67 0 179
trop 7036 6284 66 179 179
fre 7052 6284 83 179 179
stand 7688 6296 0 0 179
tree 7944 6280 63 0 179
tree 296 6328 45 0 179
tree 616 6328 16 0 179
tree 920 6328 27 0 179
tree 1656 6312 13 0 179
trop 2548 6316 68 179 179
tree 2728 6312 62 0 179
zabor 3152 6320 28 0 8
zabor 3568 6320 24 0 8
tree 3688 6312 63 0 179
zabor 3728 6320 29 0 8
zabor 3760 6320 28 0 8
zabor 3792 6320 29 0 8
zabor 3824 6320 25 0 8
zabor 3856 6320 24 0 8
zabor 3888 6320 24 0 8
zabor 3920 6320 24 0 8
zabor 3952 6320 31 0 8
zabor 3984 6320 27 0 8
zabor 4016 6320 28 0 8
zabor 4048 6320 24 0 8
zabor 4080 6320 27 0 8
zabor 4112 6320 26 0 8
zabor 4144 6320 24 0 8
zabor 4176 6320 26 0 8
zabor 4208 6320 29 0 8
zabor 4240 6320 26 0 8
zabor 4272 6320 27 0 8
tree 4872 6328 27 0 179
stand 5144 6328 10 0 179
trop 5164 6332 38 179 179
trop 6020 6316 48 179 179
fre 6964 6324 83 179 179
fre 7084 6316 83 179 179
tree 7160 6312 53 0 179
fre 7172 6316 83 179 179
tree 7176 6312 15 0 179
tree 7176 6328 22 0 179
tree 632 6360 19 0 179
tree 616 6344 58 0 179
tree 728 6344 4 0 179
tree 808 6344 19 0 179
tree 888 6344 15 0 179
trop 1020 6348 67 179 179
tree 1096 6360 16 0 179
tree 1128 6360 59 0 179
tree 1208 6360 27 0 179
tree 1272 6344 13 0 179
tree 1352 6360 27 0 179
tree 1416 6360 7 0 179
tree 1448 6344 13 0 179
tree 1592 6344 11 0 179
tree 1720 6360 21 0 179
trop 1804 6340 68 179 179
tree 1960 6360 65 0 179
tree 2744 6360 11 0 179
tree 2824 6344 23 0 179
tree 2920 6360 21 0 179
tree 2984 6344 43 0 179
tree 3000 6344 13 0 179
zabor 3152 6352 31 0 8
zabor 3568 6352 28 0 8
trop 3628 6340 67 179 179
zabor 3728 6352 24 0 8
zabor 4272 6352 26 0 8
tree 4776 6360 54 0 179
tree 5048 6360 66 0 179
tree 6136 6344 27 0 179
fre 6572 6356 83 179 179
fre 6676 6348 83 179 179
tree 6712 6360 64 0 179
fre 6700 6348 83 179 179
tree 6824 6360 54 0 179
trop 7036 6364 66 179 179
fre 7164 6340 83 179 179
tree 184 6392 4 0 179
tree 568 6376 44 0 179
tree 664 6392 11 0 179
tree 1208 6376 61 0 179
tree 1432 6392 19 0 179
tree 1464 6392 22 0 179
tree 1672 6392 14 0 179
tree 1784 6376 35 0 179
tree 1928 6392 43 0 179
tree 2296 6376 67 0 179
cliff 2368 6368 9 179 179
tree 2824 6376 61 0 179
tree 2968 6376 16 0 179
zabor 3152 6384 26 0 8
zabor 3568 6384 24 0 8
zabor 3728 6384 27 0 8
zabor 4272 6384 25 0 8
tree 4360 6376 63 0 179
tree 4872 6392 32 0 179
tree 4904 6376 22 0 179
tree 4984 6376 27 0 179
trop 6020 6388 48 179 179
tree 6216 6376 4 0 179
tree 6824 6392 23 0 179
fre 6876 6396 83 179 179
tree 6936 6376 69 0 179
tree 6936 6392 66 0 179
fre 7188 6380 83 179 179
tree 7208 6376 53 0 179
tree 248 6408 2 0 179
tree 280 6424 44 0 179
tree 296 6424 11 0 179
tree 360 6424 19 0 179
tree 360 6408 57 0 179
tree 664 6408 23 0 179
tree 696 6408 62 0 179
tree 760 6424 8 0 179
tree 1144 6424 62 0 179
tree 1240 6424 58 0 179
tree 1352 6408 51 0 179
tree 1400 6408 24 0 179
tree 1464 6408 38 0 179
tree 1512 6408 19 0 179
tree 1656 6424 19 0 179
tree 1640 6408 16 0 179
trop 1812 6428 68 179 179
tree 2248 6408 64 0 179
trop 2548 6404 68 179 179
tree 2744 6408 62 0 179
tree 2920 6424 62 0 179
zabor 3152 6416 26 0 8
zabor 3568 6416 24 0 8
trop 3628 6428 67 179 179
zabor 3728 6416 25 0 8
zabor 4272 6416 24 0 8
tree 4648 6408 13 0 179
tree 4728 6408 22 0 179
tree 4776 6424 38 0 179
tree 4824 6424 27 0 179
tree 4840 6424 2 0 179
tree 4984 6408 15 0 179
trop 5172 6404 38 179 179
tree 6152 6408 59 0 179
tree 6664 6424 62 0 179
tree 6680 6424 45 0 179
tree 6712 6424 21 0 179
tree 7160 6408 54 0 179
tree 7176 6408 15 0 179
tree 7272 6424 65 0 179
fre 7268 6428 83 179 179
tree 168 6440 44 0 179
tree 296 6456 62 0 179
tree 360 6456 7 0 179
tree 552 6456 6 0 179
tree 648 6456 59 0 179
tree 712 6456 35 0 179
stand 984 6440 10 0 179
trop 1020 6444 67 179 179
tree 1224 6440 7 0 179
tree 1448 6456 46 0 179
tree 1528 6440 0 0 179
tree 1640 6440 7 0 179
tree 1752 6456 13 0 179
tree 1768 6456 27 0 179
tree 2872 6440 57 0 179
tree 2952 6440 32 0 179
tree 3032 6440 66 0 179
zabor 3152 6448 25 0 8
zabor 3568 6448 29 0 8
zabor 3728 6448 30 0 8
zabor 4272 6448 31 0 8
tree 4696 6440 30 0 179
tree 4744 6440 44 0 179
tree 4792 6456 6 0 179
tree 4872 6456 43 0 179
tree 4968 6456 7 0 179
tree 5000 6456 51 0 179
tree 5048 6456 7 0 179
tree 5048 6440 0 0 179
stand 5960 6440 63 0 179
stand 6056 6456 63 0 179
tree 6152 6440 11 0 179
tree 6680 6440 6 0 179
tree 6792 6440 8 0 179
fre 6828 6444 83 179 179
tree 6888 6440 66 0 179
fre 6884 6452 83 179 179
trop 7036 6444 66 179 179
tree 264 6488 59 0 179
tree 360 6488 11 0 179
fre 388 6492 83 179 179
tree 392 6488 32 0 179
tree 600 6472 16 0 179
tree 712 6488 61 0 179
stand 1320 6488 10 0 179
tree 1432 6488 35 0 179
stand 1624 6488 10 0 179
tree 1928 6488 45 0 179
tree 1944 6472 14 0 179
tree 2040 6472 58 0 179
cliff 2368 6464 11 179 179
trop 2548 6484 68 179 179
tree 2632 6488 63 0 179
tree 2744 6472 50 0 179
zabor 3152 6480 27 0 8
zabor 3568 6480 31 0 8
zabor 3728 6480 25 0 8
zabor 4272 6480 29 0 8
tree 4728 6488 59 0 179
tree 4760 6472 23 0 179
tree 4792 6472 7 0 179
tree 4952 6488 46 0 179
tree 4936 6488 0 0 179
tree 4968 6472 14 0 179
tree 4984 6472 62 0 179
trop 5180 6476 38 179 179
trop 6020 6468 48 179 179
tree 6776 6488 66 0 179
tree 6856 6472 69 0 179
stand 7000 6472 10 0 179
tree 232 6504 4 0 179
tree 424 6504 58 0 179
tree 536 6504 2 0 179
tree 520 6504 6 0 179
trop 1068 6524 113 179 179
trop 1148 6524 113 179 179
trop 1236 6524 113 179 179
trop 1316 6524 113 179 179
trop 1396 6524 114 179 179
trop 1476 6524 114 179 179
trop 1548 6524 114 179 179
trop 1636 6524 114 179 179
trop 1716 6524 114 179 179
trop 1796 6508 69 179 179
tree 2040 6504 8 0 179
tree 2056 6520 32 0 179
tree 2104 6504 30 0 179
tree 2104 6520 23 0 179
tree 2632 6504 65 0 179
tree 2792 6504 13 0 179
tree 2856 6504 57 0 179
zabor 3152 6512 26 0 8
zabor 3568 6512 24 0 8
trop 3628 6516 67 179 179
zabor 3728 6512 25 0 8
zabor 4272 6512 29 0 8
tree 4696 6504 54 0 179
tree 4824 6520 2 0 179
tree 4936 6504 58 0 179
tree 5912 6504 27 0 179
tree 6776 6504 64 0 179
trop 7036 6524 66 179 179
tree 7192 6520 67 0 179
fre 7188 6524 83 179 179
tree 7256 6504 22 0 179
tree 7752 6520 69 0 179
trop 1020 6532 67 179 179
tree 1912 6552 2 0 179
tree 1976 6536 57 0 179
tree 2008 6536 24 0 179
trop 2548 6556 68 179 179
stand 2584 6552 10 0 179
tree 2888 6536 69 0 179
tree 3000 6552 63 0 179
zabor 3152 6544 25 0 8
zabor 3568 6544 30 0 8
zabor 3728 6544 24 0 8
zabor 4272 6544 26 0 8
tree 4712 6552 27 0 179
tree 4760 6552 22 0 179
tree 4808 6552 0 0 179
tree 4904 6552 19 0 179
tree 5048 6536 61 0 179
trop 5188 6548 38 179 179
trop 6020 6540 48 179 179
tree 6472 6552 63 0 179
tree 6616 6552 65 0 179
fre 6740 6548 83 179 179
tree 6936 6552 38 0 179
tree 6968 6536 16 0 179
tree 7368 6536 24 0 179
tree 7448 6536 66 0 179
tree 7672 6552 67 0 179
tree 7656 6552 68 0 179
tree 1976 6568 59 0 179
tree 2072 6584 13 0 179
tree 2680 6584 66 0 179
tree 2744 6568 54 0 179
tree 2808 6568 58 0 179
tree 2840 6584 24 0 179
tree 3000 6568 67 0 179
zabor 3152 6576 30 0 8
zabor 3568 6576 28 0 8
zabor 3728 6576 29 0 8
zabor 4272 6576 30 0 8
tree 4792 6568 58 0 179
tree 4984 6568 32 0 179
tree 5032 6568 11 0 179
tree 5048 6568 50 0 179
tree 6968 6584 0 0 179
tree 7272 6568 0 0 179
tree 7304 6584 63 0 179
fre 612 6612 83 179 179
tree 1912 6600 50 0 179
tree 1928 6616 51 0 179
tree 1928 6600 11 0 179
tree 1944 6600 62 0 179
tree 2776 6616 16 0 179
tree 2824 6616 24 0 179
zabor 3152 6608 29 0 8
zabor 3568 6608 27 0 8
trop 3628 6604 67 179 179
zabor 3728 6608 31 0 8
zabor 4272 6608 29 0 8
tree 4856 6600 4 0 179
tree 4872 6600 21 0 179
tree 4968 6616 57 0 179
trop 5196 6620 38 179 179
trop 6020 6612 48 179 179
tree 6440 6616 24 0 179
tree 6856 6600 22 0 179
tree 6904 6600 62 0 179
trop 7036 6612 66 179 179
fre 7284 6612 83 179 179
tree 7288 6616 22 0 179
stand 824 6632 0 0 179
trop 1020 6628 67 179 179
stand 1192 6648 0 0 179
tree 1864 6632 53 0 179
trop 2548 6636 68 179 179
tree 2760 6632 65 0 179
tree 2808 6648 22 0 179
zabor 3152 6640 26 0 8
zabor 3568 6640 29 0 8
tree 3592 6648 69 0 179
zabor 3728 6640 24 0 8
zabor 4272 6640 24 0 8
tree 4616 6648 67 0 179
tree 5016 6648 7 0 179
tree 5048 6632 46 0 179
tree 5064 6632 7 0 179
stand 5176 6648 10 0 179
tree 5896 6632 65 0 179
tree 6136 6632 30 0 179
tree 6376 6632 65 0 179
tree 6520 6632 62 0 179
tree 6776 6648 62 0 179
fre 2268 6668 83 179 179
tree 2664 6680 68 0 179
tree 2888 6664 65 0 179
zabor 3152 6672 30 0 8
zabor 3568 6672 27 0 8
trop 3628 6684 67 179 179
zabor 3728 6672 24 0 8
zabor 4272 6672 31 0 8
tree 4984 6680 24 0 179
tree 5032 6680 22 0 179
trop 6020 6676 48 179 179
tree 6168 6664 53 0 179
tree 6344 6680 16 0 179
tree 6600 6680 65 0 179
tree 6904 6680 6 0 179
tree 6952 6664 53 0 179
fre 7036 6676 36 179 179
trop 7036 6684 66 179 179
fre 7220 6668 83 179 179
tree 7848 6664 64 0 179
trop 1020 6716 67 179 179
trop 2548 6716 68 179 179
zabor 3152 6704 29 0 8
zabor 3568 6704 25 0 8
tree 3688 6696 65 0 179
zabor 3728 6704 27 0 8
stand 4136 6696 0 0 179
zabor 4272 6704 30 0 8
tree 4536 6712 65 0 179
tree 4552 6712 68 0 179
tree 4936 6696 46 0 179
tree 4968 6696 8 0 179
trop 5204 6692 38 179 179
tree 5960 6712 64 0 179
tree 6344 6696 54 0 179
tree 6408 6712 69 0 179
tree 6504 6712 54 0 179
tree 6552 6696 32 0 179
tree 6904 6696 32 0 179
tree 1864 6728 23 0 179
zabor 3152 6736 31 0 8
zabor 3568 6736 30 0 8
zabor 3728 6736 28 0 8
zabor 4272 6736 28 0 8
tree 4360 6728 68 0 179
tree 6296 6744 61 0 179
tree 6312 6728 15 0 179
tree 6344 6728 23 0 179
tree 6456 6744 16 0 179
tree 6472 6744 23 0 179
tree 6584 6744 31 0 179
tree 7288 6728 59 0 179
stand 984 6776 10 0 179
stand 1528 6776 0 0 179
stand 2696 6776 10 0 179
zabor 3152 6768 29 0 8
zabor 3568 6768 24 0 8
trop 3628 6764 67 179 179
zabor 3728 6768 27 0 8
zabor 4272 6768 31 0 8
trop 5212 6764 38 179 179
trop 6020 6756 48 179 179
tree 6120 6760 66 0 179
tree 6232 6776 65 0 179
tree 6328 6776 22 0 179
tree 6536 6760 66 0 179
trop 7036 6772 66 179 179
tree 7208 6776 11 0 179
tree 7352 6776 58 0 179
tree 7496 6760 69 0 179
trop 1020 6804 67 179 179
tree 1960 6808 31 0 179
tree 2216 6808 64 0 179
trop 2572 6788 118 179 179
trop 2644 6812 116 179 179
trop 2724 6812 113 179 179
trop 2812 6812 114 179 179
trop 2900 6812 115 179 179
stand 2984 6792 10 0 179
zabor 3152 6800 29 0 8
zabor 3568 6800 24 0 8
zabor 3728 6800 28 0 8
stand 3752 6792 8 0 179
zabor 4272 6800 28 0 8
tree 4472 6808 43 0 179
tree 4552 6808 19 0 179
dom 5152 6784 105 0 179
tree 6648 6792 67 0 179
fre 7148 6804 83 179 179
tree 7752 6808 67 0 179
stand 616 6824 0 0 179
tree 1944 6840 0 0 179
tree 2024 6824 35 0 179
tree 2280 6824 66 0 179
trop 2972 6836 117 179 179
zabor 3152 6832 25 0 8
zabor 3568 6832 25 0 8
zabor 3728 6832 26 0 8
zabor 3760 6832 31 0 8
zabor 3792 6832 28 0 8
zabor 3824 6832 31 0 8
zabor 3856 6832 27 0 8
zabor 3888 6832 30 0 8
zabor 3920 6832 30 0 8
zabor 3952 6832 30 0 8
zabor 3984 6832 29 0 8
zabor 4016 6832 27 0 8
zabor 4048 6832 25 0 8
zabor 4080 6832 25 0 8
zabor 4112 6832 24 0 8
zabor 4144 6832 26 0 8
zabor 4176 6832 28 0 8
zabor 4208 6832 29 0 8
zabor 4240 6832 29 0 8
zabor 4272 6832 31 0 8
tree 4520 6840 16 0 179
tree 4520 6824 62 0 179
tree 4536 6824 24 0 179
trop 5220 6836 38 179 179
cliff 5440 6832 6 179 179
tree 5880 6840 68 0 179
trop 6020 6828 48 179 179
stand 7000 6840 10 0 179
fre 7172 6828 83 179 179
tree 7416 6840 0 0 179
tree 7464 6824 54 0 179
tree 1896 6856 61 0 179
tree 1976 6856 46 0 179
tree 2104 6856 27 0 179
tree 2168 6872 30 0 179
tree 2232 6872 15 0 179
tree 3080 6872 11 0 179
zabor 3152 6864 25 0 8
zabor 3568 6864 27 0 8
trop 3628 6852 67 179 179
tree 4504 6872 8 0 179
dom 4992 6848 114 0 179
trop 5196 6860 69 179 179
tree 5672 6872 64 0 179
tree 5784 6856 68 0 179
tree 6216 6872 16 0 179
tree 6232 6872 62 0 179
tree 6536 6856 45 0 179
lay 6968 6872 13 0 179
trop 7036 6860 66 179 179
tree 7192 6872 4 0 179
fre 7220 6860 83 179 179
tree 7288 6856 27 0 179
tree 7336 6856 31 0 179
tree 7368 6856 23 0 179
tree 7496 6856 14 0 179
stand 760 6888 0 0 179
trop 1020 6900 67 179 179
tree 1944 6888 0 0 179
tree 2056 6904 59 0 179
zabor 3152 6896 25 0 8
zabor 3568 6896 24 0 8
tree 3720 6888 63 0 179
tree 4168 6888 66 0 179
tree 4504 6904 13 0 179
tree 4568 6904 2 0 179
trop 5124 6900 70 179 179
cliff 5424 6880 2 179 179
tree 5720 6888 68 0 179
trop 6020 6900 48 179 179
tree 6136 6888 65 0 179
tree 6296 6904 38 0 179
tree 6312 6904 61 0 179
tree 6536 6904 22 0 179
tree 7448 6888 16 0 179
tree 7464 6888 30 0 179
tree 1960 6920 44 0 179
tree 2184 6936 38 0 179
tree 2280 6920 64 0 179
trop 2996 6916 65 179 179
zabor 3152 6928 31 0 8
zabor 3568 6928 26 0 8
trop 3628 6932 67 179 179
tree 4424 6920 51 0 179
tree 4472 6920 35 0 179
cliff 5392 6928 7 179 179
tree 6408 6920 68 0 179
tree 6632 6920 7 0 179
lay 7112 6920 14 0 179
fre 7116 6924 83 179 179
fre 7284 6916 83 179 179
tree 7304 6920 38 0 179
tree 7352 6920 16 0 179
tree 7416 6920 32 0 179
tree 7432 6920 62 0 179
tree 7480 6936 16 0 179
tree 7512 6920 62 0 179
tree 1864 6952 46 0 179
tree 1928 6952 22 0 179
tree 1992 6952 35 0 179
tree 2040 6968 2 0 179
tree 2072 6968 2 0 179
tree 2152 6952 21 0 179
tree 2232 6952 11 0 179
zabor 3152 6960 30 0 8
zabor 3568 6960 25 0 8
dom 4992 6944 114 0 179
stand 5064 6952 10 0 179
stand 5976 6952 63 0 179
stand 6072 6968 63 0 179
tree 6312 6952 66 0 179
tree 6504 6952 31 0 179
tree 6600 6952 15 0 179
tree 6616 6968 45 0 179
tree 6696 6968 45 0 179
trop 7036 6948 66 179 179
tree 7272 6968 30 0 179
tree 7336 6968 23 0 179
tree 7400 6968 6 0 179
trop 1020 6988 67 179 179
tree 1880 7000 21 0 179
tree 1944 7000 4 0 179
tree 2264 6984 69 0 179
tree 2568 7000 69 0 179
tree 2712 7000 64 0 179
trop 2996 6996 65 179 179
zabor 3152 6992 28 0 8
zabor 3568 6992 24 0 8
tree 4568 6984 59 0 179
tree 4648 7000 24 0 179
tree 4664 7000 24 0 179
trop 5084 6980 69 179 179
tree 5704 6984 4 0 179
tree 5880 6984 63 0 179
trop 6020 6980 48 179 179
tree 6632 7000 22 0 179
lay 6984 6984 10 0 179
trop 7036 7004 66 179 179
cliff 7536 6976 26 179 179
tree 7848 7000 63 0 179
tree 1848 7032 27 0 179
tree 2024 7016 32 0 179
tree 2104 7016 11 0 179
tree 2168 7032 44 0 179
tree 2216 7032 8 0 179
tree 2616 7032 43 0 179
tree 2600 7032 59 0 179
zabor 3152 7024 29 0 8
stand 3496 7016 0 0 179
zabor 3568 7024 30 0 8
trop 3628 7012 67 179 179
tree 4472 7032 62 0 179
tree 4456 7032 53 0 179
tree 4536 7032 4 0 179
tree 4568 7032 13 0 179
tree 4616 7016 57 0 179
tree 4744 7032 58 0 179
trop 5004 7012 57 179 179
cliff 5408 7008 9 179 179
tree 5832 7016 11 0 179
tree 6888 7016 63 0 179
fre 6996 7036 83 179 179
fre 7140 7028 83 179 179
cliff 7472 7008 1 179 179
fre 956 7068 83 179 179
stand 984 7064 10 0 179
tree 1912 7048 27 0 179
tree 1960 7064 38 0 179
tree 2024 7064 7 0 179
tree 2088 7048 35 0 179
tree 2152 7048 63 0 179
tree 2360 7048 69 0 179
tree 2440 7064 35 0 179
tree 2488 7048 65 0 179
tree 2536 7064 11 0 179
tree 2728 7048 44 0 179
zabor 3152 7056 29 0 8
zabor 3568 7056 27 0 8
tree 4552 7064 4 0 179
tree 4744 7064 45 0 179
trop 4924 7068 56 179 179
tree 5688 7064 13 0 179
tree 5752 7048 27 0 179
trop 6020 7060 48 179 179
tree 6776 7048 64 0 179
trop 7036 7068 66 179 179
cliff 7424 7040 2 179 179
tree 7976 7064 63 0 179
trop 1020 7076 67 179 179
tree 1848 7080 51 0 179
tree 2072 7080 61 0 179
tree 2344 7096 50 0 179
tree 2536 7080 64 0 179
tree 2568 7096 0 0 179
tree 2696 7096 21 0 179
tree 2760 7080 65 0 179
tree 2824 7096 69 0 179
trop 2996 7084 65 179 179
zabor 3152 7088 26 0 8
zabor 3568 7088 25 0 8
trop 3628 7100 67 179 179
tree 4696 7096 43 0 179
tree 4696 7080 51 0 179
tree 4744 7080 46 0 179
tree 5128 7096 50 0 179
cliff 5360 7072 47 179 179
fre 7108 7076 83 179 179
cliff 7376 7088 4 179 179
tree 984 7128 67 0 179
tree 1928 7112 4 0 179
tree 1960 7128 22 0 179
tree 2008 7112 44 0 179
tree 2088 7128 59 0 179
tree 2648 7112 57 0 179
tree 2680 7128 57 0 179
tree 2744 7112 58 0 179
tree 2920 7112 69 0 179
stand 3032 7112 10 0 179
zabor 3152 7120 24 0 8
zabor 3568 7120 26 0 8
stand 3880 7112 0 0 179
tree 4552 7128 62 0 179
tree 4648 7128 43 0 179
tree 4664 7128 62 0 179
stand 4840 7128 10 0 179
cliff 5264 7104 27 179 179
tree 6648 7128 19 0 179
tree 6696 7128 19 0 179
tree 6792 7128 30 0 179
tree 7544 7128 63 0 179
dom 768 7136 128 0 179
trop 1020 7164 67 179 179
tree 1864 7160 38 0 179
tree 1912 7160 30 0 179
tree 2136 7144 31 0 179
tree 2152 7144 45 0 179
tree 2328 7160 2 0 179
tree 2440 7144 4 0 179
tree 2472 7160 53 0 179
tree 2616 7144 35 0 179
tree 2680 7144 35 0 179
tree 2760 7160 66 0 179
trop 2996 7164 65 179 179
zabor 3152 7152 25 0 8
zabor 3568 7152 28 0 8
tree 4584 7160 57 0 179
trop 4876 7164 39 179 179
cliff 5152 7152 31 179 179
cliff 5200 7136 24 179 179
tree 5816 7160 65 0 179
tree 5880 7144 63 0 179
trop 6020 7140 48 179 179
tree 6760 7160 23 0 179
tree 6808 7160 23 0 179
tree 6856 7160 6 0 179
trop 7020 7156 61 179 179
lay 7304 7144 10 0 179
cliff 7344 7152 3 179 179
dom 896 7168 44 0 179
tree 2392 7192 8 0 179
tree 2424 7192 59 0 179
tree 2520 7176 32 0 179
tree 2536 7176 22 0 179
tree 2696 7192 32 0 179
tree 2760 7192 21 0 179
zabor 3152 7184 25 0 8
zabor 3568 7184 25 0 8
trop 3628 7188 67 179 179
stand 5560 7176 10 0 179
tree 6616 7192 68 0 179
tree 6616 7176 67 0 179
tree 6600 7176 69 0 179
tree 6808 7176 8 0 179
tree 6808 7192 32 0 179
tree 6856 7192 22 0 179
tree 6904 7176 66 0 179
stand 6952 7192 10 0 179
tree 712 7224 67 0 179
fre 1692 7228 83 179 179
tree 1992 7224 45 0 179
tree 2040 7208 44 0 179
tree 2056 7208 51 0 179
tree 2120 7224 50 0 179
tree 2296 7224 11 0 179
tree 2328 7208 46 0 179
tree 2456 7224 0 0 179
tree 2472 7208 62 0 179
tree 2472 7224 62 0 179
fre 2652 7220 83 179 179
tree 2648 7208 38 0 179
zabor 3152 7216 28 0 8
zabor 3184 7216 28 0 8
zabor 3216 7216 27 0 8
zabor 3248 7216 28 0 8
zabor 3280 7216 31 0 8
zabor 3312 7216 27 0 8
zabor 3344 7216 30 0 8
zabor 3376 7216 27 0 8
zabor 3408 7216 26 0 8
zabor 3440 7216 29 0 8
zabor 3472 7216 29 0 8
zabor 3504 7216 29 0 8
zabor 3536 7216 30 0 8
zabor 3568 7216 30 0 8
dom 3648 7200 4 0 179
tree 4552 7224 69 0 179
trop 5476 7212 57 179 179
trop 5572 7204 113 179 179
trop 5652 7212 113 179 179
trop 5732 7220 113 179 179
trop 6020 7212 48 179 179
tree 6744 7224 58 0 179
tree 6856 7224 24 0 179
tree 7192 7208 68 0 179
cliff 7328 7216 1 179 179
tree 7544 7208 63 0 179
tree 7672 7208 65 0 179
lay 7784 7224 19 0 179
lay 7912 7208 4 0 179
stand 792 7240 8 0 179
stand 856 7256 10 0 179
trop 940 7260 116 179 179
trop 1004 7244 69 179 179
tree 2008 7240 11 0 179
tree 2296 7240 43 0 179
tree 2424 7256 27 0 179
tree 2440 7256 0 0 179
tree 2648 7256 4 0 179
tree 2744 7240 69 0 179
tree 2856 7256 68 0 179
trop 3020 7236 118 179 179
tree 3352 7256 64 0 179
tree 3496 7256 64 0 179
tree 4104 7256 65 0 179
tree 4760 7256 66 0 179
tree 4760 7240 67 0 179
trop 4868 7244 65 179 179
cliff 5136 7232 13 179 179
trop 5804 7244 117 179 179
tree 5928 7256 65 0 179
tree 6696 7240 67 0 179
tree 6824 7256 21 0 179
trop 6972 7244 62 179 179
tree 7080 7256 65 0 179
cliff 7280 7248 2 179 179
lay 7512 7240 16 0 179
trop 868 7284 70 179 179
tree 1848 7272 58 0 179
tree 1832 7272 4 0 179
tree 1832 7288 23 0 179
tree 1928 7288 8 0 179
tree 2136 7288 57 0 179
tree 2120 7288 31 0 179
tree 2344 7272 58 0 179
tree 2440 7272 21 0 179
tree 2456 7272 62 0 179
tree 2584 7272 21 0 179
tree 2568 7272 32 0 179
tree 2600 7272 43 0 179
tree 2616 7288 30 0 179
tree 2664 7272 14 0 179
tree 2712 7272 46 0 179
tree 2744 7288 21 0 179
tree 2824 7288 68 0 179
tree 2968 7272 66 0 179
trop 3084 7276 117 179 179
tree 3464 7272 69 0 179
tree 3592 7272 67 0 179
tree 3720 7272 65 0 179
tree 4104 7272 64 0 179
stand 4392 7272 0 0 179
trop 5396 7268 56 179 179
trop 6020 7284 48 179 179
trop 6700 7284 113 179 179
trop 6748 7292 113 179 179
trop 6812 7292 113 179 179
trop 6876 7292 63 179 179
dom 768 7296 10 0 179
tree 1080 7320 65 0 179
fre 1092 7308 83 179 179
stand 1400 7320 0 0 179
tree 1896 7320 6 0 179
tree 1976 7304 21 0 179
tree 1960 7304 21 0 179
tree 2248 7304 7 0 179
tree 2264 7304 54 0 179
tree 2296 7320 35 0 179
tree 2280 7304 8 0 179
tree 2312 7304 43 0 179
tree 2312 7320 58 0 179
tree 2344 7304 61 0 179
tree 2344 7320 61 0 179
tree 2424 7320 19 0 179
tree 2728 7304 54 0 179
trop 4868 7324 65 179 179
tree 5016 7320 69 0 179
tree 5096 7320 64 0 179
trop 6652 7308 70 179 179
cliff 7248 7296 3 179 179
lay 7560 7304 19 0 179
lay 7992 7304 20 0 179
tree 728 7336 69 0 179
tree 1784 7336 66 0 179
tree 1896 7352 19 0 179
tree 1960 7352 32 0 179
tree 2472 7352 24 0 179
tree 2552 7352 24 0 179
tree 2600 7336 50 0 179
tree 2664 7336 57 0 179
tree 2840 7336 68 0 179
trop 3108 7356 68 179 179
tree 4984 7352 27 0 179
tree 4984 7336 51 0 179
tree 4968 7336 57 0 179
trop 5356 7356 39 179 179
trop 5828 7332 65 179 179
trop 6020 7356 48 179 179
cliff 7216 7344 2 179 179
lay 7384 7352 3 0 179
lay 7960 7352 16 0 179
trop 796 7380 113 179 179
trop 836 7364 69 179 179
dom 928 7360 6 0 179
tree 1864 7368 31 0 179
tree 1880 7368 46 0 179
tree 2040 7368 53 0 179
tree 2040 7384 15 0 179
tree 2088 7384 50 0 179
tree 2248 7368 0 0 179
tree 2392 7368 35 0 179
tree 2456 7384 38 0 179
tree 2552 7368 32 0 179
tree 2536 7384 62 0 179
tree 2648 7368 61 0 179
tree 2680 7368 15 0 179
tree 2664 7368 31 0 179
tree 2712 7384 19 0 179
tree 2728 7384 57 0 179
tree 2984 7384 68 0 179
tree 4536 7384 64 0 179
stand 5320 7368 10 0 179
stand 6600 7368 10 0 179
trop 6628 7388 67 179 179
tree 6936 7384 15 0 179
tree 6984 7368 11 0 179
lay 7576 7384 3 0 179
lay 7992 7384 19 0 179
stand 680 7416 10 0 179
trop 732 7404 70 179 179
dom 1056 7392 9 0 179
tree 1832 7416 67 0 179
tree 1880 7416 43 0 179
tree 1864 7416 44 0 179
tree 1928 7400 6 0 179
tree 1976 7400 50 0 179
tree 2104 7400 59 0 179
tree 2456 7400 32 0 179
tree 2664 7400 58 0 179
stand 3144 7416 10 0 179
stand 4840 7400 10 0 179
trop 4868 7420 65 179 179
tree 5048 7416 67 0 179
trop 5828 7420 65 179 179
stand 5864 7400 10 0 179
tree 6728 7400 61 0 179
tree 6776 7416 7 0 179
tree 6872 7400 35 0 179
tree 6920 7416 13 0 179
cliff 7184 7392 1 179 179
tree 7400 7416 66 0 179
tree 1848 7448 8 0 179
tree 2104 7448 59 0 179
tree 2568 7432 64 0 179
tree 2632 7448 68 0 179
tree 2696 7448 63 0 179
tree 2840 7432 64 0 179
trop 3108 7444 68 179 179
tree 5224 7432 50 0 179
trop 5340 7436 65 179 179
stand 5448 7432 0 0 179
stand 5976 7432 63 0 179
trop 6020 7436 48 179 179
stand 6056 7448 63 0 179
zabor 7376 7440 105 2 8
tree 7896 7432 69 0 179
tree 7992 7448 69 0 179
trop 708 7484 67 179 179
tree 984 7464 63 0 179
stand 1064 7464 8 0 179
tree 2008 7464 50 0 179
tree 2008 7480 11 0 179
tree 2056 7464 14 0 179
tree 2104 7464 35 0 179
tree 2168 7480 54 0 179
tree 2184 7480 30 0 179
tree 2296 7480 35 0 179
tree 2392 7480 6 0 179
tree 2456 7480 43 0 179
tree 2504 7480 54 0 179
tree 2600 7480 63 0 179
tree 3016 7480 63 0 179
tree 3080 7464 68 0 179
stand 3768 7480 0 0 179
trop 6628 7476 67 179 179
tree 6904 7464 67 0 179
tree 7016 7480 64 0 179
lay 7352 7480 17 0 179
zabor 7664 7472 104 2 8
zabor 7696 7472 104 2 8
tree 1880 7512 64 0 179
tree 1928 7512 7 0 179
tree 1976 7512 2 0 179
tree 2136 7496 50 0 179
tree 2152 7496 21 0 179
tree 2392 7496 38 0 179
tree 2472 7512 62 0 179
tree 2504 7512 44 0 179
tree 2520 7496 62 0 179
trop 4868 7508 65 179 179
trop 5852 7500 118 179 179
trop 6020 7516 48 179 179
stand 6104 7512 39 0 179
fre 6620 7500 36 179 179
tree 6792 7496 13 0 179
tree 6872 7496 21 0 179
cliff 7168 7488 13 179 179
zabor 7632 7504 105 2 8
zabor 7664 7504 105 2 8
zabor 7696 7504 105 2 8
lay 7928 7496 20 0 179
tree 1816 7528 64 0 179
tree 1928 7528 38 0 179
tree 1928 7544 62 0 179
tree 2280 7544 4 0 179
tree 2328 7528 50 0 179
tree 2328 7544 50 0 179
tree 2408 7544 57 0 179
tree 2728 7528 68 0 179
trop 3108 7532 68 179 179
tree 4520 7528 66 0 179
tree 4744 7528 69 0 179
trop 5340 7524 65 179 179
trop 5924 7524 113 179 179
trop 5980 7532 124 179 179
trop 6084 7548 125 179 179
trop 6140 7548 113 179 179
trop 6212 7548 113 179 179
trop 6292 7548 113 179 179
trop 6372 7548 114 179 179
trop 6452 7548 114 179 179
trop 6532 7548 114 179 179
trop 6604 7532 69 179 179
lay 7272 7528 10 0 179
tree 7512 7544 69 0 179
zabor 7600 7536 105 2 8
zabor 7632 7536 105 2 8
zabor 7696 7536 104 2 8
trop 708 7572 67 179 179
tree 1800 7576 66 0 179
tree 1992 7576 31 0 179
tree 2040 7576 13 0 179
tree 2104 7560 50 0 179
tree 2280 7560 21 0 179
tree 2424 7576 57 0 179
tree 2424 7560 27 0 179
tree 2408 7560 11 0 179
tree 2488 7576 58 0 179
tree 2712 7576 11 0 179
tree 2696 7576 57 0 179
tree 2840 7560 68 0 179
tree 3048 7560 64 0 179
tree 4104 7576 67 0 179
stand 4312 7560 0 0 179
stand 5144 7576 10 0 179
stand 5928 7576 31 0 179
stand 6360 7576 10 0 179
tree 7016 7576 66 0 179
zabor 7568 7568 104 2 8
zabor 7600 7568 104 2 8
zabor 7696 7568 105 2 8
dom 7744 7552 26 0 179
tree 1912 7608 69 0 179
tree 2360 7592 2 0 179
tree 2392 7592 19 0 179
tree 2440 7608 19 0 179
tree 2456 7608 11 0 179
tree 2520 7592 7 0 179
tree 2504 7592 30 0 179
tree 2648 7592 51 0 179
tree 2680 7608 8 0 179
tree 2904 7608 63 0 179
tree 4104 7592 69 0 179
tree 4760 7608 69 0 179
trop 4868 7596 65 179 179
trop 4876 7604 71 179 179
trop 4916 7604 113 179 179
trop 4996 7604 113 179 179
trop 5076 7604 113 179 179
trop 5156 7604 113 179 179
trop 5236 7612 113 179 179
trop 5316 7596 69 179 179
tree 5848 7592 65 0 179
trop 6020 7596 48 179 179
zabor 7536 7600 105 2 8
zabor 7568 7600 105 2 8
zabor 7696 7600 104 2 8
zabor 7920 7600 105 2 8
zabor 7952 7600 104 2 8
zabor 7984 7600 105 2 8
zabor 8016 7600 105 2 8
zabor 8048 7600 104 2 8
zabor 8080 7600 105 2 8
fre 1780 7620 83 179 179
tree 1816 7640 6 0 179
tree 2376 7640 21 0 179
tree 2648 7640 24 0 179
tree 2824 7640 51 0 179
trop 3108 7620 68 179 179
stand 5512 7624 0 0 179
tree 5960 7640 64 0 179
lay 6584 7624 9 0 179
tree 7416 7624 68 0 179
zabor 7504 7632 105 2 8
zabor 7536 7632 104 2 8
zabor 7920 7632 105 2 8
zabor 7952 7632 104 2 8
zabor 7984 7632 105 2 8
zabor 8016 7632 105 2 8
zabor 8048 7632 104 2 8
zabor 8080 7632 104 2 8
trop 708 7660 67 179 179
tree 1816 7656 31 0 179
tree 1816 7672 22 0 179
tree 1832 7656 24 0 179
tree 1912 7656 21 0 179
tree 1896 7656 19 0 179
tree 2072 7672 15 0 179
tree 2136 7672 57 0 179
tree 2232 7656 43 0 179
tree 2216 7656 44 0 179
tree 2264 7656 14 0 179
tree 2440 7672 54 0 179
tree 2504 7656 62 0 179
tree 2616 7672 30 0 179
tree 2680 7656 27 0 179
tree 2664 7656 44 0 179
tree 2744 7656 51 0 179
tree 2984 7672 35 0 179
tree 3064 7656 67 0 179
trop 3108 7660 68 179 179
stand 3144 7656 10 0 179
stand 5704 7672 0 0 179
tree 5912 7656 69 0 179
trop 6020 7676 48 179 179
lay 6600 7672 10 0 179
lay 6632 7672 12 0 179
lay 6648 7656 12 0 179
zabor 7472 7664 105 2 8
zabor 7504 7664 105 2 8
lay 7528 7656 4 0 179
fre 708 7708 36 179 179
stand 1096 7704 0 0 179
tree 2024 7704 44 0 179
tree 2104 7688 59 0 179
tree 2664 7704 22 0 179
tree 2760 7704 4 0 179
tree 2824 7704 11 0 179
tree 4648 7704 4 0 179
trop 4868 7684 65 179 179
tree 5864 7704 69 0 179
lay 6616 7704 9 0 179
lay 6696 7704 13 0 179
zabor 7440 7696 104 2 8
zabor 7472 7696 105 2 8
stand 1560 7720 0 0 179
tree 1816 7736 27 0 179
tree 1864 7720 13 0 179
tree 1976 7720 21 0 179
tree 1976 7736 14 0 179
tree 2024 7720 4 0 179
tree 2216 7736 38 0 179
tree 2296 7720 27 0 179
tree 2712 7720 50 0 179
tree 2760 7736 61 0 179
trop 3084 7716 69 179 179
stand 3896 7736 0 0 179
tree 4584 7736 59 0 179
tree 4712 7736 22 0 179
stand 4824 7736 10 0 179
tree 5176 7736 66 0 179
tree 5896 7720 64 0 179
tree 5944 7736 63 0 179
tree 6904 7736 14 0 179
tree 7016 7720 68 0 179
zabor 7440 7728 104 2 8
zabor 7472 7728 104 2 8
zabor 7504 7728 105 2 8
zabor 7536 7728 104 2 8
zabor 7568 7728 104 2 8
stand 7720 7736 140 0 179
trop 708 7756 67 179 179
tree 2120 7752 46 0 179
tree 2216 7752 24 0 179
tree 2248 7752 50 0 179
tree 2312 7768 38 0 179
tree 2552 7768 4 0 179
tree 2568 7768 58 0 179
tree 2680 7768 8 0 179
tree 2808 7752 57 0 179
trop 3020 7756 70 179 179
tree 3096 7768 69 0 179
stand 3256 7768 0 0 179
tree 4648 7752 45 0 179
trop 4868 7772 65 179 179
tree 5032 7752 8 0 179
fre 5068 7764 83 179 179
trop 6020 7756 48 179 179
tree 6248 7752 4 0 179
lay 6328 7768 10 0 179
tree 6952 7752 0 0 179
dom 7904 7744 37 0 179
stand 680 7800 10 0 179
tree 1816 7784 54 0 179
tree 1880 7784 11 0 179
tree 1928 7784 44 0 179
tree 1976 7784 57 0 179
tree 1992 7784 57 0 179
tree 2104 7784 44 0 179
tree 2200 7800 45 0 179
tree 2200 7784 53 0 179
tree 2520 7784 11 0 179
tree 2504 7784 2 0 179
tree 2504 7800 2 0 179
tree 2568 7784 50 0 179
tree 2664 7800 19 0 179
stand 3032 7800 10 0 179
tree 4504 7784 43 0 179
tree 4664 7800 51 0 179
tree 4968 7800 32 0 179
tree 5144 7800 22 0 179
tree 5864 7800 57 0 179
stand 5976 7784 63 0 179
stand 6056 7800 63 0 179
tree 6200 7784 61 0 179
tree 6232 7784 24 0 179
tree 6280 7800 50 0 179
tree 6968 7800 0 0 179
tree 6968 7784 54 0 179
tree 6984 7800 24 0 179
dom 7552 7776 26 0 179
trop 708 7836 67 179 179
tree 1848 7832 23 0 179
tree 2072 7832 22 0 179
tree 2072 7816 45 0 179
tree 2088 7832 44 0 179
tree 2136 7816 6 0 179
tree 2200 7832 44 0 179
tree 2264 7816 13 0 179
tree 2328 7816 23 0 179
tree 2536 7816 32 0 179
tree 2616 7816 27 0 179
trop 3020 7828 118 179 179
tree 4536 7816 11 0 179
tree 4600 7816 61 0 179
tree 4632 7832 43 0 179
tree 4760 7816 43 0 179
tree 5032 7832 51 0 179
tree 5048 7816 0 0 179
fre 5108 7820 83 179 179
tree 5096 7832 53 0 179
tree 5944 7816 43 0 179
trop 6020 7836 48 179 179
tree 6200 7832 45 0 179
tree 6264 7832 53 0 179
tree 6920 7832 0 0 179
tree 7000 7832 32 0 179
lay 7016 7816 16 0 179
tree 7048 7832 64 0 179
lay 7256 7832 2 0 179
zabor 7920 7824 104 2 8
tree 8024 7832 66 0 179
tree 1944 7864 50 0 179
tree 1992 7848 57 0 179
tree 2056 7848 8 0 179
tree 2152 7848 27 0 179
tree 2472 7864 35 0 179
tree 2520 7848 50 0 179
tree 2600 7848 51 0 179
tree 2632 7848 15 0 179
tree 2776 7864 44 0 179
trop 3092 7844 116 179 179
trop 3164 7860 117 179 179
tree 4520 7864 50 0 179
tree 4792 7848 32 0 179
fre 4852 7868 83 179 179
trop 4868 7860 65 179 179
tree 4920 7864 51 0 179
fre 4948 7852 83 179 179
tree 4968 7848 13 0 179
fre 4988 7860 83 179 179
tree 5032 7864 30 0 179
tree 5224 7848 63 0 179
stand 5448 7864 0 0 179
tree 5944 7864 7 0 179
tree 6152 7864 51 0 179
tree 6232 7848 16 0 179
tree 6936 7864 54 0 179
tree 6984 7864 38 0 179
lay 7112 7848 19 0 179
zabor 7920 7856 104 2 8
tree 1880 7896 21 0 179
tree 1880 7880 59 0 179
tree 1864 7880 27 0 179
tree 1944 7880 54 0 179
tree 1992 7896 65 0 179
tree 2072 7880 57 0 179
tree 2568 7896 51 0 179
tree 2600 7896 0 0 179
tree 2616 7880 24 0 179
tree 2696 7896 19 0 179
tree 2744 7880 61 0 179
tree 2824 7896 32 0 179
tree 2872 7880 50 0 179
tree 3240 7880 65 0 179
tree 3384 7896 4 0 179
tree 3544 7880 68 0 179
tree 3528 7880 59 0 179
tree 3656 7896 66 0 179
tree 3816 7880 65 0 179
tree 3912 7896 69 0 179
tree 4504 7880 44 0 179
tree 4712 7880 2 0 179
tree 4760 7880 53 0 179
tree 5016 7880 19 0 179
tree 5032 7896 13 0 179
tree 5208 7896 69 0 179
tree 6104 7896 30 0 179
tree 6232 7880 2 0 179
tree 7080 7896 16 0 179
lay 7192 7896 22 0 179
zabor 7920 7888 105 2 8
tree 8008 7880 67 0 179
trop 708 7924 67 179 179
tree 1832 7928 7 0 179
tree 2056 7912 58 0 179
tree 2232 7928 62 0 179
tree 2280 7928 16 0 179
tree 2296 7928 46 0 179
tree 2568 7928 19 0 179
tree 2664 7928 19 0 179
tree 2760 7912 43 0 179
tree 3128 7928 27 0 179
trop 3212 7932 118 179 179
trop 3724 7932 116 179 179
tree 3736 7912 63 0 179
trop 3812 7932 116 179 179
trop 3892 7932 116 179 179
trop 3980 7932 116 179 179
trop 4068 7932 116 179 179
trop 4156 7932 116 179 179
trop 4236 7932 116 179 179
trop 4316 7932 116 179 179
tree 4440 7928 57 0 179
tree 4664 7928 51 0 179
tree 4648 7928 35 0 179
tree 4792 7928 44 0 179
tree 4952 7928 4 0 179
fre 5084 7916 83 179 179
tree 5096 7912 31 0 179
tree 5128 7912 4 0 179
fre 5164 7916 83 179 179
tree 5176 7912 61 0 179
tree 5880 7912 19 0 179
tree 5880 7928 51 0 179
tree 5944 7928 43 0 179
trop 6020 7908 48 179 179
tree 6104 7912 62 0 179
tree 7080 7912 38 0 179
tree 7368 7912 67 0 179
zabor 7600 7920 105 2 8
zabor 7632 7920 104 2 8
dom 7744 7904 34 0 179
zabor 7824 7920 105 2 8
zabor 7856 7920 104 2 8
zabor 7888 7920 104 2 8
tree 8040 7912 66 0 179
tree 8040 7928 63 0 179
tree 1976 7960 44 0 179
tree 1960 7960 43 0 179
tree 2232 7944 32 0 179
tree 2248 7960 4 0 179
tree 2248 7944 44 0 179
tree 2296 7944 31 0 179
tree 2328 7944 21 0 179
tree 2392 7960 23 0 179
tree 2520 7960 44 0 179
tree 2504 7960 59 0 179
tree 2552 7944 0 0 179
tree 2568 7944 54 0 179
tree 2616 7960 57 0 179
tree 2808 7944 4 0 179
trop 3292 7948 116 179 179
trop 3380 7948 116 179 179
trop 3468 7940 116 179 179
trop 3556 7940 116 179 179
trop 3644 7940 116 179 179
stand 3944 7960 10 0 179
stand 4296 7960 10 0 179
trop 4396 7956 117 179 179
tree 4600 7960 22 0 179
tree 4712 7944 61 0 179
tree 4744 7944 13 0 179
trop 4868 7948 65 179 179
tree 5016 7944 4 0 179
tree 5112 7960 4 0 179
tree 5096 7960 4 0 179
tree 6184 7960 13 0 179
tree 6232 7944 46 0 179
tree 7064 7944 53 0 179
tree 7112 7944 62 0 179
lay 7272 7960 20 0 179
lay 7448 7960 19 0 179
zabor 7600 7952 105 2 8
zabor 7632 7952 105 2 8
dom 7968 7936 27 0 179
tree 2424 7976 50 0 179
tree 2680 7976 6 0 179
tree 2728 7976 57 0 179
tree 2776 7976 23 0 179
tree 2904 7976 58 0 179
stand 3224 7976 10 0 179
tree 3416 7976 21 0 179
tree 3432 7976 43 0 179
stand 3576 7976 10 0 179
tree 3992 7976 66 0 179
tree 4568 7976 43 0 179
tree 4632 7976 22 0 179
tree 4984 7992 2 0 179
tree 4984 7976 44 0 179
fre 4964 7972 83 179 179
fre 5092 7980 83 179 179
tree 5160 7976 58 0 179
tree 5224 7976 58 0 179
tree 5944 7992 6 0 179
trop 6020 7988 48 179 179
tree 6168 7976 0 0 179
tree 7064 7976 6 0 179
lay 7144 7976 20 0 179
zabor 7600 7984 104 2 8
zabor 7632 7984 104 2 8
lay 7880 7976 3 0 179
tree 8024 7976 65 0 179
tree 8024 7992 68 0 179
trop 708 8012 67 179 179
tree 1944 8024 31 0 179
tree 2136 8008 8 0 179
tree 2216 8024 27 0 179
tree 2264 8008 51 0 179
tree 2344 8024 13 0 179
tree 2392 8024 27 0 179
tree 2616 8008 21 0 179
tree 2600 8008 7 0 179
tree 2840 8008 51 0 179
tree 4136 8008 64 0 179
trop 4436 8004 118 179 179
trop 4508 8028 115 179 179
trop 4572 8028 115 179 179
trop 4660 8028 114 179 179
trop 4748 8028 114 179 179
trop 4812 8028 114 179 179
fre 4828 8028 83 179 179
trop 4836 8028 114 179 179
tree 4968 8024 11 0 179
fre 4964 8012 83 179 179
tree 5032 8024 4 0 179
tree 5096 8008 59 0 179
tree 5176 8024 44 0 179
fre 5236 8012 83 179 179
tree 5336 8008 64 0 179
tree 6136 8024 38 0 179
tree 6168 8008 0 0 179
tree 6152 8024 0 0 179
tree 6232 8008 14 0 179
lay 7384 8008 10 0 179
zabor 7600 8016 104 2 8
zabor 7632 8016 104 2 8
tree 7960 8008 64 0 179
tree 2024 8040 31 0 179
tree 2200 8056 23 0 179
tree 2584 8040 53 0 179
stand 4664 8056 10 0 179
trop 4876 8036 65 179 179
tree 5080 8056 19 0 179
trop 6020 8060 48 179 179
zabor 7600 8048 104 2 8
zabor 7632 8048 105 2 8
tree 7768 8040 68 0 179
tree 7832 8040 65 0 179
tree 7848 8056 66 0 179
tree 7848 8040 63 0 179
tree 7912 8040 65 0 179
tree 7960 8056 66 0 179
tree 8008 8040 64 0 179
tree 8040 8040 63 0 179
fre 5004 8092 83 179 179
fre 5012 8068 83 179 179
fre 5044 8076 83 179 179
fre 5100 8084 83 179 179
fre 5204 8084 83 179 179
fre 4940 8124 83 179 179
fre 5012 8124 83 179 179
