tree 4328 24 13 0 179
tree 4344 24 4 0 179
tree 4376 24 21 0 179
tree 4392 24 51 0 179
tree 4248 56 4 0 179
tree 4264 56 51 0 179
tree 4328 40 44 0 179
tree 4376 56 44 0 179
tree 4392 40 35 0 179
trop 5812 60 68 179 179
tree 1720 72 44 0 179
tree 1736 88 2 0 179
tree 1736 72 43 0 179
trop 2100 84 48 179 179
trop 2652 84 68 179 179
tree 4216 88 11 0 179
tree 4216 72 57 0 179
tree 4264 72 59 0 179
tree 4328 88 58 0 179
tree 4328 72 58 0 179
tree 4376 88 4 0 179
tree 4456 72 27 0 179
tree 4456 88 59 0 179
trop 6028 92 65 179 179
tree 216 120 43 0 179
tree 264 120 19 0 179
tree 1848 120 4 0 179
tree 1848 104 35 0 179
tree 1864 120 50 0 179
tree 1912 120 27 0 179
tree 1928 120 27 0 179
tree 1944 120 11 0 179
zabor 3024 112 64 1 8
trop 3140 108 67 179 179
tree 3480 120 59 0 179
tree 3496 120 43 0 179
tree 3512 120 51 0 179
tree 3528 120 11 0 179
tree 3544 120 51 0 179
tree 3560 120 21 0 179
tree 3576 120 13 0 179
tree 3592 120 4 0 179
tree 3608 120 21 0 179
tree 3640 120 59 0 179
tree 3624 120 59 0 179
tree 3704 120 11 0 179
tree 3688 120 4 0 179
tree 3720 120 44 0 179
tree 4232 120 43 0 179
tree 4232 104 21 0 179
tree 4328 120 50 0 179
tree 4328 104 2 0 179
tree 4376 120 27 0 179
tree 4456 104 50 0 179
tree 4456 120 58 0 179
tree 5208 120 44 0 179
tree 5336 120 19 0 179
tree 5368 120 27 0 179
tree 5384 120 11 0 179
tree 5464 120 44 0 179
tree 5480 120 2 0 179
tree 5496 120 58 0 179
tree 200 136 35 0 179
tree 200 152 51 0 179
tree 248 152 27 0 179
tree 232 152 57 0 179
tree 232 136 2 0 179
tree 280 136 59 0 179
tree 264 136 50 0 179
tree 1688 136 21 0 179
tree 1688 152 44 0 179
tree 1880 152 51 0 179
tree 1864 136 13 0 179
tree 1912 152 19 0 179
tree 1944 152 4 0 179
tree 1928 152 2 0 179
lay 2200 152 17 0 179
lay 2280 152 18 0 179
trop 2332 156 75 179 179
trop 2380 148 75 179 179
trop 2380 140 75 179 179
trop 2404 156 75 179 179
trop 2452 156 75 179 179
zabor 3024 144 64 1 8
tree 3448 136 44 0 179
tree 3464 136 58 0 179
tree 3512 136 51 0 179
tree 3544 152 21 0 179
tree 3576 136 44 0 179
tree 3560 136 43 0 179
tree 3560 152 59 0 179
tree 3608 136 11 0 179
tree 3624 136 21 0 179
tree 3640 136 58 0 179
tree 3672 136 21 0 179
tree 3656 136 58 0 179
tree 3656 152 50 0 179
tree 3736 152 43 0 179
tree 3720 136 21 0 179
tree 3896 152 27 0 179
tree 3912 152 21 0 179
tree 3928 152 4 0 179
tree 4248 152 4 0 179
tree 4248 136 57 0 179
tree 4328 152 11 0 179
tree 4328 136 19 0 179
tree 4376 136 13 0 179
tree 4456 136 21 0 179
tree 4456 152 11 0 179
tree 5208 136 59 0 179
tree 5288 152 4 0 179
tree 5288 136 13 0 179
tree 5336 152 4 0 179
tree 5336 136 44 0 179
tree 5352 152 58 0 179
tree 5400 136 51 0 179
tree 5432 152 58 0 179
tree 5416 136 50 0 179
tree 5496 152 43 0 179
tree 5576 136 27 0 179
tree 5592 152 57 0 179
tree 5608 152 51 0 179
trop 5812 140 68 179 179
tree 7864 152 57 0 179
tree 7848 152 13 0 179
tree 7896 136 11 0 179
tree 7880 152 2 0 179
tree 7928 152 21 0 179
tree 7928 136 13 0 179
tree 7960 152 44 0 179
tree 7944 152 43 0 179
tree 7976 152 43 0 179
tree 8024 152 2 0 179
tree 8008 152 21 0 179
tree 8056 152 59 0 179
tree 136 184 51 0 179
tree 168 184 59 0 179
tree 184 184 43 0 179
tree 200 184 57 0 179
tree 232 184 43 0 179
tree 248 184 57 0 179
tree 248 168 57 0 179
tree 264 184 11 0 179
tree 264 168 13 0 179
tree 312 184 11 0 179
tree 296 168 43 0 179
tree 328 184 2 0 179
tree 1704 184 57 0 179
tree 1720 184 57 0 179
tree 1752 168 27 0 179
tree 1784 184 21 0 179
tree 1768 184 51 0 179
tree 1816 184 27 0 179
tree 1800 184 2 0 179
tree 1832 184 57 0 179
tree 1880 184 57 0 179
tree 1864 184 50 0 179
tree 2008 184 11 0 179
tree 2008 168 2 0 179
tree 1992 168 27 0 179
trop 2100 164 48 179 179
trop 2484 172 75 179 179
trop 2516 180 75 179 179
lay 2520 184 17 0 179
trop 2580 172 75 179 179
trop 2572 172 75 179 179
trop 2564 180 75 179 179
trop 2652 164 68 179 179
zabor 3024 176 64 1 8
trop 3076 172 48 179 179
stand 3352 184 27 0 179
stand 3368 184 27 0 179
stand 3384 184 27 0 179
stand 3448 184 157 0 179
stand 3480 184 157 0 179
stand 3464 184 157 0 179
stand 3496 184 158 0 179
tree 3656 168 4 0 179
tree 3736 184 51 0 179
tree 3736 168 57 0 179
tree 3752 184 4 0 179
tree 3768 184 2 0 179
tree 3784 184 51 0 179
tree 3800 184 44 0 179
tree 3816 184 2 0 179
tree 3832 168 44 0 179
tree 3848 168 50 0 179
tree 3864 168 51 0 179
tree 3880 168 58 0 179
tree 3896 168 21 0 179
tree 4264 184 2 0 179
tree 4264 168 44 0 179
tree 4328 184 19 0 179
tree 4328 168 4 0 179
tree 4376 168 4 0 179
tree 4440 168 2 0 179
tree 4440 184 2 0 179
tree 4456 168 21 0 179
lay 5128 168 21 0 179
tree 5304 184 19 0 179
tree 5304 168 19 0 179
tree 5320 184 13 0 179
tree 5352 168 35 0 179
tree 5432 184 19 0 179
tree 5496 184 43 0 179
tree 5496 168 44 0 179
tree 5608 184 43 0 179
tree 5640 168 50 0 179
tree 5944 168 59 0 179
trop 6028 188 65 179 179
trop 6556 180 68 179 179
fre 7348 188 26 179 179
fre 7396 172 26 179 179
fre 7460 164 26 179 179
lay 7480 168 43 0 179
tree 7816 184 19 0 179
tree 7992 168 44 0 179
tree 7976 168 13 0 179
tree 8024 168 2 0 179
tree 8008 168 2 0 179
tree 8056 168 19 0 179
tree 8088 184 2 0 179
tree 8072 168 11 0 179
tree 8072 184 4 0 179
tree 152 216 44 0 179
tree 152 200 4 0 179
tree 136 200 13 0 179
tree 168 216 35 0 179
tree 184 216 4 0 179
tree 200 200 59 0 179
tree 200 216 44 0 179
tree 344 216 44 0 179
tree 344 200 44 0 179
lay 440 216 21 0 179
tree 1752 216 35 0 179
tree 1848 200 19 0 179
tree 1944 216 44 0 179
tree 1928 200 19 0 179
fre 1948 212 11 179 179
fre 1964 196 11 179 179
fre 1988 220 12 179 179
fre 1988 212 12 179 179
fre 2012 196 12 179 179
fre 2028 204 12 179 179
tree 2040 216 58 0 179
tree 2040 200 35 0 179
trop 2372 204 75 179 179
zabor 3024 208 66 1 8
trop 3140 196 67 179 179
fre 3292 204 11 179 179
fre 3284 212 11 179 179
lay 3272 216 50 0 179
fre 3300 196 11 179 179
fre 3300 212 11 179 179
fre 3356 212 11 179 179
fre 3348 204 11 179 179
fre 3340 204 11 179 179
dom 3360 192 86 0 179
stand 3432 216 149 0 179
stand 3496 200 156 0 179
stand 3528 200 177 0 179
tree 3640 200 58 0 179
tree 3736 200 19 0 179
tree 3736 216 59 0 179
tree 3752 200 50 0 179
tree 4264 216 2 0 179
tree 4264 200 57 0 179
tree 4344 216 57 0 179
tree 4376 200 50 0 179
tree 4376 216 35 0 179
tree 4440 200 19 0 179
tree 4440 216 50 0 179
lay 4888 216 61 0 179
tree 5336 216 21 0 179
tree 5448 200 59 0 179
tree 5480 200 19 0 179
tree 5528 216 43 0 179
tree 5544 216 19 0 179
tree 5608 200 2 0 179
tree 5624 200 44 0 179
tree 5688 216 59 0 179
trop 5812 220 68 179 179
tree 6312 200 19 0 179
fre 7340 212 26 179 179
fre 7388 220 26 179 179
fre 7388 204 20 179 179
fre 7364 220 27 179 179
fre 7380 204 26 179 179
fre 7420 204 26 179 179
fre 7396 212 19 179 179
fre 7428 220 26 179 179
fre 7516 196 26 179 179
tree 8040 216 58 0 179
tree 152 248 13 0 179
tree 168 248 57 0 179
tree 168 232 57 0 179
tree 200 232 19 0 179
tree 344 232 19 0 179
tree 360 248 35 0 179
tree 360 232 58 0 179
tree 1768 232 2 0 179
tree 1944 232 21 0 179
tree 1928 248 50 0 179
tree 1960 232 21 0 179
fre 1964 244 12 179 179
fre 1972 236 12 179 179
fre 2036 228 12 179 179
fre 2036 236 12 179 179
trop 2100 244 48 179 179
trop 2404 252 75 179 179
trop 2652 244 68 179 179
zabor 3024 240 65 1 8
trop 3076 252 48 179 179
fre 3292 228 11 179 179
tree 3272 232 19 0 179
fre 3300 244 11 179 179
fre 3372 236 11 179 179
tree 3640 232 21 0 179
tree 3672 248 43 0 179
tree 3688 248 13 0 179
tree 3704 232 2 0 179
tree 3720 232 13 0 179
tree 4280 232 50 0 179
tree 4264 232 2 0 179
tree 4344 248 21 0 179
tree 4376 232 2 0 179
tree 4376 248 27 0 179
tree 4440 232 43 0 179
tree 4440 248 11 0 179
lay 4904 232 61 0 179
fre 5108 244 6 179 179
fre 5132 244 6 179 179
lay 5192 248 61 0 179
lay 5240 232 50 0 179
lay 5240 248 61 0 179
lay 5224 248 61 0 179
tree 5336 232 59 0 179
tree 5352 248 27 0 179
tree 5432 248 21 0 179
tree 5416 248 21 0 179
tree 5448 248 19 0 179
tree 5512 248 43 0 179
tree 5560 232 35 0 179
tree 5592 232 2 0 179
tree 5576 232 59 0 179
tree 5656 248 19 0 179
tree 5640 248 11 0 179
tree 5640 232 35 0 179
tree 5688 232 2 0 179
tree 5944 232 59 0 179
lay 6120 248 61 0 179
lay 6168 248 61 0 179
lay 6216 248 61 0 179
fre 6300 228 29 179 179
lay 6296 232 61 0 179
tree 6328 248 51 0 179
lay 6344 232 61 0 179
fre 7356 244 17 179 179
fre 7348 236 26 179 179
fre 7364 252 26 179 179
fre 7380 252 26 179 179
fre 7380 244 26 179 179
lay 7368 232 40 0 179
fre 7396 236 26 179 179
fre 7404 252 26 179 179
fre 7428 244 26 179 179
fre 7476 228 26 179 179
tree 152 264 35 0 179
tree 168 264 19 0 179
tree 312 280 43 0 179
tree 328 280 13 0 179
tree 344 280 58 0 179
tree 360 264 27 0 179
tree 1832 264 50 0 179
tree 1832 280 2 0 179
tree 1848 280 2 0 179
tree 1928 280 59 0 179
tree 1944 264 2 0 179
fre 1980 284 12 179 179
fre 1972 260 12 179 179
fre 2036 260 12 179 179
fre 2044 276 12 179 179
fre 2060 268 11 179 179
fre 2060 260 11 179 179
trop 2484 284 73 179 179
trop 2588 276 73 179 179
zabor 3024 272 65 1 8
trop 3140 284 67 179 179
lay 3288 264 50 0 179
fre 3324 276 11 179 179
fre 3324 284 11 179 179
tree 3320 280 19 0 179
stand 3352 264 180 0 179
fre 3412 268 11 179 179
tree 3624 264 13 0 179
tree 3640 280 51 0 179
tree 3656 264 11 0 179
tree 4280 280 58 0 179
tree 4280 264 27 0 179
tree 4344 280 58 0 179
tree 4344 264 21 0 179
tree 4376 280 27 0 179
tree 4440 264 21 0 179
tree 4424 280 51 0 179
fre 5084 260 6 179 179
lay 5064 280 61 0 179
fre 5164 276 6 179 179
fre 5180 284 6 179 179
lay 5160 264 61 0 179
fre 5236 276 6 179 179
lay 5224 280 61 0 179
dom 5248 256 179 0 179
tree 5368 264 58 0 179
tree 5400 280 4 0 179
tree 5384 280 35 0 179
tree 5384 264 58 0 179
tree 5528 264 13 0 179
tree 5512 264 58 0 179
tree 5544 264 13 0 179
tree 5576 280 44 0 179
tree 5624 264 4 0 179
tree 5608 264 51 0 179
tree 5688 264 4 0 179
tree 5672 264 50 0 179
tree 5704 280 44 0 179
trop 6028 276 65 179 179
lay 6184 264 61 0 179
lay 6280 264 61 0 179
lay 6408 264 61 0 179
lay 6440 264 61 0 179
trop 6556 260 68 179 179
fre 7388 276 26 179 179
fre 7380 276 26 179 179
fre 7444 276 28 179 179
fre 7444 284 19 179 179
fre 7428 268 26 179 179
fre 7436 276 26 179 179
lay 7464 264 59 0 179
fre 7500 268 26 179 179
fre 7516 268 26 179 179
fre 7540 260 26 179 179
tree 7992 280 44 0 179
tree 8008 280 51 0 179
tree 8056 264 21 0 179
tree 8072 264 43 0 179
tree 264 312 19 0 179
tree 280 312 44 0 179
tree 296 296 2 0 179
tree 1960 312 27 0 179
tree 1976 296 57 0 179
fre 1996 316 12 179 179
fre 1996 308 12 179 179
fre 1996 300 12 179 179
fre 2036 300 12 179 179
fre 2060 308 11 179 179
fre 2060 292 11 179 179
trop 2444 308 75 179 179
trop 2476 316 73 179 179
trop 2524 316 73 179 179
dom 2560 288 194 2 179
trop 2652 308 68 179 179
zabor 3024 304 65 1 8
tree 3304 312 50 0 179
lay 3304 312 50 0 179
fre 3348 316 11 179 179
stand 3384 312 178 0 179
stand 3368 312 179 0 179
stand 3368 296 181 0 179
fre 3420 316 11 179 179
fre 3412 300 11 179 179
tree 3608 312 21 0 179
tree 3624 312 21 0 179
tree 3624 296 13 0 179
tree 4280 296 19 0 179
tree 4296 296 21 0 179
tree 4344 296 59 0 179
tree 4376 312 50 0 179
tree 4360 312 35 0 179
tree 4424 296 57 0 179
tree 4424 312 4 0 179
tree 4888 296 58 0 179
tree 4872 296 59 0 179
lay 4920 312 61 0 179
tree 4952 296 2 0 179
lay 5048 296 61 0 179
fre 5180 308 6 179 179
fre 5252 308 6 179 179
fre 5276 316 6 179 179
fre 5276 308 6 179 179
tree 5432 296 21 0 179
tree 5416 296 2 0 179
tree 5464 312 13 0 179
tree 5448 312 4 0 179
tree 5720 296 27 0 179
tree 5704 312 51 0 179
tree 5752 312 57 0 179
trop 5812 300 68 179 179
tree 5944 312 50 0 179
dom 6144 288 81 0 179
dom 6432 288 79 0 179
fre 7380 292 26 179 179
fre 7380 316 26 179 179
fre 7388 308 26 179 179
fre 7420 316 26 179 179
fre 7452 308 26 179 179
fre 7476 308 26 179 179
fre 7484 316 26 179 179
fre 7500 300 26 179 179
fre 7596 292 26 179 179
fre 7644 300 26 179 179
fre 7620 316 26 179 179
fre 7668 316 26 179 179
fre 7700 316 26 179 179
fre 7700 300 26 179 179
fre 7716 292 28 179 179
fre 7764 292 17 179 179
fre 7764 300 26 179 179
fre 7780 292 17 179 179
tree 8008 296 11 0 179
tree 8088 296 57 0 179
tree 8072 296 50 0 179
tree 152 344 11 0 179
tree 136 344 51 0 179
tree 168 344 59 0 179
tree 184 344 35 0 179
tree 200 344 11 0 179
tree 216 344 4 0 179
tree 232 344 27 0 179
tree 248 328 11 0 179
dom 1792 320 255 0 179
tree 1928 328 21 0 179
fre 2036 324 12 179 179
fre 2052 324 11 179 179
trop 2100 324 48 179 179
trop 2460 332 73 179 179
zabor 3024 336 65 1 8
trop 3076 332 48 179 179
tree 3320 344 57 0 179
fre 3340 348 11 179 179
fre 3356 332 11 179 179
tree 3336 328 51 0 179
fre 3436 332 11 179 179
tree 3608 344 4 0 179
tree 3608 328 21 0 179
tree 3592 328 44 0 179
tree 3624 344 19 0 179
tree 4312 344 27 0 179
tree 4296 328 44 0 179
tree 4360 344 59 0 179
tree 4360 328 2 0 179
tree 4424 328 58 0 179
tree 4424 344 57 0 179
tree 4472 344 2 0 179
tree 4456 328 2 0 179
tree 4888 344 51 0 179
tree 4888 328 51 0 179
lay 5016 328 61 0 179
lay 5032 328 61 0 179
tree 5080 344 4 0 179
tree 5112 344 44 0 179
tree 5128 328 20 0 179
tree 5160 344 12 0 179
tree 5240 344 52 0 179
tree 5416 328 26 0 179
tree 5496 344 2 0 179
tree 5480 328 21 0 179
tree 5528 344 19 0 179
tree 5512 344 43 0 179
tree 5560 344 51 0 179
tree 5576 344 4 0 179
tree 5624 344 57 0 179
tree 5688 344 11 0 179
tree 5688 328 44 0 179
tree 5704 328 21 0 179
tree 5720 328 4 0 179
tree 5704 344 35 0 179
dom 6336 320 175 0 179
trop 6556 340 68 179 179
fre 7372 324 26 179 179
fre 7452 348 26 179 179
fre 7468 348 26 179 179
fre 7532 324 26 179 179
fre 7556 348 26 179 179
lay 7608 344 59 0 179
fre 7668 324 26 179 179
fre 7732 332 26 179 179
fre 7764 340 26 179 179
fre 7756 324 26 179 179
fre 7780 348 26 179 179
tree 8056 344 13 0 179
tree 8056 328 51 0 179
tree 120 376 27 0 179
tree 152 376 2 0 179
tree 136 360 58 0 179
tree 1912 360 4 0 179
tree 1928 360 19 0 179
fre 1924 372 11 179 179
fre 1940 372 11 179 179
fre 1948 372 12 179 179
fre 1948 356 12 179 179
fre 1956 364 12 179 179
fre 2044 356 12 179 179
fre 2044 380 12 179 179
fre 2036 364 12 179 179
trop 2476 364 75 179 179
trop 2492 356 73 179 179
trop 2524 380 73 179 179
dom 2560 352 194 2 179
trop 2588 380 73 179 179
zabor 3024 368 66 1 8
trop 3140 372 67 179 179
lay 3320 376 50 0 179
fre 3348 372 11 179 179
fre 3356 356 11 179 179
fre 3444 364 11 179 179
tree 4312 376 11 0 179
tree 4312 360 50 0 179
tree 4376 360 50 0 179
tree 4376 376 59 0 179
tree 4424 360 35 0 179
tree 4472 376 19 0 179
tree 4472 360 13 0 179
tree 4888 376 57 0 179
lay 4952 376 61 0 179
tree 4968 360 21 0 179
tree 5016 376 21 0 179
tree 5032 376 19 0 179
tree 5032 360 13 0 179
tree 5064 376 11 0 179
tree 5624 360 58 0 179
tree 5640 360 19 0 179
trop 5812 380 68 179 179
trop 6028 356 65 179 179
fre 6556 380 34 179 179
fre 6676 380 12 179 179
fre 6668 372 12 179 179
tree 6696 376 11 0 179
fre 6692 356 12 179 179
fre 6700 356 12 179 179
lay 7368 376 8 0 179
fre 7460 364 26 179 179
fre 7476 356 26 179 179
fre 7460 380 26 179 179
fre 7492 380 26 179 179
fre 7532 356 20 179 179
fre 7524 356 26 179 179
fre 7564 356 22 179 179
fre 7612 364 26 179 179
fre 7644 364 19 179 179
fre 7668 372 22 179 179
fre 7668 380 27 179 179
lay 7656 376 38 0 179
lay 7832 376 59 0 179
tree 8040 376 43 0 179
tree 120 392 21 0 179
tree 152 392 35 0 179
tree 136 392 59 0 179
tree 136 408 27 0 179
tree 1896 408 2 0 179
fre 1924 388 11 179 179
fre 1948 388 12 179 179
fre 1940 388 12 179 179
fre 1932 404 12 179 179
fre 2044 388 12 179 179
fre 2036 404 12 179 179
fre 2036 396 12 179 179
trop 2100 404 48 179 179
trop 2652 388 68 179 179
zabor 3024 400 64 1 8
trop 3076 412 48 179 179
fre 3324 396 11 179 179
fre 3332 388 11 179 179
tree 3336 392 43 0 179
fre 3420 404 11 179 179
fre 3444 396 11 179 179
fre 3436 388 11 179 179
tree 4376 408 50 0 179
tree 4376 392 21 0 179
tree 4424 392 51 0 179
tree 4472 392 21 0 179
tree 4488 408 4 0 179
tree 4488 392 11 0 179
tree 4888 392 4 0 179
tree 4872 392 57 0 179
tree 4968 392 57 0 179
tree 4968 408 27 0 179
tree 5048 392 11 0 179
tree 5032 392 58 0 179
lay 5032 408 61 0 179
tree 5096 392 19 0 179
fre 5364 412 6 179 179
fre 5412 412 6 179 179
fre 5444 412 6 179 179
fre 5476 388 6 179 179
fre 5548 404 22 179 179
fre 5572 412 26 179 179
fre 5572 396 6 179 179
fre 5636 412 12 179 179
fre 5660 404 12 179 179
fre 5692 404 27 179 179
fre 5692 388 26 179 179
fre 5700 396 20 179 179
fre 5716 412 19 179 179
fre 5724 404 26 179 179
fre 5700 388 19 179 179
fre 5708 412 23 179 179
trop 5812 412 68 179 179
tree 5944 392 21 0 179
trop 6028 412 65 179 179
trop 6060 396 125 179 179
trop 6148 396 113 179 179
trop 6236 396 113 179 179
trop 6332 396 113 179 179
trop 6420 396 113 179 179
trop 6500 396 113 179 179
dom 6656 384 310 0 179
fre 6700 388 12 179 179
fre 6700 412 12 179 179
fre 6700 404 12 179 179
fre 6724 396 29 179 179
fre 7420 388 26 179 179
fre 7428 412 26 179 179
lay 7448 408 42 0 179
fre 7476 404 27 179 179
fre 7468 396 26 179 179
lay 7464 408 40 0 179
fre 7580 396 26 179 179
fre 7588 388 26 179 179
lay 7672 392 44 0 179
tree 8040 408 58 0 179
tree 1880 440 27 0 179
tree 1880 424 11 0 179
tree 1896 424 51 0 179
fre 1924 420 12 179 179
fre 1924 428 12 179 179
fre 2004 444 12 179 179
fre 2036 420 12 179 179
fre 2036 436 12 179 179
zabor 3024 432 65 1 8
trop 3140 444 67 179 179
trop 3332 428 123 179 179
dom 3552 416 86 2 179
zabor 3664 432 66 1 8
zabor 3696 432 64 1 8
zabor 3728 432 64 1 8
zabor 3760 432 65 1 8
zabor 3792 432 66 1 8
zabor 3824 432 66 1 8
zabor 3856 432 66 1 8
zabor 3888 432 65 1 8
tree 4376 424 50 0 179
tree 4424 440 11 0 179
tree 4968 424 44 0 179
tree 4968 440 43 0 179
lay 4984 440 61 0 179
lay 5016 424 61 0 179
lay 5032 440 61 0 179
tree 5080 440 19 0 179
tree 5064 424 27 0 179
tree 5096 440 27 0 179
fre 5124 444 11 179 179
fre 5132 428 15 179 179
lay 5208 424 28 0 179
fre 5324 428 6 179 179
fre 5412 444 6 179 179
fre 5436 444 6 179 179
fre 5564 420 26 179 179
fre 5540 428 23 179 179
fre 5556 444 6 179 179
fre 5564 436 6 179 179
fre 5572 436 26 179 179
fre 5612 428 6 179 179
fre 5700 436 12 179 179
fre 5732 420 26 179 179
fre 5732 428 19 179 179
fre 5740 436 20 179 179
fre 6196 444 11 179 179
fre 6492 444 11 179 179
fre 6476 436 11 179 179
dom 6464 416 299 0 179
trop 6556 420 68 179 179
fre 6644 444 12 179 179
fre 6684 444 12 179 179
fre 6700 428 12 179 179
fre 6732 428 12 179 179
fre 7436 428 28 179 179
fre 7484 428 26 179 179
fre 7476 428 20 179 179
fre 7484 420 26 179 179
fre 7468 428 26 179 179
fre 7516 428 26 179 179
fre 7636 420 26 179 179
fre 7668 428 19 179 179
fre 7652 428 26 179 179
fre 7668 436 26 179 179
tree 8040 424 44 0 179
fre 212 452 1 179 179
fre 196 476 15 179 179
fre 236 460 1 179 179
fre 804 468 1 179 179
tree 1912 472 51 0 179
tree 1896 472 21 0 179
tree 1896 456 27 0 179
fre 1932 452 12 179 179
fre 1940 460 12 179 179
fre 1956 468 12 179 179
fre 1980 468 12 179 179
fre 1972 476 12 179 179
fre 1996 468 12 179 179
fre 1988 468 12 179 179
trop 2100 468 48 179 179
fre 2276 460 11 179 179
fre 2308 468 11 179 179
tree 2344 472 9 0 179
tree 2360 472 20 0 179
tree 2344 456 12 0 179
dom 2432 448 297 0 179
trop 2652 468 68 179 179
zabor 3024 464 65 1 8
stand 3672 472 67 0 179
tree 3672 456 50 0 179
fre 3748 452 12 179 179
fre 3748 460 16 179 179
fre 3796 460 12 179 179
fre 3788 452 12 179 179
zabor 3888 464 65 1 8
tree 4344 456 2 0 179
tree 4360 472 11 0 179
tree 4424 472 2 0 179
tree 4504 472 44 0 179
tree 4952 456 13 0 179
tree 4984 472 11 0 179
lay 5000 456 61 0 179
fre 5076 468 29 179 179
tree 5080 472 44 0 179
tree 5112 472 58 0 179
tree 5096 472 43 0 179
tree 5096 456 44 0 179
tree 5128 472 57 0 179
fre 5140 468 11 179 179
fre 5180 468 11 179 179
lay 5304 456 28 0 179
lay 5336 456 61 0 179
fre 5500 468 6 179 179
fre 5516 468 6 179 179
fre 5572 452 26 179 179
fre 5596 452 12 179 179
fre 5604 468 12 179 179
dom 5632 448 297 0 179
fre 5692 476 12 179 179
fre 5708 460 12 179 179
fre 5700 468 12 179 179
fre 5732 476 26 179 179
trop 5812 476 68 179 179
tree 5944 456 4 0 179
tree 6072 472 50 0 179
dom 6144 448 82 0 179
fre 6212 452 11 179 179
fre 6236 452 11 179 179
fre 6348 476 11 179 179
fre 6508 468 11 179 179
fre 6508 476 11 179 179
fre 6500 452 11 179 179
fre 6668 460 12 179 179
fre 6684 460 12 179 179
fre 6700 460 12 179 179
fre 6708 452 12 179 179
lay 6712 472 60 0 179
fre 7524 452 26 179 179
fre 7660 452 20 179 179
fre 7676 452 26 179 179
fre 7716 468 26 179 179
fre 7724 468 20 179 179
fre 7716 476 26 179 179
fre 7764 476 28 179 179
tree 7992 456 35 0 179
fre 204 492 15 179 179
fre 244 508 1 179 179
fre 236 492 1 179 179
fre 260 492 1 179 179
fre 260 500 1 179 179
fre 276 484 1 179 179
fre 548 500 15 179 179
fre 564 484 15 179 179
fre 804 484 1 179 179
fre 1044 508 1 179 179
tree 1912 504 2 0 179
tree 1912 488 43 0 179
trop 2100 484 48 179 179
dom 2208 480 78 0 179
fre 2244 484 11 179 179
tree 2360 488 17 0 179
tree 2376 488 40 0 179
lay 2456 504 61 0 179
zabor 3024 496 64 1 8
trop 3076 492 48 179 179
lay 3736 504 61 0 179
fre 3772 484 15 179 179
fre 3748 484 16 179 179
trop 3788 508 24 179 179
fre 3796 492 16 179 179
fre 3780 492 16 179 179
fre 3828 508 12 179 179
fre 3812 500 12 179 179
fre 3836 508 12 179 179
fre 3836 500 12 179 179
fre 3812 484 12 179 179
fre 3820 508 16 179 179
fre 3836 492 16 179 179
zabor 3888 496 65 1 8
tree 4424 504 21 0 179
tree 5000 488 50 0 179
tree 5032 504 2 0 179
tree 5048 504 13 0 179
lay 5032 488 61 0 179
tree 5080 504 2 0 179
tree 5144 504 35 0 179
tree 5144 488 44 0 179
fre 5148 508 15 179 179
tree 5160 504 59 0 179
fre 5172 500 11 179 179
fre 5180 484 11 179 179
lay 5240 504 61 0 179
fre 5372 484 6 179 179
fre 5420 500 6 179 179
tree 5560 504 9 0 179
fre 5596 500 12 179 179
fre 5604 484 12 179 179
fre 5700 484 12 179 179
fre 5700 508 12 179 179
tree 5944 504 4 0 179
trop 6028 508 65 179 179
fre 6068 484 30 179 179
fre 6220 484 11 179 179
fre 6268 508 11 179 179
fre 6284 484 11 179 179
stand 6280 504 166 0 179
dom 6336 480 86 0 179
lay 6344 504 61 0 179
fre 6372 508 11 179 179
tree 6456 504 58 0 179
trop 6540 500 69 179 179
fre 7628 508 26 179 179
fre 7668 500 19 179 179
fre 7652 508 26 179 179
fre 7668 508 26 179 179
fre 7684 508 20 179 179
fre 7724 500 28 179 179
fre 7756 508 26 179 179
fre 7764 508 26 179 179
fre 7932 508 28 179 179
tree 248 520 40 0 179
tree 344 520 37 0 179
tree 440 520 42 0 179
fre 476 516 15 179 179
fre 468 532 15 179 179
fre 468 524 15 179 179
fre 492 540 15 179 179
tree 616 536 21 0 179
tree 792 536 58 0 179
tree 776 536 21 0 179
fre 804 516 1 179 179
fre 820 540 1 179 179
stand 872 536 213 0 179
lay 936 536 6 0 179
fre 1020 532 1 179 179
stand 1016 536 212 0 179
fre 1108 516 1 179 179
tree 1944 536 13 0 179
tree 1944 520 59 0 179
tree 1928 520 57 0 179
tree 1960 536 2 0 179
fre 1988 540 12 179 179
fre 2012 516 12 179 179
fre 2036 540 12 179 179
fre 2236 540 11 179 179
fre 2252 516 11 179 179
lay 2328 520 61 0 179
dom 2336 512 299 0 179
lay 2360 520 61 0 179
fre 2380 516 29 179 179
lay 2424 520 61 0 179
lay 2488 520 61 0 179
lay 2536 536 61 0 179
trop 2652 532 68 179 179
zabor 3024 528 65 1 8
trop 3140 524 67 179 179
trop 3228 532 114 179 179
trop 3204 532 114 179 179
trop 3308 516 69 179 179
trop 3548 516 17 179 179
fre 3580 532 18 179 179
fre 3588 540 18 179 179
fre 3644 540 18 179 179
fre 3628 540 18 179 179
stand 3640 520 130 0 179
stand 3672 536 67 0 179
tree 3672 520 43 0 179
fre 3748 524 15 179 179
lay 3784 536 61 0 179
fre 3812 524 15 179 179
fre 3828 532 12 179 179
fre 3868 524 12 179 179
fre 3868 540 16 179 179
fre 3860 524 16 179 179
zabor 3888 528 66 1 8
tree 4824 536 21 0 179
tree 4824 520 21 0 179
tree 4904 520 11 0 179
tree 4904 536 58 0 179
tree 4936 520 58 0 179
tree 4936 536 35 0 179
lay 4936 520 61 0 179
tree 4984 520 18 0 179
tree 5000 520 40 0 179
tree 5064 520 50 0 179
fre 5108 540 11 179 179
tree 5176 520 50 0 179
fre 5156 540 11 179 179
tree 5192 520 2 0 179
fre 5628 532 12 179 179
fre 5612 516 12 179 179
fre 5644 540 6 179 179
fre 5652 532 12 179 179
fre 5692 516 12 179 179
fre 5684 532 12 179 179
fre 5724 524 26 179 179
fre 5740 540 19 179 179
fre 5756 532 26 179 179
fre 6116 524 11 179 179
fre 6132 524 11 179 179
fre 6124 540 11 179 179
fre 6156 524 11 179 179
fre 6164 532 11 179 179
fre 6180 524 11 179 179
lay 6200 536 61 0 179
fre 6212 524 11 179 179
fre 6220 532 11 179 179
fre 6212 532 11 179 179
fre 6228 532 11 179 179
fre 6220 524 11 179 179
tree 6264 536 44 0 179
fre 6268 532 11 179 179
fre 6268 524 11 179 179
fre 6252 524 11 179 179
fre 6244 532 11 179 179
fre 6260 532 11 179 179
lay 6264 536 61 0 179
tree 6296 536 35 0 179
fre 6300 516 11 179 179
fre 6284 540 11 179 179
fre 6316 524 11 179 179
fre 6324 540 11 179 179
fre 6308 532 11 179 179
fre 6316 540 11 179 179
lay 6328 520 61 0 179
fre 6348 524 11 179 179
fre 6364 532 11 179 179
trop 6468 540 70 179 179
lay 7576 536 59 0 179
fre 7676 532 17 179 179
fre 7660 540 8 179 179
fre 7652 540 8 179 179
fre 7668 540 8 179 179
lay 7672 536 33 0 179
fre 7692 524 26 179 179
fre 7700 532 26 179 179
fre 7724 540 26 179 179
fre 7804 532 26 179 179
fre 7836 524 26 179 179
fre 7900 540 26 179 179
fre 7876 524 26 179 179
fre 7940 532 28 179 179
fre 7964 532 26 179 179
fre 7948 540 26 179 179
fre 476 548 15 179 179
fre 668 556 1 179 179
stand 872 568 160 0 179
stand 920 568 162 0 179
tree 952 552 51 0 179
stand 1112 568 211 0 179
tree 1960 552 35 0 179
tree 1960 568 18 0 179
fre 1988 556 12 179 179
fre 1988 564 12 179 179
fre 1996 548 12 179 179
fre 2044 556 12 179 179
trop 2100 548 48 179 179
trop 2100 564 48 179 179
fre 2204 548 11 179 179
fre 2212 564 11 179 179
lay 2248 552 61 0 179
lay 2248 568 61 0 179
lay 2296 568 61 0 179
fre 2276 548 11 179 179
fre 2276 572 11 179 179
lay 2328 552 61 0 179
zabor 3024 560 65 1 8
trop 3076 572 48 179 179
tree 3352 568 43 0 179
tree 3416 568 51 0 179
fre 3444 572 18 179 179
fre 3460 572 18 179 179
fre 3468 572 18 179 179
fre 3476 564 18 179 179
fre 3476 556 18 179 179
fre 3484 548 18 179 179
fre 3500 548 18 179 179
fre 3508 548 18 179 179
fre 3516 548 18 179 179
fre 3580 548 18 179 179
fre 3572 548 18 179 179
fre 3612 548 18 179 179
fre 3644 572 18 179 179
fre 3636 556 18 179 179
fre 3620 548 18 179 179
fre 3692 564 15 179 179
fre 3724 556 15 179 179
fre 3764 556 18 179 179
fre 3772 572 18 179 179
trop 3780 572 36 179 179
lay 3848 552 61 0 179
zabor 3888 560 65 1 8
tree 4824 552 27 0 179
tree 4840 568 43 0 179
tree 4888 552 4 0 179
tree 4888 568 13 0 179
lay 5080 552 61 0 179
fre 5116 564 11 179 179
fre 5116 556 15 179 179
fre 5124 564 11 179 179
trop 5124 556 127 179 179
tree 5208 552 19 0 179
lay 5432 568 61 0 179
lay 5464 568 63 0 179
fre 5524 564 6 179 179
trop 5548 556 127 179 179
fre 5644 548 6 179 179
fre 5708 564 27 179 179
fre 5724 564 26 179 179
fre 5700 564 23 179 179
fre 5724 572 26 179 179
fre 5740 572 27 179 179
fre 5740 548 26 179 179
fre 5748 548 23 179 179
trop 5812 556 68 179 179
tree 5944 568 57 0 179
fre 6468 556 35 179 179
fre 7644 548 26 179 179
fre 7676 556 26 179 179
fre 7700 572 26 179 179
fre 7684 548 8 179 179
fre 7700 564 8 179 179
lay 7704 552 32 0 179
fre 7716 556 8 179 179
lay 7784 568 59 0 179
fre 7844 564 26 179 179
fre 7852 572 20 179 179
fre 7860 572 26 179 179
fre 7988 548 28 179 179
trop 108 596 52 179 179
trop 188 596 52 179 179
trop 220 596 52 179 179
trop 300 596 52 179 179
trop 380 596 52 179 179
trop 452 596 52 179 179
trop 532 596 52 179 179
trop 604 596 52 179 179
trop 676 596 52 179 179
trop 756 596 52 179 179
trop 828 596 52 179 179
trop 908 596 52 179 179
trop 988 596 55 179 179
stand 1032 600 38 0 179
lay 1112 584 5 0 179
fre 1908 588 28 179 179
tree 1944 600 28 0 179
tree 1944 584 52 0 179
fre 1924 596 27 179 179
fre 1948 604 23 179 179
fre 1924 604 5 179 179
fre 1932 588 1 179 179
fre 2036 596 12 179 179
fre 2028 596 12 179 179
fre 2052 588 12 179 179
fre 2212 604 11 179 179
fre 2260 604 11 179 179
fre 2252 588 11 179 179
fre 2268 588 11 179 179
lay 2296 600 61 0 179
lay 2552 600 61 0 179
dom 2560 576 298 0 179
zabor 3024 592 64 1 8
tree 3320 584 51 0 179
lay 3416 600 63 0 179
trop 3548 604 17 179 179
fre 3676 596 18 179 179
fre 3668 588 18 179 179
fre 3652 580 18 179 179
fre 3708 596 18 179 179
fre 3740 596 18 179 179
fre 3724 604 18 179 179
fre 3716 604 18 179 179
fre 3764 580 18 179 179
fre 3756 580 18 179 179
fre 3748 596 18 179 179
fre 3820 596 15 179 179
fre 3820 604 18 179 179
fre 3868 604 18 179 179
fre 3852 596 18 179 179
fre 3844 596 18 179 179
zabor 3888 592 64 1 8
tree 4888 584 59 0 179
tree 4888 600 50 0 179
lay 4936 584 61 0 179
tree 4968 600 36 0 179
tree 5048 600 51 0 179
tree 5128 600 50 0 179
tree 5160 600 25 0 179
tree 5176 600 29 0 179
lay 5304 600 28 0 179
fre 5468 588 6 179 179
fre 5660 580 6 179 179
fre 5700 588 6 179 179
fre 5740 596 26 179 179
fre 5748 580 26 179 179
fre 5740 580 26 179 179
trop 6028 604 65 179 179
zabor 6096 592 29 0 8
fre 7860 596 26 179 179
fre 676 620 1 179 179
fre 868 628 1 179 179
fre 1092 628 1 179 179
tree 1176 632 52 0 179
fre 1916 620 27 179 179
tree 1944 632 5 0 179
fre 1940 612 19 179 179
fre 1940 620 26 179 179
fre 1948 636 27 179 179
fre 1924 612 23 179 179
fre 1924 628 23 179 179
fre 1940 628 26 179 179
tree 1976 632 49 0 179
fre 1956 620 22 179 179
fre 1972 628 1 179 179
trop 2100 628 48 179 179
fre 2204 636 11 179 179
fre 2228 620 11 179 179
lay 2264 632 61 0 179
trop 2652 612 68 179 179
zabor 3024 624 65 1 8
trop 3140 612 67 179 179
fre 3260 612 11 179 179
fre 3252 620 11 179 179
tree 3272 616 51 0 179
tree 3288 632 11 0 179
fre 3292 636 11 179 179
fre 3276 620 11 179 179
tree 3320 616 57 0 179
tree 3304 616 13 0 179
lay 3576 632 61 0 179
trop 3612 628 35 179 179
trop 3708 628 25 179 179
fre 3716 636 26 179 179
fre 3732 636 26 179 179
fre 3748 636 26 179 179
fre 3772 636 26 179 179
trop 3764 628 25 179 179
fre 3788 636 26 179 179
fre 3804 636 26 179 179
fre 3828 620 8 179 179
fre 3860 612 15 179 179
fre 3860 620 15 179 179
fre 3852 620 15 179 179
fre 3844 620 15 179 179
fre 3868 636 18 179 179
zabor 3888 624 66 1 8
zabor 3920 624 65 1 8
tree 4872 616 57 0 179
tree 4872 632 2 0 179
tree 4984 632 52 0 179
tree 4984 616 29 0 179
lay 5000 616 61 0 179
fre 5116 612 11 179 179
fre 5156 636 11 179 179
fre 5156 612 11 179 179
fre 5172 636 11 179 179
tree 5208 616 4 0 179
lay 5240 616 61 0 179
dom 5600 608 299 0 179
fre 5628 612 26 179 179
fre 5604 636 26 179 179
fre 5636 612 26 179 179
fre 5724 628 26 179 179
fre 5724 612 26 179 179
fre 5740 620 6 179 179
trop 5812 636 68 179 179
tree 5944 632 59 0 179
trop 6444 628 122 179 179
fre 7700 620 8 179 179
fre 7812 628 8 179 179
lay 8008 616 59 0 179
fre 276 644 1 179 179
fre 524 668 1 179 179
fre 692 652 1 179 179
fre 1092 652 1 179 179
fre 1900 652 28 179 179
fre 1916 652 1 179 179
fre 1924 668 20 179 179
fre 1940 652 14 179 179
fre 1932 652 28 179 179
fre 1948 668 26 179 179
fre 1940 644 20 179 179
fre 1948 644 28 179 179
fre 1924 644 27 179 179
fre 1964 644 28 179 179
fre 1980 644 5 179 179
fre 1956 668 28 179 179
fre 1964 668 28 179 179
fre 1956 652 27 179 179
fre 1972 668 26 179 179
fre 1964 652 26 179 179
tree 1992 664 26 0 179
fre 1988 660 23 179 179
fre 1996 668 26 179 179
dom 2304 640 82 0 179
lay 2312 664 61 0 179
tree 2600 664 58 0 179
tree 2616 664 58 0 179
zabor 3024 656 66 1 8
trop 3076 652 48 179 179
tree 3320 648 27 0 179
fre 3324 652 11 179 179
fre 3300 644 11 179 179
fre 3332 668 11 179 179
lay 3576 648 61 0 179
fre 3820 652 26 179 179
fre 3828 668 26 179 179
fre 3868 644 18 179 179
fre 3852 652 8 179 179
fre 3860 660 8 179 179
fre 3876 668 18 179 179
zabor 3920 656 64 1 8
lay 4952 664 61 0 179
tree 5000 648 5 0 179
tree 5048 664 21 0 179
tree 5064 664 57 0 179
tree 5112 664 29 0 179
fre 5116 644 11 179 179
fre 5116 660 15 179 179
tree 5176 664 19 0 179
fre 5172 652 11 179 179
lay 5368 648 28 0 179
fre 5508 668 6 179 179
fre 5612 660 26 179 179
fre 5628 644 6 179 179
lay 5608 664 63 0 179
zabor 6096 656 31 0 8
fre 7796 644 8 179 179
fre 7788 668 12 179 179
fre 260 692 13 179 179
fre 260 700 14 179 179
fre 284 700 14 179 179
fre 300 676 13 179 179
fre 332 676 16 179 179
fre 380 692 15 179 179
fre 460 692 11 179 179
fre 452 684 16 179 179
fre 500 700 1 179 179
fre 524 700 15 179 179
fre 556 700 1 179 179
tree 984 680 42 0 179
tree 1000 680 29 0 179
fre 1116 692 1 179 179
fre 1908 684 28 179 179
fre 1908 692 19 179 179
lay 1944 696 63 0 179
fre 1948 676 28 179 179
fre 1924 692 28 179 179
fre 1932 700 1 179 179
fre 1948 700 23 179 179
fre 1924 700 5 179 179
fre 1932 684 1 179 179
fre 1980 684 12 179 179
fre 1964 676 15 179 179
fre 1964 700 28 179 179
fre 1964 684 23 179 179
fre 1980 676 28 179 179
fre 1980 692 26 179 179
fre 1996 692 27 179 179
fre 1996 700 19 179 179
fre 2212 676 11 179 179
tree 2392 696 28 0 179
lay 2536 680 61 0 179
tree 2616 696 19 0 179
fre 2596 684 11 179 179
trop 2652 692 68 179 179
zabor 3024 688 65 1 8
trop 3140 700 67 179 179
cliff 3328 688 61 179 179
fre 3356 700 11 179 179
fre 3348 684 11 179 179
fre 3340 676 11 179 179
stand 3384 696 28 0 179
stand 3560 680 149 0 179
stand 3608 696 165 0 179
lay 3608 696 61 0 179
lay 3800 680 63 0 179
fre 3828 684 26 179 179
fre 3828 700 26 179 179
trop 3820 700 22 179 179
fre 3884 700 18 179 179
fre 3884 684 18 179 179
fre 3876 684 8 179 179
zabor 3920 688 64 1 8
zabor 3952 688 65 1 8
tree 4984 696 26 0 179
lay 5000 680 61 0 179
tree 5048 680 35 0 179
tree 5032 696 2 0 179
tree 5080 680 2 0 179
tree 5096 680 35 0 179
fre 5108 692 11 179 179
tree 5176 680 37 0 179
fre 5180 676 11 179 179
tree 5944 680 57 0 179
trop 6028 692 65 179 179
tree 6520 680 58 0 179
tree 6504 680 59 0 179
tree 6584 680 2 0 179
fre 7732 676 8 179 179
fre 7908 676 8 179 179
fre 212 732 16 179 179
fre 236 708 13 179 179
fre 252 708 14 179 179
fre 236 724 14 179 179
fre 276 716 14 179 179
fre 292 724 13 179 179
fre 372 732 16 179 179
fre 396 708 13 179 179
fre 452 724 1 179 179
fre 732 732 1 179 179
fre 716 732 1 179 179
tree 760 728 9 0 179
fre 1028 732 1 179 179
fre 1916 716 27 179 179
fre 1940 732 28 179 179
fre 1940 716 26 179 179
fre 1948 732 27 179 179
fre 1924 708 23 179 179
fre 1924 724 23 179 179
fre 1940 724 26 179 179
lay 1976 728 63 0 179
lay 1976 712 61 0 179
fre 1956 732 19 179 179
fre 1972 724 5 179 179
fre 1956 708 19 179 179
fre 1980 708 22 179 179
fre 1956 716 22 179 179
lay 1992 728 61 0 179
fre 1988 732 14 179 179
fre 2004 732 14 179 179
fre 2012 724 27 179 179
fre 2004 724 23 179 179
fre 1988 724 27 179 179
fre 1996 716 26 179 179
fre 2028 716 1 179 179
trop 2100 708 48 179 179
stand 2216 712 176 0 179
lay 2280 712 61 0 179
fre 2404 716 32 179 179
fre 2604 708 11 179 179
zabor 3024 720 64 1 8
trop 3076 732 48 179 179
fre 3356 716 11 179 179
fre 3364 708 11 179 179
fre 3540 724 26 179 179
fre 3572 724 26 179 179
fre 3556 724 26 179 179
trop 3580 716 15 179 179
fre 3604 724 26 179 179
fre 3588 724 26 179 179
fre 3636 732 26 179 179
fre 3620 724 26 179 179
fre 3828 716 26 179 179
fre 3828 732 26 179 179
tree 3816 712 49 0 179
fre 3868 708 8 179 179
fre 3868 732 8 179 179
fre 3884 724 18 179 179
fre 3892 708 18 179 179
zabor 3952 720 66 1 8
lay 4952 712 61 0 179
tree 4984 728 17 0 179
tree 4984 712 5 0 179
fre 4980 724 15 179 179
tree 5096 712 12 0 179
fre 5140 724 11 179 179
fre 5124 716 11 179 179
tree 5176 728 51 0 179
tree 5176 712 57 0 179
lay 5480 712 63 0 179
fre 5596 716 6 179 179
fre 5580 708 11 179 179
fre 5604 724 11 179 179
dom 5632 704 298 0 179
trop 5812 716 68 179 179
tree 5944 728 51 0 179
zabor 6096 720 26 0 8
tree 6520 728 51 0 179
tree 6520 712 51 0 179
tree 6840 728 11 0 179
lay 7576 728 61 0 179
fre 7876 724 12 179 179
fre 7908 724 8 179 179
fre 172 748 27 179 179
fre 268 756 1 179 179
fre 260 740 16 179 179
fre 348 756 1 179 179
fre 348 764 1 179 179
fre 332 756 16 179 179
fre 412 756 1 179 179
fre 436 764 1 179 179
fre 460 756 1 179 179
fre 524 764 13 179 179
fre 1900 748 28 179 179
fre 1916 748 1 179 179
fre 1924 764 20 179 179
fre 1940 748 14 179 179
fre 1932 748 28 179 179
fre 1948 764 26 179 179
fre 1940 740 20 179 179
fre 1948 740 28 179 179
fre 1924 740 27 179 179
lay 1976 744 63 0 179
fre 1956 748 20 179 179
fre 1980 756 1 179 179
fre 1964 740 28 179 179
fre 1980 740 5 179 179
fre 1956 764 28 179 179
fre 1964 764 28 179 179
fre 1972 764 26 179 179
fre 1964 748 26 179 179
fre 2012 748 20 179 179
fre 1988 756 23 179 179
fre 2028 740 20 179 179
fre 2036 756 19 179 179
fre 2028 764 22 179 179
fre 2020 748 26 179 179
fre 2068 756 27 179 179
fre 2068 764 1 179 179
lay 2280 760 61 0 179
lay 2536 744 61 0 179
fre 2556 764 11 179 179
trop 2652 756 68 179 179
zabor 3024 752 66 1 8
trop 3180 748 114 179 179
trop 3228 748 114 179 179
cliff 3360 736 48 179 179
fre 3364 756 11 179 179
fre 3364 740 11 179 179
fre 3612 748 18 179 179
fre 3604 740 18 179 179
fre 3596 748 18 179 179
fre 3596 756 18 179 179
fre 3596 764 18 179 179
stand 3608 760 139 0 179
fre 3620 748 18 179 179
fre 3628 764 18 179 179
dom 3712 736 192 0 179
fre 3828 748 26 179 179
fre 3828 764 26 179 179
fre 3884 740 18 179 179
stand 3912 760 165 0 179
fre 3916 764 8 179 179
zabor 3952 752 64 1 8
tree 4952 744 50 0 179
tree 4984 760 19 0 179
fre 5028 764 15 179 179
tree 5096 744 43 0 179
tree 5096 760 25 0 179
tree 5176 744 58 0 179
lay 5224 760 63 0 179
lay 5320 760 28 0 179
fre 5588 764 15 179 179
fre 5604 740 6 179 179
fre 5652 764 11 179 179
fre 5692 748 6 179 179
fre 5716 740 6 179 179
fre 5740 764 15 179 179
fre 5740 748 15 179 179
fre 5748 748 15 179 179
tree 6520 760 57 0 179
tree 6600 744 21 0 179
tree 6648 760 21 0 179
tree 6664 760 19 0 179
tree 6664 744 13 0 179
tree 6840 744 2 0 179
lay 7656 760 59 0 179
fre 220 772 26 179 179
fre 196 772 28 179 179
fre 228 780 26 179 179
fre 268 772 1 179 179
fre 324 796 28 179 179
fre 364 772 11 179 179
lay 504 792 61 0 179
fre 532 772 16 179 179
fre 580 772 15 179 179
fre 756 788 1 179 179
fre 1916 796 23 179 179
fre 1948 772 28 179 179
fre 1924 788 28 179 179
fre 1932 796 1 179 179
fre 1924 796 14 179 179
fre 1940 796 14 179 179
fre 1948 788 27 179 179
fre 1940 788 23 179 179
fre 1972 772 1 179 179
fre 1964 772 15 179 179
fre 1964 780 23 179 179
fre 1980 772 28 179 179
fre 1980 788 26 179 179
fre 1972 780 26 179 179
fre 1980 796 27 179 179
fre 1956 788 23 179 179
fre 1988 788 20 179 179
fre 1996 796 22 179 179
fre 2004 788 28 179 179
fre 1996 780 26 179 179
fre 2012 772 14 179 179
fre 1996 788 27 179 179
fre 2012 796 27 179 179
fre 2028 780 28 179 179
fre 2044 788 20 179 179
fre 2044 780 19 179 179
fre 2036 788 19 179 179
fre 2028 772 1 179 179
fre 2060 796 13 179 179
fre 2052 796 19 179 179
trop 2100 788 48 179 179
fre 2548 788 11 179 179
fre 2604 772 11 179 179
zabor 3024 784 64 1 8
trop 3140 788 67 179 179
trop 3196 780 71 179 179
trop 3172 788 71 179 179
trop 3228 788 71 179 179
trop 3220 772 71 179 179
trop 3260 772 71 179 179
trop 3292 796 71 179 179
trop 3308 772 117 179 179
cliff 3360 768 53 179 179
fre 3372 796 11 179 179
fre 3364 780 11 179 179
fre 3604 772 18 179 179
fre 3612 772 18 179 179
fre 3596 772 18 179 179
fre 3620 772 18 179 179
trop 3644 788 22 179 179
fre 3668 796 26 179 179
fre 3668 780 26 179 179
lay 3736 776 61 0 179
fre 3828 788 26 179 179
trop 3852 780 15 179 179
trop 3908 780 25 179 179
stand 3912 792 165 0 179
tree 4888 776 57 0 179
fre 4932 788 15 179 179
tree 4984 776 44 0 179
tree 4984 792 57 0 179
tree 4968 776 11 0 179
lay 4984 776 61 0 179
fre 4988 788 15 179 179
tree 5016 792 21 0 179
tree 5000 792 35 0 179
tree 5112 792 21 0 179
tree 5112 776 27 0 179
tree 5096 776 12 0 179
tree 5176 792 4 0 179
tree 5176 776 58 0 179
lay 5240 792 61 0 179
lay 5544 792 63 0 179
fre 5580 772 11 179 179
fre 5588 796 15 179 179
fre 5572 788 15 179 179
tree 5608 792 36 0 179
fre 5620 780 15 179 179
fre 5644 796 6 179 179
fre 5644 780 15 179 179
fre 5676 780 11 179 179
fre 5676 788 15 179 179
fre 5684 780 15 179 179
fre 5684 772 15 179 179
fre 5708 788 15 179 179
fre 5724 780 15 179 179
fre 5724 772 15 179 179
fre 5740 796 11 179 179
fre 5748 780 15 179 179
fre 5732 780 15 179 179
trop 5812 796 68 179 179
tree 5944 792 44 0 179
trop 6028 772 65 179 179
zabor 6096 784 27 0 8
tree 6520 776 4 0 179
tree 6504 776 57 0 179
tree 6600 776 57 0 179
tree 6600 792 27 0 179
tree 6680 776 11 0 179
tree 6664 776 58 0 179
tree 6824 792 35 0 179
tree 6936 792 21 0 179
fre 308 812 26 179 179
fre 292 804 27 179 179
fre 300 804 19 179 179
fre 348 820 23 179 179
fre 372 828 19 179 179
fre 380 820 18 179 179
fre 388 812 26 179 179
fre 388 828 20 179 179
fre 404 828 18 179 179
fre 444 812 26 179 179
fre 716 828 1 179 179
fre 764 812 1 179 179
fre 1844 812 28 179 179
fre 1844 820 19 179 179
fre 1860 820 27 179 179
fre 1884 828 23 179 179
fre 1860 828 5 179 179
fre 1868 812 1 179 179
fre 1884 812 27 179 179
fre 1892 820 28 179 179
fre 1892 804 27 179 179
fre 1908 812 26 179 179
fre 1916 828 27 179 179
fre 1908 820 26 179 179
fre 1892 812 20 179 179
fre 1916 820 1 179 179
fre 1892 828 14 179 179
fre 1908 828 14 179 179
tree 1912 808 49 0 179
fre 1940 828 28 179 179
fre 1924 812 22 179 179
fre 1940 820 1 179 179
fre 1940 804 27 179 179
fre 1948 812 20 179 179
fre 1932 804 28 179 179
fre 1932 812 28 179 179
fre 1940 812 26 179 179
fre 1924 820 23 179 179
fre 1956 828 19 179 179
fre 1956 804 19 179 179
fre 1980 804 22 179 179
fre 1964 828 22 179 179
fre 1956 812 26 179 179
fre 1964 812 28 179 179
fre 1980 828 26 179 179
fre 1972 804 20 179 179
lay 1992 824 61 0 179
fre 2004 804 23 179 179
fre 2012 812 5 179 179
fre 1988 828 14 179 179
fre 2012 820 27 179 179
fre 2004 820 23 179 179
fre 1988 820 27 179 179
fre 1996 812 26 179 179
fre 2036 804 27 179 179
fre 2028 812 1 179 179
dom 2272 800 310 0 179
lay 2376 808 61 0 179
lay 2424 824 61 0 179
lay 2472 824 61 0 179
lay 2504 808 61 0 179
fre 2548 812 11 179 179
fre 2588 804 32 179 179
tree 2584 824 5 0 179
tree 2584 808 52 0 179
zabor 3024 816 66 1 8
trop 3076 812 48 179 179
trop 3156 804 71 179 179
trop 3188 828 71 179 179
trop 3212 828 71 179 179
trop 3260 828 71 179 179
trop 3236 804 71 179 179
trop 3284 812 71 179 179
trop 3292 828 71 179 179
fre 3356 804 11 179 179
cliff 3360 800 46 179 179
fre 3364 828 11 179 179
fre 3364 804 11 179 179
fre 3668 828 26 179 179
fre 3668 812 26 179 179
fre 3732 828 18 179 179
fre 3780 828 18 179 179
fre 3828 804 26 179 179
fre 3828 820 26 179 179
zabor 3952 816 66 1 8
fre 4284 804 12 179 179
fre 4284 828 12 179 179
fre 4276 812 12 179 179
fre 4300 804 12 179 179
fre 4308 812 12 179 179
fre 4324 820 12 179 179
fre 4348 820 12 179 179
fre 4340 828 12 179 179
fre 4364 820 12 179 179
fre 4356 820 12 179 179
tree 4840 824 35 0 179
tree 4888 824 19 0 179
tree 4904 824 27 0 179
tree 4936 824 51 0 179
tree 4984 808 50 0 179
tree 5016 808 35 0 179
tree 5000 808 2 0 179
lay 5016 808 61 0 179
tree 5048 824 17 0 179
tree 5096 808 19 0 179
lay 5464 808 61 0 179
fre 5588 820 11 179 179
fre 5612 828 15 179 179
fre 5620 804 30 179 179
lay 5656 824 65 0 179
fre 5676 804 11 179 179
fre 5708 820 32 179 179
trop 5812 828 68 179 179
tree 6600 808 44 0 179
tree 6600 824 43 0 179
tree 6712 824 19 0 179
fre 6756 828 11 179 179
fre 6764 812 15 179 179
fre 6956 828 12 179 179
dom 128 832 255 3 179
fre 188 844 12 179 179
fre 188 860 16 179 179
fre 180 844 16 179 179
fre 220 844 12 179 179
fre 196 860 16 179 179
fre 252 860 12 179 179
fre 316 844 12 179 179
fre 380 836 28 179 179
fre 404 860 26 179 179
fre 412 836 26 179 179
fre 404 844 23 179 179
fre 412 844 22 179 179
fre 420 852 27 179 179
fre 436 852 13 179 179
fre 596 844 11 179 179
fre 596 860 16 179 179
fre 1820 852 27 179 179
fre 1836 844 28 179 179
fre 1828 836 28 179 179
fre 1852 844 27 179 179
fre 1852 860 23 179 179
fre 1876 844 26 179 179
fre 1884 860 27 179 179
fre 1860 836 23 179 179
fre 1860 852 23 179 179
fre 1876 852 26 179 179
fre 1860 844 22 179 179
fre 1868 844 28 179 179
fre 1884 844 1 179 179
fre 1884 852 1 179 179
fre 1860 860 14 179 179
fre 1876 860 14 179 179
fre 1892 844 22 179 179
fre 1908 852 1 179 179
fre 1908 836 20 179 179
fre 1916 836 28 179 179
fre 1892 836 27 179 179
fre 1900 860 22 179 179
fre 1916 844 20 179 179
fre 1916 852 27 179 179
fre 1916 860 27 179 179
fre 1892 852 23 179 179
tree 1912 840 49 0 179
tree 1896 856 49 0 179
fre 1932 836 28 179 179
fre 1948 836 5 179 179
fre 1924 844 27 179 179
fre 1932 844 26 179 179
fre 1924 852 20 179 179
fre 1940 844 14 179 179
fre 1948 860 26 179 179
fre 1940 836 20 179 179
fre 1948 844 1 179 179
tree 1928 840 49 0 179
fre 1956 844 20 179 179
fre 1980 852 1 179 179
fre 1964 836 28 179 179
fre 1964 844 26 179 179
fre 1972 836 20 179 179
fre 1956 836 27 179 179
fre 1956 852 23 179 179
fre 1996 836 28 179 179
fre 2020 852 19 179 179
fre 2028 836 20 179 179
fre 2036 852 19 179 179
fre 2020 844 26 179 179
fre 2068 852 27 179 179
fre 2068 860 1 179 179
lay 2296 856 61 0 179
lay 2424 840 61 0 179
lay 2440 856 61 0 179
fre 2524 844 11 179 179
fre 2516 860 11 179 179
tree 2552 856 9 0 179
tree 2552 840 9 0 179
tree 2600 856 17 0 179
trop 2652 836 68 179 179
zabor 3024 848 64 1 8
trop 3164 836 71 179 179
trop 3140 860 67 179 179
trop 3188 860 71 179 179
trop 3196 860 71 179 179
trop 3228 844 71 179 179
trop 3292 860 71 179 179
trop 3284 860 71 179 179
trop 3332 852 66 179 179
fre 3356 860 11 179 179
fre 3356 852 11 179 179
fre 3348 836 11 179 179
cliff 3360 832 20 179 179
cliff 3376 848 25 179 179
fre 3388 836 11 179 179
fre 3372 836 11 179 179
fre 3396 852 11 179 179
dom 3552 832 178 0 179
fre 3668 852 26 179 179
fre 3748 836 18 179 179
fre 3764 844 18 179 179
fre 3764 836 18 179 179
fre 3772 836 18 179 179
fre 3804 844 18 179 179
fre 3780 836 18 179 179
fre 3788 836 18 179 179
fre 3796 836 18 179 179
fre 3828 836 26 179 179
fre 3828 852 26 179 179
trop 3836 836 17 179 179
zabor 3952 848 64 1 8
fre 4284 836 12 179 179
fre 4276 852 12 179 179
fre 4276 844 12 179 179
fre 4356 852 11 179 179
fre 4372 852 11 179 179
fre 4380 852 12 179 179
fre 4380 836 12 179 179
fre 4388 844 12 179 179
fre 4540 836 12 179 179
fre 4540 860 12 179 179
fre 4532 844 12 179 179
fre 4556 836 12 179 179
fre 4564 844 12 179 179
fre 4580 852 12 179 179
fre 4604 852 12 179 179
fre 4596 860 12 179 179
fre 4620 852 12 179 179
fre 4612 852 12 179 179
tree 4888 840 19 0 179
tree 4888 856 11 0 179
tree 4920 840 35 0 179
tree 4936 840 11 0 179
tree 4952 856 3 0 179
tree 5048 840 17 0 179
fre 5052 836 15 179 179
tree 5144 840 50 0 179
lay 5288 856 28 0 179
fre 5700 844 11 179 179
fre 5740 860 11 179 179
fre 5748 844 11 179 179
tree 5944 856 11 0 179
trop 6028 860 65 179 179
zabor 6096 848 25 0 8
tree 6584 840 13 0 179
tree 6616 856 11 0 179
tree 6744 856 58 0 179
tree 6728 856 43 0 179
tree 6728 840 44 0 179
tree 6760 856 57 0 179
fre 6772 852 11 179 179
fre 6812 852 11 179 179
dom 160 864 255 3 179
fre 204 892 15 179 179
fre 212 884 16 179 179
fre 236 884 14 179 179
fre 276 884 8 179 179
fre 260 892 16 179 179
fre 292 884 12 179 179
tree 312 888 5 0 179
tree 296 888 5 0 179
fre 332 876 12 179 179
tree 328 888 60 0 179
fre 348 892 6 179 179
fre 476 868 26 179 179
fre 468 868 26 179 179
fre 452 868 28 179 179
fre 532 884 26 179 179
fre 556 892 26 179 179
fre 1820 876 27 179 179
fre 1836 876 28 179 179
fre 1852 876 1 179 179
fre 1844 876 26 179 179
fre 1852 892 27 179 179
fre 1828 884 23 179 179
fre 1828 876 20 179 179
fre 1852 884 1 179 179
tree 1848 888 49 0 179
fre 1860 892 20 179 179
fre 1876 876 14 179 179
fre 1868 876 28 179 179
fre 1884 892 26 179 179
fre 1876 868 20 179 179
fre 1884 868 28 179 179
fre 1860 868 27 179 179
fre 1884 876 20 179 179
fre 1868 868 28 179 179
fre 1884 884 27 179 179
fre 1900 868 28 179 179
fre 1916 868 5 179 179
fre 1892 892 28 179 179
fre 1900 892 28 179 179
fre 1892 876 27 179 179
fre 1908 892 26 179 179
fre 1900 876 26 179 179
fre 1916 884 27 179 179
fre 1908 884 23 179 179
fre 1892 884 20 179 179
fre 1908 876 14 179 179
fre 1908 868 20 179 179
fre 1916 876 27 179 179
fre 1948 892 19 179 179
fre 1924 884 23 179 179
fre 1932 876 1 179 179
fre 1948 868 5 179 179
fre 1924 876 27 179 179
fre 1924 868 23 179 179
fre 1972 868 1 179 179
lay 1992 888 61 0 179
fre 1988 884 20 179 179
fre 1996 892 22 179 179
fre 2004 884 28 179 179
fre 1996 876 26 179 179
fre 2044 884 20 179 179
fre 2044 876 19 179 179
fre 2036 884 19 179 179
fre 2052 892 19 179 179
trop 2100 868 48 179 179
trop 2100 884 48 179 179
fre 2316 892 29 179 179
tree 2312 888 52 0 179
lay 2312 888 61 0 179
lay 2424 888 61 0 179
fre 2564 868 11 179 179
fre 2564 884 11 179 179
zabor 3024 880 66 1 8
trop 3076 892 48 179 179
trop 3164 868 71 179 179
trop 3196 884 71 179 179
trop 3220 876 71 179 179
trop 3244 868 71 179 179
trop 3292 892 71 179 179
trop 3268 892 71 179 179
trop 3300 892 71 179 179
fre 3380 892 11 179 179
fre 3380 884 11 179 179
fre 3364 876 11 179 179
tree 3416 888 21 0 179
cliff 3392 864 20 179 179
cliff 3408 880 26 179 179
fre 3412 892 11 179 179
fre 3420 884 11 179 179
fre 3412 876 11 179 179
fre 3412 868 11 179 179
fre 3668 884 26 179 179
fre 3668 868 26 179 179
lay 3720 872 61 0 179
fre 3756 892 26 179 179
fre 3764 892 26 179 179
fre 3828 868 26 179 179
fre 3828 884 26 179 179
fre 3924 884 8 179 179
zabor 3952 880 64 1 8
fre 4276 868 12 179 179
fre 4276 884 12 179 179
fre 4356 868 11 179 179
fre 4380 868 12 179 179
fre 4372 868 12 179 179
fre 4364 884 12 179 179
fre 4540 868 12 179 179
fre 4532 884 12 179 179
fre 4532 876 12 179 179
tree 4952 872 26 0 179
tree 5096 888 59 0 179
tree 5128 872 57 0 179
tree 5144 888 4 0 179
lay 5320 888 61 0 179
fre 5628 892 15 179 179
fre 5636 884 15 179 179
fre 5692 892 11 179 179
trop 5812 892 68 179 179
tree 6632 872 50 0 179
tree 6664 888 2 0 179
tree 6680 888 13 0 179
tree 6712 888 2 0 179
tree 6776 888 35 0 179
tree 6776 872 44 0 179
fre 6780 892 15 179 179
tree 6792 888 59 0 179
fre 6804 884 11 179 179
fre 6812 868 11 179 179
tree 6904 872 58 0 179
tree 6904 888 57 0 179
tree 6888 888 21 0 179
lay 8072 872 21 0 179
dom 96 896 255 3 179
fre 276 908 16 179 179
fre 292 924 15 179 179
fre 292 900 12 179 179
tree 312 920 52 0 179
fre 316 916 8 179 179
fre 340 924 12 179 179
fre 340 916 12 179 179
tree 328 920 5 0 179
tree 328 904 37 0 179
fre 372 916 6 179 179
fre 444 900 26 179 179
fre 500 908 26 179 179
fre 500 924 28 179 179
fre 492 916 20 179 179
fre 612 916 6 179 179
fre 1804 908 28 179 179
fre 1820 908 1 179 179
fre 1820 924 23 179 179
fre 1844 908 14 179 179
fre 1836 908 28 179 179
fre 1844 900 20 179 179
fre 1852 900 28 179 179
fre 1828 900 27 179 179
fre 1828 916 23 179 179
fre 1844 916 26 179 179
fre 1828 908 20 179 179
fre 1828 924 14 179 179
fre 1844 924 14 179 179
tree 1848 904 49 0 179
fre 1860 916 28 179 179
fre 1860 900 27 179 179
fre 1876 908 26 179 179
fre 1876 916 26 179 179
fre 1860 908 20 179 179
fre 1868 908 26 179 179
fre 1876 900 27 179 179
fre 1908 916 20 179 179
fre 1900 900 15 179 179
fre 1900 908 23 179 179
fre 1916 900 28 179 179
fre 1892 916 23 179 179
fre 1892 900 27 179 179
fre 1940 900 19 179 179
fre 1924 908 26 179 179
fre 1964 900 1 179 179
fre 2004 900 23 179 179
fre 2012 908 5 179 179
fre 2036 900 27 179 179
fre 2044 900 14 179 179
trop 2100 924 48 179 179
fre 2284 900 15 179 179
fre 2508 916 11 179 179
fre 2532 924 11 179 179
fre 2588 900 32 179 179
tree 2568 904 17 0 179
tree 2616 904 36 0 179
trop 2652 916 68 179 179
zabor 3024 912 66 1 8
trop 3172 900 71 179 179
trop 3212 916 71 179 179
trop 3252 916 71 179 179
lay 3352 920 63 0 179
trop 3388 916 6 179 179
fre 3420 908 11 179 179
fre 3420 900 11 179 179
tree 3432 920 27 0 179
cliff 3424 896 46 179 179
fre 3428 924 11 179 179
fre 3428 908 11 179 179
fre 3428 900 11 179 179
stand 3496 920 146 0 179
stand 3624 920 146 0 179
fre 3668 916 26 179 179
fre 3668 900 26 179 179
trop 3660 924 36 179 179
fre 3756 916 18 179 179
fre 3764 916 18 179 179
fre 3764 900 18 179 179
fre 3748 908 26 179 179
fre 3748 916 26 179 179
fre 3772 900 26 179 179
fre 3772 908 26 179 179
fre 3772 916 26 179 179
fre 3772 924 26 179 179
fre 3764 924 26 179 179
fre 3756 924 26 179 179
stand 3752 904 144 0 179
lay 3768 904 61 0 179
fre 3828 900 26 179 179
fre 3828 916 26 179 179
trop 3836 908 17 179 179
tree 3912 920 43 0 179
zabor 3952 912 65 1 8
fre 4172 900 12 179 179
fre 4180 908 12 179 179
fre 4196 916 12 179 179
fre 4220 916 12 179 179
fre 4212 924 12 179 179
fre 4236 916 12 179 179
fre 4228 916 12 179 179
fre 4356 900 12 179 179
fre 4356 908 12 179 179
fre 4532 900 12 179 179
fre 4532 916 12 179 179
tree 4968 920 27 0 179
tree 5048 904 12 0 179
tree 5048 920 52 0 179
tree 5032 920 9 0 179
tree 5096 920 50 0 179
tree 5096 904 21 0 179
lay 5208 904 28 0 179
lay 5496 904 61 0 179
fre 5636 900 15 179 179
fre 5652 924 15 179 179
dom 5664 896 310 0 179
fre 5668 916 11 179 179
tree 5944 904 58 0 179
zabor 6096 912 26 0 8
tree 6456 920 21 0 179
tree 6456 904 21 0 179
tree 6536 904 11 0 179
tree 6536 920 58 0 179
tree 6568 904 58 0 179
tree 6568 920 35 0 179
tree 6616 904 18 0 179
tree 6632 904 40 0 179
tree 6696 904 50 0 179
fre 6740 924 11 179 179
tree 6808 904 50 0 179
fre 6788 924 11 179 179
tree 6824 904 2 0 179
dom 160 928 255 3 179
fre 292 940 14 179 179
fre 348 940 12 179 179
fre 356 948 12 179 179
fre 380 932 12 179 179
fre 356 940 8 179 179
fre 412 940 12 179 179
fre 516 932 26 179 179
fre 532 932 20 179 179
fre 1812 948 19 179 179
fre 1804 956 26 179 179
fre 1820 940 27 179 179
fre 1820 956 23 179 179
fre 1820 948 1 179 179
fre 1828 948 27 179 179
fre 1852 956 23 179 179
fre 1828 956 5 179 179
fre 1836 940 1 179 179
fre 1828 932 23 179 179
fre 1844 948 26 179 179
fre 1844 956 14 179 179
fre 1844 932 20 179 179
fre 1836 932 28 179 179
fre 1876 940 26 179 179
fre 1868 940 20 179 179
fre 1876 956 28 179 179
fre 1876 948 1 179 179
fre 1868 932 28 179 179
fre 1884 948 27 179 179
tree 1880 936 49 0 179
fre 1908 932 19 179 179
fre 1900 932 26 179 179
fre 1908 956 20 179 179
fre 1892 956 19 179 179
fre 1892 932 19 179 179
fre 1964 940 1 179 179
trop 2100 948 48 179 179
tree 2408 936 19 0 179
fre 2532 940 11 179 179
fre 2532 956 11 179 179
fre 2540 956 11 179 179
fre 2564 940 11 179 179
fre 2604 932 11 179 179
zabor 3024 944 66 1 8
trop 3140 940 67 179 179
trop 3196 956 71 179 179
trop 3172 956 71 179 179
trop 3172 932 71 179 179
trop 3196 932 71 179 179
trop 3236 932 71 179 179
trop 3252 956 71 179 179
trop 3284 932 71 179 179
trop 3308 940 71 179 179
trop 3332 940 66 179 179
tree 3448 936 27 0 179
tree 3448 952 19 0 179
cliff 3424 928 22 179 179
fre 3452 956 11 179 179
fre 3444 948 11 179 179
fre 3436 932 11 179 179
stand 3512 952 149 0 179
lay 3560 936 63 0 179
fre 3596 956 26 179 179
stand 3624 952 149 0 179
fre 3668 948 26 179 179
fre 3676 932 26 179 179
fre 3772 948 26 179 179
fre 3756 948 26 179 179
fre 3804 948 26 179 179
fre 3788 948 26 179 179
trop 3804 956 15 179 179
fre 3828 940 26 179 179
fre 3820 948 26 179 179
tree 3928 936 11 0 179
tree 3912 936 50 0 179
fre 3916 948 8 179 179
fre 3940 956 29 179 179
fre 4364 932 12 179 179
fre 4372 940 12 179 179
fre 4388 948 12 179 179
fre 4412 948 12 179 179
fre 4404 956 12 179 179
fre 4452 948 12 179 179
fre 4476 948 12 179 179
fre 4468 956 12 179 179
fre 4492 948 12 179 179
fre 4484 948 12 179 179
tree 4968 952 11 0 179
tree 4968 936 35 0 179
tree 4984 952 4 0 179
tree 5048 936 50 0 179
tree 5032 952 18 0 179
tree 5080 952 28 0 179
tree 5080 936 40 0 179
fre 5092 948 11 179 179
fre 5108 956 11 179 179
fre 5620 956 11 179 179
fre 5620 932 15 179 179
tree 5944 952 13 0 179
trop 6028 956 65 179 179
tree 6456 936 27 0 179
tree 6472 952 43 0 179
tree 6520 936 4 0 179
tree 6520 952 13 0 179
fre 6748 948 11 179 179
fre 6748 940 15 179 179
fre 6756 948 11 179 179
tree 6840 936 19 0 179
tree 6856 936 52 0 179
fre 6884 940 11 179 179
fre 6900 932 11 179 179
dom 128 960 255 3 179
fre 276 972 12 179 179
fre 340 972 15 179 179
fre 340 980 12 179 179
fre 324 980 16 179 179
fre 356 980 16 179 179
fre 388 964 8 179 179
fre 404 964 6 179 179
fre 540 980 26 179 179
fre 636 988 6 179 179
fre 1788 980 27 179 179
fre 1772 964 1 179 179
fre 1788 972 27 179 179
fre 1772 972 28 179 179
fre 1804 972 28 179 179
fre 1796 964 28 179 179
fre 1820 972 27 179 179
fre 1812 964 20 179 179
fre 1820 964 28 179 179
fre 1844 972 26 179 179
fre 1852 988 27 179 179
fre 1828 964 23 179 179
fre 1828 980 23 179 179
fre 1844 980 26 179 179
fre 1844 964 20 179 179
fre 1852 964 28 179 179
fre 1836 988 22 179 179
fre 1828 988 14 179 179
fre 1844 988 14 179 179
fre 1884 964 19 179 179
fre 1876 980 20 179 179
fre 1860 972 22 179 179
fre 1860 988 20 179 179
fre 1860 964 27 179 179
fre 1892 972 19 179 179
fre 1908 964 26 179 179
fre 1916 980 1 179 179
lay 1992 968 61 0 179
dom 1984 960 86 0 179
lay 2216 984 61 0 179
lay 2264 984 61 0 179
lay 2312 984 61 0 179
fre 2396 964 29 179 179
lay 2392 968 61 0 179
tree 2424 984 51 0 179
lay 2440 968 61 0 179
trop 2652 980 68 179 179
zabor 3024 976 64 1 8
trop 3076 972 48 179 179
trop 3164 980 71 179 179
trop 3228 972 71 179 179
trop 3260 964 71 179 179
trop 3268 980 71 179 179
trop 3284 988 71 179 179
trop 3308 972 71 179 179
fre 3452 964 11 179 179
fre 3476 988 11 179 179
fre 3476 980 11 179 179
fre 3468 972 11 179 179
fre 3460 972 11 179 179
fre 3492 988 11 179 179
fre 3492 980 11 179 179
fre 3508 988 11 179 179
fre 3516 988 11 179 179
fre 3532 988 11 179 179
fre 3532 980 11 179 179
fre 3556 988 11 179 179
fre 3564 988 11 179 179
fre 3572 988 11 179 179
fre 3580 988 11 179 179
fre 3612 964 26 179 179
fre 3604 988 11 179 179
fre 3628 964 26 179 179
fre 3620 988 11 179 179
fre 3644 988 11 179 179
trop 3628 972 15 179 179
fre 3652 964 26 179 179
fre 3668 964 26 179 179
fre 3676 988 11 179 179
trop 3668 972 15 179 179
fre 3684 964 26 179 179
fre 3700 964 26 179 179
fre 3708 988 11 179 179
fre 3732 980 26 179 179
fre 3724 964 26 179 179
fre 3740 964 26 179 179
trop 3716 972 15 179 179
fre 3756 988 26 179 179
fre 3756 964 26 179 179
trop 3772 964 30 179 179
trop 3756 972 23 179 179
fre 3780 980 26 179 179
zabor 3952 976 65 1 8
tree 4984 968 50 0 179
tree 5032 968 49 0 179
tree 5064 984 2 0 179
tree 5080 968 26 0 179
tree 5080 984 29 0 179
tree 5096 984 57 0 179
tree 5112 984 52 0 179
fre 5108 988 11 179 179
fre 5108 972 11 179 179
fre 5100 964 11 179 179
fre 5124 980 11 179 179
fre 5612 980 11 179 179
fre 5652 988 15 179 179
fre 5692 988 15 179 179
lay 5672 968 65 0 179
trop 5812 972 68 179 179
zabor 6096 976 25 0 8
tree 6520 968 59 0 179
tree 6520 984 50 0 179
tree 6600 984 36 0 179
tree 6680 984 51 0 179
tree 6760 984 50 0 179
tree 6792 984 25 0 179
tree 6808 984 29 0 179
fre 6892 988 11 179 179
dom 192 992 70 3 179
lay 280 1016 61 0 179
fre 284 1012 8 179 179
fre 308 1012 12 179 179
lay 312 1016 61 0 179
fre 300 996 16 179 179
fre 348 1012 14 179 179
fre 372 996 15 179 179
fre 364 996 14 179 179
fre 356 1020 12 179 179
fre 404 1004 12 179 179
fre 388 1012 12 179 179
fre 404 1020 8 179 179
fre 436 1004 6 179 179
fre 420 1012 16 179 179
fre 500 1012 11 179 179
fre 492 1020 11 179 179
fre 484 996 11 179 179
fre 540 1012 26 179 179
fre 532 1004 26 179 179
fre 604 1020 6 179 179
fre 1772 1004 28 179 179
fre 1788 1004 1 179 179
fre 1788 1020 23 179 179
fre 1812 1004 14 179 179
fre 1820 996 28 179 179
fre 1820 1020 27 179 179
fre 1796 1012 23 179 179
fre 1796 1004 20 179 179
fre 1820 1012 1 179 179
fre 1796 1020 14 179 179
fre 1828 1020 20 179 179
fre 1844 1004 14 179 179
fre 1836 1004 28 179 179
fre 1852 1020 26 179 179
fre 1844 996 20 179 179
fre 1852 996 28 179 179
fre 1828 996 27 179 179
fre 1836 996 28 179 179
fre 1828 1004 27 179 179
fre 1828 1012 20 179 179
fre 1844 1012 1 179 179
fre 1836 1020 22 179 179
fre 1852 1004 20 179 179
fre 1868 996 28 179 179
fre 1884 996 5 179 179
fre 1860 1020 28 179 179
fre 1868 1020 28 179 179
fre 1860 1004 27 179 179
fre 1876 1020 26 179 179
fre 1868 1004 26 179 179
fre 1892 1012 23 179 179
fre 1900 1020 26 179 179
fre 1908 996 1 179 179
lay 2008 1000 61 0 179
trop 2100 1012 48 179 179
trop 2100 1004 48 179 179
lay 2280 1000 61 0 179
lay 2376 1000 61 0 179
lay 2504 1000 61 0 179
lay 2536 1000 61 0 179
zabor 3024 1008 64 1 8
trop 3188 1004 71 179 179
trop 3212 1012 71 179 179
trop 3220 1020 71 179 179
trop 3236 996 71 179 179
trop 3284 1012 71 179 179
trop 3276 996 71 179 179
trop 3308 996 71 179 179
trop 3388 996 6 179 179
fre 3452 1004 11 179 179
dom 3456 992 67 0 179
cliff 3472 992 62 179 179
fre 3468 1012 11 179 179
fre 3492 996 11 179 179
fre 3524 996 11 179 179
fre 3532 996 11 179 179
fre 3540 996 11 179 179
fre 3588 996 11 179 179
fre 3596 996 11 179 179
fre 3604 1004 11 179 179
fre 3604 996 11 179 179
fre 3588 1004 31 179 179
fre 3636 996 11 179 179
fre 3644 996 11 179 179
fre 3652 996 11 179 179
fre 3668 996 11 179 179
cliff 3664 1008 62 179 179
fre 3692 996 11 179 179
fre 3700 1004 11 179 179
cliff 3696 1008 63 179 179
fre 3716 996 11 179 179
fre 3732 996 11 179 179
zabor 3760 1008 64 1 8
fre 3748 1012 11 179 179
fre 3804 1004 26 179 179
fre 3788 1012 26 179 179
fre 3780 996 26 179 179
trop 3804 1012 0 179 179
zabor 3824 1008 65 1 8
zabor 3856 1008 65 1 8
zabor 3888 1008 66 1 8
fre 3900 1020 12 179 179
zabor 3920 1008 64 1 8
zabor 3952 1008 66 1 8
fre 4196 1012 11 179 179
fre 4212 1012 11 179 179
fre 4220 1012 12 179 179
fre 4220 996 12 179 179
fre 4228 1004 12 179 179
fre 4316 996 12 179 179
fre 4316 1020 12 179 179
fre 4308 1004 12 179 179
fre 4324 996 12 179 179
fre 4324 1004 12 179 179
tree 5016 1016 5 0 179
tree 5000 1000 29 0 179
tree 5032 1000 35 0 179
lay 5048 1000 50 0 179
tree 5048 1000 51 0 179
fre 5052 1012 11 179 179
fre 5044 1012 11 179 179
fre 5028 1004 11 179 179
tree 5064 1000 43 0 179
tree 5080 1016 57 0 179
fre 5084 1004 11 179 179
tree 5096 1016 58 0 179
fre 5116 1020 29 179 179
lay 5112 1016 50 0 179
fre 5092 1012 11 179 179
fre 5092 996 11 179 179
fre 5108 996 11 179 179
fre 5108 1012 11 179 179
fre 5124 1004 11 179 179
fre 5620 1004 11 179 179
fre 5652 1020 11 179 179
tree 5672 1000 12 0 179
fre 5716 1020 11 179 179
tree 5944 1016 50 0 179
tree 6504 1000 57 0 179
tree 6504 1016 2 0 179
tree 6616 1016 52 0 179
tree 6616 1000 29 0 179
fre 6748 996 11 179 179
fre 6788 1020 11 179 179
fre 6788 996 11 179 179
fre 6804 1020 11 179 179
tree 6840 1000 4 0 179
tree 6856 1000 9 0 179
fre 6884 1020 11 179 179
trop 8084 1020 115 179 179
fre 284 1044 16 179 179
lay 296 1048 61 0 179
fre 308 1052 8 179 179
lay 312 1032 60 0 179
fre 332 1028 14 179 179
fre 388 1036 12 179 179
fre 412 1036 12 179 179
fre 452 1044 6 179 179
fre 548 1036 26 179 179
fre 628 1028 6 179 179
fre 612 1044 16 179 179
fre 1756 1036 27 179 179
fre 1748 1036 5 179 179
fre 1764 1052 19 179 179
fre 1764 1044 26 179 179
fre 1772 1036 28 179 179
fre 1780 1036 26 179 179
fre 1788 1052 27 179 179
fre 1764 1028 23 179 179
fre 1780 1044 26 179 179
fre 1764 1036 20 179 179
fre 1772 1052 26 179 179
fre 1812 1036 14 179 179
fre 1804 1036 28 179 179
fre 1812 1028 20 179 179
fre 1820 1028 28 179 179
fre 1796 1028 27 179 179
fre 1796 1036 22 179 179
fre 1820 1036 20 179 179
fre 1804 1028 28 179 179
fre 1820 1044 27 179 179
fre 1796 1044 27 179 179
fre 1796 1052 5 179 179
fre 1852 1028 28 179 179
fre 1828 1044 28 179 179
fre 1836 1028 28 179 179
fre 1828 1036 27 179 179
fre 1828 1028 27 179 179
fre 1884 1036 12 179 179
fre 1868 1028 15 179 179
fre 1868 1052 28 179 179
fre 1868 1036 23 179 179
fre 1884 1028 28 179 179
lay 2024 1032 61 0 179
fre 2020 1044 15 179 179
dom 2240 1024 81 0 179
dom 2528 1024 79 0 179
zabor 3024 1040 65 1 8
trop 3076 1052 48 179 179
trop 3140 1028 67 179 179
trop 3188 1028 71 179 179
trop 3172 1036 71 179 179
trop 3236 1044 71 179 179
trop 3252 1036 71 179 179
trop 3260 1036 71 179 179
trop 3284 1052 71 179 179
trop 3276 1052 71 179 179
trop 3316 1036 71 179 179
trop 3300 1044 71 179 179
trop 3332 1028 66 179 179
stand 3368 1048 209 0 179
trop 3428 1044 2 179 179
fre 3484 1036 11 179 179
fre 3476 1036 11 179 179
fre 3484 1052 11 179 179
fre 3492 1052 11 179 179
fre 3532 1052 11 179 179
fre 3612 1052 11 179 179
fre 3596 1052 11 179 179
fre 3628 1036 11 179 179
fre 3652 1044 11 179 179
fre 3772 1028 11 179 179
fre 3804 1028 26 179 179
fre 3796 1044 11 179 179
fre 3828 1028 26 179 179
fre 3828 1044 26 179 179
fre 3812 1052 11 179 179
fre 3860 1044 12 179 179
fre 3852 1052 26 179 179
fre 3900 1052 12 179 179
fre 3900 1044 12 179 179
fre 3900 1028 12 179 179
fre 3892 1036 12 179 179
fre 3884 1052 12 179 179
fre 4196 1028 11 179 179
fre 4220 1028 12 179 179
fre 4212 1028 12 179 179
fre 4204 1044 12 179 179
fre 4316 1028 12 179 179
fre 4308 1044 12 179 179
fre 4308 1036 12 179 179
fre 4332 1028 12 179 179
fre 4340 1036 12 179 179
fre 4356 1044 12 179 179
fre 4380 1044 12 179 179
fre 4372 1052 12 179 179
fre 4396 1044 12 179 179
fre 4388 1044 12 179 179
fre 4668 1028 12 179 179
fre 4668 1052 12 179 179
fre 4660 1036 12 179 179
tree 4904 1032 43 0 179
tree 4936 1048 26 0 179
tree 4952 1048 50 0 179
tree 5016 1048 28 0 179
tree 5016 1032 36 0 179
fre 5076 1036 11 179 179
fre 5060 1036 11 179 179
fre 5092 1028 11 179 179
tree 5128 1048 27 0 179
fre 5668 1028 11 179 179
trop 5812 1052 68 179 179
trop 6028 1052 65 179 179
zabor 6096 1040 24 0 8
tree 6632 1032 5 0 179
tree 6680 1048 21 0 179
tree 6696 1048 57 0 179
tree 6744 1048 29 0 179
fre 6748 1028 11 179 179
fre 6748 1044 15 179 179
tree 6808 1048 19 0 179
fre 6804 1036 11 179 179
fre 6860 1052 11 179 179
tree 6888 1048 18 0 179
vor 7156 1044 10 179 179
vor 7268 1044 40 179 179
vor 7332 1052 40 179 179
tree 7384 1048 44 0 179
fre 7404 1028 15 179 179
trop 8004 1044 70 179 179
fre 276 1076 16 179 179
fre 316 1060 12 179 179
tree 408 1064 50 0 179
fre 388 1084 15 179 179
fre 404 1084 14 179 179
fre 412 1076 12 179 179
fre 412 1068 12 179 179
fre 436 1084 8 179 179
fre 468 1060 6 179 179
fre 564 1060 26 179 179
fre 572 1084 27 179 179
fre 572 1068 19 179 179
fre 612 1084 6 179 179
fre 628 1076 16 179 179
fre 636 1084 16 179 179
fre 1740 1068 28 179 179
fre 1756 1068 1 179 179
fre 1756 1076 27 179 179
fre 1740 1060 1 179 179
fre 1780 1068 14 179 179
fre 1772 1068 28 179 179
fre 1780 1060 20 179 179
fre 1788 1060 28 179 179
fre 1764 1060 27 179 179
fre 1788 1068 27 179 179
fre 1812 1068 5 179 179
fre 1804 1060 28 179 179
fre 1820 1060 5 179 179
fre 1796 1068 27 179 179
fre 1804 1068 26 179 179
fre 1796 1076 20 179 179
fre 1820 1084 27 179 179
fre 1796 1060 23 179 179
fre 1812 1076 26 179 179
fre 1844 1076 19 179 179
fre 1836 1084 26 179 179
fre 1844 1084 28 179 179
fre 1860 1076 27 179 179
fre 1884 1084 23 179 179
fre 1860 1084 5 179 179
fre 1868 1068 1 179 179
fre 1876 1076 5 179 179
fre 1892 1084 14 179 179
fre 1892 1076 27 179 179
trop 2100 1084 48 179 179
trop 2652 1060 68 179 179
trop 2652 1076 68 179 179
zabor 3024 1072 66 1 8
trop 3164 1076 71 179 179
trop 3180 1060 71 179 179
trop 3220 1068 71 179 179
trop 3236 1076 71 179 179
trop 3276 1068 71 179 179
trop 3300 1060 71 179 179
fre 4196 1060 12 179 179
fre 4196 1068 12 179 179
fre 4308 1060 12 179 179
fre 4308 1076 12 179 179
fre 4420 1060 12 179 179
fre 4420 1068 12 179 179
fre 4668 1060 12 179 179
fre 4660 1076 12 179 179
fre 4660 1068 12 179 179
tree 4856 1080 29 0 179
tree 4936 1080 20 0 179
tree 4936 1064 29 0 179
tree 4984 1064 57 0 179
tree 5000 1080 26 0 179
tree 5016 1080 18 0 179
tree 5016 1064 29 0 179
tree 5112 1080 13 0 179
tree 5112 1064 27 0 179
tree 5944 1064 59 0 179
tree 6616 1080 26 0 179
tree 6680 1064 35 0 179
tree 6664 1080 2 0 179
tree 6712 1064 2 0 179
tree 6728 1064 35 0 179
fre 6740 1076 11 179 179
tree 6808 1064 37 0 179
fre 6812 1060 11 179 179
vor 7180 1060 40 179 179
vor 7228 1084 40 179 179
vor 7204 1060 10 179 179
vor 7244 1076 40 179 179
vor 7252 1084 10 179 179
vor 7268 1068 10 179 179
vor 7356 1068 33 179 179
vor 7380 1084 40 179 179
vor 7412 1084 10 179 179
vor 7444 1084 10 179 179
vor 7484 1068 40 179 179
vor 7508 1060 40 179 179
vor 7500 1068 10 179 179
vor 7548 1060 10 179 179
fre 340 1116 8 179 179
lay 328 1112 60 0 179
tree 408 1096 2 0 179
tree 392 1112 59 0 179
fre 420 1108 12 179 179
fre 444 1092 16 179 179
fre 500 1100 6 179 179
fre 572 1100 26 179 179
fre 556 1092 20 179 179
fre 588 1100 26 179 179
fre 588 1092 23 179 179
fre 628 1100 6 179 179
fre 1772 1100 28 179 179
fre 1788 1100 1 179 179
fre 1820 1108 27 179 179
fre 1804 1092 1 179 179
fre 1796 1116 20 179 179
fre 1812 1100 14 179 179
fre 1804 1100 28 179 179
fre 1820 1116 26 179 179
fre 1812 1092 20 179 179
fre 1820 1092 28 179 179
fre 1796 1092 27 179 179
fre 1836 1100 28 179 179
fre 1828 1092 28 179 179
fre 1852 1100 27 179 179
fre 1836 1092 28 179 179
fre 1852 1092 5 179 179
fre 1828 1116 28 179 179
fre 1836 1116 28 179 179
fre 1828 1100 27 179 179
fre 1844 1116 26 179 179
fre 1876 1100 26 179 179
fre 1884 1116 27 179 179
fre 1860 1092 23 179 179
fre 1876 1108 26 179 179
fre 1860 1100 20 179 179
fre 1884 1108 1 179 179
fre 1892 1100 22 179 179
fre 1932 1092 20 179 179
fre 1940 1108 19 179 179
trop 2100 1092 48 179 179
fre 2652 1116 34 179 179
zabor 3024 1104 64 1 8
trop 3156 1100 71 179 179
trop 3140 1116 67 179 179
trop 3188 1108 71 179 179
trop 3204 1108 71 179 179
trop 3236 1092 71 179 179
trop 3252 1100 71 179 179
trop 3292 1100 71 179 179
trop 3276 1092 71 179 179
trop 3308 1116 69 179 179
fre 4204 1092 12 179 179
fre 4212 1100 12 179 179
fre 4228 1108 12 179 179
fre 4252 1108 12 179 179
fre 4244 1116 12 179 179
fre 4268 1108 12 179 179
fre 4260 1108 12 179 179
fre 4428 1092 12 179 179
fre 4436 1100 12 179 179
fre 4452 1108 12 179 179
fre 4476 1108 12 179 179
fre 4468 1116 12 179 179
fre 4484 1092 12 179 179
fre 4484 1100 12 179 179
fre 4492 1108 12 179 179
fre 4484 1108 12 179 179
fre 4660 1092 12 179 179
fre 4660 1108 12 179 179
tree 4872 1112 37 0 179
tree 4936 1096 29 0 179
tree 5000 1112 28 0 179
tree 5000 1096 60 0 179
tree 5016 1096 4 0 179
tree 5064 1112 36 0 179
tree 5112 1112 4 0 179
fre 5500 1100 15 179 179
fre 5508 1092 15 179 179
fre 5524 1116 11 179 179
fre 5524 1092 11 179 179
fre 5548 1100 11 179 179
fre 5596 1108 15 179 179
fre 5596 1092 11 179 179
fre 5628 1116 11 179 179
tree 5656 1112 43 0 179
fre 5636 1108 11 179 179
fre 5652 1100 11 179 179
tree 5944 1112 13 0 179
tree 6616 1112 17 0 179
tree 6616 1096 5 0 179
tree 6728 1096 12 0 179
fre 6772 1108 11 179 179
fre 6756 1100 11 179 179
tree 6808 1112 51 0 179
tree 6808 1096 57 0 179
fre 6860 1092 11 179 179
vor 7308 1092 10 179 179
vor 7332 1100 40 179 179
vor 7348 1092 10 179 179
vor 7524 1116 24 179 179
trop 7684 1108 72 179 179
trop 7692 1108 72 179 179
trop 7732 1116 72 179 179
tree 8040 1096 2 0 179
tree 8056 1112 43 0 179
fre 348 1132 16 179 179
fre 372 1124 12 179 179
tree 408 1144 51 0 179
lay 408 1144 60 0 179
lay 424 1144 61 0 179
fre 460 1132 16 179 179
fre 508 1140 8 179 179
fre 516 1124 6 179 179
fre 572 1124 26 179 179
tree 1720 1128 58 0 179
tree 1704 1128 59 0 179
fre 1820 1124 28 179 179
fre 1796 1140 28 179 179
fre 1804 1148 1 179 179
fre 1836 1132 28 179 179
fre 1852 1132 1 179 179
fre 1836 1124 15 179 179
fre 1836 1148 28 179 179
fre 1852 1124 28 179 179
fre 1852 1140 26 179 179
fre 1860 1148 20 179 179
fre 1876 1132 14 179 179
fre 1868 1132 28 179 179
fre 1884 1124 28 179 179
fre 1860 1124 27 179 179
fre 1868 1140 27 179 179
fre 1868 1148 19 179 179
fre 1900 1124 28 179 179
fre 1900 1148 28 179 179
fre 1892 1132 27 179 179
fre 1908 1148 26 179 179
fre 1900 1132 26 179 179
fre 1892 1140 20 179 179
fre 1948 1132 19 179 179
trop 2156 1132 125 179 179
trop 2244 1132 113 179 179
trop 2332 1132 113 179 179
trop 2428 1132 113 179 179
trop 2516 1132 113 179 179
trop 2596 1132 113 179 179
trop 2652 1140 68 179 179
zabor 3024 1136 64 1 8
trop 3076 1132 48 179 179
trop 3196 1140 114 179 179
trop 3228 1140 114 179 179
fre 4492 1124 12 179 179
fre 4500 1132 12 179 179
fre 4516 1140 12 179 179
fre 4540 1140 12 179 179
fre 4532 1148 12 179 179
fre 4556 1124 12 179 179
fre 4564 1132 12 179 179
fre 4556 1140 12 179 179
fre 4548 1140 12 179 179
fre 4580 1140 12 179 179
fre 4604 1140 12 179 179
fre 4596 1148 12 179 179
fre 4620 1140 12 179 179
fre 4612 1140 12 179 179
tree 4856 1144 20 0 179
tree 4888 1144 5 0 179
tree 4888 1128 36 0 179
tree 4936 1144 58 0 179
tree 5000 1144 29 0 179
tree 5080 1128 9 0 179
tree 5096 1144 60 0 179
tree 5112 1128 19 0 179
fre 5500 1148 26 179 179
fre 5540 1124 11 179 179
fre 5540 1140 11 179 179
fre 5556 1140 11 179 179
fre 5620 1124 11 179 179
fre 5604 1140 11 179 179
trop 5812 1132 68 179 179
trop 6028 1140 65 179 179
tree 6584 1128 50 0 179
tree 6616 1144 19 0 179
tree 6728 1128 43 0 179
tree 6728 1144 25 0 179
tree 6808 1128 58 0 179
fre 6852 1124 11 179 179
tree 6872 1144 5 0 179
tree 6888 1128 35 0 179
vor 7252 1124 10 179 179
vor 7340 1124 33 179 179
vor 7404 1132 33 179 179
tree 7400 1144 43 0 179
vor 7492 1148 33 179 179
vor 7612 1140 48 179 179
trop 7660 1140 72 179 179
trop 7772 1140 72 179 179
trop 7788 1148 72 179 179
trop 7780 1140 72 179 179
trop 7980 1132 67 179 179
tree 8040 1128 21 0 179
lay 344 1160 61 0 179
fre 348 1156 8 179 179
fre 372 1164 12 179 179
fre 404 1156 14 179 179
lay 440 1160 61 0 179
stand 1544 1160 210 0 179
tree 1720 1176 51 0 179
tree 1720 1160 51 0 179
trop 2100 1172 48 179 179
trop 2100 1164 48 179 179
fre 2292 1180 11 179 179
fre 2588 1180 11 179 179
fre 2572 1172 11 179 179
dom 2560 1152 299 0 179
trop 2652 1156 68 179 179
zabor 3024 1168 66 1 8
tree 4824 1176 28 0 179
tree 4856 1160 26 0 179
tree 4840 1160 36 0 179
tree 4936 1176 13 0 179
tree 4952 1176 51 0 179
tree 4936 1160 11 0 179
tree 5112 1176 18 0 179
tree 5096 1160 60 0 179
fre 5476 1172 20 179 179
fre 5532 1180 11 179 179
fre 5524 1172 11 179 179
fre 5532 1164 17 179 179
fre 5548 1172 11 179 179
fre 5604 1180 11 179 179
lay 5656 1160 60 0 179
tree 5944 1160 4 0 179
tree 6088 1176 20 0 179
tree 6104 1160 20 0 179
fre 6108 1172 11 179 179
stand 6168 1176 27 0 179
stand 6152 1176 27 0 179
tree 6152 1160 29 0 179
tree 6168 1160 12 0 179
stand 6184 1176 27 0 179
fre 6196 1180 11 179 179
tree 6232 1160 36 0 179
tree 6216 1176 9 0 179
stand 6312 1176 176 0 179
tree 6520 1160 57 0 179
tree 6616 1160 44 0 179
tree 6616 1176 57 0 179
tree 6600 1160 11 0 179
tree 6648 1176 21 0 179
tree 6632 1176 35 0 179
tree 6744 1176 21 0 179
tree 6744 1160 27 0 179
tree 6728 1160 12 0 179
tree 6808 1176 4 0 179
tree 6808 1160 58 0 179
fre 6860 1180 11 179 179
tree 7336 1176 19 0 179
tree 7544 1160 18 0 179
trop 7692 1156 72 179 179
dom 7744 1152 200 0 179
trop 7804 1164 72 179 179
tree 8056 1176 21 0 179
tree 8040 1160 57 0 179
tree 8072 1176 35 0 179
fre 244 1204 8 179 179
fre 300 1204 8 179 179
lay 344 1208 61 0 179
fre 348 1212 8 179 179
fre 356 1188 8 179 179
fre 380 1204 6 179 179
lay 360 1192 60 0 179
fre 468 1204 16 179 179
tree 504 1208 13 0 179
lay 504 1208 61 0 179
fre 508 1196 16 179 179
fre 564 1188 6 179 179
fre 636 1204 26 179 179
fre 628 1212 27 179 179
fre 660 1204 26 179 179
zabor 816 1200 72 1 9
zabor 880 1200 74 1 9
zabor 944 1200 74 1 9
zabor 1008 1200 74 1 9
zabor 1072 1200 73 1 9
zabor 1136 1200 74 1 9
zabor 1200 1200 72 1 9
zabor 1264 1200 74 1 9
zabor 1328 1200 72 1 9
zabor 1392 1200 73 1 9
zabor 1456 1200 72 1 9
zabor 1520 1200 73 1 9
tree 1720 1208 57 0 179
tree 1800 1192 21 0 179
tree 2168 1208 50 0 179
dom 2240 1184 82 0 179
fre 2308 1188 11 179 179
fre 2332 1188 11 179 179
fre 2444 1212 11 179 179
fre 2604 1204 11 179 179
fre 2604 1212 11 179 179
fre 2596 1188 11 179 179
trop 2652 1204 68 179 179
zabor 3024 1200 64 1 8
trop 3076 1212 48 179 179
trop 3140 1204 67 179 179
tree 3576 1192 27 0 179
tree 3640 1208 51 0 179
lay 3656 1192 45 0 179
tree 4808 1192 20 0 179
tree 4840 1208 18 0 179
tree 4952 1192 18 0 179
tree 4936 1208 13 0 179
tree 5080 1208 44 0 179
tree 5080 1192 58 0 179
tree 5064 1192 51 0 179
tree 5112 1192 40 0 179
fre 5484 1188 26 179 179
fre 5484 1212 27 179 179
fre 5492 1212 22 179 179
fre 5492 1196 19 179 179
fre 5500 1196 17 179 179
fre 5508 1212 28 179 179
fre 5628 1188 11 179 179
fre 5636 1212 11 179 179
lay 5656 1208 60 0 179
trop 5812 1212 68 179 179
tree 5944 1208 44 0 179
fre 6108 1196 11 179 179
tree 6120 1192 20 0 179
dom 6176 1184 86 0 179
stand 6232 1208 157 0 179
fre 6220 1212 11 179 179
fre 6212 1212 11 179 179
stand 6264 1208 157 0 179
stand 6248 1208 157 0 179
tree 6248 1192 37 0 179
tree 6264 1192 28 0 179
tree 6472 1208 35 0 179
tree 6520 1208 19 0 179
tree 6536 1208 27 0 179
tree 6568 1208 51 0 179
tree 6616 1192 50 0 179
tree 6648 1192 35 0 179
tree 6632 1192 2 0 179
tree 6680 1208 17 0 179
tree 6728 1192 19 0 179
tree 6904 1208 44 0 179
tree 7368 1192 43 0 179
tree 7464 1208 2 0 179
tree 7480 1208 35 0 179
fre 7548 1212 12 179 179
cliff 7552 1184 54 179 179
cliff 7568 1184 63 179 179
cliff 7584 1184 90 179 179
cliff 7616 1184 90 179 179
cliff 7648 1184 89 179 179
cliff 7680 1184 126 179 179
cliff 7712 1184 88 179 179
cliff 7744 1184 90 179 179
cliff 7776 1184 126 179 179
cliff 7808 1200 99 179 179
tree 8056 1208 57 0 179
tree 8056 1192 50 0 179
tree 8072 1208 50 0 179
tree 232 1240 43 0 179
fre 396 1220 8 179 179
tree 472 1240 51 0 179
fre 460 1228 8 179 179
fre 476 1236 6 179 179
tree 504 1224 44 0 179
tree 488 1240 58 0 179
fre 484 1244 8 179 179
tree 520 1240 50 0 179
fre 548 1228 8 179 179
fre 636 1244 26 179 179
fre 660 1236 26 179 179
fre 644 1220 28 179 179
tree 1720 1224 4 0 179
tree 1704 1224 57 0 179
tree 1800 1224 57 0 179
tree 1800 1240 27 0 179
trop 2100 1244 48 179 179
fre 2164 1220 30 179 179
fre 2316 1220 11 179 179
fre 2364 1244 11 179 179
fre 2380 1220 11 179 179
stand 2376 1240 166 0 179
dom 2432 1216 86 0 179
lay 2440 1240 61 0 179
fre 2468 1244 11 179 179
tree 2552 1240 58 0 179
trop 2636 1236 69 179 179
zabor 2832 1232 25 0 8
zabor 2864 1232 24 0 8
zabor 2896 1232 30 0 8
zabor 2928 1232 25 0 8
zabor 2960 1232 30 0 8
zabor 2992 1232 26 0 8
fre 3004 1236 15 179 179
zabor 3024 1232 24 0 8
fre 3540 1228 11 179 179
fre 3540 1220 11 179 179
fre 3548 1236 11 179 179
fre 3556 1244 11 179 179
tree 3608 1240 9 0 179
lay 3624 1224 34 0 179
tree 3640 1224 5 0 179
lay 3656 1240 42 0 179
tree 4824 1240 60 0 179
tree 4824 1224 25 0 179
tree 4856 1240 40 0 179
tree 4920 1240 37 0 179
tree 4968 1240 12 0 179
tree 5160 1240 18 0 179
fre 5500 1236 26 179 179
fre 5476 1244 20 179 179
fre 5532 1236 11 179 179
fre 5540 1244 11 179 179
fre 5644 1244 11 179 179
lay 5656 1240 60 0 179
lay 5656 1224 60 0 179
dom 5664 1216 176 0 179
trop 5812 1244 68 179 179
trop 6028 1220 65 179 179
fre 6132 1220 11 179 179
fre 6164 1220 11 179 179
fre 6204 1220 11 179 179
fre 6196 1236 11 179 179
fre 6180 1244 11 179 179
stand 6232 1224 159 0 179
stand 6248 1224 158 0 179
stand 6264 1224 156 0 179
tree 6520 1224 19 0 179
tree 6520 1240 11 0 179
tree 6552 1224 35 0 179
tree 6568 1224 11 0 179
tree 6584 1240 3 0 179
tree 6680 1224 17 0 179
tree 6776 1224 50 0 179
tree 6904 1224 19 0 179
tree 7400 1224 57 0 179
tree 7432 1240 11 0 179
tree 7432 1224 4 0 179
tree 7448 1224 4 0 179
tree 7496 1240 27 0 179
lay 7496 1224 36 0 179
fre 7540 1220 12 179 179
lay 7528 1240 35 0 179
fre 7556 1220 12 179 179
fre 7556 1236 12 179 179
fre 7556 1244 12 179 179
fre 7588 1236 12 179 179
cliff 7824 1216 93 179 179
cliff 7840 1216 90 179 179
cliff 7872 1232 96 179 179
dom 7936 1216 199 0 179
trop 7980 1220 67 179 179
tree 8056 1240 51 0 179
tree 8088 1240 59 0 179
tree 8072 1240 57 0 179
tree 8104 1240 4 0 179
tree 248 1256 11 0 179
tree 232 1256 50 0 179
fre 236 1268 8 179 179
fre 260 1276 29 179 179
fre 380 1260 6 179 179
fre 508 1276 6 179 179
fre 540 1260 8 179 179
fre 524 1260 16 179 179
fre 516 1252 29 179 179
fre 556 1252 6 179 179
fre 564 1252 6 179 179
fre 548 1260 16 179 179
fre 644 1276 28 179 179
dom 704 1248 277 0 179
zabor 816 1264 72 1 9
zabor 1520 1264 73 1 9
tree 1800 1256 44 0 179
tree 1800 1272 43 0 179
fre 1956 1276 11 179 179
fre 1964 1260 15 179 179
trop 2100 1252 48 179 179
fre 2212 1260 11 179 179
fre 2228 1260 11 179 179
fre 2220 1276 11 179 179
fre 2252 1260 11 179 179
fre 2260 1268 11 179 179
fre 2276 1260 11 179 179
lay 2296 1272 61 0 179
fre 2308 1260 11 179 179
fre 2316 1268 11 179 179
fre 2308 1268 11 179 179
fre 2324 1268 11 179 179
fre 2316 1260 11 179 179
tree 2360 1272 44 0 179
fre 2364 1268 11 179 179
fre 2364 1260 11 179 179
fre 2348 1260 11 179 179
fre 2340 1268 11 179 179
fre 2356 1268 11 179 179
lay 2360 1272 61 0 179
tree 2392 1272 35 0 179
fre 2396 1252 11 179 179
fre 2380 1276 11 179 179
fre 2412 1260 11 179 179
fre 2420 1276 11 179 179
fre 2404 1268 11 179 179
fre 2412 1276 11 179 179
lay 2424 1256 61 0 179
fre 2444 1260 11 179 179
fre 2460 1268 11 179 179
trop 2564 1276 70 179 179
zabor 2832 1264 30 0 8
lay 2904 1272 50 0 179
dom 2912 1248 292 0 179
lay 2984 1272 50 0 179
lay 3016 1272 50 0 179
trop 3076 1260 48 179 179
trop 3140 1276 67 179 179
tree 3544 1256 11 0 179
fre 3564 1252 11 179 179
fre 3564 1276 11 179 179
fre 3580 1276 11 179 179
tree 3560 1272 4 0 179
tree 3560 1256 59 0 179
lay 3624 1256 32 0 179
fre 3668 1268 11 179 179
tree 4920 1256 20 0 179
tree 4904 1272 35 0 179
tree 4984 1256 29 0 179
tree 5080 1256 51 0 179
tree 5080 1272 13 0 179
tree 5112 1256 43 0 179
tree 5096 1256 4 0 179
tree 5160 1272 52 0 179
tree 5160 1256 40 0 179
fre 5500 1260 26 179 179
fre 5484 1260 28 179 179
fre 5556 1260 11 179 179
fre 5564 1276 11 179 179
fre 5548 1276 11 179 179
fre 5540 1268 17 179 179
fre 5652 1252 11 179 179
lay 5656 1272 60 0 179
tree 5944 1256 2 0 179
stand 6200 1256 149 0 179
tree 6584 1256 26 0 179
tree 6728 1272 59 0 179
tree 6760 1256 57 0 179
tree 6776 1272 4 0 179
fre 6860 1276 11 179 179
tree 6920 1272 21 0 179
tree 6920 1256 44 0 179
tree 7336 1256 2 0 179
tree 7432 1272 51 0 179
tree 7432 1256 43 0 179
fre 7452 1268 11 179 179
tree 7528 1272 43 0 179
lay 7544 1272 29 0 179
fre 7572 1260 12 179 179
tree 7560 1272 9 0 179
fre 7868 1252 12 179 179
fre 7876 1268 12 179 179
fre 7884 1268 12 179 179
cliff 7888 1248 95 179 179
cliff 7904 1264 97 179 179
fre 308 1300 8 179 179
fre 300 1308 6 179 179
fre 340 1300 8 179 179
fre 364 1292 8 179 179
fre 396 1308 6 179 179
fre 468 1308 6 179 179
fre 508 1300 6 179 179
fre 636 1284 26 179 179
fre 636 1300 23 179 179
fre 628 1300 20 179 179
fre 636 1308 13 179 179
tree 1784 1288 13 0 179
tree 1816 1304 11 0 179
tree 1928 1304 43 0 179
fre 1972 1300 11 179 179
fre 2012 1300 11 179 179
fre 2164 1284 11 179 179
fre 2204 1308 11 179 179
fre 2236 1308 11 179 179
fre 2244 1308 11 179 179
fre 2252 1308 11 179 179
fre 2252 1300 11 179 179
fre 2268 1300 11 179 179
fre 2244 1300 11 179 179
fre 2364 1284 11 179 179
fre 2356 1284 11 179 179
fre 2388 1284 11 179 179
fre 2372 1284 11 179 179
fre 2564 1292 35 179 179
trop 2652 1284 68 179 179
zabor 2832 1296 31 0 8
fre 2908 1284 15 179 179
lay 2920 1304 50 0 179
fre 3004 1308 15 179 179
fre 3020 1284 15 179 179
trop 3076 1292 48 179 179
fre 3132 1292 11 179 179
fre 3124 1300 15 179 179
fre 3156 1308 11 179 179
fre 3196 1300 15 179 179
dom 3200 1280 318 0 179
lay 3288 1304 61 0 179
fre 3324 1284 15 179 179
fre 3580 1308 11 179 179
fre 3596 1292 11 179 179
fre 3612 1300 11 179 179
lay 3592 1304 46 0 179
tree 3624 1304 37 0 179
fre 3660 1308 11 179 179
fre 3684 1284 11 179 179
lay 3880 1304 21 0 179
fre 3980 1308 11 179 179
fre 3972 1292 11 179 179
fre 3980 1300 11 179 179
fre 3988 1292 11 179 179
fre 4084 1308 11 179 179
fre 4076 1300 11 179 179
fre 4172 1300 26 179 179
fre 4164 1308 11 179 179
fre 4172 1292 11 179 179
tree 4872 1304 5 0 179
tree 5000 1304 36 0 179
tree 5144 1304 44 0 179
tree 5176 1288 25 0 179
fre 5492 1292 26 179 179
fre 5492 1308 19 179 179
fre 5564 1284 11 179 179
fre 5564 1292 11 179 179
fre 5596 1292 11 179 179
fre 5652 1284 11 179 179
lay 5688 1304 60 0 179
trop 5812 1308 68 179 179
tree 5944 1304 57 0 179
trop 6028 1308 65 179 179
stand 6168 1304 180 0 179
tree 6600 1304 27 0 179
tree 6680 1288 12 0 179
tree 6680 1304 52 0 179
tree 6664 1304 9 0 179
tree 6728 1304 50 0 179
tree 6728 1288 21 0 179
fre 6852 1308 11 179 179
fre 6868 1308 11 179 179
fre 6860 1300 11 179 179
tree 6920 1288 57 0 179
fre 7044 1284 12 179 179
fre 7260 1284 12 179 179
tree 7336 1304 51 0 179
tree 7416 1288 13 0 179
fre 7452 1300 11 179 179
lay 7480 1288 63 0 179
fre 7604 1292 12 179 179
fre 7588 1284 12 179 179
fre 7628 1300 12 179 179
fre 7668 1308 12 179 179
fre 7660 1308 12 179 179
fre 7692 1308 12 179 179
fre 7716 1308 12 179 179
fre 7772 1292 12 179 179
fre 7764 1308 12 179 179
fre 7756 1308 12 179 179
fre 7748 1300 12 179 179
fre 7804 1308 12 179 179
fre 7892 1292 12 179 179
fre 7908 1308 12 179 179
cliff 7920 1280 95 179 179
cliff 7936 1296 96 179 179
trop 7980 1308 67 179 179
fre 244 1324 8 179 179
fre 236 1332 8 179 179
fre 228 1316 8 179 179
fre 268 1316 6 179 179
fre 388 1332 8 179 179
fre 468 1324 26 179 179
fre 500 1340 26 179 179
fre 484 1324 23 179 179
fre 500 1332 27 179 179
fre 508 1324 28 179 179
fre 516 1340 19 179 179
fre 532 1332 20 179 179
fre 556 1324 26 179 179
fre 580 1316 6 179 179
fre 612 1316 26 179 179
fre 620 1332 26 179 179
fre 636 1332 26 179 179
fre 652 1316 26 179 179
fre 644 1340 28 179 179
zabor 816 1328 74 1 9
zabor 880 1328 73 1 9
zabor 944 1328 74 1 9
zabor 1008 1328 73 1 9
zabor 1072 1328 74 1 9
zabor 1136 1328 72 1 9
zabor 1200 1328 72 1 9
zabor 1264 1328 74 1 9
zabor 1328 1328 74 1 9
zabor 1392 1328 72 1 9
zabor 1456 1328 73 1 9
zabor 1520 1328 72 1 9
tree 1832 1320 50 0 179
tree 1864 1336 2 0 179
tree 1880 1336 13 0 179
tree 1912 1336 2 0 179
fre 1980 1340 15 179 179
fre 2004 1332 11 179 179
fre 2012 1316 11 179 179
trop 2100 1332 48 179 179
trop 2100 1324 48 179 179
fre 2260 1316 11 179 179
fre 2244 1332 11 179 179
fre 2244 1324 11 179 179
fre 2412 1340 11 179 179
zabor 2832 1328 27 0 8
fre 2916 1340 15 179 179
tree 3032 1320 59 0 179
trop 3076 1340 48 179 179
fre 3156 1324 11 179 179
fre 3156 1340 15 179 179
fre 3172 1340 11 179 179
fre 3284 1340 15 179 179
fre 3580 1324 11 179 179
tree 3576 1336 59 0 179
fre 3604 1316 11 179 179
fre 3604 1340 11 179 179
fre 3620 1324 11 179 179
fre 3684 1316 11 179 179
fre 3724 1332 11 179 179
fre 3764 1332 11 179 179
fre 3820 1332 11 179 179
fre 3844 1332 11 179 179
fre 3988 1324 11 179 179
fre 4012 1324 11 179 179
fre 4028 1324 11 179 179
fre 4004 1316 11 179 179
fre 4004 1332 11 179 179
fre 4036 1324 11 179 179
fre 4060 1332 11 179 179
tree 4056 1320 20 0 179
tree 4056 1336 13 0 179
fre 4068 1324 11 179 179
fre 4084 1332 11 179 179
tree 4088 1336 21 0 179
fre 4124 1340 11 179 179
fre 4116 1324 11 179 179
fre 4108 1332 11 179 179
fre 4124 1332 11 179 179
tree 4120 1320 60 0 179
fre 4156 1340 11 179 179
fre 4148 1324 11 179 179
tree 4152 1336 13 0 179
lay 4168 1336 39 0 179
fre 4220 1332 26 179 179
tree 4312 1320 58 0 179
tree 4296 1320 59 0 179
tree 4376 1320 2 0 179
tree 4888 1320 12 0 179
tree 4872 1320 49 0 179
tree 4920 1336 18 0 179
tree 4904 1336 3 0 179
tree 4936 1336 3 0 179
tree 5096 1320 9 0 179
tree 5176 1336 44 0 179
tree 5160 1336 2 0 179
tree 5160 1320 19 0 179
fre 5492 1332 28 179 179
fre 5484 1316 17 179 179
fre 5516 1324 26 179 179
fre 5524 1340 27 179 179
fre 5572 1324 11 179 179
fre 5612 1340 11 179 179
fre 5652 1324 11 179 179
stand 6120 1336 184 0 179
stand 6152 1336 181 0 179
stand 6168 1320 180 0 179
tree 6600 1336 11 0 179
tree 6600 1320 35 0 179
tree 6616 1336 4 0 179
tree 6680 1320 50 0 179
fre 6892 1324 11 179 179
tree 6952 1336 11 0 179
tree 7336 1320 58 0 179
tree 7384 1336 44 0 179
tree 7400 1320 59 0 179
lay 7496 1336 61 0 179
fre 7524 1340 11 179 179
fre 7836 1332 12 179 179
fre 7828 1324 12 179 179
lay 7816 1336 33 0 179
fre 7860 1316 12 179 179
fre 7844 1316 12 179 179
fre 7900 1316 12 179 179
fre 7884 1324 12 179 179
fre 7876 1316 12 179 179
lay 7880 1336 37 0 179
lay 7896 1320 39 0 179
fre 7916 1332 12 179 179
cliff 7952 1312 120 179 179
fre 476 1356 11 179 179
fre 468 1348 11 179 179
fre 500 1364 11 179 179
fre 508 1364 11 179 179
tree 1656 1368 21 0 179
tree 1656 1352 21 0 179
tree 1736 1352 11 0 179
tree 1736 1368 58 0 179
tree 1768 1352 58 0 179
tree 1768 1368 35 0 179
tree 1816 1352 18 0 179
tree 1832 1352 40 0 179
tree 1896 1352 50 0 179
fre 1940 1372 11 179 179
fre 1988 1372 11 179 179
fre 2172 1372 11 179 179
fre 2188 1348 11 179 179
fre 2236 1364 11 179 179
fre 2228 1364 11 179 179
fre 2260 1348 11 179 179
fre 2396 1348 11 179 179
fre 2396 1364 11 179 179
fre 2412 1364 11 179 179
fre 2420 1372 11 179 179
fre 2404 1372 11 179 179
trop 2540 1364 67 179 179
fre 2588 1348 26 179 179
trop 2652 1364 68 179 179
zabor 2832 1360 25 0 8
lay 2904 1368 50 0 179
fre 2940 1348 15 179 179
fre 2916 1348 15 179 179
lay 2936 1368 50 0 179
fre 3012 1372 15 179 179
trop 3076 1372 48 179 179
fre 3132 1372 15 179 179
trop 3140 1356 67 179 179
fre 3180 1348 11 179 179
fre 3188 1372 11 179 179
fre 3180 1364 11 179 179
fre 3212 1364 15 179 179
tree 3304 1368 17 0 179
tree 3320 1352 49 0 179
lay 3512 1352 61 0 179
fre 3524 1372 11 179 179
fre 3540 1348 11 179 179
fre 3580 1372 11 179 179
fre 3572 1364 11 179 179
fre 3604 1356 11 179 179
fre 3588 1364 11 179 179
fre 4100 1356 11 179 179
fre 4116 1356 11 179 179
fre 4140 1364 11 179 179
fre 4132 1364 11 179 179
fre 4148 1364 11 179 179
lay 4184 1368 32 0 179
fre 4180 1364 11 179 179
fre 4164 1348 11 179 179
fre 4164 1364 11 179 179
fre 4172 1372 11 179 179
fre 4212 1356 27 179 179
fre 4204 1364 26 179 179
fre 4196 1364 26 179 179
fre 4220 1348 26 179 179
fre 4236 1372 26 179 179
fre 4252 1364 26 179 179
tree 4312 1368 51 0 179
tree 4312 1352 51 0 179
tree 5112 1352 17 0 179
tree 5112 1368 52 0 179
tree 5096 1352 51 0 179
fre 5492 1348 26 179 179
fre 5612 1372 11 179 179
fre 5668 1372 11 179 179
tree 5944 1352 57 0 179
fre 6140 1356 11 179 179
tree 6616 1352 50 0 179
tree 6696 1368 2 0 179
tree 7096 1368 21 0 179
tree 7368 1368 11 0 179
tree 7368 1352 13 0 179
fre 7428 1364 11 179 179
fre 7492 1364 11 179 179
fre 7620 1348 11 179 179
lay 7896 1352 35 0 179
fre 7908 1364 12 179 179
fre 7916 1348 12 179 179
cliff 7952 1344 118 179 179
trop 172 1388 85 179 179
trop 164 1388 85 179 179
trop 284 1404 75 179 179
stand 472 1384 166 0 179
fre 492 1396 11 179 179
fre 532 1388 11 179 179
stand 1464 1400 209 0 179
stand 1512 1400 194 0 179
tree 1656 1384 27 0 179
tree 1672 1400 43 0 179
tree 1720 1384 4 0 179
tree 1720 1400 13 0 179
fre 1948 1396 11 179 179
fre 1948 1388 15 179 179
fre 1956 1396 11 179 179
trop 2100 1404 48 179 179
tree 2280 1384 44 0 179
tree 2280 1400 43 0 179
fre 2284 1396 11 179 179
lay 2328 1384 61 0 179
fre 2316 1380 11 179 179
lay 2312 1384 28 0 179
lay 2408 1384 61 0 179
fre 2412 1388 11 179 179
fre 2404 1380 11 179 179
fre 2444 1388 11 179 179
fre 2572 1396 26 179 179
fre 2588 1404 26 179 179
zabor 2832 1392 28 0 8
fre 2884 1396 15 179 179
lay 2920 1384 50 0 179
lay 3160 1384 50 0 179
fre 3188 1380 11 179 179
fre 3196 1396 11 179 179
fre 3180 1396 11 179 179
tree 3208 1400 57 0 179
lay 3208 1400 50 0 179
fre 3292 1380 15 179 179
tree 3304 1400 18 0 179
tree 3352 1384 40 0 179
tree 3352 1400 28 0 179
fre 3380 1404 11 179 179
fre 3364 1396 11 179 179
lay 3576 1384 61 0 179
lay 3560 1384 61 0 179
fre 3572 1404 11 179 179
fre 3580 1396 11 179 179
fre 3596 1380 11 179 179
fre 3596 1396 11 179 179
fre 3644 1380 11 179 179
lay 3624 1400 61 0 179
lay 3624 1384 61 0 179
fre 3676 1380 11 179 179
fre 3988 1404 12 179 179
fre 4004 1388 11 179 179
fre 4156 1404 11 179 179
fre 4148 1388 11 179 179
fre 4180 1396 11 179 179
lay 4200 1400 36 0 179
tree 4312 1400 57 0 179
tree 4392 1384 21 0 179
tree 4440 1400 21 0 179
tree 4456 1400 19 0 179
tree 4456 1384 13 0 179
tree 5048 1400 52 0 179
tree 5048 1384 13 0 179
tree 5032 1384 35 0 179
tree 5080 1400 21 0 179
fre 5508 1388 26 179 179
fre 5516 1396 26 179 179
fre 5532 1404 26 179 179
fre 5516 1380 28 179 179
fre 5620 1396 11 179 179
fre 5676 1388 11 179 179
trop 5812 1388 68 179 179
tree 5944 1400 21 0 179
trop 6028 1404 65 179 179
zabor 6128 1392 26 0 8
zabor 6160 1392 25 0 8
zabor 6192 1392 27 0 8
zabor 6224 1392 28 0 8
zabor 6256 1392 30 0 8
zabor 6288 1392 36 0 9
zabor 6320 1392 38 0 9
zabor 6352 1392 39 0 9
zabor 6384 1392 34 0 9
zabor 6416 1392 35 0 9
zabor 6448 1392 33 0 9
zabor 6480 1392 37 0 9
zabor 6512 1392 39 0 9
zabor 6544 1392 35 0 9
zabor 6576 1392 35 0 9
zabor 6608 1392 36 0 9
zabor 6640 1392 33 0 9
tree 6664 1384 35 0 179
zabor 6672 1392 37 0 9
tree 6696 1384 43 0 179
zabor 6704 1392 37 0 9
zabor 6736 1392 35 0 9
zabor 6768 1392 36 0 9
zabor 6800 1392 29 0 8
zabor 6832 1392 26 0 8
zabor 6864 1392 27 0 8
zabor 6896 1392 26 0 8
zabor 6928 1392 26 0 8
zabor 6960 1392 31 0 8
zabor 6992 1392 27 0 8
zabor 7024 1392 25 0 8
tree 7048 1384 57 0 179
tree 7080 1400 21 0 179
tree 7256 1384 58 0 179
tree 7368 1400 43 0 179
lay 7656 1384 28 0 179
fre 7780 1396 11 179 179
fre 7868 1396 12 179 179
fre 7860 1404 11 179 179
fre 7868 1388 11 179 179
fre 7900 1380 12 179 179
tree 7896 1384 26 0 179
lay 7896 1400 36 0 179
lay 7880 1384 34 0 179
fre 7908 1396 12 179 179
cliff 7952 1376 120 179 179
trop 7980 1396 67 179 179
trop 204 1412 85 179 179
trop 292 1412 75 179 179
tree 424 1416 19 0 179
trop 444 1412 36 179 179
tree 456 1432 35 0 179
tree 472 1416 35 0 179
cliff 496 1424 65 179 179
fre 484 1412 11 179 179
fre 556 1428 11 179 179
tree 1720 1416 59 0 179
tree 1720 1432 50 0 179
tree 1800 1432 36 0 179
tree 1880 1432 51 0 179
tree 1960 1432 50 0 179
tree 1992 1432 25 0 179
tree 2008 1432 29 0 179
trop 2100 1412 48 179 179
fre 2204 1420 11 179 179
fre 2180 1428 11 179 179
tree 2264 1416 13 0 179
tree 2296 1432 11 0 179
fre 2276 1428 11 179 179
tree 2408 1432 43 0 179
fre 2404 1428 11 179 179
trop 2540 1420 67 179 179
trop 2652 1428 68 179 179
zabor 2832 1424 25 0 8
fre 2916 1436 15 179 179
dom 2912 1408 293 0 179
lay 2920 1416 50 0 179
fre 2980 1428 15 179 179
trop 3076 1420 48 179 179
fre 3180 1412 11 179 179
fre 3204 1436 15 179 179
fre 3236 1436 15 179 179
tree 3304 1416 49 0 179
tree 3352 1432 29 0 179
tree 3352 1416 26 0 179
fre 3372 1412 11 179 179
fre 3380 1420 11 179 179
fre 3380 1436 11 179 179
tree 3384 1432 52 0 179
fre 3508 1420 11 179 179
lay 3608 1432 61 0 179
lay 3640 1432 61 0 179
lay 3624 1432 61 0 179
fre 3676 1420 11 179 179
fre 3652 1436 12 179 179
fre 3780 1428 11 179 179
lay 3800 1432 63 0 179
fre 3836 1436 11 179 179
fre 3924 1412 12 179 179
lay 4056 1432 61 0 179
fre 4156 1428 11 179 179
fre 4156 1420 11 179 179
fre 4180 1436 11 179 179
fre 4188 1420 11 179 179
fre 4196 1428 11 179 179
fre 4244 1412 26 179 179
tree 4312 1416 4 0 179
tree 4296 1416 57 0 179
tree 4392 1416 57 0 179
tree 4392 1432 27 0 179
tree 4472 1416 11 0 179
tree 4456 1416 58 0 179
tree 4712 1416 37 0 179
tree 4728 1416 17 0 179
tree 4728 1432 37 0 179
tree 4920 1432 51 0 179
tree 4904 1416 27 0 179
tree 4952 1416 35 0 179
tree 4952 1432 11 0 179
tree 5016 1416 17 0 179
tree 5016 1432 52 0 179
tree 5112 1432 51 0 179
tree 5144 1432 11 0 179
tree 5128 1432 2 0 179
tree 5208 1416 50 0 179
fre 5500 1428 26 179 179
dom 5664 1408 175 0 179
fre 5708 1412 11 179 179
zabor 6128 1424 30 0 8
zabor 7024 1424 27 0 8
tree 7096 1432 50 0 179
tree 7208 1416 27 0 179
lay 7208 1432 61 0 179
tree 7352 1432 43 0 179
tree 7352 1416 21 0 179
tree 7368 1416 11 0 179
lay 7464 1432 63 0 179
fre 7492 1428 11 179 179
lay 7608 1416 61 0 179
lay 7768 1416 61 0 179
lay 7752 1432 63 0 179
fre 7884 1412 12 179 179
fre 7900 1428 12 179 179
lay 7896 1432 32 0 179
fre 7884 1420 11 179 179
fre 7908 1436 12 179 179
fre 7908 1412 12 179 179
fre 7908 1428 11 179 179
fre 7916 1436 11 179 179
cliff 7952 1408 119 179 179
stand 152 1464 274 0 179
trop 252 1468 85 179 179
trop 372 1452 75 179 179
cliff 496 1456 4 179 179
cliff 528 1440 8 179 179
tree 1704 1448 57 0 179
tree 1704 1464 2 0 179
tree 1816 1464 52 0 179
tree 1816 1448 29 0 179
fre 1948 1444 11 179 179
fre 1988 1468 11 179 179
fre 1988 1444 11 179 179
fre 2004 1468 11 179 179
fre 2196 1460 11 179 179
fre 2188 1460 11 179 179
fre 2196 1452 11 179 179
tree 2312 1448 50 0 179
tree 2344 1464 2 0 179
tree 2360 1464 13 0 179
fre 2340 1460 11 179 179
fre 2340 1452 11 179 179
tree 2392 1464 2 0 179
fre 2404 1468 11 179 179
fre 2580 1444 26 179 179
zabor 2832 1456 30 0 8
lay 2904 1448 50 0 179
lay 2888 1448 50 0 179
lay 3000 1464 50 0 179
lay 2984 1464 50 0 179
tree 3032 1448 51 0 179
trop 3076 1452 48 179 179
fre 3132 1452 15 179 179
trop 3140 1444 67 179 179
lay 3160 1464 50 0 179
fre 3188 1452 11 179 179
lay 3192 1448 50 0 179
fre 3204 1468 11 179 179
fre 3212 1452 15 179 179
dom 3264 1440 315 0 179
fre 3300 1452 11 179 179
fre 3316 1460 11 179 179
fre 3324 1460 11 179 179
tree 3320 1448 51 0 179
tree 3304 1448 11 0 179
lay 3320 1448 50 0 179
fre 3356 1452 11 179 179
tree 3352 1464 57 0 179
fre 3380 1460 11 179 179
fre 3380 1444 11 179 179
fre 3364 1444 11 179 179
fre 3364 1460 11 179 179
lay 3384 1464 50 0 179
fre 3388 1468 29 179 179
lay 3640 1448 61 0 179
fre 3748 1468 12 179 179
lay 3832 1464 61 0 179
fre 3924 1460 11 179 179
fre 4108 1444 11 179 179
fre 4188 1460 11 179 179
fre 4204 1452 11 179 179
tree 4392 1448 44 0 179
tree 4392 1464 43 0 179
tree 4504 1464 19 0 179
fre 4548 1468 11 179 179
fre 4556 1452 15 179 179
tree 4696 1448 27 0 179
lay 4776 1448 45 0 179
tree 5000 1464 43 0 179
tree 5080 1464 5 0 179
tree 5064 1448 49 0 179
fre 5500 1452 19 179 179
fre 5516 1444 26 179 179
fre 5532 1460 27 179 179
fre 5524 1444 17 179 179
fre 5548 1452 26 179 179
fre 5540 1444 28 179 179
fre 5540 1452 22 179 179
fre 5548 1444 18 179 179
fre 5580 1460 26 179 179
fre 5660 1468 11 179 179
trop 5812 1468 68 179 179
tree 5928 1464 50 0 179
zabor 6128 1456 31 0 8
zabor 7024 1456 24 0 8
tree 7352 1448 50 0 179
lay 7544 1464 63 0 179
fre 7540 1468 11 179 179
lay 7544 1448 28 0 179
fre 7652 1452 11 179 179
fre 7716 1460 11 179 179
fre 7900 1444 12 179 179
cliff 7952 1440 120 179 179
trop 260 1492 85 179 179
trop 364 1500 75 179 179
trop 404 1500 75 179 179
fre 444 1500 12 179 179
dom 448 1472 66 0 179
stand 472 1480 157 0 179
stand 472 1496 181 0 179
stand 456 1496 180 0 179
cliff 496 1488 28 179 179
cliff 480 1472 34 179 179
fre 540 1476 61 179 179
fre 572 1500 61 179 179
fre 564 1492 61 179 179
lay 568 1496 8 0 179
fre 588 1492 61 179 179
tree 1832 1480 5 0 179
tree 1880 1496 21 0 179
tree 1896 1496 57 0 179
tree 1944 1496 29 0 179
fre 1948 1476 11 179 179
fre 1948 1492 15 179 179
fre 2004 1484 11 179 179
trop 2100 1492 48 179 179
trop 2100 1484 48 179 179
tree 2136 1496 21 0 179
tree 2136 1480 21 0 179
fre 2156 1476 11 179 179
fre 2188 1476 11 179 179
tree 2216 1480 11 0 179
tree 2216 1496 58 0 179
tree 2248 1480 58 0 179
tree 2248 1496 35 0 179
tree 2296 1480 18 0 179
tree 2312 1480 40 0 179
tree 2376 1480 50 0 179
lay 2376 1480 28 0 179
fre 2420 1500 11 179 179
fre 2468 1500 11 179 179
zabor 2832 1488 29 0 8
lay 2904 1480 50 0 179
lay 2984 1496 50 0 179
trop 3076 1500 48 179 179
fre 3148 1492 15 179 179
fre 3188 1492 15 179 179
dom 3168 1472 316 0 179
fre 3228 1476 11 179 179
fre 3204 1476 15 179 179
fre 3332 1484 11 179 179
fre 3348 1484 11 179 179
fre 3364 1476 11 179 179
fre 3556 1476 11 179 179
lay 3672 1480 28 0 179
lay 4008 1496 28 0 179
lay 4024 1480 63 0 179
fre 4052 1484 11 179 179
fre 4180 1500 11 179 179
fre 4212 1484 11 179 179
tree 4376 1480 13 0 179
tree 4408 1496 11 0 179
tree 4536 1496 58 0 179
tree 4520 1496 43 0 179
tree 4520 1480 44 0 179
tree 4552 1496 57 0 179
fre 4564 1492 11 179 179
fre 4604 1492 11 179 179
fre 4660 1484 11 179 179
fre 4660 1476 11 179 179
fre 4668 1492 11 179 179
fre 4676 1500 11 179 179
tree 4728 1496 9 0 179
lay 4744 1480 34 0 179
tree 4760 1480 5 0 179
lay 4776 1496 42 0 179
tree 5016 1480 50 0 179
tree 5080 1480 52 0 179
tree 5208 1496 51 0 179
fre 5484 1476 26 179 179
fre 5564 1500 26 179 179
fre 5572 1500 28 179 179
fre 5612 1500 26 179 179
fre 5692 1484 11 179 179
fre 5692 1500 11 179 179
trop 6028 1500 65 179 179
zabor 6128 1488 24 0 8
zabor 7024 1488 27 0 8
lay 7304 1480 61 0 179
tree 7384 1496 19 0 179
fre 7364 1484 11 179 179
fre 7892 1476 11 179 179
fre 7892 1484 11 179 179
fre 7916 1484 11 179 179
cliff 7952 1472 125 179 179
trop 7980 1484 67 179 179
trop 276 1516 85 179 179
fre 460 1516 12 179 179
fre 476 1516 12 179 179
stand 472 1512 182 0 179
stand 488 1528 161 0 179
stand 504 1528 160 0 179
stand 504 1512 158 0 179
fre 484 1508 12 179 179
cliff 528 1520 31 179 179
cliff 512 1504 36 179 179
fre 572 1516 61 179 179
tree 824 1512 58 0 179
tree 808 1512 59 0 179
tree 888 1512 2 0 179
tree 1816 1528 26 0 179
tree 1880 1512 35 0 179
tree 1864 1528 2 0 179
tree 1912 1512 2 0 179
tree 1928 1512 35 0 179
fre 1940 1524 11 179 179
fre 2012 1508 11 179 179
tree 2136 1512 27 0 179
tree 2152 1528 43 0 179
fre 2172 1516 11 179 179
tree 2200 1512 4 0 179
tree 2200 1528 13 0 179
fre 2204 1508 11 179 179
fre 2244 1508 11 179 179
fre 2276 1516 11 179 179
fre 2348 1508 11 179 179
fre 2348 1516 11 179 179
fre 2340 1524 11 179 179
fre 2428 1524 11 179 179
fre 2428 1516 15 179 179
fre 2412 1532 11 179 179
fre 2436 1524 11 179 179
trop 2540 1508 67 179 179
trop 2652 1508 68 179 179
zabor 2832 1520 28 0 8
zabor 2864 1520 30 0 8
zabor 2896 1520 26 0 8
zabor 2928 1520 31 0 8
zabor 2960 1520 30 0 8
zabor 2992 1520 24 0 8
zabor 3024 1520 30 0 8
trop 3076 1532 48 179 179
trop 3140 1532 67 179 179
fre 3500 1508 11 179 179
fre 3540 1524 11 179 179
lay 3800 1528 28 0 179
fre 4124 1524 12 179 179
fre 4188 1524 11 179 179
tree 4424 1512 50 0 179
tree 4456 1528 2 0 179
tree 4472 1528 13 0 179
tree 4504 1528 2 0 179
tree 4568 1528 35 0 179
tree 4568 1512 44 0 179
fre 4572 1532 15 179 179
tree 4584 1528 59 0 179
fre 4596 1524 11 179 179
fre 4604 1508 11 179 179
tree 4664 1512 11 0 179
fre 4684 1508 11 179 179
fre 4684 1532 11 179 179
fre 4700 1532 11 179 179
tree 4680 1528 4 0 179
tree 4680 1512 59 0 179
lay 4744 1512 32 0 179
fre 4788 1524 11 179 179
tree 4952 1528 19 0 179
tree 4968 1528 50 0 179
tree 5000 1512 5 0 179
tree 5080 1528 59 0 179
tree 5064 1512 13 0 179
fre 5476 1524 26 179 179
fre 5524 1508 26 179 179
fre 5572 1516 26 179 179
fre 5708 1508 11 179 179
fre 5700 1524 11 179 179
tree 5736 1512 2 0 179
zabor 6096 1520 34 0 9
zabor 6128 1520 39 0 9
zabor 7024 1520 27 0 8
fre 7372 1508 11 179 179
fre 7524 1516 11 179 179
lay 7528 1528 28 0 179
fre 7620 1508 11 179 179
fre 7660 1532 11 179 179
fre 7780 1532 11 179 179
cliff 7952 1504 119 179 179
stand 248 1560 275 0 179
trop 308 1556 83 179 179
dom 352 1536 100 0 179
trop 388 1556 75 179 179
dom 448 1536 250 0 179
lay 456 1560 60 0 179
stand 504 1560 159 0 179
tree 520 1560 27 0 179
cliff 528 1536 11 179 179
fre 588 1540 61 179 179
tree 824 1560 51 0 179
tree 824 1544 51 0 179
tree 1816 1560 17 0 179
tree 1816 1544 5 0 179
tree 1928 1544 12 0 179
fre 1972 1556 11 179 179
fre 1956 1548 11 179 179
trop 2100 1556 48 179 179
trop 2100 1564 48 179 179
fre 2164 1556 11 179 179
tree 2200 1544 59 0 179
tree 2200 1560 50 0 179
fre 2188 1548 15 179 179
fre 2180 1564 11 179 179
fre 2244 1540 11 179 179
fre 2244 1564 11 179 179
tree 2280 1560 36 0 179
fre 2292 1540 11 179 179
tree 2360 1560 51 0 179
fre 2404 1548 11 179 179
tree 2440 1560 50 0 179
tree 2472 1560 25 0 179
tree 2488 1560 29 0 179
fre 2844 1564 23 179 179
fre 2852 1564 14 179 179
fre 2868 1564 14 179 179
fre 2876 1556 27 179 179
fre 2868 1556 23 179 179
fre 2900 1548 26 179 179
fre 2908 1564 27 179 179
fre 2884 1556 23 179 179
fre 2900 1556 26 179 179
fre 2916 1548 22 179 179
fre 2932 1556 1 179 179
fre 2924 1548 28 179 179
fre 2940 1548 1 179 179
fre 2948 1564 20 179 179
fre 2964 1548 14 179 179
fre 2956 1548 28 179 179
fre 2972 1564 26 179 179
fre 2948 1540 27 179 179
fre 2980 1548 27 179 179
fre 2988 1548 26 179 179
fre 3004 1564 23 179 179
tree 3400 1560 18 0 179
fre 3716 1556 11 179 179
fre 3820 1540 12 179 179
fre 3996 1540 12 179 179
fre 4060 1540 11 179 179
tree 4248 1560 21 0 179
tree 4248 1544 21 0 179
tree 4328 1544 11 0 179
tree 4328 1560 58 0 179
tree 4360 1544 58 0 179
tree 4360 1560 35 0 179
tree 4408 1544 18 0 179
tree 4424 1544 40 0 179
tree 4488 1544 50 0 179
fre 4532 1564 11 179 179
tree 4600 1544 50 0 179
fre 4580 1564 11 179 179
tree 4616 1544 2 0 179
fre 4700 1564 11 179 179
fre 4716 1548 11 179 179
fre 4732 1556 11 179 179
lay 4712 1560 46 0 179
tree 4744 1560 37 0 179
fre 4780 1564 11 179 179
fre 4804 1540 11 179 179
tree 4968 1544 43 0 179
tree 5048 1560 20 0 179
tree 5032 1544 37 0 179
fre 5100 1564 11 179 179
fre 5092 1548 11 179 179
fre 5100 1556 11 179 179
fre 5108 1548 11 179 179
tree 5208 1544 50 0 179
fre 5204 1564 11 179 179
fre 5196 1556 11 179 179
fre 5292 1556 26 179 179
fre 5284 1564 11 179 179
fre 5292 1548 11 179 179
fre 5500 1548 35 179 179
fre 5492 1556 26 179 179
fre 5548 1548 26 179 179
fre 5596 1548 28 179 179
fre 5612 1564 26 179 179
fre 5612 1540 26 179 179
fre 5604 1540 27 179 179
fre 5604 1548 18 179 179
fre 5716 1564 11 179 179
tree 5736 1560 58 0 179
trop 5812 1548 68 179 179
zabor 6128 1552 38 0 9
zabor 7024 1552 29 0 8
lay 7304 1544 61 0 179
fre 7324 1564 11 179 179
tree 7368 1560 50 0 179
fre 7476 1540 11 179 179
lay 7720 1560 28 0 179
fre 7796 1540 11 179 179
fre 7892 1540 11 179 179
cliff 7952 1536 125 179 179
trop 316 1596 83 179 179
trop 364 1572 75 179 179
trop 380 1596 75 179 179
dom 448 1568 250 0 179
stand 504 1576 158 0 179
stand 504 1592 156 0 179
cliff 528 1568 15 179 179
fre 596 1580 61 179 179
fre 604 1596 61 179 179
fre 620 1572 26 179 179
tree 824 1592 57 0 179
tree 904 1576 21 0 179
tree 952 1592 21 0 179
tree 968 1592 19 0 179
tree 968 1576 13 0 179
dom 1408 1568 82 0 179
tree 1784 1576 50 0 179
tree 1816 1592 19 0 179
tree 1928 1576 43 0 179
tree 1928 1592 25 0 179
fre 2172 1596 11 179 179
tree 2184 1576 57 0 179
tree 2184 1592 2 0 179
fre 2196 1588 11 179 179
fre 2236 1588 11 179 179
tree 2296 1592 52 0 179
tree 2296 1576 29 0 179
fre 2332 1596 11 179 179
lay 2328 1576 28 0 179
fre 2388 1596 11 179 179
fre 2428 1572 11 179 179
fre 2468 1596 11 179 179
fre 2468 1572 11 179 179
fre 2484 1596 11 179 179
trop 2540 1596 67 179 179
trop 2652 1588 68 179 179
fre 2756 1596 27 179 179
fre 2812 1580 27 179 179
fre 2836 1572 14 179 179
fre 2836 1580 26 179 179
fre 2844 1596 27 179 179
fre 2820 1572 23 179 179
fre 2820 1588 23 179 179
fre 2836 1588 26 179 179
fre 2820 1580 20 179 179
fre 2844 1588 1 179 179
fre 2852 1580 22 179 179
fre 2868 1588 1 179 179
fre 2860 1596 22 179 179
fre 2868 1572 27 179 179
fre 2876 1580 20 179 179
fre 2860 1572 28 179 179
fre 2876 1588 27 179 179
fre 2860 1580 28 179 179
fre 2908 1596 11 179 179
fre 2892 1572 20 179 179
fre 2900 1588 19 179 179
fre 2892 1596 22 179 179
fre 2884 1580 26 179 179
fre 2884 1596 20 179 179
fre 2900 1580 14 179 179
fre 2892 1580 28 179 179
fre 2900 1572 20 179 179
fre 2908 1572 28 179 179
fre 2884 1572 27 179 179
fre 2932 1596 11 179 179
fre 2932 1588 27 179 179
fre 2924 1572 28 179 179
fre 2940 1572 5 179 179
fre 2916 1596 28 179 179
fre 2924 1596 28 179 179
fre 2916 1580 27 179 179
fre 2924 1580 26 179 179
fre 2964 1588 20 179 179
fre 2972 1572 28 179 179
fre 2972 1580 27 179 179
fre 2996 1580 26 179 179
fre 3004 1596 27 179 179
fre 2980 1572 23 179 179
fre 2980 1588 23 179 179
fre 2996 1588 26 179 179
fre 3004 1588 12 179 179
fre 3012 1580 22 179 179
fre 3028 1588 1 179 179
fre 3348 1580 28 179 179
tree 3384 1592 28 0 179
tree 3384 1576 52 0 179
fre 3364 1588 27 179 179
fre 3388 1596 23 179 179
fre 3364 1596 5 179 179
fre 3372 1580 1 179 179
fre 3508 1588 11 179 179
fre 3540 1596 11 179 179
fre 3540 1572 11 179 179
lay 3576 1592 61 0 179
fre 3676 1572 11 179 179
fre 3684 1572 11 179 179
fre 3708 1572 11 179 179
lay 3928 1576 28 0 179
fre 3916 1572 11 179 179
tree 3928 1576 21 0 179
lay 3944 1592 61 0 179
fre 4020 1596 11 179 179
fre 4084 1588 12 179 179
fre 4140 1572 11 179 179
tree 4248 1576 27 0 179
tree 4264 1592 43 0 179
tree 4312 1576 4 0 179
tree 4312 1592 13 0 179
fre 4540 1588 11 179 179
fre 4540 1580 15 179 179
fre 4548 1588 11 179 179
tree 4632 1576 19 0 179
fre 4700 1580 11 179 179
tree 4696 1592 59 0 179
fre 4724 1572 11 179 179
fre 4724 1596 11 179 179
fre 4740 1580 11 179 179
fre 4804 1572 11 179 179
fre 4844 1588 11 179 179
fre 4884 1588 11 179 179
fre 4940 1588 11 179 179
fre 4964 1588 11 179 179
fre 5108 1580 11 179 179
fre 5132 1580 11 179 179
fre 5148 1580 11 179 179
fre 5124 1572 11 179 179
fre 5124 1588 11 179 179
fre 5156 1580 11 179 179
fre 5180 1588 11 179 179
tree 5176 1576 20 0 179
tree 5176 1592 13 0 179
tree 5208 1592 43 0 179
fre 5188 1580 11 179 179
fre 5204 1588 11 179 179
fre 5244 1596 11 179 179
fre 5236 1580 11 179 179
fre 5228 1588 11 179 179
fre 5244 1588 11 179 179
tree 5240 1576 60 0 179
fre 5276 1596 11 179 179
fre 5268 1580 11 179 179
tree 5272 1592 13 0 179
lay 5288 1592 39 0 179
fre 5340 1588 26 179 179
fre 5524 1572 26 179 179
fre 5564 1580 26 179 179
fre 5588 1580 26 179 179
fre 5620 1588 20 179 179
fre 5652 1580 26 179 179
fre 5724 1588 11 179 179
trop 6028 1588 65 179 179
zabor 7024 1584 27 0 8
fre 7316 1588 11 179 179
tree 7368 1576 21 0 179
fre 7372 1572 11 179 179
fre 7476 1588 11 179 179
lay 7480 1592 28 0 179
lay 7496 1576 61 0 179
lay 7512 1576 63 0 179
fre 7612 1588 11 179 179
lay 7672 1576 63 0 179
lay 7704 1576 61 0 179
fre 7756 1572 11 179 179
lay 7784 1576 63 0 179
lay 7832 1592 61 0 179
fre 7812 1596 11 179 179
fre 7924 1572 11 179 179
cliff 7952 1568 125 179 179
trop 7980 1572 67 179 179
stand 472 1624 210 0 179
fre 484 1628 12 179 179
fre 492 1620 12 179 179
fre 508 1620 12 179 179
stand 488 1608 181 0 179
tree 488 1624 60 0 179
cliff 528 1600 13 179 179
fre 596 1628 12 179 179
fre 588 1620 12 179 179
fre 588 1612 12 179 179
lay 616 1624 8 0 179
tree 824 1608 4 0 179
tree 808 1608 57 0 179
tree 904 1608 57 0 179
tree 904 1624 27 0 179
tree 984 1608 11 0 179
tree 968 1608 58 0 179
tree 1240 1608 27 0 179
tree 1304 1624 51 0 179
lay 1320 1608 45 0 179
tree 1816 1608 44 0 179
tree 1816 1624 57 0 179
tree 1800 1608 11 0 179
tree 1848 1624 21 0 179
tree 1832 1624 35 0 179
tree 1944 1624 21 0 179
tree 1944 1608 27 0 179
tree 1928 1608 12 0 179
fre 2148 1612 11 179 179
fre 2164 1628 11 179 179
fre 2204 1628 15 179 179
fre 2236 1604 11 179 179
fre 2228 1620 11 179 179
fre 2284 1612 11 179 179
tree 2312 1608 5 0 179
fre 2308 1604 11 179 179
tree 2360 1624 21 0 179
tree 2376 1624 57 0 179
tree 2424 1624 29 0 179
fre 2428 1604 11 179 179
fre 2428 1620 15 179 179
lay 2408 1608 61 0 179
fre 2484 1612 11 179 179
fre 2732 1628 17 179 179
fre 2796 1612 28 179 179
fre 2812 1612 1 179 179
fre 2836 1612 14 179 179
fre 2828 1612 28 179 179
fre 2836 1604 20 179 179
fre 2844 1604 28 179 179
fre 2820 1604 27 179 179
fre 2860 1604 28 179 179
fre 2876 1604 5 179 179
fre 2852 1612 27 179 179
fre 2860 1612 26 179 179
fre 2852 1620 20 179 179
fre 2876 1628 23 179 179
fre 2908 1604 12 179 179
tree 2904 1608 0 0 179
fre 2884 1628 14 179 179
fre 2900 1628 14 179 179
fre 2908 1620 27 179 179
fre 2900 1620 23 179 179
fre 2932 1612 26 179 179
fre 2916 1620 23 179 179
fre 2932 1620 26 179 179
fre 2924 1612 1 179 179
tree 2968 1608 48 0 179
fre 2972 1612 23 179 179
fre 2948 1612 22 179 179
fre 2964 1620 1 179 179
fre 2956 1612 28 179 179
fre 2980 1604 12 179 179
fre 2980 1628 20 179 179
fre 2996 1612 14 179 179
fre 2988 1612 28 179 179
fre 3004 1628 26 179 179
fre 2996 1604 20 179 179
fre 3004 1604 28 179 179
fre 3020 1604 28 179 179
fre 3036 1604 5 179 179
fre 3012 1612 27 179 179
fre 3020 1612 26 179 179
trop 3076 1612 48 179 179
trop 3140 1620 67 179 179
fre 3356 1612 27 179 179
tree 3384 1624 5 0 179
fre 3380 1604 19 179 179
fre 3380 1612 26 179 179
fre 3388 1628 27 179 179
fre 3364 1604 23 179 179
fre 3364 1620 23 179 179
fre 3380 1620 26 179 179
tree 3416 1624 49 0 179
fre 3396 1612 22 179 179
fre 3412 1620 1 179 179
fre 3500 1620 11 179 179
fre 3636 1612 12 179 179
lay 3656 1624 61 0 179
lay 3752 1608 28 0 179
lay 3800 1624 61 0 179
fre 3812 1604 12 179 179
lay 3912 1624 63 0 179
tree 3912 1624 59 0 179
tree 3960 1624 44 0 179
fre 3972 1628 12 179 179
fre 4012 1612 11 179 179
fre 4036 1612 11 179 179
fre 4044 1604 11 179 179
tree 4312 1608 59 0 179
tree 4312 1624 50 0 179
tree 4392 1624 36 0 179
tree 4472 1624 51 0 179
tree 4552 1624 50 0 179
tree 4584 1624 25 0 179
tree 4600 1624 29 0 179
lay 4632 1608 61 0 179
fre 4644 1628 11 179 179
fre 4660 1604 11 179 179
fre 4700 1628 11 179 179
fre 4692 1620 11 179 179
fre 4724 1612 11 179 179
fre 4708 1620 11 179 179
tree 5208 1624 51 0 179
fre 5220 1612 11 179 179
fre 5236 1612 11 179 179
fre 5260 1620 11 179 179
fre 5252 1620 11 179 179
fre 5268 1620 11 179 179
lay 5304 1624 32 0 179
fre 5300 1620 11 179 179
fre 5284 1604 11 179 179
fre 5284 1620 11 179 179
fre 5292 1628 11 179 179
fre 5332 1612 27 179 179
fre 5324 1620 26 179 179
fre 5316 1620 26 179 179
fre 5340 1604 26 179 179
fre 5356 1628 26 179 179
fre 5372 1620 26 179 179
fre 5524 1604 26 179 179
fre 5628 1604 28 179 179
fre 5636 1612 26 179 179
fre 5724 1612 11 179 179
trop 5812 1628 68 179 179
zabor 6128 1616 32 0 9
zabor 7024 1616 34 0 9
fre 7316 1612 11 179 179
fre 7356 1604 32 179 179
tree 7352 1624 5 0 179
tree 7352 1608 52 0 179
fre 7516 1628 11 179 179
fre 7548 1604 11 179 179
fre 7716 1628 11 179 179
lay 7832 1624 61 0 179
fre 7900 1628 11 179 179
cliff 7952 1600 120 179 179
lay 8104 1624 65 0 179
trop 324 1636 83 179 179
trop 444 1652 75 179 179
trop 428 1636 75 179 179
fre 444 1660 83 179 179
fre 428 1644 57 179 179
fre 452 1652 57 179 179
fre 468 1652 12 179 179
fre 476 1660 12 179 179
stand 472 1640 182 0 179
fre 492 1644 12 179 179
fre 492 1636 12 179 179
stand 504 1640 178 0 179
stand 488 1656 179 0 179
cliff 528 1632 13 179 179
tree 584 1640 59 0 179
tree 584 1656 57 0 179
fre 604 1652 12 179 179
fre 596 1644 12 179 179
fre 668 1636 26 179 179
tree 904 1640 44 0 179
tree 904 1656 43 0 179
tree 1016 1656 19 0 179
fre 1060 1660 11 179 179
fre 1068 1644 15 179 179
fre 1204 1644 11 179 179
fre 1204 1636 11 179 179
fre 1212 1652 11 179 179
fre 1220 1660 11 179 179
tree 1272 1656 9 0 179
lay 1288 1640 34 0 179
tree 1304 1640 5 0 179
lay 1320 1656 42 0 179
tree 1816 1640 50 0 179
tree 1848 1640 35 0 179
tree 1832 1640 2 0 179
tree 1880 1656 17 0 179
tree 1928 1640 19 0 179
trop 2100 1636 48 179 179
trop 2100 1644 48 179 179
fre 2164 1660 11 179 179
fre 2212 1660 11 179 179
tree 2296 1656 26 0 179
fre 2292 1644 11 179 179
lay 2328 1640 61 0 179
fre 2308 1660 11 179 179
fre 2308 1644 11 179 179
tree 2360 1640 35 0 179
tree 2344 1656 2 0 179
tree 2392 1640 2 0 179
tree 2408 1640 35 0 179
fre 2420 1652 11 179 179
fre 2420 1660 11 179 179
fre 2492 1636 11 179 179
trop 2652 1652 68 179 179
lay 2840 1640 7 0 179
tree 2840 1656 16 0 179
fre 2844 1644 27 179 179
fre 2860 1636 11 179 179
fre 2852 1636 14 179 179
fre 2868 1644 26 179 179
fre 2876 1660 27 179 179
fre 2852 1652 23 179 179
fre 2868 1652 26 179 179
fre 2852 1644 20 179 179
fre 2876 1652 1 179 179
fre 2884 1644 22 179 179
fre 2900 1652 1 179 179
fre 2892 1660 22 179 179
fre 2900 1636 27 179 179
fre 2892 1636 28 179 179
fre 2908 1652 27 179 179
fre 2892 1644 28 179 179
fre 2924 1636 20 179 179
fre 2932 1652 19 179 179
fre 2924 1660 22 179 179
fre 2916 1660 20 179 179
fre 2932 1644 14 179 179
fre 2940 1660 26 179 179
fre 2932 1636 20 179 179
fre 2940 1636 28 179 179
fre 2916 1636 27 179 179
fre 2916 1652 23 179 179
fre 2940 1652 12 179 179
fre 2964 1652 27 179 179
fre 2956 1636 28 179 179
fre 2972 1636 5 179 179
fre 2948 1660 28 179 179
fre 2956 1660 28 179 179
fre 2948 1644 27 179 179
fre 2956 1644 26 179 179
fre 3004 1636 28 179 179
fre 3340 1644 28 179 179
fre 3356 1644 1 179 179
fre 3364 1660 20 179 179
fre 3380 1644 14 179 179
fre 3372 1644 28 179 179
fre 3388 1660 26 179 179
fre 3380 1636 20 179 179
fre 3388 1636 28 179 179
fre 3364 1636 27 179 179
fre 3404 1636 28 179 179
fre 3420 1636 5 179 179
fre 3396 1660 28 179 179
fre 3404 1660 28 179 179
fre 3396 1644 27 179 179
fre 3412 1660 26 179 179
fre 3404 1644 26 179 179
tree 3432 1656 26 0 179
fre 3428 1652 23 179 179
fre 3436 1660 26 179 179
fre 3508 1636 11 179 179
fre 3540 1660 11 179 179
fre 3540 1652 11 179 179
lay 3560 1656 61 0 179
fre 3620 1660 12 179 179
fre 3716 1652 11 179 179
fre 3740 1660 11 179 179
fre 3748 1660 11 179 179
fre 3748 1644 11 179 179
fre 3932 1636 11 179 179
tree 3944 1656 50 0 179
lay 4104 1640 63 0 179
fre 4132 1652 11 179 179
fre 4148 1660 11 179 179
fre 4188 1652 11 179 179
tree 4296 1640 57 0 179
tree 4296 1656 2 0 179
tree 4408 1656 52 0 179
tree 4408 1640 29 0 179
fre 4540 1636 11 179 179
fre 4580 1660 11 179 179
fre 4580 1636 11 179 179
fre 4596 1660 11 179 179
tree 4632 1640 4 0 179
lay 4696 1640 61 0 179
lay 4680 1640 61 0 179
fre 4692 1660 11 179 179
fre 4700 1652 11 179 179
fre 4716 1636 11 179 179
fre 4716 1652 11 179 179
fre 4764 1636 11 179 179
lay 4744 1656 61 0 179
lay 4744 1640 61 0 179
fre 4796 1636 11 179 179
fre 5108 1660 12 179 179
fre 5124 1644 11 179 179
fre 5276 1660 11 179 179
fre 5268 1644 11 179 179
fre 5300 1652 11 179 179
lay 5320 1656 36 0 179
tree 5496 1656 9 0 179
fre 5572 1636 26 179 179
fre 5572 1644 27 179 179
fre 5580 1660 20 179 179
fre 5580 1652 17 179 179
fre 5612 1660 26 179 179
fre 5604 1660 22 179 179
fre 5644 1636 26 179 179
fre 5660 1636 26 179 179
fre 5652 1644 27 179 179
fre 5668 1636 28 179 179
fre 5684 1644 19 179 179
fre 5716 1652 11 179 179
trop 5812 1660 68 179 179
zabor 6128 1648 34 0 9
zabor 7024 1648 39 0 9
tree 7320 1656 9 0 179
tree 7320 1640 9 0 179
tree 7368 1656 17 0 179
fre 7716 1660 11 179 179
cliff 7952 1632 118 179 179
trop 7980 1660 67 179 179
trop 332 1668 83 179 179
fre 436 1676 57 179 179
fre 436 1668 57 179 179
stand 488 1688 197 0 179
fre 484 1668 12 179 179
cliff 544 1680 6 179 179
tree 600 1688 13 0 179
fre 604 1676 12 179 179
fre 612 1676 12 179 179
fre 676 1692 61 179 179
tree 888 1672 13 0 179
tree 920 1688 11 0 179
tree 1048 1688 58 0 179
tree 1032 1688 43 0 179
tree 1032 1672 44 0 179
tree 1064 1688 57 0 179
fre 1076 1684 11 179 179
fre 1116 1684 11 179 179
tree 1208 1672 11 0 179
fre 1228 1668 11 179 179
fre 1228 1692 11 179 179
fre 1244 1692 11 179 179
tree 1224 1688 4 0 179
tree 1224 1672 59 0 179
lay 1288 1672 32 0 179
fre 1332 1684 11 179 179
zabor 1616 1680 30 0 8
zabor 1648 1680 29 0 8
zabor 1680 1680 31 0 8
tree 1880 1672 17 0 179
fre 2172 1676 15 179 179
fre 2172 1684 11 179 179
fre 2180 1684 11 179 179
tree 2296 1688 17 0 179
tree 2296 1672 5 0 179
fre 2292 1676 11 179 179
tree 2408 1672 12 0 179
trop 2540 1692 67 179 179
fre 2580 1676 11 179 179
fre 2612 1676 11 179 179
trop 2652 1684 68 179 179
lay 2696 1688 27 0 179
fre 2812 1676 14 179 179
fre 2812 1692 23 179 179
fre 2828 1676 28 179 179
fre 2844 1676 1 179 179
fre 2820 1692 14 179 179
fre 2836 1692 14 179 179
fre 2844 1684 27 179 179
fre 2836 1684 23 179 179
fre 2868 1684 12 179 179
fre 2860 1676 1 179 179
fre 2868 1668 20 179 179
fre 2876 1668 28 179 179
fre 2852 1668 27 179 179
fre 2852 1684 23 179 179
fre 2892 1668 28 179 179
fre 2908 1668 5 179 179
fre 2884 1676 27 179 179
fre 2892 1676 26 179 179
fre 2884 1684 20 179 179
fre 2900 1684 1 179 179
fre 2908 1676 1 179 179
fre 2916 1692 20 179 179
fre 2932 1676 14 179 179
fre 2924 1676 28 179 179
fre 2940 1692 26 179 179
fre 2932 1668 20 179 179
fre 2940 1668 28 179 179
fre 2916 1668 27 179 179
fre 2956 1668 28 179 179
fre 2972 1668 5 179 179
fre 2948 1676 27 179 179
fre 2956 1676 26 179 179
trop 3076 1692 48 179 179
trop 3140 1692 67 179 179
fre 3348 1676 28 179 179
fre 3348 1684 19 179 179
fre 3388 1668 28 179 179
fre 3364 1684 28 179 179
fre 3372 1692 1 179 179
fre 3388 1692 23 179 179
fre 3364 1692 5 179 179
fre 3372 1676 1 179 179
fre 3420 1676 12 179 179
fre 3404 1668 15 179 179
fre 3404 1692 28 179 179
fre 3404 1676 23 179 179
fre 3420 1668 28 179 179
fre 3420 1684 26 179 179
fre 3436 1684 27 179 179
fre 3436 1692 19 179 179
fre 3508 1684 11 179 179
fre 3532 1684 11 179 179
fre 3540 1668 11 179 179
tree 3544 1688 28 0 179
lay 3576 1672 61 0 179
tree 3992 1688 19 0 179
fre 4116 1684 11 179 179
fre 4124 1676 11 179 179
fre 4140 1668 11 179 179
fre 4156 1692 11 179 179
fre 4148 1668 11 179 179
tree 4424 1672 5 0 179
tree 4472 1688 21 0 179
tree 4488 1688 57 0 179
tree 4536 1688 29 0 179
fre 4540 1668 11 179 179
fre 4540 1684 15 179 179
tree 4600 1688 19 0 179
fre 4596 1676 11 179 179
fre 4628 1676 11 179 179
lay 4728 1688 61 0 179
lay 4760 1688 61 0 179
lay 4744 1688 61 0 179
fre 4796 1676 11 179 179
fre 4772 1692 12 179 179
fre 4900 1684 11 179 179
lay 4920 1688 63 0 179
fre 4956 1692 11 179 179
fre 5044 1668 12 179 179
lay 5176 1688 61 0 179
fre 5276 1684 11 179 179
fre 5276 1676 11 179 179
fre 5300 1692 11 179 179
fre 5308 1676 11 179 179
fre 5316 1684 11 179 179
fre 5364 1668 26 179 179
tree 5512 1688 52 0 179
fre 5596 1668 28 179 179
fre 5620 1668 19 179 179
lay 5928 1672 21 0 179
trop 6028 1668 65 179 179
zabor 6128 1680 32 0 9
zabor 7024 1680 32 0 9
fre 7332 1668 11 179 179
fre 7332 1684 11 179 179
fre 7684 1676 11 179 179
fre 7780 1692 11 179 179
lay 7848 1672 61 0 179
cliff 7952 1664 120 179 179
stand 8056 1688 252 0 179
trop 332 1708 83 179 179
stand 328 1704 278 0 179
trop 372 1708 75 179 179
trop 452 1716 75 179 179
stand 472 1704 194 0 179
cliff 496 1712 36 179 179
cliff 512 1696 0 179 179
lay 616 1720 43 0 179
fre 644 1708 26 179 179
fre 684 1700 61 179 179
fre 700 1716 61 179 179
fre 692 1700 26 179 179
fre 684 1708 26 179 179
tree 936 1704 50 0 179
tree 968 1720 2 0 179
tree 984 1720 13 0 179
tree 1016 1720 2 0 179
tree 1080 1720 35 0 179
tree 1080 1704 44 0 179
fre 1084 1724 15 179 179
tree 1096 1720 59 0 179
fre 1108 1716 11 179 179
fre 1116 1700 11 179 179
fre 1244 1724 11 179 179
fre 1260 1708 11 179 179
fre 1276 1716 11 179 179
lay 1256 1720 46 0 179
tree 1288 1720 37 0 179
fre 1324 1724 11 179 179
fre 1348 1700 11 179 179
zabor 1488 1712 26 0 8
zabor 1520 1712 26 0 8
zabor 1552 1712 31 0 8
zabor 1584 1712 25 0 8
zabor 1616 1712 26 0 8
fre 1644 1724 11 179 179
fre 1636 1708 11 179 179
fre 1644 1716 11 179 179
fre 1652 1708 11 179 179
zabor 1680 1712 31 0 8
zabor 1712 1712 24 0 8
zabor 1744 1712 25 0 8
fre 1748 1724 11 179 179
fre 1740 1716 11 179 179
zabor 1776 1712 26 0 8
zabor 1808 1712 29 0 8
zabor 1840 1712 24 0 8
fre 1836 1716 26 179 179
fre 1828 1724 11 179 179
fre 1836 1708 11 179 179
zabor 1872 1712 31 0 8
tree 1960 1704 57 0 179
trop 2100 1716 48 179 179
trop 2100 1724 48 179 179
tree 2264 1704 50 0 179
tree 2296 1720 19 0 179
fre 2380 1700 15 179 179
tree 2408 1704 43 0 179
tree 2408 1720 25 0 179
lay 2408 1704 28 0 179
fre 2580 1716 26 179 179
fre 2604 1700 11 179 179
fre 2612 1724 11 179 179
fre 2596 1708 26 179 179
tree 2760 1704 41 0 179
fre 2780 1708 27 179 179
fre 2804 1708 26 179 179
fre 2788 1700 23 179 179
fre 2788 1708 20 179 179
fre 2828 1724 12 179 179
fre 2820 1708 22 179 179
fre 2836 1716 1 179 179
fre 2836 1700 27 179 179
fre 2828 1700 28 179 179
fre 2844 1716 27 179 179
fre 2828 1708 28 179 179
fre 2852 1716 11 179 179
fre 2868 1708 26 179 179
fre 2876 1724 27 179 179
fre 2852 1700 23 179 179
fre 2868 1716 26 179 179
fre 2876 1716 12 179 179
fre 2860 1724 22 179 179
fre 2852 1724 20 179 179
fre 2860 1708 28 179 179
fre 2884 1708 22 179 179
fre 2900 1716 1 179 179
fre 2892 1700 28 179 179
fre 2908 1700 5 179 179
fre 2884 1724 28 179 179
fre 2892 1724 28 179 179
fre 2892 1708 26 179 179
fre 2940 1700 28 179 179
fre 3356 1708 27 179 179
fre 3380 1724 28 179 179
fre 3380 1708 26 179 179
fre 3388 1724 27 179 179
fre 3364 1700 23 179 179
fre 3364 1716 23 179 179
fre 3380 1716 26 179 179
fre 3396 1724 19 179 179
fre 3412 1716 5 179 179
fre 3396 1700 19 179 179
fre 3420 1700 22 179 179
fre 3396 1708 22 179 179
fre 3428 1724 14 179 179
fre 3444 1724 14 179 179
fre 3452 1716 27 179 179
fre 3444 1716 23 179 179
fre 3428 1716 27 179 179
fre 3436 1708 26 179 179
fre 3468 1708 1 179 179
fre 3500 1724 11 179 179
fre 3508 1700 11 179 179
fre 3548 1724 11 179 179
fre 3540 1708 11 179 179
fre 3524 1716 11 179 179
fre 3524 1700 11 179 179
tree 3544 1720 25 0 179
tree 3560 1704 17 0 179
tree 3576 1720 60 0 179
lay 3608 1704 61 0 179
lay 3640 1720 61 0 179
fre 3684 1724 11 179 179
fre 3700 1716 11 179 179
fre 3740 1708 11 179 179
fre 3716 1708 11 179 179
fre 3788 1724 11 179 179
tree 3912 1720 59 0 179
tree 3944 1704 11 0 179
fre 4124 1700 11 179 179
tree 4104 1720 26 0 179
tree 4120 1720 57 0 179
fre 4140 1700 11 179 179
fre 4164 1700 11 179 179
tree 4408 1720 26 0 179
tree 4472 1704 35 0 179
tree 4456 1720 2 0 179
tree 4504 1704 2 0 179
tree 4520 1704 35 0 179
fre 4532 1716 11 179 179
tree 4600 1704 37 0 179
fre 4604 1700 11 179 179
lay 4760 1704 61 0 179
fre 4868 1724 12 179 179
lay 4952 1720 61 0 179
fre 5044 1716 11 179 179
fre 5228 1700 11 179 179
fre 5308 1716 11 179 179
fre 5324 1708 11 179 179
tree 5496 1704 40 0 179
fre 5492 1724 11 179 179
fre 5492 1708 11 179 179
fre 5492 1716 11 179 179
tree 5512 1704 44 0 179
fre 5524 1724 11 179 179
trop 5812 1724 68 179 179
zabor 6128 1712 35 0 9
zabor 7024 1712 34 0 9
fre 7356 1700 32 179 179
tree 7336 1704 17 0 179
tree 7384 1704 36 0 179
fre 7420 1716 11 179 179
tree 7432 1720 17 0 179
tree 7480 1720 36 0 179
fre 7468 1716 11 179 179
tree 7544 1720 26 0 179
fre 7532 1724 11 179 179
tree 7576 1720 40 0 179
tree 7592 1720 20 0 179
tree 7624 1720 17 0 179
tree 7656 1704 52 0 179
tree 7704 1704 49 0 179
tree 7784 1704 18 0 179
lay 7864 1720 61 0 179
cliff 7952 1696 118 179 179
trop 332 1748 83 179 179
dom 384 1728 90 0 179
trop 460 1756 75 179 179
cliff 512 1744 11 179 179
cliff 512 1728 31 179 179
lay 600 1752 30 0 179
lay 616 1736 10 0 179
fre 732 1748 61 179 179
tree 760 1752 21 0 179
tree 760 1736 21 0 179
tree 840 1736 11 0 179
tree 840 1752 58 0 179
tree 872 1736 58 0 179
tree 872 1752 35 0 179
tree 920 1736 18 0 179
tree 936 1736 40 0 179
tree 1000 1736 50 0 179
fre 1044 1756 11 179 179
tree 1112 1736 50 0 179
fre 1092 1756 11 179 179
tree 1128 1736 2 0 179
fre 1244 1740 11 179 179
tree 1240 1752 59 0 179
fre 1268 1732 11 179 179
fre 1268 1756 11 179 179
fre 1284 1740 11 179 179
fre 1348 1732 11 179 179
zabor 1392 1744 24 0 8
fre 1388 1748 11 179 179
zabor 1424 1744 27 0 8
fre 1428 1748 11 179 179
zabor 1456 1744 26 0 8
zabor 1488 1744 27 0 8
fre 1484 1748 11 179 179
fre 1508 1748 11 179 179
fre 1652 1740 11 179 179
fre 1676 1740 11 179 179
fre 1692 1740 11 179 179
fre 1668 1732 11 179 179
fre 1668 1748 11 179 179
fre 1700 1740 11 179 179
fre 1724 1748 11 179 179
tree 1720 1752 13 0 179
fre 1732 1740 11 179 179
fre 1748 1748 11 179 179
tree 1752 1752 21 0 179
fre 1788 1756 11 179 179
fre 1780 1740 11 179 179
fre 1772 1748 11 179 179
fre 1788 1748 11 179 179
tree 1800 1752 27 0 179
fre 1820 1756 11 179 179
fre 1812 1740 11 179 179
tree 1816 1752 13 0 179
lay 1832 1752 39 0 179
fre 1884 1748 26 179 179
zabor 1904 1744 31 0 8
fre 2172 1732 11 179 179
fre 2228 1756 11 179 179
fre 2212 1732 11 179 179
fre 2212 1756 11 179 179
tree 2296 1736 44 0 179
tree 2296 1752 57 0 179
tree 2280 1736 11 0 179
tree 2328 1752 21 0 179
tree 2312 1752 35 0 179
fre 2324 1748 11 179 179
fre 2348 1756 15 179 179
fre 2364 1756 11 179 179
fre 2348 1748 11 179 179
fre 2380 1748 15 179 179
tree 2424 1752 21 0 179
tree 2424 1736 27 0 179
tree 2408 1736 12 0 179
fre 2428 1748 11 179 179
fre 2436 1748 15 179 179
fre 2452 1756 11 179 179
fre 2444 1756 11 179 179
fre 2580 1740 11 179 179
fre 2612 1748 26 179 179
fre 2604 1756 26 179 179
trop 2652 1732 68 179 179
fre 2684 1732 12 179 179
tree 2712 1752 1 0 179
tree 2728 1736 26 0 179
tree 2728 1752 49 0 179
fre 2740 1756 11 179 179
fre 2772 1756 14 179 179
fre 2764 1740 28 179 179
fre 2788 1732 14 179 179
fre 2836 1748 1 179 179
fre 2828 1740 28 179 179
fre 2844 1740 1 179 179
fre 2844 1732 5 179 179
fre 2852 1756 20 179 179
fre 2868 1740 14 179 179
fre 2860 1740 28 179 179
fre 2876 1756 26 179 179
fre 2868 1732 20 179 179
fre 2876 1732 28 179 179
fre 2852 1732 27 179 179
fre 2892 1732 28 179 179
fre 2908 1732 5 179 179
fre 2884 1740 27 179 179
fre 2892 1740 26 179 179
fre 3340 1740 28 179 179
fre 3356 1740 1 179 179
fre 3364 1756 20 179 179
fre 3380 1740 14 179 179
fre 3372 1740 28 179 179
fre 3388 1756 26 179 179
fre 3380 1732 20 179 179
fre 3388 1732 28 179 179
fre 3364 1732 27 179 179
fre 3396 1740 20 179 179
fre 3420 1748 1 179 179
fre 3404 1732 28 179 179
fre 3420 1732 5 179 179
fre 3396 1756 28 179 179
fre 3404 1756 28 179 179
fre 3412 1756 26 179 179
fre 3404 1740 26 179 179
fre 3452 1740 20 179 179
fre 3428 1748 23 179 179
fre 3468 1732 20 179 179
fre 3476 1748 19 179 179
fre 3468 1756 22 179 179
fre 3460 1740 26 179 179
fre 3492 1740 11 179 179
fre 3492 1748 11 179 179
fre 3508 1748 27 179 179
fre 3508 1756 1 179 179
fre 3524 1748 11 179 179
lay 3544 1736 61 0 179
lay 3544 1752 61 0 179
fre 3540 1740 11 179 179
fre 3548 1740 11 179 179
fre 3564 1756 11 179 179
fre 3572 1748 11 179 179
tree 3576 1736 28 0 179
tree 3560 1736 3 0 179
fre 3588 1748 11 179 179
tree 3592 1736 40 0 179
tree 3608 1736 9 0 179
fre 3620 1740 11 179 179
lay 3640 1736 61 0 179
fre 3628 1748 11 179 179
fre 3636 1740 11 179 179
fre 3660 1740 11 179 179
fre 3668 1740 11 179 179
fre 3684 1748 11 179 179
fre 3692 1740 11 179 179
fre 3700 1756 11 179 179
fre 3724 1756 29 179 179
tree 3816 1736 11 0 179
fre 3868 1732 11 179 179
fre 3852 1732 11 179 179
tree 3864 1752 5 0 179
fre 3900 1732 11 179 179
fre 3900 1756 11 179 179
fre 3876 1756 11 179 179
fre 3884 1740 11 179 179
fre 3924 1748 11 179 179
fre 3916 1756 11 179 179
tree 4008 1752 50 0 179
tree 4056 1752 19 0 179
tree 4120 1736 36 0 179
tree 4120 1752 28 0 179
tree 4104 1752 60 0 179
tree 4152 1736 26 0 179
tree 4408 1752 17 0 179
tree 4408 1736 5 0 179
tree 4520 1736 12 0 179
fre 4564 1748 11 179 179
fre 4548 1740 11 179 179
tree 4600 1752 51 0 179
tree 4600 1736 57 0 179
fre 4676 1732 11 179 179
lay 4792 1736 28 0 179
lay 5128 1752 28 0 179
lay 5144 1736 63 0 179
fre 5172 1740 11 179 179
fre 5300 1756 11 179 179
fre 5332 1740 11 179 179
tree 5512 1736 13 0 179
tree 5528 1736 4 0 179
fre 5524 1732 11 179 179
fre 5532 1756 11 179 179
fre 5508 1748 11 179 179
fre 5524 1756 11 179 179
fre 5532 1748 11 179 179
fre 5556 1748 11 179 179
fre 5636 1748 11 179 179
fre 5676 1740 11 179 179
trop 6028 1756 65 179 179
zabor 6128 1744 34 0 9
zabor 7024 1744 38 0 9
zabor 7408 1744 28 0 8
zabor 7568 1744 25 0 8
zabor 7760 1744 29 0 8
zabor 7824 1744 26 0 8
fre 7900 1732 11 179 179
tree 7928 1752 52 0 179
cliff 7952 1728 120 179 179
trop 7980 1748 67 179 179
fre 8076 1748 11 179 179
fre 8068 1748 11 179 179
trop 332 1764 83 179 179
cliff 512 1776 11 179 179
fre 620 1764 8 179 179
fre 628 1788 8 179 179
lay 648 1784 61 0 179
fre 660 1788 8 179 179
fre 700 1764 61 179 179
fre 692 1764 8 179 179
tree 760 1768 27 0 179
tree 776 1784 43 0 179
tree 824 1768 4 0 179
tree 824 1784 13 0 179
fre 1052 1780 11 179 179
fre 1052 1772 15 179 179
fre 1060 1780 11 179 179
tree 1144 1768 19 0 179
zabor 1168 1776 31 0 8
lay 1176 1768 61 0 179
fre 1188 1788 11 179 179
fre 1204 1764 11 179 179
fre 1244 1788 11 179 179
fre 1236 1780 11 179 179
fre 1268 1772 11 179 179
fre 1252 1780 11 179 179
fre 1764 1772 11 179 179
fre 1780 1772 11 179 179
tree 1800 1784 11 0 179
tree 1800 1768 35 0 179
tree 1816 1784 4 0 179
fre 1804 1780 11 179 179
fre 1796 1780 11 179 179
fre 1812 1780 11 179 179
lay 1848 1784 32 0 179
fre 1844 1780 11 179 179
fre 1828 1764 11 179 179
fre 1828 1780 11 179 179
fre 1836 1788 11 179 179
fre 1876 1772 27 179 179
fre 1868 1780 26 179 179
fre 1860 1780 26 179 179
fre 1884 1764 26 179 179
zabor 1904 1776 26 0 8
fre 1900 1788 26 179 179
fre 1916 1780 26 179 179
fre 2172 1780 15 179 179
fre 2172 1764 11 179 179
fre 2228 1772 11 179 179
tree 2296 1768 50 0 179
tree 2328 1768 35 0 179
tree 2312 1768 2 0 179
fre 2332 1788 15 179 179
fre 2332 1764 11 179 179
tree 2360 1784 17 0 179
lay 2344 1784 61 0 179
fre 2356 1772 11 179 179
fre 2340 1764 11 179 179
lay 2392 1784 28 0 179
tree 2408 1768 19 0 179
fre 2444 1772 11 179 179
fre 2476 1772 11 179 179
fre 2484 1780 11 179 179
fre 2524 1780 11 179 179
fre 2532 1772 11 179 179
trop 2564 1772 118 179 179
trop 2652 1764 68 179 179
tree 2664 1784 18 0 179
fre 2684 1772 23 179 179
fre 2692 1764 14 179 179
tree 2744 1784 8 0 179
fre 2780 1788 19 179 179
fre 2772 1764 27 179 179
fre 2764 1764 28 179 179
fre 2804 1764 27 179 179
fre 2812 1780 13 179 179
fre 2804 1772 23 179 179
fre 2804 1788 26 179 179
fre 2796 1780 8 179 179
fre 2788 1772 23 179 179
fre 2796 1788 22 179 179
fre 2788 1788 20 179 179
fre 2812 1788 26 179 179
fre 2836 1780 27 179 179
fre 2828 1764 28 179 179
fre 2844 1764 5 179 179
fre 2820 1788 28 179 179
fre 2828 1788 28 179 179
fre 2820 1772 27 179 179
fre 2828 1772 26 179 179
fre 2876 1764 28 179 179
trop 3076 1772 48 179 179
trop 3140 1772 67 179 179
fre 3356 1788 23 179 179
fre 3388 1764 28 179 179
fre 3364 1780 28 179 179
fre 3372 1788 1 179 179
fre 3364 1788 14 179 179
fre 3380 1788 14 179 179
fre 3388 1780 27 179 179
fre 3380 1780 23 179 179
fre 3412 1764 1 179 179
fre 3404 1764 15 179 179
fre 3404 1772 23 179 179
fre 3420 1764 28 179 179
fre 3420 1780 26 179 179
fre 3412 1772 26 179 179
fre 3420 1788 27 179 179
fre 3396 1780 23 179 179
fre 3428 1780 20 179 179
fre 3436 1788 22 179 179
fre 3444 1780 28 179 179
fre 3436 1772 26 179 179
fre 3452 1764 14 179 179
fre 3436 1780 27 179 179
fre 3452 1788 27 179 179
fre 3468 1772 28 179 179
fre 3484 1780 20 179 179
fre 3484 1772 19 179 179
fre 3476 1780 19 179 179
fre 3468 1764 1 179 179
fre 3516 1780 11 179 179
fre 3500 1788 13 179 179
fre 3492 1788 19 179 179
fre 3540 1772 11 179 179
fre 3564 1764 11 179 179
fre 3564 1788 11 179 179
fre 3556 1788 11 179 179
fre 3556 1764 11 179 179
fre 3588 1780 11 179 179
fre 3604 1788 11 179 179
lay 3656 1784 61 0 179
fre 3684 1764 11 179 179
fre 3684 1772 11 179 179
fre 3708 1780 11 179 179
fre 3700 1764 11 179 179
lay 3704 1784 61 0 179
fre 3716 1788 11 179 179
fre 3740 1788 11 179 179
fre 3732 1780 11 179 179
dom 3776 1760 316 0 179
fre 3868 1780 11 179 179
fre 3860 1780 11 179 179
tree 3864 1784 26 0 179
tree 3864 1768 17 0 179
fre 3892 1780 11 179 179
fre 3884 1764 11 179 179
fre 3884 1780 11 179 179
fre 3876 1788 11 179 179
tree 3880 1768 3 0 179
fre 3924 1772 11 179 179
fre 3908 1764 11 179 179
fre 3924 1788 11 179 179
fre 3916 1780 11 179 179
fre 3908 1780 11 179 179
tree 3912 1768 44 0 179
fre 3948 1780 11 179 179
fre 3940 1788 11 179 179
tree 3960 1768 59 0 179
tree 3976 1768 4 0 179
lay 4120 1768 65 0 179
tree 4376 1768 50 0 179
tree 4408 1784 19 0 179
tree 4520 1768 43 0 179
tree 4520 1784 25 0 179
tree 4600 1768 58 0 179
fre 4620 1764 11 179 179
fre 4660 1780 11 179 179
lay 4920 1784 28 0 179
fre 5244 1780 12 179 179
fre 5308 1780 11 179 179
fre 5564 1764 11 179 179
tree 5720 1768 50 0 179
zabor 6128 1776 27 0 8
zabor 7024 1776 34 0 9
tree 7448 1784 4 0 179
zabor 7504 1776 28 0 8
tree 7496 1784 2 0 179
zabor 7600 1776 27 0 8
zabor 7664 1776 25 0 8
tree 7928 1768 59 0 179
tree 7928 1784 4 0 179
tree 7912 1768 57 0 179
tree 7944 1784 21 0 179
fre 8052 1788 11 179 179
trop 332 1796 83 179 179
stand 328 1800 278 0 179
trop 396 1804 75 179 179
cliff 528 1808 35 179 179
fre 604 1820 8 179 179
fre 580 1804 8 179 179
lay 616 1800 18 0 179
fre 652 1820 8 179 179
fre 692 1804 8 179 179
fre 692 1820 26 179 179
fre 708 1804 8 179 179
fre 732 1812 8 179 179
fre 748 1812 61 179 179
tree 824 1800 59 0 179
tree 824 1816 50 0 179
tree 904 1816 36 0 179
tree 984 1816 51 0 179
tree 1064 1816 50 0 179
tree 1096 1816 25 0 179
tree 1112 1816 29 0 179
zabor 1168 1808 29 0 8
lay 1240 1800 61 0 179
lay 1224 1800 61 0 179
fre 1236 1820 11 179 179
fre 1244 1812 11 179 179
fre 1260 1796 11 179 179
fre 1260 1812 11 179 179
fre 1308 1796 11 179 179
lay 1288 1816 61 0 179
lay 1288 1800 61 0 179
fre 1340 1796 11 179 179
fre 1652 1820 12 179 179
fre 1668 1804 11 179 179
tree 1816 1800 50 0 179
fre 1820 1820 11 179 179
fre 1812 1804 11 179 179
fre 1844 1812 11 179 179
lay 1864 1816 36 0 179
zabor 1904 1808 31 0 8
trop 2100 1796 48 179 179
trop 2100 1804 48 179 179
fre 2164 1812 11 179 179
fre 2236 1796 11 179 179
fre 2324 1804 15 179 179
fre 2332 1820 15 179 179
tree 2360 1800 17 0 179
fre 2524 1796 11 179 179
fre 2532 1796 11 179 179
trop 2620 1812 117 179 179
trop 2652 1812 68 179 179
fre 2716 1820 19 179 179
fre 2740 1796 27 179 179
fre 2748 1812 13 179 179
fre 2740 1804 23 179 179
fre 2740 1820 26 179 179
fre 2732 1812 8 179 179
fre 2724 1804 23 179 179
fre 2780 1804 14 179 179
fre 2780 1820 27 179 179
fre 2780 1796 5 179 179
fre 2764 1804 26 179 179
fre 2812 1804 13 179 179
fre 2804 1796 23 179 179
fre 2796 1796 27 179 179
fre 2796 1820 19 179 179
fre 3284 1804 28 179 179
fre 3284 1812 19 179 179
fre 3300 1812 27 179 179
fre 3324 1820 23 179 179
fre 3300 1820 5 179 179
fre 3308 1804 1 179 179
fre 3324 1804 27 179 179
fre 3332 1812 28 179 179
fre 3332 1796 27 179 179
fre 3348 1804 26 179 179
fre 3356 1820 27 179 179
fre 3348 1812 26 179 179
fre 3332 1804 20 179 179
fre 3356 1812 1 179 179
fre 3332 1820 14 179 179
fre 3348 1820 14 179 179
tree 3352 1800 49 0 179
fre 3380 1820 28 179 179
fre 3364 1804 22 179 179
fre 3380 1812 1 179 179
fre 3380 1796 27 179 179
fre 3388 1804 20 179 179
fre 3372 1796 28 179 179
fre 3372 1804 28 179 179
fre 3380 1804 26 179 179
fre 3364 1812 23 179 179
fre 3396 1820 19 179 179
fre 3396 1796 19 179 179
fre 3420 1796 22 179 179
fre 3404 1820 22 179 179
fre 3396 1804 26 179 179
fre 3404 1804 28 179 179
fre 3420 1820 26 179 179
fre 3412 1796 20 179 179
fre 3444 1796 23 179 179
fre 3452 1804 5 179 179
fre 3428 1820 14 179 179
fre 3452 1812 27 179 179
fre 3444 1812 23 179 179
fre 3428 1812 27 179 179
fre 3436 1804 26 179 179
fre 3476 1796 27 179 179
fre 3468 1804 1 179 179
lay 3544 1800 61 0 179
lay 3592 1816 61 0 179
lay 3608 1800 61 0 179
fre 3588 1804 11 179 179
fre 3612 1812 11 179 179
stand 3592 1816 153 0 179
fre 3628 1812 11 179 179
fre 3636 1804 11 179 179
fre 3620 1820 11 179 179
fre 3668 1820 11 179 179
fre 3652 1804 11 179 179
fre 3692 1812 11 179 179
fre 3708 1796 11 179 179
fre 3724 1820 11 179 179
fre 3740 1796 11 179 179
fre 3860 1804 11 179 179
fre 3900 1796 11 179 179
stand 3880 1816 164 0 179
lay 3896 1800 65 0 179
fre 3932 1812 11 179 179
fre 3908 1812 11 179 179
fre 3916 1804 11 179 179
dom 4064 1792 315 0 179
fre 4108 1812 12 179 179
tree 4312 1800 57 0 179
tree 4408 1800 44 0 179
tree 4408 1816 57 0 179
tree 4392 1800 11 0 179
tree 4440 1816 21 0 179
tree 4424 1816 35 0 179
tree 4536 1816 21 0 179
tree 4536 1800 27 0 179
tree 4520 1800 12 0 179
tree 4600 1816 4 0 179
tree 4600 1800 58 0 179
fre 4836 1812 11 179 179
fre 4940 1796 12 179 179
fre 5116 1796 12 179 179
fre 5180 1796 11 179 179
stand 5608 1816 193 0 179
vor 5644 1796 25 179 179
vor 5684 1796 25 179 179
stand 5704 1816 194 0 179
trop 5812 1804 68 179 179
zabor 6128 1808 28 0 8
zabor 7024 1808 36 0 9
fre 7892 1796 11 179 179
lay 7912 1800 11 0 179
fre 8028 1796 11 179 179
fre 8036 1812 11 179 179
tree 8072 1800 17 0 179
tree 8088 1800 3 0 179
tree 8072 1816 49 0 179
fre 8068 1796 11 179 179
trop 324 1836 83 179 179
trop 492 1828 75 179 179
cliff 544 1840 12 179 179
cliff 544 1824 28 179 179
fre 604 1844 8 179 179
fre 604 1836 8 179 179
fre 612 1836 8 179 179
fre 676 1836 8 179 179
lay 712 1848 61 0 179
fre 708 1828 26 179 179
fre 756 1844 61 179 179
tree 808 1832 57 0 179
tree 808 1848 2 0 179
tree 920 1848 52 0 179
tree 920 1832 29 0 179
fre 1052 1828 11 179 179
fre 1092 1852 11 179 179
fre 1092 1828 11 179 179
fre 1108 1852 11 179 179
tree 1144 1832 4 0 179
zabor 1168 1840 28 0 8
fre 1172 1836 11 179 179
lay 1272 1848 61 0 179
lay 1304 1848 61 0 179
lay 1288 1848 61 0 179
fre 1340 1836 11 179 179
fre 1316 1852 12 179 179
fre 1444 1844 11 179 179
lay 1464 1848 63 0 179
fre 1500 1852 11 179 179
fre 1588 1828 12 179 179
lay 1720 1848 61 0 179
fre 1820 1844 11 179 179
fre 1820 1836 11 179 179
fre 1844 1852 11 179 179
fre 1852 1836 11 179 179
tree 1864 1832 35 0 179
fre 1860 1844 11 179 179
zabor 1904 1840 31 0 8
fre 1908 1828 26 179 179
fre 2172 1844 11 179 179
fre 2180 1836 11 179 179
fre 2196 1844 11 179 179
fre 2324 1836 11 179 179
fre 2324 1852 11 179 179
fre 2348 1828 15 179 179
tree 2440 1832 57 0 179
fre 2524 1828 11 179 179
fre 2516 1852 11 179 179
fre 2612 1844 26 179 179
fre 2604 1844 26 179 179
trop 2652 1844 68 179 179
fre 2716 1836 14 179 179
fre 2716 1852 27 179 179
tree 2696 1832 33 0 179
fre 2748 1836 13 179 179
fre 2740 1828 23 179 179
fre 2732 1828 27 179 179
fre 2732 1852 19 179 179
fre 2732 1836 11 179 179
fre 2772 1828 8 179 179
fre 2772 1852 11 179 179
fre 2796 1828 14 179 179
fre 2812 1852 27 179 179
fre 2788 1844 22 179 179
trop 3076 1852 48 179 179
fre 3260 1844 27 179 179
fre 3276 1836 28 179 179
fre 3268 1828 28 179 179
fre 3292 1836 27 179 179
fre 3292 1852 23 179 179
fre 3316 1836 26 179 179
fre 3324 1852 27 179 179
fre 3300 1828 23 179 179
fre 3300 1844 23 179 179
fre 3316 1844 26 179 179
fre 3300 1836 22 179 179
fre 3308 1836 28 179 179
fre 3324 1836 1 179 179
fre 3324 1844 1 179 179
fre 3300 1852 14 179 179
fre 3316 1852 14 179 179
fre 3332 1836 22 179 179
fre 3348 1844 1 179 179
fre 3348 1828 20 179 179
fre 3356 1828 28 179 179
fre 3332 1828 27 179 179
fre 3340 1852 22 179 179
fre 3356 1836 20 179 179
fre 3356 1844 27 179 179
fre 3356 1852 27 179 179
fre 3332 1844 23 179 179
tree 3352 1832 49 0 179
tree 3336 1848 49 0 179
fre 3372 1828 28 179 179
fre 3388 1828 5 179 179
fre 3364 1836 27 179 179
fre 3372 1836 26 179 179
fre 3364 1844 20 179 179
fre 3380 1836 14 179 179
fre 3388 1852 26 179 179
fre 3380 1828 20 179 179
fre 3388 1836 1 179 179
tree 3368 1832 49 0 179
fre 3396 1836 20 179 179
fre 3420 1844 1 179 179
fre 3404 1828 28 179 179
fre 3404 1836 26 179 179
fre 3412 1828 20 179 179
fre 3396 1828 27 179 179
fre 3396 1844 23 179 179
fre 3436 1828 28 179 179
fre 3460 1844 19 179 179
fre 3468 1828 20 179 179
fre 3476 1844 19 179 179
fre 3460 1836 26 179 179
fre 3508 1844 27 179 179
fre 3508 1852 1 179 179
lay 3560 1848 61 0 179
fre 3636 1836 11 179 179
fre 3628 1836 11 179 179
fre 3708 1828 11 179 179
fre 3684 1844 11 179 179
fre 3748 1852 11 179 179
fre 3764 1852 11 179 179
fre 3772 1852 11 179 179
fre 3868 1836 11 179 179
fre 3860 1836 11 179 179
fre 3860 1852 11 179 179
fre 3900 1828 11 179 179
fre 3884 1836 11 179 179
fre 3884 1828 11 179 179
fre 3916 1828 11 179 179
tree 4264 1848 35 0 179
tree 4312 1848 19 0 179
tree 4328 1848 27 0 179
tree 4360 1848 51 0 179
tree 4408 1832 50 0 179
tree 4440 1832 35 0 179
tree 4424 1832 2 0 179
tree 4472 1848 17 0 179
tree 4520 1832 19 0 179
fre 4628 1844 11 179 179
fre 4660 1852 11 179 179
fre 4660 1828 11 179 179
lay 4696 1848 61 0 179
fre 4796 1828 11 179 179
fre 4804 1828 11 179 179
fre 4828 1828 11 179 179
lay 5048 1832 28 0 179
fre 5036 1828 11 179 179
lay 5064 1848 61 0 179
fre 5140 1852 11 179 179
fre 5204 1844 12 179 179
fre 5260 1828 11 179 179
stand 5640 1832 200 0 179
stand 5656 1832 200 0 179
stand 5688 1832 200 0 179
stand 5672 1832 200 0 179
dom 5920 1824 82 0 179
trop 6028 1852 65 179 179
zabor 6128 1840 30 0 8
zabor 7024 1840 39 0 9
tree 7496 1832 59 0 179
trop 7980 1836 67 179 179
fre 8020 1828 11 179 179
cliff 8112 1824 63 179 179
trop 324 1884 83 179 179
trop 412 1860 75 179 179
dom 384 1856 99 0 179
trop 508 1876 75 179 179
cliff 544 1872 15 179 179
lay 632 1864 43 0 179
fre 628 1884 8 179 179
fre 612 1860 8 179 179
fre 716 1860 8 179 179
fre 732 1876 8 179 179
fre 724 1876 8 179 179
tree 936 1864 5 0 179
tree 984 1880 21 0 179
tree 1000 1880 57 0 179
tree 1048 1880 29 0 179
fre 1052 1860 11 179 179
fre 1052 1876 15 179 179
tree 1112 1880 19 0 179
fre 1108 1868 11 179 179
zabor 1168 1872 30 0 8
lay 1304 1864 61 0 179
fre 1412 1884 12 179 179
lay 1496 1880 61 0 179
fre 1588 1876 11 179 179
fre 1772 1860 11 179 179
fre 1852 1876 11 179 179
fre 1868 1868 11 179 179
zabor 1904 1872 31 0 8
trop 2100 1876 48 179 179
trop 2100 1884 48 179 179
fre 2172 1868 15 179 179
fre 2180 1860 11 179 179
fre 2292 1884 11 179 179
fre 2276 1868 11 179 179
fre 2324 1884 15 179 179
fre 2324 1868 11 179 179
fre 2308 1876 11 179 179
lay 2328 1864 28 0 179
fre 2340 1884 15 179 179
fre 2412 1868 11 179 179
fre 2444 1884 11 179 179
fre 2452 1884 11 179 179
fre 2524 1884 11 179 179
fre 2612 1860 26 179 179
fre 2596 1860 26 179 179
fre 2708 1860 8 179 179
fre 2708 1884 11 179 179
tree 2696 1864 0 0 179
fre 2732 1860 14 179 179
fre 2748 1884 27 179 179
fre 2724 1876 22 179 179
fre 2772 1868 28 179 179
fre 2780 1876 23 179 179
fre 2804 1876 8 179 179
fre 2796 1868 14 179 179
fre 2788 1868 19 179 179
trop 3140 1860 67 179 179
fre 3260 1868 27 179 179
fre 3276 1868 28 179 179
fre 3292 1868 1 179 179
fre 3284 1868 26 179 179
fre 3292 1884 27 179 179
fre 3268 1876 23 179 179
fre 3268 1868 20 179 179
fre 3292 1876 1 179 179
tree 3288 1880 49 0 179
fre 3300 1884 20 179 179
fre 3316 1868 14 179 179
fre 3308 1868 28 179 179
fre 3324 1884 26 179 179
fre 3316 1860 20 179 179
fre 3324 1860 28 179 179
fre 3300 1860 27 179 179
fre 3324 1868 20 179 179
fre 3308 1860 28 179 179
fre 3324 1876 27 179 179
fre 3340 1860 28 179 179
fre 3356 1860 5 179 179
fre 3332 1884 28 179 179
fre 3340 1884 28 179 179
fre 3332 1868 27 179 179
fre 3348 1884 26 179 179
fre 3340 1868 26 179 179
fre 3356 1876 27 179 179
fre 3348 1876 23 179 179
fre 3332 1876 20 179 179
fre 3348 1868 14 179 179
fre 3348 1860 20 179 179
fre 3356 1868 27 179 179
fre 3388 1884 19 179 179
fre 3364 1876 23 179 179
fre 3372 1868 1 179 179
fre 3388 1860 5 179 179
fre 3364 1868 27 179 179
fre 3364 1860 23 179 179
fre 3412 1860 1 179 179
fre 3428 1876 20 179 179
fre 3436 1884 22 179 179
fre 3444 1876 28 179 179
fre 3436 1868 26 179 179
fre 3484 1876 20 179 179
fre 3484 1868 19 179 179
fre 3476 1876 19 179 179
fre 3492 1884 19 179 179
tree 4312 1864 19 0 179
tree 4312 1880 11 0 179
tree 4344 1864 35 0 179
tree 4360 1864 11 0 179
tree 4376 1880 3 0 179
tree 4472 1864 17 0 179
tree 4568 1864 50 0 179
fre 4620 1876 11 179 179
fre 4756 1868 12 179 179
lay 4776 1880 61 0 179
lay 4872 1864 28 0 179
lay 4920 1880 61 0 179
fre 4932 1860 12 179 179
lay 5032 1880 63 0 179
fre 5092 1884 12 179 179
fre 5132 1868 11 179 179
fre 5156 1868 11 179 179
fre 5164 1860 11 179 179
trop 5812 1884 68 179 179
zabor 6128 1872 25 0 8
zabor 7024 1872 29 0 8
fre 8028 1860 11 179 179
fre 8036 1860 11 179 179
fre 8060 1868 11 179 179
fre 8060 1884 11 179 179
fre 8036 1876 11 179 179
lay 8072 1864 10 0 179
stand 328 1896 278 0 179
trop 372 1908 75 179 179
trop 508 1916 75 179 179
cliff 544 1904 13 179 179
fre 620 1900 8 179 179
fre 620 1916 8 179 179
fre 700 1900 8 179 179
fre 708 1892 61 179 179
fre 724 1908 61 179 179
lay 728 1912 40 0 179
fre 708 1900 8 179 179
fre 732 1908 8 179 179
fre 732 1916 8 179 179
fre 740 1892 61 179 179
fre 756 1892 61 179 179
tree 920 1912 26 0 179
tree 984 1896 35 0 179
tree 968 1912 2 0 179
tree 1016 1896 2 0 179
tree 1032 1896 35 0 179
fre 1044 1908 11 179 179
tree 1112 1896 37 0 179
fre 1116 1892 11 179 179
zabor 1168 1904 28 0 8
fre 1220 1892 11 179 179
lay 1336 1896 28 0 179
lay 1672 1912 28 0 179
lay 1688 1896 63 0 179
fre 1716 1900 11 179 179
fre 1844 1916 11 179 179
zabor 1872 1904 28 0 8
fre 1876 1900 11 179 179
fre 2188 1908 11 179 179
fre 2236 1908 11 179 179
fre 2268 1892 11 179 179
fre 2244 1908 11 179 179
fre 2292 1892 11 179 179
fre 2284 1900 11 179 179
fre 2332 1916 15 179 179
fre 2332 1908 15 179 179
fre 2316 1892 11 179 179
fre 2324 1892 11 179 179
lay 2424 1896 61 0 179
fre 2428 1908 11 179 179
fre 2476 1892 11 179 179
fre 2476 1908 11 179 179
fre 2524 1908 11 179 179
fre 2612 1908 26 179 179
fre 2612 1916 19 179 179
trop 2652 1908 68 179 179
fre 2668 1900 11 179 179
fre 2708 1900 28 179 179
fre 2716 1908 23 179 179
fre 2740 1908 8 179 179
fre 2732 1900 14 179 179
fre 2724 1900 19 179 179
fre 2780 1908 8 179 179
fre 2772 1892 19 179 179
fre 2788 1892 14 179 179
fre 2796 1908 27 179 179
fre 2796 1900 28 179 179
dom 2912 1888 81 0 179
fre 3244 1900 28 179 179
fre 3260 1900 1 179 179
fre 3260 1916 23 179 179
fre 3284 1900 14 179 179
fre 3276 1900 28 179 179
fre 3284 1892 20 179 179
fre 3292 1892 28 179 179
fre 3268 1892 27 179 179
fre 3268 1908 23 179 179
fre 3284 1908 26 179 179
fre 3268 1900 20 179 179
fre 3268 1916 14 179 179
fre 3284 1916 14 179 179
tree 3288 1896 49 0 179
fre 3300 1908 28 179 179
fre 3300 1892 27 179 179
fre 3316 1900 26 179 179
fre 3316 1908 26 179 179
fre 3300 1900 20 179 179
fre 3308 1900 26 179 179
fre 3316 1892 27 179 179
fre 3348 1908 20 179 179
fre 3340 1892 15 179 179
fre 3340 1900 23 179 179
fre 3356 1892 28 179 179
fre 3332 1908 23 179 179
fre 3332 1892 27 179 179
fre 3380 1892 19 179 179
fre 3364 1900 26 179 179
fre 3404 1892 1 179 179
fre 3444 1892 23 179 179
fre 3452 1900 5 179 179
fre 3476 1892 27 179 179
fre 3484 1892 14 179 179
tree 4376 1896 26 0 179
tree 4520 1912 59 0 179
tree 4552 1896 57 0 179
tree 4568 1912 4 0 179
fre 4628 1892 11 179 179
fre 4660 1916 11 179 179
fre 4660 1908 11 179 179
lay 4680 1912 61 0 179
fre 4740 1916 12 179 179
fre 4836 1908 11 179 179
fre 4860 1916 11 179 179
fre 4868 1916 11 179 179
fre 4868 1900 11 179 179
fre 5052 1892 11 179 179
lay 5224 1896 63 0 179
fre 5252 1908 11 179 179
fre 5268 1916 11 179 179
fre 5308 1908 11 179 179
zabor 6128 1904 29 0 8
zabor 7024 1904 25 0 8
tree 7512 1896 50 0 179
trop 324 1932 83 179 179
trop 372 1932 75 179 179
trop 396 1948 75 179 179
trop 420 1924 75 179 179
cliff 544 1920 64 179 179
cliff 544 1936 11 179 179
fre 620 1948 8 179 179
fre 620 1924 8 179 179
lay 696 1928 21 0 179
fre 716 1924 8 179 179
fre 724 1924 8 179 179
fre 716 1940 8 179 179
fre 732 1948 8 179 179
tree 920 1944 17 0 179
tree 920 1928 5 0 179
tree 1032 1928 12 0 179
fre 1076 1940 11 179 179
fre 1060 1932 11 179 179
tree 1112 1944 51 0 179
tree 1112 1928 57 0 179
zabor 1168 1936 24 0 8
fre 1164 1924 11 179 179
fre 1204 1940 11 179 179
lay 1464 1944 28 0 179
fre 1788 1940 12 179 179
fre 1852 1940 11 179 179
zabor 1872 1936 30 0 8
fre 2140 1940 11 179 179
fre 2148 1940 11 179 179
fre 2180 1932 11 179 179
tree 2216 1944 44 0 179
fre 2244 1948 33 179 179
fre 2388 1924 11 179 179
fre 2452 1932 11 179 179
fre 2476 1940 11 179 179
fre 2716 1940 8 179 179
fre 2708 1924 19 179 179
fre 2724 1924 14 179 179
fre 2732 1940 27 179 179
fre 2732 1932 28 179 179
fre 2772 1948 19 179 179
fre 2780 1948 14 179 179
fre 2772 1924 14 179 179
fre 2780 1932 26 179 179
fre 2780 1940 19 179 179
fre 2804 1924 14 179 179
fre 2812 1940 8 179 179
fre 2796 1932 15 179 179
fre 2788 1932 28 179 179
trop 3076 1932 48 179 179
trop 3140 1948 67 179 179
fre 3252 1940 19 179 179
fre 3244 1948 26 179 179
fre 3260 1932 27 179 179
fre 3260 1948 23 179 179
fre 3260 1940 1 179 179
fre 3268 1940 27 179 179
fre 3292 1948 23 179 179
fre 3268 1948 5 179 179
fre 3276 1932 1 179 179
fre 3268 1924 23 179 179
fre 3284 1940 26 179 179
fre 3284 1948 14 179 179
fre 3284 1924 20 179 179
fre 3276 1924 28 179 179
fre 3316 1932 26 179 179
fre 3308 1932 20 179 179
fre 3316 1948 28 179 179
fre 3316 1940 1 179 179
fre 3308 1924 28 179 179
fre 3324 1940 27 179 179
tree 3320 1928 49 0 179
fre 3348 1924 19 179 179
fre 3340 1924 26 179 179
fre 3348 1948 20 179 179
fre 3332 1948 19 179 179
fre 3332 1924 19 179 179
fre 3404 1932 1 179 179
tree 4392 1944 27 0 179
tree 4472 1928 12 0 179
tree 4472 1944 52 0 179
tree 4456 1944 9 0 179
tree 4520 1944 50 0 179
tree 4520 1928 21 0 179
fre 4628 1940 11 179 179
fre 4652 1940 11 179 179
fre 4660 1924 11 179 179
tree 4664 1944 28 0 179
lay 4696 1928 61 0 179
fre 5236 1940 11 179 179
fre 5244 1932 11 179 179
fre 5260 1924 11 179 179
fre 5276 1948 11 179 179
fre 5268 1924 11 179 179
trop 6028 1948 65 179 179
zabor 6128 1936 30 0 8
zabor 7024 1936 24 0 8
trop 7980 1924 66 179 179
trop 324 1964 83 179 179
trop 412 1972 75 179 179
trop 476 1972 75 179 179
fre 628 1980 8 179 179
fre 636 1980 8 179 179
fre 628 1972 8 179 179
fre 620 1964 8 179 179
fre 620 1956 8 179 179
fre 660 1964 61 179 179
fre 700 1980 8 179 179
fre 708 1972 61 179 179
fre 716 1972 8 179 179
fre 724 1972 8 179 179
fre 724 1980 8 179 179
fre 708 1980 8 179 179
tree 888 1960 50 0 179
tree 920 1976 19 0 179
tree 1032 1960 43 0 179
tree 1032 1976 25 0 179
tree 1112 1960 58 0 179
zabor 1168 1968 30 0 8
fre 1380 1972 11 179 179
fre 1484 1956 12 179 179
fre 1660 1956 12 179 179
fre 1724 1956 11 179 179
zabor 1872 1968 29 0 8
trop 2100 1956 48 179 179
trop 2100 1964 48 179 179
fre 2148 1956 11 179 179
fre 2196 1956 15 179 179
tree 2232 1976 43 0 179
tree 2216 1976 11 0 179
fre 2612 1964 26 179 179
fre 2708 1980 19 179 179
fre 2716 1980 14 179 179
fre 2708 1956 14 179 179
fre 2716 1964 26 179 179
fre 2716 1972 19 179 179
fre 2740 1956 14 179 179
fre 2748 1972 8 179 179
fre 2732 1964 15 179 179
fre 2724 1964 28 179 179
fre 2772 1972 22 179 179
fre 2772 1964 11 179 179
fre 2780 1972 3 179 179
fre 2788 1964 20 179 179
fre 2804 1964 28 179 179
fre 3228 1972 27 179 179
fre 3212 1956 1 179 179
fre 3228 1964 27 179 179
fre 3212 1964 28 179 179
fre 3244 1964 28 179 179
fre 3236 1956 28 179 179
fre 3260 1964 27 179 179
fre 3252 1956 20 179 179
fre 3260 1956 28 179 179
fre 3284 1964 26 179 179
fre 3292 1980 27 179 179
fre 3268 1956 23 179 179
fre 3268 1972 23 179 179
fre 3284 1972 26 179 179
fre 3284 1956 20 179 179
fre 3292 1956 28 179 179
fre 3276 1980 22 179 179
fre 3268 1980 14 179 179
fre 3284 1980 14 179 179
fre 3324 1956 19 179 179
fre 3316 1972 20 179 179
fre 3300 1964 22 179 179
fre 3300 1980 20 179 179
fre 3300 1956 27 179 179
fre 3332 1964 19 179 179
fre 3348 1956 26 179 179
fre 3356 1972 1 179 179
tree 4392 1976 11 0 179
tree 4392 1960 35 0 179
tree 4408 1976 4 0 179
tree 4472 1960 50 0 179
fre 4620 1980 11 179 179
fre 4628 1956 11 179 179
fre 4668 1980 11 179 179
fre 4660 1964 11 179 179
fre 4644 1972 11 179 179
fre 4644 1956 11 179 179
tree 4664 1976 25 0 179
tree 4680 1960 17 0 179
tree 4696 1976 60 0 179
lay 4728 1960 61 0 179
lay 4760 1976 61 0 179
fre 4804 1980 11 179 179
fre 4820 1972 11 179 179
fre 4860 1964 11 179 179
fre 4836 1964 11 179 179
fre 4908 1980 11 179 179
fre 5244 1956 11 179 179
tree 5224 1976 26 0 179
tree 5240 1976 57 0 179
fre 5260 1956 11 179 179
fre 5284 1956 11 179 179
dom 5760 1952 176 0 179
trop 5812 1964 68 179 179
zabor 6128 1968 24 0 8
zabor 7024 1968 25 0 8
tree 7464 1976 59 0 179
tree 7512 1976 57 0 179
tree 7560 1960 19 0 179
stand 280 2008 282 0 179
trop 324 2012 81 179 179
fre 596 1996 12 179 179
fre 636 2012 8 179 179
fre 620 2004 8 179 179
fre 652 1988 61 179 179
fre 660 1988 8 179 179
fre 652 2012 8 179 179
fre 700 1988 8 179 179
fre 700 2004 26 179 179
fre 700 2012 26 179 179
fre 724 1988 8 179 179
fre 732 1996 8 179 179
tree 824 1992 57 0 179
tree 920 1992 44 0 179
tree 920 2008 57 0 179
tree 904 1992 11 0 179
tree 952 2008 21 0 179
tree 936 2008 35 0 179
tree 1048 2008 21 0 179
tree 1048 1992 27 0 179
tree 1032 1992 12 0 179
tree 1112 2008 4 0 179
tree 1112 1992 58 0 179
zabor 1168 2000 29 0 8
fre 1172 2004 11 179 179
fre 1204 2012 11 179 179
fre 1204 1988 11 179 179
lay 1240 2008 61 0 179
fre 1340 1988 11 179 179
fre 1348 1988 11 179 179
fre 1372 1988 11 179 179
lay 1592 1992 28 0 179
fre 1580 1988 11 179 179
lay 1608 2008 61 0 179
fre 1684 2012 11 179 179
fre 1748 2004 12 179 179
fre 1804 1988 11 179 179
zabor 1872 2000 27 0 8
fre 2276 2004 15 179 179
dom 2432 1984 298 0 179
trop 2652 1988 68 179 179
fre 2676 1996 5 179 179
fre 2708 2004 22 179 179
fre 2708 1996 11 179 179
fre 2716 2004 3 179 179
fre 2700 2012 26 179 179
fre 2724 1996 20 179 179
fre 2740 1996 28 179 179
fre 2724 2004 27 179 179
fre 2748 2012 23 179 179
fre 2724 2012 5 179 179
fre 2732 1996 1 179 179
tree 2728 1992 41 0 179
fre 2772 1988 14 179 179
fre 2772 2012 28 179 179
fre 2780 2012 19 179 179
tree 2760 2008 48 0 179
fre 2788 2004 12 179 179
fre 2796 1988 8 179 179
fre 2788 1988 19 179 179
trop 3076 2012 48 179 179
fre 3212 1996 28 179 179
fre 3228 1996 1 179 179
fre 3228 2012 23 179 179
fre 3252 1996 14 179 179
fre 3260 1988 28 179 179
fre 3260 2012 27 179 179
fre 3236 2004 23 179 179
fre 3236 1996 20 179 179
fre 3260 2004 1 179 179
fre 3236 2012 14 179 179
fre 3268 2012 20 179 179
fre 3284 1996 14 179 179
fre 3276 1996 28 179 179
fre 3292 2012 26 179 179
fre 3284 1988 20 179 179
fre 3292 1988 28 179 179
fre 3268 1988 27 179 179
fre 3276 1988 28 179 179
fre 3268 1996 27 179 179
fre 3268 2004 20 179 179
fre 3284 2004 1 179 179
fre 3276 2012 22 179 179
fre 3292 1996 20 179 179
fre 3308 1988 28 179 179
fre 3324 1988 5 179 179
fre 3300 2012 28 179 179
fre 3308 2012 28 179 179
fre 3300 1996 27 179 179
fre 3316 2012 26 179 179
fre 3308 1996 26 179 179
fre 3332 2004 23 179 179
fre 3340 2012 26 179 179
fre 3348 1988 1 179 179
tree 3832 2008 19 0 179
tree 3864 2008 21 0 179
tree 3848 2008 58 0 179
tree 3896 1992 13 0 179
tree 3912 2008 2 0 179
tree 3912 1992 4 0 179
tree 4040 1992 2 0 179
tree 4408 1992 50 0 179
tree 4488 2008 2 0 179
fre 4612 1996 11 179 179
fre 4612 2004 11 179 179
fre 4644 2004 11 179 179
lay 4664 1992 61 0 179
lay 4664 2008 61 0 179
fre 4660 1996 11 179 179
fre 4668 1996 11 179 179
fre 4684 2012 11 179 179
fre 4692 2004 11 179 179
tree 4696 1992 28 0 179
tree 4680 1992 3 0 179
fre 4708 2004 11 179 179
tree 4712 1992 40 0 179
tree 4728 1992 9 0 179
fre 4740 1996 11 179 179
lay 4760 1992 61 0 179
fre 4748 2004 11 179 179
fre 4756 1996 11 179 179
fre 4780 1996 11 179 179
fre 4788 1996 11 179 179
fre 4804 2004 11 179 179
fre 4812 1996 11 179 179
fre 4820 2012 11 179 179
fre 4844 2012 29 179 179
fre 4988 1988 11 179 179
fre 4972 1988 11 179 179
tree 4984 2008 5 0 179
fre 5020 1988 11 179 179
fre 5020 2012 11 179 179
fre 4996 2012 11 179 179
fre 5004 1996 11 179 179
fre 5044 2004 11 179 179
fre 5036 2012 11 179 179
tree 5144 2008 21 0 179
tree 5176 1992 57 0 179
tree 5240 1992 36 0 179
tree 5240 2008 28 0 179
tree 5224 2008 60 0 179
tree 5272 1992 26 0 179
dom 5920 1984 81 0 179
zabor 6128 2000 24 0 8
zabor 7024 2000 31 0 8
lay 7368 2008 61 0 179
lay 7416 2008 61 0 179
lay 7464 2008 61 0 179
lay 7544 1992 61 0 179
fre 7548 1988 29 179 179
tree 7576 2008 51 0 179
lay 7592 1992 61 0 179
trop 7980 2012 66 179 179
trop 308 2028 81 179 179
lay 536 2024 49 0 179
fre 548 2036 12 179 179
fre 556 2036 12 179 179
fre 604 2028 12 179 179
fre 596 2020 12 179 179
fre 604 2044 12 179 179
fre 588 2044 12 179 179
fre 612 2020 12 179 179
lay 632 2024 11 0 179
fre 636 2028 8 179 179
fre 644 2020 8 179 179
fre 644 2028 8 179 179
fre 644 2044 8 179 179
fre 652 2044 8 179 179
fre 676 2020 61 179 179
fre 684 2020 61 179 179
fre 700 2044 27 179 179
fre 708 2028 26 179 179
tree 776 2040 35 0 179
tree 824 2040 19 0 179
tree 840 2040 27 0 179
tree 872 2040 51 0 179
tree 920 2024 50 0 179
tree 952 2024 35 0 179
tree 936 2024 2 0 179
tree 984 2040 17 0 179
tree 1032 2024 19 0 179
zabor 1168 2032 31 0 8
fre 1164 2036 11 179 179
fre 1300 2028 12 179 179
lay 1320 2040 61 0 179
lay 1416 2024 28 0 179
lay 1464 2040 61 0 179
fre 1476 2020 12 179 179
lay 1576 2040 63 0 179
fre 1636 2044 12 179 179
fre 1676 2028 11 179 179
fre 1700 2028 11 179 179
fre 1708 2020 11 179 179
zabor 1872 2032 25 0 8
trop 2100 2036 48 179 179
lay 2376 2024 62 0 179
fre 2684 2036 27 179 179
fre 2668 2020 1 179 179
tree 2680 2024 1 0 179
fre 2708 2020 14 179 179
fre 2708 2044 28 179 179
fre 2716 2044 19 179 179
fre 2700 2028 28 179 179
fre 2692 2020 28 179 179
fre 2716 2028 27 179 179
fre 2724 2036 12 179 179
fre 2732 2020 8 179 179
fre 2724 2020 19 179 179
fre 2740 2028 26 179 179
fre 2748 2044 27 179 179
fre 2740 2036 26 179 179
fre 2780 2028 26 179 179
fre 2756 2036 14 179 179
fre 2772 2036 14 179 179
fre 2772 2020 11 179 179
fre 2756 2028 22 179 179
fre 2812 2036 27 179 179
fre 2796 2028 11 179 179
fre 2796 2044 26 179 179
fre 2804 2020 27 179 179
trop 3140 2036 67 179 179
fre 3196 2028 27 179 179
fre 3188 2028 5 179 179
fre 3204 2044 19 179 179
fre 3204 2036 26 179 179
fre 3212 2028 28 179 179
fre 3220 2028 26 179 179
fre 3228 2044 27 179 179
fre 3204 2020 23 179 179
fre 3220 2036 26 179 179
fre 3204 2028 20 179 179
fre 3212 2044 26 179 179
tree 3224 2040 18 0 179
fre 3252 2028 14 179 179
fre 3244 2028 28 179 179
fre 3252 2020 20 179 179
fre 3260 2020 28 179 179
fre 3236 2020 27 179 179
fre 3236 2028 22 179 179
fre 3260 2028 20 179 179
fre 3244 2020 28 179 179
fre 3260 2036 27 179 179
fre 3236 2036 27 179 179
fre 3236 2044 5 179 179
tree 3240 2024 25 0 179
fre 3292 2020 28 179 179
fre 3268 2036 28 179 179
fre 3276 2020 28 179 179
fre 3268 2028 27 179 179
fre 3268 2020 27 179 179
fre 3324 2028 12 179 179
fre 3308 2020 15 179 179
fre 3308 2044 28 179 179
fre 3308 2028 23 179 179
fre 3324 2020 28 179 179
tree 3800 2040 50 0 179
tree 3800 2024 51 0 179
tree 3848 2024 51 0 179
tree 3880 2040 27 0 179
tree 3880 2024 11 0 179
tree 4040 2040 58 0 179
tree 4040 2024 51 0 179
tree 4120 2040 35 0 179
tree 4136 2040 21 0 179
tree 4456 2024 35 0 179
tree 4488 2024 43 0 179
fre 4636 2036 11 179 179
fre 4660 2028 11 179 179
fre 4684 2020 11 179 179
fre 4684 2044 11 179 179
fre 4676 2044 11 179 179
fre 4676 2020 11 179 179
fre 4708 2036 11 179 179
fre 4724 2044 11 179 179
lay 4776 2040 61 0 179
fre 4804 2020 11 179 179
fre 4804 2028 11 179 179
fre 4828 2036 11 179 179
fre 4820 2020 11 179 179
lay 4824 2040 61 0 179
fre 4836 2044 11 179 179
fre 4860 2044 11 179 179
fre 4852 2036 11 179 179
dom 4896 2016 316 0 179
fre 4988 2036 11 179 179
fre 4980 2036 11 179 179
tree 4984 2040 26 0 179
tree 4984 2024 17 0 179
fre 5012 2036 11 179 179
fre 5004 2020 11 179 179
fre 5004 2036 11 179 179
fre 4996 2044 11 179 179
tree 5000 2024 3 0 179
fre 5044 2028 11 179 179
fre 5028 2020 11 179 179
fre 5044 2044 11 179 179
fre 5036 2036 11 179 179
fre 5028 2036 11 179 179
fre 5068 2036 11 179 179
fre 5060 2044 11 179 179
tree 5112 2040 4 0 179
lay 5240 2024 65 0 179
trop 5812 2044 68 179 179
trop 6028 2036 65 179 179
zabor 6128 2032 27 0 8
zabor 6160 2032 31 0 8
zabor 6192 2032 30 0 8
zabor 6224 2032 28 0 8
zabor 6256 2032 31 0 8
zabor 6288 2032 30 0 8
zabor 6320 2032 33 0 9
zabor 6768 2032 39 0 9
zabor 6800 2032 36 0 9
zabor 6832 2032 28 0 8
zabor 6864 2032 27 0 8
zabor 6896 2032 28 0 8
zabor 6928 2032 31 0 8
zabor 6960 2032 28 0 8
zabor 6992 2032 28 0 8
zabor 7024 2032 24 0 8
dom 7360 2016 295 0 179
lay 7432 2024 61 0 179
tree 7496 2024 58 0 179
lay 7528 2024 61 0 179
lay 7656 2024 61 0 179
lay 7688 2024 61 0 179
trop 316 2076 81 179 179
trop 308 2060 81 179 179
trop 404 2052 75 179 179
fre 548 2052 12 179 179
fre 564 2052 12 179 179
fre 572 2060 12 179 179
lay 616 2072 6 0 179
lay 664 2056 8 0 179
fre 652 2060 8 179 179
fre 700 2060 26 179 179
fre 692 2052 26 179 179
fre 692 2060 27 179 179
fre 716 2060 22 179 179
fre 716 2068 19 179 179
fre 708 2068 26 179 179
fre 716 2052 19 179 179
tree 824 2056 19 0 179
tree 824 2072 11 0 179
tree 856 2056 35 0 179
tree 872 2056 11 0 179
tree 888 2072 3 0 179
tree 984 2056 17 0 179
tree 1080 2056 50 0 179
zabor 1168 2064 24 0 8
fre 1172 2052 11 179 179
fre 1204 2076 11 179 179
fre 1204 2068 11 179 179
lay 1224 2072 61 0 179
fre 1284 2076 12 179 179
fre 1380 2068 11 179 179
fre 1404 2076 11 179 179
fre 1412 2076 11 179 179
fre 1412 2060 11 179 179
fre 1596 2052 11 179 179
lay 1768 2056 63 0 179
fre 1796 2068 11 179 179
fre 1812 2076 11 179 179
fre 1852 2068 11 179 179
zabor 1872 2064 28 0 8
lay 2440 2072 62 0 179
trop 2652 2068 68 179 179
fre 2716 2060 26 179 179
fre 2692 2068 14 179 179
fre 2708 2068 14 179 179
fre 2708 2052 11 179 179
fre 2700 2060 28 179 179
fre 2748 2068 27 179 179
fre 2732 2060 11 179 179
fre 2732 2076 26 179 179
fre 2740 2052 27 179 179
fre 2724 2076 20 179 179
fre 2740 2060 14 179 179
fre 2748 2076 26 179 179
fre 2748 2052 28 179 179
fre 2724 2052 27 179 179
fre 2772 2060 19 179 179
fre 2780 2068 14 179 179
fre 2764 2052 28 179 179
fre 2780 2052 5 179 179
fre 2756 2076 28 179 179
fre 2764 2076 28 179 179
fre 2756 2060 27 179 179
fre 2772 2076 26 179 179
fre 2764 2060 26 179 179
lay 2792 2072 60 0 179
fre 2804 2076 13 179 179
fre 2804 2052 14 179 179
fre 2788 2052 11 179 179
fre 2788 2068 23 179 179
fre 2796 2076 26 179 179
fre 2820 2060 22 179 179
fre 2828 2076 14 179 179
fre 3180 2060 28 179 179
fre 3196 2060 1 179 179
fre 3196 2068 27 179 179
fre 3180 2052 1 179 179
fre 3220 2060 14 179 179
fre 3212 2060 28 179 179
fre 3220 2052 20 179 179
fre 3228 2052 28 179 179
fre 3204 2052 27 179 179
fre 3228 2060 27 179 179
fre 3252 2060 5 179 179
fre 3244 2052 28 179 179
fre 3260 2052 5 179 179
fre 3236 2060 27 179 179
fre 3244 2060 26 179 179
fre 3236 2068 20 179 179
fre 3260 2076 27 179 179
fre 3236 2052 23 179 179
fre 3252 2068 26 179 179
fre 3284 2068 19 179 179
fre 3276 2076 26 179 179
fre 3284 2076 28 179 179
fre 3300 2068 27 179 179
fre 3324 2076 23 179 179
fre 3300 2076 5 179 179
fre 3308 2060 1 179 179
fre 3316 2068 5 179 179
fre 3332 2076 14 179 179
fre 3332 2068 27 179 179
tree 3928 2072 44 0 179
tree 3912 2056 27 0 179
tree 3960 2072 58 0 179
tree 4024 2056 13 0 179
tree 4040 2072 19 0 179
tree 4040 2056 35 0 179
tree 4136 2072 35 0 179
tree 4136 2056 58 0 179
tree 4152 2056 13 0 179
tree 4168 2056 51 0 179
tree 4184 2056 13 0 179
tree 4200 2072 19 0 179
lay 4664 2056 61 0 179
lay 4712 2072 61 0 179
lay 4728 2056 61 0 179
fre 4708 2060 11 179 179
fre 4732 2068 11 179 179
stand 4712 2072 153 0 179
fre 4748 2068 11 179 179
fre 4756 2060 11 179 179
fre 4740 2076 11 179 179
fre 4788 2076 11 179 179
fre 4772 2060 11 179 179
fre 4812 2068 11 179 179
fre 4828 2052 11 179 179
fre 4844 2076 11 179 179
fre 4860 2052 11 179 179
fre 4980 2060 11 179 179
fre 5020 2052 11 179 179
stand 5000 2072 164 0 179
lay 5016 2056 65 0 179
fre 5052 2068 11 179 179
fre 5028 2068 11 179 179
fre 5036 2060 11 179 179
tree 5064 2056 51 0 179
tree 5112 2072 2 0 179
dom 5184 2048 315 0 179
fre 5228 2068 12 179 179
dom 5696 2048 175 0 179
tree 5752 2072 43 0 179
trop 5812 2076 68 179 179
tree 7480 2072 44 0 179
tree 7592 2056 44 0 179
dom 7680 2048 70 0 179
trop 260 2108 87 179 179
fre 532 2084 26 179 179
fre 556 2092 26 179 179
fre 596 2084 26 179 179
fre 588 2100 26 179 179
lay 648 2088 7 0 179
fre 644 2084 8 179 179
fre 660 2092 8 179 179
fre 700 2100 20 179 179
fre 732 2100 26 179 179
fre 732 2092 26 179 179
tree 888 2088 26 0 179
tree 1032 2104 59 0 179
tree 1064 2088 57 0 179
tree 1080 2104 4 0 179
zabor 1136 2096 24 0 8
fre 1172 2100 11 179 179
fre 1196 2100 11 179 179
fre 1204 2084 11 179 179
tree 1208 2104 28 0 179
lay 1240 2088 61 0 179
fre 1780 2100 11 179 179
fre 1788 2092 11 179 179
fre 1804 2084 11 179 179
fre 1820 2108 11 179 179
fre 1812 2084 11 179 179
zabor 1872 2096 30 0 8
trop 2100 2100 48 179 179
dom 2560 2080 81 1 179
tree 2664 2088 56 0 179
tree 2680 2088 16 0 179
fre 2708 2092 19 179 179
fre 2716 2100 14 179 179
fre 2700 2092 11 179 179
fre 2740 2108 13 179 179
fre 2740 2084 14 179 179
fre 2724 2084 11 179 179
fre 2748 2084 28 179 179
fre 2724 2100 28 179 179
fre 2732 2108 1 179 179
fre 2756 2092 22 179 179
fre 2764 2108 14 179 179
fre 2780 2084 26 179 179
fre 2780 2092 12 179 179
fre 2764 2084 15 179 179
fre 2764 2092 23 179 179
fre 2780 2100 26 179 179
fre 2788 2100 27 179 179
fre 2812 2100 12 179 179
fre 2796 2092 10 179 179
fre 2788 2092 15 179 179
fre 2812 2092 19 179 179
fre 2804 2108 19 179 179
fre 2796 2100 27 179 179
fre 2796 2108 19 179 179
fre 2812 2108 27 179 179
lay 2824 2088 60 0 179
fre 2828 2084 1 179 179
lay 2872 2104 60 0 179
trop 3076 2084 48 179 179
trop 3140 2108 67 179 179
fre 3212 2092 28 179 179
fre 3228 2092 1 179 179
fre 3260 2100 27 179 179
fre 3244 2084 1 179 179
fre 3236 2108 20 179 179
fre 3252 2092 14 179 179
fre 3244 2092 28 179 179
fre 3260 2108 26 179 179
fre 3252 2084 20 179 179
fre 3260 2084 28 179 179
fre 3236 2084 27 179 179
lay 3272 2088 60 0 179
fre 3276 2092 28 179 179
fre 3268 2084 28 179 179
fre 3292 2092 27 179 179
fre 3276 2084 28 179 179
fre 3292 2084 5 179 179
fre 3268 2108 28 179 179
fre 3276 2108 28 179 179
fre 3268 2092 27 179 179
fre 3284 2108 26 179 179
lay 3304 2088 60 0 179
fre 3316 2092 26 179 179
fre 3324 2108 27 179 179
fre 3300 2084 23 179 179
fre 3316 2100 26 179 179
fre 3300 2092 20 179 179
fre 3324 2100 1 179 179
fre 3332 2092 22 179 179
fre 3372 2084 20 179 179
fre 3380 2100 19 179 179
tree 3960 2104 51 0 179
tree 3960 2088 11 0 179
tree 3944 2088 44 0 179
tree 3992 2088 4 0 179
tree 4200 2104 43 0 179
tree 4472 2088 12 0 179
tree 4456 2088 29 0 179
fre 4500 2108 11 179 179
tree 4520 2104 9 0 179
tree 4536 2088 36 0 179
lay 4680 2104 61 0 179
fre 4756 2092 11 179 179
fre 4748 2092 11 179 179
fre 4828 2084 11 179 179
fre 4804 2100 11 179 179
fre 4868 2108 11 179 179
fre 4884 2108 11 179 179
fre 4892 2108 11 179 179
fre 4988 2092 11 179 179
fre 4980 2092 11 179 179
fre 4980 2108 11 179 179
fre 5020 2084 11 179 179
fre 5004 2092 11 179 179
fre 5004 2084 11 179 179
fre 5036 2084 11 179 179
tree 7656 2104 35 0 179
trop 7980 2084 66 179 179
lay 8056 2088 61 0 179
stand 136 2136 281 0 179
trop 276 2140 81 179 179
trop 292 2140 81 179 179
lay 568 2120 7 0 179
fre 604 2116 26 179 179
fre 628 2132 23 179 179
fre 612 2140 26 179 179
fre 612 2132 19 179 179
fre 700 2140 23 179 179
tree 904 2136 27 0 179
tree 984 2120 12 0 179
tree 984 2136 52 0 179
tree 968 2136 9 0 179
tree 1032 2136 50 0 179
tree 1032 2120 21 0 179
zabor 1104 2128 29 0 8
zabor 1136 2128 27 0 8
fre 1164 2140 11 179 179
fre 1172 2116 11 179 179
fre 1212 2140 11 179 179
fre 1204 2124 11 179 179
fre 1188 2132 11 179 179
fre 1188 2116 11 179 179
tree 1208 2136 25 0 179
tree 1224 2120 17 0 179
tree 1240 2136 60 0 179
lay 1272 2120 61 0 179
lay 1304 2136 61 0 179
fre 1348 2140 11 179 179
fre 1364 2132 11 179 179
fre 1404 2124 11 179 179
fre 1380 2124 11 179 179
fre 1452 2140 11 179 179
fre 1788 2116 11 179 179
tree 1768 2136 26 0 179
tree 1784 2136 57 0 179
fre 1804 2116 11 179 179
fre 1828 2116 11 179 179
zabor 1872 2128 27 0 8
trop 2100 2140 48 179 179
trop 2652 2132 68 179 179
fre 2676 2116 11 179 179
fre 2716 2116 26 179 179
fre 2724 2132 27 179 179
fre 2748 2132 12 179 179
fre 2732 2124 10 179 179
fre 2724 2124 15 179 179
fre 2748 2124 19 179 179
fre 2740 2140 19 179 179
fre 2724 2140 13 179 179
fre 2756 2140 19 179 179
fre 2772 2132 5 179 179
fre 2756 2116 19 179 179
fre 2780 2116 22 179 179
fre 2804 2132 23 179 179
fre 2796 2124 15 179 179
fre 2812 2124 14 179 179
fre 2788 2116 20 179 179
fre 2804 2116 15 179 179
fre 2788 2140 14 179 179
fre 2804 2140 14 179 179
fre 2812 2132 27 179 179
fre 2788 2132 27 179 179
tree 2808 2136 49 0 179
fre 2828 2124 1 179 179
lay 2920 2120 60 0 179
lay 2952 2136 60 0 179
fre 3260 2116 28 179 179
fre 3236 2132 28 179 179
fre 3244 2140 1 179 179
fre 3276 2124 28 179 179
fre 3292 2124 1 179 179
fre 3276 2116 15 179 179
fre 3276 2140 28 179 179
fre 3292 2116 28 179 179
fre 3292 2132 26 179 179
fre 3300 2140 20 179 179
fre 3316 2124 14 179 179
fre 3308 2124 28 179 179
fre 3324 2116 28 179 179
fre 3300 2116 27 179 179
fre 3308 2132 27 179 179
fre 3308 2140 19 179 179
fre 3340 2116 28 179 179
fre 3340 2140 28 179 179
fre 3332 2124 27 179 179
fre 3348 2140 26 179 179
fre 3340 2124 26 179 179
fre 3332 2132 20 179 179
fre 3388 2124 19 179 179
fre 3420 2132 29 179 179
lay 3400 2120 60 0 179
lay 3448 2136 60 0 179
tree 3832 2136 2 0 179
tree 3832 2120 50 0 179
tree 3864 2136 35 0 179
tree 3880 2136 19 0 179
tree 4088 2136 27 0 179
tree 4072 2120 51 0 179
tree 4216 2136 43 0 179
tree 4216 2120 13 0 179
tree 4200 2120 27 0 179
tree 4424 2120 20 0 179
dom 4480 2112 86 0 179
fre 4516 2140 11 179 179
fre 4524 2140 11 179 179
tree 4568 2120 28 0 179
tree 4552 2120 37 0 179
trop 5380 2132 113 179 179
trop 5468 2132 113 179 179
trop 5556 2132 113 179 179
trop 5644 2132 113 179 179
trop 5740 2132 113 179 179
trop 5828 2132 113 179 179
trop 5892 2132 113 179 179
trop 5980 2132 113 179 179
trop 6028 2116 65 179 179
trop 6068 2132 113 179 179
trop 6156 2132 113 179 179
trop 6252 2132 113 179 179
trop 6332 2132 113 179 179
trop 6420 2132 113 179 179
trop 6508 2132 113 179 179
trop 6604 2132 113 179 179
trop 6684 2132 113 179 179
trop 6772 2132 113 179 179
trop 6860 2132 113 179 179
trop 6956 2132 113 179 179
trop 7036 2132 113 179 179
trop 7124 2132 113 179 179
trop 7212 2132 113 179 179
trop 7308 2132 113 179 179
trop 7388 2132 113 179 179
trop 7476 2132 113 179 179
trop 7564 2132 113 179 179
trop 7660 2132 113 179 179
trop 7740 2132 113 179 179
trop 7828 2132 113 179 179
trop 7836 2132 113 179 179
trop 7916 2132 113 179 179
trop 7924 2132 113 179 179
fre 7916 2132 12 179 179
fre 7924 2140 12 179 179
fre 7948 2116 12 179 179
fre 7940 2116 12 179 179
tree 7944 2136 11 0 179
trop 8012 2132 113 179 179
trop 8108 2132 113 179 179
trop 268 2148 81 179 179
lay 568 2152 5 0 179
fre 628 2172 26 179 179
fre 644 2164 26 179 179
tree 904 2168 11 0 179
tree 904 2152 35 0 179
tree 920 2168 4 0 179
tree 984 2152 50 0 179
zabor 1072 2160 29 0 8
fre 1156 2156 11 179 179
fre 1156 2164 11 179 179
fre 1188 2164 11 179 179
lay 1208 2152 61 0 179
lay 1208 2168 61 0 179
fre 1204 2156 11 179 179
fre 1212 2156 11 179 179
fre 1228 2172 11 179 179
fre 1236 2164 11 179 179
tree 1240 2152 28 0 179
tree 1224 2152 3 0 179
fre 1252 2164 11 179 179
tree 1256 2152 40 0 179
tree 1272 2152 9 0 179
fre 1284 2156 11 179 179
lay 1304 2152 61 0 179
fre 1292 2164 11 179 179
fre 1300 2156 11 179 179
fre 1324 2156 11 179 179
fre 1332 2156 11 179 179
fre 1348 2164 11 179 179
fre 1356 2156 11 179 179
fre 1364 2172 11 179 179
fre 1388 2172 29 179 179
fre 1532 2148 11 179 179
fre 1516 2148 11 179 179
tree 1528 2168 5 0 179
fre 1564 2148 11 179 179
fre 1564 2172 11 179 179
fre 1540 2172 11 179 179
fre 1548 2156 11 179 179
fre 1588 2164 11 179 179
fre 1580 2172 11 179 179
tree 1784 2152 36 0 179
tree 1784 2168 28 0 179
tree 1768 2168 60 0 179
tree 1816 2152 26 0 179
zabor 1872 2160 28 0 8
tree 2408 2152 19 0 179
fre 2740 2164 23 179 179
fre 2732 2156 15 179 179
fre 2748 2156 14 179 179
fre 2724 2148 20 179 179
fre 2724 2164 22 179 179
lay 2728 2152 28 0 179
fre 2756 2156 20 179 179
fre 2780 2164 1 179 179
fre 2796 2172 22 179 179
fre 2804 2148 27 179 179
fre 2812 2156 20 179 179
fre 2796 2148 28 179 179
fre 2812 2164 27 179 179
lay 2824 2168 61 0 179
fre 2828 2148 20 179 179
fre 2836 2164 19 179 179
fre 2828 2172 22 179 179
fre 2820 2156 26 179 179
fre 2868 2164 27 179 179
fre 2868 2172 1 179 179
trop 3076 2164 48 179 179
fre 3332 2156 15 179 179
lay 3400 2168 60 0 179
lay 3416 2168 61 0 179
lay 3480 2168 61 0 179
lay 3496 2168 60 0 179
lay 3512 2168 61 0 179
fre 3492 2164 15 179 179
lay 3576 2168 61 0 179
tree 3816 2168 21 0 179
tree 3896 2152 44 0 179
tree 3880 2152 43 0 179
tree 3928 2168 2 0 179
tree 3960 2168 11 0 179
tree 4088 2168 19 0 179
tree 4088 2152 11 0 179
tree 4120 2168 19 0 179
tree 4136 2168 21 0 179
tree 4200 2168 2 0 179
tree 4232 2152 44 0 179
fre 4436 2148 11 179 179
fre 4468 2148 11 179 179
fre 4484 2172 11 179 179
fre 4500 2164 11 179 179
fre 4508 2148 11 179 179
trop 5300 2156 70 179 179
trop 6028 2172 65 179 179
zabor 6256 2160 26 0 8
zabor 6288 2160 25 0 8
dom 7904 2144 188 0 179
fre 7948 2164 12 179 179
fre 7948 2172 12 179 179
fre 7948 2148 12 179 179
fre 7972 2156 29 179 179
trop 100 2196 87 179 179
trop 140 2188 87 179 179
trop 196 2204 81 179 179
trop 228 2196 81 179 179
trop 244 2180 81 179 179
fre 308 2196 61 179 179
fre 620 2204 26 179 179
fre 668 2196 20 179 179
tree 920 2184 50 0 179
tree 1000 2200 2 0 179
zabor 1040 2192 24 0 8
fre 1180 2196 11 179 179
fre 1204 2188 11 179 179
fre 1228 2180 11 179 179
fre 1228 2204 11 179 179
fre 1220 2204 11 179 179
fre 1220 2180 11 179 179
fre 1252 2196 11 179 179
fre 1268 2204 11 179 179
lay 1320 2200 61 0 179
fre 1348 2180 11 179 179
fre 1348 2188 11 179 179
fre 1372 2196 11 179 179
fre 1364 2180 11 179 179
lay 1368 2200 61 0 179
fre 1380 2204 11 179 179
fre 1404 2204 11 179 179
fre 1396 2196 11 179 179
dom 1440 2176 316 0 179
fre 1532 2196 11 179 179
fre 1524 2196 11 179 179
tree 1528 2200 26 0 179
tree 1528 2184 17 0 179
fre 1556 2196 11 179 179
fre 1548 2180 11 179 179
fre 1548 2196 11 179 179
fre 1540 2204 11 179 179
tree 1544 2184 3 0 179
fre 1588 2188 11 179 179
fre 1572 2180 11 179 179
fre 1588 2204 11 179 179
fre 1580 2196 11 179 179
fre 1572 2196 11 179 179
fre 1612 2196 11 179 179
fre 1604 2204 11 179 179
lay 1784 2184 65 0 179
zabor 1872 2192 30 0 8
lay 2216 2200 61 0 179
lay 2264 2200 61 0 179
lay 2312 2200 61 0 179
lay 2392 2184 61 0 179
fre 2396 2180 29 179 179
tree 2424 2200 51 0 179
lay 2440 2184 61 0 179
fre 2716 2188 12 179 179
fre 2740 2196 27 179 179
fre 2772 2180 1 179 179
fre 2788 2196 20 179 179
fre 2796 2204 22 179 179
fre 2804 2196 28 179 179
fre 2796 2188 26 179 179
fre 2812 2180 14 179 179
fre 2828 2188 28 179 179
fre 2844 2196 20 179 179
fre 2844 2188 19 179 179
fre 2836 2196 19 179 179
fre 2860 2204 13 179 179
fre 2852 2204 19 179 179
trop 3140 2188 67 179 179
fre 3316 2180 29 179 179
lay 3368 2184 61 0 179
tree 3992 2200 11 0 179
tree 3976 2200 50 0 179
tree 3976 2184 58 0 179
trop 5804 2188 67 179 179
zabor 6096 2192 29 0 8
tree 6168 2184 27 0 179
tree 6232 2200 51 0 179
lay 6248 2184 45 0 179
zabor 6288 2192 27 0 8
zabor 6320 2192 26 0 8
tree 6856 2200 57 0 179
tree 6904 2200 4 0 179
trop 6932 2180 67 179 179
dom 7008 2176 82 1 179
fre 7444 2204 11 179 179
fre 7724 2196 11 179 179
fre 7740 2204 11 179 179
fre 7892 2204 12 179 179
fre 7932 2204 12 179 179
fre 7948 2188 12 179 179
fre 7980 2188 12 179 179
trop 8060 2180 83 179 179
trop 116 2236 81 179 179
trop 164 2212 81 179 179
fre 276 2220 61 179 179
fre 276 2236 61 179 179
fre 292 2220 61 179 179
tree 968 2216 35 0 179
tree 1000 2216 43 0 179
zabor 1040 2224 31 0 8
lay 1208 2216 61 0 179
lay 1256 2232 61 0 179
lay 1272 2216 61 0 179
fre 1252 2220 11 179 179
fre 1276 2228 11 179 179
stand 1256 2232 153 0 179
fre 1292 2228 11 179 179
fre 1300 2220 11 179 179
fre 1284 2236 11 179 179
fre 1332 2236 11 179 179
fre 1316 2220 11 179 179
fre 1356 2228 11 179 179
fre 1372 2212 11 179 179
fre 1388 2236 11 179 179
fre 1404 2212 11 179 179
fre 1524 2220 11 179 179
fre 1564 2212 11 179 179
stand 1544 2232 164 0 179
lay 1560 2216 65 0 179
fre 1596 2228 11 179 179
fre 1572 2228 11 179 179
fre 1580 2220 11 179 179
dom 1728 2208 315 0 179
fre 1772 2228 12 179 179
zabor 1872 2224 24 0 8
trop 2100 2220 48 179 179
dom 2208 2208 295 0 179
lay 2280 2216 61 0 179
lay 2376 2216 61 0 179
lay 2504 2216 61 0 179
lay 2536 2216 61 0 179
trop 2652 2212 68 179 179
fre 2684 2228 14 179 179
tree 2680 2232 8 0 179
tree 2760 2232 56 0 179
fre 2804 2212 23 179 179
fre 2812 2220 5 179 179
tree 2808 2216 49 0 179
fre 2836 2212 27 179 179
fre 2844 2212 14 179 179
lay 2888 2216 61 0 179
lay 3400 2232 61 0 179
lay 3480 2216 61 0 179
lay 3576 2232 61 0 179
tree 3768 2232 44 0 179
tree 3768 2216 19 0 179
tree 3832 2232 11 0 179
tree 3880 2232 59 0 179
tree 4024 2216 21 0 179
tree 4040 2216 4 0 179
tree 4040 2232 51 0 179
tree 4088 2216 2 0 179
tree 4104 2232 4 0 179
trop 5252 2228 69 179 179
tree 5336 2232 21 0 179
tree 5368 2216 18 0 179
tree 5736 2232 2 0 179
tree 5880 2216 51 0 179
tree 5944 2216 19 0 179
zabor 6096 2224 27 0 8
fre 6132 2220 11 179 179
fre 6132 2212 11 179 179
fre 6140 2228 11 179 179
fre 6148 2236 11 179 179
tree 6200 2232 9 0 179
lay 6216 2216 34 0 179
tree 6232 2216 5 0 179
lay 6248 2232 42 0 179
zabor 6320 2224 31 0 8
dom 6432 2208 88 0 179
tree 6808 2216 35 0 179
tree 7320 2232 50 0 179
dom 7424 2208 88 0 179
fre 7484 2212 11 179 179
fre 7460 2212 11 179 179
dom 7552 2208 296 0 179
fre 7596 2236 11 179 179
dom 7744 2208 309 0 179
fre 7748 2212 11 179 179
fre 7756 2236 11 179 179
fre 7756 2228 11 179 179
fre 7932 2220 12 179 179
fre 7916 2220 12 179 179
trop 7940 2236 83 179 179
lay 7960 2232 60 0 179
fre 7956 2212 12 179 179
fre 7948 2220 12 179 179
trop 8036 2228 83 179 179
lay 8088 2216 61 0 179
trop 108 2244 81 179 179
dom 224 2240 117 0 179
fre 276 2260 61 179 179
zabor 976 2256 30 0 8
zabor 1008 2256 26 0 8
lay 1224 2264 61 0 179
fre 1300 2252 11 179 179
fre 1292 2252 11 179 179
fre 1372 2244 11 179 179
fre 1348 2260 11 179 179
fre 1412 2268 11 179 179
fre 1428 2268 11 179 179
fre 1436 2268 11 179 179
fre 1532 2252 11 179 179
fre 1524 2252 11 179 179
fre 1524 2268 11 179 179
fre 1564 2244 11 179 179
fre 1548 2252 11 179 179
fre 1548 2244 11 179 179
fre 1580 2244 11 179 179
zabor 1808 2256 31 0 8
zabor 1840 2256 31 0 8
zabor 1872 2256 29 0 8
dom 1984 2240 81 0 179
dom 2528 2240 70 0 179
fre 2740 2244 14 179 179
tree 2744 2248 33 0 179
tree 2760 2264 32 0 179
tree 2792 2264 9 0 179
fre 2812 2268 11 179 179
tree 2824 2264 5 0 179
fre 2836 2268 11 179 179
trop 3076 2244 48 179 179
fre 3260 2260 15 179 179
tree 3768 2248 35 0 179
tree 3800 2248 58 0 179
tree 3960 2264 21 0 179
tree 4056 2264 11 0 179
tree 4120 2248 59 0 179
tree 4136 2248 11 0 179
trop 4556 2268 70 179 179
trop 4644 2244 113 179 179
trop 4732 2244 113 179 179
trop 4820 2244 113 179 179
trop 4908 2244 113 179 179
trop 5004 2244 113 179 179
trop 5100 2244 113 179 179
trop 5172 2244 113 179 179
tree 5304 2264 35 0 179
tree 5288 2264 2 0 179
fre 5372 2268 12 179 179
tree 5480 2248 21 0 179
lay 5656 2248 59 0 179
dom 5632 2240 86 0 179
trop 6028 2268 65 179 179
zabor 6096 2256 29 0 8
tree 6136 2248 11 0 179
fre 6156 2244 11 179 179
fre 6156 2268 11 179 179
fre 6172 2268 11 179 179
tree 6152 2264 4 0 179
tree 6152 2248 59 0 179
lay 6216 2248 32 0 179
fre 6260 2260 11 179 179
zabor 6320 2256 27 0 8
fre 6764 2244 11 179 179
tree 6792 2248 13 0 179
tree 6872 2264 43 0 179
trop 6932 2268 67 179 179
tree 7112 2248 59 0 179
tree 7160 2248 4 0 179
tree 7208 2248 13 0 179
tree 7256 2248 11 0 179
fre 7316 2244 30 179 179
fre 7468 2244 11 179 179
fre 7516 2268 11 179 179
stand 7528 2264 166 0 179
fre 7532 2244 11 179 179
lay 7592 2264 61 0 179
fre 7620 2268 11 179 179
tree 7704 2264 58 0 179
trop 7924 2268 83 179 179
trop 8004 2268 83 179 179
lay 8008 2248 60 0 179
lay 8040 2264 60 0 179
fre 180 2276 61 179 179
fre 204 2292 61 179 179
fre 236 2292 61 179 179
fre 260 2284 61 179 179
zabor 944 2288 26 0 8
trop 2100 2300 48 179 179
trop 2652 2292 68 179 179
tree 2776 2296 48 0 179
fre 2812 2276 12 179 179
tree 2808 2280 0 0 179
tree 2872 2280 48 0 179
lay 2904 2280 61 0 179
trop 3140 2276 67 179 179
fre 3308 2284 15 179 179
fre 3396 2276 15 179 179
lay 3832 2280 61 0 179
tree 4056 2280 58 0 179
fre 4220 2300 11 179 179
fre 4196 2284 11 179 179
fre 4204 2300 11 179 179
tree 4232 2280 27 0 179
fre 4244 2276 32 179 179
fre 4444 2284 11 179 179
dom 4736 2272 292 0 179
lay 5320 2280 36 0 179
tree 5320 2296 27 0 179
lay 5352 2296 35 0 179
fre 5364 2276 12 179 179
fre 5380 2300 12 179 179
fre 5380 2292 12 179 179
fre 5380 2276 12 179 179
fre 5412 2292 12 179 179
tree 5448 2296 21 0 179
stand 5512 2296 209 0 179
tree 5544 2280 11 0 179
trop 5804 2276 67 179 179
zabor 6096 2288 30 0 8
fre 6172 2300 11 179 179
fre 6188 2284 11 179 179
fre 6204 2292 11 179 179
lay 6184 2296 46 0 179
tree 6216 2296 37 0 179
fre 6252 2300 11 179 179
fre 6276 2276 11 179 179
zabor 6320 2288 39 0 9
zabor 6544 2288 24 0 8
zabor 6576 2288 24 0 8
fre 6572 2300 11 179 179
fre 6564 2284 11 179 179
fre 6572 2292 11 179 179
fre 6580 2284 11 179 179
zabor 6608 2288 30 0 8
zabor 6640 2288 24 0 8
zabor 6672 2288 31 0 8
fre 6676 2300 11 179 179
fre 6668 2292 11 179 179
zabor 6704 2288 26 0 8
zabor 6736 2288 25 0 8
zabor 6768 2288 24 0 8
fre 6764 2292 26 179 179
fre 6756 2300 11 179 179
fre 6764 2284 11 179 179
zabor 6800 2288 29 0 8
zabor 6832 2288 30 0 8
tree 6840 2280 44 0 179
tree 7064 2280 58 0 179
tree 7048 2280 59 0 179
tree 7128 2280 2 0 179
fre 7372 2300 11 179 179
fre 7380 2284 11 179 179
fre 7364 2284 11 179 179
fre 7412 2292 11 179 179
fre 7404 2284 11 179 179
lay 7448 2296 61 0 179
fre 7428 2284 11 179 179
fre 7468 2284 11 179 179
fre 7476 2292 11 179 179
fre 7460 2292 11 179 179
fre 7468 2292 11 179 179
fre 7460 2284 11 179 179
lay 7512 2296 61 0 179
fre 7508 2292 11 179 179
fre 7492 2292 11 179 179
fre 7500 2284 11 179 179
fre 7516 2284 11 179 179
fre 7516 2292 11 179 179
tree 7512 2296 44 0 179
fre 7532 2300 11 179 179
fre 7548 2276 11 179 179
tree 7544 2296 35 0 179
lay 7576 2280 61 0 179
fre 7564 2300 11 179 179
fre 7556 2292 11 179 179
fre 7572 2300 11 179 179
fre 7564 2284 11 179 179
fre 7612 2292 11 179 179
fre 7596 2284 11 179 179
trop 7868 2292 83 179 179
trop 7988 2300 83 179 179
lay 7976 2296 61 0 179
fre 8012 2292 14 179 179
trop 8044 2276 83 179 179
fre 8036 2300 14 179 179
trop 8068 2276 83 179 179
fre 180 2308 61 179 179
fre 2652 2332 34 179 179
fre 2764 2324 12 179 179
fre 2772 2332 12 179 179
fre 2796 2308 12 179 179
fre 2788 2308 12 179 179
tree 2792 2328 11 0 179
trop 3076 2324 48 179 179
dom 3520 2304 290 0 179
fre 3580 2316 15 179 179
tree 3800 2312 43 0 179
fre 3812 2332 11 179 179
fre 3876 2332 11 179 179
tree 3880 2328 19 0 179
fre 3932 2332 11 179 179
fre 3916 2332 15 179 179
tree 3960 2328 50 0 179
fre 4004 2324 11 179 179
fre 4060 2316 11 179 179
fre 4260 2316 11 179 179
fre 4292 2316 11 179 179
fre 4340 2308 11 179 179
fre 4388 2324 11 179 179
fre 4868 2316 11 179 179
fre 4900 2324 11 179 179
tree 4936 2312 12 0 179
tree 4952 2328 20 0 179
tree 4936 2328 9 0 179
fre 5276 2324 11 179 179
lay 5368 2328 29 0 179
tree 5352 2328 43 0 179
tree 5384 2328 9 0 179
fre 5396 2316 12 179 179
fre 5692 2308 12 179 179
fre 5708 2324 12 179 179
fre 5700 2324 12 179 179
dom 5920 2304 81 0 179
zabor 6096 2320 30 0 8
fre 6172 2316 11 179 179
tree 6168 2328 59 0 179
fre 6196 2308 11 179 179
fre 6196 2332 11 179 179
fre 6212 2316 11 179 179
fre 6276 2308 11 179 179
fre 6316 2324 11 179 179
fre 6356 2324 11 179 179
fre 6412 2324 11 179 179
fre 6436 2324 11 179 179
zabor 6544 2320 36 0 9
fre 6580 2316 11 179 179
fre 6604 2316 11 179 179
fre 6620 2316 11 179 179
fre 6596 2308 11 179 179
fre 6596 2324 11 179 179
fre 6628 2316 11 179 179
fre 6652 2324 11 179 179
tree 6648 2312 20 0 179
tree 6648 2328 13 0 179
fre 6660 2316 11 179 179
fre 6676 2324 11 179 179
tree 6680 2328 21 0 179
fre 6716 2332 11 179 179
fre 6708 2316 11 179 179
fre 6700 2324 11 179 179
fre 6716 2324 11 179 179
tree 6712 2312 60 0 179
fre 6748 2332 11 179 179
fre 6740 2316 11 179 179
tree 6744 2328 13 0 179
lay 6760 2328 39 0 179
fre 6812 2324 26 179 179
zabor 6832 2320 31 0 8
fre 6828 2332 26 179 179
tree 7064 2328 51 0 179
tree 7064 2312 51 0 179
tree 7768 2328 59 0 179
trop 7796 2332 123 179 179
trop 7852 2308 83 179 179
fre 7892 2324 26 179 179
fre 7900 2324 14 179 179
fre 7908 2332 26 179 179
fre 7924 2332 26 179 179
trop 7964 2332 83 179 179
fre 7964 2316 14 179 179
dom 8000 2304 100 0 179
trop 84 2356 113 179 179
trop 172 2356 113 179 179
trop 268 2356 113 179 179
trop 348 2356 113 179 179
trop 436 2356 113 179 179
trop 524 2356 113 179 179
trop 620 2356 113 179 179
trop 700 2356 113 179 179
trop 788 2356 113 179 179
trop 876 2356 113 179 179
trop 972 2356 113 179 179
trop 1052 2356 113 179 179
trop 1140 2356 113 179 179
trop 1228 2356 113 179 179
trop 1324 2356 113 179 179
trop 1404 2356 113 179 179
trop 1492 2356 113 179 179
trop 1580 2356 113 179 179
trop 1676 2356 113 179 179
trop 1756 2356 113 179 179
trop 1844 2356 113 179 179
trop 1932 2356 113 179 179
trop 2028 2356 113 179 179
trop 2156 2348 125 179 179
trop 2244 2348 113 179 179
trop 2332 2348 113 179 179
trop 2428 2348 113 179 179
trop 2516 2348 113 179 179
trop 2596 2348 113 179 179
fre 2796 2356 12 179 179
fre 2796 2364 12 179 179
fre 2796 2340 12 179 179
fre 2820 2348 29 179 179
trop 3140 2364 67 179 179
tree 3400 2344 57 0 179
fre 3676 2340 15 179 179
fre 3780 2356 15 179 179
fre 3852 2364 11 179 179
fre 3940 2340 11 179 179
fre 3956 2340 11 179 179
fre 3964 2364 29 179 179
tree 4072 2344 4 0 179
trop 4268 2364 113 179 179
trop 4356 2364 113 179 179
trop 4436 2364 113 179 179
trop 4516 2348 69 179 179
lay 4632 2344 5 0 179
fre 4836 2340 11 179 179
tree 4952 2344 17 0 179
tree 4968 2344 40 0 179
lay 5048 2360 61 0 179
fre 5276 2356 11 179 179
lay 5304 2344 63 0 179
fre 5412 2340 12 179 179
fre 5428 2348 12 179 179
fre 5452 2356 12 179 179
fre 5484 2364 12 179 179
fre 5492 2364 12 179 179
fre 5516 2364 12 179 179
fre 5540 2364 12 179 179
fre 5572 2356 12 179 179
fre 5580 2364 12 179 179
fre 5588 2364 12 179 179
fre 5596 2348 12 179 179
fre 5628 2364 12 179 179
fre 5716 2348 12 179 179
fre 5732 2364 12 179 179
trop 5804 2364 67 179 179
trop 6028 2364 65 179 179
zabor 6096 2352 24 0 8
lay 6104 2344 61 0 179
fre 6116 2364 11 179 179
fre 6132 2340 11 179 179
fre 6172 2364 11 179 179
fre 6164 2356 11 179 179
fre 6196 2348 11 179 179
fre 6180 2356 11 179 179
zabor 6448 2352 32 0 9
zabor 6480 2352 26 0 8
zabor 6512 2352 32 0 9
fre 6692 2348 11 179 179
fre 6708 2348 11 179 179
fre 6732 2356 11 179 179
fre 6724 2356 11 179 179
fre 6740 2356 11 179 179
lay 6776 2360 32 0 179
fre 6772 2356 11 179 179
fre 6756 2340 11 179 179
fre 6756 2356 11 179 179
fre 6764 2364 11 179 179
fre 6804 2348 27 179 179
fre 6796 2356 26 179 179
fre 6788 2356 26 179 179
fre 6812 2340 26 179 179
zabor 6832 2352 25 0 8
fre 6828 2364 26 179 179
fre 6844 2356 26 179 179
trop 6932 2356 67 179 179
tree 7064 2360 57 0 179
tree 7144 2344 21 0 179
tree 7192 2360 21 0 179
tree 7208 2360 19 0 179
tree 7208 2344 13 0 179
trop 7524 2340 123 179 179
trop 7644 2356 83 179 179
trop 7628 2348 83 179 179
trop 7668 2356 83 179 179
dom 7712 2336 246 2 179
lay 7784 2344 50 0 179
trop 7868 2340 83 179 179
fre 7844 2348 26 179 179
trop 7892 2348 83 179 179
trop 7924 2364 83 179 179
fre 7932 2348 18 179 179
fre 7924 2340 18 179 179
fre 7940 2340 18 179 179
stand 8056 2360 261 0 179
tree 920 2392 11 0 179
trop 2100 2380 48 179 179
fre 2292 2396 11 179 179
fre 2572 2388 11 179 179
fre 2588 2396 11 179 179
trop 2652 2372 68 179 179
fre 2740 2396 12 179 179
fre 2780 2396 12 179 179
fre 2796 2380 12 179 179
fre 2828 2380 12 179 179
tree 3304 2392 57 0 179
tree 3368 2392 11 0 179
tree 3448 2376 52 0 179
fre 3588 2388 11 179 179
lay 3640 2392 61 0 179
lay 3688 2392 61 0 179
lay 3784 2392 61 0 179
fre 3796 2380 15 179 179
fre 3812 2372 11 179 179
tree 3832 2392 57 0 179
fre 3812 2380 11 179 179
fre 3812 2388 11 179 179
fre 3836 2388 11 179 179
lay 3848 2392 61 0 179
fre 3852 2388 11 179 179
fre 3892 2396 11 179 179
tree 3928 2392 2 0 179
fre 3964 2380 11 179 179
fre 3948 2380 11 179 179
fre 3956 2388 11 179 179
fre 3948 2388 15 179 179
fre 4060 2380 11 179 179
fre 4084 2380 11 179 179
fre 4100 2396 11 179 179
trop 4180 2388 70 179 179
tree 4696 2376 29 0 179
fre 4828 2396 11 179 179
fre 4844 2372 11 179 179
lay 4920 2376 61 0 179
lay 4952 2376 61 0 179
fre 4972 2372 29 179 179
lay 5016 2376 61 0 179
lay 5080 2376 61 0 179
lay 5128 2392 61 0 179
lay 5320 2392 61 0 179
fre 5348 2396 11 179 179
lay 5640 2392 33 0 179
fre 5652 2380 12 179 179
fre 5660 2388 12 179 179
fre 5668 2372 12 179 179
fre 5684 2372 12 179 179
lay 5720 2376 39 0 179
lay 5704 2392 37 0 179
fre 5700 2372 12 179 179
fre 5708 2380 12 179 179
fre 5724 2372 12 179 179
fre 5740 2388 12 179 179
zabor 6096 2384 29 0 8
lay 6168 2376 61 0 179
lay 6152 2376 61 0 179
fre 6164 2396 11 179 179
fre 6172 2388 11 179 179
fre 6188 2372 11 179 179
fre 6188 2388 11 179 179
fre 6236 2372 11 179 179
lay 6216 2392 61 0 179
lay 6216 2376 61 0 179
fre 6268 2372 11 179 179
fre 6580 2396 12 179 179
fre 6596 2380 11 179 179
fre 6748 2396 11 179 179
fre 6740 2380 11 179 179
fre 6772 2388 11 179 179
lay 6792 2392 36 0 179
zabor 6832 2384 29 0 8
tree 7064 2376 4 0 179
tree 7048 2376 57 0 179
tree 7144 2376 57 0 179
tree 7144 2392 27 0 179
tree 7224 2376 11 0 179
tree 7208 2376 58 0 179
zabor 7408 2384 104 2 8
zabor 7440 2384 105 2 8
lay 7528 2392 50 0 179
dom 7584 2368 248 2 179
trop 7676 2372 83 179 179
trop 7700 2396 83 179 179
trop 7716 2388 83 179 179
tree 7832 2376 43 0 179
trop 7860 2372 83 179 179
fre 7852 2388 32 179 179
trop 7892 2396 83 179 179
fre 7884 2372 26 179 179
lay 7960 2376 61 0 179
zabor 208 2416 30 0 8
zabor 304 2416 30 0 8
zabor 400 2416 26 0 8
tree 456 2424 51 0 179
zabor 496 2416 28 0 8
zabor 592 2416 26 0 8
zabor 688 2416 25 0 8
zabor 816 2416 24 0 8
tree 920 2408 2 0 179
zabor 944 2416 30 0 8
zabor 1040 2416 31 0 8
zabor 1136 2416 26 0 8
zabor 1232 2416 26 0 8
zabor 1296 2416 29 0 8
zabor 1360 2416 27 0 8
zabor 1424 2416 30 0 8
tree 1464 2424 11 0 179
zabor 1488 2416 31 0 8
zabor 1552 2416 28 0 8
zabor 1616 2416 26 0 8
fre 1604 2412 11 179 179
fre 1604 2420 11 179 179
fre 1620 2404 11 179 179
zabor 1680 2416 24 0 8
zabor 1744 2416 30 0 8
fre 1772 2428 11 179 179
tree 1832 2424 20 0 179
tree 1848 2408 20 0 179
fre 1852 2420 11 179 179
stand 1912 2424 27 0 179
stand 1896 2424 27 0 179
tree 1896 2408 29 0 179
tree 1912 2408 12 0 179
stand 1928 2424 27 0 179
fre 1940 2428 11 179 179
tree 1976 2408 36 0 179
tree 1960 2424 9 0 179
stand 2056 2424 176 0 179
tree 2168 2424 50 0 179
dom 2272 2400 88 0 179
fre 2332 2404 11 179 179
fre 2308 2404 11 179 179
dom 2400 2400 296 0 179
fre 2444 2428 11 179 179
tree 2568 2424 19 0 179
fre 2596 2404 11 179 179
fre 2604 2428 11 179 179
fre 2604 2420 11 179 179
fre 2780 2412 12 179 179
fre 2764 2412 12 179 179
lay 2808 2424 60 0 179
fre 2804 2404 12 179 179
fre 2796 2412 12 179 179
lay 2936 2408 61 0 179
trop 3076 2404 48 179 179
tree 3272 2424 43 0 179
tree 3336 2408 58 0 179
tree 3416 2408 44 0 179
fre 3580 2412 15 179 179
fre 3564 2412 11 179 179
lay 3592 2424 61 0 179
lay 3608 2408 61 0 179
fre 3596 2404 11 179 179
fre 3588 2412 11 179 179
fre 3828 2420 11 179 179
fre 3828 2412 11 179 179
tree 3832 2424 20 0 179
fre 3828 2404 11 179 179
fre 3812 2420 11 179 179
fre 3836 2412 11 179 179
fre 3860 2420 29 179 179
fre 3868 2420 11 179 179
fre 3860 2412 11 179 179
fre 3876 2412 11 179 179
tree 3880 2408 37 0 179
fre 3876 2404 11 179 179
lay 3912 2408 61 0 179
fre 3956 2404 11 179 179
lay 4024 2424 61 0 179
fre 4052 2420 11 179 179
fre 4796 2404 11 179 179
fre 4804 2420 11 179 179
lay 4840 2424 61 0 179
lay 4840 2408 61 0 179
fre 4868 2428 11 179 179
fre 4868 2404 11 179 179
lay 4888 2424 61 0 179
lay 4920 2408 61 0 179
dom 4928 2400 313 0 179
fre 5252 2420 11 179 179
fre 5316 2420 11 179 179
fre 5444 2404 11 179 179
lay 5720 2408 35 0 179
fre 5740 2404 12 179 179
fre 5732 2420 12 179 179
zabor 6096 2416 31 0 8
fre 6100 2412 11 179 179
lay 6200 2424 61 0 179
lay 6232 2424 61 0 179
lay 6216 2424 61 0 179
fre 6268 2412 11 179 179
fre 6244 2428 12 179 179
fre 6372 2420 11 179 179
lay 6392 2424 63 0 179
fre 6428 2428 11 179 179
fre 6516 2404 12 179 179
lay 6648 2424 61 0 179
fre 6748 2420 11 179 179
fre 6748 2412 11 179 179
fre 6772 2428 11 179 179
fre 6780 2412 11 179 179
fre 6788 2420 11 179 179
zabor 6832 2416 26 0 8
fre 6836 2404 26 179 179
tree 7144 2408 44 0 179
tree 7144 2424 43 0 179
tree 7256 2424 19 0 179
fre 7300 2428 11 179 179
fre 7308 2412 15 179 179
zabor 7440 2416 104 2 8
trop 7524 2428 68 179 179
trop 7588 2420 83 179 179
trop 7796 2420 68 179 179
lay 7784 2408 50 0 179
trop 7844 2428 83 179 179
trop 7868 2428 83 179 179
tree 7848 2408 35 0 179
fre 7852 2404 26 179 179
lay 7896 2408 61 0 179
zabor 144 2448 27 0 8
zabor 176 2448 30 0 8
zabor 208 2448 37 0 9
zabor 240 2448 35 0 9
zabor 272 2448 34 0 9
tree 280 2456 59 0 179
zabor 304 2448 36 0 9
tree 360 2440 19 0 179
zabor 400 2448 37 0 9
zabor 432 2448 26 0 8
zabor 464 2448 29 0 8
zabor 528 2448 28 0 8
zabor 560 2448 34 0 9
tree 904 2456 35 0 179
tree 1016 2456 21 0 179
tree 1464 2440 2 0 179
fre 1548 2436 11 179 179
fre 1588 2452 11 179 179
fre 1596 2452 11 179 179
fre 1620 2436 11 179 179
fre 1756 2452 11 179 179
fre 1756 2436 11 179 179
fre 1764 2460 11 179 179
fre 1780 2460 11 179 179
fre 1772 2452 11 179 179
fre 1852 2444 11 179 179
tree 1864 2440 20 0 179
dom 1920 2432 86 0 179
stand 1976 2456 157 0 179
fre 1964 2460 11 179 179
fre 1956 2460 11 179 179
stand 2008 2456 157 0 179
stand 1992 2456 157 0 179
tree 1992 2440 37 0 179
tree 2008 2440 28 0 179
trop 2100 2460 48 179 179
fre 2164 2436 30 179 179
fre 2316 2436 11 179 179
fre 2364 2460 11 179 179
stand 2376 2456 166 0 179
fre 2380 2436 11 179 179
lay 2440 2456 61 0 179
fre 2468 2460 11 179 179
tree 2552 2456 58 0 179
trop 2636 2452 69 179 179
lay 2856 2440 60 0 179
lay 2888 2456 60 0 179
dom 2944 2432 188 0 179
trop 3140 2452 67 179 179
tree 3304 2456 44 0 179
tree 3352 2456 2 0 179
tree 3400 2456 60 0 179
dom 3456 2432 289 0 179
dom 3712 2432 291 0 179
fre 3852 2444 11 179 179
fre 3860 2452 11 179 179
fre 3900 2460 11 179 179
fre 3900 2452 11 179 179
lay 3960 2440 61 0 179
fre 3940 2444 15 179 179
fre 4028 2452 11 179 179
fre 4068 2444 11 179 179
fre 4076 2460 11 179 179
fre 4444 2452 12 179 179
fre 4508 2444 12 179 179
fre 4804 2460 11 179 179
fre 4860 2444 11 179 179
fre 4844 2444 11 179 179
fre 4852 2460 11 179 179
lay 4888 2456 61 0 179
lay 5144 2456 61 0 179
lay 5480 2440 28 0 179
fre 5604 2452 11 179 179
fre 5692 2444 11 179 179
fre 5684 2460 11 179 179
fre 5692 2452 12 179 179
lay 5704 2440 34 0 179
lay 5720 2456 36 0 179
tree 5720 2440 26 0 179
fre 5724 2436 12 179 179
fre 5732 2452 12 179 179
trop 5804 2452 67 179 179
dom 5920 2432 82 0 179
trop 6028 2452 65 179 179
zabor 6096 2448 31 0 8
lay 6232 2440 61 0 179
fre 6340 2460 12 179 179
lay 6424 2456 61 0 179
fre 6516 2452 11 179 179
fre 6700 2436 11 179 179
fre 6780 2452 11 179 179
fre 6796 2444 11 179 179
zabor 6832 2448 25 0 8
trop 6932 2452 67 179 179
tree 7128 2440 13 0 179
tree 7160 2456 11 0 179
tree 7288 2456 58 0 179
tree 7272 2456 43 0 179
tree 7272 2440 44 0 179
tree 7304 2456 57 0 179
fre 7316 2452 11 179 179
fre 7356 2452 11 179 179
zabor 7440 2448 104 2 8
dom 7616 2432 247 2 179
trop 7708 2460 83 179 179
trop 7716 2436 83 179 179
trop 7844 2460 83 179 179
tree 328 2472 59 0 179
tree 632 2488 11 0 179
tree 664 2472 21 0 179
tree 744 2472 4 0 179
tree 760 2472 19 0 179
tree 824 2488 58 0 179
tree 856 2472 59 0 179
tree 968 2472 43 0 179
fre 1036 2492 12 179 179
tree 1448 2488 35 0 179
tree 1560 2488 21 0 179
fre 1644 2484 11 179 179
lay 1672 2472 28 0 179
fre 1676 2468 11 179 179
lay 1688 2472 61 0 179
fre 1764 2468 11 179 179
fre 1772 2476 11 179 179
lay 1768 2472 61 0 179
fre 1804 2476 11 179 179
fre 1876 2468 11 179 179
fre 1908 2468 11 179 179
fre 1948 2468 11 179 179
fre 1940 2484 11 179 179
fre 1924 2492 11 179 179
stand 1976 2472 159 0 179
stand 1992 2472 158 0 179
stand 2008 2472 156 0 179
fre 2220 2492 11 179 179
fre 2228 2476 11 179 179
fre 2212 2476 11 179 179
fre 2260 2484 11 179 179
fre 2252 2476 11 179 179
lay 2296 2488 61 0 179
fre 2276 2476 11 179 179
fre 2316 2476 11 179 179
fre 2324 2484 11 179 179
fre 2308 2484 11 179 179
fre 2316 2484 11 179 179
fre 2308 2476 11 179 179
lay 2360 2488 61 0 179
fre 2356 2484 11 179 179
fre 2340 2484 11 179 179
fre 2348 2476 11 179 179
fre 2364 2476 11 179 179
fre 2364 2484 11 179 179
tree 2360 2488 44 0 179
fre 2380 2492 11 179 179
fre 2396 2468 11 179 179
tree 2392 2488 35 0 179
lay 2424 2472 61 0 179
fre 2412 2492 11 179 179
fre 2404 2484 11 179 179
fre 2420 2492 11 179 179
fre 2412 2476 11 179 179
fre 2460 2484 11 179 179
fre 2444 2476 11 179 179
trop 2564 2492 70 179 179
lay 2824 2488 61 0 179
trop 3076 2484 48 179 179
tree 3240 2472 35 0 179
fre 3788 2484 11 179 179
tree 3880 2472 21 0 179
fre 3940 2492 11 179 179
fre 3956 2476 11 179 179
fre 4028 2476 11 179 179
fre 4004 2484 11 179 179
fre 4060 2476 11 179 179
trop 4156 2468 67 179 179
lay 4312 2488 61 0 179
tree 4536 2472 58 0 179
tree 4520 2472 59 0 179
lay 4520 2488 63 0 179
tree 4600 2472 2 0 179
lay 4696 2488 61 0 179
lay 4712 2488 63 0 179
fre 4796 2492 11 179 179
fre 4820 2476 11 179 179
lay 4856 2488 61 0 179
dom 5152 2464 309 0 179
lay 5288 2488 63 0 179
fre 5316 2484 11 179 179
lay 5432 2472 61 0 179
lay 5576 2488 63 0 179
lay 5592 2472 61 0 179
fre 5708 2476 11 179 179
lay 5720 2488 32 0 179
fre 5724 2484 12 179 179
fre 5708 2468 12 179 179
fre 5740 2492 11 179 179
fre 5732 2484 11 179 179
fre 5732 2468 12 179 179
fre 5732 2492 12 179 179
zabor 6096 2480 25 0 8
fre 6148 2468 11 179 179
lay 6264 2472 28 0 179
lay 6600 2488 28 0 179
lay 6616 2472 63 0 179
fre 6644 2476 11 179 179
fre 6772 2492 11 179 179
fre 6804 2476 11 179 179
zabor 6832 2480 25 0 8
tree 7176 2472 50 0 179
tree 7208 2488 2 0 179
tree 7224 2488 13 0 179
tree 7256 2488 2 0 179
tree 7320 2488 35 0 179
tree 7320 2472 44 0 179
fre 7324 2492 15 179 179
tree 7336 2488 59 0 179
fre 7348 2484 11 179 179
fre 7356 2468 11 179 179
zabor 7440 2480 105 2 8
lay 7560 2488 50 0 179
trop 7596 2468 83 179 179
trop 7596 2476 83 179 179
fre 7644 2492 12 179 179
fre 7652 2476 12 179 179
trop 7716 2476 83 179 179
lay 7784 2488 50 0 179
trop 7852 2492 83 179 179
fre 7852 2468 26 179 179
lay 7880 2488 61 0 179
tree 296 2504 4 0 179
zabor 656 2512 35 0 9
zabor 688 2512 38 0 9
fre 708 2500 11 179 179
tree 712 2504 11 0 179
fre 764 2524 11 179 179
fre 748 2508 11 179 179
tree 904 2520 43 0 179
fre 1540 2516 11 179 179
fre 1564 2508 11 179 179
fre 1580 2524 12 179 179
fre 1636 2516 11 179 179
fre 1764 2516 11 179 179
stand 1944 2504 149 0 179
tree 2168 2504 58 0 179
tree 2152 2504 59 0 179
fre 2164 2500 11 179 179
fre 2204 2524 11 179 179
tree 2232 2504 2 0 179
fre 2236 2524 11 179 179
fre 2244 2516 11 179 179
fre 2268 2516 11 179 179
fre 2252 2516 11 179 179
fre 2252 2524 11 179 179
fre 2244 2524 11 179 179
fre 2356 2500 11 179 179
fre 2364 2500 11 179 179
fre 2372 2500 11 179 179
fre 2388 2500 11 179 179
fre 2564 2508 35 179 179
tree 3224 2520 50 0 179
tree 3288 2504 51 0 179
tree 3352 2504 2 0 179
tree 3416 2520 13 0 179
fre 3788 2524 11 179 179
tree 3848 2504 5 0 179
fre 3980 2500 11 179 179
fre 4492 2508 12 179 179
lay 4504 2504 61 0 179
tree 4536 2520 51 0 179
tree 4536 2504 51 0 179
fre 4556 2516 12 179 179
lay 4696 2504 28 0 179
lay 4904 2520 61 0 179
tree 5208 2520 58 0 179
tree 5192 2520 58 0 179
lay 5368 2504 28 0 179
fre 5364 2524 11 179 179
lay 5368 2520 63 0 179
fre 5476 2508 11 179 179
fre 5540 2516 11 179 179
fre 5724 2500 12 179 179
zabor 6096 2512 35 0 9
fre 6092 2500 11 179 179
fre 6132 2516 11 179 179
lay 6392 2520 28 0 179
fre 6716 2516 12 179 179
fre 6780 2516 11 179 179
zabor 6832 2512 30 0 8
tree 7000 2520 21 0 179
tree 7000 2504 21 0 179
tree 7080 2504 11 0 179
tree 7080 2520 58 0 179
tree 7112 2504 58 0 179
tree 7112 2520 35 0 179
tree 7160 2504 18 0 179
tree 7176 2504 40 0 179
tree 7240 2504 50 0 179
fre 7284 2524 11 179 179
tree 7352 2504 50 0 179
fre 7332 2524 11 179 179
tree 7368 2504 2 0 179
zabor 7440 2512 104 2 8
trop 7524 2508 67 179 179
fre 7580 2524 12 179 179
fre 7564 2516 12 179 179
fre 7612 2524 12 179 179
fre 7588 2524 12 179 179
fre 7644 2500 12 179 179
fre 7644 2524 12 179 179
fre 7620 2524 12 179 179
lay 7640 2520 50 0 179
trop 7724 2508 83 179 179
trop 7732 2500 83 179 179
trop 7796 2500 68 179 179
dom 7776 2496 237 0 179
trop 7828 2508 83 179 179
trop 7852 2524 83 179 179
stand 7976 2504 260 0 179
lay 264 2536 63 0 179
lay 360 2552 28 0 179
lay 520 2536 63 0 179
fre 756 2540 11 179 179
zabor 752 2544 37 0 9
zabor 784 2544 32 0 9
tree 792 2536 4 0 179
tree 984 2536 58 0 179
tree 984 2552 57 0 179
tree 968 2552 21 0 179
tree 1032 2536 58 0 179
fre 1556 2540 11 179 179
fre 1548 2548 11 179 179
fre 1556 2548 11 179 179
fre 1700 2540 11 179 179
fre 1700 2548 11 179 179
fre 1764 2556 11 179 179
stand 1912 2552 180 0 179
trop 2100 2540 48 179 179
tree 2168 2552 51 0 179
tree 2168 2536 51 0 179
fre 2244 2540 11 179 179
fre 2244 2548 11 179 179
fre 2260 2532 11 179 179
fre 2412 2556 11 179 179
lay 2920 2536 61 0 179
trop 3140 2540 67 179 179
fre 3788 2532 11 179 179
trop 4132 2548 69 179 179
lay 4312 2552 61 0 179
fre 4428 2556 12 179 179
fre 4460 2556 12 179 179
tree 4536 2552 57 0 179
fre 4588 2556 12 179 179
tree 4616 2536 21 0 179
tree 4664 2552 21 0 179
tree 4680 2552 19 0 179
tree 4680 2536 13 0 179
fre 4804 2532 11 179 179
dom 4896 2528 312 0 179
tree 4984 2552 28 0 179
lay 5128 2536 61 0 179
fre 5188 2540 11 179 179
tree 5208 2552 19 0 179
fre 5716 2540 11 179 179
fre 5716 2532 11 179 179
fre 5740 2540 11 179 179
trop 5804 2540 67 179 179
trop 6028 2532 65 179 179
fre 6308 2548 11 179 179
fre 6412 2532 12 179 179
fre 6588 2532 12 179 179
fre 6652 2532 11 179 179
zabor 6832 2544 29 0 8
trop 6932 2548 67 179 179
tree 7000 2536 27 0 179
tree 7016 2552 43 0 179
tree 7064 2536 4 0 179
tree 7064 2552 13 0 179
fre 7292 2548 11 179 179
fre 7292 2540 15 179 179
fre 7300 2548 11 179 179
tree 7384 2536 19 0 179
zabor 7440 2544 105 2 8
trop 7580 2556 113 179 179
fre 7636 2532 12 179 179
trop 7660 2556 113 179 179
fre 7844 2540 12 179 179
fre 7852 2548 12 179 179
fre 7844 2556 12 179 179
lay 472 2584 61 0 179
lay 664 2584 61 0 179
lay 680 2568 28 0 179
lay 696 2584 63 0 179
zabor 784 2576 28 0 8
tree 872 2568 50 0 179
tree 1528 2568 58 0 179
tree 1528 2584 57 0 179
tree 1512 2584 21 0 179
fre 1548 2564 11 179 179
lay 1736 2568 28 0 179
stand 1864 2584 184 0 179
stand 1896 2584 181 0 179
stand 1912 2568 180 0 179
zabor 2064 2576 65 1 8
tree 2168 2584 57 0 179
fre 2172 2588 11 179 179
fre 2188 2564 11 179 179
fre 2228 2580 11 179 179
fre 2236 2580 11 179 179
tree 2248 2568 21 0 179
fre 2260 2564 11 179 179
tree 2296 2584 21 0 179
tree 2312 2584 19 0 179
tree 2312 2568 13 0 179
fre 2396 2580 11 179 179
fre 2396 2564 11 179 179
fre 2404 2588 11 179 179
fre 2420 2588 11 179 179
fre 2412 2580 11 179 179
trop 2540 2580 67 179 179
fre 2588 2564 26 179 179
tree 2680 2568 43 0 179
fre 2700 2580 32 179 179
lay 2808 2568 61 0 179
lay 2936 2568 60 0 179
lay 2936 2584 60 0 179
trop 3076 2564 48 179 179
trop 3196 2564 114 179 179
trop 3276 2564 114 179 179
trop 3356 2564 114 179 179
trop 3444 2564 114 179 179
trop 3532 2564 114 179 179
trop 3620 2564 114 179 179
trop 3708 2564 114 179 179
trop 3796 2564 114 179 179
trop 3876 2564 114 179 179
trop 3964 2564 114 179 179
trop 4052 2564 114 179 179
tree 4536 2568 4 0 179
tree 4520 2568 57 0 179
fre 4548 2572 12 179 179
fre 4572 2580 12 179 179
lay 4568 2568 61 0 179
tree 4616 2568 57 0 179
tree 4616 2584 27 0 179
fre 4652 2588 12 179 179
tree 4696 2568 11 0 179
tree 4680 2568 58 0 179
stand 4808 2568 176 0 179
lay 4872 2568 61 0 179
fre 4996 2572 32 179 179
fre 5196 2564 11 179 179
lay 5352 2584 28 0 179
fre 5348 2572 11 179 179
fre 5444 2564 11 179 179
fre 5484 2588 11 179 179
fre 5604 2588 11 179 179
fre 6100 2580 11 179 179
fre 6132 2588 11 179 179
fre 6132 2564 11 179 179
lay 6168 2584 61 0 179
fre 6268 2564 11 179 179
fre 6276 2564 11 179 179
fre 6300 2564 11 179 179
lay 6520 2568 28 0 179
fre 6508 2564 11 179 179
lay 6536 2584 61 0 179
fre 6612 2588 11 179 179
fre 6676 2580 12 179 179
fre 6732 2564 11 179 179
zabor 6800 2576 34 0 9
zabor 6832 2576 34 0 9
tree 7064 2568 59 0 179
tree 7064 2584 50 0 179
tree 7144 2584 36 0 179
tree 7224 2584 51 0 179
tree 7304 2584 50 0 179
tree 7336 2584 25 0 179
tree 7352 2584 29 0 179
zabor 7440 2576 104 2 8
trop 7740 2564 113 179 179
trop 7796 2580 122 179 179
trop 7836 2564 124 179 179
trop 7844 2580 83 179 179
lay 312 2616 58 0 179
lay 296 2600 61 0 179
zabor 784 2608 28 0 8
tree 936 2600 52 0 179
fre 964 2604 11 179 179
fre 980 2596 11 179 179
tree 1000 2600 13 0 179
fre 1564 2596 11 179 179
fre 1604 2596 11 179 179
fre 1636 2604 11 179 179
fre 1700 2612 11 179 179
fre 1708 2604 11 179 179
fre 1708 2596 11 179 179
fre 1772 2620 11 179 179
fre 1884 2604 11 179 179
zabor 2064 2608 65 1 8
trop 2100 2620 48 179 179
tree 2168 2600 4 0 179
tree 2152 2600 57 0 179
tree 2248 2600 57 0 179
tree 2248 2616 27 0 179
fre 2284 2612 11 179 179
tree 2328 2600 11 0 179
tree 2312 2600 58 0 179
lay 2312 2600 28 0 179
fre 2316 2596 11 179 179
lay 2328 2600 61 0 179
fre 2404 2596 11 179 179
fre 2412 2604 11 179 179
lay 2408 2600 61 0 179
fre 2444 2604 11 179 179
fre 2588 2620 26 179 179
fre 2572 2612 26 179 179
tree 2696 2600 35 0 179
lay 2744 2600 61 0 179
lay 2936 2616 61 0 179
tree 2920 2600 50 0 179
fre 2948 2620 11 179 179
tree 3192 2616 37 0 179
fre 3196 2620 11 179 179
tree 3224 2616 26 0 179
fre 3220 2612 11 179 179
tree 3784 2616 17 0 179
tree 3800 2600 29 0 179
tree 3816 2616 9 0 179
tree 4616 2600 44 0 179
tree 4616 2616 43 0 179
fre 4628 2612 12 179 179
tree 4728 2616 19 0 179
fre 4772 2620 11 179 179
fre 4780 2604 15 179 179
lay 4872 2616 61 0 179
fre 5148 2620 11 179 179
lay 5128 2600 61 0 179
fre 5300 2596 11 179 179
lay 5544 2616 28 0 179
fre 5620 2596 11 179 179
fre 5716 2596 11 179 179
trop 6028 2620 65 179 179
fre 6092 2612 11 179 179
fre 6228 2604 12 179 179
lay 6248 2616 61 0 179
lay 6344 2600 28 0 179
lay 6392 2616 61 0 179
fre 6404 2596 12 179 179
lay 6504 2616 63 0 179
fre 6564 2620 12 179 179
fre 6604 2604 11 179 179
fre 6628 2604 11 179 179
fre 6636 2596 11 179 179
zabor 6800 2608 38 0 9
tree 7048 2600 57 0 179
tree 7048 2616 2 0 179
tree 7160 2616 52 0 179
tree 7160 2600 29 0 179
fre 7292 2596 11 179 179
fre 7332 2620 11 179 179
fre 7332 2596 11 179 179
fre 7348 2620 11 179 179
tree 7384 2600 4 0 179
zabor 7440 2608 105 2 8
trop 7524 2604 68 179 179
trop 7644 2612 68 179 179
trop 7700 2612 83 179 179
trop 7716 2604 83 179 179
trop 7740 2620 83 179 179
trop 7804 2596 87 179 179
trop 7804 2620 87 179 179
stand 7944 2600 256 0 179
lay 376 2648 63 0 179
zabor 784 2640 28 0 8
tree 872 2632 21 0 179
fre 972 2652 11 179 179
tree 1480 2632 52 0 179
fre 1508 2636 11 179 179
fre 1524 2628 11 179 179
fre 1540 2652 11 179 179
fre 1548 2636 15 179 179
fre 1604 2652 11 179 179
fre 1604 2628 11 179 179
fre 1652 2628 11 179 179
fre 1764 2636 11 179 179
zabor 2064 2640 65 1 8
fre 2180 2644 11 179 179
fre 2204 2636 11 179 179
tree 2248 2632 44 0 179
tree 2248 2648 43 0 179
fre 2276 2644 11 179 179
tree 2360 2648 19 0 179
fre 2404 2652 11 179 179
fre 2412 2636 15 179 179
fre 2404 2644 11 179 179
trop 2540 2636 67 179 179
fre 2932 2628 32 179 179
tree 2920 2632 35 0 179
fre 2948 2628 11 179 179
fre 2948 2652 11 179 179
tree 2952 2632 19 0 179
trop 3076 2644 48 179 179
trop 3140 2628 67 179 179
tree 3192 2632 18 0 179
fre 3188 2636 11 179 179
tree 3224 2648 26 0 179
fre 3220 2644 11 179 179
lay 3320 2648 63 0 179
tree 3800 2648 29 0 179
tree 3784 2632 36 0 179
tree 3880 2648 21 0 179
lay 4264 2632 61 0 179
fre 4476 2652 12 179 179
lay 4520 2648 63 0 179
fre 4556 2628 12 179 179
tree 4600 2632 13 0 179
lay 4584 2632 61 0 179
tree 4632 2648 11 0 179
tree 4760 2648 58 0 179
tree 4744 2648 43 0 179
tree 4744 2632 44 0 179
tree 4776 2648 57 0 179
fre 4788 2644 11 179 179
fre 4828 2644 11 179 179
fre 5140 2644 11 179 179
fre 5196 2628 11 179 179
lay 5304 2648 28 0 179
fre 5300 2644 11 179 179
lay 5336 2632 63 0 179
lay 5320 2632 61 0 179
fre 5436 2644 11 179 179
lay 5496 2632 63 0 179
lay 5528 2632 61 0 179
fre 5580 2628 11 179 179
lay 5608 2632 63 0 179
fre 5636 2652 11 179 179
lay 5656 2648 61 0 179
fre 5748 2628 11 179 179
trop 5804 2628 67 179 179
fre 6100 2628 11 179 179
fre 6132 2652 11 179 179
fre 6132 2644 11 179 179
lay 6152 2648 61 0 179
fre 6212 2652 12 179 179
fre 6308 2644 11 179 179
fre 6332 2652 11 179 179
fre 6340 2652 11 179 179
fre 6340 2636 11 179 179
fre 6524 2628 11 179 179
lay 6696 2632 63 0 179
fre 6724 2644 11 179 179
fre 6740 2652 11 179 179
fre 6780 2644 11 179 179
zabor 6800 2640 27 0 8
trop 6932 2644 67 179 179
tree 7176 2632 5 0 179
tree 7224 2648 21 0 179
tree 7240 2648 57 0 179
tree 7288 2648 29 0 179
fre 7292 2628 11 179 179
fre 7292 2644 15 179 179
tree 7352 2648 19 0 179
fre 7348 2636 11 179 179
zabor 7440 2640 105 2 8
trop 7644 2628 68 179 179
trop 7700 2628 83 179 179
trop 7708 2644 83 179 179
trop 7828 2636 87 179 179
lay 504 2680 63 0 179
lay 632 2664 63 0 179
zabor 784 2672 30 0 8
tree 936 2664 9 0 179
fre 964 2684 11 179 179
tree 984 2664 59 0 179
fre 1516 2684 11 179 179
fre 1556 2676 11 179 179
fre 1596 2676 11 179 179
lay 1688 2664 28 0 179
fre 1692 2684 11 179 179
fre 1748 2684 11 179 179
zabor 2064 2672 66 1 8
fre 2196 2668 11 179 179
fre 2188 2676 11 179 179
fre 2196 2676 11 179 179
tree 2232 2664 13 0 179
tree 2264 2680 11 0 179
fre 2340 2668 11 179 179
fre 2340 2676 11 179 179
tree 2392 2680 58 0 179
tree 2376 2680 43 0 179
tree 2376 2664 44 0 179
tree 2408 2680 57 0 179
fre 2420 2676 11 179 179
fre 2404 2684 11 179 179
fre 2460 2676 11 179 179
fre 2580 2660 26 179 179
lay 2728 2680 61 0 179
fre 2908 2684 11 179 179
fre 2972 2668 29 179 179
tree 3176 2680 20 0 179
lay 3464 2664 63 0 179
lay 3528 2680 28 0 179
lay 3656 2664 28 0 179
lay 3672 2664 63 0 179
tree 3800 2680 9 0 179
tree 3832 2680 25 0 179
tree 3816 2664 28 0 179
fre 3860 2684 29 179 179
fre 4100 2668 15 179 179
lay 4216 2680 61 0 179
lay 4232 2664 61 0 179
tree 4328 2664 52 0 179
fre 4372 2660 11 179 179
fre 4356 2668 11 179 179
lay 4488 2680 61 0 179
fre 4572 2676 12 179 179
lay 4568 2664 61 0 179
fre 4580 2676 12 179 179
tree 4648 2664 50 0 179
lay 4648 2664 63 0 179
tree 4680 2680 2 0 179
tree 4696 2680 13 0 179
fre 4692 2668 12 179 179
lay 4680 2680 61 0 179
tree 4728 2680 2 0 179
tree 4792 2680 35 0 179
tree 4792 2664 44 0 179
fre 4796 2684 15 179 179
tree 4808 2680 59 0 179
fre 4820 2676 11 179 179
fre 4828 2660 11 179 179
lay 4968 2664 61 0 179
lay 5016 2680 61 0 179
lay 5064 2680 61 0 179
lay 5096 2664 61 0 179
fre 5140 2668 11 179 179
tree 5176 2664 52 0 179
tree 5176 2680 5 0 179
fre 5180 2660 32 179 179
fre 5340 2684 11 179 179
fre 5372 2660 11 179 179
fre 5540 2684 11 179 179
lay 5656 2680 61 0 179
fre 5724 2684 11 179 179
lay 5928 2680 65 0 179
fre 6100 2676 11 179 179
fre 6124 2676 11 179 179
fre 6132 2660 11 179 179
tree 6136 2680 28 0 179
lay 6168 2664 61 0 179
fre 6708 2676 11 179 179
fre 6716 2668 11 179 179
fre 6732 2660 11 179 179
fre 6748 2684 11 179 179
fre 6740 2660 11 179 179
zabor 6800 2672 30 0 8
tree 7160 2680 26 0 179
tree 7224 2664 35 0 179
tree 7208 2680 2 0 179
tree 7256 2664 2 0 179
tree 7272 2664 35 0 179
fre 7284 2676 11 179 179
tree 7352 2664 37 0 179
fre 7356 2660 11 179 179
zabor 7440 2672 105 2 8
trop 7524 2684 68 179 179
dom 7584 2656 227 2 179
trop 7684 2684 83 179 179
trop 7716 2676 83 179 179
trop 7780 2684 83 179 179
dom 7776 2656 237 0 179
trop 7836 2668 87 179 179
lay 264 2696 63 0 179
zabor 784 2704 29 0 8
tree 856 2696 44 0 179
tree 920 2712 2 0 179
fre 940 2716 11 179 179
tree 968 2712 18 0 179
tree 1464 2712 44 0 179
tree 1480 2696 9 0 179
fre 1484 2692 15 179 179
fre 1508 2716 11 179 179
fre 1564 2716 15 179 179
fre 1588 2708 11 179 179
fre 1596 2692 11 179 179
fre 1644 2700 11 179 179
fre 1668 2692 11 179 179
lay 1768 2696 61 0 179
zabor 2064 2704 66 1 8
trop 2100 2700 48 179 179
fre 2156 2692 11 179 179
fre 2188 2692 11 179 179
tree 2280 2696 50 0 179
tree 2312 2712 2 0 179
tree 2328 2712 13 0 179
tree 2360 2712 2 0 179
lay 2376 2696 28 0 179
tree 2424 2712 35 0 179
tree 2424 2696 44 0 179
fre 2428 2716 15 179 179
tree 2440 2712 59 0 179
fre 2452 2708 11 179 179
fre 2460 2692 11 179 179
fre 2588 2692 26 179 179
fre 2628 2708 12 179 179
lay 2920 2696 61 0 179
trop 3140 2716 67 179 179
tree 3224 2696 52 0 179
fre 3228 2692 11 179 179
fre 3204 2716 11 179 179
fre 3236 2716 11 179 179
lay 3352 2712 28 0 179
lay 3368 2696 61 0 179
lay 3560 2712 61 0 179
tree 3832 2696 28 0 179
lay 3960 2712 61 0 179
lay 4152 2712 61 0 179
fre 4164 2700 15 179 179
fre 4172 2700 15 179 179
fre 4364 2716 11 179 179
tree 4472 2712 21 0 179
tree 4472 2696 21 0 179
fre 4500 2716 12 179 179
tree 4552 2696 11 0 179
tree 4552 2712 58 0 179
lay 4568 2712 61 0 179
tree 4584 2696 58 0 179
tree 4584 2712 35 0 179
fre 4596 2708 12 179 179
tree 4632 2696 18 0 179
tree 4648 2696 40 0 179
fre 4668 2700 12 179 179
tree 4712 2696 50 0 179
fre 4756 2716 11 179 179
tree 4824 2696 50 0 179
fre 4804 2716 11 179 179
tree 4840 2696 2 0 179
dom 4864 2688 314 0 179
lay 4888 2712 61 0 179
lay 5016 2696 61 0 179
lay 5032 2712 61 0 179
fre 5108 2716 11 179 179
fre 5116 2700 11 179 179
tree 5144 2696 9 0 179
tree 5144 2712 9 0 179
tree 5192 2712 17 0 179
fre 5540 2716 11 179 179
trop 5804 2716 67 179 179
trop 6028 2716 65 179 179
fre 6092 2716 11 179 179
fre 6100 2692 11 179 179
fre 6140 2716 11 179 179
fre 6132 2700 11 179 179
fre 6116 2708 11 179 179
fre 6116 2692 11 179 179
tree 6136 2712 25 0 179
tree 6152 2696 17 0 179
tree 6168 2712 60 0 179
lay 6200 2696 61 0 179
lay 6232 2712 61 0 179
fre 6276 2716 11 179 179
fre 6292 2708 11 179 179
fre 6332 2700 11 179 179
fre 6308 2700 11 179 179
fre 6380 2716 11 179 179
fre 6716 2692 11 179 179
tree 6696 2712 26 0 179
tree 6712 2712 57 0 179
fre 6732 2692 11 179 179
fre 6756 2692 11 179 179
zabor 6800 2704 36 0 9
tree 7160 2712 17 0 179
tree 7160 2696 5 0 179
tree 7272 2696 12 0 179
fre 7316 2708 11 179 179
fre 7300 2700 11 179 179
tree 7352 2712 51 0 179
tree 7352 2696 57 0 179
zabor 7440 2704 104 2 8
fre 7500 2692 27 179 179
fre 7612 2716 12 179 179
fre 7620 2716 12 179 179
trop 7644 2700 68 179 179
fre 7740 2692 12 179 179
fre 7748 2708 12 179 179
fre 7756 2716 12 179 179
trop 7804 2692 87 179 179
trop 7836 2708 87 179 179
stand 7944 2696 256 0 179
fre 684 2724 15 179 179
zabor 784 2736 25 0 8
fre 1484 2748 11 179 179
fre 1524 2748 11 179 179
tree 1512 2744 18 0 179
fre 1572 2748 11 179 179
fre 1652 2732 11 179 179
fre 1668 2732 11 179 179
fre 1668 2748 11 179 179
lay 1688 2728 61 0 179
fre 1780 2748 11 179 179
tree 2008 2744 44 0 179
fre 2028 2724 15 179 179
zabor 2064 2736 66 1 8
fre 2172 2732 11 179 179
tree 2184 2728 11 0 179
tree 2184 2744 58 0 179
fre 2204 2724 11 179 179
tree 2216 2728 58 0 179
tree 2216 2744 35 0 179
tree 2264 2728 18 0 179
fre 2244 2724 11 179 179
tree 2280 2728 40 0 179
fre 2276 2732 11 179 179
tree 2344 2728 50 0 179
fre 2340 2740 11 179 179
fre 2348 2732 11 179 179
fre 2348 2724 11 179 179
fre 2388 2748 11 179 179
fre 2412 2748 11 179 179
tree 2456 2728 50 0 179
fre 2436 2748 11 179 179
tree 2472 2728 2 0 179
trop 2540 2724 67 179 179
fre 2644 2724 12 179 179
fre 2676 2748 12 179 179
lay 2888 2744 61 0 179
fre 2916 2732 11 179 179
trop 3076 2724 48 179 179
tree 3208 2728 29 0 179
fre 3212 2732 11 179 179
fre 3252 2748 11 179 179
lay 3576 2728 63 0 179
lay 3720 2728 61 0 179
lay 3800 2744 63 0 179
lay 3928 2744 61 0 179
lay 3928 2728 61 0 179
fre 3964 2724 15 179 179
lay 4024 2728 61 0 179
fre 4012 2748 15 179 179
fre 4004 2740 15 179 179
fre 4052 2748 15 179 179
fre 4124 2732 15 179 179
fre 4196 2732 15 179 179
tree 4232 2744 36 0 179
tree 4328 2728 9 0 179
fre 4356 2748 11 179 179
tree 4472 2728 27 0 179
fre 4452 2724 12 179 179
tree 4488 2744 43 0 179
tree 4536 2728 4 0 179
tree 4536 2744 13 0 179
fre 4572 2748 12 179 179
fre 4636 2732 12 179 179
fre 4764 2740 11 179 179
fre 4764 2732 15 179 179
fre 4772 2740 11 179 179
tree 4856 2728 19 0 179
lay 4904 2744 61 0 179
tree 4904 2744 52 0 179
fre 4908 2748 29 179 179
lay 5016 2744 61 0 179
fre 5156 2740 11 179 179
fre 5156 2724 11 179 179
fre 5508 2732 11 179 179
fre 5604 2748 11 179 179
lay 5672 2728 61 0 179
fre 6084 2732 11 179 179
fre 6084 2740 11 179 179
fre 6116 2740 11 179 179
lay 6136 2728 61 0 179
lay 6136 2744 61 0 179
fre 6132 2732 11 179 179
fre 6140 2732 11 179 179
fre 6156 2748 11 179 179
fre 6164 2740 11 179 179
tree 6168 2728 28 0 179
tree 6152 2728 3 0 179
fre 6180 2740 11 179 179
tree 6184 2728 40 0 179
tree 6200 2728 9 0 179
fre 6212 2732 11 179 179
lay 6232 2728 61 0 179
fre 6220 2740 11 179 179
fre 6228 2732 11 179 179
fre 6252 2732 11 179 179
fre 6260 2732 11 179 179
fre 6276 2740 11 179 179
fre 6284 2732 11 179 179
fre 6292 2748 11 179 179
fre 6316 2748 29 179 179
fre 6460 2724 11 179 179
fre 6444 2724 11 179 179
tree 6456 2744 5 0 179
fre 6492 2724 11 179 179
fre 6492 2748 11 179 179
fre 6468 2748 11 179 179
fre 6476 2732 11 179 179
fre 6516 2740 11 179 179
fre 6508 2748 11 179 179
tree 6712 2728 36 0 179
tree 6712 2744 28 0 179
tree 6696 2744 60 0 179
tree 6744 2728 26 0 179
trop 6908 2732 69 179 179
tree 7128 2728 50 0 179
tree 7160 2744 19 0 179
tree 7272 2728 43 0 179
tree 7272 2744 25 0 179
tree 7352 2728 58 0 179
zabor 7440 2736 105 2 8
fre 7564 2724 12 179 179
fre 7572 2724 12 179 179
fre 7604 2724 12 179 179
trop 7700 2732 83 179 179
trop 7764 2732 83 179 179
trop 7796 2748 87 179 179
lay 648 2776 61 0 179
lay 680 2760 28 0 179
zabor 784 2768 25 0 8
tree 872 2760 43 0 179
fre 940 2756 11 179 179
tree 1016 2776 59 0 179
tree 1464 2760 21 0 179
fre 1532 2772 11 179 179
fre 1532 2764 15 179 179
fre 1540 2772 11 179 179
fre 1652 2764 11 179 179
zabor 2064 2768 64 1 8
trop 2100 2780 48 179 179
fre 2164 2772 11 179 179
fre 2180 2780 11 179 179
fre 2188 2764 15 179 179
fre 2244 2780 11 179 179
fre 2244 2756 11 179 179
fre 2292 2756 11 179 179
fre 2396 2772 11 179 179
fre 2396 2764 15 179 179
fre 2404 2772 11 179 179
fre 2404 2764 11 179 179
tree 2488 2760 19 0 179
fre 2596 2756 11 179 179
lay 2744 2760 61 0 179
fre 2804 2764 11 179 179
fre 2820 2764 11 179 179
fre 2828 2756 11 179 179
tree 2824 2776 59 0 179
fre 2852 2772 30 179 179
tree 2856 2776 35 0 179
tree 2904 2776 21 0 179
fre 2932 2780 11 179 179
fre 2964 2772 29 179 179
tree 2952 2776 44 0 179
tree 2952 2760 50 0 179
tree 3224 2760 25 0 179
fre 3252 2756 11 179 179
fre 3252 2780 11 179 179
fre 3284 2756 11 179 179
fre 3300 2772 11 179 179
fre 3308 2780 11 179 179
fre 3332 2780 11 179 179
lay 3992 2760 61 0 179
fre 4188 2780 15 179 179
lay 4232 2760 61 0 179
fre 4236 2764 30 179 179
fre 4332 2780 11 179 179
tree 4360 2776 18 0 179
tree 4536 2760 59 0 179
tree 4536 2776 50 0 179
lay 4568 2760 61 0 179
lay 4552 2760 61 0 179
tree 4616 2776 36 0 179
fre 4636 2772 12 179 179
tree 4696 2776 51 0 179
fre 4700 2772 12 179 179
fre 4732 2764 12 179 179
tree 4776 2776 50 0 179
tree 4808 2776 25 0 179
tree 4824 2776 29 0 179
fre 4876 2756 15 179 179
fre 5100 2772 11 179 179
fre 5124 2780 11 179 179
tree 5160 2760 17 0 179
fre 5180 2756 32 179 179
tree 5208 2760 36 0 179
fre 5244 2772 11 179 179
tree 5256 2776 17 0 179
fre 5292 2772 11 179 179
tree 5304 2776 36 0 179
fre 5356 2780 11 179 179
lay 5688 2776 61 0 179
fre 6108 2772 11 179 179
fre 6132 2764 11 179 179
fre 6156 2756 11 179 179
fre 6156 2780 11 179 179
fre 6148 2780 11 179 179
fre 6148 2756 11 179 179
fre 6180 2772 11 179 179
fre 6196 2780 11 179 179
lay 6248 2776 61 0 179
fre 6276 2756 11 179 179
fre 6276 2764 11 179 179
fre 6300 2772 11 179 179
fre 6292 2756 11 179 179
lay 6296 2776 61 0 179
fre 6308 2780 11 179 179
fre 6332 2780 11 179 179
fre 6324 2772 11 179 179
dom 6368 2752 316 0 179
fre 6460 2772 11 179 179
fre 6452 2772 11 179 179
tree 6456 2776 26 0 179
tree 6456 2760 17 0 179
fre 6484 2772 11 179 179
fre 6476 2756 11 179 179
fre 6476 2772 11 179 179
fre 6468 2780 11 179 179
tree 6472 2760 3 0 179
fre 6516 2764 11 179 179
fre 6500 2756 11 179 179
fre 6516 2780 11 179 179
fre 6508 2772 11 179 179
fre 6500 2772 11 179 179
fre 6540 2772 11 179 179
fre 6532 2780 11 179 179
lay 6712 2760 65 0 179
trop 6844 2772 70 179 179
tree 7064 2760 57 0 179
tree 7160 2760 44 0 179
tree 7160 2776 57 0 179
tree 7144 2760 11 0 179
tree 7192 2776 21 0 179
tree 7176 2776 35 0 179
tree 7288 2776 21 0 179
tree 7288 2760 27 0 179
tree 7272 2760 12 0 179
tree 7352 2776 4 0 179
tree 7352 2760 58 0 179
zabor 7440 2768 104 2 8
trop 7524 2772 68 179 179
trop 7644 2772 68 179 179
trop 7708 2756 83 179 179
trop 7732 2780 83 179 179
trop 7740 2780 83 179 179
trop 7828 2756 87 179 179
zabor 784 2800 28 0 8
fre 932 2788 11 179 179
tree 952 2808 5 0 179
tree 968 2792 35 0 179
fre 1484 2788 11 179 179
tree 1480 2808 43 0 179
fre 1740 2788 15 179 179
lay 1768 2792 28 0 179
zabor 2064 2800 66 1 8
fre 2172 2812 11 179 179
fre 2196 2804 11 179 179
fre 2236 2804 11 179 179
tree 2248 2808 36 0 179
tree 2328 2808 51 0 179
lay 2328 2792 28 0 179
fre 2332 2812 11 179 179
fre 2388 2812 11 179 179
tree 2408 2808 50 0 179
tree 2440 2808 25 0 179
tree 2456 2808 29 0 179
trop 2540 2812 67 179 179
fre 2620 2804 11 179 179
fre 2604 2788 11 179 179
fre 2644 2812 11 179 179
fre 2628 2812 11 179 179
lay 2696 2808 60 0 179
fre 2700 2812 11 179 179
lay 2744 2792 61 0 179
fre 2788 2804 11 179 179
tree 2808 2808 59 0 179
fre 2828 2796 31 179 179
lay 2856 2808 61 0 179
fre 2948 2788 11 179 179
fre 2980 2796 11 179 179
fre 2988 2788 11 179 179
trop 3076 2804 48 179 179
fre 3124 2804 11 179 179
trop 3164 2796 118 179 179
fre 3292 2788 11 179 179
fre 3980 2804 15 179 179
fre 4100 2804 15 179 179
lay 4184 2792 61 0 179
lay 4232 2792 61 0 179
fre 4228 2804 15 179 179
fre 4452 2804 12 179 179
tree 4520 2792 57 0 179
tree 4520 2808 2 0 179
lay 4520 2792 28 0 179
fre 4540 2804 12 179 179
fre 4564 2788 12 179 179
tree 4632 2808 52 0 179
tree 4632 2792 29 0 179
lay 4696 2792 63 0 179
fre 4764 2788 11 179 179
fre 4804 2812 11 179 179
fre 4804 2788 11 179 179
fre 4820 2812 11 179 179
tree 4856 2792 4 0 179
lay 4920 2808 61 0 179
fre 5132 2812 11 179 179
fre 5124 2812 11 179 179
fre 5124 2796 11 179 179
fre 5156 2796 11 179 179
fre 5196 2788 11 179 179
fre 5220 2796 11 179 179
fre 5276 2788 11 179 179
fre 5412 2812 11 179 179
lay 5448 2808 61 0 179
fre 5484 2804 11 179 179
lay 5528 2808 61 0 179
fre 5612 2812 11 179 179
lay 5624 2808 61 0 179
fre 5652 2788 11 179 179
fre 5724 2788 11 179 179
tree 5752 2808 52 0 179
trop 5804 2804 67 179 179
fre 5892 2804 11 179 179
fre 5900 2804 11 179 179
trop 6028 2812 65 179 179
lay 6136 2792 61 0 179
lay 6184 2808 61 0 179
lay 6200 2792 61 0 179
fre 6180 2796 11 179 179
fre 6204 2804 11 179 179
stand 6184 2808 153 0 179
fre 6220 2804 11 179 179
fre 6228 2796 11 179 179
fre 6212 2812 11 179 179
fre 6260 2812 11 179 179
fre 6244 2796 11 179 179
fre 6284 2804 11 179 179
fre 6300 2788 11 179 179
fre 6316 2812 11 179 179
fre 6332 2788 11 179 179
fre 6452 2796 11 179 179
fre 6492 2788 11 179 179
stand 6472 2808 164 0 179
lay 6488 2792 65 0 179
fre 6524 2804 11 179 179
fre 6500 2804 11 179 179
fre 6508 2796 11 179 179
dom 6656 2784 315 0 179
fre 6700 2804 12 179 179
tree 7016 2808 35 0 179
tree 7064 2808 19 0 179
tree 7080 2808 27 0 179
tree 7112 2808 51 0 179
tree 7160 2792 50 0 179
tree 7192 2792 35 0 179
tree 7176 2792 2 0 179
tree 7224 2808 17 0 179
tree 7272 2792 19 0 179
trop 7732 2788 83 179 179
trop 7724 2812 83 179 179
trop 7764 2796 87 179 179
trop 7820 2788 87 179 179
lay 344 2824 63 0 179
lay 408 2824 61 0 179
lay 536 2824 63 0 179
lay 584 2840 28 0 179
zabor 784 2832 31 0 8
fre 940 2844 11 179 179
tree 1416 2840 19 0 179
fre 1476 2820 11 179 179
tree 1496 2840 5 0 179
fre 1532 2820 11 179 179
tree 1512 2824 35 0 179
fre 1572 2844 11 179 179
fre 1572 2820 11 179 179
fre 1588 2844 11 179 179
fre 1684 2836 11 179 179
fre 1708 2836 11 179 179
fre 1724 2844 11 179 179
fre 1708 2844 15 179 179
fre 1740 2836 15 179 179
fre 1788 2836 11 179 179
fre 1804 2844 11 179 179
fre 1812 2844 11 179 179
fre 1796 2836 15 179 179
tree 2024 2840 43 0 179
zabor 2064 2832 64 1 8
fre 2164 2844 11 179 179
fre 2148 2828 11 179 179
fre 2204 2844 15 179 179
fre 2228 2836 11 179 179
fre 2236 2820 11 179 179
tree 2264 2840 52 0 179
tree 2264 2824 29 0 179
fre 2284 2828 11 179 179
fre 2308 2820 11 179 179
fre 2396 2820 11 179 179
lay 2408 2824 61 0 179
fre 2436 2844 11 179 179
fre 2436 2820 11 179 179
fre 2452 2844 11 179 179
tree 2488 2824 4 0 179
fre 2644 2836 11 179 179
fre 2660 2836 11 179 179
fre 2668 2844 15 179 179
lay 2776 2840 61 0 179
fre 2812 2820 11 179 179
fre 2788 2844 11 179 179
tree 2792 2840 13 0 179
tree 2824 2840 51 0 179
lay 2936 2840 65 0 179
fre 3124 2828 11 179 179
fre 3140 2836 11 179 179
fre 3140 2828 11 179 179
trop 3236 2820 114 179 179
trop 3292 2820 114 179 179
trop 3372 2844 117 179 179
tree 3480 2840 40 0 179
tree 3512 2840 36 0 179
fre 3492 2844 11 179 179
fre 4012 2844 15 179 179
tree 4056 2824 9 0 179
fre 4052 2836 32 179 179
fre 4180 2828 15 179 179
fre 4332 2820 11 179 179
fre 4540 2844 12 179 179
lay 4584 2824 61 0 179
lay 4600 2824 63 0 179
tree 4648 2824 5 0 179
tree 4696 2840 21 0 179
tree 4712 2840 57 0 179
tree 4760 2840 29 0 179
fre 4764 2820 11 179 179
fre 4764 2836 15 179 179
tree 4824 2840 19 0 179
fre 4820 2828 11 179 179
lay 4936 2824 61 0 179
lay 4968 2824 61 0 179
lay 5320 2840 61 0 179
fre 5372 2844 11 179 179
tree 5736 2824 57 0 179
tree 5752 2840 4 0 179
tree 5752 2824 59 0 179
tree 5768 2840 21 0 179
fre 5876 2844 11 179 179
lay 6152 2840 61 0 179
fre 6228 2828 11 179 179
fre 6220 2828 11 179 179
fre 6300 2820 11 179 179
fre 6276 2836 11 179 179
fre 6340 2844 11 179 179
fre 6356 2844 11 179 179
fre 6364 2844 11 179 179
fre 6460 2828 11 179 179
fre 6452 2828 11 179 179
fre 6452 2844 11 179 179
fre 6492 2820 11 179 179
fre 6476 2828 11 179 179
fre 6476 2820 11 179 179
fre 6508 2820 11 179 179
fre 6676 2836 12 179 179
fre 6684 2836 12 179 179
fre 6692 2836 12 179 179
fre 6700 2820 12 179 179
tree 6984 2840 13 0 179
tree 7016 2840 18 0 179
tree 7064 2824 19 0 179
tree 7064 2840 11 0 179
tree 7096 2824 35 0 179
tree 7112 2824 11 0 179
tree 7128 2840 3 0 179
tree 7224 2824 17 0 179
tree 7320 2824 50 0 179
trop 7588 2820 113 179 179
trop 7724 2828 83 179 179
trop 7788 2844 87 179 179
trop 7804 2820 87 179 179
lay 7816 2824 9 0 179
stand 7944 2824 259 0 179
lay 744 2856 63 0 179
zabor 784 2864 29 0 8
tree 808 2872 58 0 179
dom 896 2848 81 0 179
tree 984 2872 44 0 179
tree 1448 2856 43 0 179
fre 1484 2876 11 179 179
fre 1532 2852 11 179 179
fre 1532 2868 15 179 179
fre 1588 2860 11 179 179
fre 1692 2852 11 179 179
fre 1692 2876 15 179 179
fre 1700 2852 11 179 179
fre 1716 2860 11 179 179
lay 1704 2872 61 0 179
lay 1752 2872 28 0 179
fre 1804 2860 11 179 179
fre 1844 2868 11 179 179
fre 1836 2860 11 179 179
fre 1884 2868 11 179 179
tree 1960 2872 19 0 179
zabor 2064 2864 64 1 8
trop 2100 2860 48 179 179
fre 2164 2876 11 179 179
fre 2212 2876 11 179 179
tree 2280 2856 5 0 179
fre 2292 2860 11 179 179
tree 2328 2872 21 0 179
fre 2308 2860 11 179 179
fre 2308 2876 11 179 179
lay 2328 2856 61 0 179
tree 2344 2872 57 0 179
tree 2392 2872 29 0 179
fre 2396 2852 11 179 179
fre 2396 2868 15 179 179
fre 2420 2876 11 179 179
tree 2456 2872 19 0 179
fre 2452 2860 11 179 179
fre 2596 2860 11 179 179
fre 2596 2868 11 179 179
fre 2668 2860 11 179 179
lay 2728 2856 60 0 179
lay 2744 2872 60 0 179
fre 2740 2876 15 179 179
fre 2780 2852 11 179 179
lay 2808 2872 61 0 179
fre 2804 2852 30 179 179
fre 2788 2876 11 179 179
tree 2792 2872 35 0 179
fre 2820 2876 11 179 179
fre 2996 2852 11 179 179
fre 2996 2868 11 179 179
dom 3040 2848 142 0 179
fre 3124 2868 11 179 179
stand 3368 2872 27 0 179
tree 3448 2856 5 0 179
tree 3480 2872 27 0 179
tree 3512 2872 57 0 179
fre 3492 2852 11 179 179
fre 3492 2876 11 179 179
fre 3548 2876 11 179 179
fre 3524 2852 11 179 179
fre 3724 2876 15 179 179
fre 3756 2876 34 179 179
tree 3976 2856 37 0 179
lay 4008 2856 61 0 179
lay 4024 2856 61 0 179
fre 4004 2876 15 179 179
tree 4040 2856 25 0 179
fre 4052 2876 31 179 179
lay 4136 2872 61 0 179
lay 4168 2872 61 0 179
tree 4344 2872 5 0 179
fre 4324 2852 11 179 179
lay 4440 2872 61 0 179
fre 4452 2860 12 179 179
fre 4500 2868 12 179 179
lay 4504 2872 61 0 179
fre 4556 2876 12 179 179
tree 4632 2872 26 0 179
fre 4612 2860 12 179 179
tree 4696 2856 35 0 179
tree 4680 2872 2 0 179
tree 4728 2856 2 0 179
tree 4744 2856 35 0 179
fre 4756 2868 11 179 179
fre 4740 2868 12 179 179
tree 4824 2856 37 0 179
fre 4828 2852 11 179 179
fre 4980 2860 15 179 179
lay 5224 2872 61 0 179
fre 5396 2876 11 179 179
fre 5452 2860 11 179 179
fre 5580 2852 11 179 179
fre 5628 2868 11 179 179
fre 5636 2868 11 179 179
fre 5660 2868 11 179 179
fre 5676 2860 11 179 179
fre 5716 2852 11 179 179
lay 5736 2856 11 0 179
fre 5852 2852 11 179 179
fre 5860 2868 11 179 179
fre 5892 2852 11 179 179
tree 5896 2872 49 0 179
tree 5912 2856 3 0 179
tree 5896 2856 17 0 179
fre 6076 2868 26 179 179
dom 6112 2848 317 0 179
lay 6184 2856 61 0 179
fre 6220 2876 11 179 179
fre 6220 2860 11 179 179
fre 6260 2852 11 179 179
fre 6244 2852 11 179 179
trop 6364 2876 114 179 179
fre 6380 2852 11 179 179
fre 6396 2860 11 179 179
fre 6428 2852 11 179 179
trop 6452 2876 114 179 179
trop 6540 2876 114 179 179
trop 6628 2876 114 179 179
trop 6716 2876 114 179 179
trop 6796 2852 69 179 179
tree 6936 2872 58 0 179
fre 6964 2860 28 179 179
tree 6984 2856 59 0 179
tree 7000 2872 28 0 179
tree 7000 2856 52 0 179
fre 6980 2868 27 179 179
fre 7004 2876 23 179 179
fre 6980 2876 5 179 179
fre 6988 2860 1 179 179
tree 7016 2872 50 0 179
tree 7128 2856 26 0 179
tree 7272 2872 59 0 179
tree 7304 2856 57 0 179
tree 7320 2872 4 0 179
trop 7524 2860 122 179 179
trop 7644 2860 68 179 179
trop 7636 2860 68 179 179
trop 7724 2860 83 179 179
trop 7740 2860 87 179 179
trop 7740 2868 87 179 179
dom 7712 2848 228 2 179
lay 280 2888 28 0 179
lay 424 2888 28 0 179
zabor 784 2896 27 0 8
tree 984 2888 19 0 179
tree 1480 2888 57 0 179
fre 1524 2900 11 179 179
tree 1528 2904 44 0 179
fre 1596 2884 11 179 179
fre 1692 2908 15 179 179
fre 1684 2892 15 179 179
fre 1732 2892 11 179 179
fre 1732 2900 11 179 179
fre 1748 2884 11 179 179
fre 1884 2884 11 179 179
fre 1900 2908 11 179 179
fre 1892 2884 11 179 179
tree 1992 2888 43 0 179
zabor 2064 2896 66 1 8
fre 2172 2900 11 179 179
fre 2172 2892 15 179 179
fre 2180 2900 11 179 179
tree 2264 2904 26 0 179
fre 2292 2892 11 179 179
tree 2328 2888 35 0 179
tree 2312 2904 2 0 179
tree 2360 2888 2 0 179
tree 2376 2888 35 0 179
fre 2388 2900 11 179 179
tree 2456 2888 37 0 179
fre 2460 2884 11 179 179
trop 2540 2908 67 179 179
fre 2580 2892 11 179 179
fre 2612 2892 11 179 179
fre 2692 2892 11 179 179
fre 2708 2892 15 179 179
fre 2724 2900 11 179 179
fre 2748 2908 11 179 179
fre 2724 2908 15 179 179
fre 2756 2900 15 179 179
trop 3076 2884 48 179 179
fre 3116 2884 11 179 179
fre 3116 2892 11 179 179
fre 3124 2908 11 179 179
lay 3176 2888 61 0 179
lay 3208 2888 61 0 179
lay 3240 2904 61 0 179
fre 3252 2900 11 179 179
lay 3288 2904 61 0 179
fre 3276 2908 11 179 179
lay 3336 2904 63 0 179
fre 3452 2884 11 179 179
tree 3480 2904 36 0 179
fre 3460 2900 11 179 179
fre 3500 2908 11 179 179
tree 3528 2904 18 0 179
fre 3532 2900 32 179 179
fre 3572 2884 15 179 179
fre 3564 2908 11 179 179
fre 3644 2900 12 179 179
fre 3700 2892 12 179 179
fre 3684 2892 12 179 179
fre 3836 2900 12 179 179
fre 3828 2900 12 179 179
fre 3812 2892 12 179 179
tree 3944 2888 2 0 179
lay 4056 2904 61 0 179
lay 4120 2904 61 0 179
fre 4132 2892 15 179 179
fre 4212 2908 15 179 179
fre 4332 2908 11 179 179
fre 4508 2892 12 179 179
lay 4536 2904 28 0 179
lay 4584 2904 61 0 179
tree 4632 2904 17 0 179
tree 4632 2888 5 0 179
lay 4664 2904 61 0 179
tree 4744 2888 12 0 179
fre 4788 2900 11 179 179
fre 4772 2892 11 179 179
tree 4824 2904 51 0 179
tree 4824 2888 57 0 179
tree 4808 2904 19 0 179
lay 5112 2888 61 0 179
lay 5160 2904 61 0 179
lay 5240 2904 61 0 179
fre 5404 2892 11 179 179
fre 5412 2884 11 179 179
fre 5484 2900 11 179 179
fre 5500 2900 11 179 179
fre 5492 2892 11 179 179
fre 5508 2900 11 179 179
fre 5524 2892 11 179 179
fre 5540 2884 11 179 179
lay 5560 2904 61 0 179
fre 5588 2908 11 179 179
lay 5592 2904 61 0 179
lay 5656 2904 61 0 179
fre 5716 2908 11 179 179
fre 5724 2884 11 179 179
trop 5804 2892 67 179 179
fre 5844 2884 11 179 179
trop 6028 2900 65 179 179
fre 6092 2900 26 179 179
fre 6100 2892 26 179 179
fre 6100 2908 26 179 179
fre 6124 2908 11 179 179
fre 6156 2900 11 179 179
fre 6172 2908 11 179 179
fre 6228 2884 11 179 179
fre 6212 2900 11 179 179
fre 6220 2892 11 179 179
trop 6284 2900 70 179 179
fre 6380 2908 26 179 179
fre 6428 2908 26 179 179
fre 6412 2900 26 179 179
fre 6468 2900 26 179 179
tree 6952 2904 58 0 179
tree 6968 2904 11 0 179
fre 6972 2892 27 179 179
tree 7000 2904 5 0 179
fre 6996 2884 19 179 179
fre 6996 2892 26 179 179
fre 7004 2908 27 179 179
fre 6980 2884 23 179 179
fre 6980 2900 23 179 179
fre 6996 2900 26 179 179
tree 7016 2888 44 0 179
tree 7032 2904 49 0 179
fre 7012 2892 22 179 179
fre 7028 2900 1 179 179
tree 7144 2904 27 0 179
tree 7224 2888 12 0 179
tree 7224 2904 52 0 179
tree 7208 2904 9 0 179
tree 7272 2904 50 0 179
tree 7272 2888 21 0 179
dom 7552 2880 194 2 179
trop 7764 2884 87 179 179
lay 7896 2888 16 0 179
tree 7880 2888 17 0 179
zabor 784 2928 29 0 8
fre 940 2940 11 179 179
tree 1000 2936 21 0 179
tree 1000 2920 44 0 179
tree 1416 2920 2 0 179
tree 1448 2920 57 0 179
tree 1528 2920 19 0 179
fre 1556 2932 11 179 179
fre 1540 2924 11 179 179
fre 1676 2916 11 179 179
fre 1684 2940 11 179 179
fre 1684 2924 11 179 179
fre 1716 2932 11 179 179
fre 1724 2932 11 179 179
fre 1708 2916 15 179 179
fre 1748 2916 11 179 179
fre 1884 2932 11 179 179
fre 1876 2940 11 179 179
fre 1884 2916 11 179 179
fre 1892 2940 11 179 179
fre 1908 2940 11 179 179
fre 1900 2932 11 179 179
tree 2024 2920 57 0 179
zabor 2064 2928 66 1 8
trop 2100 2940 48 179 179
tree 2264 2936 17 0 179
tree 2264 2920 5 0 179
tree 2376 2920 12 0 179
fre 2380 2916 15 179 179
fre 2420 2932 11 179 179
fre 2404 2924 11 179 179
lay 2408 2920 28 0 179
tree 2456 2936 51 0 179
tree 2456 2920 57 0 179
fre 2580 2932 26 179 179
fre 2596 2924 26 179 179
fre 2612 2940 11 179 179
fre 2604 2916 11 179 179
fre 2636 2940 11 179 179
fre 2660 2924 15 179 179
fre 2740 2940 15 179 179
lay 2776 2936 60 0 179
fre 2756 2924 11 179 179
tree 2824 2920 57 0 179
tree 3128 2920 52 0 179
tree 3320 2936 43 0 179
tree 3304 2936 27 0 179
fre 3300 2940 11 179 179
fre 3324 2924 11 179 179
fre 3316 2924 11 179 179
fre 3332 2940 11 179 179
trop 3396 2924 65 179 179
fre 3540 2924 11 179 179
fre 3556 2924 11 179 179
fre 3604 2940 15 179 179
fre 3644 2924 12 179 179
fre 3644 2940 12 179 179
fre 3668 2932 29 179 179
fre 3700 2940 12 179 179
fre 3732 2932 12 179 179
fre 3772 2916 12 179 179
fre 3764 2916 12 179 179
fre 3756 2940 12 179 179
fre 3748 2932 12 179 179
stand 3752 2920 254 0 179
fre 3748 2940 15 179 179
fre 3780 2924 12 179 179
stand 3784 2936 254 0 179
fre 3836 2940 12 179 179
fre 3852 2932 15 179 179
tree 3880 2920 9 0 179
tree 4600 2920 50 0 179
tree 4632 2936 19 0 179
fre 4692 2932 12 179 179
tree 4744 2920 43 0 179
tree 4744 2936 25 0 179
tree 4824 2920 58 0 179
tree 4840 2920 43 0 179
lay 5288 2920 61 0 179
lay 5400 2920 61 0 179
fre 5412 2924 11 179 179
fre 5420 2924 11 179 179
fre 5428 2932 11 179 179
fre 5420 2916 11 179 179
fre 5460 2924 11 179 179
lay 5464 2920 61 0 179
fre 5492 2924 11 179 179
fre 5476 2932 11 179 179
lay 5496 2920 61 0 179
lay 5528 2920 61 0 179
tree 5528 2920 50 0 179
tree 5624 2936 52 0 179
fre 5668 2916 11 179 179
fre 5748 2916 11 179 179
fre 5852 2916 11 179 179
fre 5860 2932 11 179 179
fre 5884 2940 11 179 179
fre 5884 2924 11 179 179
fre 5860 2916 11 179 179
lay 5896 2920 10 0 179
fre 6076 2916 26 179 179
fre 6100 2924 26 179 179
fre 6100 2940 26 179 179
fre 6116 2924 26 179 179
fre 6156 2940 26 179 179
fre 6164 2916 11 179 179
fre 6188 2916 11 179 179
fre 6196 2932 11 179 179
fre 6204 2932 11 179 179
fre 6420 2932 11 179 179
fre 6428 2940 11 179 179
fre 6460 2916 26 179 179
fre 6436 2932 11 179 179
fre 6436 2940 11 179 179
fre 6492 2932 26 179 179
fre 6492 2924 26 179 179
fre 6476 2924 26 179 179
fre 6500 2916 26 179 179
dom 6720 2912 314 0 179
tree 6904 2920 27 0 179
tree 6952 2936 11 0 179
tree 6952 2920 50 0 179
fre 6956 2924 28 179 179
fre 6972 2924 1 179 179
tree 7000 2936 44 0 179
fre 6980 2940 20 179 179
fre 6996 2924 14 179 179
fre 6988 2924 28 179 179
fre 7004 2940 26 179 179
fre 6996 2916 20 179 179
fre 7004 2916 28 179 179
fre 6980 2916 27 179 179
tree 7016 2920 13 0 179
tree 7032 2920 58 0 179
fre 7020 2916 28 179 179
fre 7036 2916 5 179 179
fre 7012 2940 28 179 179
fre 7020 2940 28 179 179
fre 7012 2924 27 179 179
fre 7028 2940 26 179 179
fre 7020 2924 26 179 179
tree 7048 2920 44 0 179
tree 7064 2920 13 0 179
tree 7048 2936 26 0 179
fre 7044 2932 23 179 179
fre 7052 2940 26 179 179
tree 7144 2936 11 0 179
tree 7144 2920 35 0 179
tree 7160 2936 4 0 179
tree 7224 2920 50 0 179
trop 7636 2940 68 179 179
trop 7724 2932 87 179 179
zabor 784 2960 29 0 8
tree 808 2952 19 0 179
zabor 912 2960 31 0 8
fre 932 2972 11 179 179
fre 948 2972 11 179 179
fre 940 2964 11 179 179
tree 1000 2952 57 0 179
fre 1124 2948 12 179 179
fre 1340 2948 12 179 179
tree 1416 2968 51 0 179
fre 1484 2972 11 179 179
tree 1544 2968 21 0 179
tree 1544 2952 44 0 179
fre 1636 2956 11 179 179
fre 1652 2972 11 179 179
lay 1688 2952 28 0 179
fre 1668 2964 11 179 179
fre 1684 2956 11 179 179
fre 1684 2972 15 179 179
fre 1700 2972 15 179 179
fre 1772 2964 11 179 179
fre 1772 2956 11 179 179
lay 1800 2952 28 0 179
fre 1804 2948 11 179 179
lay 1816 2952 61 0 179
fre 1812 2972 11 179 179
fre 1804 2972 11 179 179
fre 1884 2972 11 179 179
fre 1892 2948 11 179 179
fre 1900 2956 11 179 179
lay 1896 2952 61 0 179
fre 1932 2956 11 179 179
tree 1960 2952 2 0 179
zabor 2064 2960 65 1 8
fre 2172 2948 11 179 179
tree 2232 2952 50 0 179
fre 2212 2972 11 179 179
fre 2212 2948 11 179 179
fre 2228 2972 11 179 179
tree 2264 2968 19 0 179
fre 2324 2964 11 179 179
fre 2348 2964 11 179 179
fre 2364 2972 11 179 179
fre 2348 2972 15 179 179
tree 2376 2952 43 0 179
tree 2376 2968 25 0 179
fre 2380 2964 15 179 179
fre 2428 2964 11 179 179
tree 2456 2952 58 0 179
fre 2444 2972 11 179 179
fre 2452 2972 11 179 179
fre 2436 2964 15 179 179
fre 2580 2956 11 179 179
fre 2604 2972 26 179 179
fre 2612 2964 26 179 179
fre 2652 2948 11 179 179
fre 2668 2972 15 179 179
fre 2700 2956 11 179 179
fre 2772 2948 11 179 179
fre 2772 2964 11 179 179
lay 2808 2968 60 0 179
tree 2824 2968 57 0 179
tree 2872 2968 12 0 179
tree 2856 2968 36 0 179
fre 2924 2948 11 179 179
fre 2940 2972 11 179 179
trop 3076 2964 48 179 179
tree 3320 2952 11 0 179
tree 3336 2968 18 0 179
fre 3332 2964 11 179 179
fre 3348 2972 11 179 179
lay 3496 2952 61 0 179
lay 3544 2952 61 0 179
lay 3544 2968 61 0 179
fre 3644 2956 12 179 179
fre 3692 2964 12 179 179
fre 3716 2948 12 179 179
fre 3732 2948 12 179 179
fre 3732 2964 12 179 179
fre 3740 2956 12 179 179
stand 3752 2952 254 0 179
fre 3796 2964 12 179 179
stand 3784 2968 254 0 179
fre 3836 2964 12 179 179
fre 3876 2948 15 179 179
fre 3932 2972 15 179 179
tree 4024 2952 52 0 179
fre 4052 2948 15 179 179
fre 4452 2956 12 179 179
lay 4488 2968 28 0 179
tree 4536 2952 57 0 179
fre 4516 2948 12 179 179
tree 4632 2952 44 0 179
tree 4632 2968 57 0 179
tree 4616 2952 11 0 179
tree 4664 2968 21 0 179
tree 4648 2968 35 0 179
lay 4696 2968 28 0 179
fre 4692 2972 12 179 179
fre 4708 2948 12 179 179
tree 4760 2968 21 0 179
tree 4760 2952 27 0 179
tree 4744 2952 12 0 179
tree 4824 2968 4 0 179
tree 4824 2952 58 0 179
tree 4872 2952 57 0 179
fre 5036 2972 15 179 179
fre 5396 2964 11 179 179
fre 5388 2964 11 179 179
fre 5412 2972 11 179 179
fre 5412 2964 11 179 179
fre 5428 2956 11 179 179
fre 5444 2956 11 179 179
dom 5568 2944 317 0 179
tree 5864 2952 2 0 179
fre 5900 2948 11 179 179
fre 6148 2948 26 179 179
trop 6236 2972 69 179 179
fre 6460 2956 11 179 179
fre 6444 2948 11 179 179
fre 6452 2964 11 179 179
fre 6452 2972 11 179 179
fre 6444 2972 11 179 179
fre 6436 2956 11 179 179
fre 6436 2964 11 179 179
lay 6648 2952 50 0 179
lay 6696 2952 50 0 179
fre 6716 2964 12 179 179
fre 6732 2956 12 179 179
fre 6724 2964 12 179 179
tree 6904 2968 2 0 179
tree 6952 2968 2 0 179
fre 6964 2956 28 179 179
fre 6964 2964 19 179 179
tree 6984 2968 2 0 179
fre 7004 2948 28 179 179
fre 6980 2964 28 179 179
fre 6988 2972 1 179 179
fre 7004 2972 23 179 179
fre 6980 2972 5 179 179
fre 6988 2956 1 179 179
tree 7032 2952 50 0 179
tree 7032 2968 4 0 179
fre 7036 2956 12 179 179
fre 7020 2948 15 179 179
fre 7020 2972 28 179 179
fre 7020 2956 23 179 179
fre 7036 2948 28 179 179
fre 7036 2964 26 179 179
fre 7052 2964 27 179 179
fre 7052 2972 19 179 179
tree 7160 2952 50 0 179
tree 7240 2968 2 0 179
trop 7700 2972 87 179 179
trop 7740 2948 87 179 179
trop 7716 2956 87 179 179
stand 7864 2968 260 0 179
fre 708 2980 11 179 179
fre 764 3004 11 179 179
fre 748 2988 11 179 179
zabor 784 2992 39 0 9
zabor 816 2992 25 0 8
zabor 848 2992 28 0 8
zabor 880 2992 27 0 8
zabor 912 2992 25 0 8
zabor 944 2992 31 0 8
zabor 976 2992 30 0 8
fre 972 2988 11 179 179
zabor 1008 2992 25 0 8
zabor 1040 2992 29 0 8
tree 1032 3000 11 0 179
zabor 1072 2992 33 0 9
dom 1376 2976 82 0 179
tree 1416 2984 58 0 179
fre 1476 3004 11 179 179
fre 1492 3004 11 179 179
fre 1484 2996 11 179 179
tree 1544 2984 57 0 179
fre 1668 2996 11 179 179
fre 1692 2988 11 179 179
fre 1668 2980 12 179 179
fre 1764 2996 11 179 179
fre 1788 2996 11 179 179
lay 1784 2984 61 0 179
fre 1836 2996 11 179 179
fre 1836 2980 11 179 179
fre 1884 2996 11 179 179
fre 1884 2980 12 179 179
fre 1892 2996 11 179 179
tree 1960 3000 51 0 179
zabor 2064 2992 64 1 8
tree 2168 2984 57 0 179
fre 2172 2980 11 179 179
fre 2172 2996 15 179 179
fre 2228 2988 11 179 179
tree 2264 2984 44 0 179
tree 2264 3000 57 0 179
tree 2248 2984 11 0 179
tree 2296 3000 21 0 179
tree 2280 3000 35 0 179
fre 2332 2980 11 179 179
fre 2332 3004 15 179 179
fre 2340 2980 11 179 179
fre 2356 2988 11 179 179
lay 2344 3000 61 0 179
tree 2392 3000 21 0 179
tree 2392 2984 27 0 179
tree 2376 2984 12 0 179
lay 2392 3000 28 0 179
tree 2456 3000 4 0 179
tree 2456 2984 58 0 179
fre 2444 2988 11 179 179
fre 2484 2996 11 179 179
fre 2476 2988 11 179 179
fre 2524 2996 11 179 179
fre 2532 2988 11 179 179
trop 2564 2988 118 179 179
fre 2652 3004 26 179 179
fre 2676 2980 11 179 179
fre 2684 2980 11 179 179
fre 2708 2996 15 179 179
fre 2772 2988 15 179 179
fre 2804 2996 11 179 179
lay 2824 2984 60 0 179
tree 2872 2984 9 0 179
tree 2856 3000 3 0 179
fre 2876 3004 12 179 179
tree 2888 2984 3 0 179
fre 2892 3004 12 179 179
fre 2900 2980 11 179 179
fre 2884 2988 11 179 179
tree 2920 2984 52 0 179
fre 2916 2988 12 179 179
fre 2924 2980 12 179 179
fre 2932 2980 12 179 179
fre 2948 2988 12 179 179
fre 2948 2996 12 179 179
fre 2964 3004 12 179 179
fre 3332 2980 11 179 179
lay 3544 2984 61 0 179
fre 3636 2988 12 179 179
fre 3676 3004 15 179 179
fre 3684 3004 12 179 179
fre 3740 2980 12 179 179
fre 3740 2996 12 179 179
fre 3764 3004 12 179 179
fre 3756 2980 12 179 179
fre 3764 2996 12 179 179
stand 3752 2984 254 0 179
fre 3788 2988 12 179 179
stand 3784 3000 254 0 179
fre 3828 3004 12 179 179
tree 3960 3000 60 0 179
fre 4020 2980 15 179 179
fre 4284 2996 11 179 179
tree 4488 3000 35 0 179
lay 4504 3000 63 0 179
tree 4536 3000 19 0 179
tree 4552 3000 27 0 179
tree 4584 3000 51 0 179
tree 4632 2984 50 0 179
tree 4664 2984 35 0 179
tree 4648 2984 2 0 179
fre 4644 2988 12 179 179
tree 4696 3000 17 0 179
lay 4680 3000 63 0 179
tree 4744 2984 19 0 179
tree 4808 2984 2 0 179
lay 4936 2984 61 0 179
fre 5372 2988 11 179 179
fre 5364 3004 11 179 179
fre 5404 2980 11 179 179
fre 5412 2996 11 179 179
fre 5492 2996 11 179 179
tree 5496 3000 25 0 179
fre 5508 2988 11 179 179
trop 5804 2980 68 179 179
trop 6028 2980 65 179 179
trop 6092 2988 114 179 179
trop 6156 2988 114 179 179
fre 6220 3004 26 179 179
fre 6364 2980 11 179 179
lay 6360 3000 65 0 179
fre 6396 2988 11 179 179
fre 6380 2980 11 179 179
fre 6372 2996 11 179 179
fre 6428 2996 11 179 179
fre 6412 2988 11 179 179
lay 6568 2984 50 0 179
fre 6620 2980 13 179 179
fre 6612 2996 11 179 179
fre 6612 2988 11 179 179
fre 6604 3004 11 179 179
tree 6632 3000 43 0 179
fre 6708 2980 12 179 179
fre 6700 2988 12 179 179
tree 6952 3000 51 0 179
tree 6952 2984 57 0 179
fre 6972 2988 27 179 179
tree 7000 3000 51 0 179
tree 7000 2984 27 0 179
fre 6996 3004 28 179 179
fre 6996 2988 26 179 179
fre 7004 3004 27 179 179
fre 6980 2980 23 179 179
fre 6980 2996 23 179 179
fre 6996 2996 26 179 179
fre 7012 3004 19 179 179
fre 7028 2996 5 179 179
fre 7012 2980 19 179 179
fre 7036 2980 22 179 179
fre 7012 2988 22 179 179
fre 7044 3004 14 179 179
fre 7060 3004 14 179 179
fre 7068 2996 27 179 179
fre 7060 2996 23 179 179
fre 7044 2996 27 179 179
fre 7052 2988 26 179 179
fre 7084 2988 1 179 179
tree 7208 2984 35 0 179
tree 7240 2984 43 0 179
dom 7552 2976 194 2 179
trop 7644 2996 68 179 179
trop 7732 2996 87 179 179
lay 264 3016 63 0 179
lay 360 3032 28 0 179
lay 520 3016 63 0 179
fre 756 3020 11 179 179
tree 920 3016 27 0 179
tree 984 3032 51 0 179
lay 1000 3016 45 0 179
zabor 1072 3024 39 0 9
tree 1080 3016 44 0 179
tree 1176 3032 21 0 179
fre 1516 3020 11 179 179
tree 1576 3032 11 0 179
fre 1684 3020 11 179 179
fre 1676 3028 11 179 179
fre 1684 3028 11 179 179
fre 1748 3012 11 179 179
fre 1812 3020 11 179 179
fre 1828 3020 11 179 179
fre 1828 3028 11 179 179
fre 1836 3028 11 179 179
fre 1892 3036 11 179 179
tree 1960 3016 58 0 179
zabor 2064 3024 66 1 8
trop 2100 3020 48 179 179
tree 2120 3032 35 0 179
tree 2168 3032 19 0 179
fre 2164 3028 11 179 179
tree 2184 3032 27 0 179
tree 2216 3032 51 0 179
fre 2236 3012 11 179 179
tree 2264 3016 50 0 179
tree 2296 3016 35 0 179
tree 2280 3016 2 0 179
tree 2328 3032 17 0 179
fre 2332 3036 15 179 179
fre 2324 3020 15 179 179
tree 2376 3016 19 0 179
fre 2524 3012 11 179 179
fre 2532 3012 11 179 179
trop 2620 3028 117 179 179
fre 2684 3036 26 179 179
fre 2716 3020 15 179 179
fre 2740 3012 11 179 179
fre 2740 3036 11 179 179
fre 2724 3012 15 179 179
fre 2764 3020 11 179 179
fre 2812 3012 11 179 179
fre 2812 3028 15 179 179
fre 2844 3036 11 179 179
fre 2868 3020 11 179 179
fre 2852 3028 11 179 179
tree 2872 3032 43 0 179
tree 2904 3016 25 0 179
tree 2888 3016 17 0 179
fre 2884 3020 12 179 179
fre 2900 3012 12 179 179
fre 2908 3012 12 179 179
lay 2936 3032 65 0 179
trop 3396 3020 65 179 179
fre 3500 3036 11 179 179
fre 3508 3012 11 179 179
fre 3644 3012 12 179 179
fre 3628 3012 15 179 179
fre 3668 3028 12 179 179
fre 3652 3036 12 179 179
fre 3756 3012 12 179 179
fre 3764 3012 12 179 179
fre 3748 3020 15 179 179
fre 3796 3012 12 179 179
fre 3780 3028 12 179 179
stand 3784 3032 254 0 179
fre 3820 3028 12 179 179
fre 3836 3012 12 179 179
tree 3832 3016 3 0 179
fre 3844 3028 32 179 179
fre 3932 3012 15 179 179
fre 4148 3036 26 179 179
fre 4148 3020 26 179 179
fre 4132 3028 28 179 179
fre 4172 3036 26 179 179
fre 4188 3036 28 179 179
lay 4184 3016 61 0 179
fre 4340 3012 11 179 179
fre 4324 3020 11 179 179
tree 4536 3016 19 0 179
tree 4536 3032 11 0 179
fre 4516 3012 12 179 179
tree 4568 3016 35 0 179
tree 4584 3016 11 0 179
tree 4600 3032 3 0 179
fre 4604 3012 12 179 179
fre 4596 3012 12 179 179
tree 4696 3016 17 0 179
fre 4732 3012 12 179 179
tree 4792 3016 50 0 179
lay 4920 3016 61 0 179
fre 4972 3012 15 179 179
fre 5428 3020 11 179 179
fre 5468 3020 11 179 179
fre 5452 3028 11 179 179
fre 5468 3028 11 179 179
fre 5452 3020 11 179 179
stand 5480 3016 176 0 179
stand 5720 3016 147 0 179
stand 6056 3016 45 0 179
stand 6088 3016 45 0 179
stand 6120 3016 45 0 179
fre 6164 3028 26 179 179
fre 6180 3036 26 179 179
fre 6236 3028 26 179 179
lay 6312 3032 50 0 179
lay 6424 3032 50 0 179
lay 6600 3032 50 0 179
fre 6604 3012 13 179 179
fre 6596 3012 11 179 179
fre 6612 3028 11 179 179
fre 6604 3020 11 179 179
tree 6616 3016 50 0 179
fre 6628 3036 11 179 179
fre 6636 3020 32 179 179
tree 6648 3032 4 0 179
lay 6680 3032 50 0 179
tree 6776 3032 58 0 179
tree 6888 3032 57 0 179
tree 6968 3032 2 0 179
tree 6952 3016 13 0 179
fre 6956 3020 28 179 179
fre 6972 3020 1 179 179
fre 6980 3036 20 179 179
fre 6996 3020 14 179 179
fre 6988 3020 28 179 179
fre 7004 3036 26 179 179
fre 6996 3012 20 179 179
fre 7004 3012 28 179 179
fre 6980 3012 27 179 179
tree 7016 3016 4 0 179
fre 7012 3020 20 179 179
fre 7036 3028 1 179 179
fre 7020 3012 28 179 179
fre 7036 3012 5 179 179
fre 7012 3036 28 179 179
fre 7020 3036 28 179 179
fre 7028 3036 26 179 179
fre 7020 3020 26 179 179
fre 7068 3020 20 179 179
fre 7044 3028 23 179 179
fre 7084 3012 20 179 179
fre 7092 3028 19 179 179
fre 7084 3036 22 179 179
fre 7076 3020 26 179 179
fre 7124 3028 27 179 179
fre 7124 3036 1 179 179
trop 7708 3036 83 179 179
trop 7724 3028 87 179 179
dom 7712 3008 229 2 179
lay 472 3064 61 0 179
lay 664 3064 61 0 179
lay 680 3048 28 0 179
lay 696 3064 63 0 179
fre 884 3052 11 179 179
fre 884 3044 11 179 179
fre 892 3060 11 179 179
fre 900 3068 11 179 179
tree 952 3064 9 0 179
lay 968 3048 34 0 179
tree 984 3048 5 0 179
lay 1000 3064 42 0 179
zabor 1072 3056 29 0 8
tree 1128 3048 57 0 179
tree 1160 3064 21 0 179
tree 1224 3064 57 0 179
tree 1288 3048 43 0 179
tree 1336 3048 58 0 179
tree 1624 3048 27 0 179
fre 1676 3044 11 179 179
tree 1720 3064 21 0 179
lay 1864 3048 28 0 179
zabor 2064 3056 65 1 8
tree 2168 3048 19 0 179
tree 2168 3064 11 0 179
fre 2172 3060 11 179 179
tree 2200 3048 35 0 179
fre 2196 3060 11 179 179
fre 2180 3052 11 179 179
tree 2216 3048 11 0 179
tree 2232 3064 3 0 179
tree 2328 3048 17 0 179
fre 2324 3068 11 179 179
fre 2324 3052 11 179 179
fre 2348 3044 15 179 179
tree 2424 3048 50 0 179
fre 2516 3068 11 179 179
fre 2524 3044 11 179 179
fre 2604 3060 26 179 179
fre 2612 3060 26 179 179
fre 2668 3044 26 179 179
fre 2716 3068 26 179 179
fre 2772 3060 11 179 179
fre 2756 3060 11 179 179
fre 2756 3044 11 179 179
fre 2820 3060 11 179 179
fre 2836 3044 11 179 179
dom 3040 3040 140 0 179
trop 3076 3044 48 179 179
fre 3276 3068 11 179 179
dom 3296 3040 81 0 179
fre 3484 3044 11 179 179
fre 3476 3044 11 179 179
tree 3496 3048 26 0 179
fre 3516 3060 11 179 179
fre 3500 3044 11 179 179
fre 3492 3060 11 179 179
lay 3544 3064 61 0 179
lay 3544 3048 61 0 179
lay 3672 3048 61 0 179
fre 3836 3060 12 179 179
fre 4212 3052 26 179 179
fre 4212 3044 26 179 179
fre 4236 3068 26 179 179
fre 4252 3068 28 179 179
lay 4248 3048 61 0 179
tree 4600 3048 26 0 179
tree 4744 3064 59 0 179
tree 4776 3048 57 0 179
tree 4792 3064 4 0 179
trop 5108 3068 113 179 179
trop 5188 3068 113 179 179
trop 5268 3068 113 179 179
trop 5356 3068 113 179 179
trop 5452 3068 113 179 179
trop 5540 3068 113 179 179
trop 5628 3068 113 179 179
trop 5708 3068 113 179 179
trop 5780 3052 69 179 179
lay 5912 3048 21 0 179
tree 5960 3048 57 0 179
trop 6028 3068 65 179 179
dom 6112 3040 317 0 179
lay 6120 3064 50 0 179
fre 6156 3052 26 179 179
fre 6172 3052 26 179 179
fre 6204 3044 26 179 179
lay 6472 3048 61 0 179
lay 6520 3064 61 0 179
fre 6508 3052 5 179 179
lay 6584 3064 61 0 179
fre 6652 3052 11 179 179
tree 6776 3064 21 0 179
tree 6776 3048 2 0 179
tree 6872 3064 59 0 179
tree 6888 3048 44 0 179
tree 6952 3048 58 0 179
fre 6972 3068 23 179 179
fre 7004 3044 28 179 179
fre 6980 3060 28 179 179
fre 6988 3068 1 179 179
fre 6980 3068 14 179 179
fre 6996 3068 14 179 179
fre 7004 3060 27 179 179
fre 6996 3060 23 179 179
tree 7016 3048 21 0 179
tree 7016 3064 59 0 179
fre 7028 3044 1 179 179
fre 7020 3044 15 179 179
fre 7020 3052 23 179 179
fre 7036 3044 28 179 179
fre 7036 3060 26 179 179
fre 7028 3052 26 179 179
fre 7036 3068 27 179 179
fre 7012 3060 23 179 179
fre 7044 3060 20 179 179
fre 7052 3068 22 179 179
fre 7060 3060 28 179 179
fre 7052 3052 26 179 179
fre 7068 3044 14 179 179
fre 7052 3060 27 179 179
fre 7068 3068 27 179 179
fre 7084 3052 28 179 179
fre 7100 3060 20 179 179
fre 7100 3052 19 179 179
fre 7092 3060 19 179 179
fre 7084 3044 1 179 179
fre 7116 3068 13 179 179
fre 7108 3068 19 179 179
trop 7644 3068 68 179 179
trop 7724 3044 83 179 179
trop 7716 3044 87 179 179
stand 7832 3064 256 0 179
lay 312 3096 58 0 179
lay 296 3080 61 0 179
tree 888 3080 11 0 179
fre 908 3076 11 179 179
fre 908 3100 11 179 179
fre 924 3100 11 179 179
tree 904 3096 4 0 179
tree 904 3080 59 0 179
lay 968 3080 32 0 179
fre 1012 3092 11 179 179
zabor 1072 3088 38 0 9
zabor 1104 3088 24 0 8
zabor 1136 3088 30 0 8
zabor 1168 3088 31 0 8
tree 1176 3096 50 0 179
zabor 1200 3088 31 0 8
zabor 1232 3088 31 0 8
zabor 1264 3088 25 0 8
zabor 1296 3088 25 0 8
tree 1288 3080 27 0 179
lay 1288 3096 61 0 179
zabor 1328 3088 25 0 8
zabor 1360 3088 24 0 8
zabor 1392 3088 31 0 8
zabor 1424 3088 28 0 8
zabor 1456 3088 30 0 8
zabor 1488 3088 24 0 8
zabor 1520 3088 33 0 9
zabor 1552 3088 37 0 9
tree 1560 3080 11 0 179
zabor 1584 3088 29 0 8
tree 1624 3096 13 0 179
fre 1692 3076 11 179 179
tree 1672 3080 57 0 179
tree 1704 3096 21 0 179
fre 1732 3076 11 179 179
fre 1764 3084 11 179 179
fre 1828 3092 11 179 179
fre 1836 3084 11 179 179
fre 1836 3076 11 179 179
tree 1880 3080 58 0 179
fre 1900 3100 11 179 179
zabor 2064 3088 64 1 8
trop 2100 3100 48 179 179
fre 2172 3084 15 179 179
fre 2180 3076 11 179 179
tree 2232 3080 26 0 179
fre 2276 3084 11 179 179
fre 2292 3100 11 179 179
lay 2328 3080 28 0 179
fre 2308 3092 11 179 179
fre 2324 3084 11 179 179
fre 2324 3100 15 179 179
fre 2340 3100 15 179 179
tree 2376 3096 59 0 179
tree 2408 3080 57 0 179
tree 2424 3096 4 0 179
fre 2412 3084 11 179 179
fre 2452 3100 11 179 179
fre 2444 3100 11 179 179
fre 2524 3100 11 179 179
fre 2596 3076 26 179 179
fre 2612 3076 26 179 179
fre 2692 3092 20 179 179
fre 2748 3084 17 179 179
fre 2740 3092 11 179 179
fre 2748 3100 11 179 179
fre 2764 3092 11 179 179
fre 2820 3100 11 179 179
lay 2872 3080 60 0 179
fre 3284 3100 11 179 179
fre 3644 3092 12 179 179
fre 3652 3076 12 179 179
dom 3744 3072 162 0 179
fre 3796 3100 15 179 179
fre 3836 3076 12 179 179
fre 3812 3076 15 179 179
fre 3860 3084 15 179 179
fre 4020 3100 12 179 179
fre 4028 3100 12 179 179
dom 4064 3072 288 0 179
fre 4148 3092 12 179 179
fre 4252 3076 26 179 179
fre 4260 3084 26 179 179
fre 4292 3100 28 179 179
lay 4344 3096 61 0 179
tree 4568 3096 21 0 179
tree 4616 3096 27 0 179
tree 4696 3080 12 0 179
tree 4696 3096 52 0 179
tree 4680 3096 9 0 179
tree 4744 3096 50 0 179
tree 4744 3080 21 0 179
fre 4916 3076 15 179 179
trop 5028 3092 70 179 179
fre 6204 3076 26 179 179
fre 6212 3084 26 179 179
lay 6248 3080 50 0 179
dom 6272 3072 315 0 179
lay 6328 3080 50 0 179
stand 6376 3080 147 0 179
lay 6408 3080 61 0 179
fre 6540 3092 5 179 179
lay 6600 3096 61 0 179
tree 6776 3080 44 0 179
tree 6808 3096 44 0 179
tree 6792 3096 4 0 179
tree 6792 3080 21 0 179
tree 6840 3080 35 0 179
tree 6824 3096 2 0 179
tree 6856 3080 50 0 179
fre 6900 3084 28 179 179
fre 6900 3092 19 179 179
tree 6936 3080 27 0 179
fre 6916 3092 27 179 179
fre 6940 3100 23 179 179
fre 6916 3100 5 179 179
fre 6924 3084 1 179 179
fre 6940 3084 27 179 179
fre 6948 3092 28 179 179
fre 6948 3076 27 179 179
fre 6964 3084 26 179 179
fre 6972 3100 27 179 179
fre 6964 3092 26 179 179
fre 6948 3084 20 179 179
fre 6972 3092 1 179 179
fre 6948 3100 14 179 179
fre 6964 3100 14 179 179
tree 6968 3080 49 0 179
tree 6984 3080 50 0 179
fre 6996 3100 28 179 179
fre 6980 3084 22 179 179
fre 6996 3092 1 179 179
fre 6996 3076 27 179 179
fre 7004 3084 20 179 179
fre 6988 3076 28 179 179
fre 6988 3084 28 179 179
fre 6996 3084 26 179 179
fre 6980 3092 23 179 179
fre 7012 3100 19 179 179
fre 7012 3076 19 179 179
fre 7036 3076 22 179 179
fre 7020 3100 22 179 179
fre 7012 3084 26 179 179
fre 7020 3084 28 179 179
fre 7036 3100 26 179 179
fre 7028 3076 20 179 179
fre 7060 3076 23 179 179
fre 7068 3084 5 179 179
fre 7044 3100 14 179 179
fre 7068 3092 27 179 179
fre 7060 3092 23 179 179
fre 7044 3092 27 179 179
fre 7052 3084 26 179 179
fre 7092 3076 27 179 179
fre 7084 3084 1 179 179
dom 7552 3072 194 2 179
trop 7700 3100 83 179 179
trop 7700 3076 83 179 179
lay 376 3128 63 0 179
fre 924 3132 11 179 179
fre 940 3116 11 179 179
fre 956 3124 11 179 179
lay 936 3128 46 0 179
tree 968 3128 37 0 179
fre 1004 3132 11 179 179
fre 1028 3108 11 179 179
fre 1324 3132 11 179 179
fre 1316 3116 11 179 179
fre 1324 3124 11 179 179
fre 1332 3116 11 179 179
fre 1428 3132 11 179 179
fre 1420 3124 11 179 179
fre 1516 3124 26 179 179
fre 1508 3132 11 179 179
fre 1516 3116 11 179 179
zabor 1520 3120 35 0 9
zabor 1552 3120 38 0 9
zabor 1584 3120 30 0 8
fre 1668 3132 11 179 179
fre 1676 3116 15 179 179
tree 1720 3128 50 0 179
fre 1732 3132 11 179 179
fre 1732 3108 11 179 179
fre 1780 3108 11 179 179
tree 1832 3112 27 0 179
lay 1832 3128 61 0 179
fre 1892 3116 11 179 179
zabor 2064 3120 65 1 8
fre 2188 3124 11 179 179
fre 2236 3124 11 179 179
tree 2248 3128 27 0 179
fre 2244 3124 11 179 179
fre 2268 3108 11 179 179
fre 2284 3116 11 179 179
fre 2292 3108 11 179 179
tree 2328 3112 12 0 179
tree 2328 3128 52 0 179
tree 2312 3128 9 0 179
fre 2324 3108 11 179 179
fre 2316 3108 11 179 179
fre 2332 3124 15 179 179
fre 2332 3132 15 179 179
tree 2376 3128 50 0 179
tree 2376 3112 21 0 179
fre 2428 3124 11 179 179
lay 2424 3112 61 0 179
fre 2476 3124 11 179 179
fre 2476 3108 11 179 179
fre 2524 3124 11 179 179
fre 2612 3132 19 179 179
fre 2612 3124 26 179 179
trop 2644 3108 67 179 179
fre 2716 3116 17 179 179
fre 2708 3116 19 179 179
fre 2708 3132 22 179 179
fre 2700 3132 27 179 179
fre 2700 3108 26 179 179
fre 2724 3132 28 179 179
fre 2844 3108 11 179 179
lay 2872 3128 60 0 179
fre 2852 3132 11 179 179
trop 3076 3124 48 179 179
trop 3140 3132 75 179 179
fre 3284 3132 11 179 179
fre 3276 3116 11 179 179
fre 3284 3124 11 179 179
fre 3292 3132 11 179 179
fre 3292 3116 11 179 179
fre 3308 3124 11 179 179
fre 3356 3132 11 179 179
fre 3372 3124 11 179 179
trop 3396 3108 65 179 179
lay 3560 3112 61 0 179
fre 3644 3124 12 179 179
lay 3672 3112 61 0 179
fre 3804 3124 15 179 179
fre 3836 3108 12 179 179
fre 4012 3116 12 179 179
fre 4004 3132 12 179 179
fre 4028 3108 12 179 179
fre 4028 3116 12 179 179
fre 4028 3124 12 179 179
fre 4060 3124 12 179 179
fre 4060 3132 12 179 179
fre 4132 3116 12 179 179
fre 4132 3108 12 179 179
fre 4156 3116 12 179 179
fre 4164 3124 12 179 179
fre 4172 3132 12 179 179
fre 4172 3108 12 179 179
fre 4164 3108 12 179 179
fre 4172 3116 12 179 179
fre 4212 3132 12 179 179
fre 4300 3116 26 179 179
fre 4292 3116 26 179 179
dom 4448 3104 255 0 179
tree 4520 3112 57 0 179
tree 4552 3128 21 0 179
tree 4616 3128 11 0 179
tree 4616 3112 35 0 179
tree 4632 3128 4 0 179
tree 4696 3112 50 0 179
fre 4868 3116 15 179 179
lay 4904 3128 61 0 179
dom 5376 3104 316 0 179
fre 5836 3116 11 179 179
tree 5880 3112 9 0 179
fre 6140 3116 11 179 179
fre 6164 3116 11 179 179
fre 6172 3116 11 179 179
fre 6188 3124 11 179 179
fre 6180 3124 11 179 179
fre 6260 3124 26 179 179
fre 6252 3132 26 179 179
fre 6260 3116 11 179 179
fre 6244 3116 11 179 179
fre 6292 3124 26 179 179
fre 6284 3116 11 179 179
lay 6472 3128 63 0 179
fre 6476 3124 5 179 179
lay 6568 3128 61 0 179
fre 6876 3124 27 179 179
fre 6892 3116 28 179 179
fre 6884 3108 28 179 179
fre 6908 3116 27 179 179
fre 6908 3132 23 179 179
fre 6932 3116 26 179 179
fre 6940 3132 27 179 179
fre 6916 3108 23 179 179
fre 6916 3124 23 179 179
fre 6932 3124 26 179 179
fre 6916 3116 22 179 179
fre 6924 3116 28 179 179
fre 6940 3116 1 179 179
fre 6940 3124 1 179 179
fre 6916 3132 14 179 179
fre 6932 3132 14 179 179
fre 6948 3116 22 179 179
fre 6964 3124 1 179 179
fre 6964 3108 20 179 179
fre 6972 3108 28 179 179
fre 6948 3108 27 179 179
fre 6956 3132 22 179 179
fre 6972 3116 20 179 179
fre 6972 3124 27 179 179
fre 6972 3132 27 179 179
fre 6948 3124 23 179 179
tree 6968 3112 49 0 179
tree 6952 3128 49 0 179
tree 7000 3128 50 0 179
fre 6988 3108 28 179 179
fre 7004 3108 5 179 179
fre 6980 3116 27 179 179
fre 6988 3116 26 179 179
fre 6980 3124 20 179 179
fre 6996 3116 14 179 179
fre 7004 3132 26 179 179
fre 6996 3108 20 179 179
fre 7004 3116 1 179 179
tree 6984 3112 49 0 179
fre 7012 3116 20 179 179
fre 7036 3124 1 179 179
fre 7020 3108 28 179 179
fre 7020 3116 26 179 179
fre 7028 3108 20 179 179
fre 7012 3108 27 179 179
fre 7012 3124 23 179 179
fre 7052 3108 28 179 179
fre 7076 3124 19 179 179
fre 7084 3108 20 179 179
fre 7092 3124 19 179 179
fre 7076 3116 26 179 179
fre 7124 3124 27 179 179
fre 7124 3132 1 179 179
lay 7592 3128 50 0 179
trop 7636 3124 68 179 179
trop 7716 3132 83 179 179
lay 7736 3112 49 0 179
stand 7816 3128 265 0 179
lay 504 3160 63 0 179
lay 632 3144 63 0 179
fre 924 3148 11 179 179
tree 920 3160 59 0 179
fre 948 3140 11 179 179
fre 948 3164 11 179 179
fre 964 3148 11 179 179
fre 1028 3140 11 179 179
fre 1068 3156 11 179 179
fre 1108 3156 11 179 179
fre 1164 3156 11 179 179
fre 1188 3156 11 179 179
fre 1332 3148 11 179 179
fre 1356 3148 11 179 179
fre 1372 3148 11 179 179
fre 1348 3140 11 179 179
fre 1348 3156 11 179 179
fre 1380 3148 11 179 179
fre 1404 3156 11 179 179
tree 1400 3144 20 0 179
tree 1400 3160 13 0 179
fre 1412 3148 11 179 179
fre 1428 3156 11 179 179
tree 1432 3160 21 0 179
fre 1468 3164 11 179 179
fre 1460 3148 11 179 179
fre 1452 3156 11 179 179
fre 1468 3156 11 179 179
tree 1464 3144 60 0 179
fre 1500 3164 11 179 179
fre 1492 3148 11 179 179
tree 1496 3160 13 0 179
lay 1512 3160 39 0 179
fre 1564 3156 26 179 179
zabor 1584 3152 25 0 8
fre 1684 3156 11 179 179
fre 1724 3156 11 179 179
lay 1816 3144 28 0 179
fre 1820 3164 11 179 179
fre 1876 3164 11 179 179
zabor 2064 3152 66 1 8
fre 2140 3156 11 179 179
fre 2148 3156 11 179 179
fre 2180 3148 11 179 179
tree 2216 3160 44 0 179
tree 2248 3160 11 0 179
tree 2248 3144 35 0 179
tree 2264 3160 4 0 179
fre 2244 3164 33 179 179
tree 2328 3144 50 0 179
fre 2388 3140 11 179 179
fre 2452 3148 11 179 179
fre 2476 3156 11 179 179
fre 2692 3164 20 179 179
fre 2716 3156 26 179 179
fre 2748 3156 11 179 179
fre 2756 3164 11 179 179
lay 2872 3144 60 0 179
lay 2872 3160 60 0 179
fre 2860 3164 11 179 179
stand 3272 3144 28 0 179
stand 3288 3160 2 0 179
fre 3364 3140 11 179 179
fre 3364 3156 11 179 179
fre 3364 3164 11 179 179
fre 3372 3156 11 179 179
fre 3372 3140 11 179 179
tree 3560 3160 36 0 179
fre 3636 3148 12 179 179
fre 3644 3164 12 179 179
lay 3656 3160 61 0 179
fre 3676 3140 12 179 179
fre 3820 3164 15 179 179
fre 3844 3140 12 179 179
fre 3964 3156 12 179 179
fre 3988 3148 12 179 179
fre 3972 3148 12 179 179
fre 3988 3140 12 179 179
fre 3980 3148 12 179 179
tree 4024 3144 21 0 179
fre 4012 3140 12 179 179
tree 4008 3160 11 0 179
fre 4076 3148 12 179 179
fre 4092 3140 12 179 179
fre 4108 3148 12 179 179
trop 4124 3156 33 179 179
fre 4140 3140 12 179 179
fre 4132 3148 12 179 179
fre 4196 3140 12 179 179
fre 4228 3148 12 179 179
fre 4236 3148 12 179 179
fre 4252 3156 12 179 179
fre 4244 3148 12 179 179
fre 4228 3140 12 179 179
fre 4396 3164 26 179 179
tree 4568 3160 50 0 179
tree 4600 3160 44 0 179
tree 4632 3144 50 0 179
tree 4648 3160 19 0 179
tree 4696 3160 35 0 179
tree 4680 3160 44 0 179
lay 4680 3160 61 0 179
tree 4712 3160 2 0 179
tree 4728 3160 2 0 179
tree 4760 3160 19 0 179
tree 4744 3160 21 0 179
lay 4744 3160 61 0 179
fre 4772 3140 15 179 179
lay 4952 3160 63 0 179
lay 5320 3160 61 0 179
fre 5348 3148 12 179 179
fre 5356 3148 12 179 179
lay 5384 3160 61 0 179
lay 5432 3160 61 0 179
fre 5444 3140 12 179 179
fre 5444 3148 12 179 179
fre 5444 3164 12 179 179
fre 5836 3156 11 179 179
tree 5832 3144 4 0 179
stand 5848 3144 177 0 179
tree 5896 3144 19 0 179
trop 6028 3164 65 179 179
fre 6876 3148 27 179 179
fre 6892 3148 28 179 179
fre 6908 3148 1 179 179
fre 6900 3148 26 179 179
fre 6908 3164 27 179 179
fre 6884 3156 23 179 179
fre 6884 3148 20 179 179
fre 6908 3156 1 179 179
tree 6904 3160 49 0 179
fre 6916 3164 20 179 179
fre 6932 3148 14 179 179
fre 6924 3148 28 179 179
fre 6940 3164 26 179 179
fre 6932 3140 20 179 179
fre 6940 3140 28 179 179
fre 6916 3140 27 179 179
fre 6940 3148 20 179 179
fre 6924 3140 28 179 179
fre 6940 3156 27 179 179
tree 6968 3160 19 0 179
fre 6956 3140 28 179 179
fre 6972 3140 5 179 179
fre 6948 3164 28 179 179
fre 6956 3164 28 179 179
fre 6948 3148 27 179 179
fre 6964 3164 26 179 179
fre 6956 3148 26 179 179
fre 6972 3156 27 179 179
fre 6964 3156 23 179 179
fre 6948 3156 20 179 179
fre 6964 3148 14 179 179
fre 6964 3140 20 179 179
fre 6972 3148 27 179 179
tree 7000 3144 59 0 179
fre 7004 3164 19 179 179
fre 6980 3156 23 179 179
fre 6988 3148 1 179 179
fre 7004 3140 5 179 179
fre 6980 3148 27 179 179
fre 6980 3140 23 179 179
tree 7032 3144 4 0 179
tree 7032 3160 35 0 179
fre 7028 3140 1 179 179
fre 7044 3156 20 179 179
fre 7052 3164 22 179 179
fre 7060 3156 28 179 179
fre 7052 3148 26 179 179
fre 7100 3156 20 179 179
fre 7100 3148 19 179 179
fre 7092 3156 19 179 179
fre 7108 3164 19 179 179
zabor 7376 3152 104 2 8
trop 7428 3148 125 179 179
trop 7524 3148 114 179 179
trop 7572 3148 114 179 179
trop 7708 3156 81 179 179
trop 7700 3148 124 179 179
trop 7716 3164 81 179 179
lay 7720 3160 49 0 179
trop 7756 3164 83 179 179
lay 264 3176 63 0 179
lay 856 3176 61 0 179
fre 868 3196 11 179 179
fre 884 3172 11 179 179
fre 924 3196 11 179 179
fre 916 3188 11 179 179
fre 948 3180 11 179 179
fre 932 3188 11 179 179
fre 1444 3180 11 179 179
fre 1460 3180 11 179 179
fre 1484 3188 11 179 179
fre 1476 3188 11 179 179
fre 1492 3188 11 179 179
lay 1528 3192 32 0 179
fre 1524 3188 11 179 179
fre 1508 3172 11 179 179
fre 1508 3188 11 179 179
fre 1516 3196 11 179 179
fre 1556 3180 27 179 179
fre 1548 3188 26 179 179
fre 1540 3188 26 179 179
fre 1564 3172 26 179 179
fre 1580 3196 26 179 179
fre 1596 3188 26 179 179
zabor 1584 3184 28 0 8
fre 1692 3196 15 179 179
fre 1716 3188 11 179 179
fre 1724 3172 11 179 179
fre 1772 3180 11 179 179
fre 1796 3172 11 179 179
lay 1896 3176 61 0 179
zabor 2064 3184 65 1 8
trop 2100 3180 48 179 179
fre 2148 3172 11 179 179
fre 2196 3172 15 179 179
tree 2216 3192 11 0 179
tree 2232 3192 43 0 179
tree 2264 3176 50 0 179
tree 2344 3192 2 0 179
fre 2612 3180 26 179 179
trop 2644 3196 67 179 179
fre 2700 3180 28 179 179
fre 2716 3180 26 179 179
fre 2756 3188 17 179 179
fre 2764 3196 11 179 179
fre 2780 3196 11 179 179
fre 2772 3180 11 179 179
lay 2872 3192 60 0 179
fre 2868 3172 11 179 179
dom 2976 3168 306 0 179
trop 3156 3180 75 179 179
lay 3320 3192 67 0 179
trop 3396 3196 65 179 179
fre 3636 3180 12 179 179
fre 3628 3196 12 179 179
fre 3652 3188 31 179 179
fre 3652 3196 12 179 179
fre 3684 3172 12 179 179
fre 3692 3180 12 179 179
fre 3804 3180 12 179 179
fre 3820 3188 12 179 179
fre 3812 3196 12 179 179
fre 3844 3172 12 179 179
lay 3896 3176 61 0 179
fre 3932 3180 12 179 179
fre 3908 3196 12 179 179
fre 3940 3180 12 179 179
fre 3948 3172 12 179 179
fre 3964 3172 12 179 179
tree 3960 3176 59 0 179
fre 3980 3180 12 179 179
fre 3980 3172 12 179 179
tree 3992 3176 57 0 179
lay 4072 3192 65 0 179
fre 4252 3172 12 179 179
fre 4268 3180 12 179 179
fre 4276 3188 12 179 179
fre 4284 3196 12 179 179
fre 4268 3172 12 179 179
fre 4260 3180 12 179 179
tree 4280 3192 19 0 179
tree 4264 3192 19 0 179
fre 4380 3188 26 179 179
fre 4380 3196 26 179 179
fre 4388 3172 26 179 179
fre 4412 3196 20 179 179
fre 4396 3180 23 179 179
fre 4428 3196 26 179 179
fre 4420 3180 26 179 179
fre 4428 3188 16 179 179
tree 4472 3192 43 0 179
tree 4680 3176 35 0 179
fre 4676 3172 15 179 179
tree 4712 3176 43 0 179
fre 4724 3180 16 179 179
tree 4792 3176 50 0 179
tree 4808 3176 13 0 179
lay 4824 3192 61 0 179
tree 4856 3176 13 0 179
lay 4856 3192 61 0 179
tree 4888 3192 50 0 179
tree 4872 3176 21 0 179
fre 4916 3196 15 179 179
tree 4952 3192 50 0 179
tree 4936 3192 51 0 179
tree 4936 3176 57 0 179
trop 5012 3180 68 179 179
lay 5208 3192 61 0 179
lay 5192 3192 61 0 179
lay 5272 3176 61 0 179
dom 5280 3168 315 0 179
fre 5324 3188 12 179 179
lay 5352 3176 61 0 179
fre 5404 3172 12 179 179
fre 5380 3172 12 179 179
fre 5428 3172 12 179 179
fre 5412 3172 12 179 179
lay 5496 3176 61 0 179
lay 5544 3176 61 0 179
lay 5592 3176 61 0 179
dom 5600 3168 318 0 179
lay 5640 3192 61 0 179
fre 5668 3196 11 179 179
lay 5688 3192 61 0 179
dom 5760 3168 319 0 179
fre 5852 3196 11 179 179
tree 5832 3176 11 0 179
fre 5828 3180 12 179 179
lay 5864 3192 61 0 179
tree 5880 3176 50 0 179
tree 5864 3192 44 0 179
tree 6168 3176 27 0 179
tree 6232 3192 51 0 179
lay 6248 3176 45 0 179
fre 6860 3180 28 179 179
fre 6876 3180 1 179 179
fre 6876 3196 23 179 179
fre 6900 3180 14 179 179
fre 6892 3180 28 179 179
fre 6900 3172 20 179 179
fre 6908 3172 28 179 179
fre 6884 3172 27 179 179
fre 6884 3188 23 179 179
fre 6900 3188 26 179 179
fre 6884 3180 20 179 179
fre 6884 3196 14 179 179
fre 6900 3196 14 179 179
tree 6904 3176 49 0 179
fre 6916 3188 28 179 179
fre 6916 3172 27 179 179
fre 6932 3180 26 179 179
fre 6932 3188 26 179 179
fre 6916 3180 20 179 179
fre 6924 3180 26 179 179
fre 6932 3172 27 179 179
tree 6968 3176 57 0 179
fre 6964 3188 20 179 179
fre 6956 3172 15 179 179
fre 6956 3180 23 179 179
fre 6972 3172 28 179 179
fre 6948 3188 23 179 179
fre 6948 3172 27 179 179
fre 6996 3172 19 179 179
fre 6980 3180 26 179 179
fre 7020 3172 1 179 179
fre 7060 3172 23 179 179
fre 7068 3180 5 179 179
fre 7092 3172 27 179 179
fre 7100 3172 14 179 179
zabor 7376 3184 105 2 8
trop 7732 3172 81 179 179
trop 7748 3188 87 179 179
zabor 7760 3184 105 2 8
fre 7804 3196 59 179 179
fre 7780 3196 59 179 179
fre 684 3204 15 179 179
lay 920 3208 61 0 179
lay 904 3208 61 0 179
fre 916 3228 11 179 179
fre 924 3220 11 179 179
fre 940 3204 11 179 179
fre 940 3220 11 179 179
fre 988 3204 11 179 179
lay 968 3224 61 0 179
lay 968 3208 61 0 179
fre 1020 3204 11 179 179
fre 1332 3228 12 179 179
fre 1348 3212 11 179 179
fre 1500 3228 11 179 179
fre 1492 3212 11 179 179
fre 1524 3220 11 179 179
lay 1544 3224 36 0 179
zabor 1584 3216 26 0 8
fre 1652 3228 11 179 179
fre 1700 3228 11 179 179
fre 1780 3212 11 179 179
fre 1796 3212 11 179 179
fre 1796 3228 11 179 179
lay 1816 3208 61 0 179
fre 1908 3228 11 179 179
zabor 2064 3216 66 1 8
fre 2276 3220 15 179 179
tree 2312 3208 35 0 179
tree 2344 3208 43 0 179
dom 2432 3200 298 0 179
fre 2596 3228 17 179 179
fre 2596 3212 20 179 179
fre 2604 3212 22 179 179
fre 2604 3220 26 179 179
fre 2708 3228 19 179 179
fre 2708 3212 26 179 179
fre 2780 3212 11 179 179
fre 2780 3204 11 179 179
fre 2812 3212 11 179 179
fre 2868 3204 11 179 179
lay 2904 3224 60 0 179
stand 2952 3224 2 0 179
lay 2952 3208 65 0 179
trop 3076 3204 48 179 179
trop 3132 3228 75 179 179
dom 3136 3200 245 0 179
trop 3188 3212 75 179 179
lay 3672 3208 61 0 179
lay 3688 3224 61 0 179
fre 3812 3204 12 179 179
lay 3864 3208 61 0 179
lay 3912 3224 61 0 179
trop 4172 3204 22 179 179
tree 4264 3208 21 0 179
fre 4324 3228 12 179 179
fre 4396 3204 13 179 179
fre 4404 3228 28 179 179
fre 4412 3212 22 179 179
fre 4404 3204 26 179 179
fre 4404 3212 26 179 179
fre 4428 3220 26 179 179
fre 4428 3204 26 179 179
fre 4476 3228 16 179 179
fre 4604 3228 14 179 179
fre 4580 3228 14 179 179
fre 4580 3220 13 179 179
fre 4620 3204 13 179 179
fre 4652 3204 16 179 179
tree 4696 3224 11 0 179
tree 4696 3208 59 0 179
tree 4680 3208 13 0 179
tree 4680 3224 35 0 179
fre 4700 3220 15 179 179
fre 4772 3212 16 179 179
fre 4780 3220 11 179 179
fre 4844 3228 15 179 179
tree 4968 3224 11 0 179
tree 4968 3208 50 0 179
fre 5332 3212 12 179 179
fre 5332 3220 12 179 179
fre 5644 3220 12 179 179
fre 5636 3228 12 179 179
fre 5692 3228 11 179 179
fre 5676 3212 11 179 179
lay 5720 3208 61 0 179
lay 5752 3208 61 0 179
fre 5812 3220 11 179 179
fre 5828 3204 12 179 179
fre 5828 3220 12 179 179
fre 5868 3212 11 179 179
fre 5884 3220 11 179 179
fre 5860 3228 11 179 179
fre 5892 3228 11 179 179
fre 5900 3220 11 179 179
lay 5896 3224 61 0 179
tree 5896 3208 58 0 179
fre 6132 3212 11 179 179
fre 6132 3204 11 179 179
fre 6140 3220 11 179 179
fre 6148 3228 11 179 179
tree 6200 3224 9 0 179
lay 6216 3208 34 0 179
tree 6232 3208 5 0 179
lay 6248 3224 42 0 179
fre 6868 3220 19 179 179
fre 6860 3228 26 179 179
fre 6876 3212 27 179 179
fre 6876 3228 23 179 179
fre 6876 3220 1 179 179
fre 6884 3220 27 179 179
fre 6908 3228 23 179 179
fre 6884 3228 5 179 179
fre 6892 3212 1 179 179
fre 6884 3204 23 179 179
fre 6900 3220 26 179 179
fre 6900 3228 14 179 179
fre 6900 3204 20 179 179
fre 6892 3204 28 179 179
fre 6932 3212 26 179 179
fre 6924 3212 20 179 179
fre 6932 3228 28 179 179
fre 6932 3220 1 179 179
fre 6924 3204 28 179 179
fre 6940 3220 27 179 179
tree 6936 3208 49 0 179
fre 6964 3204 19 179 179
fre 6956 3204 26 179 179
fre 6964 3228 20 179 179
fre 6948 3228 19 179 179
fre 6948 3204 19 179 179
tree 6984 3224 19 0 179
tree 6984 3208 57 0 179
tree 7016 3224 57 0 179
fre 7020 3212 1 179 179
tree 7096 3208 58 0 179
tree 7080 3208 59 0 179
tree 7160 3208 2 0 179
zabor 7376 3216 104 2 8
zabor 7408 3216 104 2 8
zabor 7440 3216 105 2 8
zabor 7472 3216 104 2 8
zabor 7504 3216 105 2 8
zabor 7536 3216 104 2 8
zabor 7568 3216 105 2 8
zabor 7600 3216 104 2 8
zabor 7632 3216 104 2 8
zabor 7664 3216 104 2 8
trop 7700 3204 87 179 179
zabor 7696 3216 104 2 8
zabor 7728 3216 104 2 8
trop 7748 3220 87 179 179
trop 7772 3220 87 179 179
trop 7772 3204 87 179 179
zabor 7760 3216 104 2 8
trop 7804 3220 87 179 179
fre 7796 3204 59 179 179
fre 7828 3220 59 179 179
fre 7836 3228 59 179 179
fre 7860 3212 59 179 179
fre 7860 3220 59 179 179
trop 7900 3220 81 179 179
stand 7960 3224 269 0 179
lay 7992 3208 18 0 179
lay 648 3256 61 0 179
lay 680 3240 28 0 179
fre 852 3244 11 179 179
lay 952 3256 61 0 179
lay 984 3256 61 0 179
lay 968 3256 61 0 179
fre 1020 3244 11 179 179
fre 996 3260 12 179 179
fre 1124 3252 11 179 179
lay 1144 3256 63 0 179
fre 1180 3260 11 179 179
fre 1268 3236 12 179 179
lay 1400 3256 61 0 179
fre 1500 3252 11 179 179
fre 1500 3244 11 179 179
fre 1524 3260 11 179 179
fre 1532 3244 11 179 179
fre 1540 3252 11 179 179
fre 1588 3236 26 179 179
zabor 1584 3248 24 0 8
fre 1660 3252 11 179 179
fre 1660 3244 15 179 179
fre 1668 3252 11 179 179
fre 1780 3244 11 179 179
zabor 2064 3248 64 1 8
trop 2100 3260 48 179 179
dom 2272 3232 82 0 179
lay 2376 3240 62 0 179
fre 2612 3236 19 179 179
fre 2596 3252 26 179 179
fre 2700 3236 17 179 179
fre 2708 3252 28 179 179
fre 2740 3260 27 179 179
fre 2732 3244 26 179 179
fre 2788 3244 11 179 179
fre 2828 3260 11 179 179
fre 2868 3244 11 179 179
trop 3140 3236 75 179 179
dom 3488 3232 81 0 179
tree 3656 3256 26 0 179
fre 3716 3244 36 179 179
lay 3848 3256 61 0 179
lay 3880 3256 61 0 179
trop 4076 3260 114 179 179
trop 4164 3260 124 179 179
tree 4312 3240 57 0 179
fre 4348 3260 12 179 179
fre 4340 3244 12 179 179
fre 4332 3236 12 179 179
fre 4324 3244 12 179 179
fre 4332 3252 12 179 179
fre 4436 3252 27 179 179
fre 4436 3244 26 179 179
fre 4476 3252 26 179 179
fre 4532 3260 16 179 179
fre 4556 3252 14 179 179
fre 4572 3236 14 179 179
fre 4556 3236 13 179 179
fre 4596 3244 14 179 179
fre 4612 3252 13 179 179
fre 4692 3260 16 179 179
fre 4716 3236 13 179 179
tree 4760 3240 57 0 179
tree 4760 3256 44 0 179
tree 4792 3256 27 0 179
tree 4920 3240 2 0 179
tree 4904 3256 21 0 179
tree 4936 3240 4 0 179
tree 4968 3240 21 0 179
fre 5092 3260 11 179 179
fre 5268 3244 12 179 179
fre 5300 3244 12 179 179
fre 5284 3244 12 179 179
fre 5324 3236 12 179 179
fre 5324 3244 12 179 179
fre 5316 3252 12 179 179
fre 5556 3244 12 179 179
fre 5596 3236 12 179 179
fre 5588 3236 12 179 179
fre 5572 3236 12 179 179
fre 5628 3236 12 179 179
fre 5612 3236 12 179 179
fre 5636 3236 12 179 179
fre 5724 3244 12 179 179
fre 5748 3252 11 179 179
fre 5764 3252 12 179 179
fre 5820 3236 12 179 179
fre 5820 3252 12 179 179
fre 5796 3252 12 179 179
fre 5836 3252 11 179 179
fre 5852 3252 11 179 179
fre 5868 3236 11 179 179
lay 5880 3256 61 0 179
fre 5892 3252 11 179 179
lay 5896 3240 61 0 179
trop 6028 3260 65 179 179
tree 6136 3240 11 0 179
fre 6156 3236 11 179 179
fre 6156 3260 11 179 179
fre 6172 3260 11 179 179
tree 6152 3256 4 0 179
tree 6152 3240 59 0 179
lay 6216 3240 32 0 179
fre 6260 3252 11 179 179
fre 6844 3252 27 179 179
fre 6828 3236 1 179 179
fre 6844 3244 27 179 179
fre 6828 3244 28 179 179
fre 6860 3244 28 179 179
fre 6852 3236 28 179 179
fre 6876 3244 27 179 179
fre 6868 3236 20 179 179
fre 6876 3236 28 179 179
fre 6900 3244 26 179 179
fre 6908 3260 27 179 179
fre 6884 3236 23 179 179
fre 6884 3252 23 179 179
fre 6900 3252 26 179 179
fre 6900 3236 20 179 179
fre 6908 3236 28 179 179
fre 6892 3260 22 179 179
fre 6884 3260 14 179 179
fre 6900 3260 14 179 179
fre 6940 3236 19 179 179
fre 6932 3252 20 179 179
fre 6916 3244 22 179 179
fre 6916 3260 20 179 179
fre 6916 3236 27 179 179
fre 6948 3244 19 179 179
fre 6964 3236 26 179 179
fre 6972 3252 1 179 179
tree 7032 3240 4 0 179
tree 7096 3256 51 0 179
tree 7096 3240 51 0 179
trop 7820 3252 87 179 179
trop 7836 3236 87 179 179
trop 7868 3260 87 179 179
fre 7860 3236 59 179 179
fre 7900 3236 59 179 179
fre 7892 3260 59 179 179
fre 7876 3244 59 179 179
trop 7964 3244 81 179 179
fre 8028 3260 12 179 179
fre 8044 3252 12 179 179
lay 984 3272 61 0 179
fre 1092 3292 12 179 179
lay 1176 3288 61 0 179
fre 1268 3284 11 179 179
fre 1452 3268 11 179 179
fre 1532 3284 11 179 179
fre 1548 3276 11 179 179
zabor 1584 3280 31 0 8
fre 1868 3268 15 179 179
lay 1896 3272 28 0 179
zabor 2064 3280 65 1 8
lay 2216 3288 63 0 179
lay 2440 3288 62 0 179
tree 2568 3288 11 0 179
tree 2600 3288 27 0 179
trop 2644 3284 67 179 179
fre 2708 3268 26 179 179
fre 2828 3292 11 179 179
fre 2884 3292 11 179 179
trop 3076 3284 48 179 179
trop 3196 3268 75 179 179
trop 3396 3284 65 179 179
fre 3484 3276 12 179 179
fre 3484 3268 12 179 179
fre 3492 3292 12 179 179
lay 3864 3272 61 0 179
trop 3988 3284 70 179 179
trop 4188 3276 17 179 179
fre 4348 3268 12 179 179
fre 4380 3292 12 179 179
fre 4380 3276 12 179 179
fre 4412 3292 12 179 179
fre 4404 3292 12 179 179
fre 4476 3276 26 179 179
fre 4492 3276 27 179 179
fre 4580 3268 16 179 179
fre 4652 3284 16 179 179
tree 4696 3288 50 0 179
tree 4744 3288 51 0 179
tree 4792 3272 58 0 179
tree 4856 3272 58 0 179
fre 4844 3292 13 179 179
tree 4888 3272 59 0 179
tree 4872 3272 4 0 179
tree 4904 3272 43 0 179
lay 4904 3272 60 0 179
trop 5012 3268 68 179 179
tree 5192 3288 2 0 179
fre 5724 3292 11 179 179
fre 5732 3292 11 179 179
fre 5764 3276 11 179 179
fre 5772 3276 11 179 179
fre 5804 3284 11 179 179
fre 5812 3284 11 179 179
fre 5796 3292 11 179 179
fre 5836 3292 11 179 179
fre 5884 3268 11 179 179
fre 5876 3268 11 179 179
trop 5948 3268 71 179 179
trop 5948 3292 75 179 179
trop 5972 3276 71 179 179
trop 5996 3284 71 179 179
trop 6004 3284 71 179 179
fre 6172 3292 11 179 179
fre 6188 3276 11 179 179
fre 6204 3284 11 179 179
lay 6184 3288 46 0 179
tree 6216 3288 37 0 179
fre 6252 3292 11 179 179
fre 6276 3268 11 179 179
fre 6572 3292 11 179 179
fre 6564 3276 11 179 179
fre 6572 3284 11 179 179
fre 6580 3276 11 179 179
fre 6676 3292 11 179 179
fre 6668 3284 11 179 179
fre 6764 3284 26 179 179
fre 6756 3292 11 179 179
fre 6764 3276 11 179 179
fre 6828 3276 28 179 179
fre 6844 3276 1 179 179
fre 6844 3292 23 179 179
fre 6868 3276 14 179 179
fre 6876 3268 28 179 179
fre 6876 3292 27 179 179
fre 6852 3284 23 179 179
fre 6852 3276 20 179 179
fre 6876 3284 1 179 179
fre 6852 3292 14 179 179
fre 6884 3292 20 179 179
fre 6900 3276 14 179 179
fre 6892 3276 28 179 179
fre 6908 3292 26 179 179
fre 6900 3268 20 179 179
fre 6908 3268 28 179 179
fre 6884 3268 27 179 179
fre 6892 3268 28 179 179
fre 6884 3276 27 179 179
fre 6884 3284 20 179 179
fre 6900 3284 1 179 179
fre 6892 3292 22 179 179
fre 6908 3276 20 179 179
fre 6924 3268 28 179 179
fre 6940 3268 5 179 179
fre 6916 3292 28 179 179
fre 6924 3292 28 179 179
fre 6916 3276 27 179 179
fre 6932 3292 26 179 179
fre 6924 3276 26 179 179
fre 6948 3284 23 179 179
fre 6956 3292 26 179 179
fre 6964 3268 1 179 179
tree 7000 3288 44 0 179
tree 6984 3288 58 0 179
tree 6984 3272 11 0 179
tree 7096 3288 57 0 179
tree 7176 3272 21 0 179
tree 7224 3288 21 0 179
tree 7240 3288 19 0 179
tree 7240 3272 13 0 179
trop 7852 3276 87 179 179
tree 7864 3288 2 0 179
trop 7892 3276 87 179 179
fre 7884 3276 59 179 179
trop 7916 3268 87 179 179
fre 7916 3276 59 179 179
stand 7944 3288 194 0 179
stand 7960 3272 195 0 179
stand 8056 3288 270 0 179
fre 8052 3284 12 179 179
fre 8036 3268 12 179 179
fre 8044 3276 12 179 179
fre 8052 3276 12 179 179
lay 344 3304 63 0 179
lay 408 3304 61 0 179
lay 536 3304 63 0 179
lay 584 3320 28 0 179
fre 900 3300 11 179 179
lay 1016 3304 28 0 179
lay 1352 3320 28 0 179
lay 1368 3304 63 0 179
fre 1396 3308 11 179 179
fre 1524 3324 11 179 179
fre 1556 3308 11 179 179
zabor 1584 3312 24 0 8
fre 1660 3300 11 179 179
fre 1700 3324 11 179 179
fre 1700 3300 11 179 179
fre 1716 3324 11 179 179
fre 1812 3316 11 179 179
fre 1836 3316 11 179 179
fre 1852 3324 11 179 179
fre 1836 3324 15 179 179
fre 1868 3316 15 179 179
fre 1916 3316 11 179 179
fre 1932 3324 11 179 179
fre 1940 3324 11 179 179
fre 1924 3316 15 179 179
zabor 2064 3312 64 1 8
fre 2524 3300 12 179 179
tree 2552 3304 43 0 179
tree 2536 3320 21 0 179
fre 2540 3316 12 179 179
fre 2564 3308 12 179 179
fre 2596 3324 12 179 179
fre 2732 3300 28 179 179
fre 2748 3324 26 179 179
fre 2732 3316 26 179 179
fre 2724 3308 26 179 179
fre 2836 3316 11 179 179
fre 2892 3308 11 179 179
lay 2920 3304 60 0 179
tree 4264 3320 13 0 179
tree 4312 3304 50 0 179
fre 4388 3308 16 179 179
fre 4388 3300 12 179 179
fre 4428 3300 12 179 179
fre 4436 3308 12 179 179
fre 4452 3324 12 179 179
fre 4516 3300 28 179 179
fre 4540 3300 26 179 179
fre 4548 3308 26 179 179
tree 4632 3320 35 0 179
fre 4644 3324 28 179 179
fre 4684 3300 11 179 179
tree 4680 3320 21 0 179
tree 4728 3320 57 0 179
tree 4712 3304 44 0 179
tree 4744 3304 21 0 179
tree 4760 3320 13 0 179
tree 4776 3320 19 0 179
lay 4824 3320 61 0 179
fre 4852 3300 16 179 179
tree 4872 3304 11 0 179
tree 4888 3304 2 0 179
fre 4900 3300 15 179 179
tree 4936 3304 43 0 179
lay 4936 3320 60 0 179
fre 5148 3324 11 179 179
fre 5132 3316 11 179 179
fre 5180 3316 12 179 179
fre 5164 3316 11 179 179
fre 5212 3324 30 179 179
fre 5188 3308 12 179 179
tree 5240 3304 21 0 179
tree 5224 3320 35 0 179
fre 5236 3300 12 179 179
fre 5236 3316 12 179 179
fre 5764 3300 11 179 179
fre 5820 3324 11 179 179
fre 5804 3308 11 179 179
fre 5828 3316 11 179 179
trop 5980 3316 75 179 179
trop 6004 3308 71 179 179
trop 6004 3316 71 179 179
fre 6172 3308 11 179 179
tree 6168 3320 59 0 179
fre 6196 3300 11 179 179
fre 6196 3324 11 179 179
fre 6212 3308 11 179 179
fre 6276 3300 11 179 179
fre 6316 3316 11 179 179
fre 6356 3316 11 179 179
fre 6412 3316 11 179 179
fre 6436 3316 11 179 179
fre 6580 3308 11 179 179
fre 6604 3308 11 179 179
fre 6620 3308 11 179 179
fre 6596 3300 11 179 179
fre 6596 3316 11 179 179
fre 6628 3308 11 179 179
fre 6652 3316 11 179 179
tree 6648 3304 20 0 179
tree 6648 3320 13 0 179
fre 6660 3308 11 179 179
fre 6676 3316 11 179 179
tree 6680 3320 21 0 179
fre 6716 3324 11 179 179
fre 6708 3308 11 179 179
fre 6700 3316 11 179 179
fre 6716 3316 11 179 179
tree 6712 3304 60 0 179
fre 6748 3324 11 179 179
fre 6740 3308 11 179 179
tree 6744 3320 13 0 179
lay 6760 3320 39 0 179
tree 6776 3304 44 0 179
fre 6812 3316 26 179 179
fre 6812 3308 27 179 179
fre 6804 3308 5 179 179
fre 6820 3324 19 179 179
fre 6820 3316 26 179 179
fre 6828 3308 28 179 179
fre 6836 3308 26 179 179
fre 6844 3324 27 179 179
fre 6820 3300 23 179 179
fre 6836 3316 26 179 179
fre 6820 3308 20 179 179
fre 6828 3324 26 179 179
tree 6840 3320 18 0 179
fre 6868 3308 14 179 179
fre 6860 3308 28 179 179
fre 6868 3300 20 179 179
fre 6876 3300 28 179 179
fre 6852 3300 27 179 179
fre 6852 3308 22 179 179
fre 6876 3308 20 179 179
fre 6860 3300 28 179 179
fre 6876 3316 27 179 179
fre 6852 3316 27 179 179
fre 6852 3324 5 179 179
tree 6856 3304 25 0 179
fre 6908 3300 28 179 179
fre 6884 3316 28 179 179
fre 6892 3300 28 179 179
fre 6884 3308 27 179 179
fre 6884 3300 27 179 179
fre 6940 3308 12 179 179
fre 6924 3300 15 179 179
fre 6924 3324 28 179 179
fre 6924 3308 23 179 179
fre 6940 3300 28 179 179
tree 7000 3320 2 0 179
tree 7000 3304 13 0 179
tree 7016 3320 13 0 179
tree 7096 3304 4 0 179
tree 7080 3304 57 0 179
tree 7176 3304 57 0 179
tree 7176 3320 27 0 179
tree 7256 3304 11 0 179
tree 7240 3304 58 0 179
trop 7900 3316 87 179 179
trop 7908 3308 87 179 179
trop 7932 3308 87 179 179
stand 7912 3304 195 0 179
trop 7988 3308 81 179 179
lay 744 3336 63 0 179
fre 844 3332 11 179 179
fre 884 3348 11 179 179
lay 1144 3352 28 0 179
fre 1468 3348 12 179 179
fre 1532 3348 11 179 179
zabor 1552 3344 36 0 9
zabor 1584 3344 26 0 8
fre 1660 3332 11 179 179
fre 1660 3348 15 179 179
fre 1716 3340 11 179 179
fre 1820 3332 11 179 179
fre 1820 3356 15 179 179
fre 1828 3332 11 179 179
fre 1844 3340 11 179 179
lay 1832 3352 61 0 179
lay 1880 3352 28 0 179
fre 1932 3340 11 179 179
fre 1972 3348 11 179 179
fre 1964 3340 11 179 179
fre 2012 3348 11 179 179
zabor 2064 3344 65 1 8
trop 2100 3340 48 179 179
fre 2372 3356 11 179 179
tree 2392 3352 11 0 179
tree 2392 3336 57 0 179
fre 2500 3348 12 179 179
fre 2596 3348 12 179 179
fre 2596 3332 12 179 179
tree 2600 3336 59 0 179
fre 2716 3348 26 179 179
fre 2924 3332 11 179 179
trop 3140 3348 75 179 179
fre 3452 3332 12 179 179
fre 3484 3332 12 179 179
lay 4376 3352 61 0 179
fre 4388 3332 16 179 179
fre 4412 3332 15 179 179
fre 4420 3340 16 179 179
fre 4436 3340 16 179 179
trop 4428 3356 24 179 179
fre 4476 3340 16 179 179
fre 4460 3356 16 179 179
fre 4452 3332 12 179 179
fre 4476 3348 12 179 179
fre 4476 3356 12 179 179
fre 4452 3348 12 179 179
fre 4468 3356 12 179 179
fre 4620 3332 19 179 179
fre 4612 3332 27 179 179
fre 4628 3340 26 179 179
fre 4668 3348 23 179 179
fre 4700 3348 18 179 179
fre 4692 3356 19 179 179
tree 4680 3352 13 0 179
fre 4724 3356 18 179 179
fre 4708 3356 20 179 179
fre 4708 3340 26 179 179
tree 4760 3352 58 0 179
fre 4764 3340 26 179 179
tree 4808 3352 51 0 179
tree 4808 3336 51 0 179
trop 5012 3356 68 179 179
fre 5180 3332 12 179 179
fre 5180 3348 11 179 179
fre 5196 3340 12 179 179
fre 5188 3340 12 179 179
fre 5204 3356 12 179 179
fre 5212 3356 11 179 179
fre 5188 3348 11 179 179
fre 5236 3332 12 179 179
fre 5236 3340 12 179 179
fre 5228 3356 11 179 179
fre 5236 3356 11 179 179
lay 5320 3336 63 0 179
lay 5416 3352 28 0 179
lay 5576 3336 63 0 179
fre 5812 3340 11 179 179
fre 5828 3332 11 179 179
trop 5948 3340 75 179 179
stand 5960 3336 155 0 179
trop 5996 3340 71 179 179
trop 6028 3348 65 179 179
lay 6104 3336 61 0 179
fre 6116 3356 11 179 179
fre 6132 3332 11 179 179
fre 6172 3356 11 179 179
fre 6164 3348 11 179 179
fre 6196 3340 11 179 179
fre 6180 3348 11 179 179
fre 6692 3340 11 179 179
fre 6708 3340 11 179 179
fre 6732 3348 11 179 179
fre 6724 3348 11 179 179
fre 6740 3348 11 179 179
lay 6776 3352 32 0 179
fre 6772 3348 11 179 179
fre 6756 3332 11 179 179
fre 6756 3348 11 179 179
fre 6764 3356 11 179 179
fre 6804 3340 27 179 179
fre 6796 3348 26 179 179
fre 6788 3348 26 179 179
fre 6812 3332 26 179 179
fre 6796 3340 28 179 179
fre 6812 3340 1 179 179
fre 6812 3348 27 179 179
fre 6796 3332 1 179 179
fre 6828 3356 26 179 179
fre 6844 3348 26 179 179
fre 6836 3340 14 179 179
fre 6828 3340 28 179 179
fre 6836 3332 20 179 179
fre 6844 3332 28 179 179
fre 6820 3332 27 179 179
fre 6844 3340 27 179 179
fre 6868 3340 5 179 179
fre 6860 3332 28 179 179
fre 6876 3332 5 179 179
fre 6852 3340 27 179 179
fre 6860 3340 26 179 179
fre 6852 3348 20 179 179
fre 6876 3356 27 179 179
fre 6852 3332 23 179 179
fre 6868 3348 26 179 179
fre 6900 3348 19 179 179
fre 6892 3356 26 179 179
fre 6900 3356 28 179 179
fre 6916 3348 27 179 179
fre 6940 3356 23 179 179
fre 6916 3356 5 179 179
fre 6924 3340 1 179 179
fre 6932 3348 5 179 179
fre 6948 3356 14 179 179
fre 6948 3348 27 179 179
tree 6968 3352 44 0 179
tree 7000 3336 4 0 179
tree 7176 3336 44 0 179
tree 7176 3352 43 0 179
tree 7288 3352 19 0 179
fre 7332 3356 11 179 179
fre 7340 3340 15 179 179
trop 7892 3332 87 179 179
trop 7932 3332 87 179 179
dom 8000 3328 0 2 179
lay 8072 3352 18 0 179
lay 280 3368 28 0 179
lay 424 3368 28 0 179
fre 1060 3380 11 179 179
fre 1164 3364 12 179 179
fre 1340 3364 12 179 179
fre 1404 3364 11 179 179
zabor 1584 3376 34 0 9
fre 1652 3380 11 179 179
fre 1724 3364 11 179 179
fre 1820 3388 15 179 179
fre 1812 3372 15 179 179
fre 2012 3364 11 179 179
fre 2020 3364 11 179 179
zabor 2064 3376 65 1 8
fre 2364 3372 11 179 179
fre 2388 3388 11 179 179
fre 2380 3372 11 179 179
fre 2372 3380 11 179 179
fre 2396 3388 11 179 179
fre 2404 3388 11 179 179
fre 2404 3380 11 179 179
fre 2404 3364 32 179 179
tree 2408 3384 43 0 179
fre 2500 3372 12 179 179
tree 2568 3384 35 0 179
tree 2584 3368 27 0 179
fre 2564 3388 12 179 179
fre 2572 3372 12 179 179
trop 2644 3372 67 179 179
fre 2716 3372 19 179 179
fre 2740 3364 17 179 179
fre 2748 3380 27 179 179
fre 2732 3364 26 179 179
fre 2764 3364 18 179 179
fre 2756 3372 22 179 179
fre 2756 3364 28 179 179
fre 2764 3372 26 179 179
fre 2796 3380 26 179 179
fre 2876 3388 11 179 179
trop 3076 3364 48 179 179
trop 3156 3364 75 179 179
trop 3196 3372 75 179 179
trop 3348 3380 6 179 179
trop 3396 3380 65 179 179
trop 3500 3380 114 179 179
trop 3588 3380 114 179 179
trop 3676 3380 114 179 179
trop 3772 3380 114 179 179
trop 3868 3380 114 179 179
trop 3948 3364 69 179 179
trop 4188 3364 17 179 179
fre 4220 3380 18 179 179
fre 4228 3388 18 179 179
fre 4268 3388 18 179 179
fre 4284 3388 18 179 179
tree 4312 3368 43 0 179
fre 4388 3372 15 179 179
lay 4424 3384 61 0 179
fre 4468 3380 12 179 179
fre 4452 3372 15 179 179
fre 4500 3372 16 179 179
fre 4508 3388 16 179 179
fre 4508 3372 12 179 179
fre 4516 3388 16 179 179
fre 4540 3372 12 179 179
fre 4572 3388 12 179 179
fre 4636 3372 12 179 179
tree 4664 3384 4 0 179
fre 4700 3364 28 179 179
fre 4732 3372 22 179 179
fre 4724 3372 23 179 179
fre 4732 3364 26 179 179
fre 4724 3388 26 179 179
fre 4756 3380 13 179 179
fre 4740 3380 27 179 179
tree 4792 3368 27 0 179
tree 4824 3384 27 0 179
tree 4808 3384 57 0 179
tree 4888 3384 13 0 179
fre 4916 3388 16 179 179
fre 4916 3372 11 179 179
tree 4952 3384 59 0 179
fre 5076 3364 11 179 179
fre 5060 3372 11 179 179
fre 5060 3388 11 179 179
lay 5160 3368 60 0 179
tree 5160 3368 44 0 179
fre 5164 3380 11 179 179
fre 5204 3364 11 179 179
lay 5528 3384 61 0 179
lay 5720 3384 61 0 179
lay 5736 3368 28 0 179
lay 5752 3384 63 0 179
trop 5852 3388 75 179 179
fre 5828 3380 11 179 179
fre 5828 3364 11 179 179
stand 5864 3368 166 0 179
trop 5908 3372 75 179 179
trop 5916 3380 75 179 179
stand 5960 3384 155 0 179
trop 6004 3380 71 179 179
lay 6168 3368 61 0 179
lay 6152 3368 61 0 179
fre 6164 3388 11 179 179
fre 6172 3380 11 179 179
fre 6188 3364 11 179 179
fre 6188 3380 11 179 179
fre 6236 3364 11 179 179
lay 6216 3384 61 0 179
lay 6216 3368 61 0 179
fre 6268 3364 11 179 179
fre 6580 3388 12 179 179
fre 6596 3372 11 179 179
tree 6696 3384 4 0 179
fre 6748 3388 11 179 179
fre 6740 3372 11 179 179
fre 6772 3380 11 179 179
lay 6792 3384 36 0 179
fre 6828 3372 28 179 179
fre 6844 3372 1 179 179
fre 6876 3380 27 179 179
fre 6860 3364 1 179 179
fre 6852 3388 20 179 179
fre 6868 3372 14 179 179
fre 6860 3372 28 179 179
fre 6876 3388 26 179 179
fre 6868 3364 20 179 179
fre 6876 3364 28 179 179
fre 6852 3364 27 179 179
fre 6892 3372 28 179 179
fre 6884 3364 28 179 179
fre 6908 3372 27 179 179
fre 6892 3364 28 179 179
fre 6908 3364 5 179 179
fre 6884 3388 28 179 179
fre 6892 3388 28 179 179
fre 6884 3372 27 179 179
fre 6900 3388 26 179 179
fre 6932 3372 26 179 179
fre 6940 3388 27 179 179
fre 6916 3364 23 179 179
fre 6932 3380 26 179 179
fre 6916 3372 20 179 179
fre 6940 3380 1 179 179
fre 6948 3372 22 179 179
fre 6988 3364 20 179 179
fre 6996 3380 19 179 179
tree 7160 3368 13 0 179
tree 7192 3384 11 0 179
tree 7320 3384 58 0 179
tree 7304 3384 43 0 179
tree 7304 3368 44 0 179
tree 7336 3384 57 0 179
fre 7348 3380 11 179 179
fre 7388 3380 11 179 179
trop 7900 3372 87 179 179
stand 7912 3368 209 0 179
lay 7912 3368 62 0 179
trop 7964 3388 87 179 179
trop 7940 3372 87 179 179
trop 8052 3372 81 179 179
fre 852 3412 11 179 179
fre 884 3420 11 179 179
fre 884 3396 11 179 179
lay 920 3416 61 0 179
fre 1020 3396 11 179 179
fre 1028 3396 11 179 179
fre 1052 3396 11 179 179
lay 1272 3400 28 0 179
fre 1260 3396 11 179 179
lay 1288 3416 61 0 179
fre 1364 3420 11 179 179
fre 1428 3412 12 179 179
fre 1484 3396 11 179 179
zabor 1584 3408 35 0 9
fre 1684 3412 11 179 179
fre 1668 3404 11 179 179
fre 1812 3420 11 179 179
fre 1812 3404 11 179 179
fre 1836 3396 15 179 179
fre 2004 3420 11 179 179
fre 2012 3396 11 179 179
zabor 2064 3408 64 1 8
trop 2100 3420 48 179 179
lay 2280 3416 63 0 179
fre 2428 3420 11 179 179
fre 2420 3396 11 179 179
fre 2436 3404 11 179 179
fre 2500 3396 12 179 179
fre 2500 3412 12 179 179
fre 2556 3404 12 179 179
fre 2556 3396 12 179 179
fre 2700 3396 26 179 179
fre 2780 3420 26 179 179
fre 2788 3420 28 179 179
fre 2828 3420 26 179 179
fre 2908 3420 11 179 179
fre 2908 3404 11 179 179
stand 2968 3400 2 0 179
trop 3156 3412 75 179 179
trop 3420 3404 70 179 179
tree 3800 3416 52 0 179
tree 3992 3416 43 0 179
tree 4056 3416 51 0 179
fre 4084 3420 18 179 179
fre 4124 3396 18 179 179
fre 4116 3404 18 179 179
fre 4116 3412 18 179 179
fre 4108 3420 18 179 179
fre 4100 3420 18 179 179
fre 4156 3396 18 179 179
fre 4148 3396 18 179 179
fre 4140 3396 18 179 179
fre 4212 3396 18 179 179
fre 4220 3396 18 179 179
fre 4252 3396 18 179 179
fre 4260 3396 18 179 179
fre 4276 3404 18 179 179
fre 4284 3420 18 179 179
fre 4332 3412 15 179 179
fre 4364 3404 15 179 179
fre 4412 3420 18 179 179
fre 4404 3404 18 179 179
trop 4420 3420 36 179 179
lay 4488 3400 61 0 179
fre 4532 3412 16 179 179
fre 4524 3420 15 179 179
fre 4556 3412 14 179 179
fre 4580 3420 16 179 179
fre 4596 3412 8 179 179
tree 4616 3416 5 0 179
tree 4632 3416 5 0 179
fre 4612 3412 12 179 179
fre 4668 3420 6 179 179
tree 4648 3416 60 0 179
fre 4652 3404 12 179 179
fre 4772 3396 28 179 179
fre 4788 3396 26 179 179
fre 4796 3396 26 179 179
tree 4824 3400 35 0 179
tree 4856 3400 59 0 179
tree 4840 3400 21 0 179
fre 4852 3412 26 179 179
tree 4888 3400 11 0 179
fre 4876 3420 26 179 179
tree 4904 3400 57 0 179
tree 4952 3416 58 0 179
tree 4936 3416 4 0 179
tree 5080 3400 44 0 179
fre 5084 3396 30 179 179
fre 5060 3396 11 179 179
fre 5060 3404 11 179 179
fre 5076 3420 11 179 179
fre 5092 3420 11 179 179
fre 5132 3412 11 179 179
lay 5160 3400 60 0 179
fre 5172 3412 15 179 179
lay 5368 3416 58 0 179
lay 5352 3400 61 0 179
trop 5924 3412 75 179 179
trop 5964 3404 75 179 179
trop 6004 3412 71 179 179
fre 6100 3404 11 179 179
lay 6200 3416 61 0 179
lay 6232 3416 61 0 179
lay 6216 3416 61 0 179
fre 6268 3404 11 179 179
fre 6244 3420 12 179 179
fre 6372 3412 11 179 179
lay 6392 3416 63 0 179
fre 6428 3420 11 179 179
fre 6516 3396 12 179 179
lay 6648 3416 61 0 179
fre 6748 3412 11 179 179
fre 6748 3404 11 179 179
fre 6772 3420 11 179 179
fre 6780 3404 11 179 179
fre 6788 3412 11 179 179
fre 6836 3396 26 179 179
fre 6876 3396 28 179 179
fre 6852 3412 28 179 179
fre 6860 3420 1 179 179
fre 6892 3404 28 179 179
fre 6908 3404 1 179 179
fre 6892 3396 15 179 179
fre 6892 3420 28 179 179
fre 6908 3396 28 179 179
fre 6908 3412 26 179 179
fre 6916 3420 20 179 179
fre 6932 3404 14 179 179
fre 6924 3404 28 179 179
fre 6940 3396 28 179 179
fre 6916 3396 27 179 179
fre 6924 3412 27 179 179
fre 6924 3420 19 179 179
fre 6956 3396 28 179 179
fre 6956 3420 28 179 179
fre 6948 3404 27 179 179
fre 6964 3420 26 179 179
fre 6956 3404 26 179 179
fre 6948 3412 20 179 179
fre 7004 3404 19 179 179
tree 6984 3416 43 0 179
tree 7208 3400 50 0 179
tree 7240 3416 2 0 179
tree 7256 3416 13 0 179
tree 7288 3416 2 0 179
tree 7352 3416 35 0 179
tree 7352 3400 44 0 179
fre 7356 3420 15 179 179
tree 7368 3416 59 0 179
fre 7380 3412 11 179 179
fre 7388 3396 11 179 179
trop 7924 3396 87 179 179
trop 7948 3420 87 179 179
trop 7996 3404 87 179 179
lay 8072 3400 16 0 179
zabor 112 3440 28 0 8
zabor 144 3440 30 0 8
zabor 176 3440 25 0 8
zabor 208 3440 26 0 8
zabor 240 3440 27 0 8
zabor 272 3440 28 0 8
zabor 304 3440 30 0 8
zabor 336 3440 33 0 9
zabor 368 3440 24 0 8
zabor 400 3440 25 0 8
zabor 432 3440 28 0 8
zabor 464 3440 28 0 8
zabor 496 3440 27 0 8
zabor 528 3440 30 0 8
zabor 560 3440 28 0 8
zabor 592 3440 24 0 8
zabor 624 3440 31 0 8
zabor 656 3440 31 0 8
zabor 688 3440 26 0 8
zabor 720 3440 29 0 8
zabor 752 3440 29 0 8
zabor 784 3440 32 0 9
zabor 816 3440 28 0 8
fre 844 3444 11 179 179
fre 980 3436 12 179 179
lay 1000 3448 61 0 179
lay 1096 3432 28 0 179
lay 1144 3448 61 0 179
fre 1156 3428 12 179 179
lay 1256 3448 63 0 179
fre 1316 3452 12 179 179
fre 1356 3436 11 179 179
fre 1380 3436 11 179 179
fre 1388 3428 11 179 179
fre 1764 3436 11 179 179
fre 1780 3452 11 179 179
lay 1816 3432 28 0 179
fre 1796 3444 11 179 179
fre 1812 3436 11 179 179
fre 1812 3452 15 179 179
fre 1828 3452 15 179 179
fre 1900 3436 11 179 179
fre 1940 3452 11 179 179
fre 1932 3452 11 179 179
fre 2012 3452 11 179 179
zabor 2064 3440 66 1 8
fre 2452 3444 11 179 179
fre 2436 3428 11 179 179
fre 2516 3436 12 179 179
fre 2580 3444 12 179 179
fre 2580 3436 12 179 179
fre 2692 3444 26 179 179
fre 2740 3428 26 179 179
fre 2788 3436 26 179 179
fre 2916 3444 11 179 179
fre 2924 3428 11 179 179
lay 2952 3448 67 0 179
trop 3076 3444 48 179 179
dom 3136 3424 245 0 179
trop 3188 3452 75 179 179
dom 3296 3424 140 0 179
stand 3448 3432 3 0 179
fre 3492 3444 12 179 179
trop 3700 3444 5 179 179
tree 3720 3448 49 0 179
tree 3768 3432 49 0 179
trop 3860 3436 68 179 179
tree 3960 3432 51 0 179
lay 4056 3448 63 0 179
trop 4188 3452 17 179 179
fre 4292 3428 18 179 179
fre 4308 3436 18 179 179
fre 4316 3444 18 179 179
fre 4348 3444 18 179 179
fre 4356 3452 18 179 179
fre 4364 3452 18 179 179
fre 4380 3444 18 179 179
fre 4388 3444 18 179 179
fre 4396 3428 18 179 179
fre 4404 3428 18 179 179
fre 4460 3452 18 179 179
fre 4460 3444 15 179 179
fre 4484 3444 18 179 179
fre 4492 3444 18 179 179
fre 4508 3452 18 179 179
lay 4536 3432 61 0 179
fre 4516 3452 18 179 179
fre 4556 3436 14 179 179
fre 4572 3436 15 179 179
fre 4596 3436 16 179 179
fre 4636 3444 8 179 179
tree 4632 3448 52 0 179
fre 4612 3428 12 179 179
fre 4612 3452 15 179 179
tree 4648 3432 37 0 179
tree 4648 3448 5 0 179
fre 4660 3444 12 179 179
fre 4660 3452 12 179 179
fre 4692 3444 6 179 179
fre 4764 3428 26 179 179
vor 4772 3436 24 179 179
fre 4812 3444 20 179 179
fre 4820 3452 28 179 179
fre 4820 3436 26 179 179
tree 4952 3432 51 0 179
fre 4932 3444 6 179 179
trop 5012 3444 68 179 179
fre 5172 3436 15 179 179
fre 5204 3444 15 179 179
lay 5432 3448 63 0 179
trop 5868 3452 75 179 179
stand 5864 3448 153 0 179
stand 5960 3448 154 0 179
trop 6028 3428 65 179 179
lay 6232 3432 61 0 179
fre 6340 3452 12 179 179
lay 6424 3448 61 0 179
fre 6516 3444 11 179 179
fre 6700 3428 11 179 179
fre 6780 3444 11 179 179
tree 6760 3432 58 0 179
fre 6796 3436 11 179 179
tree 7032 3448 21 0 179
tree 7032 3432 21 0 179
tree 7112 3432 11 0 179
tree 7112 3448 58 0 179
tree 7144 3432 58 0 179
tree 7144 3448 35 0 179
tree 7192 3432 18 0 179
tree 7208 3432 40 0 179
tree 7272 3432 50 0 179
fre 7316 3452 11 179 179
tree 7384 3432 50 0 179
fre 7364 3452 11 179 179
tree 7400 3432 2 0 179
trop 7980 3444 87 179 179
trop 8004 3452 87 179 179
trop 8060 3452 87 179 179
tree 136 3480 57 0 179
tree 744 3464 4 0 179
tree 792 3464 58 0 179
zabor 816 3472 25 0 8
fre 852 3460 11 179 179
fre 884 3484 11 179 179
fre 884 3476 11 179 179
lay 904 3480 61 0 179
fre 964 3484 12 179 179
fre 1060 3476 11 179 179
fre 1084 3484 11 179 179
fre 1092 3484 11 179 179
fre 1092 3468 11 179 179
fre 1276 3460 11 179 179
lay 1448 3464 63 0 179
fre 1476 3476 11 179 179
fre 1492 3484 11 179 179
fre 1532 3476 11 179 179
fre 1916 3476 11 179 179
lay 1912 3464 61 0 179
fre 1964 3476 11 179 179
fre 1964 3460 11 179 179
fre 2012 3476 11 179 179
zabor 2064 3472 65 1 8
fre 2524 3460 12 179 179
fre 2540 3468 12 179 179
fre 2548 3476 12 179 179
dom 2528 3456 86 0 179
fre 2564 3468 12 179 179
fre 2572 3460 12 179 179
trop 2644 3468 67 179 179
fre 2708 3476 26 179 179
fre 2716 3468 35 179 179
fre 2764 3468 26 179 179
fre 2812 3468 28 179 179
fre 2820 3468 18 179 179
fre 2820 3460 27 179 179
fre 2828 3460 26 179 179
fre 2828 3484 26 179 179
fre 2932 3484 11 179 179
fre 2956 3476 11 179 179
trop 3180 3468 75 179 179
trop 3348 3484 6 179 179
trop 3396 3468 65 179 179
fre 3436 3484 12 179 179
dom 3616 3456 186 0 179
fre 3892 3468 11 179 179
fre 3900 3460 11 179 179
fre 3916 3468 11 179 179
fre 3932 3484 11 179 179
tree 3928 3480 11 0 179
tree 3912 3464 51 0 179
tree 3944 3464 13 0 179
tree 3960 3464 57 0 179
lay 4216 3480 61 0 179
trop 4252 3476 35 179 179
trop 4348 3476 25 179 179
fre 4372 3484 26 179 179
fre 4356 3484 26 179 179
trop 4404 3476 25 179 179
fre 4412 3484 26 179 179
fre 4388 3484 26 179 179
fre 4444 3484 26 179 179
fre 4428 3484 26 179 179
fre 4468 3468 8 179 179
fre 4508 3484 18 179 179
fre 4484 3468 15 179 179
fre 4492 3468 15 179 179
fre 4500 3468 15 179 179
fre 4500 3460 15 179 179
fre 4612 3468 14 179 179
fre 4668 3468 12 179 179
fre 4676 3468 8 179 179
fre 4700 3460 12 179 179
fre 4676 3476 12 179 179
fre 4732 3468 12 179 179
fre 4852 3460 20 179 179
fre 4836 3460 26 179 179
lay 5192 3480 60 0 179
fre 5188 3476 15 179 179
lay 5560 3480 63 0 179
lay 5688 3464 63 0 179
trop 5852 3484 75 179 179
trop 5908 3468 75 179 179
trop 6012 3468 71 179 179
fre 6148 3460 11 179 179
lay 6264 3464 28 0 179
lay 6600 3480 28 0 179
lay 6616 3464 63 0 179
fre 6644 3468 11 179 179
fre 6772 3484 11 179 179
fre 6804 3468 11 179 179
tree 7032 3464 27 0 179
tree 7048 3480 43 0 179
tree 7096 3464 4 0 179
tree 7096 3480 13 0 179
fre 7324 3476 11 179 179
fre 7324 3468 15 179 179
fre 7332 3476 11 179 179
tree 7416 3464 19 0 179
trop 8028 3476 87 179 179
tree 136 3496 21 0 179
trop 524 3508 114 179 179
tree 792 3512 59 0 179
zabor 816 3504 31 0 8
fre 852 3508 11 179 179
fre 876 3508 11 179 179
fre 884 3492 11 179 179
tree 888 3512 28 0 179
lay 920 3496 61 0 179
fre 1460 3508 11 179 179
fre 1468 3500 11 179 179
fre 1484 3492 11 179 179
fre 1500 3516 11 179 179
fre 1492 3492 11 179 179
fre 1876 3492 11 179 179
fre 1940 3500 11 179 179
fre 1964 3508 11 179 179
zabor 2064 3504 65 1 8
trop 2100 3500 48 179 179
fre 2172 3500 11 179 179
fre 2244 3508 11 179 179
lay 2344 3496 63 0 179
fre 2740 3492 26 179 179
fre 2780 3500 26 179 179
fre 2804 3500 26 179 179
fre 2836 3508 20 179 179
fre 2868 3500 26 179 179
fre 2940 3508 11 179 179
fre 2964 3500 11 179 179
lay 2968 3512 67 0 179
fre 2988 3500 11 179 179
fre 2996 3508 11 179 179
trop 3180 3508 75 179 179
fre 3452 3492 12 179 179
lay 3576 3496 61 0 179
lay 3672 3496 61 0 179
trop 3756 3500 6 179 179
lay 3800 3496 61 0 179
trop 3860 3500 68 179 179
fre 3940 3492 11 179 179
fre 3964 3500 11 179 179
tree 3960 3496 27 0 179
fre 3972 3516 11 179 179
dom 4064 3488 253 0 179
lay 4216 3496 61 0 179
fre 4468 3516 26 179 179
fre 4460 3500 26 179 179
fre 4500 3508 8 179 179
fre 4492 3500 8 179 179
fre 4508 3492 18 179 179
fre 4516 3516 18 179 179
lay 4568 3496 61 0 179
fre 4564 3492 12 179 179
fre 4596 3500 12 179 179
tree 4632 3496 43 0 179
fre 4644 3508 16 179 179
fre 4660 3508 12 179 179
fre 4660 3500 15 179 179
fre 4676 3508 16 179 179
fre 4724 3492 6 179 179
fre 4708 3492 8 179 179
fre 4860 3508 26 179 179
fre 4956 3516 6 179 179
fre 5156 3508 15 179 179
lay 5320 3496 63 0 179
trop 5964 3516 75 179 179
trop 5956 3492 75 179 179
trop 6012 3500 71 179 179
trop 6028 3516 65 179 179
fre 6092 3492 11 179 179
fre 6132 3508 11 179 179
lay 6392 3512 28 0 179
fre 6716 3508 12 179 179
fre 6780 3508 11 179 179
tree 6808 3512 58 0 179
tree 7096 3496 59 0 179
tree 7096 3512 50 0 179
tree 7176 3512 36 0 179
tree 7256 3512 51 0 179
tree 7336 3512 50 0 179
tree 7368 3512 25 0 179
tree 7384 3512 29 0 179
trop 8036 3516 87 179 179
trop 452 3524 70 179 179
trop 596 3532 117 179 179
zabor 816 3536 30 0 8
fre 844 3548 11 179 179
fre 852 3524 11 179 179
fre 892 3548 11 179 179
fre 884 3532 11 179 179
fre 868 3540 11 179 179
fre 868 3524 11 179 179
tree 888 3544 25 0 179
tree 904 3528 17 0 179
tree 920 3544 60 0 179
lay 952 3528 61 0 179
lay 984 3544 61 0 179
fre 1028 3548 11 179 179
fre 1044 3540 11 179 179
fre 1084 3532 11 179 179
fre 1060 3532 11 179 179
fre 1132 3548 11 179 179
fre 1468 3524 11 179 179
tree 1448 3544 26 0 179
tree 1464 3544 57 0 179
fre 1484 3524 11 179 179
fre 1508 3524 11 179 179
zabor 2064 3536 65 1 8
fre 2188 3540 11 179 179
fre 2324 3548 11 179 179
fre 2516 3524 11 179 179
fre 2500 3540 11 179 179
tree 2520 3544 19 0 179
fre 2540 3540 11 179 179
fre 2740 3524 26 179 179
fre 2844 3524 28 179 179
fre 2852 3532 26 179 179
fre 2940 3532 11 179 179
fre 2988 3532 11 179 179
trop 3076 3524 48 179 179
trop 3172 3548 75 179 179
lay 3784 3528 61 0 179
lay 3832 3544 61 0 179
lay 3816 3544 61 0 179
tree 3816 3528 28 0 179
fre 3980 3524 11 179 179
fre 3988 3532 11 179 179
fre 3996 3548 11 179 179
lay 4248 3544 61 0 179
lay 4440 3528 63 0 179
trop 4460 3548 22 179 179
fre 4468 3548 26 179 179
fre 4468 3532 26 179 179
dom 4480 3520 172 3 179
fre 4516 3532 8 179 179
fre 4524 3532 18 179 179
fre 4524 3548 18 179 179
fre 4572 3540 8 179 179
fre 4604 3540 8 179 179
lay 4600 3544 61 0 179
fre 4620 3524 16 179 179
lay 4632 3544 61 0 179
fre 4628 3540 12 179 179
fre 4668 3540 14 179 179
fre 4676 3548 12 179 179
fre 4684 3524 14 179 179
fre 4692 3524 15 179 179
fre 4724 3548 8 179 179
fre 4708 3540 12 179 179
fre 4724 3532 12 179 179
tree 4712 3544 35 0 179
fre 4740 3540 16 179 179
fre 4756 3532 6 179 179
fre 4804 3524 11 179 179
fre 4812 3548 11 179 179
fre 4820 3540 11 179 179
fre 4852 3532 26 179 179
fre 4860 3540 26 179 179
fre 4924 3548 6 179 179
dom 4928 3520 197 1 179
trop 5012 3524 68 179 179
lay 5192 3528 60 0 179
fre 5740 3524 15 179 179
trop 5884 3540 75 179 179
stand 5864 3544 151 0 179
stand 5944 3544 143 0 179
trop 6004 3532 71 179 179
fre 6308 3540 11 179 179
fre 6412 3524 12 179 179
fre 6588 3524 12 179 179
fre 6652 3524 11 179 179
tree 7080 3528 57 0 179
tree 7080 3544 2 0 179
tree 7192 3544 52 0 179
tree 7192 3528 29 0 179
fre 7324 3524 11 179 179
fre 7364 3548 11 179 179
fre 7364 3524 11 179 179
fre 7380 3548 11 179 179
tree 7416 3528 4 0 179
trop 8036 3532 87 179 179
tree 120 3576 44 0 179
tree 120 3560 27 0 179
tree 152 3560 59 0 179
dom 704 3552 82 0 179
zabor 816 3568 28 0 8
fre 836 3564 11 179 179
fre 836 3572 11 179 179
fre 868 3572 11 179 179
lay 888 3560 61 0 179
lay 888 3576 61 0 179
fre 884 3564 11 179 179
fre 892 3564 11 179 179
fre 908 3580 11 179 179
fre 916 3572 11 179 179
tree 920 3560 28 0 179
tree 904 3560 3 0 179
fre 932 3572 11 179 179
tree 936 3560 40 0 179
tree 952 3560 9 0 179
fre 964 3564 11 179 179
lay 984 3560 61 0 179
fre 972 3572 11 179 179
fre 980 3564 11 179 179
fre 1004 3564 11 179 179
fre 1012 3564 11 179 179
fre 1028 3572 11 179 179
fre 1036 3564 11 179 179
fre 1044 3580 11 179 179
fre 1068 3580 29 179 179
fre 1212 3556 11 179 179
fre 1196 3556 11 179 179
tree 1208 3576 5 0 179
fre 1244 3556 11 179 179
fre 1244 3580 11 179 179
fre 1220 3580 11 179 179
fre 1228 3564 11 179 179
fre 1268 3572 11 179 179
fre 1260 3580 11 179 179
tree 1464 3560 36 0 179
tree 1464 3576 28 0 179
tree 1448 3576 60 0 179
tree 1496 3560 26 0 179
zabor 2064 3568 65 1 8
trop 2100 3580 48 179 179
fre 2212 3572 11 179 179
fre 2308 3556 11 179 179
fre 2308 3564 11 179 179
fre 2340 3572 11 179 179
fre 2348 3572 11 179 179
fre 2364 3564 11 179 179
fre 2356 3564 11 179 179
fre 2492 3556 11 179 179
fre 2492 3580 11 179 179
fre 2524 3572 29 179 179
tree 2504 3560 2 0 179
fre 2556 3580 11 179 179
fre 2556 3572 11 179 179
trop 2644 3556 67 179 179
tree 2712 3576 9 0 179
fre 2796 3572 17 179 179
fre 2796 3580 20 179 179
fre 2788 3564 27 179 179
fre 2788 3556 26 179 179
fre 2820 3580 22 179 179
fre 2828 3580 26 179 179
fre 2868 3564 27 179 179
fre 2876 3556 26 179 179
fre 2860 3556 26 179 179
fre 2900 3564 19 179 179
fre 2884 3556 28 179 179
fre 2932 3572 11 179 179
lay 2968 3576 67 0 179
fre 2996 3564 11 179 179
trop 3396 3556 65 179 179
stand 3768 3560 165 0 179
trop 3756 3556 5 179 179
trop 3796 3556 5 179 179
trop 3884 3572 118 179 179
fre 3996 3564 11 179 179
fre 4004 3556 11 179 179
fre 4180 3572 26 179 179
lay 4168 3576 48 0 179
trop 4220 3564 15 179 179
fre 4196 3572 26 179 179
fre 4212 3572 26 179 179
fre 4228 3572 26 179 179
fre 4244 3572 26 179 179
fre 4260 3572 26 179 179
fre 4276 3580 26 179 179
dom 4320 3552 254 0 179
tree 4456 3560 49 0 179
fre 4468 3580 26 179 179
fre 4468 3564 26 179 179
fre 4508 3580 8 179 179
fre 4508 3556 8 179 179
fre 4532 3556 18 179 179
fre 4524 3572 18 179 179
fre 4604 3572 16 179 179
lay 4632 3560 60 0 179
fre 4628 3580 8 179 179
lay 4616 3576 61 0 179
fre 4652 3556 14 179 179
tree 4680 3576 58 0 179
fre 4732 3564 12 179 179
fre 4708 3564 12 179 179
fre 4772 3572 6 179 179
fre 4868 3564 26 179 179
fre 4932 3572 16 179 179
fre 4948 3556 6 179 179
lay 5208 3576 60 0 179
fre 5196 3580 15 179 179
lay 5704 3576 61 0 179
lay 5736 3560 28 0 179
trop 5900 3580 75 179 179
trop 5956 3572 75 179 179
trop 5996 3564 71 179 179
trop 6012 3556 71 179 179
fre 6100 3572 11 179 179
fre 6132 3580 11 179 179
fre 6132 3556 11 179 179
lay 6168 3576 61 0 179
fre 6268 3556 11 179 179
fre 6276 3556 11 179 179
fre 6300 3556 11 179 179
lay 6520 3560 28 0 179
fre 6508 3556 11 179 179
lay 6536 3576 61 0 179
fre 6612 3580 11 179 179
fre 6676 3572 12 179 179
fre 6732 3556 11 179 179
tree 6808 3576 51 0 179
tree 7208 3560 5 0 179
tree 7256 3576 21 0 179
tree 7272 3576 57 0 179
tree 7320 3576 29 0 179
fre 7324 3556 11 179 179
fre 7324 3572 15 179 179
tree 7384 3576 19 0 179
fre 7380 3564 11 179 179
tree 7960 3576 11 0 179
tree 7976 3576 57 0 179
tree 8024 3576 27 0 179
tree 8040 3560 50 0 179
tree 8056 3576 19 0 179
tree 120 3592 2 0 179
dom 320 3584 78 0 179
trop 428 3612 67 179 179
dom 512 3584 81 0 179
zabor 816 3600 32 0 9
fre 860 3604 11 179 179
fre 884 3596 11 179 179
fre 908 3588 11 179 179
fre 908 3612 11 179 179
fre 900 3612 11 179 179
fre 900 3588 11 179 179
fre 932 3604 11 179 179
fre 948 3612 11 179 179
lay 1000 3608 61 0 179
fre 1028 3588 11 179 179
fre 1028 3596 11 179 179
fre 1052 3604 11 179 179
fre 1044 3588 11 179 179
lay 1048 3608 61 0 179
fre 1060 3612 11 179 179
fre 1084 3612 11 179 179
fre 1076 3604 11 179 179
dom 1120 3584 316 0 179
fre 1212 3604 11 179 179
fre 1204 3604 11 179 179
tree 1208 3608 26 0 179
tree 1208 3592 17 0 179
fre 1236 3604 11 179 179
fre 1228 3588 11 179 179
fre 1228 3604 11 179 179
fre 1220 3612 11 179 179
tree 1224 3592 3 0 179
fre 1268 3596 11 179 179
fre 1252 3588 11 179 179
fre 1268 3612 11 179 179
fre 1260 3604 11 179 179
fre 1252 3604 11 179 179
fre 1292 3604 11 179 179
fre 1284 3612 11 179 179
lay 1464 3592 65 0 179
zabor 2064 3600 65 1 8
fre 2156 3596 11 179 179
fre 2164 3596 11 179 179
lay 2184 3608 62 0 179
fre 2252 3596 11 179 179
fre 2500 3604 11 179 179
fre 2500 3588 11 179 179
fre 2508 3596 11 179 179
fre 2516 3588 11 179 179
fre 2548 3612 11 179 179
fre 2532 3604 11 179 179
tree 2536 3592 21 0 179
tree 2728 3608 52 0 179
fre 2812 3588 28 179 179
fre 2836 3588 19 179 179
trop 3076 3604 48 179 179
trop 3348 3588 6 179 179
fre 3452 3604 12 179 179
fre 3444 3604 12 179 179
fre 3460 3596 12 179 179
fre 3500 3612 12 179 179
fre 3492 3604 12 179 179
stand 3560 3592 58 0 179
lay 3864 3592 61 0 179
trop 3940 3612 117 179 179
fre 4004 3588 11 179 179
fre 4004 3604 11 179 179
fre 4236 3612 18 179 179
fre 4236 3604 18 179 179
fre 4236 3596 18 179 179
fre 4244 3588 18 179 179
fre 4252 3596 18 179 179
fre 4268 3612 18 179 179
fre 4260 3596 18 179 179
fre 4468 3612 26 179 179
fre 4468 3596 26 179 179
fre 4524 3588 18 179 179
fre 4556 3612 8 179 179
fre 4596 3604 16 179 179
fre 4636 3588 12 179 179
fre 4732 3596 12 179 179
fre 4732 3604 12 179 179
fre 4724 3612 14 179 179
fre 4708 3612 15 179 179
tree 4728 3592 50 0 179
fre 4756 3612 8 179 179
fre 4788 3588 6 179 179
fre 4892 3596 19 179 179
fre 4892 3612 27 179 179
fre 4884 3588 26 179 179
fre 4956 3612 16 179 179
fre 4948 3604 16 179 179
fre 4932 3612 6 179 179
trop 5012 3604 68 179 179
lay 5176 3592 61 0 179
trop 5948 3612 75 179 179
trop 5924 3588 75 179 179
stand 5944 3608 180 0 179
stand 5944 3592 181 0 179
trop 6012 3596 71 179 179
trop 6012 3612 71 179 179
trop 6028 3612 65 179 179
fre 6092 3604 11 179 179
fre 6228 3596 12 179 179
lay 6248 3608 61 0 179
lay 6344 3592 28 0 179
lay 6392 3608 61 0 179
fre 6404 3588 12 179 179
lay 6504 3608 63 0 179
fre 6564 3612 12 179 179
fre 6604 3596 11 179 179
fre 6628 3596 11 179 179
fre 6636 3588 11 179 179
tree 7192 3608 26 0 179
tree 7256 3592 35 0 179
tree 7240 3608 2 0 179
tree 7288 3592 2 0 179
tree 7304 3592 35 0 179
fre 7316 3604 11 179 179
tree 7384 3592 37 0 179
fre 7388 3588 11 179 179
tree 7944 3608 44 0 179
tree 8024 3592 43 0 179
tree 8040 3608 27 0 179
tree 8040 3592 57 0 179
tree 136 3640 21 0 179
tree 136 3624 50 0 179
tree 152 3624 4 0 179
tree 152 3640 44 0 179
tree 168 3640 13 0 179
trop 620 3620 67 179 179
lay 888 3624 61 0 179
lay 936 3640 61 0 179
lay 952 3624 61 0 179
fre 932 3628 11 179 179
fre 956 3636 11 179 179
stand 936 3640 153 0 179
fre 972 3636 11 179 179
fre 980 3628 11 179 179
fre 964 3644 11 179 179
fre 1012 3644 11 179 179
fre 996 3628 11 179 179
fre 1036 3636 11 179 179
fre 1052 3620 11 179 179
fre 1068 3644 11 179 179
fre 1084 3620 11 179 179
fre 1204 3628 11 179 179
fre 1244 3620 11 179 179
stand 1224 3640 164 0 179
lay 1240 3624 65 0 179
fre 1276 3636 11 179 179
fre 1252 3636 11 179 179
fre 1260 3628 11 179 179
dom 1408 3616 315 0 179
fre 1452 3636 12 179 179
zabor 2064 3632 66 1 8
fre 2116 3644 11 179 179
fre 2132 3644 11 179 179
fre 2140 3620 11 179 179
tree 2136 3640 11 0 179
tree 2152 3640 51 0 179
fre 2220 3644 11 179 179
fre 2236 3644 11 179 179
fre 2492 3644 11 179 179
lay 2504 3640 63 0 179
fre 2500 3628 11 179 179
trop 2644 3644 67 179 179
fre 2708 3636 11 179 179
fre 2708 3628 11 179 179
fre 2708 3644 11 179 179
tree 2712 3624 40 0 179
fre 2740 3644 11 179 179
tree 2728 3624 44 0 179
trop 3324 3644 5 179 179
fre 3476 3644 12 179 179
fre 3476 3628 12 179 179
fre 3484 3628 12 179 179
fre 3460 3628 12 179 179
fre 3460 3636 12 179 179
fre 3492 3628 12 179 179
fre 3500 3628 12 179 179
lay 3896 3624 61 0 179
fre 4004 3628 11 179 179
fre 4012 3644 11 179 179
fre 4236 3620 18 179 179
fre 4252 3620 18 179 179
fre 4244 3620 18 179 179
trop 4284 3636 22 179 179
fre 4260 3620 18 179 179
fre 4308 3628 26 179 179
fre 4308 3644 26 179 179
lay 4376 3624 61 0 179
fre 4468 3636 26 179 179
trop 4492 3628 15 179 179
trop 4548 3628 25 179 179
lay 4648 3640 60 0 179
fre 4660 3644 8 179 179
tree 4712 3640 59 0 179
tree 4728 3624 2 0 179
fre 4764 3620 16 179 179
fre 4740 3636 12 179 179
fre 4820 3628 6 179 179
fre 4876 3620 20 179 179
fre 4892 3628 26 179 179
fre 4908 3620 23 179 179
fre 4908 3628 26 179 179
fre 4948 3628 6 179 179
dom 5152 3616 88 0 179
lay 5208 3624 60 0 179
fre 5188 3620 15 179 179
lay 5400 3624 63 0 179
lay 5464 3624 61 0 179
lay 5592 3624 63 0 179
lay 5640 3640 28 0 179
trop 6004 3636 71 179 179
fre 6100 3620 11 179 179
fre 6132 3644 11 179 179
fre 6132 3636 11 179 179
lay 6152 3640 61 0 179
fre 6212 3644 12 179 179
fre 6308 3636 11 179 179
fre 6332 3644 11 179 179
fre 6340 3644 11 179 179
fre 6340 3628 11 179 179
fre 6524 3620 11 179 179
lay 6696 3624 63 0 179
fre 6724 3636 11 179 179
fre 6740 3644 11 179 179
fre 6780 3636 11 179 179
tree 6808 3640 58 0 179
tree 7192 3640 17 0 179
tree 7192 3624 5 0 179
tree 7304 3624 12 0 179
fre 7348 3636 11 179 179
fre 7332 3628 11 179 179
tree 7384 3640 51 0 179
tree 7384 3624 57 0 179
tree 7944 3640 59 0 179
tree 7944 3624 21 0 179
tree 136 3672 4 0 179
tree 136 3656 58 0 179
tree 168 3672 2 0 179
lay 904 3672 61 0 179
fre 980 3660 11 179 179
fre 972 3660 11 179 179
fre 1052 3652 11 179 179
fre 1028 3668 11 179 179
fre 1092 3676 11 179 179
fre 1108 3676 11 179 179
fre 1116 3676 11 179 179
fre 1212 3660 11 179 179
fre 1204 3660 11 179 179
fre 1204 3676 11 179 179
fre 1244 3652 11 179 179
fre 1228 3660 11 179 179
fre 1228 3652 11 179 179
fre 1260 3652 11 179 179
trop 1684 3668 72 179 179
trop 1740 3676 75 179 179
trop 1796 3668 72 179 179
trop 1844 3652 75 179 179
trop 1892 3652 75 179 179
trop 1892 3668 72 179 179
trop 1972 3652 75 179 179
trop 2004 3660 75 179 179
trop 2004 3660 72 179 179
trop 2020 3660 75 179 179
trop 2100 3660 48 179 179
fre 2116 3660 11 179 179
tree 2152 3656 4 0 179
tree 2168 3656 51 0 179
tree 2264 3672 4 0 179
fre 2348 3660 11 179 179
fre 2364 3676 11 179 179
fre 2444 3660 11 179 179
fre 2468 3668 11 179 179
lay 2552 3672 61 0 179
fre 2748 3668 11 179 179
fre 2740 3676 11 179 179
fre 2724 3668 11 179 179
fre 2748 3676 11 179 179
fre 2740 3652 11 179 179
tree 2744 3656 4 0 179
tree 2728 3656 13 0 179
fre 2772 3668 11 179 179
fre 2852 3668 11 179 179
fre 2892 3660 11 179 179
trop 3076 3652 48 179 179
trop 3396 3652 65 179 179
fre 3420 3676 12 179 179
fre 3476 3652 12 179 179
lay 3624 3672 63 0 179
trop 3676 3676 6 179 179
stand 3928 3656 9 0 179
fre 3996 3652 11 179 179
fre 4004 3652 11 179 179
fre 4004 3676 11 179 179
dom 4160 3648 230 0 179
fre 4308 3660 26 179 179
fre 4308 3676 26 179 179
fre 4372 3676 18 179 179
fre 4420 3676 18 179 179
fre 4468 3668 26 179 179
fre 4468 3652 26 179 179
fre 4668 3660 16 179 179
fre 4692 3652 12 179 179
lay 4728 3672 60 0 179
tree 4728 3672 51 0 179
lay 4744 3672 61 0 179
fre 4780 3660 16 179 179
fre 4828 3668 8 179 179
dom 4800 3648 86 0 179
fre 4836 3652 6 179 179
fre 4892 3652 26 179 179
lay 5800 3656 63 0 179
trop 5972 3668 71 179 179
trop 6004 3660 71 179 179
trop 5996 3668 71 179 179
fre 6100 3668 11 179 179
fre 6124 3668 11 179 179
fre 6132 3652 11 179 179
tree 6136 3672 28 0 179
lay 6168 3656 61 0 179
fre 6708 3668 11 179 179
fre 6716 3660 11 179 179
fre 6732 3652 11 179 179
fre 6748 3676 11 179 179
fre 6740 3652 11 179 179
tree 7160 3656 50 0 179
tree 7192 3672 19 0 179
tree 7304 3656 43 0 179
tree 7304 3672 25 0 179
tree 7384 3656 58 0 179
tree 7944 3656 2 0 179
tree 8040 3672 43 0 179
tree 8040 3656 50 0 179
tree 8072 3656 11 0 179
tree 120 3704 11 0 179
tree 376 3688 57 0 179
trop 428 3708 122 179 179
tree 536 3704 35 0 179
trop 620 3708 122 179 179
tree 728 3688 51 0 179
trop 1604 3708 75 179 179
trop 1628 3700 75 179 179
trop 1684 3700 73 179 179
trop 1700 3684 75 179 179
trop 1788 3708 73 179 179
trop 1836 3700 73 179 179
trop 1916 3700 73 179 179
trop 1980 3692 73 179 179
trop 2036 3692 73 179 179
tree 2216 3704 57 0 179
fre 2332 3692 11 179 179
fre 2340 3700 11 179 179
fre 2364 3700 11 179 179
fre 2356 3708 11 179 179
fre 2348 3708 11 179 179
tree 2344 3688 58 0 179
fre 2780 3684 11 179 179
fre 3332 3692 11 179 179
lay 3464 3704 67 0 179
lay 3688 3704 63 0 179
dom 3744 3680 185 0 179
fre 3988 3684 11 179 179
fre 3996 3700 11 179 179
fre 3996 3708 11 179 179
trop 3972 3700 66 179 179
fre 4012 3684 11 179 179
fre 4028 3684 11 179 179
fre 4036 3700 11 179 179
fre 4308 3700 26 179 179
fre 4412 3684 18 179 179
fre 4404 3684 18 179 179
fre 4404 3692 18 179 179
fre 4388 3684 18 179 179
fre 4436 3684 18 179 179
fre 4428 3684 18 179 179
fre 4420 3684 18 179 179
fre 4444 3692 18 179 179
trop 4476 3684 17 179 179
fre 4468 3700 26 179 179
fre 4468 3684 26 179 179
fre 4668 3684 8 179 179
lay 4664 3688 61 0 179
fre 4692 3692 12 179 179
fre 4724 3684 14 179 179
lay 4760 3688 61 0 179
fre 4940 3700 26 179 179
trop 5012 3684 68 179 179
fre 5100 3692 8 179 179
lay 5336 3688 28 0 179
lay 5480 3688 28 0 179
trop 6004 3692 71 179 179
trop 5996 3708 71 179 179
trop 6028 3708 65 179 179
fre 6092 3708 11 179 179
fre 6100 3684 11 179 179
fre 6140 3708 11 179 179
fre 6132 3692 11 179 179
fre 6116 3700 11 179 179
fre 6116 3684 11 179 179
tree 6136 3704 25 0 179
tree 6152 3688 17 0 179
tree 6168 3704 60 0 179
lay 6200 3688 61 0 179
lay 6232 3704 61 0 179
fre 6276 3708 11 179 179
fre 6292 3700 11 179 179
fre 6332 3692 11 179 179
fre 6308 3692 11 179 179
fre 6380 3708 11 179 179
fre 6716 3684 11 179 179
tree 6696 3704 26 0 179
tree 6712 3704 57 0 179
fre 6732 3684 11 179 179
fre 6756 3684 11 179 179
tree 7096 3688 57 0 179
tree 7192 3688 44 0 179
tree 7192 3704 57 0 179
tree 7176 3688 11 0 179
tree 7224 3704 21 0 179
tree 7208 3704 35 0 179
tree 7320 3704 21 0 179
tree 7320 3688 27 0 179
tree 7304 3688 12 0 179
tree 7384 3704 4 0 179
tree 7384 3688 58 0 179
tree 7944 3704 27 0 179
tree 7944 3688 59 0 179
tree 7960 3704 19 0 179
tree 8056 3704 51 0 179
tree 8040 3704 27 0 179
tree 8040 3688 35 0 179
zabor 304 3728 25 0 8
zabor 496 3728 25 0 8
zabor 656 3728 28 0 8
zabor 784 3728 31 0 8
trop 1652 3716 73 179 179
trop 1676 3740 72 179 179
trop 1716 3716 73 179 179
dom 1728 3712 300 1 179
trop 1796 3740 72 179 179
trop 1900 3740 72 179 179
dom 1952 3712 77 1 179
trop 2004 3740 72 179 179
trop 2100 3732 48 179 179
fre 2188 3732 11 179 179
tree 2200 3736 25 0 179
fre 2212 3724 11 179 179
lay 2232 3736 32 0 179
fre 2268 3732 11 179 179
fre 2252 3724 11 179 179
fre 2260 3732 11 179 179
tree 2280 3736 60 0 179
fre 2316 3724 11 179 179
fre 2364 3740 11 179 179
lay 2344 3736 46 0 179
tree 2344 3720 59 0 179
fre 2372 3732 11 179 179
fre 2380 3724 11 179 179
tree 2376 3736 35 0 179
trop 2644 3732 67 179 179
dom 2976 3712 97 0 179
stand 3048 3736 23 0 179
trop 3076 3732 48 179 179
fre 3100 3732 11 179 179
dom 3200 3712 139 0 179
fre 3340 3716 11 179 179
trop 3396 3732 65 179 179
trop 3732 3732 5 179 179
fre 4004 3724 11 179 179
fre 4020 3732 11 179 179
fre 4020 3740 11 179 179
fre 4052 3716 11 179 179
fre 4052 3724 11 179 179
fre 4060 3732 11 179 179
fre 4052 3740 11 179 179
tree 4056 3736 21 0 179
fre 4308 3716 26 179 179
fre 4308 3732 26 179 179
dom 4320 3712 231 0 179
lay 4360 3720 61 0 179
fre 4404 3740 26 179 179
fre 4396 3740 26 179 179
fre 4468 3732 26 179 179
fre 4468 3716 26 179 179
fre 4564 3732 8 179 179
fre 4620 3732 8 179 179
fre 4668 3740 8 179 179
lay 4664 3736 61 0 179
lay 4680 3720 60 0 179
fre 4700 3732 6 179 179
fre 4676 3716 8 179 179
tree 4744 3736 51 0 179
fre 4788 3732 16 179 179
fre 4828 3724 16 179 179
lay 4824 3736 61 0 179
tree 4824 3736 13 0 179
fre 4884 3716 6 179 179
fre 4948 3740 27 179 179
fre 4956 3732 26 179 179
fre 4980 3732 26 179 179
fre 5180 3732 8 179 179
fre 5220 3740 12 179 179
fre 5228 3732 12 179 179
fre 5236 3716 12 179 179
fre 5244 3724 12 179 179
trop 6020 3732 71 179 179
fre 6084 3724 11 179 179
fre 6084 3732 11 179 179
fre 6116 3732 11 179 179
lay 6136 3720 61 0 179
lay 6136 3736 61 0 179
fre 6132 3724 11 179 179
fre 6140 3724 11 179 179
fre 6156 3740 11 179 179
fre 6164 3732 11 179 179
tree 6168 3720 28 0 179
tree 6152 3720 3 0 179
fre 6180 3732 11 179 179
tree 6184 3720 40 0 179
tree 6200 3720 9 0 179
fre 6212 3724 11 179 179
lay 6232 3720 61 0 179
fre 6220 3732 11 179 179
fre 6228 3724 11 179 179
fre 6252 3724 11 179 179
fre 6260 3724 11 179 179
fre 6276 3732 11 179 179
fre 6284 3724 11 179 179
fre 6292 3740 11 179 179
fre 6316 3740 29 179 179
fre 6460 3716 11 179 179
fre 6444 3716 11 179 179
tree 6456 3736 5 0 179
fre 6492 3716 11 179 179
fre 6492 3740 11 179 179
fre 6468 3740 11 179 179
fre 6476 3724 11 179 179
fre 6516 3732 11 179 179
fre 6508 3740 11 179 179
tree 6712 3720 36 0 179
tree 6712 3736 28 0 179
tree 6696 3736 60 0 179
tree 6744 3720 26 0 179
tree 6824 3720 43 0 179
tree 7048 3736 35 0 179
tree 7096 3736 19 0 179
tree 7112 3736 27 0 179
tree 7144 3736 51 0 179
tree 7192 3720 50 0 179
tree 7224 3720 35 0 179
tree 7208 3720 2 0 179
tree 7256 3736 17 0 179
tree 7304 3720 19 0 179
tree 7960 3736 50 0 179
tree 7944 3736 43 0 179
tree 7944 3720 59 0 179
tree 8024 3720 11 0 179
tree 8024 3736 2 0 179
tree 8056 3736 44 0 179
tree 8056 3720 43 0 179
tree 152 3752 4 0 179
fre 428 3756 11 179 179
fre 748 3756 11 179 179
fre 1068 3756 11 179 179
fre 1388 3756 11 179 179
fre 1708 3756 11 179 179
fre 2028 3756 11 179 179
fre 2188 3748 11 179 179
fre 2188 3764 11 179 179
fre 2228 3748 11 179 179
fre 2220 3748 30 179 179
lay 2216 3752 30 0 179
tree 2232 3752 9 0 179
fre 2260 3748 11 179 179
fre 2252 3748 31 179 179
lay 2280 3752 29 0 179
fre 2324 3756 11 179 179
tree 2328 3752 4 0 179
fre 2356 3756 11 179 179
fre 2348 3756 11 179 179
fre 2340 3748 11 179 179
fre 2348 3748 11 179 179
fre 2572 3756 11 179 179
fre 2644 3756 34 179 179
fre 2748 3756 11 179 179
stand 2952 3768 63 0 179
fre 3100 3748 11 179 179
fre 3108 3764 11 179 179
fre 3340 3764 11 179 179
fre 3340 3756 11 179 179
stand 3368 3768 20 0 179
stand 3784 3768 165 0 179
lay 3992 3768 63 0 179
trop 4028 3764 6 179 179
fre 4060 3748 11 179 179
fre 4060 3756 11 179 179
fre 4068 3748 11 179 179
fre 4068 3756 11 179 179
fre 4068 3772 11 179 179
tree 4072 3768 27 0 179
trop 4300 3772 36 179 179
fre 4308 3748 26 179 179
fre 4308 3764 26 179 179
lay 4408 3752 61 0 179
fre 4396 3772 26 179 179
fre 4404 3772 26 179 179
fre 4412 3772 26 179 179
fre 4412 3764 26 179 179
fre 4412 3756 26 179 179
fre 4412 3748 26 179 179
fre 4388 3764 26 179 179
fre 4388 3756 26 179 179
fre 4404 3748 18 179 179
fre 4404 3764 18 179 179
fre 4396 3764 18 179 179
trop 4476 3756 17 179 179
fre 4468 3764 26 179 179
fre 4468 3748 26 179 179
tree 4552 3768 43 0 179
fre 4716 3748 8 179 179
fre 4796 3764 6 179 179
fre 4780 3756 8 179 179
tree 4792 3768 51 0 179
fre 4804 3772 8 179 179
tree 4808 3768 58 0 179
tree 4824 3752 44 0 179
tree 4840 3768 50 0 179
fre 4868 3756 8 179 179
fre 4956 3772 26 179 179
fre 4964 3748 28 179 179
fre 4980 3764 26 179 179
trop 5012 3772 68 179 179
lay 5128 3768 60 0 179
fre 5180 3764 12 179 179
fre 5172 3756 12 179 179
fre 5164 3756 12 179 179
fre 5156 3748 12 179 179
fre 5164 3764 12 179 179
fre 5172 3764 12 179 179
fre 5204 3764 12 179 179
tree 5240 3752 5 0 179
fre 5220 3764 12 179 179
tree 5832 3768 19 0 179
fre 6108 3764 11 179 179
fre 6132 3756 11 179 179
fre 6156 3748 11 179 179
fre 6156 3772 11 179 179
fre 6148 3772 11 179 179
fre 6148 3748 11 179 179
fre 6180 3764 11 179 179
fre 6196 3772 11 179 179
lay 6248 3768 61 0 179
fre 6276 3748 11 179 179
fre 6276 3756 11 179 179
fre 6300 3764 11 179 179
fre 6292 3748 11 179 179
lay 6296 3768 61 0 179
fre 6308 3772 11 179 179
fre 6332 3772 11 179 179
fre 6324 3764 11 179 179
dom 6368 3744 316 0 179
fre 6460 3764 11 179 179
fre 6452 3764 11 179 179
tree 6456 3768 26 0 179
tree 6456 3752 17 0 179
fre 6484 3764 11 179 179
fre 6476 3748 11 179 179
fre 6476 3764 11 179 179
fre 6468 3772 11 179 179
tree 6472 3752 3 0 179
fre 6516 3756 11 179 179
fre 6500 3748 11 179 179
fre 6516 3772 11 179 179
fre 6508 3764 11 179 179
fre 6500 3764 11 179 179
fre 6540 3764 11 179 179
fre 6532 3772 11 179 179
lay 6712 3752 65 0 179
tree 6856 3768 13 0 179
tree 7096 3752 19 0 179
tree 7096 3768 11 0 179
tree 7128 3752 35 0 179
tree 7144 3752 11 0 179
tree 7160 3768 3 0 179
tree 7256 3752 17 0 179
tree 7352 3752 50 0 179
tree 7960 3752 19 0 179
tree 8056 3768 4 0 179
tree 8056 3752 43 0 179
tree 8040 3752 58 0 179
tree 8040 3768 11 0 179
stand 3096 3784 31 0 179
stand 3560 3784 20 0 179
dom 3680 3776 183 0 179
trop 3972 3788 66 179 179
fre 4076 3780 11 179 179
fre 4084 3796 11 179 179
fre 4092 3804 11 179 179
tree 4088 3800 19 0 179
tree 4088 3784 27 0 179
lay 4200 3784 63 0 179
fre 4236 3804 26 179 179
fre 4316 3780 26 179 179
fre 4308 3796 26 179 179
fre 4396 3796 26 179 179
fre 4412 3796 26 179 179
trop 4444 3804 15 179 179
fre 4428 3796 26 179 179
fre 4444 3796 26 179 179
fre 4460 3796 26 179 179
fre 4468 3788 26 179 179
fre 4556 3796 8 179 179
tree 4552 3784 50 0 179
tree 4568 3784 11 0 179
fre 4580 3804 29 179 179
fre 4700 3788 6 179 179
fre 4828 3804 6 179 179
fre 4836 3780 29 179 179
fre 4844 3788 16 179 179
fre 4860 3788 8 179 179
fre 4868 3788 16 179 179
fre 4884 3780 6 179 179
fre 4876 3780 6 179 179
fre 4964 3804 28 179 179
fre 5076 3788 8 179 179
lay 5128 3800 60 0 179
fre 5204 3804 29 179 179
tree 5208 3784 29 0 179
tree 5240 3784 29 0 179
fre 5228 3796 12 179 179
fre 5236 3780 12 179 179
tree 5272 3800 36 0 179
fre 5268 3780 12 179 179
fre 5276 3804 12 179 179
tree 5288 3800 29 0 179
tree 5304 3784 40 0 179
fre 5292 3788 12 179 179
fre 5300 3796 12 179 179
fre 5612 3804 11 179 179
fre 5732 3804 11 179 179
tree 5752 3800 59 0 179
tree 5800 3784 59 0 179
fre 5852 3796 11 179 179
fre 5836 3796 11 179 179
tree 5832 3800 11 0 179
tree 5896 3784 51 0 179
trop 6028 3796 65 179 179
lay 6136 3784 61 0 179
lay 6184 3800 61 0 179
lay 6200 3784 61 0 179
fre 6180 3788 11 179 179
fre 6204 3796 11 179 179
stand 6184 3800 153 0 179
fre 6220 3796 11 179 179
fre 6228 3788 11 179 179
fre 6212 3804 11 179 179
fre 6260 3804 11 179 179
fre 6244 3788 11 179 179
fre 6284 3796 11 179 179
fre 6300 3780 11 179 179
fre 6316 3804 11 179 179
fre 6332 3780 11 179 179
fre 6452 3788 11 179 179
fre 6492 3780 11 179 179
stand 6472 3800 164 0 179
lay 6488 3784 65 0 179
fre 6524 3796 11 179 179
fre 6500 3796 11 179 179
fre 6508 3788 11 179 179
dom 6656 3776 315 0 179
fre 6700 3796 12 179 179
tree 6792 3800 50 0 179
tree 6904 3800 57 0 179
tree 7160 3784 26 0 179
tree 7304 3800 59 0 179
tree 7336 3784 57 0 179
tree 7352 3800 4 0 179
tree 7896 3784 4 0 179
tree 7928 3800 27 0 179
tree 7912 3800 35 0 179
tree 7992 3800 21 0 179
tree 8008 3800 4 0 179
tree 8056 3784 43 0 179
tree 8056 3800 35 0 179
tree 8040 3800 50 0 179
trop 148 3828 79 179 179
trop 228 3828 78 179 179
trop 308 3828 79 179 179
trop 388 3828 78 179 179
trop 468 3828 79 179 179
trop 548 3828 78 179 179
trop 628 3828 79 179 179
trop 708 3828 78 179 179
trop 788 3828 79 179 179
trop 868 3828 78 179 179
trop 948 3828 79 179 179
trop 1028 3828 78 179 179
trop 1108 3828 79 179 179
trop 1188 3828 78 179 179
trop 1268 3828 79 179 179
trop 1348 3828 78 179 179
trop 1428 3828 79 179 179
trop 1508 3828 78 179 179
trop 1588 3828 79 179 179
trop 1668 3828 78 179 179
trop 1748 3828 79 179 179
trop 1828 3828 78 179 179
trop 1908 3828 79 179 179
trop 1988 3828 78 179 179
trop 2068 3828 79 179 179
trop 2108 3820 49 179 179
trop 2172 3828 79 179 179
trop 2212 3828 78 179 179
trop 2292 3828 79 179 179
trop 2372 3828 78 179 179
trop 2452 3828 79 179 179
trop 2532 3828 78 179 179
trop 2612 3828 79 179 179
trop 2692 3828 78 179 179
trop 2772 3828 79 179 179
trop 2852 3828 78 179 179
trop 2932 3828 79 179 179
trop 3004 3828 78 179 179
trop 3020 3828 78 179 179
trop 3084 3828 49 179 179
trop 3148 3828 79 179 179
trop 3164 3828 78 179 179
trop 3244 3828 79 179 179
trop 3324 3828 78 179 179
trop 3404 3828 79 179 179
trop 3484 3828 78 179 179
vor 3460 3836 32 179 179
fre 4092 3812 11 179 179
fre 4100 3820 11 179 179
fre 4108 3820 11 179 179
fre 4116 3828 11 179 179
fre 4116 3836 11 179 179
fre 4156 3836 11 179 179
fre 4148 3836 11 179 179
fre 4132 3828 11 179 179
fre 4132 3836 11 179 179
fre 4172 3828 11 179 179
fre 4172 3836 11 179 179
fre 4220 3836 11 179 179
fre 4212 3836 11 179 179
fre 4204 3836 11 179 179
fre 4196 3836 11 179 179
fre 4244 3836 11 179 179
fre 4252 3812 26 179 179
trop 4268 3820 15 179 179
fre 4284 3836 11 179 179
fre 4260 3836 11 179 179
fre 4268 3812 26 179 179
trop 4308 3820 15 179 179
fre 4316 3836 11 179 179
fre 4308 3812 26 179 179
fre 4292 3812 26 179 179
fre 4348 3836 11 179 179
fre 4340 3812 26 179 179
fre 4324 3812 26 179 179
trop 4356 3820 15 179 179
fre 4380 3812 26 179 179
fre 4364 3812 26 179 179
fre 4372 3828 26 179 179
trop 4396 3820 23 179 179
trop 4412 3812 30 179 179
fre 4396 3812 26 179 179
fre 4396 3836 26 179 179
fre 4420 3828 26 179 179
fre 4620 3836 6 179 179
fre 4628 3828 8 179 179
fre 4660 3828 8 179 179
fre 4684 3820 8 179 179
fre 4716 3836 6 179 179
fre 4788 3836 6 179 179
fre 4828 3828 6 179 179
fre 4956 3836 13 179 179
fre 4948 3828 20 179 179
fre 4956 3828 23 179 179
fre 4956 3812 26 179 179
fre 5108 3828 8 179 179
tree 5240 3816 18 0 179
fre 5244 3820 12 179 179
fre 5228 3820 12 179 179
fre 5252 3820 11 179 179
tree 5272 3816 36 0 179
fre 5252 3812 12 179 179
fre 5300 3828 8 179 179
fre 5284 3812 12 179 179
fre 5292 3812 12 179 179
fre 5284 3820 12 179 179
fre 5348 3820 15 179 179
fre 5388 3836 11 179 179
fre 5428 3820 11 179 179
fre 5564 3836 11 179 179
fre 5724 3820 14 179 179
fre 5748 3828 11 179 179
fre 5756 3812 11 179 179
fre 5756 3820 11 179 179
fre 5756 3828 11 179 179
tree 5736 3816 58 0 179
fre 5780 3812 11 179 179
tree 5800 3816 57 0 179
fre 5836 3820 11 179 179
fre 5884 3812 11 179 179
fre 5860 3820 11 179 179
fre 5892 3820 11 179 179
fre 5892 3828 11 179 179
tree 5896 3816 19 0 179
lay 6152 3832 61 0 179
fre 6228 3820 11 179 179
fre 6220 3820 11 179 179
fre 6300 3812 11 179 179
fre 6276 3828 11 179 179
fre 6340 3836 11 179 179
fre 6356 3836 11 179 179
fre 6364 3836 11 179 179
fre 6460 3820 11 179 179
fre 6452 3820 11 179 179
fre 6452 3836 11 179 179
fre 6492 3812 11 179 179
fre 6476 3820 11 179 179
fre 6476 3812 11 179 179
fre 6508 3812 11 179 179
tree 6856 3816 58 0 179
tree 7176 3832 27 0 179
tree 7256 3816 12 0 179
tree 7256 3832 52 0 179
tree 7240 3832 9 0 179
tree 7304 3832 50 0 179
tree 7304 3816 21 0 179
tree 7928 3816 21 0 179
tree 7944 3816 51 0 179
tree 8008 3832 57 0 179
tree 8008 3816 2 0 179
tree 8056 3832 19 0 179
tree 8056 3816 13 0 179
fre 2076 3860 11 179 179
fre 2076 3868 11 179 179
fre 2164 3852 11 179 179
fre 2156 3860 11 179 179
fre 2180 3860 11 179 179
stand 3144 3864 55 0 179
trop 3612 3868 88 179 179
trop 3700 3860 6 179 179
dom 3872 3840 154 0 179
trop 3956 3868 6 179 179
trop 4028 3844 6 179 179
fre 4092 3852 11 179 179
fre 4108 3860 11 179 179
fre 4132 3844 11 179 179
fre 4180 3844 11 179 179
fre 4172 3844 11 179 179
fre 4164 3844 11 179 179
dom 4160 3840 164 3 179
fre 4228 3852 31 179 179
fre 4244 3844 11 179 179
fre 4244 3852 11 179 179
fre 4236 3844 11 179 179
fre 4228 3844 11 179 179
fre 4284 3844 11 179 179
fre 4276 3844 11 179 179
fre 4308 3844 11 179 179
fre 4292 3844 11 179 179
fre 4340 3852 11 179 179
fre 4332 3844 11 179 179
fre 4372 3844 11 179 179
fre 4356 3844 11 179 179
fre 4388 3860 11 179 179
trop 4444 3860 0 179 179
fre 4420 3844 26 179 179
fre 4428 3860 26 179 179
fre 4444 3852 26 179 179
fre 4540 3868 12 179 179
fre 4548 3844 8 179 179
fre 4556 3860 8 179 179
fre 4564 3852 8 179 179
fre 4588 3844 6 179 179
fre 4708 3860 8 179 179
dom 4736 3840 156 0 179
fre 4788 3852 26 179 179
fre 4828 3852 28 179 179
fre 4820 3860 27 179 179
fre 4804 3852 23 179 179
fre 4820 3868 26 179 179
fre 4852 3860 20 179 179
fre 4836 3868 19 179 179
fre 4876 3852 26 179 179
fre 4900 3844 6 179 179
fre 4956 3860 26 179 179
fre 4940 3860 26 179 179
fre 4932 3844 26 179 179
fre 4964 3868 28 179 179
fre 4972 3844 26 179 179
trop 5012 3852 68 179 179
fre 5172 3844 8 179 179
fre 5324 3852 8 179 179
fre 5340 3868 11 179 179
fre 5364 3844 8 179 179
fre 5380 3860 11 179 179
fre 5428 3860 15 179 179
fre 5492 3852 11 179 179
fre 5724 3860 14 179 179
fre 5708 3860 14 179 179
fre 5748 3860 14 179 179
fre 5748 3852 11 179 179
tree 5752 3864 51 0 179
fre 5788 3852 11 179 179
fre 5780 3852 11 179 179
fre 5796 3844 11 179 179
fre 5844 3868 11 179 179
fre 5884 3868 11 179 179
fre 5868 3844 11 179 179
fre 5860 3844 11 179 179
fre 5892 3852 11 179 179
tree 6888 3864 57 0 179
tree 6936 3864 2 0 179
tree 7000 3864 50 0 179
tree 7048 3864 11 0 179
tree 7080 3848 19 0 179
tree 7176 3864 11 0 179
tree 7176 3848 35 0 179
tree 7192 3864 4 0 179
tree 7256 3848 50 0 179
tree 7320 3848 2 0 179
tree 7608 3864 59 0 179
tree 8024 3848 59 0 179
tree 8008 3848 50 0 179
tree 8024 3864 19 0 179
tree 8056 3864 4 0 179
tree 8056 3848 35 0 179
tree 8040 3848 57 0 179
tree 8072 3864 13 0 179
fre 468 3884 11 179 179
fre 788 3884 11 179 179
fre 1108 3884 11 179 179
fre 1428 3884 11 179 179
fre 1748 3884 11 179 179
fre 2068 3884 11 179 179
trop 2100 3900 48 179 179
fre 2156 3892 11 179 179
fre 2148 3876 11 179 179
tree 2232 3880 27 0 179
tree 2296 3896 51 0 179
lay 2312 3880 45 0 179
fre 2612 3884 11 179 179
fre 2652 3884 11 179 179
fre 2716 3892 11 179 179
fre 2876 3900 11 179 179
fre 3028 3900 27 179 179
fre 3020 3900 26 179 179
stand 3048 3880 63 0 179
stand 3144 3880 48 0 179
trop 3220 3892 57 179 179
dom 3328 3872 239 0 179
stand 3432 3896 28 0 179
fre 3428 3892 11 179 179
fre 3452 3900 12 179 179
fre 3436 3892 12 179 179
fre 3468 3884 12 179 179
fre 3508 3900 11 179 179
trop 3972 3876 66 179 179
trop 4068 3892 2 179 179
fre 4124 3900 11 179 179
fre 4116 3884 11 179 179
fre 4124 3884 11 179 179
fre 4132 3900 11 179 179
fre 4172 3900 11 179 179
fre 4236 3900 11 179 179
fre 4252 3900 11 179 179
fre 4268 3884 11 179 179
fre 4292 3892 11 179 179
fre 4412 3876 11 179 179
fre 4436 3892 11 179 179
fre 4444 3876 26 179 179
fre 4452 3900 11 179 179
fre 4468 3892 26 179 179
fre 4468 3876 26 179 179
fre 4492 3900 26 179 179
fre 4500 3892 12 179 179
fre 4524 3900 12 179 179
fre 4532 3884 12 179 179
fre 4540 3876 12 179 179
fre 4540 3892 12 179 179
fre 4540 3900 12 179 179
fre 4548 3876 12 179 179
fre 4556 3892 12 179 179
fre 4668 3884 6 179 179
fre 4828 3900 8 179 179
fre 4852 3900 8 179 179
fre 4868 3900 5 179 179
fre 4900 3900 6 179 179
dom 4928 3872 157 0 179
trop 5020 3884 68 179 179
dom 5088 3872 157 0 179
fre 5316 3892 8 179 179
fre 5348 3892 15 179 179
fre 5412 3892 15 179 179
fre 5532 3884 15 179 179
fre 5740 3876 14 179 179
tree 5752 3896 13 0 179
fre 5764 3884 11 179 179
fre 5772 3892 11 179 179
fre 5796 3876 14 179 179
fre 5804 3876 11 179 179
fre 5876 3884 11 179 179
dom 5984 3872 161 0 179
trop 6028 3876 65 179 179
dom 6176 3872 159 0 179
tree 6808 3880 21 0 179
tree 6856 3880 35 0 179
tree 7192 3880 50 0 179
tree 7272 3896 2 0 179
tree 7960 3880 51 0 179
tree 8024 3880 50 0 179
tree 8040 3896 21 0 179
tree 8056 3896 43 0 179
zabor 624 3920 30 0 8
trop 668 3924 123 179 179
zabor 720 3920 24 0 8
tree 1016 3928 11 0 179
trop 1988 3908 75 179 179
trop 2020 3916 75 179 179
trop 2100 3924 48 179 179
fre 2196 3916 11 179 179
fre 2196 3908 11 179 179
fre 2204 3924 11 179 179
fre 2212 3932 11 179 179
tree 2264 3928 9 0 179
lay 2280 3912 34 0 179
tree 2296 3912 5 0 179
lay 2312 3928 42 0 179
fre 2716 3908 11 179 179
fre 2748 3908 11 179 179
fre 2748 3924 11 179 179
fre 2796 3908 11 179 179
fre 2876 3908 11 179 179
fre 2860 3932 11 179 179
fre 2892 3916 11 179 179
fre 2940 3924 27 179 179
fre 2932 3932 26 179 179
stand 3000 3928 210 0 179
trop 3076 3916 48 179 179
fre 3452 3916 12 179 179
fre 3452 3932 12 179 179
fre 3484 3908 11 179 179
fre 3460 3916 11 179 179
fre 3460 3924 12 179 179
fre 3476 3932 12 179 179
fre 3532 3916 11 179 179
vor 3604 3916 20 179 179
trop 3716 3924 113 179 179
trop 3804 3932 114 179 179
trop 3844 3932 114 179 179
stand 3896 3912 61 0 179
fre 4132 3908 11 179 179
fre 4156 3908 12 179 179
fre 4188 3916 12 179 179
fre 4220 3916 12 179 179
fre 4212 3916 12 179 179
fre 4196 3908 12 179 179
fre 4236 3908 12 179 179
fre 4236 3916 12 179 179
fre 4276 3916 11 179 179
fre 4260 3916 12 179 179
fre 4316 3908 12 179 179
fre 4308 3908 12 179 179
fre 4348 3908 11 179 179
fre 4324 3908 11 179 179
fre 4380 3908 11 179 179
fre 4412 3916 12 179 179
fre 4428 3916 12 179 179
fre 4452 3908 11 179 179
trop 4500 3916 14 179 179
fre 4484 3908 26 179 179
fre 4540 3908 12 179 179
fre 4748 3908 8 179 179
fre 4820 3908 8 179 179
fre 4892 3908 8 179 179
fre 4916 3916 6 179 179
fre 4948 3908 8 179 179
dom 6304 3904 160 0 179
tree 7240 3912 35 0 179
tree 7272 3912 43 0 179
tree 8056 3912 43 0 179
tree 152 3960 27 0 179
tree 152 3944 4 0 179
dom 512 3936 82 0 179
fre 964 3948 11 179 179
fre 964 3956 11 179 179
fre 980 3940 11 179 179
tree 1016 3944 2 0 179
tree 1096 3944 2 0 179
fre 1132 3964 11 179 179
fre 1284 3948 11 179 179
fre 1284 3956 11 179 179
fre 1300 3940 11 179 179
fre 1452 3964 11 179 179
tree 1832 3944 50 0 179
tree 1880 3960 43 0 179
tree 1896 3960 59 0 179
trop 2036 3940 75 179 179
trop 2028 3940 75 179 179
tree 2200 3944 11 0 179
fre 2220 3940 11 179 179
fre 2220 3964 11 179 179
fre 2236 3964 11 179 179
tree 2216 3960 4 0 179
tree 2216 3944 59 0 179
lay 2280 3944 32 0 179
fre 2324 3956 11 179 179
dom 2464 3936 194 1 179
fre 2620 3964 11 179 179
fre 2612 3956 11 179 179
fre 2828 3940 11 179 179
lay 2872 3960 63 0 179
fre 3028 3948 26 179 179
stand 3096 3960 63 0 179
trop 3156 3956 56 179 179
fre 3260 3964 11 179 179
fre 3252 3964 11 179 179
fre 3276 3964 11 179 179
fre 3308 3948 11 179 179
fre 3404 3948 11 179 179
fre 3412 3940 11 179 179
fre 3404 3964 11 179 179
fre 3412 3964 11 179 179
fre 3436 3948 11 179 179
fre 3428 3948 11 179 179
fre 3428 3956 11 179 179
fre 3460 3964 11 179 179
fre 3468 3940 11 179 179
fre 3476 3956 12 179 179
fre 3516 3956 12 179 179
fre 3492 3964 12 179 179
fre 3532 3956 11 179 179
fre 3548 3940 12 179 179
fre 3556 3964 12 179 179
trop 3620 3964 77 179 179
stand 3672 3960 195 0 179
tree 152 3976 58 0 179
dom 256 3968 81 0 179
zabor 624 3984 24 0 8
zabor 720 3984 25 0 8
dom 832 3968 79 0 179
fre 908 3972 11 179 179
fre 948 3988 11 179 179
fre 956 3988 11 179 179
fre 980 3972 11 179 179
tree 1000 3992 35 0 179
fre 1116 3988 11 179 179
fre 1116 3972 11 179 179
tree 1112 3992 21 0 179
fre 1124 3996 11 179 179
fre 1140 3996 11 179 179
fre 1132 3988 11 179 179
fre 1228 3972 11 179 179
fre 1268 3988 11 179 179
fre 1276 3988 11 179 179
fre 1300 3972 11 179 179
fre 1436 3988 11 179 179
fre 1436 3972 11 179 179
fre 1444 3996 11 179 179
fre 1460 3996 11 179 179
fre 1452 3988 11 179 179
tree 1656 3976 58 0 179
tree 1640 3976 59 0 179
tree 1720 3976 2 0 179
tree 1928 3992 21 0 179
fre 2236 3996 11 179 179
fre 2252 3980 11 179 179
fre 2268 3988 11 179 179
lay 2248 3992 46 0 179
tree 2280 3992 37 0 179
fre 2316 3996 11 179 179
fre 2340 3972 11 179 179
dom 2592 3968 227 1 179
fre 2636 3996 11 179 179
fre 2628 3980 11 179 179
fre 2636 3988 11 179 179
fre 2644 3980 11 179 179
fre 2740 3996 11 179 179
fre 2732 3988 11 179 179
fre 2828 3988 26 179 179
fre 2820 3996 11 179 179
fre 2828 3980 11 179 179
fre 2892 3972 23 179 179
fre 2892 3980 22 179 179
fre 2908 3980 26 179 179
fre 2972 3996 22 179 179
fre 2956 3996 26 179 179
fre 3020 3972 27 179 179
trop 3076 3996 48 179 179
fre 3260 3980 11 179 179
tree 3272 3992 21 0 179
fre 3348 3988 11 179 179
fre 3356 3980 12 179 179
fre 3388 3980 11 179 179
fre 3372 3988 12 179 179
fre 3396 3972 11 179 179
fre 3420 3988 12 179 179
fre 3404 3988 12 179 179
fre 3428 3972 11 179 179
fre 3444 3988 11 179 179
fre 3452 3980 12 179 179
fre 3484 3988 11 179 179
fre 3476 3980 12 179 179
fre 3460 3996 12 179 179
fre 3468 3972 12 179 179
fre 3492 3988 11 179 179
fre 3500 3972 12 179 179
fre 3492 3972 12 179 179
fre 3508 3996 12 179 179
fre 3524 3972 11 179 179
fre 3524 3988 11 179 179
fre 3548 3972 12 179 179
fre 3556 3996 11 179 179
trop 3700 3980 100 179 179
trop 3748 3988 100 179 179
stand 3752 3976 210 0 179
fre 3788 3972 33 179 179
fre 3788 3980 12 179 179
tree 3784 3976 13 0 179
trop 3900 3972 93 179 179
trop 3980 3972 79 179 179
trop 4052 3972 78 179 179
trop 4132 3972 79 179 179
trop 4212 3972 78 179 179
trop 4292 3972 79 179 179
trop 4372 3972 78 179 179
trop 4452 3972 79 179 179
trop 4532 3972 78 179 179
trop 4612 3972 79 179 179
trop 4692 3972 78 179 179
trop 4772 3972 79 179 179
trop 4844 3972 78 179 179
trop 4924 3972 79 179 179
trop 5004 3972 78 179 179
trop 5084 3972 79 179 179
trop 5164 3972 78 179 179
trop 5244 3972 79 179 179
trop 5324 3972 78 179 179
trop 5404 3972 79 179 179
trop 5484 3972 78 179 179
trop 5564 3972 79 179 179
trop 5644 3972 78 179 179
trop 5724 3972 79 179 179
trop 5804 3972 78 179 179
trop 5884 3972 79 179 179
trop 5964 3972 78 179 179
trop 6044 3972 79 179 179
trop 6124 3972 78 179 179
trop 6204 3972 79 179 179
trop 6284 3972 78 179 179
trop 6364 3972 79 179 179
trop 6444 3972 78 179 179
trop 6524 3972 79 179 179
trop 6604 3972 78 179 179
trop 6684 3972 79 179 179
trop 6764 3972 78 179 179
trop 6844 3972 79 179 179
trop 6924 3972 78 179 179
trop 7004 3972 79 179 179
trop 7084 3972 78 179 179
trop 7164 3972 79 179 179
trop 7244 3972 78 179 179
trop 7324 3972 79 179 179
trop 7404 3972 78 179 179
trop 7484 3972 79 179 179
trop 7564 3972 78 179 179
trop 7644 3972 79 179 179
trop 7724 3972 78 179 179
trop 7804 3972 79 179 179
trop 7884 3972 78 179 179
trop 7964 3972 79 179 179
trop 8044 3972 78 179 179
trop 8124 3972 79 179 179
tree 152 4024 58 0 179
trop 668 4020 68 179 179
fre 1004 4020 11 179 179
lay 1032 4008 28 0 179
fre 1036 4004 11 179 179
lay 1048 4008 61 0 179
tree 1048 4008 4 0 179
fre 1124 4004 11 179 179
fre 1132 4012 11 179 179
lay 1128 4008 61 0 179
fre 1132 4028 12 179 179
fre 1164 4012 11 179 179
fre 1324 4020 11 179 179
lay 1352 4008 28 0 179
fre 1356 4004 11 179 179
lay 1368 4008 61 0 179
fre 1444 4004 11 179 179
fre 1452 4012 11 179 179
lay 1448 4008 61 0 179
fre 1484 4012 11 179 179
tree 1656 4024 51 0 179
tree 1656 4008 51 0 179
tree 1928 4008 11 0 179
trop 2036 4004 75 179 179
trop 2068 4012 75 179 179
trop 2100 4004 48 179 179
fre 2236 4012 11 179 179
tree 2232 4024 59 0 179
fre 2260 4004 11 179 179
fre 2260 4028 11 179 179
fre 2276 4012 11 179 179
fre 2340 4004 11 179 179
fre 2380 4020 11 179 179
fre 2420 4020 11 179 179
fre 2476 4020 11 179 179
fre 2500 4020 11 179 179
fre 2644 4012 11 179 179
fre 2668 4012 11 179 179
fre 2684 4012 11 179 179
fre 2660 4004 11 179 179
fre 2660 4020 11 179 179
fre 2692 4012 11 179 179
fre 2716 4020 11 179 179
tree 2712 4008 20 0 179
tree 2712 4024 13 0 179
fre 2724 4012 11 179 179
fre 2740 4020 11 179 179
tree 2744 4024 21 0 179
fre 2780 4028 11 179 179
fre 2772 4012 11 179 179
fre 2764 4020 11 179 179
fre 2780 4020 11 179 179
tree 2776 4008 60 0 179
fre 2812 4028 11 179 179
fre 2804 4012 11 179 179
tree 2808 4024 13 0 179
lay 2824 4024 39 0 179
fre 2876 4020 26 179 179
fre 2892 4028 26 179 179
fre 2980 4012 23 179 179
fre 3012 4004 26 179 179
fre 3252 4028 11 179 179
fre 3268 4004 11 179 179
stand 3304 4024 68 0 179
fre 3324 4028 11 179 179
fre 3324 4004 11 179 179
stand 3352 4024 68 0 179
fre 3468 4012 11 179 179
fre 3484 4012 12 179 179
fre 3492 4028 11 179 179
fre 3508 4020 12 179 179
fre 3516 4028 12 179 179
fre 3508 4012 12 179 179
fre 3508 4004 12 179 179
fre 3524 4020 11 179 179
fre 3548 4012 11 179 179
fre 3524 4012 12 179 179
fre 3532 4004 12 179 179
trop 3700 4020 100 179 179
vor 3724 4012 24 179 179
fre 3772 4012 35 179 179
fre 5740 4028 14 179 179
fre 5748 4028 26 179 179
fre 5796 4020 14 179 179
fre 5804 4020 14 179 179
fre 5812 4028 14 179 179
fre 5868 4020 14 179 179
fre 5892 4028 14 179 179
tree 120 4056 11 0 179
tree 152 4040 4 0 179
tree 424 4040 19 0 179
zabor 624 4048 30 0 8
trop 692 4052 118 179 179
zabor 720 4048 26 0 8
fre 900 4052 11 179 179
fre 924 4044 11 179 179
fre 996 4052 11 179 179
tree 1096 4040 57 0 179
fre 1124 4052 11 179 179
fre 1220 4052 11 179 179
fre 1244 4044 11 179 179
fre 1316 4052 11 179 179
fre 1444 4052 11 179 179
tree 1656 4056 57 0 179
tree 1736 4040 21 0 179
tree 1784 4056 21 0 179
tree 1800 4056 19 0 179
tree 1800 4040 13 0 179
tree 1944 4056 21 0 179
lay 2168 4040 61 0 179
fre 2180 4060 11 179 179
fre 2196 4036 11 179 179
fre 2236 4060 11 179 179
fre 2228 4052 11 179 179
fre 2260 4044 11 179 179
fre 2244 4052 11 179 179
fre 2756 4044 11 179 179
fre 2772 4044 11 179 179
fre 2796 4052 11 179 179
fre 2788 4052 11 179 179
fre 2804 4052 11 179 179
lay 2840 4056 32 0 179
fre 2836 4052 11 179 179
fre 2820 4036 11 179 179
fre 2820 4052 11 179 179
fre 2828 4060 11 179 179
fre 2868 4044 27 179 179
fre 2860 4052 26 179 179
fre 2852 4052 26 179 179
fre 2876 4036 26 179 179
fre 2892 4060 26 179 179
fre 2908 4052 26 179 179
fre 2964 4060 26 179 179
fre 3012 4036 27 179 179
trop 3124 4036 66 179 179
lay 3208 4040 63 0 179
fre 3252 4052 11 179 179
stand 3304 4056 68 0 179
stand 3352 4056 68 0 179
fre 3332 4060 11 179 179
fre 3332 4044 11 179 179
stand 3400 4056 68 0 179
fre 3484 4052 11 179 179
fre 3484 4044 12 179 179
fre 3508 4044 11 179 179
fre 3508 4060 11 179 179
fre 3492 4060 11 179 179
fre 3532 4044 11 179 179
fre 3532 4060 11 179 179
fre 3540 4044 12 179 179
fre 3556 4060 12 179 179
fre 3556 4036 12 179 179
trop 3620 4044 76 179 179
lay 3720 4040 65 0 179
stand 3720 4040 193 0 179
trop 3748 4036 100 179 179
stand 3752 4040 194 0 179
trop 3820 4052 92 179 179
trop 3916 4060 126 179 179
tree 3944 4040 51 0 179
tree 3944 4056 58 0 179
tree 3960 4056 21 0 179
fre 4668 4044 6 179 179
fre 4660 4044 6 179 179
tree 5032 4056 19 0 179
tree 5048 4056 59 0 179
tree 5048 4040 50 0 179
tree 5080 4056 26 0 179
fre 5076 4052 12 179 179
fre 5068 4060 12 179 179
fre 5060 4052 12 179 179
fre 5116 4044 12 179 179
fre 5132 4060 8 179 179
tree 5128 4040 37 0 179
fre 5132 4044 12 179 179
fre 5132 4052 12 179 179
tree 5208 4056 25 0 179
fre 5212 4060 12 179 179
fre 5196 4060 12 179 179
fre 5252 4060 8 179 179
tree 5320 4056 21 0 179
fre 5340 4060 12 179 179
tree 5352 4040 57 0 179
tree 5352 4056 2 0 179
tree 5464 4056 19 0 179
fre 5724 4060 26 179 179
fre 5756 4052 14 179 179
fre 5748 4052 26 179 179
fre 5780 4060 26 179 179
fre 5764 4060 26 179 179
vor 5788 4052 33 179 179
tree 5768 4056 51 0 179
fre 5820 4044 14 179 179
tree 5832 4056 43 0 179
vor 5884 4052 33 179 179
tree 5896 4040 2 0 179
tree 5976 4040 57 0 179
trop 6028 4060 65 179 179
tree 6328 4056 51 0 179
tree 6376 4056 4 0 179
tree 6456 4056 57 0 179
tree 6728 4056 4 0 179
tree 7384 4056 2 0 179
tree 7960 4056 44 0 179
tree 8040 4056 50 0 179
tree 120 4072 43 0 179
tree 136 4072 35 0 179
lay 232 4088 61 0 179
lay 280 4088 61 0 179
lay 328 4088 61 0 179
fre 412 4068 29 179 179
lay 408 4072 61 0 179
tree 440 4088 51 0 179
lay 456 4072 61 0 179
trop 684 4092 70 179 179
trop 764 4068 114 179 179
trop 860 4068 124 179 179
fre 916 4076 11 179 179
fre 908 4084 11 179 179
fre 916 4084 11 179 179
fre 1060 4076 11 179 179
fre 1060 4084 11 179 179
tree 1080 4072 58 0 179
tree 1080 4088 57 0 179
tree 1064 4088 21 0 179
fre 1124 4092 11 179 179
fre 1236 4076 11 179 179
fre 1228 4084 11 179 179
fre 1236 4084 11 179 179
fre 1380 4076 11 179 179
fre 1380 4084 11 179 179
fre 1444 4092 11 179 179
tree 1656 4072 4 0 179
tree 1640 4072 57 0 179
tree 1736 4072 57 0 179
tree 1736 4088 27 0 179
tree 1816 4072 11 0 179
tree 1800 4072 58 0 179
tree 1944 4088 35 0 179
tree 1960 4088 21 0 179
trop 2036 4092 75 179 179
dom 2048 4064 284 1 179
trop 2100 4084 48 179 179
lay 2232 4072 61 0 179
lay 2216 4072 61 0 179
fre 2228 4092 11 179 179
fre 2236 4084 11 179 179
fre 2252 4068 11 179 179
fre 2252 4084 11 179 179
fre 2300 4068 11 179 179
lay 2280 4088 61 0 179
lay 2280 4072 61 0 179
fre 2332 4068 11 179 179
fre 2644 4092 12 179 179
fre 2660 4076 11 179 179
fre 2812 4092 11 179 179
fre 2804 4076 11 179 179
fre 2836 4084 11 179 179
lay 2856 4088 36 0 179
fre 2956 4092 26 179 179
fre 2956 4084 26 179 179
trop 3076 4076 48 179 179
fre 3252 4092 11 179 179
fre 3260 4068 11 179 179
tree 3272 4072 2 0 179
fre 3268 4084 11 179 179
fre 3284 4076 11 179 179
stand 3304 4088 68 0 179
stand 3352 4088 68 0 179
stand 3400 4088 68 0 179
fre 3516 4076 11 179 179
fre 3508 4076 12 179 179
fre 3532 4084 11 179 179
fre 3548 4092 11 179 179
fre 3540 4092 12 179 179
fre 3548 4084 12 179 179
fre 3556 4076 12 179 179
trop 3700 4076 100 179 179
tree 3704 4088 4 0 179
trop 3740 4076 100 179 179
trop 3980 4092 22 179 179
trop 4076 4092 33 179 179
stand 4184 4088 34 0 179
tree 4168 4088 51 0 179
tree 4184 4072 43 0 179
trop 4236 4092 33 179 179
fre 4660 4092 6 179 179
fre 4660 4076 6 179 179
fre 4692 4092 6 179 179
fre 4740 4076 6 179 179
fre 4788 4076 6 179 179
fre 4916 4092 8 179 179
tree 4984 4088 27 0 179
tree 5016 4072 19 0 179
tree 5016 4088 13 0 179
fre 5092 4068 12 179 179
fre 5124 4092 8 179 179
fre 5204 4068 12 179 179
fre 5236 4092 8 179 179
fre 5220 4068 12 179 179
fre 5332 4068 12 179 179
fre 5316 4068 12 179 179
tree 5352 4072 44 0 179
fre 5356 4076 12 179 179
fre 5356 4068 12 179 179
fre 5348 4092 12 179 179
fre 5356 4084 12 179 179
fre 5356 4092 12 179 179
trop 5380 4068 68 179 179
vor 5532 4084 24 179 179
tree 5592 4088 51 0 179
lay 5640 4072 50 0 179
trop 5660 4068 68 179 179
fre 5700 4076 26 179 179
tree 5704 4088 44 0 179
fre 5780 4068 18 179 179
fre 5788 4076 18 179 179
fre 5796 4068 18 179 179
tree 5960 4088 58 0 179
tree 6136 4088 57 0 179
tree 6232 4088 58 0 179
tree 6280 4088 35 0 179
tree 6312 4088 50 0 179
tree 6360 4088 2 0 179
tree 6392 4088 58 0 179
tree 6440 4088 27 0 179
tree 6472 4088 2 0 179
tree 6520 4088 27 0 179
tree 6568 4088 44 0 179
tree 6616 4088 13 0 179
tree 6664 4088 11 0 179
trop 6788 4068 67 179 179
tree 6888 4072 11 0 179
tree 6952 4088 57 0 179
tree 7000 4088 4 0 179
tree 7048 4088 58 0 179
tree 7176 4072 2 0 179
tree 7304 4088 21 0 179
tree 7352 4072 4 0 179
tree 7448 4088 59 0 179
tree 7592 4088 11 0 179
tree 7656 4088 21 0 179
tree 7688 4072 44 0 179
tree 8056 4088 59 0 179
tree 136 4120 2 0 179
tree 136 4104 58 0 179
lay 296 4104 61 0 179
lay 392 4104 61 0 179
lay 520 4104 61 0 179
lay 552 4104 61 0 179
trop 668 4100 68 179 179
zabor 720 4112 24 0 8
fre 908 4100 11 179 179
lay 1096 4104 28 0 179
fre 1228 4100 11 179 179
lay 1416 4104 28 0 179
tree 1736 4104 44 0 179
tree 1736 4120 43 0 179
tree 1848 4120 19 0 179
fre 1892 4124 11 179 179
fre 1900 4108 15 179 179
tree 1960 4104 44 0 179
fre 2164 4108 11 179 179
lay 2264 4120 61 0 179
lay 2296 4120 61 0 179
lay 2280 4120 61 0 179
fre 2332 4108 11 179 179
fre 2308 4124 12 179 179
fre 2436 4116 11 179 179
lay 2456 4120 63 0 179
fre 2492 4124 11 179 179
fre 2580 4100 12 179 179
lay 2712 4120 61 0 179
fre 2812 4116 11 179 179
fre 2812 4108 11 179 179
fre 2836 4124 11 179 179
fre 2844 4108 11 179 179
fre 2852 4116 11 179 179
fre 2900 4100 26 179 179
fre 3012 4116 26 179 179
trop 3124 4124 66 179 179
fre 3268 4108 11 179 179
stand 3304 4120 68 0 179
fre 3324 4124 11 179 179
fre 3324 4116 11 179 179
fre 3324 4100 11 179 179
stand 3352 4120 68 0 179
lay 3336 4120 53 0 179
stand 3400 4120 68 0 179
dom 3488 4096 158 0 179
fre 3524 4100 11 179 179
fre 3532 4108 11 179 179
fre 3548 4108 12 179 179
stand 3672 4104 209 0 179
fre 3692 4116 35 179 179
fre 3700 4108 12 179 179
fre 3732 4116 34 179 179
stand 3720 4104 194 0 179
trop 3820 4124 91 179 179
stand 3896 4104 34 0 179
trop 3916 4116 123 179 179
lay 3960 4120 65 0 179
trop 3972 4108 25 179 179
tree 3992 4120 4 0 179
trop 4028 4108 35 179 179
trop 4132 4108 35 179 179
fre 4220 4124 11 179 179
fre 4212 4124 11 179 179
trop 4196 4108 35 179 179
lay 4248 4104 61 0 179
lay 4280 4104 61 0 179
trop 4316 4116 29 179 179
lay 4344 4104 61 0 179
fre 4348 4124 12 179 179
stand 4488 4104 209 0 179
lay 4536 4104 65 0 179
trop 4548 4108 28 179 179
fre 4676 4108 6 179 179
lay 4728 4120 59 0 179
dom 4704 4096 154 0 179
fre 4892 4116 8 179 179
lay 4936 4120 61 0 179
tree 4984 4104 13 0 179
tree 4968 4104 35 0 179
fre 5020 4116 29 179 179
tree 5016 4104 11 0 179
tree 5016 4120 2 0 179
tree 5048 4104 20 0 179
fre 5052 4108 12 179 179
fre 5044 4116 12 179 179
fre 5036 4100 12 179 179
fre 5076 4124 29 179 179
fre 5116 4124 8 179 179
tree 5144 4104 44 0 179
tree 5192 4104 19 0 179
fre 5276 4100 8 179 179
tree 5288 4104 51 0 179
lay 5384 4120 50 0 179
vor 5460 4100 32 179 179
vor 5516 4100 99 179 179
fre 5740 4100 26 179 179
lay 5784 4120 28 0 179
tree 6120 4120 13 0 179
tree 6200 4120 51 0 179
tree 6664 4120 21 0 179
tree 6712 4120 4 0 179
tree 6728 4104 27 0 179
tree 6888 4104 21 0 179
tree 7096 4104 11 0 179
tree 7160 4120 57 0 179
tree 7240 4104 51 0 179
tree 7496 4104 4 0 179
tree 7544 4120 57 0 179
tree 7928 4104 57 0 179
tree 7992 4120 19 0 179
tree 8056 4120 2 0 179
tree 8056 4104 59 0 179
tree 152 4152 59 0 179
tree 152 4136 51 0 179
tree 136 4136 21 0 179
tree 184 4152 50 0 179
dom 256 4128 81 0 179
dom 544 4128 79 0 179
fre 924 4132 11 179 179
fre 964 4132 11 179 179
fre 996 4140 11 179 179
tree 1032 4136 52 0 179
fre 1060 4148 11 179 179
fre 1068 4140 11 179 179
fre 1068 4132 11 179 179
fre 1060 4140 11 179 179
fre 1076 4132 11 179 179
fre 1132 4156 11 179 179
fre 1244 4132 11 179 179
fre 1284 4132 11 179 179
fre 1316 4140 11 179 179
fre 1380 4148 11 179 179
fre 1388 4140 11 179 179
fre 1388 4132 11 179 179
fre 1452 4156 11 179 179
tree 1544 4152 43 0 179
tree 1688 4136 57 0 179
tree 1720 4136 13 0 179
tree 1752 4152 11 0 179
tree 1880 4152 58 0 179
tree 1864 4152 43 0 179
tree 1864 4136 44 0 179
tree 1896 4152 57 0 179
fre 1908 4148 11 179 179
fre 1948 4148 11 179 179
tree 1944 4136 35 0 179
tree 1960 4152 21 0 179
tree 1960 4136 43 0 179
lay 2296 4136 61 0 179
fre 2404 4156 12 179 179
lay 2488 4152 61 0 179
fre 2580 4148 11 179 179
fre 2764 4132 11 179 179
fre 2844 4148 11 179 179
fre 2860 4140 11 179 179
fre 2948 4132 27 179 179
fre 2948 4140 26 179 179
fre 2988 4156 26 179 179
dom 2976 4128 71 0 179
trop 3076 4156 48 179 179
lay 3208 4152 63 0 179
fre 3276 4140 11 179 179
stand 3304 4152 68 0 179
stand 3352 4152 68 0 179
fre 3340 4148 11 179 179
stand 3400 4152 68 0 179
trop 3532 4132 83 179 179
trop 3652 4156 89 179 179
trop 3916 4156 123 179 179
trop 3980 4148 32 179 179
fre 4108 4156 28 179 179
fre 4116 4132 26 179 179
lay 4152 4152 44 0 179
fre 4172 4156 11 179 179
fre 4180 4156 11 179 179
fre 4252 4132 11 179 179
fre 4236 4132 11 179 179
tree 4248 4136 27 0 179
fre 4268 4132 11 179 179
tree 4280 4152 34 0 179
tree 4296 4136 42 0 179
tree 4312 4152 34 0 179
tree 4344 4152 34 0 179
lay 4376 4152 61 0 179
fre 4380 4140 12 179 179
fre 4372 4132 12 179 179
fre 4388 4156 12 179 179
fre 4396 4156 12 179 179
fre 4412 4156 12 179 179
trop 4388 4140 2 179 179
lay 4504 4136 59 0 179
fre 4692 4132 6 179 179
fre 4716 4140 6 179 179
fre 4796 4132 6 179 179
tree 4952 4152 35 0 179
fre 4972 4132 29 179 179
fre 4972 4148 8 179 179
tree 4984 4136 57 0 179
fre 5084 4132 8 179 179
fre 5076 4132 8 179 179
fre 5148 4156 11 179 179
fre 5180 4148 11 179 179
fre 5164 4156 11 179 179
stand 5160 4136 195 0 179
fre 5196 4140 11 179 179
stand 5208 4136 201 0 179
stand 5192 4136 201 0 179
stand 5272 4152 210 0 179
tree 5320 4136 19 0 179
trop 5380 4156 68 179 179
lay 5640 4136 50 0 179
trop 5652 4148 68 179 179
fre 5708 4132 26 179 179
tree 5736 4152 51 0 179
tree 5960 4152 27 0 179
trop 6028 4156 65 179 179
tree 6168 4136 4 0 179
tree 6856 4136 2 0 179
tree 6888 4152 2 0 179
dom 6944 4128 317 0 179
trop 7060 4156 123 179 179
dom 7296 4128 316 0 179
trop 7420 4148 123 179 179
dom 7488 4128 319 0 179
tree 7640 4152 13 0 179
tree 7688 4152 59 0 179
tree 8056 4152 57 0 179
trop 668 4180 68 179 179
fre 900 4188 11 179 179
fre 908 4172 15 179 179
fre 964 4188 11 179 179
fre 964 4164 11 179 179
fre 1012 4164 11 179 179
fre 1068 4188 11 179 179
fre 1124 4172 11 179 179
fre 1220 4188 11 179 179
fre 1228 4172 15 179 179
fre 1284 4188 11 179 179
fre 1284 4164 11 179 179
fre 1332 4164 11 179 179
fre 1444 4172 11 179 179
tree 1768 4168 50 0 179
tree 1800 4184 2 0 179
tree 1816 4184 13 0 179
tree 1848 4184 2 0 179
tree 1912 4184 35 0 179
tree 1912 4168 44 0 179
fre 1916 4188 15 179 179
tree 1928 4184 59 0 179
fre 1940 4180 11 179 179
fre 1948 4164 11 179 179
trop 2100 4164 48 179 179
fre 2212 4164 11 179 179
lay 2328 4168 28 0 179
lay 2664 4184 28 0 179
lay 2680 4168 63 0 179
fre 2708 4172 11 179 179
fre 2836 4188 11 179 179
fre 2868 4172 11 179 179
fre 2940 4180 23 179 179
fre 2948 4188 26 179 179
fre 2964 4180 26 179 179
tree 3272 4184 11 0 179
fre 3292 4172 11 179 179
fre 3324 4188 11 179 179
fre 3308 4188 11 179 179
fre 3332 4164 11 179 179
fre 3356 4188 11 179 179
fre 3348 4180 11 179 179
tree 3368 4184 13 0 179
tree 3432 4184 27 0 179
dom 3488 4160 157 0 179
trop 3564 4172 83 179 179
trop 3580 4188 83 179 179
trop 3772 4180 90 179 179
fre 4020 4164 11 179 179
fre 4028 4172 11 179 179
fre 4060 4180 11 179 179
fre 4052 4180 11 179 179
fre 4108 4172 26 179 179
fre 4124 4188 26 179 179
fre 4100 4172 26 179 179
fre 4124 4172 26 179 179
fre 4132 4164 19 179 179
fre 4132 4188 26 179 179
fre 4196 4164 11 179 179
fre 4204 4172 11 179 179
fre 4220 4188 11 179 179
lay 4248 4168 61 0 179
tree 4264 4168 34 0 179
tree 4312 4184 42 0 179
tree 4328 4168 42 0 179
tree 4328 4184 42 0 179
trop 4356 4180 2 179 179
tree 4360 4184 34 0 179
fre 4412 4180 12 179 179
fre 4412 4172 12 179 179
fre 4396 4164 12 179 179
dom 4416 4160 66 0 179
fre 4420 4188 12 179 179
fre 4444 4180 12 179 179
tree 4440 4184 21 0 179
trop 4580 4188 36 179 179
lay 4616 4184 65 0 179
fre 4708 4172 6 179 179
fre 4844 4180 12 179 179
fre 4860 4188 12 179 179
fre 4860 4180 12 179 179
fre 4852 4188 12 179 179
tree 4872 4184 58 0 179
tree 4920 4168 35 0 179
fre 4956 4180 8 179 179
lay 4952 4184 61 0 179
fre 4972 4180 6 179 179
fre 5140 4172 8 179 179
vor 5196 4188 20 179 179
vor 5220 4188 32 179 179
lay 6168 4168 27 0 179
tree 6232 4168 4 0 179
tree 6728 4168 2 0 179
trop 6788 4164 67 179 179
dom 7136 4160 318 0 179
trop 7244 4164 123 179 179
tree 7608 4168 51 0 179
tree 136 4200 50 0 179
fre 668 4220 34 179 179
fre 788 4220 12 179 179
fre 780 4212 12 179 179
tree 808 4216 11 0 179
fre 804 4196 12 179 179
fre 812 4196 12 179 179
fre 916 4212 11 179 179
fre 956 4212 11 179 179
lay 1048 4200 28 0 179
fre 1052 4220 11 179 179
tree 1032 4200 9 0 179
fre 1060 4220 11 179 179
tree 1064 4200 43 0 179
fre 1108 4220 11 179 179
fre 1236 4212 11 179 179
fre 1276 4212 11 179 179
lay 1368 4200 28 0 179
fre 1372 4220 11 179 179
fre 1428 4220 11 179 179
tree 1544 4200 2 0 179
tree 1592 4216 21 0 179
tree 1592 4200 21 0 179
tree 1672 4200 11 0 179
tree 1672 4216 58 0 179
fre 1668 4204 11 179 179
fre 1668 4212 11 179 179
fre 1684 4196 11 179 179
tree 1704 4200 58 0 179
tree 1704 4216 35 0 179
tree 1752 4200 18 0 179
tree 1768 4200 40 0 179
tree 1832 4200 50 0 179
fre 1836 4220 11 179 179
fre 1876 4220 11 179 179
tree 1944 4200 50 0 179
fre 1924 4220 11 179 179
tree 1960 4200 2 0 179
trop 2036 4196 75 179 179
fre 2156 4196 11 179 179
fre 2196 4212 11 179 179
lay 2456 4216 28 0 179
fre 2780 4212 12 179 179
fre 2844 4212 11 179 179
fre 2876 4204 11 179 179
fre 2940 4196 22 179 179
fre 2924 4204 26 179 179
fre 2996 4212 11 179 179
fre 3004 4212 11 179 179
trop 3124 4212 66 179 179
trop 3596 4212 83 179 179
dom 3840 4192 301 0 179
lay 3960 4216 62 0 179
fre 4044 4212 11 179 179
fre 4084 4204 11 179 179
lay 4120 4216 59 0 179
fre 4140 4196 26 179 179
fre 4188 4220 20 179 179
fre 4164 4204 26 179 179
fre 4196 4220 26 179 179
fre 4236 4220 26 179 179
fre 4252 4204 8 179 179
fre 4284 4204 8 179 179
fre 4268 4196 11 179 179
fre 4300 4220 8 179 179
lay 4296 4216 10 0 179
tree 4296 4200 34 0 179
tree 4344 4200 34 0 179
tree 4328 4216 42 0 179
tree 4344 4216 34 0 179
tree 4408 4216 50 0 179
fre 4444 4204 12 179 179
fre 4436 4204 12 179 179
fre 4444 4196 12 179 179
fre 4476 4204 12 179 179
fre 4452 4196 12 179 179
fre 4476 4212 12 179 179
tree 4456 4200 4 0 179
tree 4472 4216 21 0 179
fre 4500 4212 12 179 179
fre 4492 4204 12 179 179
fre 4836 4212 6 179 179
fre 4860 4196 12 179 179
fre 4860 4204 12 179 179
fre 4860 4212 12 179 179
fre 4860 4220 12 179 179
tree 4872 4200 28 0 179
fre 4884 4204 32 179 179
fre 4876 4220 12 179 179
fre 4916 4204 29 179 179
tree 4904 4216 27 0 179
fre 5012 4204 8 179 179
fre 5124 4212 8 179 179
fre 5124 4204 11 179 179
stand 5160 4200 209 0 179
fre 5212 4220 27 179 179
lay 5240 4216 59 0 179
lay 5256 4216 28 0 179
lay 5416 4216 50 0 179
fre 5500 4220 12 179 179
fre 5508 4204 12 179 179
dom 5504 4192 195 1 179
lay 5640 4216 50 0 179
fre 5708 4196 26 179 179
tree 5736 4216 2 0 179
lay 5816 4200 28 0 179
tree 5960 4200 51 0 179
tree 6152 4200 50 0 179
tree 6216 4216 2 0 179
fre 6332 4212 12 179 179
fre 6396 4204 12 179 179
tree 6872 4216 57 0 179
tree 6904 4200 27 0 179
tree 7640 4216 57 0 179
tree 7688 4216 19 0 179
tree 7992 4200 59 0 179
tree 8040 4216 58 0 179
tree 8040 4200 19 0 179
trop 172 4236 125 179 179
trop 260 4236 113 179 179
trop 348 4236 113 179 179
trop 444 4236 113 179 179
trop 532 4236 113 179 179
trop 612 4236 113 179 179
dom 768 4224 310 0 179
fre 812 4228 12 179 179
fre 812 4252 12 179 179
fre 812 4244 12 179 179
fre 836 4236 29 179 179
fre 924 4252 15 179 179
fre 948 4244 11 179 179
fre 956 4228 11 179 179
fre 1004 4236 11 179 179
fre 1028 4228 11 179 179
fre 1036 4252 11 179 179
tree 1048 4248 27 0 179
tree 1064 4248 18 0 179
lay 1128 4232 61 0 179
fre 1244 4252 15 179 179
fre 1268 4244 11 179 179
fre 1276 4228 11 179 179
fre 1324 4236 11 179 179
fre 1348 4228 11 179 179
lay 1448 4232 61 0 179
tree 1560 4248 44 0 179
tree 1592 4232 27 0 179
fre 1580 4228 15 179 179
tree 1608 4248 43 0 179
fre 1612 4228 11 179 179
tree 1656 4232 4 0 179
tree 1656 4248 13 0 179
fre 1652 4244 11 179 179
fre 1660 4244 11 179 179
fre 1684 4228 11 179 179
fre 1820 4244 11 179 179
fre 1820 4228 11 179 179
fre 1828 4252 11 179 179
fre 1844 4252 11 179 179
fre 1836 4244 11 179 179
fre 1884 4244 11 179 179
fre 1884 4236 15 179 179
fre 1892 4244 11 179 179
tree 1976 4232 19 0 179
trop 2100 4244 48 179 179
fre 2372 4244 11 179 179
fre 2476 4228 12 179 179
fre 2652 4228 12 179 179
fre 2716 4228 11 179 179
fre 2852 4252 11 179 179
fre 2860 4236 11 179 179
lay 2952 4232 61 0 179
fre 2980 4252 11 179 179
trop 3076 4236 48 179 179
trop 3444 4236 83 179 179
trop 3492 4244 83 179 179
trop 3524 4228 83 179 179
trop 3532 4236 83 179 179
trop 3556 4252 83 179 179
trop 3580 4252 83 179 179
trop 3604 4252 83 179 179
trop 3636 4244 83 179 179
trop 3660 4252 83 179 179
trop 3916 4244 66 179 179
trop 3996 4228 36 179 179
tree 3976 4232 19 0 179
tree 4024 4232 35 0 179
tree 4008 4248 35 0 179
fre 4036 4228 11 179 179
fre 4108 4244 11 179 179
fre 4148 4252 26 179 179
fre 4196 4236 26 179 179
fre 4260 4228 26 179 179
lay 4280 4232 43 0 179
fre 4316 4252 19 179 179
fre 4292 4244 26 179 179
fre 4324 4236 8 179 179
lay 4344 4232 10 0 179
fre 4372 4236 8 179 179
lay 4376 4232 9 0 179
fre 4396 4252 8 179 179
lay 4408 4232 8 0 179
fre 4484 4228 12 179 179
fre 4508 4236 12 179 179
fre 4508 4228 12 179 179
trop 4580 4228 33 179 179
fre 4700 4252 12 179 179
fre 4708 4244 12 179 179
tree 4728 4248 50 0 179
lay 4856 4248 61 0 179
tree 4856 4232 21 0 179
fre 4900 4244 8 179 179
lay 4920 4232 61 0 179
fre 4948 4244 6 179 179
fre 4964 4244 8 179 179
fre 5004 4236 6 179 179
lay 5064 4248 61 0 179
fre 5132 4252 11 179 179
vor 5188 4228 20 179 179
lay 5224 4248 59 0 179
trop 5284 4244 36 179 179
trop 5380 4244 68 179 179
fre 5420 4244 12 179 179
fre 5436 4252 12 179 179
fre 5444 4252 12 179 179
fre 5468 4252 12 179 179
lay 5496 4248 50 0 179
fre 5476 4252 12 179 179
fre 5500 4252 12 179 179
fre 5500 4228 12 179 179
trop 5652 4228 68 179 179
tree 5800 4232 4 0 179
tree 5944 4248 4 0 179
trop 6028 4252 65 179 179
lay 6408 4248 63 0 179
lay 6584 4248 61 0 179
lay 6600 4248 63 0 179
tree 6744 4232 27 0 179
trop 6812 4228 118 179 179
trop 6852 4252 116 179 179
trop 6940 4252 116 179 179
trop 7028 4252 116 179 179
trop 7044 4236 69 179 179
trop 7084 4236 118 179 179
trop 7108 4252 116 179 179
trop 7188 4252 116 179 179
trop 7220 4228 69 179 179
trop 7268 4252 114 179 179
trop 7268 4236 118 179 179
trop 7356 4252 114 179 179
trop 7404 4228 69 179 179
trop 7444 4252 114 179 179
trop 7444 4228 118 179 179
trop 7532 4244 114 179 179
trop 7628 4244 124 179 179
tree 8040 4248 51 0 179
tree 152 4264 59 0 179
tree 168 4264 2 0 179
fre 308 4284 11 179 179
fre 604 4284 11 179 179
fre 588 4276 11 179 179
dom 576 4256 299 0 179
trop 668 4260 68 179 179
fre 756 4284 12 179 179
fre 796 4284 12 179 179
fre 812 4268 12 179 179
fre 844 4268 12 179 179
fre 884 4284 11 179 179
fre 932 4284 11 179 179
fre 1012 4268 11 179 179
fre 1028 4268 11 179 179
fre 1028 4284 11 179 179
lay 1048 4264 61 0 179
tree 1048 4264 57 0 179
fre 1140 4284 11 179 179
fre 1204 4284 11 179 179
fre 1252 4284 11 179 179
fre 1332 4268 11 179 179
fre 1348 4268 11 179 179
fre 1348 4284 11 179 179
lay 1368 4264 61 0 179
fre 1460 4284 11 179 179
tree 1656 4264 59 0 179
tree 1656 4280 50 0 179
fre 1708 4276 11 179 179
tree 1736 4280 36 0 179
lay 1736 4264 28 0 179
fre 1740 4260 11 179 179
lay 1752 4264 61 0 179
tree 1816 4280 51 0 179
fre 1828 4260 11 179 179
fre 1836 4268 11 179 179
lay 1832 4264 61 0 179
fre 1868 4268 11 179 179
tree 1896 4280 50 0 179
tree 1928 4280 25 0 179
tree 1944 4280 29 0 179
fre 2164 4276 11 179 179
fre 2196 4284 11 179 179
fre 2196 4260 11 179 179
lay 2232 4280 61 0 179
fre 2332 4260 11 179 179
fre 2340 4260 11 179 179
fre 2364 4260 11 179 179
lay 2584 4264 28 0 179
fre 2572 4260 11 179 179
lay 2600 4280 61 0 179
fre 2676 4284 11 179 179
fre 2740 4276 12 179 179
fre 2796 4260 11 179 179
fre 2860 4268 11 179 179
fre 2852 4260 11 179 179
fre 2972 4276 11 179 179
trop 3436 4276 83 179 179
trop 3460 4276 83 179 179
trop 3692 4268 83 179 179
trop 3708 4276 83 179 179
trop 3748 4284 83 179 179
trop 3804 4260 83 179 179
trop 3964 4276 30 179 179
fre 4140 4276 26 179 179
fre 4188 4284 26 179 179
fre 4188 4268 20 179 179
fre 4164 4284 27 179 179
fre 4180 4268 26 179 179
fre 4220 4268 26 179 179
fre 4196 4276 19 179 179
fre 4228 4284 26 179 179
fre 4316 4260 26 179 179
fre 4348 4268 19 179 179
fre 4340 4268 26 179 179
fre 4388 4268 26 179 179
fre 4428 4268 8 179 179
fre 4436 4260 8 179 179
tree 4472 4280 57 0 179
lay 4504 4280 61 0 179
fre 4508 4268 12 179 179
fre 4500 4276 12 179 179
fre 4484 4276 12 179 179
fre 4508 4284 12 179 179
fre 4540 4284 12 179 179
fre 4572 4284 12 179 179
fre 4572 4276 12 179 179
trop 4644 4276 28 179 179
fre 4692 4260 12 179 179
tree 4712 4264 29 0 179
fre 4740 4276 29 179 179
tree 4744 4280 51 0 179
tree 4808 4280 25 0 179
fre 4828 4284 31 179 179
fre 4820 4268 12 179 179
fre 4812 4276 12 179 179
tree 4824 4280 58 0 179
fre 4844 4284 8 179 179
lay 4888 4264 61 0 179
fre 4900 4284 6 179 179
fre 4956 4268 8 179 179
lay 5000 4280 59 0 179
fre 5188 4268 28 179 179
vor 5212 4284 20 179 179
trop 5252 4268 27 179 179
trop 5436 4284 113 179 179
fre 5492 4260 12 179 179
trop 5516 4284 113 179 179
dom 5664 4256 238 0 179
fre 5700 4284 12 179 179
fre 5708 4276 12 179 179
fre 5700 4268 12 179 179
tree 5912 4280 11 0 179
tree 6152 4264 58 0 179
lay 6152 4280 64 0 179
tree 6216 4280 27 0 179
fre 6380 4268 12 179 179
lay 6392 4264 61 0 179
fre 6444 4276 12 179 179
lay 6584 4264 28 0 179
tree 6744 4280 35 0 179
trop 6788 4260 67 179 179
trop 6812 4276 70 179 179
trop 7244 4260 117 179 179
tree 7992 4280 43 0 179
tree 184 4312 50 0 179
tree 168 4312 4 0 179
dom 256 4288 82 0 179
fre 324 4292 11 179 179
fre 348 4292 11 179 179
fre 460 4316 11 179 179
fre 620 4308 11 179 179
fre 620 4316 11 179 179
fre 612 4292 11 179 179
fre 780 4300 12 179 179
fre 796 4300 12 179 179
fre 812 4300 12 179 179
fre 820 4292 12 179 179
lay 824 4312 60 0 179
fre 892 4308 11 179 179
fre 892 4300 15 179 179
fre 900 4308 11 179 179
fre 1012 4300 11 179 179
fre 1036 4292 11 179 179
fre 1212 4308 11 179 179
fre 1212 4300 15 179 179
fre 1220 4308 11 179 179
fre 1332 4300 11 179 179
tree 1560 4296 57 0 179
fre 1604 4308 11 179 179
fre 1628 4300 11 179 179
tree 1640 4296 57 0 179
tree 1640 4312 2 0 179
fre 1700 4308 11 179 179
tree 1752 4312 52 0 179
tree 1752 4296 29 0 179
fre 1828 4308 11 179 179
fre 1884 4292 11 179 179
fre 1924 4316 11 179 179
fre 1924 4292 11 179 179
fre 1940 4316 11 179 179
tree 1976 4296 4 0 179
fre 2156 4308 11 179 179
fre 2292 4300 12 179 179
lay 2312 4312 61 0 179
lay 2408 4296 28 0 179
lay 2456 4312 61 0 179
fre 2468 4292 12 179 179
lay 2568 4312 63 0 179
fre 2628 4316 12 179 179
fre 2668 4300 11 179 179
fre 2692 4300 11 179 179
fre 2700 4292 11 179 179
fre 2852 4316 11 179 179
fre 2860 4292 11 179 179
fre 2860 4308 11 179 179
fre 2964 4292 11 179 179
fre 2964 4300 11 179 179
fre 2988 4292 11 179 179
fre 2996 4300 11 179 179
fre 2980 4308 11 179 179
fre 2988 4308 11 179 179
fre 3012 4316 11 179 179
trop 3076 4316 48 179 179
trop 3124 4300 66 179 179
trop 3516 4316 83 179 179
trop 3508 4308 83 179 179
trop 3764 4292 83 179 179
trop 3804 4300 83 179 179
fre 3996 4316 12 179 179
tree 4024 4312 27 0 179
lay 4120 4312 8 0 179
fre 4156 4308 17 179 179
fre 4148 4300 26 179 179
fre 4164 4316 26 179 179
fre 4180 4316 26 179 179
fre 4180 4308 26 179 179
lay 4168 4296 40 0 179
fre 4196 4300 26 179 179
fre 4204 4316 26 179 179
fre 4228 4308 26 179 179
fre 4276 4292 26 179 179
fre 4364 4292 26 179 179
fre 4380 4300 8 179 179
fre 4388 4316 26 179 179
fre 4388 4292 8 179 179
fre 4396 4316 8 179 179
fre 4404 4308 8 179 179
lay 4392 4296 36 0 179
fre 4436 4300 20 179 179
fre 4436 4316 8 179 179
lay 4472 4296 8 0 179
lay 4488 4312 7 0 179
lay 4520 4312 43 0 179
fre 4532 4292 12 179 179
fre 4516 4292 12 179 179
fre 4564 4292 12 179 179
fre 4556 4308 12 179 179
fre 4564 4308 12 179 179
fre 4580 4300 12 179 179
fre 4588 4308 12 179 179
fre 4588 4292 12 179 179
tree 4696 4312 21 0 179
fre 4716 4300 12 179 179
fre 4724 4300 12 179 179
tree 4776 4312 19 0 179
fre 4812 4292 12 179 179
fre 4820 4308 12 179 179
fre 4852 4316 29 179 179
fre 4892 4300 6 179 179
fre 4900 4300 8 179 179
fre 4932 4292 8 179 179
fre 4988 4300 6 179 179
fre 5100 4300 11 179 179
fre 5108 4300 11 179 179
fre 5124 4300 11 179 179
lay 5256 4296 28 0 179
fre 5260 4308 28 179 179
trop 5596 4292 113 179 179
lay 5768 4296 28 0 179
tree 5848 4296 35 0 179
trop 6028 4316 65 179 179
tree 6136 4312 21 0 179
tree 6184 4312 2 0 179
fre 6316 4316 12 179 179
fre 6348 4316 12 179 179
fre 6476 4316 12 179 179
tree 7640 4296 19 0 179
tree 8040 4312 58 0 179
tree 152 4328 21 0 179
fre 180 4324 30 179 179
fre 332 4324 11 179 179
fre 380 4348 11 179 179
fre 396 4324 11 179 179
stand 392 4344 166 0 179
dom 448 4320 86 0 179
lay 456 4344 61 0 179
fre 484 4348 11 179 179
tree 568 4344 58 0 179
trop 652 4340 69 179 179
fre 1028 4324 11 179 179
tree 1048 4344 5 0 179
tree 1064 4328 35 0 179
fre 1100 4324 15 179 179
lay 1128 4328 28 0 179
fre 1420 4324 15 179 179
lay 1448 4328 28 0 179
tree 1576 4344 43 0 179
fre 1620 4332 11 179 179
fre 1612 4340 11 179 179
fre 1620 4340 11 179 179
tree 1768 4328 5 0 179
fre 1764 4332 11 179 179
fre 1764 4340 11 179 179
tree 1816 4344 21 0 179
tree 1832 4344 57 0 179
fre 1828 4348 11 179 179
tree 1880 4344 29 0 179
fre 1884 4324 11 179 179
fre 1884 4340 15 179 179
tree 1944 4344 19 0 179
fre 1940 4332 11 179 179
trop 2100 4324 48 179 179
fre 2140 4340 11 179 179
fre 2164 4324 11 179 179
fre 2196 4348 11 179 179
fre 2196 4340 11 179 179
lay 2216 4344 61 0 179
fre 2276 4348 12 179 179
fre 2372 4340 11 179 179
fre 2396 4348 11 179 179
fre 2404 4348 11 179 179
fre 2404 4332 11 179 179
fre 2588 4324 11 179 179
lay 2760 4328 63 0 179
fre 2788 4340 11 179 179
fre 2804 4348 11 179 179
fre 2844 4340 11 179 179
fre 2876 4340 11 179 179
fre 2852 4348 11 179 179
fre 2852 4324 11 179 179
fre 2884 4340 11 179 179
fre 2932 4348 11 179 179
tree 2936 4344 59 0 179
fre 2956 4340 11 179 179
fre 2996 4324 11 179 179
dom 3264 4320 287 1 179
lay 3416 4328 54 0 179
trop 3428 4324 83 179 179
dom 3488 4320 71 0 179
trop 3588 4324 65 179 179
trop 3668 4348 72 179 179
dom 3840 4320 305 0 179
trop 3916 4332 66 179 179
trop 3956 4332 36 179 179
fre 4028 4332 12 179 179
fre 4012 4332 12 179 179
fre 4036 4324 12 179 179
fre 4188 4340 26 179 179
fre 4180 4340 26 179 179
fre 4244 4340 28 179 179
fre 4244 4348 19 179 179
fre 4228 4332 26 179 179
fre 4236 4340 26 179 179
lay 4264 4328 59 0 179
fre 4300 4332 26 179 179
fre 4316 4332 26 179 179
fre 4340 4324 26 179 179
fre 4404 4332 19 179 179
fre 4412 4332 26 179 179
fre 4404 4324 26 179 179
fre 4444 4332 17 179 179
fre 4436 4348 26 179 179
fre 4436 4332 8 179 179
lay 4440 4328 44 0 179
fre 4476 4348 27 179 179
fre 4468 4340 26 179 179
fre 4460 4332 8 179 179
fre 4468 4332 8 179 179
fre 4476 4332 8 179 179
lay 4472 4328 39 0 179
fre 4516 4332 26 179 179
fre 4524 4340 26 179 179
fre 4524 4348 26 179 179
fre 4548 4324 26 179 179
fre 4572 4340 26 179 179
lay 4568 4344 30 0 179
fre 4588 4348 26 179 179
stand 4648 4344 209 0 179
fre 4836 4324 12 179 179
fre 4996 4324 8 179 179
fre 5084 4348 11 179 179
fre 5076 4332 12 179 179
fre 5076 4348 12 179 179
fre 5092 4348 12 179 179
fre 5172 4348 28 179 179
vor 5236 4324 20 179 179
trop 5380 4332 68 179 179
trop 5500 4340 68 179 179
tree 5896 4328 4 0 179
trop 6028 4340 65 179 179
fre 6436 4332 12 179 179
fre 6460 4340 12 179 179
lay 6456 4328 61 0 179
fre 6540 4348 12 179 179
zabor 6896 4336 26 0 8
zabor 6928 4336 28 0 8
zabor 6960 4336 24 0 8
zabor 6992 4336 29 0 8
zabor 7024 4336 24 0 8
zabor 7056 4336 25 0 8
tree 7064 4328 43 0 179
zabor 7088 4336 31 0 8
zabor 7120 4336 27 0 8
tree 7144 4344 50 0 179
dom 7200 4320 315 0 179
trop 7260 4340 122 179 179
tree 7336 4344 13 0 179
dom 7392 4320 314 0 179
tree 7480 4328 50 0 179
tree 7528 4328 59 0 179
dom 7584 4320 314 0 179
tree 7656 4344 57 0 179
tree 8040 4344 58 0 179
tree 8040 4328 13 0 179
tree 120 4376 13 0 179
fre 228 4364 11 179 179
fre 244 4364 11 179 179
fre 236 4380 11 179 179
fre 268 4364 11 179 179
fre 276 4372 11 179 179
fre 292 4364 11 179 179
lay 312 4376 61 0 179
fre 324 4364 11 179 179
fre 332 4372 11 179 179
fre 324 4372 11 179 179
fre 340 4372 11 179 179
fre 332 4364 11 179 179
tree 376 4376 44 0 179
fre 380 4372 11 179 179
fre 380 4364 11 179 179
fre 364 4364 11 179 179
fre 356 4372 11 179 179
fre 372 4372 11 179 179
lay 376 4376 61 0 179
tree 408 4376 35 0 179
fre 412 4356 11 179 179
fre 396 4380 11 179 179
fre 428 4364 11 179 179
fre 436 4380 11 179 179
fre 420 4372 11 179 179
fre 428 4380 11 179 179
lay 440 4360 61 0 179
fre 460 4364 11 179 179
fre 476 4372 11 179 179
trop 580 4380 70 179 179
fre 892 4356 11 179 179
fre 932 4380 11 179 179
fre 932 4356 11 179 179
fre 948 4380 11 179 179
fre 1044 4372 11 179 179
fre 1036 4380 11 179 179
fre 1068 4372 11 179 179
fre 1084 4380 11 179 179
fre 1068 4380 15 179 179
fre 1100 4372 15 179 179
fre 1148 4372 11 179 179
fre 1164 4380 11 179 179
fre 1172 4380 11 179 179
fre 1156 4372 15 179 179
fre 1212 4356 11 179 179
fre 1252 4380 11 179 179
fre 1252 4356 11 179 179
fre 1268 4380 11 179 179
fre 1364 4372 11 179 179
fre 1388 4372 11 179 179
fre 1404 4380 11 179 179
fre 1388 4380 15 179 179
fre 1420 4372 15 179 179
fre 1468 4372 11 179 179
fre 1484 4380 11 179 179
fre 1492 4380 11 179 179
fre 1476 4372 15 179 179
tree 1512 4376 19 0 179
fre 1612 4356 11 179 179
tree 1752 4376 26 0 179
tree 1816 4360 35 0 179
tree 1800 4376 2 0 179
lay 1800 4360 28 0 179
tree 1848 4360 2 0 179
tree 1864 4360 35 0 179
fre 1876 4372 11 179 179
tree 1944 4360 37 0 179
fre 1948 4356 11 179 179
fre 2164 4372 11 179 179
fre 2188 4372 11 179 179
fre 2196 4356 11 179 179
tree 2200 4376 28 0 179
lay 2232 4360 61 0 179
fre 2772 4372 11 179 179
fre 2780 4364 11 179 179
fre 2796 4356 11 179 179
fre 2812 4380 11 179 179
fre 2804 4356 11 179 179
fre 2852 4356 11 179 179
tree 2872 4376 57 0 179
fre 2884 4356 11 179 179
fre 2892 4356 11 179 179
fre 2900 4380 11 179 179
fre 2916 4372 11 179 179
fre 2932 4372 11 179 179
fre 2956 4364 11 179 179
fre 2948 4364 11 179 179
fre 2964 4372 11 179 179
fre 2964 4380 11 179 179
fre 2964 4364 11 179 179
tree 2952 4360 24 0 179
tree 2968 4376 44 0 179
tree 2952 4376 21 0 179
fre 2988 4364 11 179 179
fre 2996 4364 11 179 179
fre 2980 4372 11 179 179
tree 3000 4360 20 0 179
tree 2984 4360 58 0 179
fre 3012 4372 11 179 179
fre 3140 4380 11 179 179
trop 3468 4380 83 179 179
trop 3660 4356 72 179 179
dom 3712 4352 198 1 179
trop 3804 4372 72 179 179
dom 3776 4352 264 0 179
lay 4008 4376 60 0 179
tree 4072 4376 27 0 179
tree 4120 4376 2 0 179
fre 4180 4356 26 179 179
fre 4180 4380 26 179 179
fre 4188 4372 26 179 179
fre 4220 4380 26 179 179
fre 4252 4372 26 179 179
fre 4276 4372 26 179 179
fre 4284 4380 26 179 179
fre 4300 4364 26 179 179
fre 4396 4356 26 179 179
fre 4444 4364 26 179 179
fre 4420 4380 26 179 179
fre 4468 4380 26 179 179
fre 4500 4380 26 179 179
fre 4500 4364 26 179 179
fre 4516 4356 28 179 179
fre 4564 4356 17 179 179
fre 4564 4364 26 179 179
fre 4580 4356 17 179 179
fre 4620 4380 26 179 179
fre 4612 4380 26 179 179
fre 4988 4364 11 179 179
fre 4980 4372 11 179 179
fre 4980 4380 11 179 179
fre 5052 4380 11 179 179
tree 5048 4376 26 0 179
fre 5052 4372 30 179 179
fre 5068 4356 11 179 179
fre 5084 4356 12 179 179
fre 5060 4372 12 179 179
fre 5268 4372 27 179 179
trop 5316 4372 22 179 179
trop 5500 4356 68 179 179
tree 5832 4376 11 0 179
tree 6136 4376 27 0 179
lay 6152 4360 27 0 179
tree 6200 4360 58 0 179
fre 6516 4372 12 179 179
trop 6788 4356 67 179 179
zabor 6896 4368 25 0 8
tree 6936 4360 50 0 179
tree 6968 4360 27 0 179
tree 7032 4376 51 0 179
lay 7048 4360 45 0 179
zabor 7120 4368 28 0 8
tree 7304 4360 44 0 179
tree 7992 4360 21 0 179
tree 8040 4376 4 0 179
tree 120 4392 50 0 179
tree 104 4392 11 0 179
fre 580 4396 35 179 179
fre 892 4388 11 179 179
fre 892 4404 15 179 179
fre 948 4396 11 179 179
fre 1052 4388 11 179 179
fre 1052 4412 15 179 179
fre 1060 4388 11 179 179
fre 1076 4396 11 179 179
lay 1064 4408 61 0 179
tree 1080 4408 44 0 179
lay 1112 4408 28 0 179
fre 1164 4396 11 179 179
fre 1204 4404 11 179 179
fre 1196 4396 11 179 179
fre 1212 4388 11 179 179
fre 1212 4404 15 179 179
fre 1244 4404 11 179 179
fre 1268 4396 11 179 179
fre 1372 4388 11 179 179
fre 1372 4412 15 179 179
fre 1380 4388 11 179 179
fre 1396 4396 11 179 179
lay 1384 4408 61 0 179
lay 1432 4408 28 0 179
fre 1484 4396 11 179 179
fre 1524 4404 11 179 179
fre 1516 4396 11 179 179
fre 1564 4404 11 179 179
tree 1544 4392 43 0 179
fre 1628 4388 11 179 179
fre 1668 4388 11 179 179
fre 1700 4396 11 179 179
tree 1752 4408 17 0 179
tree 1752 4392 5 0 179
fre 1764 4404 11 179 179
fre 1772 4396 11 179 179
fre 1772 4388 11 179 179
fre 1836 4412 11 179 179
tree 1864 4392 12 0 179
fre 1908 4404 11 179 179
fre 1892 4396 11 179 179
tree 1944 4408 51 0 179
tree 1944 4392 57 0 179
trop 2100 4404 48 179 179
fre 2156 4412 11 179 179
fre 2164 4388 11 179 179
fre 2204 4412 11 179 179
fre 2196 4396 11 179 179
fre 2180 4404 11 179 179
fre 2180 4388 11 179 179
tree 2200 4408 25 0 179
tree 2216 4392 17 0 179
tree 2232 4408 60 0 179
lay 2264 4392 61 0 179
lay 2296 4408 61 0 179
fre 2340 4412 11 179 179
fre 2356 4404 11 179 179
tree 2344 4408 44 0 179
fre 2396 4396 11 179 179
fre 2372 4396 11 179 179
tree 2392 4392 4 0 179
fre 2444 4412 11 179 179
tree 2456 4408 57 0 179
fre 2780 4388 11 179 179
tree 2760 4408 26 0 179
tree 2776 4408 57 0 179
fre 2796 4388 11 179 179
fre 2820 4388 11 179 179
trop 2940 4412 114 179 179
fre 2996 4388 11 179 179
trop 3012 4412 114 179 179
trop 3076 4396 48 179 179
trop 3124 4388 66 179 179
fre 3164 4412 11 179 179
fre 3140 4412 11 179 179
fre 3172 4412 11 179 179
trop 3588 4404 65 179 179
trop 3692 4396 72 179 179
trop 3700 4388 72 179 179
trop 3764 4388 72 179 179
trop 3804 4388 72 179 179
fre 4172 4388 26 179 179
fre 4252 4412 26 179 179
fre 4268 4412 26 179 179
fre 4332 4388 26 179 179
fre 4356 4412 26 179 179
lay 4408 4408 59 0 179
fre 4468 4388 26 179 179
fre 4532 4396 26 179 179
fre 4564 4404 26 179 179
fre 4556 4388 26 179 179
fre 4580 4412 26 179 179
fre 4660 4412 26 179 179
fre 4708 4396 26 179 179
lay 4808 4408 59 0 179
lay 4856 4408 61 0 179
fre 5020 4404 12 179 179
fre 5044 4388 11 179 179
tree 5048 4392 20 0 179
fre 5052 4388 12 179 179
fre 5044 4404 12 179 179
fre 5036 4388 12 179 179
fre 5028 4412 12 179 179
fre 5268 4412 29 179 179
vor 5292 4404 20 179 179
trop 5380 4412 68 179 179
dom 5440 4384 227 0 179
lay 5624 4392 28 0 179
lay 5672 4408 28 0 179
tree 5896 4392 19 0 179
trop 6028 4412 65 179 179
tree 6184 4392 2 0 179
fre 6364 4412 12 179 179
lay 6408 4408 63 0 179
fre 6444 4388 12 179 179
lay 6472 4392 61 0 179
zabor 6896 4400 24 0 8
fre 6932 4396 11 179 179
fre 6932 4388 11 179 179
fre 6940 4404 11 179 179
fre 6948 4412 11 179 179
tree 7000 4408 9 0 179
lay 7016 4392 34 0 179
tree 7032 4392 5 0 179
lay 7048 4408 42 0 179
zabor 7120 4400 25 0 8
tree 7160 4392 13 0 179
tree 7208 4408 27 0 179
zabor 7248 4400 26 0 8
zabor 7280 4400 25 0 8
tree 7352 4392 13 0 179
zabor 7376 4400 28 0 8
tree 8056 4392 11 0 179
tree 8040 4392 51 0 179
tree 136 4424 51 0 179
tree 136 4440 50 0 179
fre 884 4436 11 179 179
fre 956 4420 11 179 179
fre 1052 4444 15 179 179
fre 1044 4428 15 179 179
tree 1080 4424 19 0 179
fre 1204 4436 11 179 179
fre 1244 4420 11 179 179
fre 1252 4420 11 179 179
fre 1276 4420 11 179 179
fre 1372 4444 15 179 179
fre 1364 4428 15 179 179
fre 1564 4420 11 179 179
fre 1572 4420 11 179 179
tree 1576 4424 57 0 179
fre 1604 4444 11 179 179
fre 1612 4428 15 179 179
fre 1668 4444 11 179 179
fre 1668 4420 11 179 179
tree 1720 4424 50 0 179
fre 1716 4420 11 179 179
tree 1752 4440 19 0 179
fre 1828 4428 11 179 179
tree 1864 4424 43 0 179
tree 1864 4440 25 0 179
tree 1944 4424 58 0 179
fre 2148 4428 11 179 179
fre 2148 4436 11 179 179
fre 2180 4436 11 179 179
lay 2200 4424 61 0 179
lay 2200 4440 61 0 179
fre 2196 4428 11 179 179
fre 2204 4428 11 179 179
tree 2184 4440 58 0 179
fre 2220 4444 11 179 179
fre 2228 4436 11 179 179
tree 2232 4424 28 0 179
tree 2216 4424 3 0 179
fre 2244 4436 11 179 179
tree 2248 4424 40 0 179
tree 2264 4424 9 0 179
fre 2276 4428 11 179 179
lay 2296 4424 61 0 179
fre 2284 4436 11 179 179
fre 2292 4428 11 179 179
fre 2316 4428 11 179 179
fre 2324 4428 11 179 179
tree 2312 4424 44 0 179
fre 2340 4436 11 179 179
fre 2348 4428 11 179 179
fre 2356 4444 11 179 179
fre 2380 4444 29 179 179
fre 2524 4420 11 179 179
fre 2508 4420 11 179 179
tree 2520 4440 5 0 179
fre 2556 4420 11 179 179
fre 2556 4444 11 179 179
fre 2532 4444 11 179 179
fre 2540 4428 11 179 179
fre 2580 4436 11 179 179
fre 2572 4444 11 179 179
tree 2648 4440 2 0 179
tree 2712 4440 59 0 179
tree 2776 4424 36 0 179
tree 2776 4440 28 0 179
tree 2760 4440 60 0 179
tree 2808 4424 26 0 179
trop 2860 4436 70 179 179
stand 3064 4424 246 0 179
trop 3148 4444 113 179 179
trop 3412 4420 35 179 179
trop 3508 4420 35 179 179
trop 3540 4420 31 179 179
trop 3916 4428 122 179 179
trop 3956 4428 36 179 179
tree 4040 4440 60 0 179
fre 4060 4436 12 179 179
fre 4044 4436 12 179 179
fre 4036 4444 12 179 179
tree 4072 4424 27 0 179
fre 4140 4428 12 179 179
fre 4140 4436 12 179 179
fre 4148 4444 12 179 179
lay 4168 4440 8 0 179
fre 4260 4428 26 179 179
fre 4276 4420 26 179 179
fre 4260 4444 26 179 179
fre 4292 4444 26 179 179
fre 4332 4420 20 179 179
fre 4324 4420 26 179 179
fre 4364 4420 22 179 179
fre 4412 4428 26 179 179
fre 4444 4428 19 179 179
fre 4468 4436 22 179 179
fre 4468 4444 27 179 179
lay 4456 4440 38 0 179
lay 4632 4440 59 0 179
fre 4852 4436 28 179 179
fre 4868 4428 27 179 179
fre 4892 4428 26 179 179
fre 4940 4436 28 179 179
fre 4988 4420 11 179 179
fre 4996 4436 11 179 179
tree 5000 4440 35 0 179
fre 5052 4436 11 179 179
tree 5032 4424 29 0 179
fre 5036 4428 12 179 179
dom 5088 4416 236 0 179
lay 5096 4440 60 0 179
lay 5112 4440 60 0 179
lay 5160 4440 60 0 179
lay 5160 4424 67 0 179
lay 5240 4440 49 0 179
fre 5356 4420 27 179 179
fre 5468 4444 12 179 179
trop 5500 4428 68 179 179
fre 5476 4444 12 179 179
dom 5568 4416 248 0 179
fre 5596 4420 12 179 179
fre 5612 4444 12 179 179
fre 5604 4436 12 179 179
lay 5848 4424 28 0 179
trop 6028 4420 65 179 179
tree 6136 4424 2 0 179
lay 6376 4440 61 0 179
fre 6460 4436 12 179 179
lay 6456 4424 61 0 179
fre 6468 4436 12 179 179
lay 6536 4424 63 0 179
fre 6580 4428 12 179 179
lay 6568 4440 61 0 179
zabor 6896 4432 27 0 8
tree 6936 4424 11 0 179
fre 6956 4420 11 179 179
fre 6956 4444 11 179 179
fre 6972 4444 11 179 179
tree 6952 4440 4 0 179
tree 6952 4424 59 0 179
lay 7016 4424 32 0 179
fre 7060 4436 11 179 179
zabor 7120 4432 31 0 8
zabor 7152 4432 24 0 8
zabor 7184 4432 27 0 8
zabor 7216 4432 28 0 8
zabor 7248 4432 31 0 8
zabor 7376 4432 30 0 8
zabor 7408 4432 27 0 8
zabor 7440 4432 24 0 8
zabor 7472 4432 25 0 8
zabor 7504 4432 24 0 8
zabor 7536 4432 31 0 8
zabor 7568 4432 31 0 8
zabor 7600 4432 24 0 8
zabor 7632 4432 25 0 8
zabor 7664 4432 25 0 8
tree 136 4472 11 0 179
trop 556 4468 122 179 179
fre 916 4468 11 179 179
fre 900 4460 11 179 179
fre 1044 4476 11 179 179
fre 1044 4460 11 179 179
fre 1036 4476 11 179 179
fre 1068 4452 15 179 179
tree 1096 4472 21 0 179
tree 1096 4456 44 0 179
fre 1236 4476 11 179 179
fre 1244 4452 11 179 179
fre 1236 4468 11 179 179
fre 1220 4460 11 179 179
fre 1364 4476 11 179 179
fre 1364 4460 11 179 179
fre 1388 4452 15 179 179
tree 1512 4456 2 0 179
fre 1556 4476 11 179 179
fre 1564 4452 11 179 179
fre 1620 4468 11 179 179
tree 1656 4456 57 0 179
fre 1660 4468 11 179 179
tree 1752 4456 44 0 179
tree 1752 4472 57 0 179
tree 1736 4456 11 0 179
lay 1752 4456 28 0 179
fre 1756 4476 11 179 179
tree 1784 4472 21 0 179
tree 1768 4472 35 0 179
fre 1812 4476 11 179 179
tree 1880 4472 21 0 179
tree 1880 4456 27 0 179
tree 1864 4456 12 0 179
tree 1944 4472 4 0 179
tree 1944 4456 58 0 179
fre 2172 4468 11 179 179
fre 2196 4460 11 179 179
fre 2220 4452 11 179 179
fre 2220 4476 11 179 179
fre 2212 4476 11 179 179
fre 2212 4452 11 179 179
fre 2244 4468 11 179 179
fre 2260 4476 11 179 179
lay 2312 4472 61 0 179
fre 2340 4452 11 179 179
fre 2340 4460 11 179 179
fre 2364 4468 11 179 179
fre 2356 4452 11 179 179
lay 2360 4472 61 0 179
fre 2372 4476 11 179 179
fre 2396 4476 11 179 179
fre 2388 4468 11 179 179
dom 2432 4448 316 0 179
fre 2524 4468 11 179 179
fre 2516 4468 11 179 179
tree 2520 4472 26 0 179
tree 2520 4456 17 0 179
fre 2548 4468 11 179 179
fre 2540 4452 11 179 179
fre 2540 4468 11 179 179
fre 2532 4476 11 179 179
tree 2536 4456 3 0 179
fre 2580 4460 11 179 179
fre 2564 4452 11 179 179
fre 2580 4476 11 179 179
fre 2572 4468 11 179 179
fre 2564 4468 11 179 179
fre 2604 4468 11 179 179
fre 2596 4476 11 179 179
tree 2600 4456 11 0 179
lay 2776 4456 65 0 179
fre 2908 4468 11 179 179
fre 2924 4452 11 179 179
fre 2948 4476 12 179 179
fre 2948 4468 12 179 179
fre 2972 4452 12 179 179
fre 2988 4460 12 179 179
tree 3000 4472 58 0 179
tree 3000 4456 35 0 179
trop 3076 4476 48 179 179
trop 3204 4452 113 179 179
trop 3292 4452 113 179 179
trop 3380 4452 113 179 179
trop 3468 4452 113 179 179
trop 3556 4452 113 179 179
trop 3644 4452 113 179 179
trop 3732 4452 113 179 179
trop 3796 4452 113 179 179
dom 3840 4448 303 0 179
trop 3908 4476 126 179 179
fre 4028 4476 12 179 179
fre 4020 4468 12 179 179
fre 4044 4452 12 179 179
fre 4044 4460 12 179 179
fre 4148 4460 12 179 179
fre 4156 4468 12 179 179
tree 4136 4472 57 0 179
tree 4136 4456 59 0 179
fre 4220 4452 26 179 179
fre 4228 4476 26 179 179
lay 4248 4472 42 0 179
fre 4276 4468 27 179 179
fre 4268 4460 26 179 179
lay 4264 4472 40 0 179
fre 4380 4460 26 179 179
fre 4388 4452 26 179 179
lay 4472 4456 44 0 179
fre 4924 4468 26 179 179
tree 4952 4456 44 0 179
fre 4932 4460 22 179 179
fre 4932 4468 20 179 179
fre 4948 4476 27 179 179
fre 4964 4468 26 179 179
fre 5004 4468 26 179 179
tree 5000 4472 44 0 179
tree 5048 4472 13 0 179
lay 5096 4456 67 0 179
lay 5144 4472 60 0 179
trop 5140 4476 33 179 179
lay 5160 4472 67 0 179
trop 5324 4452 23 179 179
fre 5428 4452 12 179 179
fre 5420 4452 12 179 179
fre 5460 4452 12 179 179
tree 5880 4472 35 0 179
tree 5912 4456 35 0 179
tree 6184 4456 35 0 179
fre 6388 4476 12 179 179
lay 6456 4472 61 0 179
fre 6484 4468 12 179 179
fre 6556 4460 12 179 179
trop 6788 4452 67 179 179
zabor 6896 4464 27 0 8
tree 6920 4472 11 0 179
fre 6972 4476 11 179 179
fre 6988 4460 11 179 179
fre 7004 4468 11 179 179
lay 6984 4472 46 0 179
tree 7016 4472 37 0 179
fre 7052 4476 11 179 179
fre 7076 4452 11 179 179
fre 7372 4476 11 179 179
fre 7364 4460 11 179 179
fre 7372 4468 11 179 179
fre 7380 4460 11 179 179
tree 7464 4456 43 0 179
fre 7476 4476 11 179 179
fre 7468 4468 11 179 179
fre 7564 4468 26 179 179
fre 7556 4476 11 179 179
fre 7564 4460 11 179 179
zabor 7664 4464 27 0 8
tree 8040 4472 43 0 179
tree 8040 4456 11 0 179
tree 136 4488 50 0 179
fre 996 4492 11 179 179
fre 1012 4508 11 179 179
lay 1048 4488 28 0 179
fre 1028 4500 11 179 179
fre 1044 4492 11 179 179
fre 1028 4508 11 179 179
fre 1044 4508 11 179 179
fre 1036 4500 11 179 179
fre 1060 4508 15 179 179
tree 1096 4488 57 0 179
fre 1132 4492 11 179 179
fre 1172 4508 11 179 179
fre 1164 4508 11 179 179
fre 1244 4508 11 179 179
fre 1220 4484 12 179 179
fre 1316 4492 11 179 179
fre 1332 4508 11 179 179
lay 1368 4488 28 0 179
fre 1348 4500 11 179 179
fre 1364 4492 11 179 179
fre 1364 4508 15 179 179
fre 1380 4508 15 179 179
fre 1436 4484 12 179 179
fre 1452 4492 11 179 179
fre 1492 4508 11 179 179
fre 1484 4508 11 179 179
tree 1512 4504 51 0 179
fre 1564 4508 11 179 179
tree 1608 4504 35 0 179
fre 1628 4508 15 179 179
tree 1656 4504 19 0 179
fre 1652 4500 11 179 179
fre 1660 4484 11 179 179
tree 1672 4504 27 0 179
tree 1704 4504 51 0 179
fre 1708 4492 11 179 179
tree 1752 4488 50 0 179
fre 1732 4484 11 179 179
tree 1784 4488 35 0 179
tree 1768 4488 2 0 179
tree 1816 4504 17 0 179
lay 1832 4488 61 0 179
tree 1864 4488 19 0 179
trop 2100 4484 48 179 179
tree 2168 4488 51 0 179
lay 2200 4488 61 0 179
lay 2248 4504 61 0 179
lay 2264 4488 61 0 179
fre 2244 4492 11 179 179
fre 2268 4500 11 179 179
stand 2248 4504 153 0 179
fre 2284 4500 11 179 179
fre 2292 4492 11 179 179
fre 2276 4508 11 179 179
fre 2324 4508 11 179 179
fre 2308 4492 11 179 179
fre 2348 4500 11 179 179
fre 2364 4484 11 179 179
dom 2368 4480 314 0 179
fre 2380 4508 11 179 179
fre 2396 4484 11 179 179
fre 2516 4492 11 179 179
fre 2556 4484 11 179 179
stand 2536 4504 164 0 179
lay 2552 4488 65 0 179
fre 2588 4500 11 179 179
fre 2564 4500 11 179 179
fre 2572 4492 11 179 179
dom 2720 4480 315 0 179
fre 2764 4500 12 179 179
tree 2904 4488 21 0 179
tree 2888 4504 50 0 179
fre 2924 4500 12 179 179
fre 2932 4492 12 179 179
fre 2996 4484 12 179 179
fre 2996 4492 12 179 179
trop 3172 4500 66 179 179
fre 4036 4484 12 179 179
tree 4104 4504 51 0 179
fre 4156 4492 12 179 179
tree 4152 4504 13 0 179
fre 4164 4492 12 179 179
fre 4236 4492 28 179 179
fre 4284 4492 26 179 179
fre 4276 4492 20 179 179
fre 4284 4484 26 179 179
fre 4268 4492 26 179 179
fre 4316 4492 26 179 179
fre 4436 4484 26 179 179
fre 4468 4492 19 179 179
fre 4452 4492 26 179 179
fre 4468 4500 26 179 179
lay 4728 4504 61 0 179
fre 4844 4484 28 179 179
tree 4888 4504 44 0 179
fre 4900 4508 15 179 179
fre 4940 4500 28 179 179
fre 4932 4508 26 179 179
fre 4964 4492 26 179 179
tree 4984 4504 57 0 179
fre 5020 4492 11 179 179
lay 5112 4488 67 0 179
trop 5180 4492 35 179 179
trop 5268 4484 29 179 179
trop 5380 4500 68 179 179
vor 5436 4500 33 179 179
trop 5500 4500 68 179 179
lay 5816 4504 28 0 179
tree 5864 4504 58 0 179
trop 6028 4508 65 179 179
tree 6136 4488 11 0 179
lay 6152 4504 64 0 179
tree 6200 4504 2 0 179
fre 6340 4484 12 179 179
fre 6460 4508 12 179 179
fre 6524 4492 12 179 179
zabor 6896 4496 31 0 8
fre 6972 4492 11 179 179
tree 6968 4504 59 0 179
fre 6996 4484 11 179 179
fre 6996 4508 11 179 179
fre 7012 4492 11 179 179
fre 7076 4484 11 179 179
fre 7116 4500 11 179 179
fre 7156 4500 11 179 179
fre 7212 4500 11 179 179
fre 7236 4500 11 179 179
fre 7380 4492 11 179 179
fre 7404 4492 11 179 179
fre 7420 4492 11 179 179
fre 7396 4484 11 179 179
fre 7396 4500 11 179 179
fre 7428 4492 11 179 179
fre 7452 4500 11 179 179
tree 7448 4488 20 0 179
tree 7448 4504 13 0 179
fre 7460 4492 11 179 179
fre 7476 4500 11 179 179
tree 7480 4504 21 0 179
fre 7516 4508 11 179 179
fre 7508 4492 11 179 179
fre 7500 4500 11 179 179
fre 7516 4500 11 179 179
tree 7512 4488 60 0 179
fre 7548 4508 11 179 179
fre 7540 4492 11 179 179
tree 7544 4504 13 0 179
lay 7560 4504 39 0 179
fre 7612 4500 26 179 179
zabor 7664 4496 28 0 8
tree 8056 4488 27 0 179
tree 136 4536 50 0 179
fre 1068 4524 11 179 179
fre 1148 4532 11 179 179
lay 1144 4520 61 0 179
tree 1128 4536 11 0 179
fre 1196 4532 11 179 179
fre 1196 4516 11 179 179
fre 1244 4532 11 179 179
fre 1468 4532 11 179 179
lay 1464 4520 61 0 179
fre 1516 4532 11 179 179
fre 1516 4516 11 179 179
tree 1512 4520 58 0 179
fre 1564 4532 11 179 179
fre 1588 4540 11 179 179
tree 1656 4520 19 0 179
tree 1656 4536 11 0 179
fre 1636 4540 11 179 179
tree 1688 4520 35 0 179
tree 1704 4520 11 0 179
tree 1720 4536 3 0 179
fre 1716 4524 11 179 179
fre 1732 4524 11 179 179
fre 1732 4540 11 179 179
lay 1752 4520 61 0 179
tree 1816 4520 17 0 179
fre 1844 4540 11 179 179
tree 1912 4520 50 0 179
tree 2152 4536 11 0 179
lay 2216 4536 61 0 179
fre 2292 4524 11 179 179
fre 2284 4524 11 179 179
fre 2364 4516 11 179 179
fre 2340 4532 11 179 179
fre 2404 4540 11 179 179
fre 2420 4540 11 179 179
fre 2428 4540 11 179 179
fre 2524 4524 11 179 179
fre 2516 4524 11 179 179
fre 2516 4540 11 179 179
fre 2556 4516 11 179 179
fre 2540 4524 11 179 179
fre 2540 4516 11 179 179
fre 2572 4516 11 179 179
fre 2740 4532 12 179 179
fre 2748 4532 12 179 179
fre 2756 4532 12 179 179
fre 2764 4516 12 179 179
trop 2844 4516 66 179 179
tree 2888 4536 59 0 179
tree 2904 4520 2 0 179
fre 2940 4540 12 179 179
fre 2932 4516 12 179 179
fre 2996 4516 12 179 179
fre 3004 4532 12 179 179
fre 3020 4524 11 179 179
fre 3020 4516 11 179 179
dom 3616 4512 80 0 179
dom 3712 4512 80 0 179
dom 3744 4512 88 0 179
trop 3916 4524 127 179 179
lay 4168 4536 43 0 179
fre 4196 4524 26 179 179
fre 4236 4516 19 179 179
fre 4236 4524 26 179 179
fre 4244 4516 26 179 179
fre 4284 4532 26 179 179
fre 4324 4516 26 179 179
fre 4460 4516 20 179 179
fre 4476 4516 26 179 179
fre 4516 4532 26 179 179
fre 4524 4532 20 179 179
fre 4516 4540 26 179 179
fre 4564 4540 28 179 179
fre 4764 4524 28 179 179
fre 4860 4532 12 179 179
fre 4876 4516 15 179 179
fre 4916 4524 11 179 179
tree 4920 4536 12 0 179
tree 4904 4536 60 0 179
fre 4908 4524 12 179 179
fre 4924 4532 12 179 179
fre 4900 4516 15 179 179
fre 4956 4516 27 179 179
fre 4956 4540 26 179 179
fre 4932 4516 15 179 179
tree 4952 4520 27 0 179
fre 4988 4532 26 179 179
vor 5284 4532 32 179 179
lay 5624 4520 28 0 179
tree 5800 4536 50 0 179
tree 5832 4520 44 0 179
fre 6020 4532 36 179 179
lay 6456 4520 61 0 179
lay 6440 4520 61 0 179
fre 6524 4532 12 179 179
fre 6588 4532 12 179 179
fre 6620 4524 12 179 179
zabor 6896 4528 31 0 8
lay 6904 4520 61 0 179
fre 6916 4540 11 179 179
fre 6932 4516 11 179 179
fre 6972 4540 11 179 179
fre 6964 4532 11 179 179
tree 6952 4536 59 0 179
fre 6996 4524 11 179 179
fre 6980 4532 11 179 179
fre 7492 4524 11 179 179
fre 7508 4524 11 179 179
fre 7532 4532 11 179 179
fre 7524 4532 11 179 179
fre 7540 4532 11 179 179
lay 7576 4536 32 0 179
fre 7572 4532 11 179 179
fre 7556 4516 11 179 179
fre 7556 4532 11 179 179
fre 7564 4540 11 179 179
fre 7604 4524 27 179 179
fre 7596 4532 26 179 179
fre 7588 4532 26 179 179
fre 7612 4516 26 179 179
fre 7628 4540 26 179 179
fre 7644 4532 26 179 179
zabor 7664 4528 27 0 8
tree 8056 4520 4 0 179
tree 152 4552 27 0 179
fre 1108 4548 11 179 179
fre 1172 4556 11 179 179
tree 1176 4568 13 0 179
fre 1196 4564 11 179 179
tree 1272 4568 21 0 179
fre 1348 4556 11 179 179
fre 1348 4564 11 179 179
fre 1364 4548 11 179 179
fre 1428 4548 11 179 179
tree 1464 4552 19 0 179
fre 1492 4556 11 179 179
fre 1516 4572 11 179 179
fre 1516 4564 11 179 179
fre 1596 4564 11 179 179
fre 1596 4556 15 179 179
fre 1604 4564 11 179 179
tree 1720 4552 26 0 179
fre 1716 4556 11 179 179
tree 1864 4568 59 0 179
tree 1896 4552 57 0 179
tree 1912 4568 4 0 179
trop 2100 4564 48 179 179
fre 2140 4564 26 179 179
dom 2176 4544 317 0 179
lay 2248 4552 61 0 179
fre 2284 4572 11 179 179
fre 2284 4556 11 179 179
fre 2324 4548 11 179 179
fre 2308 4548 11 179 179
trop 2428 4572 114 179 179
fre 2444 4548 11 179 179
fre 2460 4556 11 179 179
fre 2492 4548 11 179 179
trop 2516 4572 114 179 179
trop 2604 4572 114 179 179
trop 2692 4572 114 179 179
trop 2780 4572 114 179 179
lay 2840 4552 63 0 179
tree 2920 4568 27 0 179
tree 2936 4552 57 0 179
tree 2952 4568 59 0 179
fre 2956 4572 12 179 179
fre 2956 4564 12 179 179
fre 2956 4556 12 179 179
fre 2996 4556 12 179 179
fre 3020 4564 11 179 179
fre 3020 4548 11 179 179
stand 3064 4552 248 0 179
trop 3076 4556 48 179 179
lay 3336 4568 50 0 179
lay 3416 4568 50 0 179
fre 3436 4572 29 179 179
lay 3560 4552 50 0 179
trop 3580 4564 32 179 179
lay 3672 4552 50 0 179
trop 3676 4564 32 179 179
trop 4004 4572 59 179 179
lay 4152 4568 30 0 179
lay 4168 4552 10 0 179
fre 4428 4572 26 179 179
fre 4468 4564 19 179 179
fre 4452 4572 26 179 179
fre 4468 4572 26 179 179
fre 4484 4572 20 179 179
fre 4524 4564 28 179 179
fre 4556 4572 26 179 179
fre 4564 4572 26 179 179
fre 4732 4572 28 179 179
fre 4844 4564 11 179 179
fre 4844 4572 11 179 179
fre 4852 4548 12 179 179
fre 4852 4564 15 179 179
tree 4856 4568 21 0 179
lay 4872 4568 49 0 179
tree 4888 4568 52 0 179
fre 4892 4572 29 179 179
tree 4872 4552 43 0 179
lay 4904 4568 49 0 179
fre 4924 4556 12 179 179
fre 4916 4572 12 179 179
fre 4932 4548 11 179 179
fre 4956 4564 15 179 179
fre 4972 4556 15 179 179
trop 5444 4548 113 179 179
lay 5672 4552 9 0 179
tree 5752 4568 50 0 179
tree 5896 4552 21 0 179
lay 6168 4552 27 0 179
tree 6184 4552 51 0 179
tree 6232 4552 43 0 179
fre 6340 4564 12 179 179
lay 6408 4552 28 0 179
fre 6428 4564 12 179 179
fre 6452 4548 12 179 179
lay 6584 4552 63 0 179
trop 6788 4548 67 179 179
lay 6968 4552 61 0 179
lay 6952 4552 61 0 179
fre 6964 4572 11 179 179
fre 6972 4564 11 179 179
fre 6988 4548 11 179 179
fre 6988 4564 11 179 179
fre 7036 4548 11 179 179
lay 7016 4568 61 0 179
lay 7016 4552 61 0 179
fre 7068 4548 11 179 179
fre 7380 4572 12 179 179
fre 7396 4556 11 179 179
fre 7548 4572 11 179 179
fre 7540 4556 11 179 179
fre 7572 4564 11 179 179
lay 7592 4568 36 0 179
zabor 7664 4560 28 0 8
tree 8056 4568 27 0 179
tree 152 4600 35 0 179
tree 168 4600 35 0 179
fre 420 4588 11 179 179
fre 420 4596 11 179 179
fre 436 4580 11 179 179
fre 588 4604 11 179 179
tree 1224 4584 57 0 179
tree 1256 4600 21 0 179
fre 1292 4580 11 179 179
fre 1332 4596 11 179 179
fre 1340 4596 11 179 179
tree 1336 4600 2 0 179
fre 1364 4580 11 179 179
tree 1432 4584 58 0 179
fre 1500 4596 11 179 179
fre 1500 4580 11 179 179
fre 1508 4604 11 179 179
fre 1524 4604 11 179 179
fre 1516 4596 11 179 179
tree 1736 4600 27 0 179
tree 1816 4584 12 0 179
tree 1816 4600 52 0 179
tree 1800 4600 9 0 179
fre 1804 4580 15 179 179
lay 1832 4584 28 0 179
tree 1864 4600 50 0 179
tree 1864 4584 21 0 179
fre 2156 4596 26 179 179
fre 2164 4588 26 179 179
fre 2164 4604 26 179 179
fre 2188 4604 11 179 179
fre 2220 4596 11 179 179
fre 2236 4604 11 179 179
fre 2292 4580 11 179 179
fre 2276 4596 11 179 179
fre 2284 4588 11 179 179
trop 2348 4596 70 179 179
fre 2444 4604 26 179 179
fre 2492 4604 26 179 179
fre 2476 4596 26 179 179
fre 2532 4596 26 179 179
trop 2844 4604 66 179 179
fre 2996 4580 12 179 179
fre 3012 4580 11 179 179
lay 3384 4584 68 0 179
fre 3436 4604 6 179 179
fre 3452 4604 6 179 179
lay 3480 4600 67 0 179
fre 3836 4604 12 179 179
fre 3908 4604 12 179 179
trop 3908 4580 122 179 179
stand 3992 4584 210 0 179
fre 4180 4604 8 179 179
fre 4172 4580 8 179 179
fre 4212 4604 8 179 179
lay 4200 4600 61 0 179
fre 4244 4580 8 179 179
lay 4376 4600 59 0 179
fre 4476 4596 17 179 179
fre 4460 4604 8 179 179
fre 4452 4604 8 179 179
fre 4468 4604 8 179 179
lay 4472 4600 33 0 179
fre 4492 4588 26 179 179
fre 4500 4596 26 179 179
fre 4524 4604 26 179 179
fre 4604 4596 26 179 179
fre 4636 4588 26 179 179
fre 4700 4604 26 179 179
fre 4676 4588 26 179 179
fre 4740 4596 28 179 179
fre 4764 4596 26 179 179
fre 4748 4604 26 179 179
fre 4820 4604 28 179 179
tree 4856 4600 5 0 179
fre 4852 4596 12 179 179
fre 4876 4580 11 179 179
fre 4892 4604 12 179 179
fre 4876 4604 12 179 179
lay 4904 4584 60 0 179
fre 4908 4580 11 179 179
fre 4932 4588 15 179 179
fre 5172 4588 26 179 179
vor 5292 4604 33 179 179
trop 5492 4588 68 179 179
trop 5500 4588 68 179 179
lay 5832 4584 28 0 179
tree 5944 4600 11 0 179
trop 6028 4596 65 179 179
tree 6184 4600 4 0 179
tree 6232 4600 58 0 179
fre 6428 4604 12 179 179
lay 6472 4584 61 0 179
lay 6488 4584 63 0 179
fre 6900 4588 11 179 179
lay 7000 4600 61 0 179
lay 7032 4600 61 0 179
lay 7016 4600 61 0 179
fre 7068 4588 11 179 179
fre 7044 4604 12 179 179
fre 7172 4596 11 179 179
lay 7192 4600 63 0 179
fre 7228 4604 11 179 179
fre 7316 4580 12 179 179
lay 7448 4600 61 0 179
fre 7548 4596 11 179 179
fre 7548 4588 11 179 179
fre 7572 4604 11 179 179
fre 7580 4588 11 179 179
fre 7588 4596 11 179 179
fre 7636 4580 26 179 179
zabor 7664 4592 26 0 8
tree 152 4616 58 0 179
tree 168 4616 59 0 179
tree 168 4632 19 0 179
fre 364 4612 11 179 179
fre 404 4628 11 179 179
fre 412 4628 11 179 179
fre 436 4612 11 179 179
fre 572 4628 11 179 179
fre 572 4612 11 179 179
fre 580 4636 11 179 179
fre 596 4636 11 179 179
fre 588 4628 11 179 179
tree 1272 4632 50 0 179
fre 1388 4628 11 179 179
tree 1384 4616 27 0 179
lay 1384 4632 61 0 179
lay 1416 4616 28 0 179
fre 1420 4612 11 179 179
lay 1432 4616 61 0 179
fre 1508 4612 11 179 179
fre 1516 4620 11 179 179
lay 1512 4616 61 0 179
fre 1548 4620 11 179 179
fre 1596 4612 11 179 179
fre 1636 4636 11 179 179
fre 1636 4612 11 179 179
fre 1652 4636 11 179 179
tree 1736 4632 11 0 179
tree 1736 4616 35 0 179
tree 1752 4632 4 0 179
fre 1748 4628 11 179 179
fre 1772 4628 11 179 179
fre 1788 4636 11 179 179
fre 1772 4636 15 179 179
tree 1816 4616 50 0 179
fre 1804 4628 15 179 179
fre 1852 4628 11 179 179
fre 1868 4636 11 179 179
fre 1876 4636 11 179 179
fre 1860 4628 15 179 179
fre 2140 4612 26 179 179
fre 2164 4620 26 179 179
fre 2164 4636 26 179 179
fre 2180 4620 26 179 179
fre 2220 4636 26 179 179
fre 2228 4612 11 179 179
fre 2252 4612 11 179 179
fre 2260 4628 11 179 179
fre 2268 4628 11 179 179
fre 2484 4628 11 179 179
fre 2492 4636 11 179 179
fre 2524 4612 26 179 179
fre 2500 4628 11 179 179
fre 2500 4636 11 179 179
fre 2556 4628 26 179 179
fre 2556 4620 26 179 179
fre 2540 4620 26 179 179
fre 2564 4612 26 179 179
dom 2784 4608 314 0 179
fre 2884 4628 11 179 179
fre 2900 4628 11 179 179
fre 2908 4628 12 179 179
fre 2908 4612 12 179 179
fre 2916 4620 12 179 179
fre 3004 4612 12 179 179
fre 3004 4636 12 179 179
fre 2996 4620 12 179 179
trop 3076 4636 48 179 179
trop 3212 4612 37 179 179
fre 3476 4612 6 179 179
fre 3532 4612 6 179 179
fre 3564 4620 6 179 179
stand 3560 4632 18 0 179
trop 3644 4612 35 179 179
lay 3688 4632 61 0 179
fre 3844 4612 12 179 179
fre 3868 4612 12 179 179
fre 3884 4612 12 179 179
fre 3900 4612 12 179 179
fre 3924 4612 12 179 179
fre 3948 4628 12 179 179
stand 3992 4632 18 0 179
fre 4132 4620 8 179 179
fre 4156 4636 8 179 179
lay 4168 4616 18 0 179
fre 4204 4636 8 179 179
fre 4244 4636 26 179 179
fre 4244 4620 8 179 179
fre 4284 4628 8 179 179
fre 4260 4620 8 179 179
fre 4444 4612 26 179 179
fre 4476 4620 26 179 179
fre 4500 4636 26 179 179
fre 4484 4612 8 179 179
fre 4500 4628 8 179 179
lay 4504 4616 32 0 179
fre 4516 4620 8 179 179
lay 4584 4632 59 0 179
fre 4644 4628 26 179 179
fre 4652 4636 20 179 179
fre 4660 4636 26 179 179
fre 4788 4612 28 179 179
fre 4828 4628 26 179 179
fre 4852 4620 15 179 179
fre 4884 4612 15 179 179
fre 4876 4620 15 179 179
fre 4916 4612 15 179 179
fre 4956 4636 26 179 179
fre 4996 4620 26 179 179
fre 5036 4620 26 179 179
lay 5048 4632 59 0 179
fre 5060 4612 28 179 179
fre 5092 4612 26 179 179
tree 5704 4632 19 0 179
tree 5736 4616 17 0 179
lay 5752 4616 16 0 179
tree 6168 4616 13 0 179
lay 6328 4632 61 0 179
fre 6340 4620 12 179 179
fre 6388 4628 12 179 179
lay 6392 4632 61 0 179
fre 6444 4636 12 179 179
fre 6500 4620 12 179 179
fre 6628 4628 12 179 179
trop 6788 4636 67 179 179
lay 7032 4616 61 0 179
fre 7140 4636 12 179 179
lay 7224 4632 61 0 179
fre 7316 4628 11 179 179
fre 7500 4612 11 179 179
fre 7580 4628 11 179 179
fre 7596 4620 11 179 179
zabor 7632 4624 30 0 8
zabor 7664 4624 27 0 8
tree 8056 4616 51 0 179
tree 168 4664 2 0 179
tree 200 4648 17 0 179
fre 460 4660 11 179 179
lay 488 4648 28 0 179
fre 492 4644 11 179 179
lay 504 4648 61 0 179
fre 580 4644 11 179 179
fre 588 4652 11 179 179
lay 584 4648 61 0 179
fre 620 4652 11 179 179
fre 1284 4660 11 179 179
fre 1308 4652 11 179 179
tree 1336 4648 4 0 179
fre 1380 4660 11 179 179
fre 1508 4660 11 179 179
fre 1596 4644 11 179 179
fre 1596 4660 15 179 179
fre 1652 4652 11 179 179
tree 1752 4648 50 0 179
fre 1756 4644 11 179 179
fre 1756 4668 15 179 179
fre 1764 4644 11 179 179
fre 1780 4652 11 179 179
lay 1768 4664 61 0 179
lay 1816 4664 28 0 179
tree 1832 4664 2 0 179
fre 1868 4652 11 179 179
fre 1908 4660 11 179 179
fre 1900 4652 11 179 179
fre 1948 4660 11 179 179
trop 2100 4644 48 179 179
fre 2212 4644 26 179 179
trop 2300 4668 69 179 179
fre 2524 4652 11 179 179
fre 2508 4644 11 179 179
fre 2516 4660 11 179 179
fre 2516 4668 11 179 179
fre 2508 4668 11 179 179
fre 2500 4652 11 179 179
fre 2500 4660 11 179 179
tree 2504 4664 13 0 179
tree 2568 4664 51 0 179
lay 2712 4648 50 0 179
lay 2760 4648 50 0 179
fre 2780 4660 12 179 179
fre 2796 4652 12 179 179
fre 2788 4660 12 179 179
fre 2884 4644 11 179 179
fre 2908 4644 12 179 179
fre 2900 4644 12 179 179
fre 2892 4660 12 179 179
fre 3004 4644 12 179 179
fre 2996 4660 12 179 179
fre 2996 4652 12 179 179
stand 3208 4648 18 0 179
trop 3316 4652 114 179 179
trop 3404 4652 114 179 179
trop 3492 4652 114 179 179
tree 3608 4648 20 0 179
fre 3644 4668 6 179 179
trop 3836 4644 2 179 179
fre 3844 4668 12 179 179
lay 3928 4664 61 0 179
trop 4052 4668 60 179 179
fre 4156 4652 8 179 179
fre 4156 4660 8 179 179
fre 4164 4652 8 179 179
fre 4228 4652 8 179 179
fre 4260 4644 26 179 179
lay 4264 4664 61 0 179
fre 4292 4668 26 179 179
fre 4660 4660 26 179 179
fre 4860 4660 28 179 179
tree 4872 4648 58 0 179
fre 4956 4644 26 179 179
fre 4980 4652 27 179 179
fre 4988 4652 26 179 179
fre 5116 4660 26 179 179
fre 5148 4660 26 179 179
trop 5492 4668 68 179 179
vor 5572 4652 1 179 179
tree 5976 4664 51 0 179
tree 6184 4664 58 0 179
tree 6216 4648 13 0 179
fre 6396 4652 12 179 179
lay 6424 4664 28 0 179
lay 6472 4664 61 0 179
lay 6552 4664 61 0 179
fre 6948 4644 11 179 179
lay 7064 4648 28 0 179
lay 7400 4664 28 0 179
lay 7416 4648 63 0 179
fre 7444 4652 11 179 179
fre 7572 4668 11 179 179
fre 7604 4652 11 179 179
tree 8056 4664 13 0 179
tree 8056 4648 51 0 179
tree 120 4680 58 0 179
tree 104 4680 59 0 179
tree 184 4680 2 0 179
tree 248 4680 20 0 179
tree 232 4680 17 0 179
tree 280 4696 20 0 179
tree 264 4680 36 0 179
fre 356 4692 11 179 179
fre 380 4684 11 179 179
fre 452 4692 11 179 179
fre 580 4692 11 179 179
fre 1300 4684 11 179 179
fre 1292 4692 11 179 179
fre 1300 4692 11 179 179
tree 1400 4696 13 0 179
fre 1444 4684 11 179 179
fre 1444 4692 11 179 179
fre 1508 4700 11 179 179
fre 1588 4692 11 179 179
fre 1660 4676 11 179 179
fre 1756 4700 15 179 179
fre 1748 4684 15 179 179
tree 1800 4680 35 0 179
tree 1832 4680 43 0 179
fre 1948 4676 11 179 179
fre 1956 4676 11 179 179
trop 2156 4684 114 179 179
trop 2220 4684 114 179 179
fre 2284 4700 26 179 179
fre 2428 4676 11 179 179
lay 2424 4696 65 0 179
fre 2460 4684 11 179 179
fre 2444 4676 11 179 179
fre 2436 4692 11 179 179
fre 2492 4692 11 179 179
fre 2476 4684 11 179 179
lay 2632 4680 50 0 179
tree 2632 4680 43 0 179
fre 2684 4676 13 179 179
fre 2676 4692 11 179 179
fre 2676 4684 11 179 179
fre 2668 4700 11 179 179
tree 2696 4696 43 0 179
fre 2772 4676 12 179 179
fre 2764 4684 12 179 179
trop 2844 4692 66 179 179
fre 2884 4676 12 179 179
fre 2884 4684 12 179 179
fre 2964 4700 12 179 179
fre 2996 4676 12 179 179
fre 2996 4692 12 179 179
trop 3596 4700 59 179 179
fre 3644 4684 6 179 179
lay 3752 4680 61 0 179
tree 3992 4696 18 0 179
fre 4164 4676 8 179 179
fre 4180 4700 8 179 179
lay 4184 4680 43 0 179
fre 4276 4692 8 179 179
fre 4284 4692 8 179 179
fre 4268 4676 8 179 179
fre 4308 4684 8 179 179
fre 4300 4692 8 179 179
fre 4292 4684 8 179 179
fre 4500 4684 8 179 179
fre 4612 4692 8 179 179
lay 4808 4680 59 0 179
fre 4900 4676 26 179 179
fre 4964 4676 26 179 179
fre 5068 4700 26 179 179
lay 5064 4680 61 0 179
dom 5408 4672 197 1 179
lay 5608 4696 28 0 179
dom 5728 4672 226 0 179
lay 5816 4696 28 0 179
tree 5800 4680 51 0 179
trop 6028 4676 65 179 179
lay 6152 4680 64 0 179
fre 6580 4692 12 179 179
fre 6892 4676 11 179 179
tree 6936 4680 58 0 179
fre 6932 4692 11 179 179
lay 7192 4696 28 0 179
fre 7516 4692 12 179 179
fre 7580 4692 11 179 179
tree 8056 4696 57 0 179
tree 120 4728 51 0 179
tree 120 4712 51 0 179
tree 312 4728 20 0 179
tree 296 4712 36 0 179
fre 372 4716 11 179 179
fre 364 4724 11 179 179
fre 372 4724 11 179 179
fre 516 4716 11 179 179
fre 516 4724 11 179 179
fre 580 4732 11 179 179
tree 808 4712 19 0 179
tree 872 4728 44 0 179
tree 1272 4712 21 0 179
fre 1292 4708 11 179 179
tree 1336 4712 59 0 179
lay 1480 4712 28 0 179
fre 1620 4724 11 179 179
fre 1604 4716 11 179 179
fre 1748 4732 11 179 179
fre 1748 4716 11 179 179
fre 1772 4708 15 179 179
fre 1940 4732 11 179 179
fre 1948 4708 11 179 179
trop 2100 4724 48 179 179
stand 2120 4712 45 0 179
stand 2152 4712 45 0 179
stand 2184 4712 45 0 179
fre 2228 4724 26 179 179
fre 2244 4732 26 179 179
fre 2300 4724 26 179 179
lay 2376 4728 50 0 179
lay 2488 4728 50 0 179
lay 2664 4728 50 0 179
fre 2668 4708 13 179 179
fre 2660 4708 11 179 179
fre 2676 4724 11 179 179
fre 2668 4716 11 179 179
tree 2680 4712 50 0 179
fre 2692 4732 11 179 179
fre 2700 4716 32 179 179
tree 2712 4728 4 0 179
lay 2744 4728 50 0 179
fre 2892 4708 12 179 179
fre 2900 4716 12 179 179
fre 2916 4724 12 179 179
fre 2940 4724 12 179 179
fre 2932 4732 12 179 179
fre 2956 4724 12 179 179
fre 2948 4724 12 179 179
trop 3076 4716 48 179 179
tree 3656 4728 12 0 179
fre 3692 4716 29 179 179
lay 3816 4728 61 0 179
trop 3852 4716 36 179 179
fre 4172 4732 8 179 179
fre 4172 4716 8 179 179
fre 4252 4716 8 179 179
fre 4284 4732 8 179 179
fre 4284 4724 8 179 179
fre 4260 4716 8 179 179
lay 4280 4728 40 0 179
fre 4300 4716 8 179 179
fre 4308 4708 8 179 179
fre 4340 4716 26 179 179
fre 4324 4724 8 179 179
lay 4328 4728 61 0 179
tree 4488 4712 44 0 179
tree 4488 4728 43 0 179
fre 4596 4708 8 179 179
fre 4588 4732 12 179 179
fre 4620 4732 12 179 179
tree 4664 4728 43 0 179
tree 4872 4712 43 0 179
fre 4924 4724 20 179 179
fre 4916 4708 27 179 179
fre 4932 4716 22 179 179
fre 5100 4708 28 179 179
fre 5108 4708 26 179 179
fre 5180 4732 22 179 179
fre 5172 4716 20 179 179
fre 5164 4724 26 179 179
fre 5188 4732 28 179 179
fre 5188 4716 27 179 179
trop 5500 4724 68 179 179
tree 6152 4712 19 0 179
lay 6152 4728 27 0 179
tree 6232 4728 11 0 179
fre 6340 4716 12 179 179
lay 6376 4728 28 0 179
fre 6404 4708 12 179 179
lay 6584 4728 28 0 179
fre 6580 4732 12 179 179
fre 6596 4708 12 179 179
trop 6788 4724 67 179 179
fre 7108 4724 11 179 179
fre 7212 4708 12 179 179
fre 7388 4708 12 179 179
fre 7452 4708 11 179 179
tree 8072 4712 13 0 179
tree 120 4760 57 0 179
tree 200 4744 21 0 179
tree 248 4760 21 0 179
tree 264 4760 19 0 179
tree 264 4744 13 0 179
tree 312 4744 60 0 179
tree 328 4760 60 0 179
tree 328 4744 60 0 179
fre 364 4740 11 179 179
lay 552 4744 28 0 179
tree 824 4760 59 0 179
fre 860 4740 12 179 179
fre 860 4764 12 179 179
fre 852 4748 12 179 179
fre 876 4740 12 179 179
fre 884 4748 12 179 179
fre 900 4756 12 179 179
fre 924 4756 12 179 179
fre 916 4764 12 179 179
fre 940 4756 12 179 179
fre 932 4756 12 179 179
tree 936 4744 27 0 179
tree 1016 4760 43 0 179
fre 1308 4740 11 179 179
fre 1348 4740 11 179 179
fre 1380 4748 11 179 179
fre 1444 4756 11 179 179
fre 1452 4748 11 179 179
fre 1452 4740 11 179 179
tree 1448 4760 58 0 179
fre 1516 4764 11 179 179
fre 1700 4748 11 179 179
fre 1716 4764 11 179 179
lay 1752 4744 28 0 179
fre 1732 4756 11 179 179
fre 1748 4748 11 179 179
fre 1748 4764 15 179 179
fre 1764 4764 15 179 179
fre 1836 4748 11 179 179
fre 1876 4764 11 179 179
fre 1868 4764 11 179 179
fre 1948 4764 11 179 179
dom 2176 4736 317 0 179
lay 2184 4760 50 0 179
fre 2220 4748 26 179 179
fre 2236 4748 26 179 179
fre 2268 4740 26 179 179
lay 2536 4744 61 0 179
lay 2584 4760 61 0 179
fre 2572 4748 5 179 179
lay 2648 4760 61 0 179
fre 2716 4748 11 179 179
lay 3160 4760 61 0 179
dom 3520 4736 98 0 179
trop 3596 4748 31 179 179
fre 3740 4740 12 179 179
fre 3748 4764 12 179 179
lay 3864 4744 61 0 179
lay 3896 4744 62 0 179
tree 3960 4760 17 0 179
trop 4044 4740 61 179 179
fre 4172 4740 8 179 179
fre 4172 4764 8 179 179
lay 4248 4744 21 0 179
fre 4284 4764 8 179 179
fre 4268 4756 8 179 179
fre 4276 4740 8 179 179
fre 4268 4740 8 179 179
fre 4300 4764 8 179 179
fre 4300 4756 8 179 179
fre 4340 4756 26 179 179
tree 4472 4744 13 0 179
tree 4504 4760 11 0 179
fre 4532 4740 8 179 179
fre 4596 4764 8 179 179
fre 4604 4756 12 179 179
fre 4604 4740 12 179 179
fre 4596 4740 12 179 179
fre 4604 4764 12 179 179
tree 4616 4760 43 0 179
tree 4616 4744 18 0 179
fre 4636 4756 12 179 179
fre 4708 4740 8 179 179
tree 4728 4744 13 0 179
tree 4760 4744 57 0 179
fre 4916 4740 26 179 179
fre 4940 4748 27 179 179
fre 4948 4756 26 179 179
fre 4932 4740 26 179 179
trop 6028 4764 65 179 179
lay 6392 4760 63 0 179
fre 6532 4748 12 179 179
lay 6568 4760 63 0 179
fre 6900 4756 11 179 179
fre 6932 4764 11 179 179
fre 6932 4740 11 179 179
lay 6968 4760 61 0 179
fre 7068 4740 11 179 179
fre 7076 4740 11 179 179
fre 7100 4740 11 179 179
lay 7320 4744 28 0 179
fre 7308 4740 11 179 179
lay 7336 4760 61 0 179
fre 7412 4764 11 179 179
fre 7476 4756 12 179 179
fre 7532 4740 11 179 179
tree 8056 4744 4 0 179
tree 120 4776 4 0 179
tree 104 4776 57 0 179
tree 200 4776 57 0 179
tree 200 4792 27 0 179
tree 280 4776 11 0 179
tree 264 4776 58 0 179
tree 328 4776 18 0 179
fre 380 4772 11 179 179
fre 420 4772 11 179 179
fre 452 4780 11 179 179
fre 516 4788 11 179 179
fre 524 4780 11 179 179
fre 524 4772 11 179 179
fre 588 4796 11 179 179
fre 860 4772 12 179 179
fre 852 4788 12 179 179
fre 852 4780 12 179 179
fre 932 4788 11 179 179
fre 948 4788 11 179 179
fre 956 4788 12 179 179
fre 956 4772 12 179 179
fre 964 4780 12 179 179
tree 968 4792 13 0 179
fre 1116 4772 12 179 179
fre 1116 4796 12 179 179
fre 1108 4780 12 179 179
tree 1096 4776 58 0 179
fre 1132 4772 12 179 179
fre 1140 4780 12 179 179
tree 1144 4776 58 0 179
fre 1156 4788 12 179 179
fre 1180 4788 12 179 179
fre 1172 4796 12 179 179
fre 1196 4788 12 179 179
fre 1188 4788 12 179 179
tree 1208 4776 2 0 179
tree 1272 4792 58 0 179
fre 1284 4796 11 179 179
fre 1292 4780 15 179 179
tree 1304 4792 44 0 179
fre 1348 4796 11 179 179
fre 1348 4772 11 179 179
tree 1352 4792 19 0 179
fre 1396 4772 11 179 179
tree 1400 4776 59 0 179
fre 1508 4780 11 179 179
tree 1512 4792 4 0 179
fre 1852 4788 11 179 179
lay 1848 4776 61 0 179
fre 1900 4788 11 179 179
fre 1900 4772 11 179 179
fre 1948 4788 11 179 179
fre 2268 4772 26 179 179
fre 2276 4780 26 179 179
lay 2312 4776 50 0 179
dom 2336 4768 315 0 179
lay 2392 4776 50 0 179
stand 2440 4776 147 0 179
lay 2472 4776 61 0 179
fre 2604 4788 5 179 179
lay 2664 4792 61 0 179
trop 2844 4780 66 179 179
fre 2948 4796 12 179 179
fre 2972 4772 12 179 179
fre 2996 4796 12 179 179
trop 3076 4796 48 179 179
lay 3176 4776 61 0 179
fre 3380 4788 6 179 179
fre 3404 4788 6 179 179
lay 3464 4792 61 0 179
lay 3512 4776 50 0 179
lay 3512 4792 61 0 179
lay 3496 4792 61 0 179
lay 3752 4776 62 0 179
fre 3796 4788 12 179 179
fre 3780 4788 12 179 179
fre 3828 4772 12 179 179
fre 3820 4780 12 179 179
fre 4172 4772 8 179 179
fre 4172 4780 8 179 179
fre 4180 4788 8 179 179
fre 4188 4796 8 179 179
fre 4180 4796 8 179 179
fre 4252 4796 8 179 179
fre 4260 4796 8 179 179
fre 4276 4796 8 179 179
fre 4276 4788 8 179 179
fre 4268 4788 8 179 179
fre 4316 4772 26 179 179
fre 4292 4780 8 179 179
fre 4292 4796 8 179 179
fre 4348 4796 8 179 179
lay 4376 4792 61 0 179
tree 4520 4776 50 0 179
tree 4552 4792 2 0 179
tree 4568 4792 13 0 179
tree 4600 4792 2 0 179
fre 4596 4780 12 179 179
fre 4596 4788 12 179 179
fre 4636 4796 32 179 179
fre 4612 4772 12 179 179
fre 4612 4780 12 179 179
fre 4628 4780 12 179 179
tree 4632 4792 13 0 179
fre 4668 4772 8 179 179
fre 4652 4772 8 179 179
tree 4648 4776 20 0 179
fre 4660 4780 12 179 179
fre 4660 4772 12 179 179
tree 4696 4792 11 0 179
fre 4676 4788 12 179 179
fre 4708 4788 8 179 179
fre 4860 4796 32 179 179
tree 4840 4776 43 0 179
tree 4872 4776 21 0 179
tree 4936 4776 13 0 179
tree 5144 4792 4 0 179
fre 5252 4772 11 179 179
fre 5268 4772 11 179 179
vor 5420 4788 24 179 179
trop 5500 4796 68 179 179
lay 5512 4776 50 0 179
fre 6404 4772 12 179 179
fre 6492 4772 12 179 179
fre 6484 4772 12 179 179
fre 6620 4772 12 179 179
fre 6892 4788 11 179 179
fre 7028 4780 12 179 179
lay 7048 4792 61 0 179
lay 7144 4776 28 0 179
lay 7192 4792 61 0 179
fre 7204 4772 12 179 179
lay 7304 4792 63 0 179
fre 7364 4796 12 179 179
fre 7404 4780 11 179 179
fre 7428 4780 11 179 179
fre 7436 4772 11 179 179
tree 8040 4776 4 0 179
tree 200 4808 44 0 179
tree 200 4824 43 0 179
tree 312 4824 19 0 179
fre 356 4828 11 179 179
fre 364 4812 15 179 179
fre 420 4828 11 179 179
fre 420 4804 11 179 179
fre 468 4804 11 179 179
fre 580 4812 11 179 179
tree 712 4824 19 0 179
tree 760 4824 13 0 179
tree 808 4808 2 0 179
fre 852 4804 12 179 179
fre 852 4820 12 179 179
fre 932 4804 11 179 179
fre 956 4804 12 179 179
fre 948 4804 12 179 179
fre 940 4820 12 179 179
tree 1080 4824 35 0 179
fre 1116 4804 12 179 179
fre 1108 4820 12 179 179
fre 1108 4812 12 179 179
fre 1300 4820 11 179 179
fre 1340 4820 11 179 179
lay 1432 4808 28 0 179
fre 1436 4828 11 179 179
fre 1492 4828 11 179 179
fre 1812 4804 11 179 179
fre 1876 4812 11 179 179
fre 1900 4820 11 179 179
trop 2100 4804 48 179 179
tree 2136 4824 60 0 179
tree 2120 4808 29 0 179
fre 2204 4812 11 179 179
fre 2228 4812 11 179 179
fre 2236 4812 11 179 179
fre 2252 4820 11 179 179
fre 2244 4820 11 179 179
fre 2324 4820 26 179 179
fre 2316 4828 26 179 179
fre 2324 4812 11 179 179
fre 2308 4812 11 179 179
fre 2356 4820 26 179 179
fre 2348 4812 11 179 179
lay 2536 4824 63 0 179
fre 2540 4820 5 179 179
lay 2632 4824 61 0 179
tree 2920 4808 52 0 179
fre 2948 4812 12 179 179
fre 2948 4820 12 179 179
fre 2956 4804 12 179 179
fre 3004 4812 12 179 179
fre 3356 4804 6 179 179
lay 3336 4824 61 0 179
fre 3436 4820 6 179 179
fre 3452 4828 6 179 179
lay 3432 4808 61 0 179
fre 3508 4820 6 179 179
lay 3496 4824 61 0 179
trop 3692 4828 37 179 179
tree 3736 4808 20 0 179
tree 3880 4808 3 0 179
fre 4148 4812 12 179 179
fre 4172 4820 8 179 179
fre 4188 4828 8 179 179
fre 4204 4828 8 179 179
fre 4204 4804 8 179 179
fre 4212 4804 8 179 179
fre 4252 4828 26 179 179
fre 4252 4820 26 179 179
fre 4252 4804 8 179 179
fre 4284 4812 8 179 179
fre 4276 4804 8 179 179
tree 4344 4824 21 0 179
tree 4344 4808 21 0 179
tree 4424 4808 11 0 179
tree 4424 4824 58 0 179
tree 4456 4808 58 0 179
tree 4456 4824 35 0 179
lay 4456 4824 59 0 179
tree 4504 4808 18 0 179
tree 4520 4808 40 0 179
fre 4564 4820 8 179 179
tree 4584 4808 50 0 179
fre 4628 4828 11 179 179
fre 4612 4804 12 179 179
fre 4620 4820 12 179 179
tree 4616 4808 44 0 179
fre 4660 4812 12 179 179
fre 4676 4828 11 179 179
fre 4692 4804 12 179 179
lay 4712 4808 60 0 179
fre 4724 4828 8 179 179
fre 4708 4804 8 179 179
tree 4744 4808 4 0 179
lay 4824 4808 60 0 179
fre 4804 4820 8 179 179
fre 4828 4820 8 179 179
tree 4808 4808 27 0 179
fre 4860 4812 8 179 179
tree 4856 4808 37 0 179
tree 4920 4808 37 0 179
fre 4972 4804 11 179 179
fre 5004 4812 11 179 179
fre 4996 4820 11 179 179
fre 5012 4828 11 179 179
fre 5028 4804 11 179 179
fre 5052 4828 11 179 179
fre 5044 4812 11 179 179
fre 5036 4804 11 179 179
tree 5064 4824 35 0 179
tree 5080 4824 21 0 179
fre 5100 4812 11 179 179
tree 5096 4824 50 0 179
fre 5156 4812 11 179 179
fre 5204 4812 11 179 179
fre 5236 4812 11 179 179
fre 5276 4812 11 179 179
fre 5268 4804 11 179 179
fre 5260 4812 11 179 179
lay 5784 4824 28 0 179
fre 6332 4820 12 179 179
fre 6396 4812 12 179 179
trop 6788 4820 67 179 179
fre 6900 4804 11 179 179
fre 6932 4828 11 179 179
fre 6932 4820 11 179 179
lay 6952 4824 61 0 179
fre 7012 4828 12 179 179
fre 7108 4820 11 179 179
fre 7132 4828 11 179 179
fre 7140 4828 11 179 179
fre 7140 4812 11 179 179
fre 7324 4804 11 179 179
lay 7496 4808 63 0 179
fre 7524 4820 11 179 179
fre 7540 4828 11 179 179
fre 7580 4820 11 179 179
zabor 7632 4816 25 0 8
tree 8056 4824 27 0 179
tree 8056 4808 43 0 179
tree 184 4840 13 0 179
tree 216 4856 11 0 179
tree 344 4856 58 0 179
tree 328 4856 43 0 179
tree 328 4840 44 0 179
tree 360 4856 57 0 179
fre 372 4852 11 179 179
fre 412 4852 11 179 179
lay 504 4840 28 0 179
fre 508 4860 11 179 179
fre 564 4860 11 179 179
fre 748 4836 12 179 179
fre 756 4844 12 179 179
fre 772 4852 12 179 179
fre 796 4852 12 179 179
fre 788 4860 12 179 179
fre 812 4852 12 179 179
fre 804 4852 12 179 179
fre 932 4836 12 179 179
fre 932 4844 12 179 179
tree 984 4856 43 0 179
tree 1048 4856 59 0 179
fre 1108 4836 12 179 179
fre 1108 4852 12 179 179
fre 1308 4860 15 179 179
fre 1332 4852 11 179 179
fre 1340 4836 11 179 179
fre 1388 4844 11 179 179
tree 1416 4840 44 0 179
tree 1416 4856 43 0 179
fre 1412 4836 11 179 179
lay 1512 4840 61 0 179
tree 2120 4856 36 0 179
tree 2120 4840 29 0 179
lay 2248 4856 50 0 179
fre 2252 4844 11 179 179
fre 2324 4852 26 179 179
fre 2340 4836 26 179 179
fre 2412 4844 5 179 179
dom 2528 4832 299 0 179
lay 2552 4856 61 0 179
lay 2600 4856 63 0 179
lay 2632 4856 61 0 179
fre 2996 4852 12 179 179
fre 2988 4852 12 179 179
fre 3012 4844 12 179 179
lay 3192 4856 61 0 179
lay 3320 4840 61 0 179
fre 3452 4852 6 179 179
fre 3524 4852 6 179 179
fre 3548 4860 6 179 179
fre 3548 4852 6 179 179
tree 3816 4840 3 0 179
trop 3988 4836 62 179 179
lay 4088 4840 49 0 179
fre 4108 4852 12 179 179
fre 4100 4852 12 179 179
fre 4140 4860 12 179 179
fre 4156 4860 12 179 179
fre 4148 4836 12 179 179
fre 4156 4844 12 179 179
fre 4188 4844 8 179 179
lay 4184 4840 11 0 179
fre 4164 4836 12 179 179
fre 4204 4860 8 179 179
fre 4196 4860 8 179 179
fre 4196 4844 8 179 179
fre 4196 4836 8 179 179
fre 4252 4860 27 179 179
fre 4260 4844 26 179 179
tree 4344 4840 27 0 179
tree 4360 4856 43 0 179
fre 4356 4844 8 179 179
tree 4408 4840 4 0 179
tree 4408 4856 13 0 179
fre 4524 4836 8 179 179
fre 4572 4844 12 179 179
fre 4572 4852 12 179 179
fre 4604 4844 12 179 179
fre 4596 4836 12 179 179
fre 4636 4852 11 179 179
fre 4636 4844 15 179 179
fre 4636 4836 8 179 179
fre 4644 4852 11 179 179
fre 4668 4836 8 179 179
fre 4652 4844 8 179 179
fre 4644 4844 8 179 179
fre 4692 4844 8 179 179
fre 4708 4836 8 179 179
tree 5144 4840 27 0 179
tree 5176 4840 44 0 179
tree 5192 4840 11 0 179
tree 5208 4840 11 0 179
dom 5280 4832 227 3 179
lay 5448 4856 50 0 179
trop 5492 4852 68 179 179
lay 5592 4840 49 0 179
trop 6028 4860 65 179 179
lay 6408 4856 63 0 179
lay 6584 4856 61 0 179
lay 6600 4856 63 0 179
fre 6900 4852 11 179 179
fre 6924 4852 11 179 179
fre 6932 4836 11 179 179
tree 6936 4856 28 0 179
lay 6968 4840 61 0 179
fre 7508 4852 11 179 179
fre 7516 4844 11 179 179
fre 7532 4836 11 179 179
fre 7548 4860 11 179 179
fre 7540 4836 11 179 179
zabor 7632 4848 28 0 8
tree 8056 4856 59 0 179
tree 232 4872 50 0 179
tree 264 4888 2 0 179
tree 280 4888 13 0 179
tree 312 4888 2 0 179
tree 376 4888 35 0 179
tree 376 4872 44 0 179
fre 380 4892 15 179 179
tree 392 4888 59 0 179
fre 404 4884 11 179 179
fre 412 4868 11 179 179
fre 460 4876 11 179 179
fre 484 4868 11 179 179
lay 584 4872 61 0 179
tree 712 4872 21 0 179
fre 940 4868 12 179 179
fre 948 4876 12 179 179
fre 964 4884 12 179 179
fre 988 4884 12 179 179
fre 980 4892 12 179 179
fre 1028 4884 12 179 179
fre 1052 4884 12 179 179
fre 1044 4892 12 179 179
fre 1068 4884 12 179 179
fre 1060 4884 12 179 179
fre 1268 4892 11 179 179
fre 1316 4892 11 179 179
tree 1400 4872 13 0 179
fre 1396 4876 11 179 179
tree 1432 4888 11 0 179
fre 1412 4876 11 179 179
fre 1412 4892 11 179 179
lay 1432 4872 61 0 179
fre 1524 4892 11 179 179
tree 1544 4888 43 0 179
tree 1560 4872 58 0 179
tree 1640 4888 43 0 179
tree 1752 4888 2 0 179
trop 2100 4884 48 179 179
fre 2316 4868 26 179 179
fre 2324 4892 26 179 179
fre 2324 4868 26 179 179
fre 2468 4876 11 179 179
fre 2492 4892 11 179 179
fre 2500 4892 11 179 179
fre 2508 4892 11 179 179
lay 2584 4872 61 0 179
lay 2648 4888 63 0 179
lay 2664 4888 63 0 179
lay 2680 4872 61 0 179
trop 2844 4868 66 179 179
trop 3076 4876 48 179 179
lay 3288 4872 61 0 179
lay 3304 4872 61 0 179
tree 3352 4888 4 0 179
tree 3384 4888 44 0 179
tree 3400 4872 20 0 179
tree 3432 4888 12 0 179
tree 3512 4888 52 0 179
tree 3688 4872 26 0 179
trop 3796 4884 64 179 179
trop 3884 4884 63 179 179
trop 3956 4876 116 179 179
fre 4124 4876 12 179 179
fre 4116 4868 12 179 179
fre 4100 4868 12 179 179
lay 4168 4888 6 0 179
fre 4204 4876 8 179 179
lay 4216 4872 8 0 179
fre 4244 4876 27 179 179
fre 4244 4868 26 179 179
fre 4252 4876 26 179 179
fre 4268 4868 19 179 179
fre 4260 4884 26 179 179
fre 4268 4884 19 179 179
fre 4268 4876 22 179 179
tree 4408 4872 59 0 179
tree 4408 4888 50 0 179
lay 4408 4872 61 0 179
tree 4488 4888 36 0 179
tree 4568 4888 51 0 179
fre 4588 4876 12 179 179
fre 4588 4884 12 179 179
tree 4648 4888 50 0 179
fre 4644 4892 8 179 179
tree 4680 4888 25 0 179
tree 4696 4888 29 0 179
trop 5380 4876 114 179 179
trop 5428 4876 114 179 179
lay 5576 4888 49 0 179
tree 5656 4872 57 0 179
tree 5688 4872 50 0 179
tree 5704 4888 21 0 179
tree 5704 4872 19 0 179
tree 5816 4888 35 0 179
lay 6152 4888 27 0 179
fre 6380 4876 12 179 179
lay 6392 4872 61 0 179
fre 6444 4884 12 179 179
lay 6584 4872 28 0 179
fre 6892 4892 11 179 179
fre 6900 4868 11 179 179
fre 6940 4892 11 179 179
fre 6932 4876 11 179 179
fre 6916 4884 11 179 179
fre 6916 4868 11 179 179
tree 6936 4888 25 0 179
tree 6952 4872 17 0 179
tree 6968 4888 60 0 179
lay 7000 4872 61 0 179
lay 7032 4888 61 0 179
fre 7076 4892 11 179 179
fre 7092 4884 11 179 179
fre 7132 4876 11 179 179
fre 7108 4876 11 179 179
fre 7180 4892 11 179 179
tree 7272 4888 19 0 179
fre 7516 4868 11 179 179
tree 7496 4888 26 0 179
tree 7512 4888 57 0 179
fre 7532 4868 11 179 179
fre 7556 4868 11 179 179
zabor 7632 4880 31 0 8
tree 56 4920 21 0 179
tree 56 4904 21 0 179
tree 136 4904 11 0 179
tree 136 4920 58 0 179
tree 168 4904 58 0 179
tree 168 4920 35 0 179
tree 216 4904 18 0 179
tree 232 4904 40 0 179
tree 296 4904 50 0 179
fre 340 4924 11 179 179
tree 408 4904 50 0 179
fre 388 4924 11 179 179
tree 424 4904 2 0 179
fre 468 4908 11 179 179
tree 472 4920 11 0 179
fre 484 4908 11 179 179
fre 484 4924 11 179 179
lay 504 4904 61 0 179
fre 596 4924 11 179 179
tree 712 4920 57 0 179
fre 1276 4916 11 179 179
fre 1276 4908 15 179 179
fre 1284 4916 11 179 179
fre 1396 4908 11 179 179
tree 1448 4904 50 0 179
tree 1480 4920 2 0 179
tree 1496 4920 13 0 179
tree 1528 4920 2 0 179
tree 1736 4904 19 0 179
fre 2140 4900 11 179 179
fre 2172 4908 11 179 179
fre 2164 4916 11 179 179
fre 2156 4916 11 179 179
fre 2148 4916 11 179 179
fre 2196 4916 11 179 179
fre 2236 4916 26 179 179
lay 2216 4920 50 0 179
fre 2276 4916 26 179 179
fre 2332 4908 26 179 179
fre 2308 4916 26 179 179
fre 2380 4900 5 179 179
fre 2428 4924 11 179 179
fre 2436 4916 11 179 179
fre 2444 4900 11 179 179
fre 2452 4900 3 179 179
fre 2436 4908 3 179 179
fre 2484 4900 3 179 179
fre 2476 4900 3 179 179
tree 2472 4904 4 0 179
fre 2524 4924 3 179 179
fre 2500 4916 3 179 179
tree 2520 4920 58 0 179
lay 3224 4920 61 0 179
tree 3336 4920 11 0 179
zabor 3408 4912 31 0 8
zabor 3440 4912 27 0 8
zabor 3472 4912 28 0 8
zabor 3504 4912 26 0 8
zabor 3536 4912 27 0 8
zabor 3568 4912 26 0 8
zabor 3600 4912 29 0 8
zabor 3632 4912 27 0 8
zabor 3664 4912 25 0 8
zabor 3696 4912 30 0 8
zabor 3728 4912 27 0 8
fre 3732 4924 6 179 179
fre 3916 4924 26 179 179
fre 3988 4924 27 179 179
fre 3972 4916 26 179 179
fre 3980 4924 22 179 179
trop 4028 4900 117 179 179
fre 4084 4900 26 179 179
fre 4108 4908 26 179 179
fre 4140 4916 26 179 179
fre 4148 4900 26 179 179
fre 4212 4908 8 179 179
fre 4196 4900 8 179 179
lay 4200 4904 7 0 179
fre 4252 4916 20 179 179
fre 4284 4908 26 179 179
fre 4284 4916 26 179 179
tree 4392 4904 57 0 179
tree 4392 4920 2 0 179
fre 4404 4916 8 179 179
lay 4440 4920 61 0 179
tree 4504 4920 52 0 179
tree 4504 4904 29 0 179
fre 4500 4908 8 179 179
fre 4636 4900 11 179 179
fre 4676 4924 11 179 179
fre 4676 4900 11 179 179
fre 4692 4924 11 179 179
fre 4932 4908 8 179 179
lay 5512 4904 50 0 179
lay 5528 4904 67 0 179
trop 5636 4916 81 179 179
tree 5752 4904 35 0 179
tree 5736 4904 35 0 179
tree 5768 4920 50 0 179
tree 5816 4904 50 0 179
fre 6316 4924 12 179 179
fre 6348 4924 12 179 179
fre 6476 4924 12 179 179
trop 6788 4916 67 179 179
fre 6884 4908 11 179 179
fre 6884 4916 11 179 179
tree 6920 4904 2 0 179
fre 6916 4916 11 179 179
lay 6936 4904 61 0 179
lay 6936 4920 61 0 179
fre 6932 4908 11 179 179
fre 6940 4908 11 179 179
fre 6956 4924 11 179 179
fre 6964 4916 11 179 179
tree 6968 4904 28 0 179
tree 6952 4904 3 0 179
fre 6980 4916 11 179 179
tree 6984 4904 40 0 179
tree 7000 4904 9 0 179
fre 7012 4908 11 179 179
lay 7032 4904 61 0 179
fre 7020 4916 11 179 179
fre 7028 4908 11 179 179
fre 7052 4908 11 179 179
fre 7060 4908 11 179 179
fre 7076 4916 11 179 179
fre 7084 4908 11 179 179
fre 7092 4924 11 179 179
fre 7116 4924 29 179 179
fre 7260 4900 11 179 179
fre 7244 4900 11 179 179
tree 7256 4920 5 0 179
fre 7292 4900 11 179 179
fre 7292 4924 11 179 179
fre 7268 4924 11 179 179
fre 7276 4908 11 179 179
fre 7316 4916 11 179 179
fre 7308 4924 11 179 179
tree 7512 4904 36 0 179
tree 7512 4920 28 0 179
tree 7496 4920 60 0 179
tree 7544 4904 26 0 179
zabor 7632 4912 24 0 8
tree 8072 4920 27 0 179
tree 56 4936 27 0 179
tree 72 4952 43 0 179
tree 120 4936 4 0 179
tree 120 4952 13 0 179
fre 348 4948 11 179 179
fre 348 4940 15 179 179
fre 356 4948 11 179 179
tree 440 4936 19 0 179
fre 468 4940 11 179 179
tree 472 4936 2 0 179
tree 744 4952 43 0 179
fre 772 4948 11 179 179
fre 788 4948 11 179 179
fre 796 4948 12 179 179
fre 796 4932 12 179 179
fre 804 4940 12 179 179
fre 892 4932 12 179 179
fre 892 4956 12 179 179
fre 884 4940 12 179 179
fre 900 4932 12 179 179
fre 900 4940 12 179 179
tree 1272 4952 21 0 179
tree 1272 4936 21 0 179
tree 1352 4936 11 0 179
tree 1352 4952 58 0 179
tree 1384 4936 58 0 179
tree 1384 4952 35 0 179
tree 1432 4936 18 0 179
tree 1448 4936 40 0 179
fre 1484 4932 15 179 179
tree 1512 4936 50 0 179
lay 1512 4936 28 0 179
fre 1556 4956 11 179 179
fre 1604 4956 11 179 179
tree 1720 4952 58 0 179
tree 1800 4952 50 0 179
tree 1896 4952 35 0 179
tree 1928 4952 43 0 179
tree 1928 4936 59 0 179
fre 2332 4940 5 179 179
fre 2436 4932 11 179 179
fre 2452 4940 3 179 179
tree 2456 4936 21 0 179
fre 2476 4932 29 179 179
tree 2488 4936 35 0 179
fre 2500 4940 3 179 179
fre 2516 4932 3 179 179
lay 2696 4936 61 0 179
trop 2844 4956 67 179 179
lay 2904 4952 63 0 179
trop 3076 4956 48 179 179
lay 3304 4952 61 0 179
tree 3368 4936 19 0 179
zabor 3408 4944 27 0 8
fre 3636 4956 6 179 179
fre 3684 4956 6 179 179
zabor 3728 4944 29 0 8
fre 3716 4956 6 179 179
zabor 3760 4944 28 0 8
fre 3748 4932 6 179 179
zabor 3792 4944 26 0 8
zabor 3824 4944 24 0 8
fre 3820 4948 22 179 179
fre 3844 4956 26 179 179
fre 3844 4940 6 179 179
fre 3908 4956 12 179 179
fre 3932 4948 12 179 179
fre 3964 4948 27 179 179
fre 3964 4932 26 179 179
fre 3972 4940 20 179 179
fre 3988 4956 19 179 179
fre 3996 4948 26 179 179
fre 3972 4932 19 179 179
fre 3980 4956 23 179 179
fre 4092 4932 20 179 179
lay 4120 4936 7 0 179
fre 4156 4932 26 179 179
fre 4164 4948 19 179 179
fre 4164 4956 26 179 179
fre 4180 4948 23 179 179
fre 4252 4956 23 179 179
fre 4260 4932 19 179 179
fre 4436 4940 8 179 179
tree 4520 4936 5 0 179
fre 4532 4948 11 179 179
tree 4568 4952 21 0 179
tree 4584 4952 57 0 179
tree 4632 4952 29 0 179
fre 4636 4932 11 179 179
fre 4636 4948 15 179 179
fre 4692 4940 11 179 179
lay 4696 4936 61 0 179
lay 4792 4952 61 0 179
lay 4952 4936 61 0 179
lay 5112 4952 61 0 179
lay 5128 4952 63 0 179
lay 5272 4936 61 0 179
fre 5372 4948 11 179 179
trop 5492 4932 68 179 179
lay 5544 4952 67 0 179
lay 5624 4936 49 0 179
trop 5692 4940 81 179 179
trop 5756 4948 81 179 179
lay 5848 4936 18 0 179
trop 6028 4956 65 179 179
fre 6436 4940 12 179 179
fre 6460 4948 12 179 179
lay 6456 4936 61 0 179
fre 6540 4956 12 179 179
fre 6908 4948 11 179 179
fre 6932 4940 11 179 179
fre 6956 4932 11 179 179
fre 6956 4956 11 179 179
fre 6948 4956 11 179 179
fre 6948 4932 11 179 179
fre 6980 4948 11 179 179
fre 6996 4956 11 179 179
lay 7048 4952 61 0 179
fre 7076 4932 11 179 179
fre 7076 4940 11 179 179
fre 7100 4948 11 179 179
fre 7092 4932 11 179 179
lay 7096 4952 61 0 179
fre 7108 4956 11 179 179
fre 7132 4956 11 179 179
fre 7124 4948 11 179 179
dom 7168 4928 316 0 179
fre 7260 4948 11 179 179
fre 7252 4948 11 179 179
tree 7256 4952 26 0 179
tree 7256 4936 17 0 179
fre 7284 4948 11 179 179
fre 7276 4932 11 179 179
fre 7276 4948 11 179 179
fre 7268 4956 11 179 179
tree 7272 4936 3 0 179
fre 7316 4940 11 179 179
fre 7300 4932 11 179 179
fre 7316 4956 11 179 179
fre 7308 4948 11 179 179
fre 7300 4948 11 179 179
fre 7340 4948 11 179 179
fre 7332 4956 11 179 179
lay 7512 4936 65 0 179
zabor 7632 4944 27 0 8
tree 8008 4952 21 0 179
tree 8024 4952 21 0 179
tree 8056 4936 13 0 179
tree 8072 4936 58 0 179
tree 120 4968 59 0 179
tree 120 4984 50 0 179
tree 200 4984 36 0 179
tree 280 4984 51 0 179
tree 360 4984 50 0 179
tree 392 4984 25 0 179
tree 408 4984 29 0 179
tree 456 4968 50 0 179
tree 456 4984 35 0 179
fre 556 4964 15 179 179
tree 568 4984 21 0 179
lay 584 4968 28 0 179
fre 772 4964 11 179 179
fre 796 4964 12 179 179
fre 788 4964 12 179 179
fre 780 4980 12 179 179
fre 892 4964 12 179 179
fre 884 4980 12 179 179
fre 884 4972 12 179 179
fre 908 4964 12 179 179
fre 916 4972 12 179 179
fre 932 4980 12 179 179
fre 956 4980 12 179 179
fre 948 4988 12 179 179
fre 972 4980 12 179 179
fre 964 4980 12 179 179
fre 1244 4964 12 179 179
fre 1244 4988 12 179 179
fre 1236 4972 12 179 179
tree 1272 4968 27 0 179
fre 1276 4964 11 179 179
tree 1288 4984 43 0 179
tree 1336 4968 4 0 179
tree 1336 4984 13 0 179
fre 1316 4988 11 179 179
fre 1316 4964 11 179 179
fre 1332 4988 11 179 179
fre 1428 4980 11 179 179
fre 1452 4980 11 179 179
fre 1468 4988 11 179 179
fre 1452 4988 15 179 179
fre 1484 4980 15 179 179
fre 1532 4980 11 179 179
fre 1564 4980 11 179 179
fre 1564 4972 15 179 179
fre 1548 4988 11 179 179
fre 1556 4988 11 179 179
fre 1540 4980 15 179 179
fre 1572 4980 11 179 179
tree 1720 4968 21 0 179
tree 1848 4984 21 0 179
tree 1848 4968 21 0 179
tree 1864 4984 4 0 179
tree 1912 4968 19 0 179
tree 1896 4968 44 0 179
trop 2100 4964 48 179 179
dom 2144 4960 319 0 179
lay 2712 4968 61 0 179
lay 2936 4984 63 0 179
lay 2936 4968 61 0 179
lay 2952 4984 61 0 179
lay 3256 4984 61 0 179
lay 3288 4968 61 0 179
lay 3304 4984 61 0 179
tree 3336 4968 27 0 179
tree 3368 4984 27 0 179
zabor 3408 4976 30 0 8
lay 3480 4968 28 0 179
fre 3596 4972 6 179 179
fre 3684 4988 6 179 179
fre 3708 4988 6 179 179
zabor 3824 4976 29 0 8
fre 3836 4964 26 179 179
fre 3812 4972 23 179 179
fre 3828 4988 6 179 179
fre 3836 4980 6 179 179
fre 3844 4980 26 179 179
fre 3884 4972 6 179 179
fre 3972 4980 12 179 179
fre 4004 4964 26 179 179
fre 4004 4972 19 179 179
fre 4012 4980 20 179 179
trop 4052 4988 66 179 179
lay 4120 4968 5 0 179
fre 4180 4988 26 179 179
fre 4196 4980 26 179 179
fre 4260 4964 27 179 179
fre 4292 4964 26 179 179
lay 4328 4968 59 0 179
tree 4504 4984 26 0 179
fre 4492 4988 11 179 179
tree 4568 4968 35 0 179
tree 4552 4984 2 0 179
fre 4556 4964 11 179 179
tree 4600 4968 2 0 179
tree 4616 4968 35 0 179
fre 4628 4980 11 179 179
fre 4636 4980 8 179 179
fre 4700 4964 11 179 179
lay 4808 4968 28 0 179
lay 4936 4984 28 0 179
fre 5364 4988 11 179 179
lay 5400 4984 50 0 179
fre 5396 4980 11 179 179
fre 5380 4964 11 179 179
lay 5384 4984 62 0 179
tree 5384 4984 27 0 179
lay 5544 4984 62 0 179
trop 5820 4972 81 179 179
fre 5884 4988 12 179 179
fre 5900 4980 12 179 179
fre 6516 4980 12 179 179
lay 6936 4968 61 0 179
lay 6984 4984 61 0 179
lay 7000 4968 61 0 179
fre 6980 4972 11 179 179
fre 7004 4980 11 179 179
stand 6984 4984 153 0 179
fre 7020 4980 11 179 179
fre 7028 4972 11 179 179
fre 7012 4988 11 179 179
fre 7060 4988 11 179 179
fre 7044 4972 11 179 179
fre 7084 4980 11 179 179
fre 7100 4964 11 179 179
fre 7116 4988 11 179 179
fre 7132 4964 11 179 179
fre 7252 4972 11 179 179
fre 7292 4964 11 179 179
stand 7272 4984 164 0 179
lay 7288 4968 65 0 179
fre 7324 4980 11 179 179
fre 7300 4980 11 179 179
fre 7308 4972 11 179 179
dom 7456 4960 315 0 179
fre 7500 4980 12 179 179
zabor 7632 4976 30 0 8
tree 7944 4984 59 0 179
tree 7976 4968 13 0 179
tree 7992 4968 21 0 179
tree 8008 4968 21 0 179
tree 8056 4984 21 0 179
tree 8056 4968 59 0 179
tree 8088 4984 19 0 179
tree 8088 4968 43 0 179
tree 104 5000 57 0 179
tree 104 5016 2 0 179
tree 216 5016 52 0 179
tree 216 5000 29 0 179
fre 348 4996 11 179 179
fre 388 5020 11 179 179
fre 388 4996 11 179 179
fre 404 5020 11 179 179
tree 440 5000 4 0 179
fre 500 5012 11 179 179
fre 524 5012 11 179 179
fre 540 5020 11 179 179
fre 524 5020 15 179 179
fre 556 5012 15 179 179
fre 604 5012 11 179 179
fre 588 5020 12 179 179
fre 620 5020 11 179 179
fre 628 5020 11 179 179
fre 612 5012 15 179 179
fre 772 4996 12 179 179
fre 772 5004 12 179 179
fre 884 4996 12 179 179
fre 884 5012 12 179 179
fre 996 4996 12 179 179
fre 996 5004 12 179 179
fre 1244 4996 12 179 179
fre 1236 5012 12 179 179
fre 1236 5004 12 179 179
fre 1276 4996 11 179 179
fre 1276 5012 15 179 179
tree 1336 5000 59 0 179
tree 1336 5016 50 0 179
fre 1332 5004 11 179 179
tree 1416 5016 36 0 179
fre 1436 4996 11 179 179
fre 1436 5020 15 179 179
fre 1444 4996 11 179 179
fre 1460 5004 11 179 179
lay 1448 5016 61 0 179
tree 1496 5016 51 0 179
lay 1496 5016 28 0 179
fre 1548 5004 11 179 179
tree 1576 5016 50 0 179
fre 1588 5012 11 179 179
fre 1580 5004 11 179 179
tree 1608 5016 25 0 179
tree 1624 5016 29 0 179
fre 1628 5012 11 179 179
tree 1976 5016 27 0 179
zabor 2032 5008 26 0 8
tree 2024 5000 51 0 179
tree 2232 5016 44 0 179
fre 2308 5020 5 179 179
lay 2936 5000 63 0 179
lay 3272 5000 61 0 179
fre 3348 5012 29 179 179
tree 3352 5016 44 0 179
zabor 3408 5008 28 0 8
lay 3576 5000 28 0 179
lay 3608 5000 61 0 179
fre 3772 5012 6 179 179
fre 3788 5012 6 179 179
zabor 3824 5008 30 0 8
fre 3844 4996 26 179 179
fre 3868 4996 12 179 179
fre 3876 5012 12 179 179
dom 3904 4992 297 0 179
fre 3964 5020 12 179 179
fre 3980 5004 12 179 179
fre 3972 5012 12 179 179
fre 4004 5020 26 179 179
fre 4100 5020 19 179 179
fre 4172 5020 26 179 179
fre 4220 5012 20 179 179
fre 4260 5020 26 179 179
fre 4292 5020 19 179 179
fre 4308 5020 26 179 179
tree 4504 5016 17 0 179
tree 4504 5000 5 0 179
fre 4540 4996 11 179 179
fre 4532 4996 11 179 179
fre 4564 5004 11 179 179
tree 4616 5000 12 0 179
fre 4860 4996 8 179 179
lay 5096 5016 28 0 179
fre 5348 5012 11 179 179
fre 5356 5004 11 179 179
fre 5372 5012 11 179 179
tree 5352 5000 35 0 179
tree 5384 5000 11 0 179
trop 5492 5020 68 179 179
tree 5544 5000 12 0 179
tree 5576 5016 60 0 179
tree 5624 5016 57 0 179
fre 5908 5004 12 179 179
fre 5900 5004 12 179 179
fre 5892 4996 12 179 179
fre 5908 5012 12 179 179
tree 5928 5016 27 0 179
tree 5928 5000 44 0 179
fre 6364 5020 12 179 179
lay 6408 5016 63 0 179
fre 6444 4996 12 179 179
lay 6472 5000 61 0 179
trop 6788 5012 67 179 179
lay 6952 5016 61 0 179
fre 7028 5004 11 179 179
fre 7020 5004 11 179 179
fre 7100 4996 11 179 179
fre 7076 5012 11 179 179
fre 7140 5020 11 179 179
fre 7156 5020 11 179 179
fre 7164 5020 11 179 179
fre 7260 5004 11 179 179
fre 7252 5004 11 179 179
fre 7252 5020 11 179 179
fre 7292 4996 11 179 179
fre 7276 5004 11 179 179
fre 7276 4996 11 179 179
fre 7308 4996 11 179 179
zabor 7632 5008 28 0 8
tree 7960 5016 44 0 179
tree 8008 5000 2 0 179
tree 8056 5016 51 0 179
tree 8056 5000 11 0 179
tree 8088 5016 4 0 179
tree 8088 5000 43 0 179
tree 232 5032 5 0 179
tree 280 5048 21 0 179
tree 296 5048 57 0 179
tree 344 5048 29 0 179
fre 348 5028 11 179 179
fre 348 5044 15 179 179
tree 408 5048 19 0 179
fre 404 5036 11 179 179
fre 508 5028 11 179 179
fre 508 5052 15 179 179
fre 516 5028 11 179 179
fre 532 5036 11 179 179
lay 520 5048 61 0 179
lay 568 5048 28 0 179
fre 620 5036 11 179 179
fre 660 5044 11 179 179
fre 652 5036 11 179 179
fre 700 5044 11 179 179
fre 780 5028 12 179 179
fre 788 5036 12 179 179
fre 804 5044 12 179 179
fre 828 5044 12 179 179
fre 820 5052 12 179 179
fre 844 5044 12 179 179
fre 836 5044 12 179 179
fre 1004 5028 12 179 179
fre 1012 5036 12 179 179
fre 1028 5044 12 179 179
fre 1052 5044 12 179 179
fre 1044 5052 12 179 179
fre 1060 5028 12 179 179
fre 1060 5036 12 179 179
fre 1068 5044 12 179 179
fre 1060 5044 12 179 179
fre 1236 5028 12 179 179
fre 1236 5044 12 179 179
fre 1268 5044 11 179 179
tree 1320 5032 57 0 179
tree 1320 5048 2 0 179
fre 1340 5028 11 179 179
tree 1432 5048 52 0 179
tree 1432 5032 29 0 179
fre 1436 5052 15 179 179
fre 1428 5036 15 179 179
fre 1564 5028 11 179 179
fre 1604 5052 11 179 179
fre 1604 5028 11 179 179
fre 1620 5052 11 179 179
fre 1628 5028 11 179 179
fre 1636 5028 11 179 179
tree 1688 5048 57 0 179
tree 1752 5032 58 0 179
tree 2008 5032 58 0 179
tree 1992 5032 44 0 179
trop 2100 5044 48 179 179
fre 2228 5028 5 179 179
fre 2268 5052 11 179 179
tree 2248 5032 44 0 179
tree 2264 5048 37 0 179
tree 2280 5048 58 0 179
tree 2296 5032 4 0 179
tree 2312 5032 20 0 179
lay 2520 5048 28 0 179
trop 2844 5044 67 179 179
trop 3076 5036 48 179 179
lay 3304 5032 61 0 179
zabor 3376 5040 24 0 8
zabor 3408 5040 30 0 8
lay 3512 5048 61 0 179
fre 3644 5028 6 179 179
fre 3692 5044 6 179 179
zabor 3824 5040 29 0 8
tree 3832 5048 9 0 179
fre 3868 5044 12 179 179
fre 3876 5028 12 179 179
fre 3972 5028 12 179 179
fre 3972 5052 12 179 179
fre 4116 5044 27 179 179
fre 4124 5044 23 179 179
fre 4132 5044 20 179 179
fre 4172 5052 19 179 179
lay 4216 5032 59 0 179
tree 4472 5032 50 0 179
tree 4504 5048 19 0 179
fre 4500 5028 11 179 179
fre 4524 5052 11 179 179
fre 4548 5044 11 179 179
tree 4616 5032 43 0 179
tree 4616 5048 25 0 179
lay 4696 5032 63 0 179
lay 4776 5048 28 0 179
lay 4936 5032 63 0 179
fre 5340 5052 11 179 179
fre 5332 5036 11 179 179
fre 5356 5036 11 179 179
fre 5348 5044 11 179 179
tree 5352 5032 59 0 179
fre 5380 5028 29 179 179
tree 5576 5032 12 0 179
tree 5624 5048 9 0 179
tree 5608 5032 28 0 179
lay 5608 5032 61 0 179
lay 5720 5032 26 0 179
lay 5720 5048 67 0 179
trop 5844 5036 81 179 179
tree 5928 5032 13 0 179
trop 6028 5044 65 179 179
lay 6136 5032 64 0 179
lay 6376 5048 61 0 179
fre 6460 5044 12 179 179
lay 6456 5032 61 0 179
fre 6468 5044 12 179 179
lay 6536 5032 63 0 179
fre 6580 5036 12 179 179
lay 6568 5048 61 0 179
zabor 7536 5040 30 0 8
zabor 7568 5040 31 0 8
zabor 7600 5040 25 0 8
zabor 7632 5040 28 0 8
tree 7960 5048 58 0 179
tree 7960 5032 27 0 179
tree 8056 5048 59 0 179
tree 8056 5032 11 0 179
tree 8088 5048 21 0 179
tree 8088 5032 21 0 179
tree 216 5080 26 0 179
tree 280 5064 35 0 179
tree 264 5080 2 0 179
tree 312 5064 2 0 179
tree 328 5064 35 0 179
fre 340 5076 11 179 179
tree 408 5064 37 0 179
fre 412 5060 11 179 179
fre 508 5084 15 179 179
fre 500 5068 15 179 179
tree 536 5064 58 0 179
tree 536 5080 57 0 179
tree 520 5080 21 0 179
fre 700 5060 11 179 179
fre 708 5060 11 179 179
fre 740 5068 11 179 179
fre 740 5076 11 179 179
fre 756 5060 11 179 179
fre 908 5084 11 179 179
fre 1068 5060 12 179 179
fre 1076 5068 12 179 179
fre 1092 5076 12 179 179
fre 1116 5076 12 179 179
fre 1108 5084 12 179 179
fre 1132 5060 12 179 179
fre 1140 5068 12 179 179
fre 1132 5076 12 179 179
fre 1124 5076 12 179 179
fre 1156 5076 12 179 179
fre 1180 5076 12 179 179
fre 1172 5084 12 179 179
fre 1196 5076 12 179 179
fre 1188 5076 12 179 179
fre 1300 5076 11 179 179
fre 1284 5068 11 179 179
fre 1428 5084 11 179 179
fre 1428 5068 11 179 179
tree 1448 5064 5 0 179
fre 1452 5060 15 179 179
tree 1496 5080 21 0 179
tree 1512 5080 57 0 179
tree 1560 5080 29 0 179
fre 1564 5060 11 179 179
fre 1564 5076 15 179 179
fre 1620 5068 11 179 179
fre 1620 5084 11 179 179
fre 1628 5060 11 179 179
tree 1736 5080 27 0 179
zabor 2032 5072 27 0 8
fre 2204 5060 5 179 179
tree 2232 5064 25 0 179
tree 2264 5064 27 0 179
tree 2248 5064 12 0 179
fre 2276 5084 5 179 179
fre 2284 5068 11 179 179
tree 2280 5064 18 0 179
fre 2332 5068 11 179 179
fre 2324 5076 11 179 179
fre 2308 5084 11 179 179
tree 2312 5064 13 0 179
tree 2344 5080 25 0 179
tree 2360 5064 52 0 179
fre 2364 5084 11 179 179
fre 2364 5076 11 179 179
fre 2356 5068 11 179 179
lay 2456 5064 61 0 179
lay 2600 5080 61 0 179
lay 2952 5080 61 0 179
lay 3208 5064 61 0 179
zabor 3376 5072 25 0 8
zabor 3824 5072 28 0 8
fre 3900 5076 12 179 179
fre 3884 5060 12 179 179
fre 3916 5084 6 179 179
fre 3924 5076 12 179 179
fre 3964 5060 12 179 179
fre 3956 5076 12 179 179
fre 3996 5068 26 179 179
fre 4012 5084 19 179 179
fre 4028 5076 26 179 179
trop 4060 5060 66 179 179
fre 4124 5076 26 179 179
fre 4188 5068 23 179 179
fre 4196 5068 27 179 179
fre 4196 5084 26 179 179
fre 4284 5068 26 179 179
fre 4284 5084 22 179 179
fre 4292 5084 26 179 179
fre 4316 5060 23 179 179
fre 4332 5060 20 179 179
fre 4324 5060 27 179 179
fre 4356 5076 26 179 179
fre 4388 5060 11 179 179
fre 4396 5068 11 179 179
tree 4504 5064 44 0 179
tree 4504 5080 57 0 179
tree 4488 5064 11 0 179
tree 4536 5080 21 0 179
tree 4520 5080 35 0 179
tree 4632 5080 21 0 179
tree 4632 5064 27 0 179
tree 4616 5064 12 0 179
lay 4712 5064 61 0 179
lay 4888 5080 61 0 179
lay 5064 5080 63 0 179
lay 5192 5064 63 0 179
fre 5364 5068 11 179 179
lay 5400 5064 50 0 179
tree 5576 5080 50 0 179
tree 5608 5080 29 0 179
lay 5624 5080 61 0 179
tree 5656 5064 28 0 179
tree 5640 5080 19 0 179
lay 5928 5080 18 0 179
lay 6152 5064 27 0 179
fre 6388 5084 12 179 179
lay 6456 5080 61 0 179
fre 6484 5076 12 179 179
fre 6556 5068 12 179 179
zabor 6832 5072 30 0 8
zabor 6864 5072 28 0 8
zabor 6928 5072 27 0 8
zabor 6960 5072 25 0 8
zabor 6992 5072 25 0 8
zabor 7024 5072 28 0 8
zabor 7056 5072 27 0 8
zabor 7088 5072 31 0 8
zabor 7120 5072 28 0 8
zabor 7152 5072 29 0 8
zabor 7184 5072 30 0 8
zabor 7216 5072 25 0 8
zabor 7248 5072 29 0 8
zabor 7280 5072 28 0 8
trop 7324 5076 68 179 179
zabor 7312 5072 29 0 8
zabor 7376 5072 28 0 8
zabor 7408 5072 26 0 8
zabor 7440 5072 25 0 8
zabor 7472 5072 24 0 8
zabor 7504 5072 27 0 8
zabor 7536 5072 25 0 8
tree 7960 5064 59 0 179
tree 8008 5064 27 0 179
tree 8056 5064 43 0 179
tree 8072 5064 13 0 179
tree 216 5112 17 0 179
tree 216 5096 5 0 179
tree 328 5096 12 0 179
fre 372 5108 11 179 179
fre 356 5100 11 179 179
tree 408 5112 51 0 179
tree 408 5096 57 0 179
fre 500 5116 11 179 179
fre 500 5100 11 179 179
fre 524 5092 15 179 179
fre 684 5092 11 179 179
fre 692 5116 11 179 179
fre 700 5092 11 179 179
fre 724 5108 11 179 179
fre 732 5108 11 179 179
fre 756 5092 11 179 179
fre 892 5108 11 179 179
fre 892 5092 11 179 179
fre 900 5116 11 179 179
fre 916 5116 11 179 179
fre 908 5108 11 179 179
fre 1156 5100 11 179 179
fre 1156 5108 11 179 179
fre 1172 5092 11 179 179
fre 1324 5116 11 179 179
fre 1380 5100 11 179 179
fre 1396 5116 11 179 179
tree 1432 5112 26 0 179
lay 1432 5096 28 0 179
fre 1412 5108 11 179 179
fre 1428 5100 11 179 179
fre 1428 5116 15 179 179
fre 1444 5116 15 179 179
tree 1496 5096 35 0 179
tree 1480 5112 2 0 179
tree 1528 5096 2 0 179
fre 1516 5100 11 179 179
tree 1544 5096 35 0 179
fre 1556 5108 11 179 179
fre 1556 5116 11 179 179
fre 1548 5116 11 179 179
fre 1628 5092 11 179 179
fre 1628 5116 11 179 179
tree 1640 5112 50 0 179
tree 1752 5112 59 0 179
tree 1752 5096 59 0 179
fre 2260 5092 5 179 179
fre 2244 5092 5 179 179
fre 2300 5100 11 179 179
fre 2276 5116 11 179 179
fre 2316 5100 11 179 179
fre 2308 5092 11 179 179
tree 2360 5096 26 0 179
tree 2344 5096 12 0 179
fre 2364 5092 11 179 179
trop 3076 5116 48 179 179
lay 3352 5096 61 0 179
trop 3396 5100 127 179 179
lay 3704 5112 61 0 179
lay 3736 5112 63 0 179
fre 3796 5108 6 179 179
trop 3820 5100 127 179 179
fre 3916 5092 6 179 179
fre 3980 5108 27 179 179
fre 3996 5108 26 179 179
fre 3972 5108 23 179 179
fre 3996 5116 26 179 179
fre 4012 5116 27 179 179
fre 4012 5092 26 179 179
fre 4020 5092 23 179 179
fre 4172 5100 26 179 179
fre 4220 5100 20 179 179
fre 4252 5092 26 179 179
fre 4276 5100 26 179 179
fre 4276 5092 19 179 179
fre 4292 5100 26 179 179
fre 4348 5116 26 179 179
fre 4420 5092 11 179 179
fre 4460 5092 11 179 179
tree 4504 5096 50 0 179
fre 4508 5116 11 179 179
tree 4536 5096 35 0 179
tree 4520 5096 2 0 179
fre 4532 5092 11 179 179
fre 4524 5116 11 179 179
tree 4520 5112 51 0 179
tree 4568 5112 17 0 179
tree 4616 5096 19 0 179
lay 4680 5096 28 0 179
lay 5080 5112 61 0 179
lay 5272 5112 61 0 179
trop 5492 5108 68 179 179
tree 5592 5096 21 0 179
lay 5624 5096 61 0 179
lay 5768 5096 62 0 179
trop 5908 5100 81 179 179
fre 6340 5092 12 179 179
fre 6460 5116 12 179 179
fre 6524 5100 12 179 179
trop 6788 5108 67 179 179
tree 7080 5096 19 0 179
tree 7992 5112 57 0 179
tree 7992 5096 21 0 179
tree 8008 5096 57 0 179
tree 8056 5112 43 0 179
tree 8072 5112 2 0 179
tree 184 5128 50 0 179
tree 216 5144 19 0 179
tree 328 5128 43 0 179
tree 328 5144 25 0 179
tree 408 5128 58 0 179
fre 452 5132 11 179 179
fre 468 5148 11 179 179
lay 504 5128 28 0 179
fre 484 5140 11 179 179
fre 500 5132 11 179 179
fre 500 5148 15 179 179
tree 488 5128 52 0 179
fre 516 5148 15 179 179
fre 516 5132 11 179 179
fre 532 5124 11 179 179
fre 588 5132 11 179 179
fre 628 5148 11 179 179
fre 620 5148 11 179 179
fre 700 5148 11 179 179
fre 780 5140 11 179 179
lay 808 5128 28 0 179
fre 812 5124 11 179 179
lay 824 5128 61 0 179
fre 900 5124 11 179 179
fre 908 5132 11 179 179
lay 904 5128 61 0 179
fre 940 5132 11 179 179
fre 1100 5124 11 179 179
fre 1140 5140 11 179 179
fre 1148 5140 11 179 179
fre 1172 5124 11 179 179
fre 1308 5140 11 179 179
fre 1308 5124 11 179 179
fre 1316 5148 11 179 179
fre 1332 5148 11 179 179
fre 1324 5140 11 179 179
tree 1432 5144 17 0 179
tree 1432 5128 5 0 179
fre 1532 5140 11 179 179
lay 1528 5128 61 0 179
tree 1544 5128 12 0 179
fre 1580 5140 11 179 179
fre 1580 5124 11 179 179
fre 1628 5140 11 179 179
tree 1640 5128 4 0 179
zabor 2032 5136 28 0 8
trop 2100 5124 48 179 179
fre 2260 5132 11 179 179
fre 2244 5132 11 179 179
lay 2472 5128 28 0 179
trop 2844 5140 67 179 179
lay 2952 5144 61 0 179
lay 3208 5128 61 0 179
zabor 3376 5136 29 0 8
lay 3576 5144 28 0 179
fre 3740 5132 6 179 179
zabor 3824 5136 28 0 8
fre 3932 5124 6 179 179
fre 3972 5132 6 179 179
fre 4012 5140 26 179 179
fre 4020 5124 26 179 179
fre 4012 5124 26 179 179
trop 4060 5148 66 179 179
fre 4148 5124 20 179 179
fre 4172 5124 19 179 179
fre 4396 5148 8 179 179
fre 4404 5148 11 179 179
fre 4420 5132 11 179 179
fre 4428 5132 11 179 179
fre 4460 5132 8 179 179
lay 4472 5128 65 0 179
fre 4500 5132 11 179 179
fre 4516 5132 11 179 179
tree 4520 5144 51 0 179
tree 4568 5128 17 0 179
tree 4552 5144 19 0 179
tree 4600 5128 13 0 179
tree 5336 5144 36 0 179
lay 5640 5128 61 0 179
lay 5928 5128 16 0 179
trop 6028 5124 65 179 179
lay 6456 5128 61 0 179
lay 6440 5128 61 0 179
fre 6524 5140 12 179 179
fre 6588 5140 12 179 179
fre 6620 5132 12 179 179
lay 6888 5144 61 0 179
lay 6936 5144 61 0 179
lay 6984 5144 61 0 179
fre 7068 5124 29 179 179
lay 7064 5128 61 0 179
tree 7096 5144 51 0 179
lay 7112 5128 61 0 179
tree 7944 5144 57 0 179
tree 7960 5144 11 0 179
tree 7992 5128 27 0 179
tree 8056 5128 11 0 179
tree 8056 5144 4 0 179
tree 8072 5128 43 0 179
tree 120 5160 57 0 179
tree 216 5160 44 0 179
tree 216 5176 57 0 179
tree 200 5160 11 0 179
tree 248 5176 21 0 179
tree 232 5176 35 0 179
tree 344 5176 21 0 179
tree 344 5160 27 0 179
tree 328 5160 12 0 179
tree 408 5176 4 0 179
tree 408 5160 58 0 179
fre 524 5180 11 179 179
fre 604 5172 11 179 179
lay 600 5160 61 0 179
fre 652 5172 11 179 179
fre 652 5156 11 179 179
fre 676 5172 11 179 179
fre 700 5164 11 179 179
fre 700 5172 11 179 179
fre 772 5172 11 179 179
fre 900 5172 11 179 179
fre 1196 5172 11 179 179
lay 1224 5160 28 0 179
fre 1228 5156 11 179 179
lay 1240 5160 61 0 179
fre 1316 5156 11 179 179
fre 1324 5164 11 179 179
lay 1320 5160 61 0 179
fre 1356 5164 11 179 179
tree 1400 5160 50 0 179
tree 1432 5176 19 0 179
fre 1492 5156 11 179 179
tree 1544 5160 43 0 179
tree 1544 5176 25 0 179
fre 1556 5164 11 179 179
fre 1580 5172 11 179 179
tree 1608 5176 2 0 179
fre 2236 5164 11 179 179
fre 2228 5180 11 179 179
lay 3272 5160 61 0 179
zabor 3376 5168 29 0 8
lay 3512 5160 61 0 179
zabor 3824 5168 27 0 8
dom 3872 5152 299 0 179
fre 3900 5156 26 179 179
fre 3876 5180 26 179 179
fre 3908 5156 26 179 179
fre 3996 5172 26 179 179
fre 3996 5156 26 179 179
fre 4012 5164 6 179 179
fre 4132 5180 26 179 179
fre 4228 5172 11 179 179
fre 4292 5172 11 179 179
fre 4324 5164 8 179 179
fre 4356 5172 8 179 179
fre 4364 5156 11 179 179
fre 4372 5164 11 179 179
fre 4420 5164 11 179 179
fre 4500 5164 11 179 179
fre 4500 5180 11 179 179
fre 4500 5156 11 179 179
fre 4524 5164 11 179 179
tree 4520 5176 19 0 179
fre 4604 5172 11 179 179
fre 4636 5164 11 179 179
fre 4628 5172 11 179 179
tree 4648 5160 57 0 179
fre 4700 5180 11 179 179
tree 4744 5160 43 0 179
tree 5368 5176 49 0 179
lay 5656 5160 61 0 179
lay 5640 5176 61 0 179
trop 6028 5180 65 179 179
fre 6340 5172 12 179 179
lay 6408 5160 28 0 179
fre 6428 5172 12 179 179
fre 6452 5156 12 179 179
lay 6584 5160 63 0 179
lay 6952 5160 61 0 179
lay 7048 5160 61 0 179
lay 7176 5160 61 0 179
lay 7208 5160 61 0 179
trop 7324 5156 68 179 179
tree 7944 5160 50 0 179
tree 8008 5160 27 0 179
tree 8056 5160 57 0 179
tree 8056 5176 44 0 179
tree 72 5208 35 0 179
tree 120 5208 19 0 179
tree 136 5208 27 0 179
tree 168 5208 51 0 179
tree 216 5192 50 0 179
tree 248 5192 35 0 179
tree 232 5192 2 0 179
tree 280 5208 17 0 179
tree 328 5192 19 0 179
tree 488 5192 9 0 179
fre 516 5212 11 179 179
fre 564 5188 11 179 179
fre 628 5196 11 179 179
fre 652 5204 11 179 179
fre 692 5196 11 179 179
fre 684 5204 11 179 179
fre 692 5204 11 179 179
fre 836 5196 11 179 179
fre 836 5204 11 179 179
fre 900 5212 11 179 179
fre 1092 5204 11 179 179
fre 1116 5196 11 179 179
fre 1188 5204 11 179 179
fre 1316 5204 11 179 179
tree 1432 5192 44 0 179
tree 1432 5208 57 0 179
tree 1416 5192 11 0 179
tree 1464 5208 21 0 179
tree 1448 5208 35 0 179
tree 1560 5208 21 0 179
tree 1560 5192 27 0 179
tree 1544 5192 12 0 179
tree 1720 5208 4 0 179
zabor 2032 5200 31 0 8
trop 2100 5204 48 179 179
fre 2228 5204 11 179 179
fre 2228 5212 11 179 179
fre 2252 5212 11 179 179
trop 3076 5196 48 179 179
lay 3224 5208 61 0 179
zabor 3376 5200 25 0 8
lay 3640 5192 28 0 179
fre 3780 5212 6 179 179
zabor 3824 5200 24 0 8
fre 3884 5204 26 179 179
fre 3900 5188 6 179 179
lay 3880 5208 63 0 179
fre 4092 5188 26 179 179
fre 4116 5204 26 179 179
fre 4132 5188 26 179 179
tree 4184 5208 37 0 179
fre 4204 5204 11 179 179
tree 4200 5192 4 0 179
fre 4252 5204 11 179 179
fre 4308 5212 11 179 179
fre 4308 5188 11 179 179
fre 4348 5196 11 179 179
fre 4420 5196 11 179 179
fre 4428 5212 11 179 179
fre 4484 5212 11 179 179
fre 4572 5212 11 179 179
trop 4676 5212 123 179 179
fre 5076 5196 11 179 179
tree 5336 5192 40 0 179
tree 5336 5208 26 0 179
tree 5368 5192 12 0 179
tree 5368 5208 5 0 179
tree 5352 5208 3 0 179
trop 5492 5188 68 179 179
dom 5600 5184 70 0 179
lay 5832 5208 61 0 179
lay 6152 5192 64 0 179
fre 6428 5212 12 179 179
lay 6472 5192 61 0 179
lay 6488 5192 63 0 179
trop 6788 5196 67 179 179
dom 6912 5184 81 0 179
dom 7200 5184 79 0 179
tree 7928 5208 43 0 179
tree 7928 5192 59 0 179
tree 8008 5192 35 0 179
tree 8056 5192 11 0 179
tree 8072 5208 11 0 179
tree 8072 5192 11 0 179
tree 120 5224 19 0 179
tree 120 5240 11 0 179
tree 152 5224 35 0 179
tree 168 5224 11 0 179
tree 184 5240 3 0 179
tree 280 5224 17 0 179
tree 376 5224 50 0 179
fre 492 5244 11 179 179
tree 520 5240 18 0 179
fre 684 5220 11 179 179
lay 872 5224 28 0 179
tree 1016 5240 44 0 179
fre 1036 5220 15 179 179
fre 1108 5228 11 179 179
fre 1100 5236 11 179 179
fre 1108 5236 11 179 179
fre 1252 5228 11 179 179
fre 1252 5236 11 179 179
fre 1316 5244 11 179 179
tree 1432 5224 50 0 179
tree 1464 5224 35 0 179
tree 1448 5224 2 0 179
tree 1496 5240 17 0 179
tree 1544 5224 19 0 179
tree 1624 5240 13 0 179
tree 1640 5224 50 0 179
tree 1720 5224 13 0 179
tree 1736 5224 58 0 179
fre 2236 5220 11 179 179
fre 2220 5244 11 179 179
fre 2252 5236 11 179 179
lay 2520 5224 28 0 179
trop 2844 5228 67 179 179
lay 2952 5224 61 0 179
lay 3272 5224 61 0 179
zabor 3376 5232 25 0 8
zabor 3824 5232 25 0 8
trop 4060 5236 66 179 179
fre 4124 5228 27 179 179
fre 4132 5228 26 179 179
fre 4148 5220 26 179 179
tree 4184 5224 25 0 179
tree 4216 5224 35 0 179
fre 4252 5244 11 179 179
fre 4260 5244 11 179 179
lay 4344 5224 61 0 179
fre 4340 5236 11 179 179
fre 4364 5244 8 179 179
fre 4380 5220 11 179 179
fre 4412 5220 8 179 179
fre 4412 5228 11 179 179
fre 4492 5244 11 179 179
tree 4504 5240 59 0 179
tree 4536 5224 57 0 179
fre 4556 5244 11 179 179
dom 4576 5216 317 0 179
fre 4620 5244 11 179 179
tree 4776 5224 59 0 179
tree 4824 5224 58 0 179
tree 4856 5240 2 0 179
fre 4876 5244 11 179 179
fre 5044 5236 11 179 179
fre 5052 5236 11 179 179
fre 5028 5244 11 179 179
fre 5108 5220 11 179 179
lay 5320 5240 50 0 179
tree 5352 5224 60 0 179
fre 5372 5220 30 179 179
lay 5624 5240 61 0 179
lay 5656 5224 61 0 179
lay 6152 5224 27 0 179
lay 6328 5240 61 0 179
fre 6340 5228 12 179 179
fre 6388 5236 12 179 179
lay 6392 5240 61 0 179
fre 6444 5244 12 179 179
fre 6500 5228 12 179 179
fre 6628 5236 12 179 179
dom 7072 5216 314 0 179
trop 7324 5236 68 179 179
tree 7928 5240 50 0 179
tree 7928 5224 57 0 179
tree 8008 5240 35 0 179
tree 8056 5224 4 0 179
tree 8056 5240 43 0 179
tree 8072 5224 51 0 179
tree 184 5256 26 0 179
tree 328 5272 59 0 179
tree 360 5256 57 0 179
tree 376 5272 4 0 179
fre 700 5252 11 179 179
fre 740 5252 11 179 179
fre 772 5260 11 179 179
fre 836 5268 11 179 179
fre 844 5260 11 179 179
fre 844 5252 11 179 179
fre 908 5276 11 179 179
fre 1100 5252 11 179 179
lay 1288 5256 28 0 179
tree 1496 5256 17 0 179
zabor 2032 5264 24 0 8
fre 2244 5260 11 179 179
fre 2244 5268 11 179 179
lay 2968 5256 61 0 179
trop 3076 5276 48 179 179
lay 3224 5256 61 0 179
fre 3252 5268 15 179 179
zabor 3376 5264 24 0 8
lay 3752 5256 63 0 179
zabor 3824 5264 31 0 8
fre 3868 5260 6 179 179
fre 3852 5252 11 179 179
fre 3876 5268 11 179 179
dom 3904 5248 298 0 179
fre 4172 5268 11 179 179
fre 4180 5276 11 179 179
fre 4204 5260 11 179 179
tree 4200 5272 59 0 179
lay 4264 5256 61 0 179
fre 4388 5252 8 179 179
fre 4396 5252 11 179 179
fre 4396 5260 11 179 179
fre 4508 5268 11 179 179
fre 4604 5276 11 179 179
fre 4612 5252 11 179 179
fre 4620 5268 11 179 179
fre 4732 5260 11 179 179
fre 4740 5252 11 179 179
tree 4808 5272 5 0 179
tree 4808 5256 43 0 179
fre 4836 5276 11 179 179
fre 4844 5260 11 179 179
fre 4892 5268 11 179 179
tree 4888 5256 57 0 179
lay 4920 5272 50 0 179
fre 4932 5252 11 179 179
tree 4952 5272 44 0 179
fre 4988 5252 11 179 179
fre 5004 5252 11 179 179
fre 5092 5252 11 179 179
trop 5492 5276 68 179 179
lay 5672 5272 61 0 179
trop 6028 5276 65 179 179
fre 6396 5260 12 179 179
lay 6424 5272 28 0 179
lay 6472 5272 61 0 179
lay 6552 5272 61 0 179
trop 6796 5252 65 179 179
fre 7324 5276 34 179 179
fre 7444 5276 12 179 179
fre 7436 5268 12 179 179
tree 7464 5272 11 0 179
fre 7460 5252 12 179 179
fre 7468 5252 12 179 179
tree 7928 5256 2 0 179
tree 8024 5272 44 0 179
tree 8008 5256 2 0 179
tree 8056 5256 50 0 179
tree 8056 5272 44 0 179
tree 8072 5272 21 0 179
tree 200 5304 27 0 179
tree 280 5288 12 0 179
tree 280 5304 52 0 179
tree 264 5304 9 0 179
tree 328 5304 50 0 179
tree 328 5288 21 0 179
fre 492 5284 11 179 179
fre 676 5308 11 179 179
fre 684 5292 15 179 179
fre 740 5308 11 179 179
fre 740 5284 11 179 179
fre 788 5284 11 179 179
fre 900 5292 11 179 179
tree 1000 5288 57 0 179
fre 1116 5284 11 179 179
fre 1156 5284 11 179 179
fre 1188 5292 11 179 179
fre 1252 5300 11 179 179
fre 1260 5292 11 179 179
fre 1260 5284 11 179 179
fre 1324 5308 11 179 179
tree 1576 5288 57 0 179
tree 1784 5304 59 0 179
tree 1784 5288 11 0 179
tree 1768 5288 13 0 179
tree 1800 5304 43 0 179
trop 2100 5284 48 179 179
fre 2244 5292 11 179 179
fre 2252 5308 11 179 179
lay 2408 5288 61 0 179
lay 2472 5304 28 0 179
lay 2984 5288 61 0 179
fre 2980 5300 15 179 179
fre 3300 5308 15 179 179
zabor 3376 5296 28 0 8
lay 3496 5304 63 0 179
lay 3592 5304 28 0 179
zabor 3824 5296 26 0 8
fre 3860 5308 15 179 179
fre 3876 5284 6 179 179
fre 3924 5308 11 179 179
fre 3964 5292 6 179 179
fre 3988 5284 6 179 179
fre 4012 5308 15 179 179
fre 4012 5292 15 179 179
fre 4020 5292 15 179 179
tree 4088 5288 9 0 179
fre 4148 5292 11 179 179
tree 4152 5288 36 0 179
tree 4152 5304 43 0 179
fre 4204 5308 11 179 179
lay 4280 5288 61 0 179
fre 4324 5300 11 179 179
fre 4396 5308 11 179 179
fre 4420 5284 8 179 179
lay 4488 5304 65 0 179
tree 4504 5288 44 0 179
tree 4536 5288 50 0 179
trop 4676 5308 67 179 179
fre 4716 5308 11 179 179
fre 4732 5284 11 179 179
lay 4808 5288 50 0 179
lay 4872 5304 50 0 179
fre 4884 5300 11 179 179
fre 4956 5308 11 179 179
fre 4964 5308 11 179 179
fre 4980 5284 11 179 179
fre 4996 5284 11 179 179
tree 5016 5288 57 0 179
tree 5064 5304 9 0 179
tree 5592 5304 35 0 179
tree 5608 5304 13 0 179
lay 5720 5288 61 0 179
lay 5752 5304 61 0 179
fre 6580 5300 12 179 179
trop 6796 5308 65 179 179
trop 6788 5292 67 179 179
trop 6828 5292 125 179 179
trop 6916 5292 113 179 179
trop 7004 5292 113 179 179
trop 7100 5292 113 179 179
trop 7188 5292 113 179 179
trop 7268 5292 113 179 179
dom 7424 5280 310 0 179
fre 7468 5284 12 179 179
fre 7468 5308 12 179 179
fre 7468 5300 12 179 179
fre 7492 5292 29 179 179
tree 7944 5304 27 0 179
tree 8024 5288 51 0 179
tree 8008 5288 57 0 179
tree 8008 5304 21 0 179
tree 8040 5304 2 0 179
tree 8088 5304 58 0 179
tree 8072 5288 50 0 179
tree 8072 5304 58 0 179
tree 152 5320 50 0 179
tree 200 5336 11 0 179
tree 200 5320 35 0 179
tree 216 5336 4 0 179
tree 280 5320 50 0 179
fre 484 5316 11 179 179
tree 504 5336 5 0 179
tree 520 5320 35 0 179
fre 692 5332 11 179 179
fre 732 5332 11 179 179
lay 824 5320 28 0 179
fre 828 5340 11 179 179
fre 884 5340 11 179 179
tree 1032 5336 43 0 179
fre 1092 5340 11 179 179
fre 1100 5324 15 179 179
fre 1156 5340 11 179 179
fre 1156 5316 11 179 179
fre 1204 5316 11 179 179
fre 1316 5324 11 179 179
tree 1624 5320 27 0 179
tree 1608 5320 13 0 179
tree 1608 5336 4 0 179
zabor 2032 5328 30 0 8
fre 2244 5340 11 179 179
fre 2772 5340 22 179 179
fre 2764 5340 26 179 179
fre 2804 5324 27 179 179
fre 2804 5316 26 179 179
fre 2812 5324 26 179 179
trop 2844 5324 67 179 179
fre 3004 5332 15 179 179
fre 3204 5332 15 179 179
lay 3256 5320 61 0 179
fre 3260 5332 15 179 179
zabor 3376 5328 24 0 8
lay 3512 5336 61 0 179
zabor 3824 5328 29 0 8
lay 3816 5336 63 0 179
fre 3852 5316 11 179 179
fre 3860 5340 15 179 179
fre 3844 5332 15 179 179
tree 3880 5336 36 0 179
fre 3892 5324 15 179 179
fre 3916 5340 6 179 179
fre 3916 5324 15 179 179
fre 3948 5324 11 179 179
fre 3948 5332 15 179 179
fre 3956 5324 15 179 179
fre 3956 5316 15 179 179
fre 3980 5332 15 179 179
fre 3996 5324 15 179 179
fre 3996 5316 15 179 179
fre 4012 5340 11 179 179
fre 4020 5324 15 179 179
fre 4004 5324 15 179 179
trop 4060 5324 66 179 179
fre 4100 5324 11 179 179
fre 4140 5340 11 179 179
fre 4204 5324 11 179 179
lay 4232 5336 61 0 179
fre 4300 5324 11 179 179
lay 4312 5336 65 0 179
tree 4456 5336 25 0 179
tree 4504 5336 29 0 179
tree 4536 5336 2 0 179
fre 4524 5316 11 179 179
fre 4732 5316 11 179 179
dom 4736 5312 313 0 179
fre 4956 5332 11 179 179
tree 5240 5336 4 0 179
tree 5576 5336 4 0 179
tree 5608 5336 11 0 179
tree 5640 5320 29 0 179
lay 5672 5320 61 0 179
lay 5784 5320 61 0 179
lay 5800 5336 61 0 179
fre 6340 5324 12 179 179
lay 6376 5336 28 0 179
fre 6404 5316 12 179 179
lay 6584 5336 28 0 179
fre 6580 5340 12 179 179
fre 6596 5316 12 179 179
fre 6964 5340 11 179 179
fre 7260 5340 11 179 179
fre 7244 5332 11 179 179
dom 7232 5312 299 0 179
trop 7324 5316 68 179 179
fre 7412 5340 12 179 179
fre 7452 5340 12 179 179
fre 7468 5324 12 179 179
fre 7500 5324 12 179 179
tree 7960 5336 21 0 179
tree 7944 5320 19 0 179
tree 8040 5320 11 0 179
tree 8072 5320 44 0 179
tree 168 5368 58 0 179
tree 184 5352 4 0 179
tree 184 5368 59 0 179
tree 216 5352 50 0 179
tree 296 5368 2 0 179
fre 492 5372 11 179 179
fre 700 5372 15 179 179
fre 724 5364 11 179 179
fre 732 5348 11 179 179
fre 780 5356 11 179 179
fre 804 5348 11 179 179
lay 904 5352 61 0 179
tree 968 5368 19 0 179
fre 1108 5364 11 179 179
fre 1148 5364 11 179 179
lay 1240 5352 28 0 179
fre 1244 5372 11 179 179
fre 1300 5372 11 179 179
tree 1816 5368 59 0 179
trop 2100 5364 48 179 179
fre 2252 5356 11 179 179
tree 2248 5368 35 0 179
lay 2392 5352 50 0 179
fre 2748 5372 26 179 179
fre 2796 5364 27 179 179
fre 2796 5356 26 179 179
trop 3076 5356 48 179 179
lay 3288 5352 61 0 179
zabor 3376 5360 30 0 8
lay 3736 5352 61 0 179
zabor 3824 5360 31 0 8
fre 3860 5364 11 179 179
fre 3884 5372 15 179 179
fre 3892 5348 30 179 179
lay 3928 5368 65 0 179
fre 3948 5348 11 179 179
fre 3980 5364 32 179 179
fre 4092 5372 11 179 179
fre 4228 5356 11 179 179
fre 4340 5372 11 179 179
fre 4364 5356 11 179 179
fre 4364 5364 11 179 179
fre 4508 5356 11 179 179
fre 4500 5348 11 179 179
tree 4488 5352 28 0 179
tree 4488 5368 20 0 179
dom 4576 5344 316 0 179
fre 4956 5348 11 179 179
fre 4964 5372 11 179 179
dom 5024 5344 315 0 179
lay 5096 5352 50 0 179
tree 5128 5352 58 0 179
tree 5224 5368 20 0 179
tree 5240 5352 20 0 179
fre 5244 5364 11 179 179
stand 5304 5368 27 0 179
stand 5288 5368 27 0 179
tree 5288 5352 29 0 179
tree 5304 5352 12 0 179
stand 5320 5368 27 0 179
fre 5332 5372 11 179 179
tree 5368 5352 36 0 179
tree 5352 5368 9 0 179
stand 5448 5368 176 0 179
trop 5492 5364 68 179 179
lay 5624 5368 61 0 179
lay 5816 5368 61 0 179
tree 6008 5368 13 0 179
trop 6028 5372 65 179 179
dom 6112 5344 82 1 179
lay 6392 5368 63 0 179
fre 6532 5356 12 179 179
lay 6568 5368 63 0 179
tree 6840 5368 50 0 179
dom 6912 5344 82 0 179
fre 6980 5348 11 179 179
fre 7004 5348 11 179 179
fre 7116 5372 11 179 179
fre 7276 5364 11 179 179
fre 7276 5372 11 179 179
fre 7268 5348 11 179 179
fre 7436 5356 12 179 179
fre 7452 5356 12 179 179
fre 7468 5356 12 179 179
fre 7476 5348 12 179 179
lay 7480 5368 60 0 179
tree 7960 5352 4 0 179
tree 7976 5368 13 0 179
tree 7976 5352 13 0 179
tree 8040 5368 51 0 179
tree 8088 5368 13 0 179
tree 8088 5352 27 0 179
tree 8072 5352 44 0 179
tree 8072 5368 43 0 179
tree 120 5400 51 0 179
tree 168 5400 58 0 179
tree 168 5384 57 0 179
tree 184 5384 44 0 179
tree 264 5384 35 0 179
tree 296 5384 43 0 179
tree 536 5400 44 0 179
fre 660 5404 11 179 179
fre 708 5404 11 179 179
fre 788 5388 11 179 179
fre 804 5388 11 179 179
fre 804 5404 11 179 179
lay 824 5384 61 0 179
fre 916 5404 11 179 179
tree 952 5400 11 0 179
tree 1000 5384 43 0 179
fre 1116 5404 15 179 179
fre 1140 5396 11 179 179
fre 1148 5380 11 179 179
fre 1196 5388 11 179 179
fre 1220 5380 11 179 179
lay 1320 5384 61 0 179
tree 1592 5384 59 0 179
tree 1576 5384 19 0 179
tree 1576 5400 51 0 179
tree 1816 5384 58 0 179
zabor 2032 5392 24 0 8
tree 2232 5400 35 0 179
tree 2264 5400 13 0 179
fre 2284 5388 11 179 179
fre 2292 5404 11 179 179
fre 2724 5404 27 179 179
fre 2724 5396 26 179 179
fre 2756 5396 27 179 179
fre 2764 5396 26 179 179
fre 2788 5396 26 179 179
fre 2908 5380 15 179 179
lay 2920 5400 50 0 179
fre 3004 5404 15 179 179
fre 3020 5380 15 179 179
fre 3124 5396 15 179 179
fre 3132 5388 11 179 179
fre 3156 5404 11 179 179
fre 3196 5396 15 179 179
lay 3288 5400 61 0 179
fre 3324 5380 15 179 179
zabor 3376 5392 27 0 8
lay 3560 5400 28 0 179
zabor 3824 5392 25 0 8
fre 3972 5388 11 179 179
fre 4012 5404 11 179 179
fre 4020 5388 11 179 179
fre 4124 5388 11 179 179
fre 4180 5380 11 179 179
fre 4236 5380 11 179 179
fre 4284 5380 11 179 179
fre 4388 5404 11 179 179
fre 4460 5396 11 179 179
tree 4472 5384 58 0 179
fre 4492 5388 29 179 179
tree 4520 5384 5 0 179
trop 4676 5388 67 179 179
fre 4924 5388 11 179 179
fre 4956 5404 11 179 179
fre 4988 5404 11 179 179
fre 4980 5388 11 179 179
tree 5096 5384 29 0 179
fre 5244 5388 11 179 179
tree 5256 5384 20 0 179
dom 5312 5376 86 0 179
stand 5368 5400 157 0 179
fre 5356 5404 11 179 179
fre 5348 5404 11 179 179
stand 5400 5400 157 0 179
stand 5384 5400 157 0 179
tree 5384 5384 37 0 179
tree 5400 5384 28 0 179
lay 5624 5384 61 0 179
lay 5608 5384 61 0 179
lay 5992 5384 64 0 179
lay 6152 5384 64 0 179
fre 6404 5380 12 179 179
fre 6492 5380 12 179 179
fre 6484 5380 12 179 179
fre 6620 5380 12 179 179
trop 6796 5404 65 179 179
trop 6788 5380 67 179 179
fre 6836 5380 30 179 179
fre 6988 5380 11 179 179
fre 7036 5404 11 179 179
fre 7052 5380 11 179 179
stand 7048 5400 166 0 179
dom 7104 5376 86 0 179
lay 7112 5400 61 0 179
fre 7140 5404 11 179 179
tree 7224 5400 58 0 179
trop 7308 5396 69 179 179
tree 7992 5400 19 0 179
tree 7992 5384 4 0 179
tree 8040 5400 11 0 179
tree 8040 5384 4 0 179
tree 8088 5400 44 0 179
tree 8088 5384 2 0 179
tree 8072 5384 4 0 179
tree 8072 5400 21 0 179
tree 104 5416 21 0 179
tree 104 5432 27 0 179
tree 168 5432 27 0 179
tree 168 5416 57 0 179
tree 184 5416 50 0 179
tree 536 5416 19 0 179
fre 668 5428 11 179 179
fre 668 5420 15 179 179
fre 676 5428 11 179 179
fre 788 5420 11 179 179
tree 1032 5416 57 0 179
fre 1076 5436 11 179 179
fre 1124 5436 11 179 179
fre 1204 5420 11 179 179
fre 1220 5420 11 179 179
fre 1220 5436 11 179 179
lay 1240 5416 61 0 179
fre 1332 5436 11 179 179
tree 1560 5432 57 0 179
tree 1576 5432 4 0 179
tree 1832 5432 13 0 179
tree 2264 5432 3 0 179
fre 2268 5428 11 179 179
tree 2248 5432 19 0 179
fre 2276 5420 11 179 179
lay 2456 5416 50 0 179
lay 2552 5432 61 0 179
fre 2724 5420 26 179 179
fre 2780 5420 26 179 179
fre 2756 5428 26 179 179
trop 2844 5420 67 179 179
fre 2916 5436 15 179 179
tree 3032 5416 59 0 179
trop 3076 5436 48 179 179
fre 3156 5436 15 179 179
fre 3156 5420 11 179 179
fre 3172 5436 11 179 179
fre 3284 5436 15 179 179
zabor 3376 5424 26 0 8
lay 3592 5432 61 0 179
zabor 3824 5424 24 0 8
fre 3900 5436 15 179 179
fre 3908 5428 15 179 179
fre 3964 5436 11 179 179
trop 4060 5412 66 179 179
fre 4092 5420 11 179 179
tree 4504 5416 27 0 179
tree 5160 5416 51 0 179
fre 5268 5412 11 179 179
fre 5300 5412 11 179 179
fre 5340 5412 11 179 179
fre 5332 5428 11 179 179
fre 5316 5436 11 179 179
stand 5368 5416 159 0 179
stand 5384 5416 158 0 179
stand 5400 5416 156 0 179
lay 5848 5432 61 0 179
lay 5832 5416 61 0 179
tree 6008 5416 59 0 179
fre 6884 5420 11 179 179
fre 6900 5420 11 179 179
fre 6892 5436 11 179 179
fre 6924 5420 11 179 179
fre 6932 5428 11 179 179
fre 6948 5420 11 179 179
lay 6968 5432 61 0 179
fre 6980 5420 11 179 179
fre 6988 5428 11 179 179
fre 6980 5428 11 179 179
fre 6996 5428 11 179 179
fre 6988 5420 11 179 179
tree 7032 5432 44 0 179
fre 7036 5428 11 179 179
fre 7036 5420 11 179 179
fre 7020 5420 11 179 179
fre 7012 5428 11 179 179
fre 7028 5428 11 179 179
lay 7032 5432 61 0 179
tree 7064 5432 35 0 179
fre 7068 5412 11 179 179
fre 7052 5436 11 179 179
fre 7084 5420 11 179 179
fre 7092 5436 11 179 179
fre 7076 5428 11 179 179
fre 7084 5436 11 179 179
lay 7096 5416 61 0 179
fre 7116 5420 11 179 179
fre 7132 5428 11 179 179
trop 7236 5436 70 179 179
tree 7992 5416 43 0 179
tree 8024 5432 57 0 179
tree 8008 5416 44 0 179
tree 8040 5432 44 0 179
tree 8088 5432 2 0 179
tree 8088 5416 57 0 179
tree 168 5448 35 0 179
fre 492 5468 11 179 179
tree 552 5464 21 0 179
tree 552 5448 44 0 179
fre 876 5444 15 179 179
lay 904 5448 28 0 179
tree 968 5448 2 0 179
fre 1084 5460 11 179 179
fre 1084 5452 15 179 179
fre 1092 5460 11 179 179
fre 1204 5452 11 179 179
tree 1544 5448 35 0 179
tree 1832 5448 4 0 179
zabor 2032 5456 31 0 8
trop 2100 5444 48 179 179
fre 2276 5452 11 179 179
fre 2276 5460 11 179 179
lay 2536 5448 28 0 179
fre 2708 5468 12 179 179
fre 2708 5452 12 179 179
fre 2708 5444 12 179 179
fre 2716 5460 12 179 179
lay 2728 5448 39 0 179
fre 2724 5444 12 179 179
lay 2936 5464 50 0 179
fre 2916 5444 15 179 179
fre 2940 5444 15 179 179
dom 2944 5440 81 0 179
fre 3012 5468 15 179 179
fre 3132 5468 15 179 179
fre 3180 5460 11 179 179
fre 3188 5468 11 179 179
fre 3180 5444 11 179 179
fre 3212 5460 15 179 179
tree 3320 5448 49 0 179
tree 3304 5464 17 0 179
zabor 3376 5456 26 0 8
lay 3480 5448 28 0 179
zabor 3760 5456 29 0 8
lay 3768 5448 61 0 179
zabor 3792 5456 24 0 8
zabor 3824 5456 24 0 8
fre 3908 5444 15 179 179
fre 3924 5468 15 179 179
dom 3936 5440 310 0 179
fre 3940 5460 11 179 179
trop 4156 5468 70 179 179
trop 4236 5444 113 179 179
trop 4316 5444 113 179 179
trop 4404 5444 113 179 179
trop 4484 5444 113 179 179
trop 4572 5444 113 179 179
trop 4660 5444 113 179 179
trop 4748 5444 113 179 179
trop 4836 5444 113 179 179
trop 4924 5444 113 179 179
trop 5012 5444 113 179 179
trop 5092 5444 113 179 179
trop 5180 5444 113 179 179
trop 5268 5444 113 179 179
stand 5336 5448 149 0 179
trop 5356 5444 113 179 179
trop 5436 5444 113 179 179
trop 5492 5444 68 179 179
lay 5624 5448 61 0 179
lay 5640 5448 61 0 179
lay 5752 5464 61 0 179
lay 5848 5448 61 0 179
tree 5992 5464 2 0 179
trop 6028 5460 65 179 179
tree 6072 5448 58 0 179
lay 6104 5448 64 0 179
trop 6764 5468 69 179 179
fre 7236 5452 35 179 179
dom 7776 5440 247 0 179
trop 7884 5468 83 179 179
trop 7900 5460 83 179 179
trop 7916 5444 83 179 179
trop 7932 5460 83 179 179
trop 7996 5460 83 179 179
trop 7972 5452 83 179 179
tree 8024 5448 43 0 179
tree 8040 5464 19 0 179
tree 8040 5448 51 0 179
tree 8088 5448 27 0 179
tree 8072 5448 35 0 179
tree 8104 5464 2 0 179
tree 8104 5448 4 0 179
lay 104 5480 25 0 179
fre 484 5500 11 179 179
fre 500 5500 11 179 179
fre 492 5492 11 179 179
tree 552 5480 57 0 179
fre 668 5476 11 179 179
fre 676 5476 12 179 179
fre 708 5500 11 179 179
fre 708 5476 11 179 179
fre 724 5500 11 179 179
fre 820 5492 11 179 179
fre 844 5492 11 179 179
fre 860 5500 11 179 179
fre 844 5500 15 179 179
fre 876 5492 15 179 179
fre 892 5476 12 179 179
fre 924 5492 11 179 179
fre 940 5500 11 179 179
fre 948 5500 11 179 179
fre 932 5492 15 179 179
tree 968 5496 51 0 179
fre 1292 5476 15 179 179
lay 1320 5480 28 0 179
tree 1864 5496 2 0 179
lay 2184 5480 61 0 179
lay 2200 5496 61 0 179
tree 2296 5496 28 0 179
tree 2280 5496 36 0 179
fre 2276 5484 11 179 179
fre 2284 5500 11 179 179
lay 2424 5496 50 0 179
fre 2684 5500 12 179 179
fre 2684 5476 12 179 179
lay 2696 5480 32 0 179
lay 2712 5480 38 0 179
fre 2748 5476 23 179 179
fre 2740 5476 26 179 179
fre 2748 5484 26 179 179
fre 2772 5484 26 179 179
fre 2884 5492 15 179 179
lay 3160 5480 50 0 179
fre 3180 5492 11 179 179
fre 3196 5492 11 179 179
fre 3188 5476 11 179 179
lay 3208 5496 50 0 179
tree 3208 5496 57 0 179
fre 3292 5476 15 179 179
tree 3304 5496 18 0 179
tree 3352 5496 28 0 179
tree 3352 5480 40 0 179
zabor 3376 5488 28 0 8
fre 3364 5492 11 179 179
fre 3380 5500 11 179 179
zabor 3408 5488 24 0 8
zabor 3440 5488 24 0 8
zabor 3472 5488 29 0 8
zabor 3504 5488 24 0 8
zabor 3536 5488 31 0 8
zabor 3568 5488 28 0 8
zabor 3600 5488 31 0 8
zabor 3632 5488 24 0 8
zabor 3664 5488 30 0 8
zabor 3696 5488 26 0 8
zabor 3728 5488 27 0 8
zabor 3760 5488 26 0 8
fre 3892 5500 11 179 179
fre 3892 5476 15 179 179
trop 4060 5500 66 179 179
fre 4084 5484 11 179 179
tree 4104 5480 50 0 179
tree 5160 5480 29 0 179
stand 5304 5496 180 0 179
tree 5368 5496 25 0 179
tree 5400 5496 37 0 179
lay 5640 5480 61 0 179
lay 5656 5496 61 0 179
lay 5848 5480 61 0 179
tree 5960 5496 2 0 179
trop 6068 5492 114 179 179
trop 6124 5492 114 179 179
trop 6156 5492 114 179 179
trop 6220 5492 114 179 179
trop 6252 5492 114 179 179
trop 6308 5492 114 179 179
trop 6396 5492 114 179 179
trop 6492 5492 114 179 179
trop 6588 5492 114 179 179
trop 6684 5492 114 179 179
trop 7828 5500 83 179 179
trop 7860 5500 83 179 179
trop 7884 5484 83 179 179
trop 8060 5492 83 179 179
trop 8052 5492 83 179 179
lay 136 5528 25 0 179
fre 524 5516 11 179 179
tree 584 5528 11 0 179
fre 668 5508 11 179 179
fre 668 5524 15 179 179
fre 724 5516 11 179 179
fre 828 5508 11 179 179
fre 828 5532 15 179 179
fre 836 5508 11 179 179
fre 852 5516 11 179 179
lay 840 5528 61 0 179
lay 888 5528 28 0 179
tree 920 5512 51 0 179
fre 940 5516 11 179 179
fre 980 5524 11 179 179
fre 972 5516 11 179 179
tree 968 5512 58 0 179
fre 1020 5524 11 179 179
fre 1084 5508 11 179 179
fre 1124 5532 11 179 179
fre 1124 5508 11 179 179
fre 1140 5532 11 179 179
fre 1236 5524 11 179 179
fre 1260 5524 11 179 179
fre 1276 5532 11 179 179
fre 1260 5532 15 179 179
fre 1292 5524 15 179 179
fre 1340 5524 11 179 179
fre 1356 5532 11 179 179
fre 1364 5532 11 179 179
fre 1348 5524 15 179 179
tree 1560 5512 19 0 179
tree 1880 5528 59 0 179
tree 1864 5512 19 0 179
zabor 2032 5520 30 0 8
trop 2100 5524 48 179 179
lay 2200 5528 61 0 179
fre 2308 5508 11 179 179
fre 2316 5508 11 179 179
lay 2696 5528 38 0 179
fre 2700 5516 12 179 179
fre 2700 5524 12 179 179
trop 2844 5516 68 179 179
lay 2920 5512 50 0 179
fre 2916 5532 15 179 179
fre 2980 5524 15 179 179
trop 3076 5516 48 179 179
fre 3180 5508 11 179 179
fre 3204 5532 15 179 179
fre 3236 5532 15 179 179
tree 3304 5512 49 0 179
tree 3352 5512 26 0 179
tree 3352 5528 29 0 179
tree 3384 5528 52 0 179
fre 3380 5532 11 179 179
fre 3380 5516 11 179 179
fre 3372 5508 11 179 179
fre 3396 5524 11 179 179
fre 3884 5524 11 179 179
fre 3924 5532 15 179 179
fre 3964 5532 15 179 179
lay 3944 5512 65 0 179
tree 4088 5512 18 0 179
tree 4104 5528 20 0 179
fre 4244 5532 29 179 179
dom 4832 5504 312 0 179
stand 5256 5528 184 0 179
stand 5288 5528 181 0 179
stand 5304 5512 180 0 179
tree 5384 5512 17 0 179
tree 5432 5512 20 0 179
trop 5492 5532 68 179 179
lay 5656 5528 61 0 179
tree 6008 5528 35 0 179
trop 7212 5524 122 179 179
trop 7780 5524 83 179 179
trop 7836 5532 83 179 179
tree 632 5544 13 0 179
fre 660 5556 11 179 179
fre 732 5540 11 179 179
tree 728 5560 21 0 179
fre 828 5564 15 179 179
fre 820 5548 15 179 179
tree 840 5560 43 0 179
tree 920 5544 58 0 179
fre 1020 5540 11 179 179
fre 1028 5540 11 179 179
fre 1084 5540 11 179 179
fre 1084 5556 15 179 179
fre 1140 5548 11 179 179
fre 1244 5540 11 179 179
fre 1244 5564 15 179 179
fre 1252 5540 11 179 179
fre 1268 5548 11 179 179
lay 1256 5560 61 0 179
lay 1304 5560 28 0 179
fre 1356 5548 11 179 179
fre 1396 5556 11 179 179
fre 1388 5548 11 179 179
fre 1436 5556 11 179 179
tree 1560 5560 58 0 179
lay 2232 5544 61 0 179
tree 2312 5544 12 0 179
fre 2460 5564 12 179 179
fre 2452 5564 12 179 179
fre 2484 5564 12 179 179
fre 2468 5564 12 179 179
fre 2508 5564 12 179 179
lay 2552 5560 36 0 179
fre 2652 5564 12 179 179
lay 2728 5560 37 0 179
fre 2740 5564 12 179 179
fre 2732 5564 12 179 179
lay 2984 5560 50 0 179
tree 3032 5544 51 0 179
fre 3132 5548 15 179 179
lay 3160 5560 50 0 179
dom 3168 5536 82 0 179
lay 3192 5544 50 0 179
fre 3188 5548 11 179 179
fre 3212 5548 15 179 179
fre 3204 5564 11 179 179
lay 3320 5544 50 0 179
tree 3304 5544 11 0 179
tree 3320 5544 51 0 179
fre 3324 5556 11 179 179
fre 3316 5556 11 179 179
fre 3300 5548 11 179 179
tree 3352 5560 57 0 179
fre 3356 5548 11 179 179
fre 3388 5564 29 179 179
lay 3384 5560 50 0 179
fre 3364 5556 11 179 179
fre 3364 5540 11 179 179
fre 3380 5540 11 179 179
fre 3380 5556 11 179 179
fre 3396 5548 11 179 179
fre 3892 5548 11 179 179
fre 3924 5564 11 179 179
tree 3944 5544 12 0 179
fre 3988 5564 11 179 179
tree 4088 5544 28 0 179
trop 4132 5548 68 179 179
tree 4456 5560 19 0 179
tree 4488 5560 44 0 179
lay 4568 5560 65 0 179
lay 4920 5560 65 0 179
fre 5276 5548 11 179 179
tree 5976 5560 43 0 179
trop 6028 5564 65 179 179
trop 6028 5540 65 179 179
tree 6072 5544 58 0 179
trop 7756 5540 83 179 179
trop 7820 5548 83 179 179
stand 7912 5560 261 0 179
stand 8008 5544 274 0 179
fre 692 5588 11 179 179
fre 676 5580 11 179 179
tree 680 5576 57 0 179
tree 712 5592 21 0 179
tree 760 5576 51 0 179
fre 820 5596 11 179 179
fre 820 5580 11 179 179
fre 844 5572 15 179 179
tree 888 5576 58 0 179
fre 1012 5596 11 179 179
fre 1020 5572 11 179 179
fre 1076 5588 11 179 179
fre 1148 5572 11 179 179
fre 1244 5596 15 179 179
fre 1236 5580 15 179 179
fre 1436 5572 11 179 179
fre 1444 5572 11 179 179
tree 1576 5576 4 0 179
tree 1576 5592 11 0 179
tree 1912 5592 57 0 179
zabor 2032 5584 28 0 8
lay 2264 5592 61 0 179
tree 2360 5592 37 0 179
vor 2420 5588 25 179 179
lay 2456 5576 33 0 179
fre 2444 5572 12 179 179
lay 2488 5576 34 0 179
fre 2468 5580 12 179 179
lay 2520 5576 35 0 179
fre 2524 5580 12 179 179
fre 2540 5588 12 179 179
fre 2580 5572 12 179 179
fre 2564 5572 12 179 179
lay 2600 5576 32 0 179
fre 2620 5572 12 179 179
lay 2680 5576 34 0 179
fre 2676 5580 12 179 179
fre 2732 5580 12 179 179
fre 2756 5572 12 179 179
tree 2776 5576 44 0 179
lay 2792 5576 39 0 179
fre 2796 5580 12 179 179
tree 2824 5592 21 0 179
trop 2868 5588 118 179 179
trop 3076 5596 48 179 179
fre 3148 5588 15 179 179
fre 3188 5588 15 179 179
fre 3204 5572 15 179 179
fre 3228 5572 11 179 179
fre 3348 5580 11 179 179
fre 3332 5580 11 179 179
fre 3364 5572 11 179 179
fre 3940 5572 11 179 179
trop 4060 5580 66 179 179
tree 4088 5592 29 0 179
tree 4088 5576 28 0 179
tree 4104 5576 20 0 179
tree 4104 5592 5 0 179
fre 4364 5580 11 179 179
fre 4404 5588 11 179 179
tree 4456 5576 49 0 179
fre 4468 5580 32 179 179
tree 4456 5592 59 0 179
lay 4760 5576 65 0 179
tree 4936 5592 3 0 179
lay 5064 5592 61 0 179
lay 5176 5576 28 0 179
lay 5608 5576 61 0 179
lay 5784 5592 61 0 179
lay 6024 5576 64 0 179
lay 6264 5576 64 0 179
dom 6336 5568 70 2 179
trop 7732 5596 87 179 179
trop 7756 5580 83 179 179
trop 7796 5588 83 179 179
trop 7804 5572 83 179 179
lay 136 5608 25 0 179
tree 728 5624 50 0 179
fre 772 5612 11 179 179
fre 788 5628 11 179 179
tree 808 5608 19 0 179
lay 824 5608 28 0 179
fre 804 5620 11 179 179
fre 820 5612 11 179 179
fre 820 5628 15 179 179
fre 836 5628 15 179 179
tree 840 5608 27 0 179
lay 840 5624 61 0 179
fre 908 5612 11 179 179
fre 948 5628 11 179 179
fre 940 5628 11 179 179
fre 1020 5628 11 179 179
fre 1108 5620 11 179 179
fre 1092 5612 11 179 179
fre 1236 5628 11 179 179
fre 1236 5612 11 179 179
fre 1260 5604 15 179 179
fre 1428 5628 11 179 179
fre 1436 5604 11 179 179
tree 1912 5608 13 0 179
tree 1928 5624 4 0 179
tree 1928 5608 57 0 179
trop 2100 5604 48 179 179
lay 2296 5624 61 0 179
stand 2344 5624 210 0 179
tree 2392 5608 29 0 179
tree 2440 5624 40 0 179
fre 2708 5620 12 179 179
fre 2756 5628 12 179 179
fre 2836 5612 12 179 179
trop 2932 5620 64 179 179
trop 3012 5628 113 179 179
trop 4108 5620 69 179 179
fre 4244 5604 11 179 179
fre 4236 5628 11 179 179
fre 4300 5612 11 179 179
fre 4372 5612 11 179 179
fre 4460 5628 11 179 179
tree 4952 5608 49 0 179
tree 4952 5624 21 0 179
lay 5080 5624 28 0 179
lay 5208 5624 61 0 179
lay 5336 5624 28 0 179
lay 5352 5608 61 0 179
trop 5492 5612 68 179 179
lay 5672 5608 61 0 179
lay 5848 5624 61 0 179
tree 5976 5624 59 0 179
tree 6120 5608 19 0 179
trop 7740 5628 83 179 179
lay 184 5640 21 0 179
dom 384 5632 298 0 179
dom 512 5632 310 0 179
dom 608 5632 295 0 179
lay 616 5656 61 0 179
lay 664 5656 61 0 179
lay 712 5656 61 0 179
lay 792 5640 61 0 179
fre 796 5636 29 179 179
tree 824 5656 51 0 179
lay 840 5640 61 0 179
fre 924 5652 11 179 179
lay 920 5640 61 0 179
fre 972 5652 11 179 179
fre 972 5636 11 179 179
fre 1020 5652 11 179 179
fre 1188 5644 11 179 179
fre 1204 5660 11 179 179
lay 1240 5640 28 0 179
fre 1220 5652 11 179 179
fre 1236 5644 11 179 179
fre 1236 5660 15 179 179
fre 1252 5660 15 179 179
fre 1324 5644 11 179 179
fre 1364 5660 11 179 179
fre 1356 5660 11 179 179
fre 1436 5660 11 179 179
tree 1560 5640 19 0 179
tree 1944 5640 57 0 179
tree 1960 5656 51 0 179
tree 1960 5640 21 0 179
zabor 2032 5648 30 0 8
lay 2328 5640 61 0 179
lay 2376 5656 61 0 179
fre 2780 5652 12 179 179
fre 2788 5660 12 179 179
fre 2852 5660 12 179 179
fre 2868 5644 12 179 179
fre 2868 5636 12 179 179
tree 2856 5640 44 0 179
tree 2888 5640 21 0 179
trop 3132 5660 71 179 179
trop 3164 5636 113 179 179
trop 3140 5636 113 179 179
trop 3252 5636 113 179 179
trop 3340 5636 113 179 179
trop 3428 5636 113 179 179
trop 3516 5636 113 179 179
trop 3604 5636 113 179 179
trop 3692 5636 113 179 179
trop 3780 5636 113 179 179
trop 3868 5636 113 179 179
trop 3948 5636 113 179 179
trop 4036 5636 113 179 179
fre 4172 5652 11 179 179
fre 4172 5660 11 179 179
fre 4204 5644 11 179 179
tree 4312 5656 3 0 179
fre 4436 5652 11 179 179
fre 4756 5652 11 179 179
lay 4888 5640 65 0 179
fre 4908 5660 11 179 179
tree 4952 5640 20 0 179
tree 4952 5656 44 0 179
lay 5608 5640 61 0 179
lay 5880 5640 61 0 179
trop 6028 5660 65 179 179
lay 6344 5640 64 0 179
tree 7400 5640 44 0 179
tree 7400 5656 43 0 179
trop 7700 5660 87 179 179
trop 7716 5652 87 179 179
trop 7740 5652 83 179 179
dom 320 5664 311 0 179
lay 680 5672 61 0 179
lay 776 5672 61 0 179
fre 884 5668 11 179 179
lay 904 5672 61 0 179
lay 936 5672 61 0 179
fre 948 5676 11 179 179
fre 972 5684 11 179 179
fre 1340 5684 11 179 179
lay 1336 5672 61 0 179
fre 1388 5684 11 179 179
fre 1388 5668 11 179 179
fre 1436 5684 11 179 179
trop 2100 5684 48 179 179
dom 2304 5664 199 0 179
lay 2616 5672 21 0 179
fre 2692 5692 12 179 179
fre 2692 5684 12 179 179
fre 2692 5676 12 179 179
fre 2708 5692 12 179 179
fre 2700 5676 12 179 179
fre 2700 5668 12 179 179
fre 2780 5676 12 179 179
lay 2808 5672 61 0 179
lay 2856 5688 61 0 179
fre 2876 5692 12 179 179
fre 2860 5676 12 179 179
fre 2860 5668 12 179 179
tree 2888 5672 50 0 179
trop 3020 5692 68 179 179
trop 3076 5676 48 179 179
trop 3132 5668 71 179 179
trop 3140 5692 71 179 179
trop 3196 5676 71 179 179
trop 3180 5676 71 179 179
trop 3220 5668 71 179 179
trop 3228 5692 71 179 179
trop 3220 5692 71 179 179
trop 3212 5684 71 179 179
trop 3236 5684 71 179 179
fre 4308 5684 11 179 179
fre 4324 5668 31 179 179
fre 4452 5668 11 179 179
fre 4516 5684 11 179 179
fre 4620 5684 11 179 179
fre 4644 5668 11 179 179
fre 4828 5684 32 179 179
tree 4920 5672 59 0 179
fre 4916 5692 11 179 179
fre 4964 5692 11 179 179
lay 5208 5688 50 0 179
trop 5492 5692 68 179 179
lay 5688 5672 61 0 179
lay 6104 5672 64 0 179
lay 6568 5672 61 0 179
tree 7384 5672 13 0 179
tree 7416 5688 11 0 179
tree 7528 5688 43 0 179
trop 7716 5668 87 179 179
trop 7740 5684 83 179 179
dom 928 5696 70 0 179
fre 1300 5700 11 179 179
fre 1364 5708 11 179 179
fre 1388 5716 11 179 179
tree 1528 5704 11 0 179
tree 1528 5720 21 0 179
tree 1544 5704 13 0 179
tree 2008 5720 50 0 179
tree 1992 5720 57 0 179
fre 2708 5700 12 179 179
fre 2852 5724 12 179 179
fre 2860 5708 12 179 179
fre 2868 5708 12 179 179
trop 3164 5724 71 179 179
trop 3148 5716 71 179 179
trop 3148 5708 71 179 179
trop 3172 5700 71 179 179
trop 3188 5708 71 179 179
trop 3172 5708 71 179 179
trop 3228 5708 71 179 179
trop 3244 5724 71 179 179
trop 3236 5724 71 179 179
trop 3260 5716 71 179 179
lay 3336 5720 50 0 179
fre 3348 5716 11 179 179
fre 3356 5708 11 179 179
fre 3364 5716 11 179 179
fre 3364 5700 11 179 179
fre 3404 5708 11 179 179
fre 3412 5708 11 179 179
fre 3420 5716 11 179 179
dom 3424 5696 86 0 179
fre 4364 5708 11 179 179
tree 4360 5704 4 0 179
fre 4396 5700 11 179 179
tree 4408 5720 11 0 179
tree 4440 5704 60 0 179
fre 4436 5724 29 179 179
tree 4424 5704 4 0 179
tree 4456 5704 5 0 179
fre 4732 5708 11 179 179
fre 4772 5716 11 179 179
lay 5064 5720 28 0 179
lay 5336 5720 28 0 179
lay 5608 5720 61 0 179
lay 5864 5704 61 0 179
lay 5992 5720 64 0 179
fre 6404 5708 15 179 179
lay 6520 5720 61 0 179
lay 6536 5704 61 0 179
tree 7432 5704 50 0 179
tree 7464 5720 2 0 179
tree 7480 5720 13 0 179
tree 7512 5720 2 0 179
trop 7732 5700 83 179 179
trop 7724 5716 83 179 179
stand 7832 5704 260 0 179
lay 1304 5736 61 0 179
tree 1528 5736 19 0 179
lay 2760 5736 61 0 179
fre 2844 5732 12 179 179
trop 3076 5756 48 179 179
trop 3188 5732 71 179 179
trop 3220 5756 71 179 179
trop 3268 5740 71 179 179
tree 3336 5736 19 0 179
fre 3356 5732 11 179 179
fre 3364 5748 11 179 179
fre 3436 5740 11 179 179
tree 3848 5752 35 0 179
fre 4388 5732 11 179 179
tree 4440 5736 57 0 179
fre 4516 5756 11 179 179
fre 4604 5740 30 179 179
fre 4620 5756 11 179 179
fre 4684 5748 11 179 179
fre 4876 5740 11 179 179
fre 4940 5732 11 179 179
lay 5064 5752 61 0 179
lay 5320 5736 61 0 179
lay 5624 5752 61 0 179
lay 5784 5736 61 0 179
trop 6028 5756 65 179 179
lay 6264 5752 61 0 179
lay 6456 5752 61 0 179
fre 6468 5740 15 179 179
fre 6476 5740 15 179 179
fre 6668 5756 11 179 179
tree 7256 5752 21 0 179
tree 7256 5736 21 0 179
tree 7336 5736 11 0 179
tree 7336 5752 58 0 179
tree 7368 5736 58 0 179
tree 7368 5752 35 0 179
tree 7416 5736 18 0 179
tree 7432 5736 40 0 179
tree 7496 5736 50 0 179
fre 7540 5756 11 179 179
fre 7588 5756 11 179 179
trop 7692 5732 87 179 179
trop 7700 5748 87 179 179
trop 7700 5756 83 179 179
trop 7716 5756 83 179 179
trop 7724 5732 83 179 179
trop 116 5780 113 179 179
trop 204 5780 113 179 179
trop 300 5780 113 179 179
trop 348 5780 113 179 179
trop 436 5780 113 179 179
trop 524 5780 113 179 179
trop 620 5780 113 179 179
trop 700 5780 113 179 179
trop 788 5780 113 179 179
trop 876 5780 113 179 179
trop 972 5780 113 179 179
trop 1052 5780 113 179 179
trop 1140 5780 113 179 179
fre 1164 5780 12 179 179
fre 1172 5788 12 179 179
fre 1196 5764 12 179 179
fre 1188 5764 12 179 179
tree 1192 5784 11 0 179
trop 1228 5780 113 179 179
trop 1324 5780 113 179 179
trop 1404 5780 113 179 179
trop 1492 5780 113 179 179
trop 1580 5780 113 179 179
trop 1676 5780 113 179 179
trop 1756 5780 113 179 179
trop 1844 5780 113 179 179
trop 1932 5780 113 179 179
trop 2028 5780 113 179 179
trop 2100 5764 48 179 179
trop 2156 5780 113 179 179
trop 2228 5780 113 179 179
trop 2316 5780 113 179 179
trop 2404 5780 113 179 179
trop 2492 5780 113 179 179
lay 2520 5784 61 0 179
trop 2580 5780 113 179 179
lay 2632 5768 61 0 179
trop 2660 5780 113 179 179
trop 2748 5780 113 179 179
trop 2836 5780 113 179 179
trop 2924 5780 113 179 179
trop 2996 5764 69 179 179
trop 3220 5764 71 179 179
trop 3260 5764 71 179 179
trop 3252 5772 71 179 179
lay 3352 5768 50 0 179
tree 3384 5784 19 0 179
fre 3388 5788 11 179 179
fre 3388 5780 11 179 179
fre 3476 5772 11 179 179
tree 3848 5768 35 0 179
tree 3848 5784 11 0 179
tree 3864 5784 58 0 179
fre 4444 5772 11 179 179
fre 4548 5780 11 179 179
fre 4652 5780 11 179 179
fre 4740 5788 11 179 179
fre 4836 5780 11 179 179
fre 4948 5780 11 179 179
trop 5492 5772 68 179 179
lay 5848 5768 61 0 179
lay 6232 5784 61 0 179
lay 6232 5768 61 0 179
fre 6268 5764 15 179 179
lay 6328 5768 61 0 179
fre 6316 5788 15 179 179
fre 6308 5780 15 179 179
fre 6356 5788 15 179 179
fre 6428 5772 15 179 179
fre 6500 5772 15 179 179
tree 6536 5784 36 0 179
tree 6632 5768 9 0 179
fre 6660 5788 11 179 179
tree 7256 5768 27 0 179
tree 7272 5784 43 0 179
tree 7320 5768 4 0 179
tree 7320 5784 13 0 179
fre 7548 5780 11 179 179
fre 7548 5772 15 179 179
fre 7556 5780 11 179 179
trop 7692 5780 87 179 179
dom 1152 5792 188 0 179
fre 1196 5812 12 179 179
fre 1196 5820 12 179 179
fre 1196 5796 12 179 179
fre 1220 5804 29 179 179
lay 2600 5816 61 0 179
tree 3112 5816 20 0 179
tree 3128 5800 20 0 179
fre 3132 5812 11 179 179
stand 3192 5816 27 0 179
stand 3176 5816 27 0 179
tree 3176 5800 29 0 179
tree 3192 5800 12 0 179
stand 3208 5816 27 0 179
fre 3220 5820 11 179 179
tree 3256 5800 36 0 179
tree 3240 5816 9 0 179
stand 3336 5816 176 0 179
lay 3368 5816 50 0 179
tree 3368 5816 50 0 179
fre 3412 5820 11 179 179
fre 3476 5804 11 179 179
fre 3484 5820 11 179 179
tree 3864 5800 19 0 179
tree 3864 5816 13 0 179
fre 4524 5796 11 179 179
fre 4948 5796 11 179 179
tree 5576 5816 37 0 179
lay 5672 5800 61 0 179
lay 5800 5800 61 0 179
lay 6296 5800 61 0 179
fre 6492 5820 15 179 179
lay 6536 5800 61 0 179
fre 6540 5804 30 179 179
fre 6636 5820 11 179 179
tree 6664 5816 18 0 179
tree 7320 5800 59 0 179
tree 7320 5816 50 0 179
tree 7400 5816 36 0 179
tree 7480 5816 51 0 179
tree 7560 5816 50 0 179
tree 7592 5816 25 0 179
tree 7608 5816 29 0 179
trop 7700 5820 87 179 179
trop 7716 5820 83 179 179
stand 7800 5800 256 0 179
dom 256 5824 316 0 179
fre 692 5852 11 179 179
fre 972 5844 11 179 179
fre 988 5852 11 179 179
fre 1140 5852 12 179 179
fre 1180 5852 12 179 179
fre 1196 5836 12 179 179
fre 1228 5836 12 179 179
trop 2100 5844 48 179 179
tree 2296 5848 13 0 179
trop 3076 5836 48 179 179
fre 3132 5836 11 179 179
tree 3144 5832 20 0 179
dom 3200 5824 86 0 179
stand 3256 5848 157 0 179
fre 3244 5852 11 179 179
fre 3236 5852 11 179 179
stand 3288 5848 157 0 179
stand 3272 5848 157 0 179
tree 3272 5832 37 0 179
tree 3288 5832 28 0 179
tree 3384 5848 57 0 179
tree 3400 5832 51 0 179
fre 3420 5836 11 179 179
fre 3404 5852 11 179 179
tree 3880 5832 58 0 179
tree 3880 5848 35 0 179
fre 4476 5836 11 179 179
fre 4652 5836 11 179 179
fre 5044 5852 11 179 179
trop 5492 5852 68 179 179
tree 5560 5848 52 0 179
lay 5752 5832 61 0 179
trop 6028 5844 65 179 179
fre 6284 5844 15 179 179
fre 6404 5844 15 179 179
lay 6488 5832 61 0 179
lay 6536 5832 61 0 179
fre 6532 5844 15 179 179
dom 7008 5824 276 0 179
fre 7196 5836 11 179 179
fre 7188 5828 11 179 179
fre 7220 5844 11 179 179
fre 7228 5844 11 179 179
tree 7304 5832 57 0 179
tree 7304 5848 2 0 179
tree 7416 5848 52 0 179
tree 7416 5832 29 0 179
fre 7548 5828 11 179 179
fre 7588 5852 11 179 179
fre 7588 5828 11 179 179
fre 7604 5852 11 179 179
trop 7684 5844 87 179 179
trop 7732 5844 83 179 179
trop 7724 5828 83 179 179
tree 424 5864 19 0 179
dom 480 5856 314 0 179
tree 568 5880 50 0 179
dom 672 5856 88 0 179
fre 732 5860 11 179 179
fre 708 5860 11 179 179
dom 800 5856 296 0 179
fre 844 5884 11 179 179
dom 992 5856 309 0 179
fre 996 5860 11 179 179
fre 1004 5884 11 179 179
fre 1004 5876 11 179 179
fre 1180 5868 12 179 179
fre 1164 5868 12 179 179
lay 1208 5880 60 0 179
fre 1204 5860 12 179 179
fre 1196 5868 12 179 179
lay 1336 5864 61 0 179
tree 2264 5880 35 0 179
tree 2408 5864 44 0 179
tree 2456 5880 59 0 179
tree 2472 5880 50 0 179
tree 3016 5880 43 0 179
fre 3156 5860 11 179 179
fre 3188 5860 11 179 179
fre 3228 5860 11 179 179
fre 3220 5876 11 179 179
fre 3204 5884 11 179 179
stand 3256 5864 159 0 179
stand 3272 5864 158 0 179
stand 3288 5864 156 0 179
lay 3384 5880 50 0 179
fre 3420 5860 11 179 179
fre 3412 5876 11 179 179
tree 3896 5864 35 0 179
tree 3896 5880 11 0 179
fre 4524 5868 11 179 179
fre 4580 5860 11 179 179
fre 4820 5860 11 179 179
fre 4804 5860 11 179 179
fre 4932 5868 11 179 179
fre 5084 5868 11 179 179
fre 5100 5868 11 179 179
trop 5492 5884 68 179 179
tree 5592 5864 26 0 179
tree 5576 5864 3 0 179
fre 6316 5884 15 179 179
tree 6360 5864 9 0 179
fre 6356 5876 32 179 179
fre 6484 5868 15 179 179
fre 6636 5860 11 179 179
stand 7192 5864 166 0 179
fre 7212 5876 11 179 179
fre 7252 5868 11 179 179
tree 7432 5864 5 0 179
tree 7480 5880 21 0 179
tree 7496 5880 57 0 179
tree 7544 5880 29 0 179
fre 7548 5860 11 179 179
fre 7548 5876 15 179 179
fre 7604 5868 11 179 179
trop 7716 5876 83 179 179
lay 232 5912 61 0 179
lay 280 5912 61 0 179
lay 328 5912 61 0 179
dom 352 5888 317 0 179
lay 408 5896 61 0 179
fre 412 5892 29 179 179
tree 440 5912 51 0 179
lay 456 5896 61 0 179
fre 564 5892 30 179 179
fre 716 5892 11 179 179
fre 764 5916 11 179 179
stand 776 5912 166 0 179
fre 780 5892 11 179 179
lay 840 5912 61 0 179
fre 868 5916 11 179 179
tree 952 5912 58 0 179
lay 1256 5896 60 0 179
lay 1288 5912 60 0 179
dom 1984 5888 191 0 179
trop 2100 5908 48 179 179
tree 2264 5912 43 0 179
tree 2264 5896 43 0 179
dom 2368 5888 86 0 179
tree 2488 5896 4 0 179
tree 2520 5896 2 0 179
tree 2504 5896 58 0 179
tree 2568 5912 4 0 179
tree 2808 5896 11 0 179
tree 2808 5912 57 0 179
tree 2840 5912 43 0 179
tree 2952 5912 27 0 179
trop 3076 5916 48 179 179
stand 3224 5896 149 0 179
fre 3388 5900 11 179 179
tree 3400 5896 43 0 179
fre 3396 5892 11 179 179
fre 3484 5908 11 179 179
tree 3768 5912 50 0 179
tree 3768 5896 58 0 179
tree 3800 5912 50 0 179
tree 3784 5912 58 0 179
tree 3832 5912 51 0 179
tree 3816 5912 44 0 179
tree 3864 5912 35 0 179
tree 3848 5912 43 0 179
tree 3896 5896 35 0 179
tree 3880 5896 19 0 179
tree 3880 5912 57 0 179
tree 5592 5912 13 0 179
lay 6040 5896 64 0 179
tree 6280 5896 37 0 179
lay 6312 5896 61 0 179
lay 6328 5896 61 0 179
fre 6308 5916 15 179 179
tree 6344 5896 25 0 179
fre 6356 5916 31 179 179
lay 6440 5912 61 0 179
lay 6472 5912 61 0 179
tree 6648 5912 5 0 179
fre 6628 5892 11 179 179
zabor 7024 5904 73 1 9
tree 7144 5896 19 0 179
trop 7164 5892 36 179 179
tree 7176 5912 35 0 179
tree 7192 5896 35 0 179
cliff 7216 5904 65 179 179
fre 7204 5892 11 179 179
fre 7276 5908 11 179 179
tree 7416 5912 26 0 179
tree 7480 5896 35 0 179
tree 7464 5912 2 0 179
tree 7512 5896 2 0 179
tree 7528 5896 35 0 179
fre 7540 5908 11 179 179
fre 7612 5892 11 179 179
dom 7648 5888 248 0 179
trop 7676 5908 87 179 179
trop 7716 5916 83 179 179
stand 7800 5896 256 0 179
dom 224 5920 295 0 179
lay 296 5928 61 0 179
lay 392 5928 61 0 179
lay 520 5928 61 0 179
lay 552 5928 61 0 179
fre 620 5948 11 179 179
fre 628 5932 11 179 179
fre 612 5932 11 179 179
fre 660 5940 11 179 179
fre 652 5932 11 179 179
lay 696 5944 61 0 179
fre 676 5932 11 179 179
fre 716 5932 11 179 179
fre 724 5940 11 179 179
fre 708 5940 11 179 179
fre 716 5940 11 179 179
fre 708 5932 11 179 179
lay 760 5944 61 0 179
fre 756 5940 11 179 179
fre 740 5940 11 179 179
fre 748 5932 11 179 179
fre 764 5932 11 179 179
fre 764 5940 11 179 179
tree 760 5944 44 0 179
fre 780 5948 11 179 179
fre 796 5924 11 179 179
tree 792 5944 35 0 179
lay 824 5928 61 0 179
fre 812 5948 11 179 179
fre 804 5940 11 179 179
fre 820 5948 11 179 179
fre 812 5932 11 179 179
fre 860 5940 11 179 179
fre 844 5932 11 179 179
lay 1224 5944 61 0 179
tree 2264 5928 35 0 179
tree 2280 5944 50 0 179
tree 2584 5928 2 0 179
tree 2616 5944 19 0 179
stand 3160 5944 180 0 179
stand 3144 5944 180 0 179
stand 3192 5944 180 0 179
trop 3364 5948 72 179 179
trop 5492 5948 68 179 179
trop 6028 5924 65 179 179
lay 6360 5944 61 0 179
lay 6424 5944 61 0 179
fre 6436 5932 15 179 179
fre 6516 5948 15 179 179
fre 6636 5948 11 179 179
zabor 6960 5936 73 1 9
zabor 7088 5936 72 1 9
trop 7140 5932 75 179 179
cliff 7216 5936 4 179 179
cliff 7248 5920 8 179 179
tree 7416 5944 17 0 179
tree 7416 5928 5 0 179
tree 7528 5928 12 0 179
trop 7668 5932 83 179 179
trop 7724 5932 83 179 179
trop 2100 5972 48 179 179
tree 2280 5960 4 0 179
tree 2616 5960 21 0 179
stand 3144 5976 184 0 179
trop 3188 5956 72 179 179
trop 3172 5964 72 179 179
stand 3176 5960 180 0 179
stand 3176 5976 181 0 179
stand 3192 5960 180 0 179
trop 3220 5964 72 179 179
trop 3244 5964 72 179 179
trop 3292 5964 72 179 179
trop 3316 5972 72 179 179
trop 3340 5956 72 179 179
dom 5408 5952 156 1 179
tree 5576 5960 21 0 179
tree 5624 5960 57 0 179
tree 5960 5976 44 0 179
lay 6056 5976 64 0 179
fre 7132 5956 83 179 179
fre 7164 5980 12 179 179
dom 7168 5952 66 0 179
stand 7192 5960 157 0 179
stand 7192 5976 181 0 179
stand 7176 5976 180 0 179
cliff 7216 5968 28 179 179
cliff 7200 5952 34 179 179
lay 7288 5976 8 0 179
tree 7384 5960 50 0 179
tree 7416 5976 19 0 179
tree 7528 5960 43 0 179
tree 7528 5976 25 0 179
trop 7660 5980 83 179 179
trop 7700 5956 83 179 179
trop 7724 5956 83 179 179
trop 7732 5972 83 179 179
lay 920 5992 61 0 179
trop 3076 5996 48 179 179
fre 3164 5996 11 179 179
trop 6012 6012 69 179 179
lay 6104 6008 64 0 179
fre 6356 5988 15 179 179
zabor 6960 6000 72 1 9
zabor 7088 6000 74 1 9
trop 7148 6004 75 179 179
fre 7180 5996 12 179 179
fre 7196 5996 12 179 179
stand 7192 5992 182 0 179
stand 7208 6008 161 0 179
stand 7224 6008 160 0 179
stand 7224 5992 158 0 179
fre 7204 5988 12 179 179
cliff 7248 6000 31 179 179
cliff 7232 5984 36 179 179
tree 7416 5992 44 0 179
tree 7416 6008 57 0 179
tree 7400 5992 11 0 179
tree 7448 6008 21 0 179
tree 7432 6008 35 0 179
tree 7544 6008 21 0 179
tree 7544 5992 27 0 179
tree 7528 5992 12 0 179
trop 7700 5988 81 179 179
stand 7800 5992 256 0 179
trop 84 6028 113 179 179
trop 172 6028 113 179 179
trop 260 6028 113 179 179
trop 276 6028 113 179 179
trop 364 6028 113 179 179
trop 444 6028 113 179 179
trop 532 6028 113 179 179
trop 620 6028 113 179 179
trop 708 6028 113 179 179
trop 724 6028 113 179 179
fre 780 6036 12 179 179
fre 788 6044 12 179 179
trop 812 6028 113 179 179
fre 812 6020 12 179 179
fre 804 6020 12 179 179
tree 808 6040 11 0 179
trop 892 6028 113 179 179
trop 980 6028 113 179 179
trop 1068 6028 113 179 179
tree 1080 6024 43 0 179
fre 1100 6036 32 179 179
trop 1156 6028 113 179 179
trop 1172 6028 113 179 179
lay 1208 6024 61 0 179
trop 1260 6028 113 179 179
trop 1340 6028 113 179 179
trop 1428 6028 113 179 179
trop 1516 6028 113 179 179
trop 1604 6028 113 179 179
trop 1620 6028 113 179 179
trop 1676 6028 113 179 179
trop 1756 6028 113 179 179
trop 1844 6028 113 179 179
trop 1932 6028 113 179 179
trop 2020 6028 113 179 179
trop 2036 6028 113 179 179
trop 2156 6028 113 179 179
trop 2236 6028 113 179 179
trop 2324 6028 113 179 179
trop 2412 6028 113 179 179
trop 2500 6028 113 179 179
trop 2572 6028 113 179 179
trop 2652 6028 113 179 179
trop 2668 6028 113 179 179
trop 2740 6028 113 179 179
trop 2748 6028 113 179 179
trop 2828 6028 113 179 179
trop 2836 6028 113 179 179
trop 2916 6028 113 179 179
trop 2924 6028 113 179 179
trop 3012 6028 113 179 179
trop 3148 6028 113 179 179
trop 3228 6028 113 179 179
trop 3316 6028 113 179 179
trop 3404 6028 113 179 179
trop 3492 6028 113 179 179
trop 3564 6028 113 179 179
trop 3644 6028 113 179 179
trop 3732 6028 113 179 179
trop 3820 6028 113 179 179
trop 3908 6028 113 179 179
trop 3980 6028 113 179 179
trop 4060 6028 113 179 179
trop 4148 6028 113 179 179
trop 4236 6028 113 179 179
trop 4324 6028 113 179 179
trop 4396 6028 113 179 179
trop 4476 6028 113 179 179
trop 4564 6028 113 179 179
trop 4652 6028 113 179 179
trop 4740 6028 113 179 179
trop 4812 6028 113 179 179
trop 4892 6028 113 179 179
trop 4980 6028 113 179 179
trop 5068 6028 113 179 179
trop 5148 6028 113 179 179
trop 5156 6028 113 179 179
trop 5236 6028 113 179 179
trop 5324 6028 113 179 179
trop 5412 6028 113 179 179
trop 5492 6028 68 179 179
trop 5484 6028 113 179 179
trop 5564 6028 113 179 179
trop 5652 6028 113 179 179
trop 5644 6028 113 179 179
trop 5724 6028 113 179 179
trop 5740 6028 113 179 179
trop 5812 6028 113 179 179
lay 5832 6040 64 0 179
trop 5828 6028 113 179 179
trop 5900 6028 113 179 179
trop 5988 6028 113 179 179
dom 6144 6016 81 0 179
fre 6588 6036 11 179 179
dom 7168 6016 250 0 179
lay 7176 6040 60 0 179
stand 7224 6040 159 0 179
tree 7240 6040 27 0 179
cliff 7248 6016 11 179 179
tree 7416 6024 50 0 179
tree 7448 6024 35 0 179
tree 7432 6024 2 0 179
tree 7480 6040 17 0 179
tree 7528 6024 19 0 179
trop 7668 6036 87 179 179
trop 7708 6020 81 179 179
fre 812 6068 12 179 179
fre 812 6076 12 179 179
fre 812 6052 12 179 179
fre 836 6060 29 179 179
tree 1096 6056 35 0 179
lay 1144 6056 61 0 179
trop 2100 6052 48 179 179
trop 3076 6076 48 179 179
tree 3160 6072 11 0 179
lay 5624 6072 64 0 179
fre 6452 6076 26 179 179
fre 6452 6060 26 179 179
fre 6436 6068 28 179 179
fre 6476 6076 26 179 179
fre 6492 6076 28 179 179
lay 6488 6056 61 0 179
fre 6644 6052 11 179 179
fre 6628 6060 11 179 179
zabor 6960 6064 74 1 9
zabor 7088 6064 72 1 9
dom 7168 6048 250 0 179
stand 7224 6056 158 0 179
stand 7224 6072 156 0 179
cliff 7248 6048 15 179 179
fre 7340 6052 26 179 179
tree 7480 6056 17 0 179
trop 7692 6076 87 179 179
trop 7724 6060 81 179 179
stand 7784 6056 265 0 179
fre 308 6108 11 179 179
fre 588 6100 11 179 179
fre 604 6108 11 179 179
dom 704 6080 299 0 179
fre 756 6108 12 179 179
fre 796 6108 12 179 179
fre 812 6092 12 179 179
fre 844 6092 12 179 179
dom 1888 6080 167 3 179
dom 1984 6080 168 3 179
tree 3160 6088 2 0 179
fre 4004 6092 11 179 179
fre 4004 6100 11 179 179
fre 4020 6084 11 179 179
fre 4172 6108 11 179 179
trop 5492 6108 68 179 179
tree 6072 6088 27 0 179
fre 6516 6092 26 179 179
fre 6516 6084 26 179 179
fre 6540 6108 26 179 179
fre 6556 6108 28 179 179
lay 6552 6088 61 0 179
trop 7148 6084 75 179 179
fre 7188 6084 83 179 179
stand 7192 6104 210 0 179
fre 7204 6108 12 179 179
fre 7212 6100 12 179 179
fre 7228 6100 12 179 179
stand 7208 6088 181 0 179
tree 7208 6104 60 0 179
cliff 7248 6080 13 179 179
fre 7316 6108 12 179 179
fre 7308 6100 12 179 179
fre 7308 6092 12 179 179
lay 7336 6104 8 0 179
tree 7560 6088 57 0 179
trop 7716 6084 87 179 179
trop 7756 6100 83 179 179
tree 184 6136 50 0 179
dom 288 6112 88 0 179
fre 348 6116 11 179 179
fre 324 6116 11 179 179
dom 416 6112 296 0 179
fre 460 6140 11 179 179
dom 608 6112 309 0 179
fre 612 6116 11 179 179
fre 620 6140 11 179 179
fre 620 6132 11 179 179
fre 796 6124 12 179 179
fre 780 6124 12 179 179
lay 824 6136 60 0 179
fre 820 6116 12 179 179
fre 812 6124 12 179 179
lay 952 6120 61 0 179
lay 1128 6136 61 0 179
dom 1216 6112 82 0 179
tree 1848 6136 2 0 179
trop 2100 6132 48 179 179
trop 3004 6116 75 179 179
trop 3004 6124 75 179 179
tree 3144 6136 35 0 179
tree 3256 6136 21 0 179
fre 3948 6116 11 179 179
fre 3988 6132 11 179 179
fre 3996 6132 11 179 179
fre 4020 6116 11 179 179
fre 4156 6132 11 179 179
fre 4156 6116 11 179 179
fre 4164 6140 11 179 179
fre 4180 6140 11 179 179
fre 4172 6132 11 179 179
tree 4376 6136 35 0 179
fre 5308 6132 11 179 179
tree 5336 6136 43 0 179
fre 5324 6116 11 179 179
fre 5348 6140 12 179 179
fre 5348 6132 12 179 179
fre 5372 6116 12 179 179
fre 5388 6124 12 179 179
tree 5400 6136 58 0 179
tree 5400 6120 35 0 179
lay 6024 6120 61 0 179
lay 6168 6136 64 0 179
zabor 6960 6128 72 1 9
zabor 7088 6128 72 1 9
trop 7148 6116 75 179 179
fre 7164 6124 83 179 179
fre 7188 6132 12 179 179
fre 7196 6140 12 179 179
stand 7192 6120 182 0 179
fre 7212 6124 12 179 179
fre 7212 6116 12 179 179
stand 7224 6120 178 0 179
stand 7208 6136 179 0 179
cliff 7248 6112 13 179 179
tree 7304 6120 59 0 179
tree 7304 6136 57 0 179
fre 7324 6132 12 179 179
fre 7316 6124 12 179 179
fre 7388 6116 26 179 179
trop 7724 6140 87 179 179
trop 7716 6116 87 179 179
trop 7756 6116 81 179 179
trop 7788 6132 81 179 179
fre 180 6148 30 179 179
fre 332 6148 11 179 179
fre 380 6172 11 179 179
stand 392 6168 166 0 179
fre 396 6148 11 179 179
lay 456 6168 61 0 179
fre 484 6172 11 179 179
tree 568 6168 58 0 179
lay 872 6152 60 0 179
lay 904 6168 60 0 179
tree 952 6152 27 0 179
tree 1016 6168 51 0 179
lay 1032 6152 45 0 179
dom 1792 6144 174 3 179
tree 2648 6168 4 0 179
tree 2680 6168 58 0 179
trop 3012 6148 75 179 179
trop 3076 6156 48 179 179
fre 3276 6172 12 179 179
tree 3736 6168 11 0 179
fre 4044 6164 11 179 179
lay 4072 6152 28 0 179
fre 4076 6148 11 179 179
lay 4088 6152 61 0 179
fre 4164 6148 11 179 179
fre 4172 6156 11 179 179
lay 4168 6152 61 0 179
fre 4204 6156 11 179 179
tree 5224 6168 57 0 179
tree 5304 6152 21 0 179
tree 5288 6168 50 0 179
fre 5324 6164 12 179 179
fre 5332 6156 12 179 179
fre 5396 6148 12 179 179
fre 5396 6156 12 179 179
fre 5860 6156 15 179 179
lay 5976 6168 61 0 179
lay 5992 6152 61 0 179
lay 6248 6152 61 0 179
trop 7156 6156 75 179 179
trop 7156 6172 75 179 179
fre 7164 6172 83 179 179
fre 7196 6156 83 179 179
stand 7208 6168 197 0 179
fre 7204 6148 12 179 179
cliff 7264 6160 6 179 179
tree 7320 6168 13 0 179
fre 7324 6156 12 179 179
fre 7332 6156 12 179 179
trop 7764 6164 87 179 179
trop 7748 6156 87 179 179
trop 7820 6148 81 179 179
trop 7844 6164 81 179 179
trop 7892 6156 81 179 179
dom 7936 6144 100 0 179
stand 7944 6152 276 0 179
fre 236 6204 11 179 179
fre 244 6188 11 179 179
fre 228 6188 11 179 179
fre 276 6196 11 179 179
fre 268 6188 11 179 179
lay 312 6200 61 0 179
fre 292 6188 11 179 179
fre 332 6188 11 179 179
fre 340 6196 11 179 179
fre 324 6196 11 179 179
fre 332 6196 11 179 179
fre 324 6188 11 179 179
lay 376 6200 61 0 179
fre 372 6196 11 179 179
fre 356 6196 11 179 179
fre 364 6188 11 179 179
fre 380 6188 11 179 179
fre 380 6196 11 179 179
tree 376 6200 44 0 179
fre 396 6204 11 179 179
fre 412 6180 11 179 179
tree 408 6200 35 0 179
lay 440 6184 61 0 179
fre 428 6204 11 179 179
fre 420 6196 11 179 179
fre 436 6204 11 179 179
fre 428 6188 11 179 179
fre 476 6196 11 179 179
fre 460 6188 11 179 179
lay 840 6200 61 0 179
fre 916 6188 11 179 179
fre 916 6180 11 179 179
fre 924 6196 11 179 179
fre 932 6204 11 179 179
tree 984 6200 9 0 179
lay 1000 6184 34 0 179
tree 1016 6184 5 0 179
lay 1032 6200 42 0 179
dom 1440 6176 81 0 179
tree 2616 6200 11 0 179
tree 2600 6200 58 0 179
tree 2632 6184 59 0 179
tree 2696 6200 2 0 179
tree 2696 6184 4 0 179
trop 3004 6188 75 179 179
dom 3040 6176 142 1 179
fre 3716 6180 11 179 179
tree 3736 6184 2 0 179
fre 3756 6188 11 179 179
fre 3772 6204 11 179 179
fre 3940 6196 11 179 179
fre 3964 6188 11 179 179
fre 4036 6196 11 179 179
fre 4164 6196 11 179 179
tree 4408 6200 21 0 179
tree 4408 6184 11 0 179
tree 4424 6200 44 0 179
tree 4920 6184 50 0 179
tree 4920 6200 59 0 179
tree 4904 6200 19 0 179
fre 4932 6196 12 179 179
fre 4940 6204 12 179 179
fre 4948 6196 12 179 179
tree 4952 6200 26 0 179
fre 4988 6188 12 179 179
fre 5004 6196 12 179 179
fre 5004 6188 12 179 179
tree 5000 6184 37 0 179
fre 5004 6204 8 179 179
fre 5068 6204 12 179 179
fre 5084 6204 12 179 179
tree 5080 6200 25 0 179
fre 5124 6204 8 179 179
fre 5212 6204 12 179 179
tree 5192 6200 21 0 179
tree 5288 6200 59 0 179
tree 5304 6184 2 0 179
fre 5340 6204 12 179 179
fre 5332 6180 12 179 179
tree 5384 6200 35 0 179
fre 5396 6180 12 179 179
fre 5404 6196 12 179 179
fre 5420 6188 11 179 179
fre 5420 6180 11 179 179
trop 5492 6188 68 179 179
lay 5720 6200 61 0 179
lay 5912 6200 61 0 179
fre 5924 6188 15 179 179
fre 5932 6188 15 179 179
fre 6084 6188 15 179 179
fre 6124 6204 11 179 179
lay 6200 6200 61 0 179
lay 6216 6184 61 0 179
zabor 6960 6192 73 1 9
zabor 7088 6192 72 1 9
fre 7172 6180 83 179 179
stand 7192 6184 194 0 179
cliff 7216 6192 36 179 179
cliff 7232 6176 0 179 179
lay 7336 6200 43 0 179
fre 7364 6188 26 179 179
fre 7412 6180 26 179 179
fre 7404 6188 26 179 179
fre 7404 6180 19 179 179
trop 7884 6196 81 179 179
tree 920 6216 11 0 179
fre 940 6212 11 179 179
fre 940 6236 11 179 179
fre 956 6236 11 179 179
tree 936 6232 4 0 179
tree 936 6216 59 0 179
lay 1000 6216 32 0 179
fre 1044 6228 11 179 179
tree 1144 6232 13 0 179
tree 1160 6232 50 0 179
stand 1976 6232 180 0 179
dom 1952 6208 176 3 179
trop 2100 6212 48 179 179
lay 2296 6216 61 0 179
lay 2280 6232 61 0 179
tree 2552 6232 4 0 179
tree 2568 6216 4 0 179
tree 2744 6232 57 0 179
tree 2744 6216 35 0 179
tree 2776 6232 11 0 179
tree 2760 6232 44 0 179
tree 2808 6232 13 0 179
tree 2808 6216 58 0 179
tree 2792 6216 35 0 179
tree 2824 6232 59 0 179
trop 2996 6236 75 179 179
trop 3076 6236 48 179 179
tree 3224 6216 58 0 179
tree 3224 6232 57 0 179
tree 3208 6232 21 0 179
lay 3272 6216 63 0 179
lay 3368 6232 28 0 179
lay 3528 6216 63 0 179
tree 3720 6232 35 0 179
fre 3764 6220 11 179 179
tree 3832 6232 21 0 179
fre 3956 6220 11 179 179
fre 3948 6228 11 179 179
fre 3956 6228 11 179 179
fre 4100 6220 11 179 179
fre 4100 6228 11 179 179
fre 4164 6236 11 179 179
tree 4424 6216 11 0 179
tree 4856 6232 27 0 179
tree 4888 6232 13 0 179
tree 4888 6216 19 0 179
fre 4964 6212 12 179 179
fre 4996 6236 8 179 179
fre 5076 6212 12 179 179
fre 5092 6212 12 179 179
fre 5108 6236 8 179 179
fre 5188 6212 12 179 179
fre 5204 6212 12 179 179
tree 5320 6232 27 0 179
tree 5336 6216 57 0 179
tree 5352 6232 59 0 179
fre 5356 6236 12 179 179
fre 5356 6228 12 179 179
fre 5356 6220 12 179 179
fre 5396 6220 12 179 179
fre 5420 6228 11 179 179
fre 5420 6212 11 179 179
lay 5688 6232 61 0 179
lay 5688 6216 61 0 179
fre 5724 6212 15 179 179
lay 5784 6216 61 0 179
fre 5772 6236 15 179 179
fre 5764 6228 15 179 179
fre 5812 6236 15 179 179
fre 5884 6220 15 179 179
lay 5944 6232 61 0 179
fre 5956 6220 15 179 179
tree 5992 6232 36 0 179
tree 6088 6216 9 0 179
fre 6116 6236 11 179 179
lay 6136 6232 61 0 179
fre 6148 6220 15 179 179
fre 6156 6220 15 179 179
fre 6348 6236 11 179 179
fre 7204 6212 83 179 179
cliff 7232 6224 11 179 179
cliff 7232 6208 31 179 179
lay 7320 6232 30 0 179
lay 7336 6216 10 0 179
trop 7900 6220 81 179 179
trop 7916 6220 81 179 179
fre 956 6268 11 179 179
fre 972 6252 11 179 179
fre 988 6260 11 179 179
lay 968 6264 46 0 179
tree 1000 6264 37 0 179
fre 1036 6268 11 179 179
fre 1060 6244 11 179 179
tree 1128 6248 27 0 179
tree 1176 6248 21 0 179
tree 1192 6248 50 0 179
tree 1272 6264 27 0 179
tree 1272 6248 4 0 179
tree 1304 6248 11 0 179
tree 1304 6264 13 0 179
tree 1288 6264 27 0 179
tree 1320 6248 4 0 179
fre 1356 6268 11 179 179
fre 1348 6252 11 179 179
fre 1356 6260 11 179 179
fre 1364 6252 11 179 179
fre 1460 6268 11 179 179
fre 1452 6260 11 179 179
fre 1548 6260 26 179 179
fre 1540 6268 11 179 179
fre 1548 6252 11 179 179
tree 1896 6264 4 0 179
lay 2472 6264 61 0 179
tree 2520 6264 50 0 179
tree 2568 6248 11 0 179
tree 2840 6248 11 0 179
tree 2872 6264 27 0 179
tree 2856 6264 58 0 179
tree 2856 6248 2 0 179
trop 3012 6252 75 179 179
lay 3480 6264 61 0 179
lay 3672 6264 61 0 179
lay 3704 6264 63 0 179
lay 3688 6248 28 0 179
fre 3852 6268 12 179 179
fre 3948 6244 11 179 179
lay 4136 6248 28 0 179
lay 4808 6264 61 0 179
tree 4840 6248 35 0 179
tree 4856 6248 13 0 179
tree 4888 6264 2 0 179
tree 4888 6248 11 0 179
fre 4892 6260 29 179 179
fre 4908 6244 12 179 179
fre 4916 6260 12 179 179
fre 4924 6252 12 179 179
tree 4920 6248 20 0 179
fre 4948 6268 29 179 179
fre 4988 6268 8 179 179
cliff 5104 6240 44 179 179
cliff 5120 6240 49 179 179
fre 5148 6244 8 179 179
cliff 5152 6240 50 179 179
cliff 5184 6240 52 179 179
fre 5396 6244 12 179 179
fre 5412 6244 11 179 179
trop 5492 6268 68 179 179
lay 5752 6248 61 0 179
lay 5912 6264 61 0 179
lay 5912 6248 61 0 179
fre 5948 6268 15 179 179
fre 5948 6244 15 179 179
lay 5992 6248 61 0 179
fre 5996 6252 30 179 179
lay 6008 6248 61 0 179
fre 5996 6268 15 179 179
fre 5988 6260 15 179 179
fre 6036 6268 15 179 179
fre 6092 6268 11 179 179
fre 6108 6252 15 179 179
tree 6120 6264 18 0 179
fre 6180 6252 15 179 179
tree 6216 6264 36 0 179
tree 6312 6248 9 0 179
fre 6340 6268 11 179 179
zabor 6960 6256 74 1 9
zabor 7088 6256 74 1 9
trop 7188 6244 75 179 179
trop 7180 6252 75 179 179
cliff 7232 6256 11 179 179
fre 7340 6244 8 179 179
fre 7348 6268 8 179 179
lay 7368 6264 61 0 179
fre 7380 6268 8 179 179
fre 7412 6244 8 179 179
trop 7932 6268 81 179 179
stand 8008 6264 265 0 179
tree 696 6280 43 0 179
fre 716 6292 32 179 179
lay 824 6280 61 0 179
zabor 912 6288 24 0 8
fre 956 6284 11 179 179
tree 952 6296 59 0 179
fre 980 6276 11 179 179
fre 980 6300 11 179 179
fre 996 6284 11 179 179
fre 1060 6276 11 179 179
fre 1100 6292 11 179 179
fre 1140 6292 11 179 179
fre 1196 6292 11 179 179
fre 1220 6292 11 179 179
fre 1364 6284 11 179 179
fre 1388 6284 11 179 179
fre 1404 6284 11 179 179
fre 1380 6276 11 179 179
fre 1380 6292 11 179 179
fre 1412 6284 11 179 179
fre 1436 6292 11 179 179
tree 1432 6280 20 0 179
tree 1432 6296 13 0 179
fre 1444 6284 11 179 179
fre 1460 6292 11 179 179
tree 1464 6296 21 0 179
fre 1500 6300 11 179 179
fre 1492 6284 11 179 179
fre 1484 6292 11 179 179
fre 1500 6292 11 179 179
tree 1496 6280 60 0 179
fre 1532 6300 11 179 179
fre 1524 6284 11 179 179
tree 1528 6296 13 0 179
lay 1544 6296 39 0 179
fre 1596 6292 26 179 179
lay 1752 6280 21 0 179
tree 1800 6280 2 0 179
dom 1824 6272 172 3 179
trop 2100 6292 48 179 179
lay 2264 6296 61 0 179
lay 2296 6280 61 0 179
tree 2872 6280 11 0 179
tree 3176 6280 52 0 179
fre 3204 6284 11 179 179
fre 3220 6276 11 179 179
lay 3304 6280 61 0 179
lay 3320 6296 58 0 179
fre 3964 6276 11 179 179
fre 4004 6276 11 179 179
fre 4036 6284 11 179 179
fre 4100 6292 11 179 179
fre 4108 6284 11 179 179
fre 4108 6276 11 179 179
fre 4172 6300 11 179 179
tree 4440 6280 59 0 179
tree 4856 6280 57 0 179
fre 4844 6292 8 179 179
fre 4844 6276 29 179 179
fre 4948 6276 8 179 179
fre 4956 6276 8 179 179
fre 5020 6300 11 179 179
cliff 5024 6288 44 179 179
cliff 5040 6288 49 179 179
fre 5036 6300 11 179 179
fre 5052 6292 11 179 179
fre 5068 6284 11 179 179
cliff 5088 6272 42 179 179
stand 5096 6280 195 0 179
stand 5144 6280 200 0 179
stand 5128 6280 200 0 179
stand 5160 6280 196 0 179
fre 5284 6292 11 179 179
fre 5300 6292 11 179 179
fre 5308 6292 12 179 179
fre 5308 6276 12 179 179
fre 5316 6284 12 179 179
fre 5404 6276 12 179 179
fre 5404 6300 12 179 179
fre 5396 6284 12 179 179
trop 5492 6300 68 179 179
fre 5740 6292 15 179 179
fre 5860 6292 15 179 179
lay 5944 6280 61 0 179
lay 5976 6280 61 0 179
lay 5992 6280 61 0 179
fre 5988 6292 15 179 179
fre 6172 6300 15 179 179
lay 6216 6280 61 0 179
fre 6220 6284 30 179 179
fre 6316 6300 11 179 179
tree 6344 6296 18 0 179
trop 7220 6292 75 179 179
cliff 7248 6288 35 179 179
fre 7324 6300 8 179 179
fre 7300 6284 8 179 179
lay 7336 6280 18 0 179
fre 7372 6300 8 179 179
fre 7412 6284 8 179 179
fre 7412 6300 26 179 179
fre 7428 6284 8 179 179
fre 7452 6292 8 179 179
trop 7964 6292 81 179 179
tree 712 6312 35 0 179
lay 760 6312 61 0 179
lay 888 6312 61 0 179
zabor 912 6320 30 0 8
fre 900 6332 11 179 179
fre 916 6308 11 179 179
fre 956 6332 11 179 179
fre 948 6324 11 179 179
fre 980 6316 11 179 179
fre 964 6324 11 179 179
zabor 1392 6320 25 0 8
fre 1476 6316 11 179 179
fre 1492 6316 11 179 179
fre 1516 6324 11 179 179
fre 1508 6324 11 179 179
fre 1524 6324 11 179 179
lay 1560 6328 32 0 179
fre 1556 6324 11 179 179
fre 1540 6308 11 179 179
fre 1540 6324 11 179 179
fre 1548 6332 11 179 179
fre 1588 6316 27 179 179
fre 1580 6324 26 179 179
fre 1572 6324 26 179 179
fre 1596 6308 26 179 179
fre 1612 6332 26 179 179
fre 1628 6324 26 179 179
dom 1888 6304 167 3 179
dom 1984 6304 168 3 179
lay 2312 6328 61 0 179
tree 2552 6328 51 0 179
tree 2536 6312 44 0 179
dom 2688 6304 255 0 179
tree 2872 6328 44 0 179
tree 2872 6312 44 0 179
trop 2996 6316 75 179 179
trop 2996 6332 75 179 179
trop 3076 6316 48 179 179
fre 3212 6332 11 179 179
lay 3384 6328 63 0 179
tree 3800 6312 58 0 179
tree 3800 6328 57 0 179
tree 3784 6328 21 0 179
fre 3940 6332 11 179 179
fre 3948 6316 15 179 179
fre 4004 6332 11 179 179
fre 4004 6308 11 179 179
fre 4052 6308 11 179 179
fre 4164 6316 11 179 179
tree 4424 6328 57 0 179
lay 4824 6328 61 0 179
fre 4828 6324 8 179 179
fre 4844 6324 6 179 179
cliff 5008 6320 40 179 179
fre 5012 6316 8 179 179
stand 5048 6328 195 0 179
stand 5080 6312 194 0 179
stand 5176 6312 193 0 179
stand 5208 6328 196 0 179
fre 5284 6308 11 179 179
fre 5308 6308 12 179 179
fre 5300 6308 12 179 179
fre 5292 6324 12 179 179
fre 5404 6308 12 179 179
fre 5396 6324 12 179 179
fre 5396 6316 12 179 179
fre 5772 6332 15 179 179
fre 5812 6324 32 179 179
fre 5940 6316 15 179 179
fre 5964 6324 15 179 179
fre 6092 6308 11 179 179
fre 6084 6324 15 179 179
lay 6168 6312 61 0 179
lay 6216 6312 61 0 179
fre 6212 6324 15 179 179
zabor 6960 6320 73 1 9
zabor 7088 6320 74 1 9
trop 7188 6308 75 179 179
cliff 7264 6320 12 179 179
cliff 7264 6304 28 179 179
fre 7324 6324 8 179 179
fre 7324 6316 8 179 179
fre 7332 6316 8 179 179
fre 7396 6316 8 179 179
lay 7432 6328 61 0 179
fre 7428 6308 26 179 179
trop 7980 6324 81 179 179
trop 7996 6316 81 179 179
fre 476 6364 11 179 179
fre 484 6348 3 179 179
fre 500 6340 3 179 179
fre 492 6340 11 179 179
fre 484 6356 11 179 179
tree 520 6344 4 0 179
fre 524 6340 3 179 179
fre 532 6340 3 179 179
tree 568 6360 58 0 179
fre 548 6356 3 179 179
fre 572 6364 3 179 179
zabor 912 6352 27 0 8
lay 952 6344 61 0 179
lay 936 6344 61 0 179
fre 948 6364 11 179 179
fre 956 6356 11 179 179
fre 972 6340 11 179 179
fre 972 6356 11 179 179
fre 1020 6340 11 179 179
lay 1000 6360 61 0 179
lay 1000 6344 61 0 179
fre 1052 6340 11 179 179
fre 1364 6364 12 179 179
zabor 1392 6352 24 0 8
fre 1380 6348 11 179 179
zabor 1424 6352 31 0 8
zabor 1456 6352 31 0 8
zabor 1488 6352 24 0 8
zabor 1520 6352 26 0 8
fre 1532 6364 11 179 179
fre 1524 6348 11 179 179
fre 1556 6356 11 179 179
lay 1576 6360 36 0 179
tree 2232 6360 35 0 179
tree 2248 6360 13 0 179
lay 2360 6344 61 0 179
lay 2392 6360 61 0 179
tree 2584 6360 35 0 179
tree 2872 6344 51 0 179
trop 2996 6348 75 179 179
trop 2996 6356 75 179 179
tree 3176 6344 9 0 179
fre 3204 6364 11 179 179
lay 3512 6360 63 0 179
lay 3640 6344 63 0 179
fre 3956 6356 11 179 179
fre 3996 6356 11 179 179
lay 4088 6344 28 0 179
fre 4092 6364 11 179 179
fre 4148 6364 11 179 179
dom 4320 6336 255 0 179
tree 4440 6344 58 0 179
fre 4884 6348 8 179 179
cliff 4976 6352 53 179 179
cliff 4976 6336 44 179 179
fre 4996 6348 11 179 179
fre 4996 6356 8 179 179
stand 5048 6360 197 0 179
fre 5084 6364 27 179 179
fre 5284 6340 12 179 179
fre 5284 6348 12 179 179
fre 5364 6364 12 179 179
fre 5396 6340 12 179 179
fre 5396 6356 12 179 179
trop 5492 6364 68 179 179
tree 5736 6344 37 0 179
lay 5768 6344 61 0 179
lay 5784 6344 61 0 179
fre 5764 6364 15 179 179
fre 5812 6364 31 179 179
lay 5896 6360 61 0 179
lay 5928 6360 61 0 179
lay 5960 6344 61 0 179
fre 5996 6364 15 179 179
tree 6040 6344 9 0 179
fre 6036 6356 32 179 179
fre 6084 6340 11 179 179
fre 6164 6348 15 179 179
fre 6316 6340 11 179 179
trop 7220 6348 75 179 179
trop 7220 6364 75 179 179
cliff 7264 6352 15 179 179
lay 7352 6344 43 0 179
fre 7348 6364 8 179 179
fre 7332 6340 8 179 179
fre 7436 6340 8 179 179
fre 7452 6356 8 179 179
fre 7444 6356 8 179 179
trop 8028 6348 81 179 179
trop 8036 6348 81 179 179
tree 504 6376 21 0 179
fre 500 6380 3 179 179
fre 484 6372 11 179 179
tree 536 6376 35 0 179
fre 524 6372 29 179 179
fre 564 6372 3 179 179
fre 548 6380 3 179 179
lay 744 6392 61 0 179
fre 884 6380 11 179 179
zabor 912 6384 27 0 8
lay 984 6392 61 0 179
lay 1016 6392 61 0 179
lay 1000 6392 61 0 179
fre 1052 6380 11 179 179
fre 1028 6396 12 179 179
fre 1156 6388 11 179 179
lay 1176 6392 63 0 179
fre 1212 6396 11 179 179
fre 1300 6372 12 179 179
lay 1432 6392 61 0 179
zabor 1520 6384 27 0 8
fre 1532 6388 11 179 179
fre 1532 6380 11 179 179
fre 1556 6396 11 179 179
fre 1564 6380 11 179 179
fre 1572 6388 11 179 179
tree 1624 6376 58 0 179
tree 1608 6376 59 0 179
fre 1620 6372 26 179 179
tree 1688 6376 2 0 179
trop 2100 6372 48 179 179
tree 2216 6392 4 0 179
tree 2248 6392 11 0 179
tree 2280 6376 29 0 179
lay 2312 6376 61 0 179
lay 2424 6376 61 0 179
lay 2440 6392 61 0 179
tree 2584 6376 51 0 179
tree 2584 6392 21 0 179
tree 2600 6392 19 0 179
tree 2872 6376 2 0 179
trop 3004 6388 75 179 179
dom 3040 6368 140 1 179
trop 3076 6396 48 179 179
fre 3180 6396 11 179 179
tree 3208 6392 18 0 179
lay 3272 6376 63 0 179
tree 3704 6392 44 0 179
fre 3724 6372 15 179 179
tree 3752 6376 52 0 179
fre 3780 6380 11 179 179
fre 3796 6372 11 179 179
fre 3964 6396 15 179 179
fre 3988 6388 11 179 179
fre 3996 6372 11 179 179
fre 4044 6380 11 179 179
fre 4068 6372 11 179 179
lay 4168 6376 61 0 179
fre 4836 6388 8 179 179
fre 4876 6380 6 179 179
lay 4936 6392 61 0 179
cliff 4976 6384 47 179 179
fre 5004 6396 11 179 179
stand 5048 6376 193 0 179
trop 5156 6388 36 179 179
stand 5208 6376 194 0 179
fre 5292 6372 12 179 179
fre 5300 6380 12 179 179
fre 5316 6388 12 179 179
fre 5340 6388 12 179 179
fre 5332 6396 12 179 179
fre 5356 6388 12 179 179
fre 5348 6388 12 179 179
fre 5796 6380 15 179 179
lay 5816 6392 61 0 179
lay 5880 6392 61 0 179
lay 5912 6392 61 0 179
fre 5892 6380 15 179 179
lay 5928 6376 61 0 179
fre 5972 6396 15 179 179
lay 5992 6376 61 0 179
lay 6008 6376 61 0 179
fre 5988 6396 15 179 179
fre 6036 6396 31 179 179
fre 6092 6396 11 179 179
lay 6120 6392 61 0 179
lay 6152 6392 61 0 179
tree 6328 6392 5 0 179
fre 6308 6372 11 179 179
zabor 6960 6384 73 1 9
zabor 7088 6384 72 1 9
trop 7228 6388 75 179 179
cliff 7264 6384 13 179 179
fre 7340 6380 8 179 179
fre 7340 6396 8 179 179
fre 7420 6380 8 179 179
lay 7448 6392 40 0 179
fre 7428 6380 8 179 179
fre 7452 6388 8 179 179
fre 7452 6396 8 179 179
zabor 912 6416 29 0 8
lay 1016 6408 61 0 179
fre 1124 6428 12 179 179
lay 1208 6424 61 0 179
fre 1300 6420 11 179 179
fre 1484 6404 11 179 179
zabor 1520 6416 30 0 8
fre 1564 6420 11 179 179
fre 1580 6412 11 179 179
tree 1624 6424 51 0 179
tree 1624 6408 51 0 179
lay 2264 6424 61 0 179
tree 2376 6408 44 0 179
tree 2376 6424 43 0 179
lay 2456 6424 61 0 179
tree 2584 6408 50 0 179
tree 2600 6424 44 0 179
tree 2872 6424 4 0 179
tree 2872 6408 51 0 179
fre 3692 6404 15 179 179
fre 3788 6428 11 179 179
fre 3924 6428 11 179 179
fre 3972 6428 11 179 179
fre 4052 6412 11 179 179
fre 4068 6412 11 179 179
fre 4068 6428 11 179 179
lay 4088 6408 61 0 179
fre 4180 6428 11 179 179
tree 4456 6424 2 0 179
tree 4456 6408 51 0 179
cliff 4976 6416 53 179 179
fre 5060 6412 28 179 179
trop 5124 6412 27 179 179
lay 5656 6424 61 0 179
lay 5848 6424 61 0 179
fre 5860 6412 15 179 179
fre 5868 6412 15 179 179
lay 6040 6424 61 0 179
fre 6060 6428 11 179 179
lay 6104 6424 61 0 179
fre 6116 6412 15 179 179
fre 6196 6428 15 179 179
fre 6316 6428 11 179 179
trop 7244 6420 75 179 179
cliff 7264 6400 64 179 179
cliff 7264 6416 11 179 179
fre 7340 6428 8 179 179
fre 7340 6404 8 179 179
lay 7416 6408 21 0 179
fre 7436 6404 8 179 179
fre 7444 6404 8 179 179
fre 7436 6420 8 179 179
fre 7452 6428 8 179 179
tree 280 6456 44 0 179
fre 356 6460 5 179 179
zabor 912 6448 28 0 8
fre 932 6436 11 179 179
lay 1048 6440 28 0 179
lay 1384 6456 28 0 179
lay 1400 6440 63 0 179
fre 1428 6444 11 179 179
zabor 1520 6448 31 0 8
fre 1556 6460 11 179 179
fre 1588 6444 11 179 179
tree 1624 6456 57 0 179
tree 1704 6440 21 0 179
tree 1752 6456 21 0 179
tree 1768 6456 19 0 179
tree 1768 6440 13 0 179
trop 2100 6452 48 179 179
lay 2264 6440 61 0 179
lay 2248 6440 61 0 179
tree 2360 6440 13 0 179
tree 2392 6456 11 0 179
tree 2504 6456 43 0 179
tree 2616 6440 11 0 179
tree 2600 6440 58 0 179
trop 3004 6460 75 179 179
fre 3180 6436 11 179 179
lay 3656 6456 61 0 179
lay 3688 6440 28 0 179
tree 3752 6440 9 0 179
fre 3780 6460 11 179 179
fre 3932 6452 11 179 179
fre 3932 6444 15 179 179
fre 3940 6452 11 179 179
fre 4052 6444 11 179 179
tree 4472 6440 57 0 179
tree 4456 6440 2 0 179
fre 4860 6444 6 179 179
cliff 4976 6448 47 179 179
fre 4980 6444 11 179 179
fre 4972 6444 11 179 179
fre 4996 6444 11 179 179
stand 5080 6456 252 0 179
fre 5132 6452 28 179 179
fre 5348 6460 12 179 179
fre 5372 6436 12 179 179
fre 5396 6460 12 179 179
trop 5492 6444 68 179 179
lay 5624 6456 61 0 179
lay 5624 6440 61 0 179
fre 5660 6436 15 179 179
lay 5720 6440 61 0 179
fre 5708 6460 15 179 179
fre 5700 6452 15 179 179
fre 5748 6460 15 179 179
fre 5820 6444 15 179 179
fre 5812 6436 15 179 179
fre 5892 6444 15 179 179
tree 5928 6456 36 0 179
fre 6052 6460 11 179 179
zabor 6960 6448 74 1 9
zabor 7088 6448 73 1 9
trop 7244 6444 75 179 179
fre 7348 6460 8 179 179
fre 7356 6460 8 179 179
fre 7348 6452 8 179 179
fre 7340 6444 8 179 179
fre 7340 6436 8 179 179
fre 7420 6460 8 179 179
fre 7436 6452 8 179 179
fre 7444 6452 8 179 179
fre 7444 6460 8 179 179
fre 7428 6460 8 179 179
trop 8020 6460 114 179 179
trop 8108 6460 114 179 179
fre 276 6468 5 179 179
tree 312 6488 37 0 179
tree 296 6472 44 0 179
fre 316 6492 11 179 179
tree 344 6472 4 0 179
tree 328 6488 58 0 179
tree 360 6472 20 0 179
lay 568 6488 28 0 179
fre 876 6468 11 179 179
zabor 912 6480 31 0 8
fre 916 6484 11 179 179
lay 1176 6488 28 0 179
fre 1500 6484 12 179 179
zabor 1520 6480 30 0 8
fre 1564 6484 11 179 179
tree 1624 6472 4 0 179
tree 1608 6472 57 0 179
tree 1704 6472 57 0 179
tree 1704 6488 27 0 179
tree 1784 6472 11 0 179
tree 1768 6472 58 0 179
lay 2008 6472 27 0 179
tree 2408 6472 50 0 179
tree 2440 6488 2 0 179
tree 2456 6488 13 0 179
tree 2488 6488 2 0 179
lay 2488 6488 61 0 179
lay 2472 6472 61 0 179
tree 2648 6472 59 0 179
tree 2664 6472 2 0 179
tree 2680 6472 2 0 179
tree 2680 6488 35 0 179
tree 2824 6488 11 0 179
tree 2824 6472 50 0 179
tree 2840 6472 13 0 179
trop 3004 6492 75 179 179
trop 2996 6492 75 179 179
trop 3076 6476 48 179 179
fre 3172 6468 11 179 179
tree 3192 6488 5 0 179
tree 3208 6472 35 0 179
tree 3720 6488 43 0 179
fre 3756 6492 11 179 179
tree 3784 6488 18 0 179
fre 4140 6468 15 179 179
lay 4168 6472 28 0 179
tree 4280 6488 44 0 179
fre 4300 6468 15 179 179
fre 4868 6468 8 179 179
fre 4948 6492 12 179 179
fre 4948 6476 12 179 179
fre 4956 6492 11 179 179
fre 4964 6492 12 179 179
cliff 4976 6480 48 179 179
fre 5044 6492 28 179 179
tree 5320 6472 52 0 179
fre 5348 6476 12 179 179
fre 5348 6484 12 179 179
fre 5356 6468 12 179 179
fre 5404 6476 12 179 179
lay 5688 6472 61 0 179
fre 5884 6492 15 179 179
lay 5928 6472 61 0 179
fre 5932 6476 30 179 179
fre 6028 6492 11 179 179
fre 6044 6484 11 179 179
fre 6036 6468 15 179 179
fre 7316 6476 12 179 179
fre 7356 6492 8 179 179
fre 7340 6484 8 179 179
fre 7380 6468 8 179 179
fre 7372 6468 8 179 179
fre 7372 6492 8 179 179
fre 7420 6468 8 179 179
fre 7420 6484 26 179 179
fre 7420 6492 26 179 179
fre 7444 6468 8 179 179
fre 7452 6476 8 179 179
lay 7560 6488 61 0 179
fre 7596 6484 11 179 179
lay 7640 6488 61 0 179
lay 7736 6488 61 0 179
fre 7724 6492 11 179 179
fre 7764 6468 11 179 179
fre 7836 6468 11 179 179
trop 7940 6484 70 179 179
fre 252 6500 5 179 179
tree 280 6504 25 0 179
tree 296 6504 12 0 179
tree 312 6504 27 0 179
tree 328 6504 18 0 179
fre 332 6508 11 179 179
fre 324 6524 5 179 179
tree 360 6504 13 0 179
fre 356 6524 11 179 179
fre 372 6516 11 179 179
fre 380 6508 11 179 179
fre 404 6508 11 179 179
fre 412 6516 11 179 179
fre 412 6524 11 179 179
tree 408 6504 52 0 179
tree 392 6520 25 0 179
lay 504 6504 61 0 179
lay 648 6520 61 0 179
zabor 912 6512 26 0 8
fre 1092 6516 11 179 179
fre 1196 6500 12 179 179
fre 1372 6500 12 179 179
fre 1436 6500 11 179 179
zabor 1520 6512 30 0 8
tree 1576 6520 57 0 179
tree 1704 6504 44 0 179
tree 1704 6520 43 0 179
tree 1816 6520 19 0 179
fre 1860 6524 11 179 179
fre 1868 6508 15 179 179
trop 2100 6516 48 179 179
tree 2232 6520 21 0 179
tree 2232 6504 21 0 179
lay 2264 6504 61 0 179
lay 2280 6504 61 0 179
tree 2312 6504 11 0 179
tree 2312 6520 58 0 179
tree 2344 6504 58 0 179
tree 2344 6520 35 0 179
tree 2392 6504 18 0 179
lay 2392 6520 61 0 179
tree 2408 6504 40 0 179
tree 2472 6504 50 0 179
lay 2488 6504 61 0 179
fre 2516 6524 11 179 179
fre 2564 6524 11 179 179
tree 2824 6504 27 0 179
trop 2972 6508 75 179 179
fre 3180 6524 11 179 179
lay 3352 6504 63 0 179
lay 3416 6504 61 0 179
lay 3544 6504 63 0 179
lay 3592 6520 28 0 179
tree 3656 6520 19 0 179
fre 3932 6500 11 179 179
fre 3972 6524 11 179 179
fre 3972 6500 11 179 179
fre 3988 6524 11 179 179
fre 4084 6516 11 179 179
fre 4108 6516 11 179 179
fre 4124 6524 11 179 179
fre 4108 6524 15 179 179
fre 4140 6516 15 179 179
fre 4188 6516 11 179 179
fre 4204 6524 11 179 179
fre 4212 6524 11 179 179
fre 4196 6516 15 179 179
tree 4488 6504 4 0 179
fre 4852 6524 11 179 179
fre 4852 6516 11 179 179
fre 4860 6508 11 179 179
fre 4924 6516 30 179 179
tree 4920 6520 26 0 179
fre 4924 6524 11 179 179
fre 4932 6516 12 179 179
fre 4956 6500 12 179 179
fre 4940 6500 11 179 179
fre 5140 6516 27 179 179
trop 5188 6516 22 179 179
fre 5396 6516 12 179 179
fre 5388 6516 12 179 179
fre 5412 6508 12 179 179
trop 5492 6524 68 179 179
fre 5676 6516 15 179 179
fre 5796 6516 15 179 179
lay 5880 6504 61 0 179
fre 5908 6524 26 179 179
fre 5908 6508 26 179 179
fre 5892 6516 28 179 179
lay 5928 6504 61 0 179
fre 5924 6516 15 179 179
fre 5932 6524 26 179 179
fre 5948 6524 28 179 179
lay 5944 6504 61 0 179
fre 6100 6500 11 179 179
fre 6084 6508 11 179 179
fre 6268 6516 11 179 179
trop 6436 6524 70 179 179
trop 6524 6500 114 179 179
trop 6612 6500 114 179 179
trop 6692 6524 117 179 179
zabor 6960 6512 72 1 9
zabor 7088 6512 72 1 9
lay 7256 6504 49 0 179
fre 7268 6516 12 179 179
fre 7276 6516 12 179 179
fre 7324 6508 12 179 179
fre 7316 6500 12 179 179
fre 7324 6524 12 179 179
fre 7308 6524 12 179 179
fre 7332 6500 12 179 179
lay 7352 6504 11 0 179
fre 7356 6508 8 179 179
fre 7364 6500 8 179 179
fre 7364 6508 8 179 179
fre 7364 6524 8 179 179
fre 7372 6524 8 179 179
fre 7420 6524 27 179 179
fre 7428 6508 26 179 179
fre 7484 6524 11 179 179
tree 7864 6504 59 0 179
tree 7864 6520 4 0 179
tree 7848 6504 57 0 179
tree 7880 6520 21 0 179
fre 292 6532 5 179 179
fre 308 6532 5 179 179
fre 324 6556 11 179 179
fre 348 6540 11 179 179
fre 356 6532 11 179 179
fre 364 6540 11 179 179
fre 412 6532 11 179 179
tree 392 6536 12 0 179
tree 408 6536 26 0 179
fre 884 6548 11 179 179
zabor 912 6544 25 0 8
fre 916 6556 11 179 179
fre 916 6532 11 179 179
lay 952 6552 61 0 179
fre 1052 6532 11 179 179
fre 1060 6532 11 179 179
fre 1084 6532 11 179 179
lay 1304 6536 28 0 179
fre 1292 6532 11 179 179
lay 1320 6552 61 0 179
fre 1396 6556 11 179 179
fre 1460 6548 12 179 179
zabor 1520 6544 27 0 8
fre 1516 6532 11 179 179
tree 1688 6536 13 0 179
tree 1720 6552 11 0 179
tree 1848 6552 58 0 179
tree 1832 6552 43 0 179
tree 1832 6536 44 0 179
tree 1864 6552 57 0 179
fre 1876 6548 11 179 179
fre 1916 6548 11 179 179
tree 2232 6536 27 0 179
tree 2248 6552 43 0 179
tree 2296 6536 4 0 179
tree 2296 6552 13 0 179
lay 2280 6536 61 0 179
lay 2296 6552 61 0 179
lay 2488 6536 61 0 179
fre 2524 6548 11 179 179
fre 2524 6540 15 179 179
fre 2532 6548 11 179 179
tree 2760 6536 13 0 179
tree 2776 6536 59 0 179
tree 2776 6552 2 0 179
tree 2792 6552 43 0 179
trop 2988 6556 75 179 179
trop 3076 6556 48 179 179
tree 3224 6552 44 0 179
tree 3688 6536 43 0 179
lay 3752 6536 63 0 179
fre 3756 6532 11 179 179
fre 3932 6532 11 179 179
fre 3932 6548 15 179 179
fre 3988 6540 11 179 179
fre 4092 6532 11 179 179
fre 4092 6556 15 179 179
fre 4100 6532 11 179 179
fre 4116 6540 11 179 179
lay 4104 6552 61 0 179
lay 4152 6552 28 0 179
fre 4204 6540 11 179 179
fre 4244 6548 11 179 179
fre 4236 6540 11 179 179
fre 4284 6548 11 179 179
fre 4892 6548 12 179 179
fre 4900 6556 12 179 179
fre 4908 6532 12 179 179
fre 4916 6548 12 179 179
fre 4924 6532 12 179 179
tree 4920 6536 20 0 179
fre 4916 6532 11 179 179
fre 5140 6556 29 179 179
fre 5708 6556 15 179 179
tree 5752 6536 9 0 179
fre 5748 6548 32 179 179
fre 5876 6540 15 179 179
fre 5972 6540 26 179 179
fre 5972 6532 26 179 179
fre 5996 6556 26 179 179
fre 6012 6556 28 179 179
lay 6008 6536 61 0 179
fre 6028 6532 11 179 179
fre 6132 6556 26 179 179
fre 6132 6540 26 179 179
fre 6116 6548 28 179 179
fre 6156 6556 26 179 179
fre 6172 6556 28 179 179
lay 6168 6536 61 0 179
fre 6324 6532 11 179 179
fre 6308 6540 11 179 179
lay 6584 6536 67 0 179
lay 6616 6552 67 0 179
fre 7268 6532 12 179 179
fre 7284 6532 12 179 179
fre 7292 6540 12 179 179
lay 7336 6552 6 0 179
lay 7384 6536 8 0 179
fre 7372 6540 8 179 179
fre 7420 6540 26 179 179
fre 7412 6532 26 179 179
fre 7412 6540 27 179 179
fre 7436 6540 22 179 179
fre 7436 6548 19 179 179
fre 7428 6548 26 179 179
fre 7436 6532 19 179 179
fre 7508 6556 11 179 179
fre 7564 6540 11 179 179
fre 7692 6532 11 179 179
fre 7740 6548 11 179 179
fre 7772 6548 11 179 179
fre 7748 6548 11 179 179
fre 7788 6540 11 179 179
fre 7828 6532 11 179 179
lay 7848 6536 11 0 179
fre 7964 6532 11 179 179
tree 136 6584 11 0 179
dom 256 6560 255 0 179
fre 292 6572 11 179 179
fre 308 6572 11 179 179
cliff 352 6576 59 179 179
lay 520 6568 28 0 179
fre 876 6580 11 179 179
zabor 912 6576 28 0 8
fre 1012 6572 12 179 179
lay 1032 6584 61 0 179
lay 1128 6568 28 0 179
lay 1176 6584 61 0 179
fre 1188 6564 12 179 179
lay 1288 6584 63 0 179
fre 1348 6588 12 179 179
fre 1388 6572 11 179 179
fre 1412 6572 11 179 179
fre 1420 6564 11 179 179
zabor 1520 6576 30 0 8
tree 1736 6568 50 0 179
tree 1768 6584 2 0 179
tree 1784 6584 13 0 179
tree 1816 6584 2 0 179
tree 1880 6584 35 0 179
tree 1880 6568 44 0 179
fre 1884 6588 15 179 179
tree 1896 6584 59 0 179
fre 1908 6580 11 179 179
fre 1916 6564 11 179 179
dom 2016 6560 158 1 179
tree 2296 6568 59 0 179
tree 2296 6584 50 0 179
lay 2296 6584 61 0 179
tree 2376 6584 36 0 179
tree 2456 6584 51 0 179
tree 2536 6584 50 0 179
tree 2568 6584 25 0 179
tree 2584 6584 29 0 179
dom 2624 6560 296 0 179
tree 2744 6584 58 0 179
tree 2744 6568 35 0 179
tree 2760 6584 59 0 179
trop 3012 6588 75 179 179
tree 3224 6568 19 0 179
lay 3288 6568 28 0 179
lay 3432 6568 28 0 179
tree 3720 6568 57 0 179
fre 3748 6564 11 179 179
tree 3768 6584 5 0 179
tree 3784 6568 35 0 179
fre 3924 6580 11 179 179
fre 3996 6564 11 179 179
fre 4092 6588 15 179 179
fre 4084 6572 15 179 179
fre 4284 6564 11 179 179
fre 4292 6564 11 179 179
tree 4296 6584 43 0 179
fre 4860 6564 11 179 179
fre 4868 6580 11 179 179
fre 4908 6572 12 179 179
tree 4904 6568 29 0 179
fre 4924 6580 11 179 179
lay 4984 6584 60 0 179
lay 4968 6584 60 0 179
lay 5032 6568 67 0 179
lay 5032 6584 60 0 179
lay 5112 6584 49 0 179
tree 5672 6568 37 0 179
lay 5704 6568 61 0 179
lay 5720 6568 61 0 179
fre 5700 6588 15 179 179
tree 5736 6568 25 0 179
fre 5748 6588 31 179 179
lay 5832 6584 61 0 179
lay 5864 6584 61 0 179
tree 6040 6584 5 0 179
fre 6020 6564 11 179 179
fre 6196 6572 26 179 179
fre 6196 6564 26 179 179
fre 6220 6588 26 179 179
fre 6236 6588 28 179 179
lay 6232 6568 61 0 179
lay 6296 6584 61 0 179
lay 6488 6584 67 0 179
lay 6504 6568 67 0 179
lay 6536 6568 67 0 179
zabor 6960 6576 74 1 9
zabor 7088 6576 72 1 9
fre 7252 6564 26 179 179
fre 7276 6572 26 179 179
lay 7272 6584 61 0 179
fre 7316 6564 26 179 179
fre 7308 6580 26 179 179
lay 7352 6584 61 0 179
lay 7368 6568 7 0 179
fre 7364 6564 8 179 179
fre 7380 6572 8 179 179
fre 7420 6580 20 179 179
fre 7452 6580 26 179 179
fre 7452 6572 26 179 179
fre 7516 6572 11 179 179
fre 7524 6564 11 179 179
fre 7604 6572 11 179 179
fre 7612 6580 11 179 179
fre 7596 6580 11 179 179
fre 7636 6572 11 179 179
fre 7620 6580 11 179 179
lay 7672 6584 61 0 179
fre 7652 6564 11 179 179
lay 7704 6584 61 0 179
fre 7700 6588 11 179 179
lay 7768 6584 61 0 179
fre 7836 6564 11 179 179
fre 7828 6588 11 179 179
trop 7916 6572 67 179 179
fre 7956 6564 11 179 179
fre 276 6620 11 179 179
fre 284 6604 11 179 179
cliff 320 6608 103 179 179
fre 884 6596 11 179 179
zabor 912 6608 27 0 8
fre 916 6620 11 179 179
fre 916 6612 11 179 179
lay 936 6616 61 0 179
fre 996 6620 12 179 179
fre 1092 6612 11 179 179
fre 1116 6620 11 179 179
fre 1124 6620 11 179 179
fre 1124 6604 11 179 179
fre 1308 6596 11 179 179
zabor 1488 6608 26 0 8
lay 1480 6600 63 0 179
zabor 1520 6608 26 0 8
fre 1508 6612 11 179 179
fre 1524 6620 11 179 179
tree 1560 6616 21 0 179
tree 1560 6600 21 0 179
fre 1564 6612 11 179 179
tree 1640 6600 11 0 179
tree 1640 6616 58 0 179
tree 1672 6600 58 0 179
tree 1672 6616 35 0 179
tree 1720 6600 18 0 179
tree 1736 6600 40 0 179
tree 1800 6600 50 0 179
fre 1844 6620 11 179 179
tree 1912 6600 50 0 179
fre 1892 6620 11 179 179
tree 1928 6600 2 0 179
trop 2100 6596 48 179 179
tree 2280 6600 57 0 179
tree 2280 6616 2 0 179
tree 2392 6616 52 0 179
tree 2392 6600 29 0 179
fre 2524 6596 11 179 179
fre 2564 6620 11 179 179
fre 2564 6596 11 179 179
fre 2580 6620 11 179 179
tree 2776 6616 59 0 179
tree 2760 6600 43 0 179
trop 2980 6620 75 179 179
dom 3008 6592 155 1 179
fre 3180 6620 11 179 179
tree 3240 6616 21 0 179
tree 3240 6600 44 0 179
tree 3656 6600 2 0 179
fre 3756 6620 11 179 179
fre 3956 6612 11 179 179
fre 3940 6604 11 179 179
fre 4084 6620 11 179 179
fre 4084 6604 11 179 179
fre 4108 6596 15 179 179
tree 4232 6616 19 0 179
fre 4276 6620 11 179 179
fre 4284 6596 11 179 179
tree 4536 6600 13 0 179
tree 4552 6616 44 0 179
tree 4552 6600 44 0 179
fre 4836 6612 26 179 179
fre 4876 6612 26 179 179
lay 4968 6600 67 0 179
trop 5012 6620 33 179 179
dom 4992 6592 255 0 179
lay 5016 6616 60 0 179
lay 5032 6616 67 0 179
dom 5152 6592 255 0 179
trop 5196 6596 23 179 179
lay 5304 6616 63 0 179
trop 5492 6604 68 179 179
lay 5752 6616 61 0 179
lay 5816 6616 61 0 179
fre 5828 6604 15 179 179
fre 5908 6620 15 179 179
fre 6028 6620 11 179 179
fre 6220 6620 11 179 179
lay 6232 6616 61 0 179
fre 6260 6596 11 179 179
fre 6332 6596 11 179 179
tree 6360 6616 52 0 179
trop 6412 6612 67 179 179
fre 6500 6612 11 179 179
fre 6508 6612 11 179 179
trop 6716 6612 67 179 179
lay 7288 6600 7 0 179
fre 7324 6596 26 179 179
fre 7348 6612 23 179 179
fre 7332 6620 26 179 179
fre 7332 6612 19 179 179
fre 7420 6620 23 179 179
lay 7400 6600 61 0 179
lay 7512 6600 61 0 179
fre 7532 6596 11 179 179
fre 7540 6612 11 179 179
fre 7532 6604 11 179 179
fre 7524 6604 11 179 179
lay 7576 6600 61 0 179
fre 7572 6604 11 179 179
lay 7608 6600 61 0 179
fre 7588 6612 11 179 179
fre 7604 6604 11 179 179
tree 7640 6600 50 0 179
lay 7640 6600 61 0 179
tree 7736 6616 52 0 179
fre 7780 6596 11 179 179
fre 7860 6596 11 179 179
fre 7964 6596 11 179 179
fre 7972 6596 11 179 179
fre 7996 6604 11 179 179
fre 7996 6620 11 179 179
fre 7972 6612 11 179 179
lay 8008 6600 10 0 179
tree 136 6632 59 0 179
fre 276 6652 11 179 179
fre 276 6644 11 179 179
fre 300 6652 11 179 179
cliff 320 6624 85 179 179
fre 884 6644 11 179 179
fre 908 6644 11 179 179
fre 916 6628 11 179 179
tree 920 6648 28 0 179
lay 952 6632 61 0 179
zabor 1424 6640 24 0 8
zabor 1456 6640 30 0 8
zabor 1488 6640 28 0 8
fre 1492 6644 11 179 179
fre 1500 6636 11 179 179
fre 1516 6628 11 179 179
fre 1532 6652 11 179 179
fre 1524 6628 11 179 179
tree 1560 6632 27 0 179
tree 1576 6648 43 0 179
tree 1624 6632 4 0 179
tree 1624 6648 13 0 179
fre 1852 6644 11 179 179
fre 1852 6636 15 179 179
fre 1860 6644 11 179 179
tree 1944 6632 19 0 179
lay 2248 6632 61 0 179
tree 2408 6632 5 0 179
lay 2424 6648 61 0 179
tree 2456 6648 21 0 179
tree 2472 6648 57 0 179
tree 2520 6648 29 0 179
fre 2524 6628 11 179 179
fre 2524 6644 15 179 179
fre 2580 6636 11 179 179
trop 2988 6652 75 179 179
trop 3012 6644 75 179 179
trop 3076 6636 48 179 179
fre 3172 6652 11 179 179
fre 3188 6652 11 179 179
fre 3180 6644 11 179 179
tree 3240 6632 57 0 179
fre 3364 6628 12 179 179
fre 3580 6628 12 179 179
tree 3656 6648 51 0 179
tree 3800 6648 44 0 179
fre 4036 6636 11 179 179
fre 4052 6652 11 179 179
lay 4088 6632 28 0 179
fre 4068 6644 11 179 179
fre 4084 6636 11 179 179
fre 4084 6652 15 179 179
fre 4100 6652 15 179 179
fre 4172 6636 11 179 179
fre 4212 6652 11 179 179
fre 4204 6652 11 179 179
fre 4284 6652 11 179 179
tree 4264 6632 43 0 179
tree 4568 6632 4 0 179
tree 4584 6648 2 0 179
fre 4836 6636 26 179 179
fre 4892 6636 11 179 179
lay 4984 6632 67 0 179
trop 5052 6636 35 179 179
trop 5140 6628 29 179 179
lay 5336 6648 63 0 179
lay 5336 6632 61 0 179
lay 5352 6648 61 0 179
lay 5928 6648 61 0 179
fre 5980 6652 11 179 179
tree 6344 6632 57 0 179
tree 6360 6648 4 0 179
tree 6360 6632 59 0 179
tree 6376 6648 21 0 179
fre 6484 6652 11 179 179
lay 6552 6632 67 0 179
lay 6536 6648 67 0 179
lay 6584 6632 67 0 179
lay 6648 6632 67 0 179
zabor 6960 6640 74 1 9
zabor 7024 6640 72 1 9
zabor 7088 6640 74 1 9
lay 7288 6632 5 0 179
fre 7348 6652 26 179 179
fre 7364 6644 26 179 179
fre 7500 6644 11 179 179
fre 7508 6644 11 179 179
fre 7540 6636 11 179 179
fre 7524 6644 11 179 179
fre 7524 6652 11 179 179
fre 7556 6636 11 179 179
fre 8012 6628 11 179 179
fre 268 6684 11 179 179
fre 284 6660 11 179 179
fre 300 6676 11 179 179
cliff 320 6656 83 179 179
lay 568 6664 28 0 179
fre 876 6684 11 179 179
fre 884 6660 11 179 179
fre 924 6684 11 179 179
fre 916 6668 11 179 179
fre 900 6676 11 179 179
fre 900 6660 11 179 179
tree 920 6680 25 0 179
tree 936 6664 17 0 179
tree 952 6680 60 0 179
lay 984 6664 61 0 179
lay 1016 6680 61 0 179
zabor 1040 6672 26 0 8
zabor 1072 6672 27 0 8
fre 1060 6684 11 179 179
fre 1076 6676 11 179 179
zabor 1104 6672 26 0 8
fre 1116 6668 11 179 179
fre 1092 6668 11 179 179
zabor 1136 6672 31 0 8
zabor 1168 6672 27 0 8
fre 1164 6684 11 179 179
zabor 1200 6672 25 0 8
zabor 1232 6672 31 0 8
zabor 1264 6672 31 0 8
zabor 1296 6672 28 0 8
zabor 1328 6672 30 0 8
zabor 1360 6672 25 0 8
zabor 1392 6672 30 0 8
zabor 1424 6672 24 0 8
fre 1500 6660 11 179 179
tree 1480 6680 26 0 179
tree 1496 6680 57 0 179
fre 1516 6660 11 179 179
fre 1540 6660 11 179 179
tree 1624 6664 59 0 179
tree 1624 6680 50 0 179
tree 1704 6680 36 0 179
tree 1784 6680 51 0 179
tree 1864 6680 50 0 179
tree 1896 6680 25 0 179
tree 1912 6680 29 0 179
lay 1992 6664 27 0 179
dom 2016 6656 157 1 179
trop 2100 6676 48 179 179
lay 2312 6664 61 0 179
tree 2392 6680 26 0 179
tree 2456 6664 35 0 179
tree 2440 6680 2 0 179
tree 2488 6664 2 0 179
lay 2488 6680 61 0 179
tree 2504 6664 35 0 179
fre 2516 6676 11 179 179
fre 2588 6660 11 179 179
tree 2792 6664 44 0 179
fre 3212 6668 11 179 179
tree 3272 6680 11 0 179
tree 3656 6664 58 0 179
tree 3800 6664 19 0 179
fre 4188 6676 11 179 179
lay 4184 6664 61 0 179
fre 4236 6676 11 179 179
fre 4236 6660 11 179 179
fre 4284 6676 11 179 179
tree 4296 6664 57 0 179
fre 4388 6668 11 179 179
fre 4388 6676 11 179 179
fre 4404 6660 11 179 179
fre 4556 6684 11 179 179
tree 4600 6664 4 0 179
tree 4584 6664 13 0 179
lay 5336 6664 63 0 179
trop 5492 6684 68 179 179
fre 5748 6660 15 179 179
lay 5832 6680 61 0 179
fre 6004 6684 11 179 179
fre 6060 6668 11 179 179
fre 6188 6660 11 179 179
fre 6236 6676 11 179 179
fre 6244 6676 11 179 179
fre 6268 6676 11 179 179
fre 6284 6668 11 179 179
fre 6324 6660 11 179 179
lay 6344 6664 11 0 179
fre 6460 6660 11 179 179
fre 6468 6676 11 179 179
fre 6500 6660 11 179 179
tree 6504 6680 49 0 179
tree 6520 6664 3 0 179
tree 6504 6664 17 0 179
lay 6552 6680 67 0 179
lay 6632 6664 67 0 179
stand 6920 6664 209 0 179
stand 7080 6680 193 0 179
stand 7112 6680 194 0 179
fre 7340 6684 26 179 179
fre 7388 6676 20 179 179
fre 7476 6684 11 179 179
fre 7484 6668 11 179 179
fre 7516 6660 11 179 179
fre 7524 6676 11 179 179
tree 7608 6680 25 0 179
fre 7604 6676 11 179 179
fre 7620 6668 11 179 179
trop 7916 6660 68 179 179
tree 104 6712 51 0 179
tree 104 6696 11 0 179
dom 256 6688 255 0 179
fre 292 6708 11 179 179
fre 292 6700 11 179 179
cliff 320 6688 86 179 179
fre 868 6700 11 179 179
fre 868 6708 11 179 179
fre 900 6708 11 179 179
lay 920 6696 61 0 179
lay 920 6712 61 0 179
fre 916 6700 11 179 179
fre 924 6700 11 179 179
fre 940 6716 11 179 179
fre 948 6708 11 179 179
tree 952 6696 28 0 179
tree 936 6696 3 0 179
fre 964 6708 11 179 179
tree 968 6696 40 0 179
tree 984 6696 9 0 179
fre 996 6700 11 179 179
lay 1016 6696 61 0 179
fre 1004 6708 11 179 179
fre 1012 6700 11 179 179
fre 1036 6700 11 179 179
fre 1044 6700 11 179 179
fre 1060 6708 11 179 179
fre 1068 6700 11 179 179
fre 1076 6716 11 179 179
fre 1100 6716 29 179 179
fre 1244 6692 11 179 179
fre 1228 6692 11 179 179
tree 1240 6712 5 0 179
fre 1276 6692 11 179 179
fre 1276 6716 11 179 179
fre 1252 6716 11 179 179
fre 1260 6700 11 179 179
fre 1300 6708 11 179 179
fre 1292 6716 11 179 179
tree 1496 6696 36 0 179
tree 1496 6712 28 0 179
tree 1480 6712 60 0 179
tree 1528 6696 26 0 179
tree 1608 6696 57 0 179
tree 1608 6712 2 0 179
tree 1720 6712 52 0 179
tree 1720 6696 29 0 179
fre 1852 6692 11 179 179
fre 1892 6716 11 179 179
fre 1892 6692 11 179 179
fre 1908 6716 11 179 179
tree 1944 6696 4 0 179
lay 2248 6696 61 0 179
tree 2392 6712 17 0 179
tree 2392 6696 5 0 179
tree 2504 6696 12 0 179
lay 2520 6696 61 0 179
tree 2776 6712 58 0 179
trop 3076 6716 48 179 179
tree 3416 6712 21 0 179
fre 3756 6716 11 179 179
tree 3816 6712 21 0 179
tree 3816 6696 44 0 179
fre 4148 6692 11 179 179
fre 4212 6700 11 179 179
fre 4236 6708 11 179 179
tree 4232 6696 2 0 179
fre 4332 6692 11 179 179
fre 4372 6708 11 179 179
fre 4380 6708 11 179 179
fre 4404 6692 11 179 179
fre 4540 6708 11 179 179
fre 4540 6692 11 179 179
fre 4548 6716 11 179 179
fre 4564 6716 11 179 179
fre 4556 6708 11 179 179
trop 5492 6716 68 179 179
lay 5768 6712 61 0 179
lay 5848 6712 61 0 179
fre 5980 6708 11 179 179
fre 6012 6700 11 179 179
fre 6020 6692 11 179 179
fre 6092 6708 11 179 179
fre 6108 6708 11 179 179
fre 6100 6700 11 179 179
fre 6116 6708 11 179 179
fre 6132 6700 11 179 179
fre 6148 6692 11 179 179
lay 6168 6712 61 0 179
fre 6196 6716 11 179 179
lay 6200 6712 61 0 179
lay 6264 6712 61 0 179
fre 6324 6716 11 179 179
fre 6332 6692 11 179 179
trop 6412 6700 67 179 179
fre 6452 6692 11 179 179
lay 6520 6696 67 0 179
trop 6716 6700 67 179 179
fre 7540 6700 11 179 179
fre 7564 6700 11 179 179
fre 7580 6708 11 179 179
fre 7564 6708 11 179 179
fre 7580 6700 11 179 179
stand 7592 6696 176 0 179
dom 7712 6688 78 0 179
stand 7832 6696 147 0 179
tree 120 6744 57 0 179
tree 120 6728 57 0 179
tree 136 6728 51 0 179
tree 152 6744 43 0 179
fre 300 6748 11 179 179
fre 292 6732 11 179 179
cliff 320 6720 83 179 179
lay 456 6728 61 0 179
lay 520 6744 28 0 179
fre 892 6740 11 179 179
fre 916 6732 11 179 179
fre 940 6724 11 179 179
fre 940 6748 11 179 179
fre 932 6748 11 179 179
fre 932 6724 11 179 179
fre 964 6740 11 179 179
fre 980 6748 11 179 179
lay 1032 6744 61 0 179
fre 1060 6724 11 179 179
fre 1060 6732 11 179 179
fre 1084 6740 11 179 179
fre 1076 6724 11 179 179
lay 1080 6744 61 0 179
fre 1092 6748 11 179 179
fre 1116 6748 11 179 179
fre 1108 6740 11 179 179
dom 1152 6720 316 0 179
fre 1244 6740 11 179 179
fre 1236 6740 11 179 179
tree 1240 6744 26 0 179
tree 1240 6728 17 0 179
fre 1268 6740 11 179 179
fre 1260 6724 11 179 179
fre 1260 6740 11 179 179
fre 1252 6748 11 179 179
tree 1256 6728 3 0 179
fre 1300 6732 11 179 179
fre 1284 6724 11 179 179
fre 1300 6748 11 179 179
fre 1292 6740 11 179 179
fre 1284 6740 11 179 179
fre 1324 6740 11 179 179
fre 1316 6748 11 179 179
lay 1496 6728 65 0 179
tree 1736 6728 5 0 179
tree 1784 6744 21 0 179
tree 1800 6744 57 0 179
tree 1848 6744 29 0 179
fre 1852 6724 11 179 179
fre 1852 6740 15 179 179
tree 1912 6744 19 0 179
fre 1908 6732 11 179 179
lay 2328 6728 61 0 179
tree 2360 6728 50 0 179
tree 2392 6744 19 0 179
tree 2504 6728 43 0 179
tree 2504 6744 25 0 179
tree 2760 6728 35 0 179
tree 2776 6728 19 0 179
tree 3368 6728 57 0 179
tree 3400 6744 21 0 179
tree 3576 6728 58 0 179
fre 3748 6748 11 179 179
fre 3764 6748 11 179 179
fre 3756 6740 11 179 179
tree 3816 6728 57 0 179
fre 3940 6724 12 179 179
fre 4068 6732 11 179 179
fre 4068 6740 11 179 179
fre 4084 6724 11 179 179
fre 4156 6724 12 179 179
fre 4236 6748 11 179 179
tree 4232 6744 51 0 179
fre 4428 6740 11 179 179
lay 4456 6728 28 0 179
fre 4460 6724 11 179 179
lay 4472 6728 61 0 179
fre 4548 6724 11 179 179
fre 4556 6732 11 179 179
lay 4552 6728 61 0 179
fre 4588 6732 11 179 179
tree 4648 6728 50 0 179
fre 5284 6732 11 179 179
fre 5316 6740 11 179 179
lay 5352 6744 61 0 179
tree 5352 6744 9 0 179
tree 5368 6744 20 0 179
tree 5352 6728 12 0 179
fre 5844 6748 26 179 179
fre 5844 6732 26 179 179
fre 5828 6740 28 179 179
fre 5868 6748 26 179 179
fre 5884 6748 28 179 179
lay 5880 6728 61 0 179
lay 5896 6728 61 0 179
lay 6008 6728 61 0 179
fre 6028 6732 11 179 179
fre 6036 6740 11 179 179
fre 6028 6724 11 179 179
fre 6036 6724 11 179 179
fre 6020 6732 11 179 179
fre 6068 6732 11 179 179
lay 6072 6728 61 0 179
fre 6100 6732 11 179 179
fre 6084 6740 11 179 179
lay 6104 6728 61 0 179
lay 6136 6728 61 0 179
tree 6136 6728 50 0 179
tree 6232 6744 52 0 179
fre 6276 6724 11 179 179
fre 6356 6724 11 179 179
fre 6460 6724 11 179 179
fre 6468 6740 11 179 179
fre 6492 6748 11 179 179
fre 6492 6732 11 179 179
fre 6468 6724 11 179 179
lay 6504 6728 10 0 179
lay 6616 6728 67 0 179
trop 6772 6748 114 179 179
trop 6804 6748 114 179 179
trop 6884 6748 114 179 179
trop 6964 6748 114 179 179
trop 7052 6748 114 179 179
trop 7132 6748 114 179 179
trop 7220 6748 114 179 179
trop 7300 6748 113 179 179
trop 7380 6748 113 179 179
trop 7468 6748 113 179 179
trop 7564 6748 113 179 179
trop 7652 6748 113 179 179
trop 7740 6748 113 179 179
trop 7820 6748 113 179 179
trop 7900 6732 69 179 179
lay 8024 6728 21 0 179
fre 292 6780 11 179 179
cliff 320 6752 85 179 179
lay 920 6760 61 0 179
lay 968 6776 61 0 179
lay 984 6760 61 0 179
fre 964 6764 11 179 179
fre 988 6772 11 179 179
stand 968 6776 153 0 179
fre 1004 6772 11 179 179
fre 1012 6764 11 179 179
fre 996 6780 11 179 179
fre 1044 6780 11 179 179
fre 1028 6764 11 179 179
fre 1068 6772 11 179 179
fre 1084 6756 11 179 179
fre 1100 6780 11 179 179
fre 1116 6756 11 179 179
fre 1236 6764 11 179 179
fre 1276 6756 11 179 179
stand 1256 6776 164 0 179
lay 1272 6760 65 0 179
fre 1308 6772 11 179 179
fre 1284 6772 11 179 179
fre 1292 6764 11 179 179
dom 1440 6752 315 0 179
fre 1484 6772 12 179 179
tree 1720 6776 26 0 179
tree 1784 6760 35 0 179
tree 1768 6776 2 0 179
tree 1816 6760 2 0 179
tree 1832 6760 35 0 179
fre 1844 6772 11 179 179
tree 1912 6760 37 0 179
fre 1916 6756 11 179 179
lay 2024 6776 27 0 179
trop 2100 6756 48 179 179
lay 2248 6776 61 0 179
tree 2392 6760 44 0 179
tree 2392 6776 57 0 179
tree 2376 6760 11 0 179
tree 2424 6776 21 0 179
tree 2408 6776 35 0 179
tree 2520 6776 21 0 179
tree 2520 6760 27 0 179
tree 2504 6760 12 0 179
lay 2504 6760 61 0 179
tree 2728 6760 58 0 179
fre 2852 6756 11 179 179
fre 2852 6780 11 179 179
fre 2876 6772 11 179 179
fre 2884 6772 11 179 179
tree 2936 6776 59 0 179
fre 2932 6780 11 179 179
fre 2956 6772 11 179 179
fre 2996 6756 11 179 179
tree 3416 6776 50 0 179
zabor 3504 6768 104 2 8
zabor 3536 6768 105 2 8
tree 3528 6760 27 0 179
lay 3528 6776 61 0 179
zabor 3568 6768 105 2 8
zabor 3600 6768 104 2 8
zabor 3632 6768 104 2 8
zabor 3664 6768 104 2 8
zabor 3696 6768 105 2 8
fre 3788 6764 11 179 179
tree 3848 6776 11 0 179
fre 4012 6756 11 179 179
fre 4052 6772 11 179 179
fre 4060 6772 11 179 179
fre 4084 6756 11 179 179
fre 4220 6772 11 179 179
fre 4220 6756 11 179 179
fre 4228 6780 11 179 179
fre 4244 6780 11 179 179
fre 4236 6772 11 179 179
tree 4232 6760 58 0 179
fre 4324 6772 11 179 179
fre 4348 6764 11 179 179
fre 4420 6772 11 179 179
fre 4548 6772 11 179 179
tree 4696 6776 13 0 179
tree 4680 6776 50 0 179
lay 5048 6760 5 0 179
dom 5216 6752 78 0 179
fre 5252 6756 11 179 179
tree 5368 6760 17 0 179
trop 5492 6780 68 179 179
fre 5908 6764 26 179 179
fre 5908 6756 26 179 179
fre 5932 6780 26 179 179
fre 5948 6780 28 179 179
lay 5944 6760 61 0 179
fre 6004 6772 11 179 179
fre 5996 6772 11 179 179
fre 6020 6780 11 179 179
fre 6020 6772 11 179 179
fre 6036 6764 11 179 179
fre 6052 6764 11 179 179
dom 6176 6752 317 0 179
fre 6508 6756 11 179 179
lay 6568 6760 67 0 179
lay 6600 6776 67 0 179
lay 6600 6760 67 0 179
trop 7148 6772 117 179 179
trop 7196 6772 70 179 179
trop 7572 6764 117 179 179
trop 7612 6772 70 179 179
tree 120 6808 21 0 179
tree 120 6792 43 0 179
tree 296 6808 35 0 179
fre 300 6796 11 179 179
cliff 320 6784 85 179 179
lay 440 6792 50 0 179
lay 936 6808 61 0 179
fre 1012 6796 11 179 179
fre 1004 6796 11 179 179
fre 1084 6788 11 179 179
fre 1060 6804 11 179 179
fre 1124 6812 11 179 179
fre 1140 6812 11 179 179
fre 1148 6812 11 179 179
fre 1244 6796 11 179 179
fre 1236 6796 11 179 179
fre 1236 6812 11 179 179
fre 1276 6788 11 179 179
fre 1260 6796 11 179 179
fre 1260 6788 11 179 179
fre 1292 6788 11 179 179
tree 1720 6808 17 0 179
tree 1720 6792 5 0 179
tree 1832 6792 12 0 179
fre 1876 6804 11 179 179
fre 1860 6796 11 179 179
tree 1912 6808 51 0 179
tree 1912 6792 57 0 179
lay 2264 6808 61 0 179
tree 2392 6792 50 0 179
tree 2424 6792 35 0 179
tree 2408 6792 2 0 179
lay 2424 6792 61 0 179
tree 2456 6808 17 0 179
tree 2504 6792 19 0 179
fre 2852 6788 11 179 179
fre 2900 6812 11 179 179
fre 2892 6788 11 179 179
fre 2884 6788 11 179 179
fre 2932 6804 11 179 179
fre 2916 6804 11 179 179
tree 2952 6808 21 0 179
tree 2968 6808 44 0 179
tree 2952 6792 24 0 179
fre 2964 6796 11 179 179
fre 2964 6812 11 179 179
fre 2964 6804 11 179 179
fre 2948 6796 11 179 179
fre 2956 6796 11 179 179
tree 2984 6792 58 0 179
tree 3000 6792 20 0 179
fre 2980 6804 11 179 179
fre 2996 6796 11 179 179
fre 2988 6796 11 179 179
trop 3076 6796 48 179 179
zabor 3504 6800 104 2 8
tree 3992 6808 21 0 179
fre 4108 6804 11 179 179
lay 4136 6792 28 0 179
fre 4140 6788 11 179 179
lay 4152 6792 61 0 179
fre 4228 6788 11 179 179
fre 4236 6796 11 179 179
lay 4232 6792 61 0 179
fre 4268 6796 11 179 179
fre 4340 6796 11 179 179
fre 4332 6804 11 179 179
fre 4340 6804 11 179 179
fre 4484 6796 11 179 179
fre 4484 6804 11 179 179
fre 4548 6812 11 179 179
tree 4776 6808 57 0 179
tree 4984 6808 27 0 179
tree 4984 6792 59 0 179
tree 4968 6792 19 0 179
tree 5112 6792 29 0 179
fre 5244 6812 11 179 179
fre 5260 6788 11 179 179
lay 5336 6792 61 0 179
lay 5352 6808 61 0 179
dom 5344 6784 299 0 179
lay 5368 6792 61 0 179
fre 5980 6796 11 179 179
fre 5972 6812 11 179 179
fre 6012 6788 11 179 179
fre 6020 6804 11 179 179
fre 6100 6804 11 179 179
tree 6104 6808 25 0 179
fre 6116 6796 11 179 179
trop 6412 6788 68 179 179
lay 6536 6808 67 0 179
trop 6716 6796 67 179 179
fre 6820 6796 6 179 179
fre 6820 6812 26 179 179
fre 6908 6804 12 179 179
fre 6884 6812 12 179 179
fre 6940 6788 26 179 179
fre 6940 6804 27 179 179
fre 6956 6812 23 179 179
fre 6948 6788 19 179 179
fre 6972 6804 26 179 179
fre 6964 6812 19 179 179
fre 6948 6796 20 179 179
dom 7488 6784 297 0 179
fre 7948 6796 11 179 179
tree 7992 6792 9 0 179
tree 136 6840 57 0 179
tree 136 6824 13 0 179
tree 152 6824 57 0 179
tree 152 6840 43 0 179
tree 280 6840 35 0 179
tree 312 6840 13 0 179
fre 340 6844 11 179 179
fre 332 6828 11 179 179
cliff 336 6816 105 179 179
cliff 352 6832 101 179 179
fre 772 6836 26 179 179
fre 772 6844 27 179 179
tree 1688 6824 50 0 179
tree 1720 6840 19 0 179
tree 1832 6824 43 0 179
tree 1832 6840 25 0 179
tree 1912 6824 58 0 179
trop 2100 6836 48 179 179
fre 2164 6820 11 179 179
fre 2156 6844 11 179 179
tree 2200 6840 25 0 179
fre 2180 6820 11 179 179
fre 2180 6836 11 179 179
fre 2196 6828 11 179 179
fre 2204 6844 11 179 179
tree 2232 6840 60 0 179
tree 2216 6824 17 0 179
lay 2264 6824 61 0 179
lay 2296 6840 61 0 179
fre 2356 6836 11 179 179
fre 2340 6844 11 179 179
fre 2372 6828 11 179 179
fre 2396 6828 11 179 179
tree 2456 6824 17 0 179
fre 2444 6844 11 179 179
lay 2488 6824 61 0 179
tree 2776 6840 57 0 179
tree 2760 6840 26 0 179
fre 2780 6820 11 179 179
fre 2796 6820 11 179 179
trop 2940 6844 114 179 179
fre 2996 6820 11 179 179
trop 3028 6844 124 179 179
trop 3076 6828 48 179 179
zabor 3504 6832 105 2 8
trop 3628 6828 75 179 179
trop 3756 6844 22 179 179
stand 3800 6840 36 0 179
tree 3944 6824 57 0 179
tree 3976 6840 21 0 179
fre 4004 6836 11 179 179
fre 4028 6828 11 179 179
fre 4100 6836 11 179 179
tree 4152 6824 58 0 179
tree 4152 6840 11 0 179
fre 4228 6836 11 179 179
fre 4332 6820 11 179 179
lay 4520 6824 28 0 179
tree 4760 6840 27 0 179
tree 4888 6840 11 0 179
tree 4872 6840 2 0 179
tree 5048 6840 27 0 179
fre 5212 6820 11 179 179
fre 5220 6836 11 179 179
lay 5256 6824 61 0 179
lay 5256 6840 61 0 179
lay 5304 6840 61 0 179
fre 5284 6820 11 179 179
fre 5284 6844 11 179 179
lay 5336 6824 61 0 179
fre 6036 6828 11 179 179
fre 6076 6828 11 179 179
fre 6060 6836 11 179 179
fre 6076 6836 11 179 179
fre 6060 6828 11 179 179
stand 6088 6824 176 0 179
stand 6328 6824 147 0 179
lay 6632 6840 67 0 179
fre 6820 6836 26 179 179
fre 6860 6828 6 179 179
fre 6948 6836 12 179 179
fre 6988 6836 20 179 179
fre 6980 6828 19 179 179
fre 6980 6820 26 179 179
lay 7432 6840 61 0 179
fre 7468 6828 12 179 179
fre 7460 6828 12 179 179
lay 7496 6840 61 0 179
lay 7544 6840 61 0 179
fre 7556 6844 12 179 179
fre 7556 6828 12 179 179
fre 7556 6820 12 179 179
stand 7960 6824 177 0 179
tree 7944 6824 4 0 179
fre 7948 6836 11 179 179
tree 8008 6824 19 0 179
tree 168 6856 58 0 179
tree 296 6872 19 0 179
fre 316 6868 11 179 179
tree 312 6872 3 0 179
fre 324 6860 11 179 179
cliff 352 6848 87 179 179
lay 504 6856 50 0 179
lay 600 6872 61 0 179
fre 772 6860 26 179 179
fre 1092 6860 11 179 179
fre 1092 6868 11 179 179
fre 1108 6852 11 179 179
fre 1260 6876 11 179 179
tree 1624 6856 57 0 179
tree 1720 6856 44 0 179
tree 1720 6872 57 0 179
tree 1704 6856 11 0 179
tree 1752 6872 21 0 179
tree 1736 6872 35 0 179
tree 1848 6872 21 0 179
tree 1848 6856 27 0 179
tree 1832 6856 12 0 179
tree 1912 6872 4 0 179
tree 1912 6856 58 0 179
fre 2148 6868 11 179 179
fre 2148 6860 11 179 179
fre 2204 6860 11 179 179
fre 2196 6860 11 179 179
lay 2200 6872 61 0 179
lay 2200 6856 61 0 179
fre 2180 6868 11 179 179
tree 2216 6872 37 0 179
tree 2216 6856 3 0 179
tree 2232 6856 28 0 179
fre 2228 6868 11 179 179
fre 2220 6876 11 179 179
tree 2264 6856 9 0 179
tree 2248 6856 40 0 179
fre 2244 6868 11 179 179
fre 2292 6860 11 179 179
fre 2284 6868 11 179 179
lay 2296 6856 61 0 179
fre 2276 6860 11 179 179
lay 2312 6856 61 0 179
fre 2324 6860 11 179 179
fre 2316 6860 11 179 179
fre 2356 6876 11 179 179
fre 2348 6860 11 179 179
fre 2340 6868 11 179 179
fre 2380 6876 29 179 179
lay 2440 6856 61 0 179
tree 2520 6872 5 0 179
fre 2508 6852 11 179 179
fre 2524 6852 11 179 179
tree 2536 6856 57 0 179
fre 2540 6860 11 179 179
fre 2532 6876 11 179 179
fre 2556 6876 11 179 179
fre 2556 6852 11 179 179
fre 2572 6876 11 179 179
fre 2580 6868 11 179 179
tree 2760 6872 60 0 179
tree 2776 6872 28 0 179
tree 2776 6856 36 0 179
tree 2808 6856 26 0 179
trop 2860 6868 70 179 179
trop 3076 6876 48 179 179
zabor 3504 6864 104 2 8
trop 3604 6876 75 179 179
trop 3620 6852 75 179 179
stand 3672 6856 34 0 179
trop 3692 6868 123 179 179
lay 3736 6872 65 0 179
tree 3768 6872 4 0 179
trop 3748 6860 25 179 179
trop 3804 6860 35 179 179
tree 3992 6872 50 0 179
fre 4020 6860 11 179 179
fre 4012 6868 11 179 179
fre 4020 6868 11 179 179
tree 4104 6856 27 0 179
lay 4104 6872 61 0 179
tree 4152 6856 2 0 179
fre 4164 6860 11 179 179
fre 4164 6868 11 179 179
fre 4228 6876 11 179 179
fre 4348 6852 11 179 179
fre 4388 6852 11 179 179
fre 4420 6860 11 179 179
fre 4484 6868 11 179 179
fre 4492 6860 11 179 179
fre 4492 6852 11 179 179
fre 4556 6876 11 179 179
tree 4728 6872 11 0 179
tree 4856 6872 44 0 179
fre 4860 6868 12 179 179
fre 4924 6860 12 179 179
tree 5048 6856 58 0 179
fre 5220 6876 11 179 179
fre 5268 6876 11 179 179
fre 5260 6860 11 179 179
fre 5276 6860 11 179 179
lay 5304 6872 61 0 179
trop 5492 6860 68 179 179
trop 5548 6876 114 179 179
trop 5620 6876 114 179 179
trop 5708 6876 114 179 179
trop 5796 6876 113 179 179
trop 5876 6876 113 179 179
trop 5964 6876 113 179 179
trop 6060 6876 113 179 179
trop 6148 6876 113 179 179
trop 6236 6876 113 179 179
trop 6316 6876 113 179 179
trop 6388 6860 69 179 179
lay 6520 6856 21 0 179
lay 6568 6872 67 0 179
fre 6844 6852 12 179 179
fre 6820 6852 26 179 179
fre 6852 6868 12 179 179
dom 6880 6848 79 0 179
fre 6940 6876 12 179 179
fre 6948 6868 12 179 179
fre 6956 6860 12 179 179
fre 6980 6876 26 179 179
trop 7172 6860 122 179 179
lay 7304 6872 61 0 179
lay 7320 6872 61 0 179
dom 7296 6848 310 0 179
lay 7384 6856 61 0 179
dom 7392 6848 298 0 179
fre 7436 6868 12 179 179
lay 7464 6856 61 0 179
fre 7492 6852 12 179 179
fre 7516 6852 12 179 179
fre 7524 6852 12 179 179
fre 7540 6852 12 179 179
lay 7608 6856 61 0 179
trop 7596 6860 122 179 179
lay 7656 6856 61 0 179
lay 7704 6856 61 0 179
dom 7712 6848 81 0 179
lay 7752 6872 61 0 179
lay 7800 6872 61 0 179
fre 7780 6876 11 179 179
dom 7872 6848 82 0 179
fre 7940 6860 12 179 179
tree 7944 6856 11 0 179
fre 7964 6876 11 179 179
tree 7976 6872 44 0 179
tree 7992 6856 50 0 179
lay 7976 6872 61 0 179
tree 136 6904 57 0 179
tree 152 6904 44 0 179
fre 324 6900 11 179 179
fre 324 6892 11 179 179
cliff 352 6880 84 179 179
lay 584 6888 28 0 179
fre 764 6900 12 179 179
fre 756 6884 12 179 179
fre 756 6892 12 179 179
fre 756 6908 12 179 179
fre 772 6884 12 179 179
lay 776 6888 39 0 179
fre 1036 6884 11 179 179
fre 1076 6900 11 179 179
fre 1084 6900 11 179 179
fre 1108 6884 11 179 179
fre 1244 6900 11 179 179
fre 1244 6884 11 179 179
fre 1252 6908 11 179 179
fre 1268 6908 11 179 179
fre 1260 6900 11 179 179
tree 1576 6904 35 0 179
tree 1624 6904 19 0 179
tree 1640 6904 27 0 179
tree 1672 6904 51 0 179
tree 1720 6888 50 0 179
tree 1752 6888 35 0 179
tree 1736 6888 2 0 179
tree 1784 6904 17 0 179
tree 1832 6888 19 0 179
dom 2016 6880 131 1 179
fre 2172 6900 11 179 179
tree 2200 6904 52 0 179
fre 2196 6892 11 179 179
fre 2212 6884 11 179 179
fre 2212 6908 11 179 179
fre 2220 6908 11 179 179
fre 2220 6884 11 179 179
fre 2260 6908 11 179 179
fre 2244 6900 11 179 179
lay 2312 6904 61 0 179
lay 2360 6904 61 0 179
fre 2356 6884 11 179 179
fre 2364 6900 11 179 179
fre 2340 6892 11 179 179
fre 2340 6884 11 179 179
lay 2392 6888 61 0 179
fre 2388 6900 11 179 179
fre 2396 6908 11 179 179
fre 2372 6908 11 179 179
tree 2520 6888 17 0 179
tree 2520 6904 26 0 179
fre 2516 6900 11 179 179
fre 2524 6900 11 179 179
tree 2536 6888 3 0 179
fre 2532 6908 11 179 179
fre 2540 6900 11 179 179
fre 2540 6884 11 179 179
fre 2548 6900 11 179 179
fre 2564 6900 11 179 179
fre 2572 6900 11 179 179
fre 2580 6908 11 179 179
fre 2564 6884 11 179 179
fre 2580 6892 11 179 179
fre 2596 6908 11 179 179
fre 2604 6900 11 179 179
dom 2688 6880 82 0 179
lay 2776 6888 65 0 179
fre 2908 6900 11 179 179
fre 2924 6884 11 179 179
fre 2972 6884 12 179 179
fre 2948 6900 12 179 179
fre 2948 6908 12 179 179
tree 3000 6888 35 0 179
tree 3000 6904 58 0 179
fre 2988 6892 12 179 179
dom 3040 6880 67 0 179
trop 3076 6908 48 179 179
zabor 3504 6896 105 2 8
trop 3692 6908 123 179 179
trop 3756 6900 32 179 179
fre 4012 6884 11 179 179
tree 4136 6904 35 0 179
lay 4200 6888 28 0 179
tree 4248 6904 21 0 179
fre 4324 6908 11 179 179
fre 4332 6892 15 179 179
fre 4388 6908 11 179 179
fre 4388 6884 11 179 179
fre 4436 6884 11 179 179
fre 4548 6892 11 179 179
tree 4728 6888 2 0 179
lay 4936 6904 63 0 179
lay 5112 6904 61 0 179
lay 5128 6904 63 0 179
fre 5212 6908 11 179 179
fre 5236 6892 11 179 179
lay 5272 6904 61 0 179
lay 5352 6888 61 0 179
lay 6600 6888 67 0 179
trop 6716 6892 67 179 179
fre 6844 6900 12 179 179
fre 6852 6884 12 179 179
fre 6948 6908 12 179 179
fre 6948 6884 12 179 179
fre 7444 6900 12 179 179
fre 7444 6892 12 179 179
fre 7748 6908 12 179 179
fre 7756 6900 12 179 179
fre 7788 6892 11 179 179
fre 7804 6908 11 179 179
lay 7832 6888 61 0 179
lay 7864 6888 61 0 179
fre 7924 6900 11 179 179
fre 7940 6900 12 179 179
fre 7940 6884 12 179 179
fre 7972 6908 11 179 179
fre 7996 6900 11 179 179
fre 7980 6892 11 179 179
tree 8008 6888 58 0 179
lay 8008 6904 61 0 179
fre 8012 6900 11 179 179
fre 8004 6908 11 179 179
tree 136 6920 51 0 179
tree 152 6920 58 0 179
lay 248 6936 61 0 179
lay 232 6920 61 0 179
fre 332 6940 11 179 179
fre 324 6924 11 179 179
tree 328 6936 36 0 179
tree 344 6936 28 0 179
cliff 352 6912 83 179 179
lay 472 6936 50 0 179
fre 732 6916 12 179 179
fre 732 6940 12 179 179
lay 760 6920 38 0 179
lay 744 6920 32 0 179
fre 796 6924 26 179 179
fre 788 6916 26 179 179
fre 796 6916 23 179 179
fre 820 6924 26 179 179
fre 1132 6932 11 179 179
lay 1160 6920 28 0 179
fre 1164 6916 11 179 179
lay 1176 6920 61 0 179
fre 1252 6916 11 179 179
fre 1260 6924 11 179 179
lay 1256 6920 61 0 179
fre 1292 6924 11 179 179
tree 1624 6920 19 0 179
tree 1624 6936 11 0 179
tree 1656 6920 35 0 179
tree 1672 6920 11 0 179
tree 1688 6936 3 0 179
tree 1784 6920 17 0 179
tree 1880 6920 50 0 179
trop 2100 6916 48 179 179
lay 2200 6920 61 0 179
tree 2232 6920 26 0 179
tree 2216 6920 3 0 179
stand 2248 6936 153 0 179
fre 2268 6932 11 179 179
fre 2244 6924 11 179 179
lay 2264 6920 61 0 179
lay 2248 6936 61 0 179
fre 2276 6940 11 179 179
fre 2292 6924 11 179 179
fre 2284 6932 11 179 179
fre 2308 6924 11 179 179
fre 2324 6940 11 179 179
fre 2364 6916 11 179 179
fre 2348 6932 11 179 179
fre 2396 6916 11 179 179
fre 2380 6940 11 179 179
dom 2464 6912 81 0 179
fre 2516 6924 11 179 179
lay 2552 6920 65 0 179
stand 2536 6936 164 0 179
fre 2556 6916 11 179 179
fre 2572 6924 11 179 179
fre 2564 6932 11 179 179
fre 2588 6932 11 179 179
fre 2764 6932 12 179 179
tree 2888 6936 50 0 179
tree 2904 6920 21 0 179
fre 2932 6924 12 179 179
fre 2924 6932 12 179 179
fre 2996 6924 12 179 179
fre 2996 6916 12 179 179
zabor 3504 6928 105 2 8
trop 3596 6916 75 179 179
fre 3804 6924 11 179 179
fre 3796 6916 11 179 179
fre 3828 6932 11 179 179
fre 3836 6932 11 179 179
fre 4028 6916 11 179 179
fre 4068 6916 11 179 179
fre 4100 6924 11 179 179
fre 4164 6932 11 179 179
fre 4172 6924 11 179 179
fre 4172 6916 11 179 179
fre 4236 6940 11 179 179
fre 4268 6940 12 179 179
fre 4340 6932 11 179 179
fre 4380 6932 11 179 179
lay 4472 6920 28 0 179
fre 4476 6940 11 179 179
fre 4532 6940 11 179 179
tree 4712 6936 35 0 179
tree 4824 6936 21 0 179
lay 4920 6920 61 0 179
fre 4908 6924 12 179 179
fre 4972 6932 12 179 179
lay 5112 6920 28 0 179
dom 5312 6912 82 0 179
lay 5320 6936 61 0 179
lay 5368 6920 61 0 179
trop 5492 6940 68 179 179
dom 5984 6912 316 0 179
fre 6444 6924 11 179 179
tree 6488 6920 9 0 179
fre 6860 6916 12 179 179
fre 6876 6932 12 179 179
fre 6900 6932 12 179 179
fre 6892 6940 6 179 179
fre 6932 6932 12 179 179
fre 6940 6916 12 179 179
fre 6972 6924 26 179 179
fre 7004 6932 26 179 179
fre 6988 6940 19 179 179
fre 7380 6924 12 179 179
fre 7396 6924 12 179 179
fre 7412 6924 12 179 179
fre 7428 6932 12 179 179
fre 7436 6924 12 179 179
fre 7436 6916 12 179 179
fre 7668 6924 12 179 179
fre 7684 6916 12 179 179
fre 7700 6916 12 179 179
fre 7708 6916 12 179 179
fre 7724 6916 12 179 179
fre 7740 6916 12 179 179
fre 7748 6916 12 179 179
fre 7836 6924 12 179 179
fre 7860 6932 11 179 179
fre 7876 6932 12 179 179
fre 7908 6932 12 179 179
fre 7932 6932 12 179 179
fre 7932 6916 12 179 179
fre 7964 6932 11 179 179
fre 7948 6932 11 179 179
lay 7992 6936 61 0 179
fre 7980 6916 11 179 179
lay 8008 6920 61 0 179
fre 8004 6932 11 179 179
tree 168 6968 58 0 179
lay 248 6968 61 0 179
fre 364 6948 11 179 179
fre 356 6948 11 179 179
cliff 368 6944 106 179 179
cliff 384 6960 102 179 179
fre 748 6964 12 179 179
fre 748 6956 12 179 179
lay 744 6968 38 0 179
fre 1028 6964 11 179 179
fre 1052 6956 11 179 179
fre 1124 6964 11 179 179
fre 1252 6964 11 179 179
fre 1444 6956 11 179 179
fre 1444 6964 11 179 179
fre 1460 6948 11 179 179
fre 1612 6972 11 179 179
tree 1688 6952 26 0 179
tree 1832 6968 59 0 179
tree 1864 6952 57 0 179
tree 1880 6968 4 0 179
lay 2216 6968 61 0 179
fre 2284 6956 11 179 179
fre 2292 6956 11 179 179
fre 2340 6964 11 179 179
fre 2364 6948 11 179 179
fre 2428 6972 11 179 179
fre 2420 6972 11 179 179
fre 2404 6972 11 179 179
fre 2516 6972 11 179 179
fre 2516 6956 11 179 179
fre 2524 6956 11 179 179
fre 2540 6948 11 179 179
fre 2540 6956 11 179 179
fre 2556 6948 11 179 179
fre 2572 6948 11 179 179
fre 2748 6964 12 179 179
fre 2740 6964 12 179 179
fre 2764 6948 12 179 179
fre 2756 6964 12 179 179
trop 2844 6948 66 179 179
tree 2904 6952 2 0 179
tree 2888 6968 59 0 179
fre 2932 6948 12 179 179
fre 2940 6972 12 179 179
fre 3004 6964 12 179 179
fre 2996 6948 12 179 179
fre 3020 6948 11 179 179
fre 3020 6956 11 179 179
trop 3076 6956 48 179 179
zabor 3504 6960 104 2 8
trop 3580 6972 75 179 179
trop 3604 6956 75 179 179
dom 3616 6944 301 0 179
lay 3736 6968 62 0 179
stand 3800 6952 166 0 179
fre 3820 6964 11 179 179
fre 3860 6956 11 179 179
fre 4004 6972 11 179 179
fre 4012 6956 15 179 179
fre 4068 6972 11 179 179
fre 4068 6948 11 179 179
fre 4116 6948 11 179 179
fre 4228 6956 11 179 179
fre 4348 6972 15 179 179
fre 4372 6964 11 179 179
fre 4380 6948 11 179 179
fre 4428 6956 11 179 179
fre 4452 6948 11 179 179
lay 4552 6952 61 0 179
fre 4844 6972 12 179 179
fre 4876 6972 12 179 179
fre 5004 6972 12 179 179
fre 5220 6948 11 179 179
lay 5384 6952 61 0 179
fre 5380 6964 15 179 179
tree 5400 6968 28 0 179
lay 5928 6968 61 0 179
fre 5956 6956 12 179 179
fre 5964 6956 12 179 179
lay 5992 6968 61 0 179
lay 6040 6968 61 0 179
fre 6052 6948 12 179 179
fre 6052 6956 12 179 179
fre 6052 6972 12 179 179
fre 6444 6964 11 179 179
tree 6440 6952 4 0 179
stand 6456 6952 177 0 179
tree 6504 6952 19 0 179
lay 6632 6952 67 0 179
trop 6740 6972 118 179 179
fre 6892 6948 6 179 179
fre 6972 6972 26 179 179
fre 6948 6964 23 179 179
fre 6972 6964 26 179 179
fre 6956 6964 27 179 179
fre 6996 6948 23 179 179
fre 6988 6948 26 179 179
fre 6988 6972 27 179 179
fre 7836 6972 11 179 179
fre 7844 6972 11 179 179
fre 7884 6956 11 179 179
fre 7876 6956 11 179 179
fre 7908 6972 11 179 179
fre 7924 6964 11 179 179
fre 7916 6964 11 179 179
fre 7948 6972 11 179 179
fre 7988 6948 11 179 179
fre 7996 6948 11 179 179
tree 120 7000 57 0 179
lay 280 6984 61 0 179
tree 360 6984 12 0 179
cliff 400 6976 108 179 179
cliff 416 6992 101 179 179
fre 500 7004 12 179 179
fre 508 7004 12 179 179
fre 516 7004 12 179 179
fre 532 7004 12 179 179
fre 556 7004 12 179 179
lay 600 7000 36 0 179
fre 700 7004 12 179 179
fre 780 7004 12 179 179
fre 788 7004 12 179 179
lay 776 7000 37 0 179
fre 1044 6988 11 179 179
fre 1036 6996 11 179 179
fre 1044 6996 11 179 179
fre 1188 6988 11 179 179
fre 1188 6996 11 179 179
fre 1252 7004 11 179 179
fre 1388 6980 11 179 179
fre 1428 6996 11 179 179
fre 1436 6996 11 179 179
fre 1460 6980 11 179 179
fre 1596 6996 11 179 179
fre 1596 6980 11 179 179
fre 1604 7004 11 179 179
fre 1620 7004 11 179 179
fre 1612 6996 11 179 179
tree 1704 7000 27 0 179
tree 1784 6984 12 0 179
tree 1784 7000 52 0 179
tree 1768 7000 9 0 179
tree 1832 7000 50 0 179
tree 1832 6984 21 0 179
lay 1992 7000 27 0 179
trop 2100 6996 48 179 179
fre 2140 6996 26 179 179
dom 2208 6976 79 0 179
lay 2248 6984 61 0 179
fre 2284 6988 11 179 179
fre 2284 7004 11 179 179
fre 2308 6980 11 179 179
fre 2324 6980 11 179 179
trop 2428 7004 114 179 179
fre 2460 6988 11 179 179
fre 2444 6980 11 179 179
fre 2492 6980 11 179 179
trop 2516 7004 114 179 179
trop 2604 7004 114 179 179
trop 2692 7004 114 179 179
trop 2780 7004 114 179 179
lay 2840 6984 63 0 179
tree 2936 6984 57 0 179
tree 2920 7000 27 0 179
fre 2956 6988 12 179 179
fre 2956 6996 12 179 179
fre 2956 7004 12 179 179
tree 2952 7000 59 0 179
fre 2996 6988 12 179 179
fre 3020 6980 11 179 179
fre 3020 6996 11 179 179
trop 3076 6988 48 179 179
zabor 3504 6992 105 2 8
dom 3552 6976 226 0 179
trop 3692 6996 66 179 179
tree 3752 6984 19 0 179
trop 3772 6980 36 179 179
tree 3784 7000 35 0 179
tree 3800 6984 35 0 179
cliff 3824 6992 65 179 179
fre 3812 6980 11 179 179
fre 3884 6996 11 179 179
fre 4020 6996 11 179 179
fre 4060 6996 11 179 179
lay 4152 6984 28 0 179
fre 4156 7004 11 179 179
fre 4212 7004 11 179 179
tree 4216 6984 58 0 179
tree 4216 7000 57 0 179
tree 4200 7000 21 0 179
fre 4308 7004 11 179 179
fre 4356 7004 11 179 179
fre 4436 6988 11 179 179
fre 4452 6988 11 179 179
fre 4452 7004 11 179 179
lay 4472 6984 61 0 179
fre 4564 7004 11 179 179
lay 4984 6984 61 0 179
fre 4988 6996 12 179 179
fre 4964 6988 12 179 179
fre 5068 7004 12 179 179
stand 5224 6984 176 0 179
lay 5288 6984 61 0 179
fre 5412 6988 32 179 179
lay 5816 7000 61 0 179
lay 5800 7000 61 0 179
lay 5880 6984 61 0 179
dom 5888 6976 315 0 179
fre 5932 6996 12 179 179
lay 5960 6984 61 0 179
fre 6012 6980 12 179 179
fre 5988 6980 12 179 179
fre 6036 6980 12 179 179
fre 6020 6980 12 179 179
lay 6104 6984 61 0 179
lay 6152 6984 61 0 179
lay 6200 6984 61 0 179
dom 6208 6976 318 0 179
lay 6248 7000 61 0 179
fre 6276 7004 11 179 179
lay 6296 7000 61 0 179
dom 6368 6976 319 0 179
fre 6460 7004 11 179 179
tree 6440 6984 11 0 179
fre 6436 6988 12 179 179
lay 6472 7000 61 0 179
tree 6488 6984 50 0 179
tree 6472 7000 44 0 179
lay 6600 6984 67 0 179
trop 6716 6988 67 179 179
trop 6820 6988 124 179 179
fre 6908 6980 6 179 179
fre 6948 6988 6 179 179
fre 6988 6980 26 179 179
fre 6996 6980 26 179 179
fre 6988 6996 26 179 179
fre 7300 6980 1 179 179
fre 7940 6988 1 179 179
fre 7948 6980 1 179 179
tree 152 7032 50 0 179
tree 136 7032 13 0 179
lay 312 7032 61 0 179
tree 408 7032 37 0 179
cliff 432 7008 108 179 179
cliff 448 7024 101 179 179
fre 492 7012 12 179 179
lay 504 7016 33 0 179
fre 516 7020 12 179 179
lay 536 7016 34 0 179
fre 572 7020 12 179 179
lay 568 7016 35 0 179
fre 588 7028 12 179 179
fre 612 7012 12 179 179
fre 628 7012 12 179 179
fre 668 7012 12 179 179
lay 648 7016 32 0 179
fre 724 7020 12 179 179
lay 728 7016 34 0 179
fre 780 7020 12 179 179
tree 824 7016 44 0 179
fre 804 7012 12 179 179
fre 844 7020 12 179 179
lay 840 7016 39 0 179
cliff 848 7024 64 179 179
tree 872 7032 21 0 179
fre 1036 7012 11 179 179
lay 1224 7016 28 0 179
fre 1484 7028 11 179 179
lay 1512 7016 28 0 179
fre 1516 7012 11 179 179
lay 1528 7016 61 0 179
fre 1604 7012 11 179 179
fre 1612 7020 11 179 179
lay 1608 7016 61 0 179
fre 1644 7020 11 179 179
tree 1704 7032 11 0 179
tree 1704 7016 35 0 179
tree 1720 7032 4 0 179
tree 1784 7016 50 0 179
dom 2016 7008 132 1 179
fre 2164 7036 26 179 179
fre 2164 7020 26 179 179
fre 2156 7028 26 179 179
fre 2188 7036 11 179 179
fre 2236 7036 11 179 179
fre 2220 7028 11 179 179
fre 2284 7020 11 179 179
fre 2276 7028 11 179 179
fre 2292 7012 11 179 179
trop 2348 7028 70 179 179
fre 2444 7036 26 179 179
fre 2476 7028 26 179 179
fre 2492 7036 26 179 179
fre 2532 7028 26 179 179
trop 2844 7036 66 179 179
fre 2996 7012 12 179 179
fre 3012 7012 11 179 179
trop 3076 7036 48 179 179
zabor 3504 7024 105 2 8
trop 3572 7012 75 179 179
trop 3740 7028 30 179 179
cliff 3824 7024 4 179 179
cliff 3856 7008 8 179 179
fre 4028 7036 15 179 179
fre 4052 7028 11 179 179
fre 4060 7012 11 179 179
fre 4108 7020 11 179 179
fre 4132 7012 11 179 179
lay 4232 7016 61 0 179
fre 4316 7028 11 179 179
fre 4316 7020 15 179 179
fre 4324 7028 11 179 179
fre 4436 7020 11 179 179
tree 4792 7016 58 0 179
tree 4792 7032 57 0 179
tree 4776 7032 21 0 179
fre 5044 7028 12 179 179
lay 5288 7032 61 0 179
trop 5492 7020 68 179 179
fre 5940 7020 12 179 179
fre 5940 7028 12 179 179
fre 6252 7028 12 179 179
fre 6244 7036 12 179 179
fre 6300 7036 11 179 179
fre 6284 7020 11 179 179
lay 6328 7016 61 0 179
lay 6360 7016 61 0 179
fre 6420 7028 11 179 179
fre 6436 7012 12 179 179
fre 6436 7028 12 179 179
fre 6476 7020 11 179 179
fre 6492 7028 11 179 179
fre 6468 7036 11 179 179
fre 6500 7036 11 179 179
fre 6508 7028 11 179 179
lay 6504 7032 61 0 179
tree 6504 7016 58 0 179
lay 6616 7032 67 0 179
lay 6600 7016 67 0 179
trop 6740 7012 70 179 179
fre 6852 7036 26 179 179
fre 6876 7012 26 179 179
fre 6884 7012 26 179 179
fre 6972 7012 26 179 179
fre 6972 7028 26 179 179
fre 6988 7020 6 179 179
fre 7300 7020 1 179 179
fre 7564 7036 1 179 179
fre 7708 7020 1 179 179
fre 7964 7012 1 179 179
fre 7964 7028 1 179 179
fre 8020 7036 1 179 179
fre 8028 7036 1 179 179
fre 8028 7020 1 179 179
tree 120 7064 27 0 179
tree 120 7048 21 0 179
lay 344 7064 61 0 179
dom 384 7040 199 0 179
tree 440 7048 29 0 179
cliff 464 7040 106 179 179
tree 488 7064 40 0 179
cliff 480 7056 124 179 179
stand 504 7064 195 0 179
cliff 512 7056 121 179 179
stand 536 7064 200 0 179
cliff 544 7056 124 179 179
stand 568 7064 200 0 179
stand 552 7064 200 0 179
cliff 576 7056 124 179 179
cliff 608 7056 122 179 179
cliff 640 7056 122 179 179
cliff 672 7056 123 179 179
cliff 704 7056 121 179 179
fre 756 7060 12 179 179
cliff 736 7056 121 179 179
cliff 768 7056 122 179 179
fre 804 7068 12 179 179
cliff 800 7056 122 179 179
cliff 832 7056 122 179 179
fre 884 7052 12 179 179
fre 1052 7044 11 179 179
fre 1092 7044 11 179 179
fre 1124 7052 11 179 179
fre 1188 7060 11 179 179
fre 1196 7052 11 179 179
fre 1196 7044 11 179 179
fre 1260 7068 11 179 179
fre 1380 7060 11 179 179
fre 1404 7052 11 179 179
fre 1476 7060 11 179 179
fre 1604 7060 11 179 179
tree 1720 7048 50 0 179
tree 1800 7064 2 0 179
trop 2100 7060 48 179 179
fre 2140 7044 26 179 179
fre 2164 7068 26 179 179
fre 2164 7052 26 179 179
fre 2180 7052 26 179 179
fre 2228 7044 11 179 179
fre 2220 7068 26 179 179
fre 2268 7060 11 179 179
fre 2260 7060 11 179 179
fre 2252 7044 11 179 179
fre 2492 7068 11 179 179
fre 2484 7060 11 179 179
fre 2500 7068 11 179 179
fre 2500 7060 11 179 179
fre 2524 7044 26 179 179
fre 2540 7052 26 179 179
fre 2556 7052 26 179 179
fre 2556 7060 26 179 179
fre 2564 7044 26 179 179
dom 2752 7040 188 0 179
fre 2908 7044 12 179 179
fre 2908 7060 12 179 179
fre 2900 7060 11 179 179
fre 2884 7060 11 179 179
fre 2916 7052 12 179 179
fre 2996 7052 12 179 179
fre 3004 7068 12 179 179
fre 3004 7044 12 179 179
trop 3076 7068 48 179 179
zabor 3504 7056 105 2 8
trop 3564 7060 75 179 179
trop 3596 7068 75 179 179
fre 3772 7068 12 179 179
dom 3776 7040 66 0 179
stand 3800 7048 157 0 179
stand 3800 7064 181 0 179
stand 3784 7064 180 0 179
cliff 3824 7056 28 179 179
cliff 3808 7040 34 179 179
lay 3896 7064 8 0 179
fre 3988 7068 11 179 179
fre 4036 7068 11 179 179
fre 4116 7052 11 179 179
fre 4132 7052 11 179 179
fre 4132 7068 11 179 179
lay 4152 7048 61 0 179
tree 4168 7048 52 0 179
fre 4196 7052 11 179 179
fre 4212 7044 11 179 179
fre 4244 7068 11 179 179
fre 4524 7044 15 179 179
lay 4552 7048 28 0 179
lay 4680 7048 61 0 179
fre 4892 7068 12 179 179
lay 4936 7064 63 0 179
fre 4972 7044 12 179 179
lay 5000 7048 61 0 179
fre 5700 7068 11 179 179
fre 5876 7052 12 179 179
fre 5908 7052 12 179 179
fre 5892 7052 12 179 179
fre 5932 7044 12 179 179
fre 5932 7052 12 179 179
fre 5924 7060 12 179 179
fre 6164 7052 12 179 179
fre 6204 7044 12 179 179
fre 6196 7044 12 179 179
fre 6180 7044 12 179 179
fre 6236 7044 12 179 179
fre 6220 7044 12 179 179
fre 6244 7044 12 179 179
fre 6332 7052 12 179 179
fre 6356 7060 11 179 179
fre 6372 7060 12 179 179
fre 6428 7044 12 179 179
fre 6428 7060 12 179 179
fre 6404 7060 12 179 179
fre 6444 7060 11 179 179
fre 6460 7060 11 179 179
fre 6476 7044 11 179 179
lay 6488 7064 61 0 179
fre 6500 7060 11 179 179
lay 6504 7048 61 0 179
tree 6536 7064 59 0 179
lay 6856 7064 63 0 179
fre 6876 7044 6 179 179
fre 6860 7060 26 179 179
fre 7308 7052 1 179 179
stand 7352 7048 222 0 179
stand 7384 7064 162 0 179
fre 7532 7068 1 179 179
fre 7548 7060 1 179 179
fre 7644 7052 1 179 179
fre 7660 7044 1 179 179
fre 7700 7044 1 179 179
fre 8028 7068 1 179 179
fre 8028 7060 1 179 179
tree 8024 7048 44 0 179
lay 376 7080 61 0 179
lay 424 7096 61 0 179
trop 532 7100 72 179 179
trop 596 7100 72 179 179
stand 632 7080 210 0 179
trop 652 7084 72 179 179
trop 700 7092 72 179 179
trop 716 7092 72 179 179
dom 736 7072 202 0 179
trop 780 7100 72 179 179
fre 828 7092 12 179 179
fre 836 7100 12 179 179
tree 904 7080 44 0 179
fre 916 7076 12 179 179
fre 916 7084 12 179 179
fre 900 7100 12 179 179
fre 1028 7100 11 179 179
fre 1036 7084 15 179 179
fre 1092 7100 11 179 179
fre 1092 7076 11 179 179
fre 1140 7076 11 179 179
fre 1252 7084 11 179 179
fre 1396 7084 11 179 179
fre 1388 7092 11 179 179
fre 1396 7092 11 179 179
fre 1540 7084 11 179 179
fre 1540 7092 11 179 179
fre 1604 7100 11 179 179
tree 1768 7080 35 0 179
tree 1800 7080 43 0 179
trop 2100 7076 48 179 179
fre 2212 7076 26 179 179
trop 2300 7100 69 179 179
fre 2500 7092 11 179 179
fre 2500 7084 11 179 179
fre 2508 7100 11 179 179
fre 2516 7100 11 179 179
fre 2516 7092 11 179 179
fre 2508 7076 11 179 179
fre 2524 7084 11 179 179
lay 2712 7080 50 0 179
fre 2780 7092 12 179 179
lay 2760 7080 50 0 179
fre 2788 7092 12 179 179
fre 2796 7084 12 179 179
fre 2892 7092 12 179 179
fre 2900 7076 12 179 179
fre 2908 7076 12 179 179
fre 2884 7076 11 179 179
fre 2996 7084 12 179 179
fre 2996 7092 12 179 179
fre 3004 7076 12 179 179
zabor 3504 7088 104 2 8
dom 3616 7072 305 0 179
trop 3692 7084 66 179 179
trop 3732 7084 36 179 179
fre 3788 7084 12 179 179
fre 3804 7084 12 179 179
stand 3800 7080 182 0 179
stand 3816 7096 161 0 179
stand 3832 7096 160 0 179
stand 3832 7080 158 0 179
fre 3812 7076 12 179 179
cliff 3856 7088 31 179 179
cliff 3840 7072 36 179 179
fre 3996 7092 11 179 179
fre 3996 7084 15 179 179
fre 4004 7092 11 179 179
fre 4116 7084 11 179 179
fre 4204 7100 11 179 179
fre 4316 7076 11 179 179
fre 4356 7100 11 179 179
fre 4356 7076 11 179 179
fre 4372 7100 11 179 179
fre 4468 7092 11 179 179
fre 4492 7092 11 179 179
fre 4508 7100 11 179 179
fre 4492 7100 15 179 179
fre 4524 7092 15 179 179
fre 4572 7092 11 179 179
fre 4588 7100 11 179 179
fre 4596 7100 11 179 179
fre 4580 7092 15 179 179
lay 4648 7080 61 0 179
tree 4744 7080 52 0 179
fre 4772 7084 11 179 179
fre 4788 7076 11 179 179
lay 4904 7096 61 0 179
lay 4984 7080 61 0 179
fre 4988 7092 12 179 179
fre 4996 7092 12 179 179
lay 5064 7080 63 0 179
lay 5096 7096 61 0 179
fre 5108 7084 12 179 179
dom 5280 7072 310 0 179
lay 5384 7080 61 0 179
lay 5432 7096 61 0 179
trop 5492 7100 68 179 179
tree 5800 7096 2 0 179
fre 6332 7100 11 179 179
fre 6340 7100 11 179 179
fre 6372 7084 11 179 179
fre 6380 7084 11 179 179
fre 6412 7092 11 179 179
fre 6420 7092 11 179 179
fre 6404 7100 11 179 179
fre 6444 7100 11 179 179
fre 6492 7076 11 179 179
fre 6484 7076 11 179 179
tree 6520 7096 19 0 179
trop 6716 7084 67 179 179
fre 7236 7100 1 179 179
tree 7320 7096 28 0 179
stand 7384 7080 161 0 179
lay 7400 7080 5 0 179
fre 7484 7076 8 179 179
tree 7464 7096 58 0 179
fre 7508 7076 1 179 179
fre 7500 7076 9 179 179
fre 7572 7084 1 179 179
fre 7572 7076 1 179 179
fre 7556 7076 1 179 179
tree 7592 7096 37 0 179
fre 7636 7076 1 179 179
tree 7704 7096 21 0 179
tree 7928 7080 4 0 179
tree 7912 7096 44 0 179
fre 7948 7100 1 179 179
fre 8028 7084 1 179 179
tree 120 7128 21 0 179
stand 504 7128 209 0 179
trop 572 7124 72 179 179
trop 556 7116 72 179 179
trop 628 7124 72 179 179
trop 732 7116 72 179 179
trop 748 7108 72 179 179
fre 748 7108 12 179 179
fre 748 7116 12 179 179
fre 756 7132 12 179 179
fre 740 7116 12 179 179
fre 740 7124 12 179 179
fre 740 7132 12 179 179
trop 788 7116 72 179 179
fre 828 7116 12 179 179
lay 856 7112 61 0 179
fre 908 7108 12 179 179
fre 908 7116 12 179 179
fre 924 7132 12 179 179
lay 904 7128 61 0 179
fre 1044 7124 11 179 179
fre 1084 7124 11 179 179
lay 1176 7112 28 0 179
fre 1180 7132 11 179 179
fre 1236 7132 11 179 179
fre 1388 7108 11 179 179
lay 1576 7112 28 0 179
fre 1916 7124 11 179 179
fre 1932 7108 11 179 179
fre 1956 7132 12 179 179
fre 1956 7124 12 179 179
fre 1980 7108 12 179 179
fre 1996 7116 12 179 179
tree 2008 7128 58 0 179
tree 2008 7112 35 0 179
trop 2156 7116 114 179 179
trop 2220 7116 114 179 179
fre 2284 7132 26 179 179
lay 2424 7128 65 0 179
fre 2428 7108 11 179 179
dom 2432 7104 78 0 179
fre 2436 7124 11 179 179
fre 2444 7108 11 179 179
fre 2460 7116 11 179 179
fre 2476 7116 11 179 179
fre 2492 7124 11 179 179
lay 2632 7112 50 0 179
fre 2668 7132 11 179 179
fre 2676 7116 11 179 179
fre 2676 7124 11 179 179
fre 2684 7108 13 179 179
tree 2696 7128 43 0 179
fre 2764 7116 12 179 179
fre 2772 7108 12 179 179
trop 2844 7124 66 179 179
fre 2884 7116 12 179 179
fre 2884 7108 12 179 179
fre 2964 7132 12 179 179
fre 2996 7124 12 179 179
fre 2996 7108 12 179 179
trop 3076 7116 48 179 179
zabor 3504 7120 104 2 8
trop 3540 7124 75 179 179
dom 3552 7104 264 0 179
dom 3776 7104 250 0 179
lay 3784 7128 60 0 179
stand 3832 7128 159 0 179
tree 3848 7128 27 0 179
cliff 3856 7104 11 179 179
tree 4168 7112 9 0 179
fre 4204 7108 15 179 179
fre 4196 7132 11 179 179
lay 4232 7112 28 0 179
fre 4316 7108 11 179 179
fre 4316 7124 15 179 179
fre 4372 7116 11 179 179
fre 4476 7108 11 179 179
fre 4476 7132 15 179 179
fre 4484 7108 11 179 179
fre 4500 7116 11 179 179
lay 4488 7128 61 0 179
lay 4536 7128 28 0 179
fre 4588 7116 11 179 179
fre 4628 7124 11 179 179
fre 4620 7116 11 179 179
fre 4668 7124 11 179 179
fre 4780 7132 11 179 179
fre 4916 7132 12 179 179
lay 4984 7128 61 0 179
fre 5012 7124 12 179 179
fre 5084 7116 12 179 179
lay 5304 7128 61 0 179
trop 5492 7132 68 179 179
fre 5756 7132 11 179 179
fre 5740 7124 11 179 179
fre 5788 7124 12 179 179
fre 5772 7124 11 179 179
fre 5820 7132 30 179 179
fre 5796 7116 12 179 179
tree 5848 7112 21 0 179
tree 5832 7128 35 0 179
fre 5844 7108 12 179 179
fre 5844 7124 12 179 179
fre 6372 7108 11 179 179
fre 6428 7132 11 179 179
fre 6412 7116 11 179 179
fre 6436 7124 11 179 179
tree 6536 7112 21 0 179
fre 6852 7124 11 179 179
dom 6944 7104 81 0 179
fre 7300 7108 1 179 179
fre 7556 7108 9 179 179
fre 7868 7116 1 179 179
fre 7900 7116 1 179 179
fre 7884 7108 1 179 179
fre 7948 7108 1 179 179
fre 8036 7108 1 179 179
tree 120 7160 43 0 179
tree 120 7144 59 0 179
fre 756 7140 12 179 179
fre 916 7148 12 179 179
fre 908 7148 12 179 179
fre 900 7164 12 179 179
fre 1052 7164 15 179 179
fre 1076 7156 11 179 179
fre 1084 7140 11 179 179
fre 1132 7148 11 179 179
fre 1156 7140 11 179 179
lay 1256 7144 61 0 179
fre 1404 7140 11 179 179
fre 1444 7140 11 179 179
fre 1476 7148 11 179 179
fre 1540 7156 11 179 179
fre 1548 7148 11 179 179
fre 1548 7140 11 179 179
fre 1612 7164 11 179 179
tree 1912 7144 21 0 179
tree 1896 7160 50 0 179
fre 1932 7156 12 179 179
fre 1940 7148 12 179 179
fre 2004 7140 12 179 179
fre 2004 7148 12 179 179
trop 2100 7140 48 179 179
trop 2100 7156 48 179 179
stand 2120 7144 45 0 179
stand 2152 7144 45 0 179
stand 2184 7144 45 0 179
fre 2228 7156 26 179 179
fre 2244 7164 26 179 179
fre 2300 7156 26 179 179
lay 2376 7160 50 0 179
lay 2488 7160 50 0 179
tree 2680 7144 50 0 179
fre 2668 7148 11 179 179
fre 2676 7156 11 179 179
fre 2660 7140 11 179 179
fre 2668 7140 13 179 179
lay 2664 7160 50 0 179
tree 2712 7160 4 0 179
fre 2700 7148 32 179 179
fre 2692 7164 11 179 179
lay 2744 7160 50 0 179
fre 2900 7148 12 179 179
fre 2892 7140 12 179 179
fre 2932 7164 12 179 179
fre 2940 7156 12 179 179
fre 2916 7156 12 179 179
fre 2948 7156 12 179 179
fre 2956 7156 12 179 179
trop 3076 7148 48 179 179
zabor 3152 7152 104 2 8
trop 3188 7156 72 179 179
zabor 3184 7152 105 2 8
trop 3204 7156 72 179 179
trop 3220 7156 72 179 179
zabor 3216 7152 104 2 8
trop 3252 7140 72 179 179
zabor 3248 7152 104 2 8
trop 3292 7148 72 179 179
trop 3268 7140 72 179 179
zabor 3280 7152 104 2 8
trop 3316 7156 72 179 179
trop 3308 7148 72 179 179
zabor 3312 7152 105 2 8
trop 3332 7140 72 179 179
trop 3340 7148 72 179 179
zabor 3344 7152 105 2 8
trop 3364 7148 72 179 179
trop 3380 7148 72 179 179
zabor 3376 7152 104 2 8
zabor 3408 7152 105 2 8
trop 3428 7164 72 179 179
zabor 3440 7152 105 2 8
trop 3460 7148 72 179 179
zabor 3472 7152 105 2 8
trop 3492 7156 72 179 179
zabor 3504 7152 104 2 8
trop 3524 7156 72 179 179
trop 3532 7156 72 179 179
trop 3580 7148 75 179 179
trop 3604 7148 75 179 179
dom 3584 7136 119 0 179
dom 3776 7136 250 0 179
stand 3832 7144 158 0 179
stand 3832 7160 156 0 179
cliff 3856 7136 15 179 179
fre 3948 7140 26 179 179
fre 3996 7140 11 179 179
fre 4036 7164 11 179 179
fre 4036 7140 11 179 179
fre 4052 7164 11 179 179
fre 4148 7156 11 179 179
fre 4172 7156 11 179 179
fre 4188 7164 11 179 179
fre 4172 7164 11 179 179
fre 4204 7156 15 179 179
tree 4200 7160 18 0 179
fre 4252 7156 11 179 179
fre 4268 7164 11 179 179
fre 4276 7164 11 179 179
fre 4260 7156 15 179 179
fre 4308 7156 11 179 179
fre 4380 7140 11 179 179
fre 4476 7164 15 179 179
fre 4468 7148 15 179 179
tree 4648 7160 36 0 179
fre 4668 7140 11 179 179
fre 4676 7140 11 179 179
tree 4696 7160 44 0 179
fre 4716 7140 15 179 179
tree 4744 7144 9 0 179
fre 4772 7164 11 179 179
fre 4868 7140 12 179 179
fre 4988 7164 12 179 179
fre 5052 7148 12 179 179
fre 5324 7164 29 179 179
tree 5320 7160 52 0 179
lay 5320 7160 61 0 179
fre 5788 7140 12 179 179
fre 5788 7156 11 179 179
fre 5804 7148 12 179 179
fre 5796 7148 12 179 179
fre 5812 7164 12 179 179
fre 5820 7164 11 179 179
fre 5796 7156 11 179 179
fre 5844 7140 12 179 179
fre 5844 7148 12 179 179
fre 5836 7164 11 179 179
fre 5844 7164 11 179 179
lay 5928 7144 63 0 179
lay 6024 7160 28 0 179
lay 6184 7144 63 0 179
fre 6420 7148 11 179 179
fre 6436 7140 11 179 179
fre 6852 7140 6 179 179
fre 6900 7164 11 179 179
fre 6940 7148 6 179 179
fre 6964 7140 6 179 179
fre 6996 7148 15 179 179
fre 6988 7148 15 179 179
fre 6988 7164 15 179 179
stand 7272 7160 30 0 179
trop 7332 7156 54 179 179
trop 7412 7156 52 179 179
trop 7484 7156 52 179 179
trop 7556 7156 52 179 179
trop 7628 7156 52 179 179
trop 7708 7156 52 179 179
trop 7780 7156 52 179 179
trop 7860 7156 52 179 179
trop 7932 7156 52 179 179
trop 7996 7156 52 179 179
trop 8068 7156 52 179 179
tree 120 7176 51 0 179
stand 776 7176 251 0 179
lay 808 7176 61 0 179
fre 892 7172 12 179 179
fre 1012 7196 11 179 179
fre 1060 7196 11 179 179
fre 1140 7180 11 179 179
fre 1156 7180 11 179 179
fre 1156 7196 11 179 179
lay 1176 7176 61 0 179
fre 1268 7196 11 179 179
fre 1380 7196 11 179 179
fre 1388 7180 15 179 179
fre 1444 7196 11 179 179
fre 1444 7172 11 179 179
fre 1492 7172 11 179 179
fre 1604 7180 11 179 179
tree 1896 7192 59 0 179
tree 1912 7176 2 0 179
fre 1948 7196 12 179 179
fre 1940 7172 12 179 179
fre 2004 7172 12 179 179
fre 2012 7188 12 179 179
fre 2028 7180 11 179 179
fre 2028 7172 11 179 179
lay 2184 7192 50 0 179
fre 2236 7180 26 179 179
fre 2220 7180 26 179 179
fre 2268 7172 26 179 179
lay 2536 7176 61 0 179
fre 2572 7180 5 179 179
lay 2584 7192 61 0 179
lay 2648 7192 61 0 179
fre 2716 7180 11 179 179
trop 3028 7180 75 179 179
trop 3076 7196 48 179 179
trop 3692 7180 122 179 179
trop 3732 7180 36 179 179
stand 3800 7192 210 0 179
fre 3812 7196 12 179 179
fre 3820 7188 12 179 179
fre 3836 7188 12 179 179
stand 3816 7176 181 0 179
tree 3816 7192 60 0 179
cliff 3856 7168 13 179 179
fre 3924 7196 12 179 179
fre 3916 7188 12 179 179
fre 3916 7180 12 179 179
lay 3944 7192 8 0 179
fre 3996 7172 11 179 179
fre 3996 7188 15 179 179
fre 4052 7180 11 179 179
fre 4156 7172 11 179 179
fre 4156 7196 15 179 179
fre 4164 7172 11 179 179
fre 4180 7180 11 179 179
lay 4168 7192 61 0 179
lay 4216 7192 28 0 179
fre 4268 7180 11 179 179
fre 4308 7188 11 179 179
fre 4300 7180 11 179 179
fre 4348 7188 11 179 179
fre 4340 7188 11 179 179
fre 4324 7180 11 179 179
fre 4468 7196 11 179 179
fre 4468 7180 11 179 179
fre 4492 7172 15 179 179
fre 4652 7180 30 179 179
lay 4648 7176 61 0 179
fre 4660 7196 11 179 179
fre 4668 7172 11 179 179
fre 4748 7196 11 179 179
tree 4776 7192 18 0 179
lay 4968 7176 61 0 179
lay 4984 7176 61 0 179
fre 5052 7188 12 179 179
fre 5116 7188 12 179 179
fre 5148 7180 12 179 179
tree 5272 7192 44 0 179
fre 5292 7172 15 179 179
trop 5492 7196 68 179 179
fre 5684 7172 11 179 179
fre 5668 7180 11 179 179
fre 5668 7196 11 179 179
lay 5768 7176 60 0 179
tree 5768 7176 44 0 179
fre 5772 7188 11 179 179
fre 5812 7172 11 179 179
lay 6136 7192 61 0 179
lay 6328 7192 61 0 179
lay 6344 7176 28 0 179
lay 6360 7192 63 0 179
fre 6436 7188 11 179 179
fre 6436 7172 11 179 179
tree 6520 7176 35 0 179
tree 6536 7176 11 0 179
trop 6716 7180 67 179 179
fre 6868 7180 15 179 179
tree 6856 7192 36 0 179
fre 6892 7180 15 179 179
fre 6892 7196 6 179 179
fre 6932 7172 15 179 179
fre 6932 7180 15 179 179
fre 6924 7188 15 179 179
fre 6924 7180 11 179 179
fre 6972 7172 15 179 179
fre 6972 7180 15 179 179
fre 6956 7188 15 179 179
fre 6980 7180 15 179 179
fre 6996 7180 15 179 179
fre 6988 7196 11 179 179
fre 7324 7180 1 179 179
fre 7356 7196 1 179 179
fre 7532 7188 11 179 179
tree 152 7224 11 0 179
tree 152 7208 51 0 179
fre 1020 7220 11 179 179
fre 1020 7212 15 179 179
fre 1028 7220 11 179 179
fre 1140 7212 11 179 179
fre 1396 7220 11 179 179
fre 1436 7220 11 179 179
lay 1528 7208 28 0 179
fre 1532 7228 11 179 179
fre 1588 7228 11 179 179
tree 1928 7224 27 0 179
tree 1944 7208 57 0 179
tree 1960 7224 59 0 179
fre 1964 7228 12 179 179
fre 1964 7220 12 179 179
fre 1964 7212 12 179 179
fre 2004 7212 12 179 179
fre 2028 7220 11 179 179
fre 2028 7204 11 179 179
trop 2100 7220 48 179 179
fre 2268 7204 26 179 179
fre 2276 7212 26 179 179
lay 2312 7208 50 0 179
dom 2336 7200 86 0 179
lay 2392 7208 50 0 179
stand 2440 7208 147 0 179
lay 2472 7208 61 0 179
fre 2604 7220 5 179 179
lay 2664 7224 61 0 179
trop 2844 7212 66 179 179
fre 2972 7204 12 179 179
fre 2948 7228 12 179 179
trop 3004 7220 75 179 179
fre 2996 7228 12 179 179
trop 3076 7204 48 179 179
trop 3076 7228 48 179 179
trop 3156 7204 125 179 179
trop 3244 7204 113 179 179
trop 3332 7204 113 179 179
trop 3420 7204 113 179 179
trop 3508 7204 113 179 179
trop 3572 7204 113 179 179
dom 3616 7200 303 0 179
trop 3684 7228 126 179 179
fre 3796 7220 12 179 179
fre 3804 7228 12 179 179
stand 3800 7208 182 0 179
fre 3820 7212 12 179 179
fre 3820 7204 12 179 179
stand 3832 7208 178 0 179
stand 3816 7224 179 0 179
cliff 3856 7200 13 179 179
tree 3912 7208 59 0 179
tree 3912 7224 57 0 179
fre 3932 7220 12 179 179
fre 3924 7212 12 179 179
fre 3996 7204 26 179 179
fre 3988 7220 11 179 179
fre 4060 7204 11 179 179
fre 4156 7228 15 179 179
fre 4148 7212 15 179 179
fre 4172 7204 11 179 179
fre 4348 7204 11 179 179
fre 4356 7204 11 179 179
fre 4420 7212 11 179 179
fre 4436 7228 11 179 179
lay 4472 7208 28 0 179
fre 4452 7220 11 179 179
fre 4468 7212 11 179 179
fre 4468 7228 15 179 179
fre 4484 7228 15 179 179
fre 4556 7212 11 179 179
fre 4596 7228 11 179 179
fre 4588 7228 11 179 179
fre 4644 7220 15 179 179
lay 4648 7208 61 0 179
fre 4668 7228 11 179 179
fre 4868 7220 12 179 179
fre 4956 7220 12 179 179
lay 4936 7208 28 0 179
fre 4980 7204 12 179 179
lay 5112 7208 63 0 179
lay 5336 7224 61 0 179
tree 5688 7208 44 0 179
fre 5692 7204 30 179 179
fre 5668 7204 11 179 179
fre 5668 7212 11 179 179
fre 5684 7228 11 179 179
fre 5700 7228 11 179 179
fre 5740 7220 11 179 179
lay 5768 7208 60 0 179
fre 5780 7220 15 179 179
lay 5976 7224 58 0 179
lay 5960 7208 61 0 179
tree 6536 7224 2 0 179
fre 6868 7204 30 179 179
fre 6860 7228 15 179 179
lay 6904 7224 65 0 179
fre 6924 7204 11 179 179
fre 6956 7220 32 179 179
fre 7388 7220 1 179 179
stand 7464 7208 221 0 179
fre 7900 7228 11 179 179
fre 7996 7220 1 179 179
fre 7996 7204 1 179 179
fre 8004 7228 1 179 179
tree 152 7240 57 0 179
lay 184 7256 61 0 179
fre 1228 7236 15 179 179
lay 1256 7240 28 0 179
fre 1404 7260 15 179 179
fre 1428 7252 11 179 179
fre 1436 7236 11 179 179
fre 1484 7244 11 179 179
fre 1508 7236 11 179 179
lay 1608 7240 61 0 179
fre 2004 7236 12 179 179
fre 2020 7236 11 179 179
trop 2100 7236 48 179 179
tree 2120 7240 29 0 179
tree 2136 7256 60 0 179
fre 2204 7244 11 179 179
fre 2236 7244 11 179 179
fre 2228 7244 11 179 179
fre 2244 7252 11 179 179
fre 2252 7252 11 179 179
fre 2308 7244 11 179 179
fre 2324 7244 11 179 179
fre 2316 7260 26 179 179
fre 2324 7252 26 179 179
fre 2348 7244 11 179 179
fre 2356 7252 26 179 179
fre 2540 7252 5 179 179
lay 2536 7256 63 0 179
tree 2584 7240 58 0 179
tree 2568 7240 59 0 179
tree 2648 7240 2 0 179
lay 2632 7256 61 0 179
tree 2920 7240 52 0 179
fre 2956 7236 12 179 179
fre 2948 7252 12 179 179
fre 2948 7244 12 179 179
fre 3004 7244 12 179 179
dom 3744 7232 206 0 179
stand 3816 7256 197 0 179
fre 3812 7236 12 179 179
cliff 3872 7248 6 179 179
tree 3928 7256 13 0 179
fre 3932 7244 12 179 179
fre 3940 7244 12 179 179
fre 4020 7252 11 179 179
fre 4004 7244 11 179 179
fre 4148 7260 11 179 179
fre 4148 7244 11 179 179
fre 4172 7236 15 179 179
fre 4164 7236 11 179 179
tree 4184 7256 5 0 179
tree 4200 7240 35 0 179
fre 4340 7260 11 179 179
fre 4348 7236 11 179 179
fre 4572 7252 11 179 179
lay 4568 7240 61 0 179
fre 4620 7252 11 179 179
fre 4620 7236 11 179 179
fre 4668 7252 11 179 179
tree 4712 7256 43 0 179
fre 4748 7236 11 179 179
fre 4956 7260 12 179 179
lay 5016 7240 63 0 179
lay 5000 7240 61 0 179
lay 5352 7240 61 0 179
fre 5780 7244 15 179 179
fre 5812 7252 15 179 179
lay 6040 7256 63 0 179
tree 6536 7240 27 0 179
fre 6948 7244 11 179 179
fre 6996 7244 11 179 179
fre 6988 7260 11 179 179
fre 7388 7260 1 179 179
fre 7412 7260 1 179 179
fre 7420 7244 1 179 179
lay 7512 7240 6 0 179
fre 7532 7260 1 179 179
fre 7556 7260 1 179 179
fre 7828 7260 1 179 179
fre 7860 7252 1 179 179
fre 7860 7236 1 179 179
lay 152 7272 13 0 179
lay 200 7272 61 0 179
fre 404 7284 6 179 179
fre 428 7284 6 179 179
lay 488 7288 61 0 179
lay 536 7272 50 0 179
lay 536 7288 61 0 179
lay 520 7288 61 0 179
fre 1020 7268 11 179 179
fre 1060 7292 11 179 179
fre 1060 7268 11 179 179
fre 1076 7292 11 179 179
fre 1172 7284 11 179 179
fre 1196 7284 11 179 179
fre 1212 7292 11 179 179
fre 1196 7292 15 179 179
fre 1228 7284 15 179 179
fre 1276 7284 11 179 179
fre 1292 7292 11 179 179
fre 1300 7292 11 179 179
fre 1284 7284 15 179 179
fre 1364 7292 11 179 179
fre 1412 7292 11 179 179
fre 1492 7276 11 179 179
fre 1508 7276 11 179 179
fre 1508 7292 11 179 179
lay 1528 7272 61 0 179
fre 1620 7292 11 179 179
fre 1892 7284 11 179 179
fre 1908 7284 11 179 179
fre 1916 7284 12 179 179
fre 1916 7268 12 179 179
fre 1924 7276 12 179 179
fre 2012 7268 12 179 179
fre 2012 7292 12 179 179
fre 2004 7276 12 179 179
tree 2120 7272 29 0 179
tree 2120 7288 36 0 179
dom 2176 7264 82 0 179
fre 2252 7276 11 179 179
lay 2248 7288 50 0 179
fre 2324 7284 26 179 179
fre 2340 7268 26 179 179
fre 2412 7276 5 179 179
lay 2552 7288 61 0 179
tree 2584 7288 51 0 179
tree 2584 7272 51 0 179
lay 2600 7288 63 0 179
lay 2632 7288 61 0 179
fre 2988 7268 11 179 179
fre 2980 7276 11 179 179
fre 2988 7284 12 179 179
fre 2996 7284 12 179 179
fre 3012 7276 12 179 179
trop 3076 7276 48 179 179
trop 3076 7284 48 179 179
fre 3124 7284 11 179 179
trop 3164 7276 118 179 179
stand 3176 7288 155 0 179
dom 3296 7264 80 0 179
dom 3392 7264 80 0 179
dom 3488 7264 80 0 179
trop 3692 7276 127 179 179
stand 3800 7272 194 0 179
cliff 3824 7280 36 179 179
cliff 3840 7264 0 179 179
lay 3944 7288 43 0 179
fre 3972 7276 26 179 179
fre 4020 7268 26 179 179
fre 4012 7276 26 179 179
fre 4012 7268 19 179 179
fre 4100 7276 11 179 179
fre 4116 7292 11 179 179
lay 4152 7272 28 0 179
fre 4132 7284 11 179 179
fre 4148 7276 11 179 179
fre 4148 7292 15 179 179
fre 4164 7292 15 179 179
fre 4172 7292 11 179 179
fre 4236 7276 11 179 179
fre 4276 7292 11 179 179
fre 4268 7292 11 179 179
fre 4348 7292 11 179 179
fre 4532 7268 11 179 179
fre 4596 7276 11 179 179
fre 4620 7284 11 179 179
tree 4648 7288 19 0 179
fre 4740 7268 11 179 179
tree 4760 7288 5 0 179
tree 4776 7272 35 0 179
lay 4856 7288 61 0 179
fre 4868 7276 12 179 179
lay 4920 7288 61 0 179
fre 4916 7284 12 179 179
fre 4972 7292 12 179 179
fre 5028 7276 12 179 179
fre 5156 7284 12 179 179
tree 5288 7288 43 0 179
trop 5492 7276 68 179 179
lay 5800 7288 60 0 179
fre 5796 7284 15 179 179
lay 6168 7288 63 0 179
lay 6296 7272 63 0 179
tree 6520 7288 21 0 179
trop 6716 7276 67 179 179
fre 6876 7292 15 179 179
fre 6884 7284 15 179 179
fre 6940 7292 11 179 179
fre 7444 7268 1 179 179
fre 7460 7268 1 179 179
fre 7508 7276 1 179 179
fre 7516 7276 1 179 179
stand 7512 7272 160 0 179
fre 7692 7292 1 179 179
fre 7812 7292 1 179 179
fre 7820 7284 1 179 179
lay 120 7304 17 0 179
fre 380 7300 6 179 179
lay 360 7320 61 0 179
fre 460 7316 6 179 179
fre 476 7324 6 179 179
lay 456 7304 61 0 179
fre 532 7316 6 179 179
lay 520 7320 61 0 179
fre 1020 7300 11 179 179
fre 1020 7316 15 179 179
fre 1076 7308 11 179 179
fre 1180 7300 11 179 179
fre 1180 7324 15 179 179
fre 1188 7300 11 179 179
fre 1204 7308 11 179 179
lay 1192 7320 61 0 179
lay 1240 7320 28 0 179
fre 1292 7308 11 179 179
fre 1332 7316 11 179 179
fre 1324 7308 11 179 179
fre 1372 7316 11 179 179
fre 1372 7308 15 179 179
fre 1380 7316 11 179 179
fre 1492 7308 11 179 179
fre 1892 7300 11 179 179
fre 1916 7300 12 179 179
fre 1908 7300 12 179 179
fre 1900 7316 12 179 179
fre 2012 7300 12 179 179
fre 2004 7316 12 179 179
fre 2004 7308 12 179 179
trop 2100 7300 48 179 179
trop 2100 7316 48 179 179
fre 2324 7300 26 179 179
fre 2324 7324 26 179 179
fre 2316 7300 26 179 179
fre 2492 7324 11 179 179
fre 2468 7308 11 179 179
fre 2508 7324 11 179 179
fre 2500 7324 11 179 179
tree 2584 7320 57 0 179
lay 2584 7304 61 0 179
lay 2648 7320 63 0 179
tree 2664 7304 21 0 179
lay 2680 7304 61 0 179
lay 2664 7320 63 0 179
tree 2712 7320 21 0 179
tree 2728 7320 19 0 179
tree 2728 7304 13 0 179
trop 2844 7300 122 179 179
trop 3004 7316 75 179 179
trop 3068 7300 75 179 179
trop 3076 7308 48 179 179
lay 3112 7320 50 0 179
fre 3124 7308 11 179 179
fre 3140 7308 11 179 179
fre 3140 7316 11 179 179
lay 3192 7320 50 0 179
fre 3212 7324 29 179 179
trop 3356 7316 32 179 179
lay 3336 7304 50 0 179
trop 3452 7316 32 179 179
stand 3448 7320 158 0 179
stand 3432 7320 157 0 179
lay 3448 7304 50 0 179
dom 3552 7296 244 0 179
trop 3780 7324 59 179 179
cliff 3840 7312 11 179 179
cliff 3840 7296 31 179 179
lay 3928 7320 30 0 179
lay 3944 7304 10 0 179
tree 4216 7320 44 0 179
fre 4252 7316 11 179 179
lay 4248 7304 61 0 179
fre 4300 7316 11 179 179
fre 4300 7300 11 179 179
fre 4348 7316 11 179 179
tree 4680 7304 43 0 179
fre 4748 7324 11 179 179
fre 4924 7308 12 179 179
lay 4952 7320 28 0 179
lay 5000 7320 61 0 179
lay 5080 7320 61 0 179
tree 5224 7320 19 0 179
fre 5764 7316 15 179 179
lay 5928 7304 63 0 179
tree 6520 7304 11 0 179
tree 6520 7320 4 0 179
tree 6552 7320 2 0 179
tree 6568 7320 58 0 179
fre 6900 7324 15 179 179
fre 6884 7300 15 179 179
fre 6916 7316 11 179 179
dom 6944 7296 82 0 179
fre 7500 7324 1 179 179
fre 7724 7324 1 179 179
fre 7900 7300 1 179 179
fre 7916 7300 1 179 179
tree 7992 7304 58 0 179
tree 7976 7304 59 0 179
lay 216 7352 61 0 179
lay 344 7336 61 0 179
fre 476 7348 6 179 179
fre 548 7348 6 179 179
fre 572 7356 6 179 179
fre 572 7348 6 179 179
fre 1012 7348 11 179 179
fre 1084 7332 11 179 179
fre 1180 7356 15 179 179
fre 1172 7340 15 179 179
fre 1372 7332 11 179 179
fre 1380 7332 11 179 179
fre 1580 7332 15 179 179
lay 1608 7336 28 0 179
fre 1892 7332 12 179 179
fre 1892 7340 12 179 179
fre 1972 7356 12 179 179
fre 2004 7332 12 179 179
fre 2004 7348 12 179 179
fre 2140 7332 11 179 179
fre 2148 7348 11 179 179
fre 2156 7348 11 179 179
fre 2164 7348 11 179 179
fre 2172 7340 11 179 179
fre 2196 7348 11 179 179
lay 2216 7352 50 0 179
fre 2236 7348 26 179 179
fre 2276 7348 26 179 179
fre 2380 7332 5 179 179
fre 2428 7356 11 179 179
fre 2436 7340 3 179 179
fre 2452 7332 3 179 179
fre 2444 7332 11 179 179
fre 2436 7348 11 179 179
tree 2472 7336 4 0 179
fre 2476 7332 3 179 179
fre 2484 7332 3 179 179
tree 2520 7352 58 0 179
fre 2500 7348 3 179 179
fre 2524 7356 3 179 179
tree 2584 7336 4 0 179
tree 2568 7336 57 0 179
tree 2664 7336 57 0 179
tree 2664 7352 27 0 179
tree 2744 7336 11 0 179
tree 2728 7336 58 0 179
trop 2996 7348 75 179 179
fre 2996 7348 11 179 179
fre 2996 7332 11 179 179
dom 3040 7328 142 0 179
trop 3076 7356 48 179 179
fre 3124 7348 11 179 179
lay 3160 7336 68 0 179
fre 3228 7356 6 179 179
fre 3212 7356 6 179 179
stand 3256 7336 154 0 179
lay 3256 7352 67 0 179
stand 3416 7352 161 0 179
stand 3416 7336 162 0 179
stand 3432 7352 163 0 179
stand 3432 7336 156 0 179
fre 3612 7356 12 179 179
trop 3684 7332 122 179 179
fre 3684 7356 12 179 179
cliff 3840 7344 11 179 179
fre 3948 7332 8 179 179
fre 3956 7356 8 179 179
lay 3976 7352 61 0 179
fre 3988 7356 8 179 179
fre 4020 7332 8 179 179
fre 4212 7332 11 179 179
tree 4216 7336 19 0 179
fre 4276 7340 11 179 179
fre 4300 7348 11 179 179
tree 4712 7336 57 0 179
tree 4792 7352 44 0 179
fre 5108 7348 12 179 179
tree 5256 7336 43 0 179
trop 5492 7356 68 179 179
lay 5800 7336 60 0 179
fre 6348 7332 15 179 179
fre 6868 7332 15 179 179
fre 6868 7356 11 179 179
fre 7548 7356 1 179 179
fre 7580 7356 1 179 179
fre 7604 7356 1 179 179
fre 7604 7348 1 179 179
tree 7992 7352 51 0 179
tree 7992 7336 51 0 179
lay 136 7368 1 0 179
lay 312 7368 61 0 179
lay 328 7368 61 0 179
tree 376 7384 4 0 179
tree 408 7384 44 0 179
tree 424 7368 20 0 179
tree 456 7384 12 0 179
tree 536 7384 52 0 179
tree 712 7368 26 0 179
fre 1044 7380 11 179 179
fre 1028 7372 11 179 179
fre 1172 7388 11 179 179
fre 1172 7372 11 179 179
fre 1196 7364 15 179 179
fre 1364 7388 11 179 179
fre 1372 7364 11 179 179
fre 1412 7388 11 179 179
fre 1412 7364 11 179 179
fre 1428 7388 11 179 179
fre 1524 7380 11 179 179
fre 1548 7380 11 179 179
fre 1564 7388 11 179 179
fre 1548 7388 15 179 179
fre 1580 7380 15 179 179
fre 1628 7380 11 179 179
fre 1644 7388 11 179 179
fre 1652 7388 11 179 179
fre 1636 7380 15 179 179
fre 1900 7364 12 179 179
fre 1908 7372 12 179 179
fre 1924 7380 12 179 179
fre 1948 7380 12 179 179
fre 1940 7388 12 179 179
fre 1964 7380 12 179 179
fre 1956 7380 12 179 179
trop 2100 7380 48 179 179
tree 2456 7368 21 0 179
fre 2452 7372 3 179 179
fre 2436 7364 11 179 179
tree 2488 7368 35 0 179
fre 2476 7364 29 179 179
fre 2516 7364 3 179 179
fre 2500 7372 3 179 179
tree 2664 7368 44 0 179
tree 2664 7384 43 0 179
tree 2776 7384 19 0 179
fre 2820 7388 11 179 179
fre 2828 7372 15 179 179
trop 2996 7372 75 179 179
trop 3076 7364 48 179 179
fre 3124 7388 11 179 179
fre 3116 7372 11 179 179
fre 3116 7364 11 179 179
lay 3176 7368 61 0 179
lay 3208 7368 61 0 179
fre 3252 7364 6 179 179
fre 3252 7380 11 179 179
lay 3240 7384 61 0 179
fre 3276 7388 11 179 179
lay 3288 7384 61 0 179
fre 3308 7364 6 179 179
stand 3336 7384 18 0 179
fre 3340 7372 6 179 179
lay 3336 7384 63 0 179
trop 3420 7364 35 179 179
lay 3464 7384 61 0 179
fre 3644 7364 12 179 179
fre 3620 7364 12 179 179
fre 3676 7364 12 179 179
fre 3660 7364 12 179 179
fre 3700 7364 12 179 179
fre 3724 7380 12 179 179
stand 3736 7384 177 0 179
stand 3768 7384 18 0 179
cliff 3856 7376 35 179 179
fre 3932 7388 8 179 179
fre 3908 7372 8 179 179
lay 3944 7368 18 0 179
fre 3980 7388 8 179 179
fre 4020 7372 8 179 179
fre 4020 7388 26 179 179
fre 4036 7372 8 179 179
fre 4060 7380 8 179 179
fre 4172 7388 11 179 179
tree 4232 7384 21 0 179
tree 4232 7368 44 0 179
tree 4648 7368 2 0 179
tree 4792 7368 19 0 179
fre 4868 7372 12 179 179
lay 4904 7384 28 0 179
fre 4932 7364 12 179 179
fre 5108 7388 12 179 179
lay 5112 7384 28 0 179
fre 5124 7364 12 179 179
tree 5288 7368 57 0 179
lay 5816 7384 60 0 179
fre 5804 7388 15 179 179
lay 6312 7384 61 0 179
lay 6344 7368 28 0 179
tree 6600 7384 43 0 179
trop 6716 7372 67 179 179
fre 6860 7380 11 179 179
fre 6900 7388 15 179 179
lay 6920 7368 65 0 179
fre 6940 7388 15 179 179
tree 7992 7384 57 0 179
lay 104 7400 17 0 179
lay 248 7416 61 0 179
tree 360 7416 11 0 179
fre 1124 7404 11 179 179
fre 1140 7420 11 179 179
lay 1176 7400 28 0 179
fre 1156 7412 11 179 179
fre 1172 7404 11 179 179
fre 1172 7420 15 179 179
fre 1188 7420 15 179 179
fre 1260 7404 11 179 179
fre 1300 7420 11 179 179
fre 1292 7420 11 179 179
fre 1372 7420 11 179 179
fre 1372 7396 11 179 179
fre 1372 7412 15 179 179
fre 1428 7404 11 179 179
fre 1532 7396 11 179 179
fre 1532 7420 15 179 179
fre 1540 7396 11 179 179
fre 1556 7404 11 179 179
lay 1544 7416 61 0 179
lay 1592 7416 28 0 179
fre 1644 7404 11 179 179
fre 1684 7412 11 179 179
fre 1676 7404 11 179 179
fre 1724 7412 11 179 179
zabor 2160 7408 65 1 8
tree 2648 7400 13 0 179
tree 2680 7416 11 0 179
tree 2808 7416 58 0 179
tree 2792 7416 43 0 179
tree 2792 7400 44 0 179
tree 2824 7416 57 0 179
fre 2836 7412 11 179 179
fre 2876 7412 11 179 179
trop 2996 7412 75 179 179
trop 3020 7412 75 179 179
tree 3128 7400 52 0 179
trop 3180 7404 125 179 179
trop 3268 7404 114 179 179
fre 3316 7404 11 179 179
fre 3324 7404 11 179 179
fre 3300 7420 11 179 179
tree 3304 7416 27 0 179
tree 3320 7416 43 0 179
fre 3332 7420 11 179 179
tree 3384 7400 20 0 179
fre 3420 7420 6 179 179
trop 3612 7396 2 179 179
fre 3620 7420 12 179 179
lay 3704 7416 61 0 179
trop 3828 7420 60 179 179
cliff 3872 7408 12 179 179
cliff 3872 7392 28 179 179
fre 3932 7412 8 179 179
fre 3932 7404 8 179 179
fre 3940 7404 8 179 179
fre 4004 7404 8 179 179
lay 4040 7416 61 0 179
fre 4036 7396 26 179 179
fre 4068 7420 26 179 179
fre 4164 7420 11 179 179
fre 4180 7420 11 179 179
fre 4172 7412 11 179 179
fre 4228 7404 11 179 179
fre 4228 7412 11 179 179
fre 4244 7396 11 179 179
tree 4232 7400 57 0 179
fre 4356 7396 12 179 179
fre 4396 7420 11 179 179
fre 4572 7396 12 179 179
fre 4580 7404 11 179 179
fre 4580 7412 11 179 179
fre 4596 7396 11 179 179
tree 4648 7416 51 0 179
fre 4748 7420 11 179 179
tree 4808 7416 21 0 179
tree 4808 7400 44 0 179
lay 4920 7416 63 0 179
fre 5060 7404 12 179 179
lay 5096 7416 63 0 179
tree 5224 7400 2 0 179
lay 5784 7400 61 0 179
lay 7448 7400 61 0 179
lay 7432 7416 61 0 179
lay 7800 7400 61 0 179
lay 7784 7416 61 0 179
tree 7992 7400 4 0 179
tree 7976 7400 57 0 179
lay 328 7448 61 0 179
tree 392 7432 19 0 179
fre 660 7452 6 179 179
fre 708 7452 6 179 179
fre 740 7452 6 179 179
fre 772 7428 6 179 179
fre 844 7444 22 179 179
fre 868 7452 26 179 179
fre 868 7436 6 179 179
fre 932 7452 12 179 179
fre 956 7444 12 179 179
fre 988 7444 27 179 179
fre 988 7428 26 179 179
fre 996 7436 20 179 179
fre 1012 7452 19 179 179
fre 1020 7444 26 179 179
fre 996 7428 19 179 179
fre 1004 7452 23 179 179
fre 1156 7436 11 179 179
fre 1156 7444 11 179 179
fre 1172 7428 11 179 179
fre 1276 7444 11 179 179
lay 1272 7432 61 0 179
fre 1324 7452 11 179 179
fre 1324 7444 11 179 179
fre 1324 7428 11 179 179
fre 1372 7444 11 179 179
fre 1364 7444 11 179 179
fre 1436 7428 11 179 179
fre 1532 7452 15 179 179
fre 1524 7436 15 179 179
fre 1724 7428 11 179 179
fre 1732 7428 11 179 179
fre 1956 7452 12 179 179
fre 1980 7428 12 179 179
fre 2004 7452 12 179 179
zabor 2160 7440 64 1 8
fre 2308 7436 11 179 179
fre 2308 7444 11 179 179
fre 2324 7428 11 179 179
fre 2476 7452 11 179 179
tree 2696 7432 50 0 179
tree 2728 7448 2 0 179
tree 2744 7448 13 0 179
tree 2776 7448 2 0 179
tree 2840 7448 35 0 179
tree 2840 7432 44 0 179
fre 2844 7452 15 179 179
tree 2856 7448 59 0 179
fre 2868 7444 11 179 179
fre 2876 7428 11 179 179
trop 3020 7452 75 179 179
trop 3076 7436 48 179 179
trop 3076 7444 48 179 179
tree 3320 7432 11 0 179
fre 3348 7452 11 179 179
fre 3332 7444 11 179 179
tree 3336 7448 18 0 179
trop 3372 7452 59 179 179
fre 3420 7436 6 179 179
lay 3528 7432 61 0 179
tree 3768 7448 18 0 179
cliff 3872 7440 15 179 179
lay 3960 7432 43 0 179
fre 3956 7452 8 179 179
fre 3940 7428 8 179 179
fre 4044 7428 8 179 179
fre 4060 7444 8 179 179
fre 4052 7444 8 179 179
fre 4068 7436 8 179 179
fre 4076 7444 8 179 179
fre 4084 7436 8 179 179
fre 4172 7428 11 179 179
fre 4212 7444 11 179 179
fre 4220 7444 11 179 179
fre 4204 7436 11 179 179
fre 4244 7428 11 179 179
tree 4264 7448 11 0 179
fre 4380 7444 11 179 179
fre 4380 7428 11 179 179
fre 4388 7452 11 179 179
fre 4404 7452 11 179 179
fre 4396 7444 11 179 179
fre 4524 7428 11 179 179
fre 4564 7444 11 179 179
fre 4572 7444 11 179 179
fre 4596 7428 11 179 179
tree 4648 7432 58 0 179
fre 4732 7444 11 179 179
fre 4732 7428 11 179 179
fre 4740 7452 11 179 179
fre 4756 7452 11 179 179
fre 4748 7444 11 179 179
tree 4808 7432 57 0 179
fre 4932 7428 12 179 179
fre 5012 7428 12 179 179
fre 5020 7428 12 179 179
fre 5148 7428 12 179 179
tree 5224 7448 51 0 179
trop 5492 7436 68 179 179
dom 5760 7424 88 0 179
lay 5816 7432 60 0 179
fre 5796 7428 15 179 179
lay 6008 7432 63 0 179
lay 6072 7432 61 0 179
lay 6200 7432 63 0 179
lay 6248 7448 28 0 179
tree 6600 7432 51 0 179
tree 6600 7448 57 0 179
lay 7624 7448 61 0 179
lay 7976 7448 61 0 179
lay 120 7464 14 0 179
lay 280 7480 61 0 179
lay 312 7464 61 0 179
lay 328 7480 61 0 179
tree 360 7464 27 0 179
tree 392 7480 27 0 179
lay 504 7464 28 0 179
fre 620 7468 6 179 179
fre 708 7484 6 179 179
fre 732 7484 6 179 179
fre 860 7460 26 179 179
fre 836 7468 23 179 179
fre 852 7484 6 179 179
fre 860 7476 6 179 179
fre 868 7476 26 179 179
fre 908 7468 6 179 179
fre 996 7476 12 179 179
fre 1028 7460 26 179 179
fre 1028 7468 19 179 179
fre 1036 7476 20 179 179
fre 1100 7460 11 179 179
fre 1140 7476 11 179 179
fre 1148 7476 11 179 179
fre 1172 7460 11 179 179
fre 1236 7460 11 179 179
fre 1308 7476 11 179 179
fre 1308 7460 11 179 179
fre 1300 7468 11 179 179
fre 1316 7484 11 179 179
fre 1332 7484 11 179 179
fre 1324 7476 11 179 179
fre 1396 7476 11 179 179
fre 1380 7468 11 179 179
fre 1524 7484 11 179 179
fre 1524 7468 11 179 179
fre 1548 7460 15 179 179
fre 1716 7484 11 179 179
fre 1724 7460 11 179 179
tree 1928 7464 52 0 179
fre 1956 7468 12 179 179
fre 1956 7476 12 179 179
fre 1964 7460 12 179 179
fre 2012 7468 12 179 179
trop 2100 7460 48 179 179
zabor 2160 7472 66 1 8
fre 2252 7460 11 179 179
fre 2292 7476 11 179 179
fre 2300 7476 11 179 179
fre 2324 7460 11 179 179
fre 2460 7476 11 179 179
fre 2460 7460 11 179 179
fre 2468 7484 11 179 179
fre 2484 7484 11 179 179
fre 2476 7476 11 179 179
tree 2520 7480 21 0 179
tree 2520 7464 21 0 179
tree 2600 7464 11 0 179
tree 2600 7480 58 0 179
tree 2632 7464 58 0 179
tree 2632 7480 35 0 179
tree 2680 7464 18 0 179
tree 2696 7464 40 0 179
tree 2760 7464 50 0 179
fre 2804 7484 11 179 179
tree 2872 7464 50 0 179
fre 2852 7484 11 179 179
tree 2888 7464 2 0 179
fre 2964 7484 12 179 179
fre 2948 7476 12 179 179
fre 2948 7468 12 179 179
fre 3332 7460 11 179 179
tree 3432 7480 12 0 179
fre 3468 7468 29 179 179
dom 3584 7456 71 0 179
lay 3592 7480 61 0 179
trop 3628 7468 36 179 179
cliff 3872 7472 13 179 179
fre 3948 7468 8 179 179
fre 3948 7484 8 179 179
fre 4028 7468 8 179 179
lay 4056 7480 40 0 179
fre 4036 7468 8 179 179
fre 4060 7476 8 179 179
fre 4060 7484 8 179 179
fre 4268 7476 11 179 179
lay 4296 7464 28 0 179
fre 4300 7460 11 179 179
lay 4312 7464 61 0 179
fre 4388 7460 11 179 179
fre 4396 7468 11 179 179
lay 4392 7464 61 0 179
tree 4408 7480 21 0 179
fre 4428 7468 11 179 179
fre 4620 7476 11 179 179
lay 4648 7464 28 0 179
fre 4652 7460 11 179 179
lay 4664 7464 61 0 179
fre 4740 7460 11 179 179
fre 4748 7468 11 179 179
lay 4744 7464 61 0 179
fre 4780 7468 11 179 179
tree 4840 7480 11 0 179
tree 5224 7464 58 0 179
lay 6408 7464 63 0 179
tree 6600 7480 4 0 179
tree 6600 7464 13 0 179
tree 6616 7480 44 0 179
trop 6716 7468 67 179 179
tree 7256 7480 57 0 179
tree 7272 7480 2 0 179
tree 7288 7480 27 0 179
tree 7304 7480 50 0 179
tree 7320 7480 50 0 179
lay 7416 7480 61 0 179
lay 7448 7464 61 0 179
lay 7768 7480 61 0 179
lay 7800 7464 61 0 179
tree 8056 7464 13 0 179
lay 136 7512 20 0 179
lay 296 7496 61 0 179
fre 372 7508 29 179 179
tree 376 7512 44 0 179
lay 600 7496 28 0 179
lay 632 7496 61 0 179
fre 796 7508 6 179 179
fre 812 7508 6 179 179
fre 868 7492 26 179 179
fre 892 7492 12 179 179
fre 900 7508 12 179 179
dom 928 7488 297 0 179
fre 988 7516 12 179 179
fre 1004 7500 12 179 179
fre 996 7508 12 179 179
fre 1028 7516 26 179 179
fre 1196 7508 11 179 179
lay 1224 7496 28 0 179
fre 1228 7492 11 179 179
lay 1240 7496 61 0 179
fre 1316 7492 11 179 179
fre 1324 7500 11 179 179
lay 1320 7496 61 0 179
fre 1356 7500 11 179 179
fre 1476 7500 11 179 179
fre 1492 7516 11 179 179
lay 1528 7496 28 0 179
fre 1508 7508 11 179 179
fre 1524 7500 11 179 179
fre 1524 7516 15 179 179
fre 1540 7516 15 179 179
fre 1612 7500 11 179 179
fre 1652 7516 11 179 179
fre 1644 7516 11 179 179
fre 1724 7516 11 179 179
tree 1912 7512 19 0 179
fre 2004 7508 12 179 179
fre 1996 7508 12 179 179
fre 2020 7500 12 179 179
zabor 2160 7504 65 1 8
fre 2348 7508 11 179 179
lay 2376 7496 28 0 179
fre 2380 7492 11 179 179
lay 2392 7496 61 0 179
fre 2468 7492 11 179 179
fre 2476 7500 11 179 179
lay 2472 7496 61 0 179
tree 2520 7496 27 0 179
fre 2508 7500 11 179 179
tree 2536 7512 43 0 179
tree 2584 7496 4 0 179
tree 2584 7512 13 0 179
fre 2812 7508 11 179 179
fre 2812 7500 15 179 179
fre 2820 7508 11 179 179
tree 2904 7496 19 0 179
trop 2972 7500 75 179 179
trop 3076 7516 48 179 179
stand 3320 7496 249 0 179
trop 3372 7500 31 179 179
fre 3516 7492 12 179 179
fre 3524 7516 12 179 179
lay 3640 7496 61 0 179
lay 3672 7496 62 0 179
tree 3736 7512 17 0 179
trop 3820 7492 61 179 179
cliff 3872 7488 64 179 179
cliff 3872 7504 11 179 179
fre 3948 7516 8 179 179
fre 3948 7492 8 179 179
lay 4024 7496 21 0 179
fre 4044 7492 8 179 179
fre 4052 7492 8 179 179
fre 4044 7508 8 179 179
fre 4060 7516 8 179 179
fre 4164 7508 11 179 179
fre 4188 7500 11 179 179
fre 4260 7508 11 179 179
tree 4360 7496 57 0 179
fre 4388 7508 11 179 179
tree 4392 7512 21 0 179
fre 4516 7508 11 179 179
fre 4540 7500 11 179 179
tree 4568 7496 58 0 179
fre 4612 7508 11 179 179
fre 4740 7508 11 179 179
tree 4984 7512 21 0 179
trop 5492 7516 68 179 179
fre 5708 7500 8 179 179
lay 5944 7496 28 0 179
lay 6088 7496 28 0 179
tree 6456 7512 21 0 179
tree 6456 7496 58 0 179
tree 6600 7496 58 0 179
tree 7224 7512 35 0 179
tree 7240 7496 35 0 179
tree 7256 7496 21 0 179
tree 7336 7496 59 0 179
tree 7352 7496 59 0 179
tree 7352 7512 50 0 179
tree 7368 7512 19 0 179
lay 7464 7512 61 0 179
lay 7816 7512 61 0 179
lay 328 7528 61 0 179
lay 536 7544 61 0 179
fre 668 7524 6 179 179
fre 716 7540 6 179 179
tree 856 7544 9 0 179
fre 892 7540 12 179 179
fre 900 7524 12 179 179
fre 996 7524 12 179 179
fre 996 7548 12 179 179
fre 1092 7540 11 179 179
fre 1116 7532 11 179 179
fre 1188 7540 11 179 179
fre 1316 7540 11 179 179
fre 1628 7540 11 179 179
lay 1624 7528 61 0 179
fre 1676 7540 11 179 179
fre 1676 7524 11 179 179
fre 1724 7540 11 179 179
tree 1880 7544 50 0 179
trop 2100 7540 48 179 179
zabor 2160 7536 64 1 8
fre 2244 7540 11 179 179
fre 2268 7532 11 179 179
fre 2340 7540 11 179 179
fre 2468 7540 11 179 179
tree 2584 7528 59 0 179
tree 2584 7544 50 0 179
tree 2664 7544 36 0 179
tree 2744 7544 51 0 179
tree 2824 7544 50 0 179
tree 2856 7544 25 0 179
tree 2872 7544 29 0 179
trop 2964 7540 75 179 179
dom 3040 7520 140 0 179
trop 3076 7524 48 179 179
lay 3240 7544 61 0 179
lay 3272 7544 61 0 179
lay 3288 7544 61 0 179
lay 3288 7528 50 0 179
fre 3276 7548 11 179 179
lay 3528 7528 62 0 179
fre 3556 7540 12 179 179
fre 3572 7540 12 179 179
fre 3596 7532 12 179 179
fre 3604 7524 12 179 179
fre 3956 7548 8 179 179
fre 3964 7548 8 179 179
fre 3956 7540 8 179 179
fre 3948 7532 8 179 179
fre 3948 7524 8 179 179
fre 4028 7548 8 179 179
fre 4044 7540 8 179 179
fre 4052 7540 8 179 179
fre 4052 7548 8 179 179
fre 4036 7548 8 179 179
fre 4180 7532 11 179 179
fre 4172 7540 11 179 179
fre 4180 7540 11 179 179
fre 4324 7532 11 179 179
fre 4324 7540 11 179 179
fre 4388 7548 11 179 179
tree 4408 7544 50 0 179
fre 4532 7532 11 179 179
fre 4524 7540 11 179 179
fre 4532 7540 11 179 179
tree 4520 7528 27 0 179
lay 4520 7544 61 0 179
fre 4676 7532 11 179 179
fre 4676 7540 11 179 179
fre 4740 7548 11 179 179
tree 4936 7528 57 0 179
tree 4968 7544 21 0 179
tree 5144 7528 58 0 179
trop 5492 7548 68 179 179
fre 5788 7540 8 179 179
fre 5828 7548 12 179 179
fre 5836 7540 12 179 179
fre 5844 7524 12 179 179
fre 5852 7532 12 179 179
tree 6488 7544 2 0 179
tree 6472 7544 4 0 179
tree 6472 7528 19 0 179
tree 6536 7544 11 0 179
tree 6616 7544 35 0 179
fre 6884 7532 11 179 179
fre 6884 7540 11 179 179
fre 6900 7524 11 179 179
fre 7012 7532 11 179 179
fre 7012 7540 11 179 179
fre 7028 7524 11 179 179
fre 7052 7548 11 179 179
fre 7180 7548 11 179 179
tree 7224 7528 21 0 179
tree 7256 7528 21 0 179
tree 7384 7544 19 0 179
tree 7400 7544 13 0 179
lay 7512 7528 61 0 179
lay 7544 7544 61 0 179
lay 7864 7528 61 0 179
lay 7896 7544 61 0 179
tree 7928 7544 21 0 179
tree 7928 7528 21 0 179
tree 8008 7528 11 0 179
tree 8008 7544 58 0 179
tree 8040 7528 58 0 179
tree 8040 7544 35 0 179
lay 136 7560 18 0 179
lay 232 7560 61 0 179
fre 924 7572 12 179 179
fre 908 7556 12 179 179
fre 940 7580 6 179 179
fre 948 7572 12 179 179
fre 988 7556 12 179 179
fre 980 7572 12 179 179
fre 1020 7564 26 179 179
fre 1036 7580 19 179 179
fre 1052 7572 26 179 179
fre 1108 7564 11 179 179
fre 1100 7572 11 179 179
fre 1108 7572 11 179 179
fre 1252 7564 11 179 179
fre 1252 7572 11 179 179
fre 1316 7580 11 179 179
fre 1588 7556 11 179 179
fre 1652 7564 11 179 179
fre 1676 7572 11 179 179
zabor 2160 7568 65 1 8
fre 2260 7564 11 179 179
fre 2252 7572 11 179 179
fre 2260 7572 11 179 179
fre 2404 7564 11 179 179
fre 2404 7572 11 179 179
fre 2468 7580 11 179 179
tree 2568 7560 57 0 179
tree 2568 7576 2 0 179
tree 2680 7576 52 0 179
tree 2680 7560 29 0 179
fre 2812 7556 11 179 179
fre 2852 7580 11 179 179
fre 2852 7556 11 179 179
fre 2868 7580 11 179 179
tree 2904 7560 4 0 179
trop 2972 7580 75 179 179
stand 3064 7560 226 0 179
vor 3292 7572 24 179 179
lay 3272 7576 61 0 179
fre 3284 7580 11 179 179
vor 3364 7580 24 179 179
vor 3396 7580 24 179 179
trop 3468 7580 37 179 179
tree 3512 7560 20 0 179
tree 3656 7560 3 0 179
fre 3924 7564 12 179 179
fre 3964 7580 8 179 179
fre 3948 7572 8 179 179
fre 3988 7556 8 179 179
fre 3980 7556 8 179 179
fre 3980 7580 8 179 179
fre 4028 7556 8 179 179
fre 4028 7572 26 179 179
fre 4028 7580 26 179 179
fre 4052 7556 8 179 179
fre 4060 7564 8 179 179
fre 4172 7556 11 179 179
lay 4360 7560 28 0 179
fre 4524 7556 11 179 179
lay 4712 7560 28 0 179
tree 4984 7576 50 0 179
tree 5096 7560 27 0 179
lay 5096 7576 61 0 179
tree 5736 7576 5 0 179
lay 5736 7576 60 0 179
fre 5788 7572 12 179 179
fre 5780 7564 12 179 179
fre 5772 7564 12 179 179
fre 5764 7556 12 179 179
fre 5772 7572 12 179 179
fre 5780 7572 12 179 179
fre 5812 7572 12 179 179
tree 5848 7560 5 0 179
fre 5828 7572 12 179 179
tree 6440 7576 19 0 179
tree 6568 7576 51 0 179
tree 6600 7560 21 0 179
tree 6600 7576 44 0 179
trop 6716 7556 67 179 179
fre 6828 7556 11 179 179
fre 6868 7572 11 179 179
fre 6876 7572 11 179 179
fre 6900 7556 11 179 179
fre 6956 7556 11 179 179
fre 6996 7572 11 179 179
fre 7004 7572 11 179 179
fre 7036 7572 11 179 179
fre 7036 7556 11 179 179
fre 7028 7556 11 179 179
fre 7044 7580 11 179 179
fre 7060 7580 11 179 179
fre 7052 7572 11 179 179
fre 7164 7572 11 179 179
fre 7164 7556 11 179 179
fre 7172 7580 11 179 179
fre 7188 7580 11 179 179
fre 7180 7572 11 179 179
dom 7296 7552 255 0 179
tree 7368 7576 4 0 179
tree 7400 7560 35 0 179
tree 7416 7560 21 0 179
tree 7416 7576 59 0 179
tree 7400 7576 11 0 179
tree 7432 7560 29 0 179
lay 7464 7560 61 0 179
lay 7576 7560 61 0 179
lay 7592 7576 61 0 179
lay 7816 7560 61 0 179
tree 7928 7560 27 0 179
lay 7928 7560 61 0 179
tree 7944 7576 43 0 179
lay 7944 7576 61 0 179
tree 7992 7560 4 0 179
tree 7992 7576 13 0 179
lay 376 7592 61 0 179
trop 420 7596 127 179 179
lay 728 7608 61 0 179
lay 760 7608 63 0 179
fre 820 7604 6 179 179
trop 844 7596 127 179 179
fre 940 7588 6 179 179
fre 1004 7604 27 179 179
fre 1020 7604 26 179 179
fre 996 7604 23 179 179
fre 1020 7612 26 179 179
fre 1036 7612 27 179 179
fre 1036 7588 26 179 179
fre 1044 7588 23 179 179
fre 1100 7588 11 179 179
lay 1288 7592 28 0 179
tree 1816 7608 4 0 179
tree 1848 7592 51 0 179
tree 1832 7592 19 0 179
lay 1912 7608 63 0 179
trop 2100 7604 48 179 179
zabor 2160 7600 66 1 8
fre 2252 7588 11 179 179
lay 2440 7592 28 0 179
tree 2696 7592 5 0 179
tree 2744 7608 21 0 179
tree 2760 7608 57 0 179
tree 2808 7608 29 0 179
fre 2812 7588 11 179 179
fre 2812 7604 15 179 179
tree 2872 7608 19 0 179
fre 2868 7596 11 179 179
trop 3004 7588 75 179 179
trop 3076 7596 48 179 179
trop 3076 7604 48 179 179
dom 3200 7584 138 0 179
fre 3292 7596 11 179 179
fre 3292 7612 11 179 179
fre 3284 7604 11 179 179
fre 3276 7596 11 179 179
fre 3284 7612 11 179 179
vor 3340 7588 24 179 179
tree 3592 7592 3 0 179
trop 3764 7588 62 179 179
lay 3864 7592 49 0 179
fre 3876 7604 12 179 179
fre 3884 7604 12 179 179
fre 3932 7596 12 179 179
fre 3924 7588 12 179 179
fre 3932 7612 12 179 179
fre 3916 7612 12 179 179
fre 3940 7588 12 179 179
lay 3960 7592 11 0 179
fre 3964 7596 8 179 179
fre 3972 7588 8 179 179
fre 3972 7596 8 179 179
fre 3972 7612 8 179 179
fre 3980 7612 8 179 179
fre 4028 7612 27 179 179
fre 4036 7596 26 179 179
fre 4188 7588 11 179 179
fre 4228 7588 11 179 179
fre 4260 7596 11 179 179
fre 4324 7604 11 179 179
fre 4332 7596 11 179 179
fre 4332 7588 11 179 179
fre 4396 7612 11 179 179
fre 4540 7588 11 179 179
fre 4580 7588 11 179 179
fre 4612 7596 11 179 179
fre 4676 7604 11 179 179
fre 4684 7596 11 179 179
fre 4684 7588 11 179 179
fre 4748 7612 11 179 179
trop 5492 7612 68 179 179
lay 5736 7608 60 0 179
fre 5812 7612 29 179 179
tree 5816 7592 29 0 179
tree 5848 7592 29 0 179
fre 5836 7604 12 179 179
fre 5844 7588 12 179 179
tree 5880 7608 36 0 179
fre 5876 7588 12 179 179
fre 5884 7612 12 179 179
tree 5896 7608 29 0 179
tree 5912 7592 40 0 179
fre 5900 7596 12 179 179
fre 5908 7604 12 179 179
tree 6008 7608 37 0 179
fre 6220 7612 11 179 179
fre 6340 7612 11 179 179
tree 6360 7608 59 0 179
tree 6408 7592 59 0 179
fre 6460 7604 11 179 179
fre 6444 7604 11 179 179
tree 6440 7608 11 0 179
tree 6504 7592 51 0 179
tree 6584 7592 11 0 179
tree 6600 7608 44 0 179
fre 6924 7604 11 179 179
lay 6952 7592 28 0 179
fre 6956 7588 11 179 179
lay 6968 7592 61 0 179
fre 7044 7588 11 179 179
fre 7052 7596 11 179 179
lay 7048 7592 61 0 179
fre 7052 7604 11 179 179
fre 7084 7596 11 179 179
lay 7080 7592 28 0 179
fre 7084 7588 11 179 179
lay 7096 7592 61 0 179
fre 7172 7588 11 179 179
fre 7180 7596 11 179 179
lay 7176 7592 61 0 179
fre 7212 7596 11 179 179
lay 7416 7608 61 0 179
lay 7608 7608 61 0 179
lay 7768 7608 61 0 179
lay 7960 7608 61 0 179
tree 7992 7592 59 0 179
tree 7992 7608 50 0 179
lay 152 7624 13 0 179
lay 232 7624 61 0 179
lay 600 7640 28 0 179
fre 764 7628 6 179 179
fre 956 7620 6 179 179
fre 996 7628 6 179 179
fre 1036 7636 26 179 179
fre 1044 7620 26 179 179
fre 1036 7620 26 179 179
fre 1116 7620 11 179 179
fre 1156 7620 11 179 179
fre 1188 7628 11 179 179
fre 1252 7636 11 179 179
fre 1260 7628 11 179 179
fre 1260 7620 11 179 179
fre 1324 7644 11 179 179
lay 1944 7640 63 0 179
lay 1944 7624 61 0 179
lay 1960 7640 61 0 179
zabor 2160 7632 65 1 8
fre 2268 7620 11 179 179
fre 2308 7620 11 179 179
fre 2340 7628 11 179 179
fre 2404 7636 11 179 179
fre 2412 7628 11 179 179
fre 2412 7620 11 179 179
fre 2476 7644 11 179 179
tree 2680 7640 26 0 179
tree 2744 7624 35 0 179
tree 2728 7640 2 0 179
tree 2776 7624 2 0 179
tree 2792 7624 35 0 179
fre 2804 7636 11 179 179
tree 2872 7624 37 0 179
fre 2876 7620 11 179 179
trop 3004 7636 75 179 179
stand 3064 7640 247 0 179
stand 3128 7624 46 0 179
stand 3288 7640 2 0 179
stand 3288 7624 128 0 179
stand 3272 7624 28 0 179
stand 3320 7640 181 0 179
stand 3320 7624 128 0 179
stand 3352 7640 180 0 179
stand 3352 7624 128 0 179
zabor 3376 7632 64 1 8
tree 3464 7624 26 0 179
trop 3572 7636 64 179 179
trop 3660 7636 63 179 179
trop 3732 7628 116 179 179
fre 3876 7620 12 179 179
fre 3892 7620 12 179 179
fre 3900 7628 12 179 179
lay 3944 7640 6 0 179
lay 3992 7624 8 0 179
fre 3980 7628 8 179 179
fre 4028 7628 26 179 179
fre 4020 7620 26 179 179
fre 4020 7628 27 179 179
fre 4044 7628 22 179 179
fre 4044 7636 19 179 179
fre 4036 7636 26 179 179
fre 4044 7620 19 179 179
fre 4164 7644 11 179 179
fre 4172 7628 15 179 179
fre 4228 7644 11 179 179
fre 4228 7620 11 179 179
fre 4276 7620 11 179 179
fre 4388 7628 11 179 179
fre 4516 7644 11 179 179
fre 4524 7628 15 179 179
fre 4580 7644 11 179 179
fre 4580 7620 11 179 179
fre 4628 7620 11 179 179
fre 4740 7628 11 179 179
tree 5688 7640 28 0 179
tree 5848 7624 18 0 179
fre 5852 7628 12 179 179
fre 5836 7628 12 179 179
fre 5860 7628 11 179 179
tree 5880 7624 36 0 179
fre 5860 7620 12 179 179
fre 5908 7636 8 179 179
fre 5892 7620 12 179 179
fre 5900 7620 12 179 179
fre 5892 7628 12 179 179
fre 5956 7628 15 179 179
fre 5996 7644 11 179 179
fre 6036 7628 11 179 179
tree 6088 7640 20 0 179
tree 6152 7640 20 0 179
tree 6168 7640 18 0 179
fre 6172 7644 11 179 179
tree 6248 7640 12 0 179
fre 6332 7628 14 179 179
fre 6356 7636 11 179 179
fre 6364 7620 11 179 179
fre 6364 7628 11 179 179
fre 6364 7636 11 179 179
tree 6344 7624 58 0 179
fre 6388 7620 11 179 179
tree 6408 7624 57 0 179
fre 6444 7628 11 179 179
fre 6492 7620 11 179 179
fre 6468 7628 11 179 179
fre 6500 7628 11 179 179
fre 6500 7636 11 179 179
tree 6504 7624 19 0 179
fre 6820 7636 11 179 179
fre 6844 7628 11 179 179
fre 6916 7636 11 179 179
fre 6948 7636 11 179 179
fre 6972 7628 11 179 179
fre 7044 7636 11 179 179
fre 7172 7636 11 179 179
lay 7416 7624 61 0 179
lay 7400 7624 61 0 179
lay 7768 7624 61 0 179
lay 7752 7624 61 0 179
tree 7976 7624 57 0 179
tree 7976 7640 2 0 179
lay 296 7656 61 0 179
lay 536 7656 61 0 179
dom 896 7648 299 0 179
fre 924 7652 26 179 179
fre 900 7676 26 179 179
fre 932 7652 26 179 179
fre 1020 7668 26 179 179
fre 1020 7652 26 179 179
fre 1036 7660 6 179 179
fre 1092 7676 11 179 179
fre 1100 7660 15 179 179
fre 1156 7676 11 179 179
fre 1156 7652 11 179 179
fre 1204 7652 11 179 179
fre 1316 7660 11 179 179
tree 1832 7672 4 0 179
lay 1944 7656 63 0 179
zabor 2160 7664 66 1 8
fre 2244 7676 11 179 179
fre 2252 7660 15 179 179
fre 2308 7676 11 179 179
fre 2308 7652 11 179 179
fre 2356 7652 11 179 179
fre 2468 7660 11 179 179
tree 2680 7672 17 0 179
tree 2680 7656 5 0 179
tree 2792 7656 12 0 179
fre 2836 7668 11 179 179
fre 2820 7660 11 179 179
tree 2872 7672 51 0 179
tree 2872 7656 57 0 179
dom 2976 7648 306 0 179
trop 3076 7676 48 179 179
trop 3140 7668 48 179 179
stand 3224 7672 247 0 179
trop 3212 7660 50 179 179
trop 3244 7676 48 179 179
stand 3320 7656 182 0 179
lay 3320 7672 67 0 179
stand 3352 7672 178 0 179
stand 3336 7656 182 0 179
zabor 3376 7664 66 1 8
fre 3692 7676 26 179 179
fre 3756 7676 22 179 179
fre 3748 7668 26 179 179
fre 3764 7676 27 179 179
trop 3804 7652 117 179 179
fre 3860 7652 26 179 179
fre 3884 7660 26 179 179
fre 3924 7652 26 179 179
fre 3916 7668 26 179 179
lay 3976 7656 7 0 179
fre 3972 7652 8 179 179
fre 3988 7660 8 179 179
fre 4028 7668 20 179 179
fre 4060 7668 26 179 179
fre 4060 7660 26 179 179
fre 4180 7668 11 179 179
fre 4220 7668 11 179 179
lay 4312 7656 28 0 179
fre 4316 7676 11 179 179
fre 4372 7676 11 179 179
fre 4532 7668 11 179 179
fre 4572 7668 11 179 179
lay 4664 7656 28 0 179
fre 4668 7676 11 179 179
fre 4724 7676 11 179 179
tree 5688 7656 37 0 179
fre 5932 7660 8 179 179
fre 5948 7676 11 179 179
fre 5972 7652 8 179 179
fre 5988 7668 11 179 179
fre 6036 7668 15 179 179
fre 6100 7660 11 179 179
fre 6332 7668 14 179 179
fre 6316 7668 14 179 179
fre 6356 7668 14 179 179
fre 6356 7660 11 179 179
tree 6360 7672 51 0 179
fre 6396 7660 11 179 179
fre 6388 7660 11 179 179
fre 6404 7652 11 179 179
fre 6452 7676 11 179 179
fre 6492 7676 11 179 179
fre 6476 7652 11 179 179
fre 6468 7652 11 179 179
fre 6500 7660 11 179 179
trop 6716 7652 67 179 179
fre 6836 7660 11 179 179
fre 6828 7668 11 179 179
fre 6836 7668 11 179 179
fre 6964 7660 11 179 179
fre 6956 7668 11 179 179
fre 6964 7668 11 179 179
fre 6980 7660 11 179 179
fre 6980 7668 11 179 179
fre 7044 7676 11 179 179
fre 7108 7660 11 179 179
fre 7108 7668 11 179 179
fre 7172 7676 11 179 179
lay 7640 7672 61 0 179
lay 7624 7656 61 0 179
lay 7992 7672 61 0 179
lay 7976 7656 61 0 179
tree 120 7704 27 0 179
tree 136 7704 19 0 179
lay 248 7704 61 0 179
lay 664 7688 28 0 179
fre 804 7708 6 179 179
fre 908 7700 26 179 179
fre 924 7684 6 179 179
lay 904 7704 63 0 179
fre 1108 7700 11 179 179
fre 1148 7700 11 179 179
lay 1240 7688 28 0 179
fre 1244 7708 11 179 179
fre 1300 7708 11 179 179
trop 2100 7684 48 179 179
zabor 2160 7696 65 1 8
fre 2260 7700 11 179 179
fre 2300 7700 11 179 179
lay 2392 7688 28 0 179
fre 2396 7708 11 179 179
fre 2452 7708 11 179 179
tree 2648 7688 50 0 179
tree 2680 7704 19 0 179
tree 2792 7688 43 0 179
tree 2792 7704 25 0 179
tree 2872 7688 58 0 179
lay 2952 7688 65 0 179
stand 2952 7704 2 0 179
trop 3076 7684 48 179 179
stand 3112 7704 230 0 179
stand 3352 7688 179 0 179
zabor 3376 7696 64 1 8
lay 3896 7688 7 0 179
fre 3932 7684 26 179 179
fre 3956 7700 23 179 179
fre 3940 7708 26 179 179
fre 3940 7700 19 179 179
fre 4028 7708 23 179 179
fre 4036 7684 19 179 179
fre 4188 7708 15 179 179
fre 4212 7700 11 179 179
fre 4220 7684 11 179 179
fre 4268 7692 11 179 179
fre 4292 7684 11 179 179
lay 4392 7688 61 0 179
fre 4540 7708 15 179 179
fre 4564 7700 11 179 179
fre 4572 7684 11 179 179
fre 4620 7692 11 179 179
fre 4644 7684 11 179 179
lay 4744 7688 61 0 179
trop 5492 7692 68 179 179
fre 5924 7700 8 179 179
fre 5956 7700 15 179 179
fre 6020 7700 15 179 179
fre 6348 7684 14 179 179
fre 6372 7692 11 179 179
fre 6380 7700 11 179 179
fre 6404 7684 14 179 179
fre 6412 7684 11 179 179
fre 6484 7692 11 179 179
fre 6828 7684 11 179 179
fre 6956 7684 11 179 179
lay 7016 7688 28 0 179
lay 7144 7688 28 0 179
lay 7416 7688 61 0 179
lay 7432 7688 61 0 179
lay 7544 7704 61 0 179
lay 7640 7688 61 0 179
lay 7768 7688 61 0 179
lay 7784 7688 61 0 179
lay 7896 7704 61 0 179
lay 7992 7688 61 0 179
tree 120 7736 50 0 179
tree 104 7736 59 0 179
tree 152 7720 11 0 179
tree 168 7736 35 0 179
lay 296 7720 61 0 179
fre 1116 7740 15 179 179
fre 1140 7732 11 179 179
fre 1148 7716 11 179 179
fre 1196 7724 11 179 179
fre 1220 7716 11 179 179
lay 1320 7720 61 0 179
tree 1832 7736 27 0 179
lay 1960 7736 61 0 179
zabor 2160 7728 66 1 8
fre 2268 7740 15 179 179
fre 2292 7732 11 179 179
fre 2300 7716 11 179 179
fre 2348 7724 11 179 179
fre 2372 7716 11 179 179
lay 2472 7720 61 0 179
tree 2584 7720 57 0 179
tree 2680 7720 44 0 179
tree 2680 7736 57 0 179
tree 2664 7720 11 0 179
tree 2712 7736 21 0 179
tree 2696 7736 35 0 179
tree 2808 7736 21 0 179
tree 2808 7720 27 0 179
tree 2792 7720 12 0 179
tree 2872 7736 4 0 179
tree 2872 7720 58 0 179
stand 3160 7736 23 0 179
stand 3320 7736 188 0 179
stand 3336 7720 185 0 179
stand 3352 7720 184 0 179
zabor 3376 7728 65 1 8
trop 3828 7740 122 179 179
lay 3896 7720 5 0 179
fre 3956 7740 26 179 179
fre 3972 7732 26 179 179
fre 4036 7716 27 179 179
fre 4148 7740 11 179 179
fre 4196 7740 11 179 179
fre 4276 7724 11 179 179
fre 4292 7724 11 179 179
fre 4292 7740 11 179 179
lay 4312 7720 61 0 179
fre 4404 7740 11 179 179
fre 4500 7740 11 179 179
fre 4548 7740 11 179 179
fre 4628 7724 11 179 179
fre 4644 7724 11 179 179
fre 4644 7740 11 179 179
lay 4664 7720 61 0 179
fre 4756 7740 11 179 179
tree 5704 7736 29 0 179
tree 6344 7720 35 0 179
fre 6844 7716 11 179 179
fre 6884 7716 11 179 179
fre 6916 7724 11 179 179
fre 6972 7716 11 179 179
fre 6980 7732 11 179 179
fre 6988 7724 11 179 179
fre 6988 7716 11 179 179
fre 7012 7716 11 179 179
fre 7052 7740 11 179 179
fre 7044 7724 11 179 179
fre 7108 7732 11 179 179
fre 7116 7724 11 179 179
fre 7116 7716 11 179 179
fre 7180 7740 11 179 179
lay 7432 7720 61 0 179
lay 7448 7736 61 0 179
lay 7640 7720 61 0 179
lay 7784 7720 61 0 179
lay 7800 7736 61 0 179
lay 7992 7720 61 0 179
tree 184 7752 44 0 179
tree 200 7768 2 0 179
lay 248 7752 61 0 179
fre 276 7764 15 179 179
lay 776 7752 63 0 179
fre 892 7756 6 179 179
fre 876 7748 11 179 179
fre 900 7764 11 179 179
dom 928 7744 298 0 179
fre 1076 7772 11 179 179
fre 1124 7772 11 179 179
fre 1204 7756 11 179 179
fre 1220 7756 11 179 179
fre 1220 7772 11 179 179
lay 1240 7752 61 0 179
fre 1332 7772 11 179 179
tree 1832 7752 13 0 179
tree 1832 7768 57 0 179
trop 2100 7764 48 179 179
zabor 2160 7760 66 1 8
fre 2228 7772 11 179 179
fre 2276 7772 11 179 179
fre 2356 7756 11 179 179
fre 2372 7756 11 179 179
fre 2372 7772 11 179 179
lay 2392 7752 61 0 179
fre 2484 7772 11 179 179
tree 2536 7768 35 0 179
tree 2584 7768 19 0 179
tree 2600 7768 27 0 179
tree 2632 7768 51 0 179
tree 2680 7752 50 0 179
tree 2712 7752 35 0 179
tree 2696 7752 2 0 179
tree 2744 7768 17 0 179
tree 2792 7752 19 0 179
zabor 2928 7760 104 2 8
stand 3064 7752 246 0 179
trop 3076 7756 48 179 179
trop 3076 7764 48 179 179
trop 3196 7764 43 179 179
trop 3244 7756 48 179 179
stand 3352 7752 186 0 179
zabor 3376 7760 64 1 8
fre 3948 7772 26 179 179
fre 3996 7764 20 179 179
fre 4036 7772 26 179 179
fre 4156 7764 11 179 179
fre 4156 7756 15 179 179
fre 4164 7764 11 179 179
fre 4276 7756 11 179 179
fre 4508 7764 11 179 179
fre 4508 7756 15 179 179
fre 4516 7764 11 179 179
fre 4628 7756 11 179 179
trop 5492 7772 68 179 179
tree 5720 7768 36 0 179
tree 5704 7752 40 0 179
tree 5736 7768 28 0 179
tree 6360 7768 59 0 179
tree 6360 7752 51 0 179
trop 6716 7748 67 179 179
fre 6820 7772 11 179 179
fre 6828 7756 15 179 179
fre 6884 7772 11 179 179
fre 6884 7748 11 179 179
fre 6932 7748 11 179 179
fre 6948 7772 11 179 179
fre 6956 7756 15 179 179
fre 7012 7772 11 179 179
fre 7012 7748 11 179 179
fre 7044 7756 11 179 179
fre 7060 7748 11 179 179
fre 7172 7756 11 179 179
lay 7448 7768 61 0 179
lay 7800 7768 61 0 179
tree 8056 7752 50 0 179
tree 120 7800 19 0 179
tree 216 7800 2 0 179
tree 216 7784 58 0 179
tree 200 7784 51 0 179
fre 324 7804 15 179 179
lay 520 7800 63 0 179
lay 616 7800 28 0 179
fre 884 7804 15 179 179
fre 900 7780 6 179 179
fre 948 7804 11 179 179
fre 988 7788 6 179 179
fre 1012 7780 6 179 179
fre 1036 7804 15 179 179
fre 1036 7788 15 179 179
fre 1044 7788 15 179 179
fre 1084 7796 11 179 179
fre 1084 7788 15 179 179
fre 1092 7796 11 179 179
fre 1204 7788 11 179 179
tree 1832 7784 57 0 179
tree 1832 7800 11 0 179
lay 1960 7800 61 0 179
zabor 2160 7792 64 1 8
fre 2236 7796 11 179 179
fre 2236 7788 15 179 179
fre 2244 7796 11 179 179
fre 2356 7788 11 179 179
tree 2584 7784 19 0 179
tree 2584 7800 11 0 179
tree 2616 7784 35 0 179
tree 2632 7784 11 0 179
tree 2648 7800 3 0 179
tree 2744 7784 17 0 179
tree 2840 7784 50 0 179
zabor 2928 7792 105 2 8
lay 2920 7784 60 0 179
zabor 3376 7792 65 1 8
vor 3836 7796 49 179 179
fre 4364 7780 15 179 179
lay 4392 7784 28 0 179
fre 4716 7780 15 179 179
lay 4744 7784 28 0 179
zabor 5552 7792 65 1 8
tree 5752 7800 40 0 179
tree 5736 7800 52 0 179
tree 5736 7784 37 0 179
fre 6836 7796 11 179 179
fre 6876 7796 11 179 179
lay 6968 7784 28 0 179
fre 6972 7804 11 179 179
fre 6964 7796 11 179 179
fre 7004 7796 11 179 179
fre 7028 7804 11 179 179
lay 7096 7784 28 0 179
fre 7100 7804 11 179 179
fre 7156 7804 11 179 179
tree 7992 7784 57 0 179
tree 120 7816 59 0 179
tree 216 7832 58 0 179
tree 216 7816 21 0 179
tree 232 7832 59 0 179
fre 228 7828 15 179 179
lay 280 7816 61 0 179
fre 284 7828 15 179 179
lay 536 7832 61 0 179
lay 840 7832 63 0 179
fre 876 7812 11 179 179
fre 884 7836 15 179 179
fre 868 7828 15 179 179
tree 904 7832 36 0 179
fre 916 7820 15 179 179
fre 940 7836 6 179 179
fre 940 7820 15 179 179
fre 972 7820 11 179 179
fre 972 7828 15 179 179
fre 980 7820 15 179 179
fre 980 7812 15 179 179
fre 1004 7828 15 179 179
fre 1020 7820 15 179 179
fre 1020 7812 15 179 179
fre 1036 7836 11 179 179
fre 1044 7820 15 179 179
fre 1028 7820 15 179 179
fre 1292 7812 15 179 179
lay 1320 7816 28 0 179
tree 1848 7832 13 0 179
zabor 2160 7824 64 1 8
fre 2444 7812 15 179 179
lay 2472 7816 28 0 179
tree 2648 7816 26 0 179
tree 2792 7832 59 0 179
tree 2824 7816 57 0 179
tree 2840 7832 4 0 179
zabor 2928 7824 104 2 8
trop 3076 7836 48 179 179
trop 3244 7836 48 179 179
dom 3296 7808 227 0 179
zabor 3376 7824 65 1 8
fre 4156 7812 11 179 179
fre 4196 7836 11 179 179
fre 4196 7812 11 179 179
fre 4212 7836 11 179 179
fre 4308 7828 11 179 179
fre 4332 7828 11 179 179
fre 4348 7836 11 179 179
fre 4332 7836 15 179 179
fre 4364 7828 15 179 179
fre 4412 7828 11 179 179
fre 4428 7836 11 179 179
fre 4436 7836 11 179 179
fre 4420 7828 15 179 179
fre 4508 7812 11 179 179
fre 4548 7836 11 179 179
fre 4548 7812 11 179 179
fre 4564 7836 11 179 179
fre 4660 7828 11 179 179
fre 4684 7828 11 179 179
fre 4700 7836 11 179 179
fre 4684 7836 15 179 179
fre 4716 7828 15 179 179
fre 4764 7828 11 179 179
fre 4780 7836 11 179 179
fre 4788 7836 11 179 179
fre 4772 7828 15 179 179
zabor 5552 7824 27 0 8
tree 5752 7832 37 0 179
tree 5752 7816 26 0 179
tree 6376 7832 19 0 179
tree 6376 7816 44 0 179
fre 6844 7836 15 179 179
fre 6868 7828 11 179 179
fre 6876 7812 11 179 179
fre 6924 7820 11 179 179
fre 6948 7812 11 179 179
fre 6972 7836 15 179 179
fre 6996 7828 11 179 179
fre 7004 7812 11 179 179
lay 7048 7816 61 0 179
fre 7052 7820 11 179 179
fre 7076 7812 11 179 179
lay 7176 7816 61 0 179
lay 7400 7816 61 0 179
lay 7576 7832 61 0 179
lay 7752 7816 61 0 179
lay 7928 7832 61 0 179
tree 7944 7832 35 0 179
tree 7992 7832 19 0 179
tree 8008 7832 27 0 179
tree 8040 7832 51 0 179
tree 168 7848 19 0 179
tree 216 7864 35 0 179
lay 312 7848 61 0 179
lay 760 7848 61 0 179
fre 884 7860 11 179 179
fre 908 7868 15 179 179
fre 916 7844 30 179 179
lay 952 7864 65 0 179
fre 972 7844 11 179 179
fre 1004 7860 32 179 179
fre 1084 7844 11 179 179
fre 1124 7868 11 179 179
fre 1124 7844 11 179 179
fre 1140 7868 11 179 179
fre 1236 7860 11 179 179
fre 1260 7860 11 179 179
fre 1276 7868 11 179 179
fre 1260 7868 15 179 179
fre 1292 7860 15 179 179
fre 1340 7860 11 179 179
fre 1356 7868 11 179 179
fre 1364 7868 11 179 179
fre 1348 7860 15 179 179
tree 1832 7864 57 0 179
tree 1848 7848 2 0 179
tree 1864 7864 44 0 179
trop 2100 7844 48 179 179
zabor 2160 7856 65 1 8
fre 2236 7844 11 179 179
fre 2276 7868 11 179 179
fre 2276 7844 11 179 179
fre 2292 7868 11 179 179
fre 2388 7860 11 179 179
fre 2412 7860 11 179 179
fre 2428 7868 11 179 179
fre 2412 7868 15 179 179
fre 2444 7860 15 179 179
fre 2492 7860 11 179 179
fre 2508 7868 11 179 179
fre 2516 7868 11 179 179
fre 2500 7860 15 179 179
tree 2664 7864 27 0 179
tree 2744 7848 12 0 179
tree 2744 7864 52 0 179
tree 2728 7864 9 0 179
tree 2792 7864 50 0 179
tree 2792 7848 21 0 179
zabor 2928 7856 105 2 8
dom 3040 7840 116 0 179
trop 3076 7844 48 179 179
trop 3148 7852 42 179 179
trop 3348 7860 6 179 179
zabor 3376 7856 64 1 8
fre 4156 7844 11 179 179
fre 4156 7860 15 179 179
fre 4212 7852 11 179 179
fre 4316 7844 11 179 179
fre 4316 7868 15 179 179
fre 4324 7844 11 179 179
fre 4340 7852 11 179 179
lay 4328 7864 61 0 179
lay 4376 7864 28 0 179
fre 4428 7852 11 179 179
fre 4468 7860 11 179 179
fre 4460 7852 11 179 179
fre 4508 7844 11 179 179
fre 4508 7860 11 179 179
fre 4564 7852 11 179 179
fre 4668 7844 11 179 179
fre 4668 7868 15 179 179
fre 4676 7844 11 179 179
fre 4692 7852 11 179 179
lay 4680 7864 61 0 179
lay 4728 7864 28 0 179
fre 4780 7852 11 179 179
fre 4820 7860 11 179 179
fre 4812 7852 11 179 179
fre 4860 7860 11 179 179
tree 5192 7864 20 0 179
tree 5208 7848 20 0 179
fre 5212 7860 11 179 179
stand 5272 7864 27 0 179
stand 5256 7864 27 0 179
tree 5256 7848 29 0 179
tree 5272 7848 12 0 179
stand 5288 7864 27 0 179
fre 5300 7868 11 179 179
tree 5336 7848 36 0 179
tree 5320 7864 9 0 179
stand 5416 7864 176 0 179
trop 5492 7852 68 179 179
zabor 5552 7856 65 1 8
tree 5752 7864 40 0 179
tree 5752 7848 28 0 179
trop 6716 7844 67 179 179
fre 6804 7868 11 179 179
fre 6852 7868 11 179 179
fre 6932 7852 11 179 179
fre 6932 7868 11 179 179
fre 6948 7852 11 179 179
fre 6948 7868 11 179 179
lay 6968 7848 61 0 179
fre 6980 7868 11 179 179
fre 7060 7868 11 179 179
fre 7060 7852 11 179 179
fre 7076 7852 11 179 179
fre 7076 7868 11 179 179
lay 7096 7848 61 0 179
fre 7188 7868 11 179 179
lay 7464 7848 61 0 179
lay 7640 7864 61 0 179
lay 7816 7848 61 0 179
tree 7992 7848 19 0 179
tree 7992 7864 11 0 179
lay 7992 7864 61 0 179
tree 8024 7848 35 0 179
tree 8040 7848 11 0 179
tree 8056 7864 3 0 179
tree 168 7880 57 0 179
tree 232 7896 50 0 179
tree 232 7880 19 0 179
fre 348 7876 15 179 179
lay 584 7896 28 0 179
fre 996 7884 11 179 179
fre 1036 7900 11 179 179
fre 1044 7884 11 179 179
fre 1084 7876 11 179 179
fre 1084 7892 15 179 179
fre 1140 7884 11 179 179
fre 1244 7876 11 179 179
fre 1244 7900 15 179 179
fre 1252 7876 11 179 179
fre 1268 7884 11 179 179
lay 1256 7896 61 0 179
lay 1304 7896 28 0 179
fre 1356 7884 11 179 179
fre 1396 7892 11 179 179
fre 1388 7884 11 179 179
fre 1436 7892 11 179 179
tree 1832 7896 21 0 179
tree 1864 7896 44 0 179
lay 1960 7880 61 0 179
zabor 2160 7888 65 1 8
fre 2236 7876 11 179 179
fre 2236 7892 15 179 179
fre 2292 7884 11 179 179
fre 2396 7876 11 179 179
fre 2396 7900 15 179 179
fre 2404 7876 11 179 179
fre 2420 7884 11 179 179
lay 2408 7896 61 0 179
lay 2456 7896 28 0 179
fre 2508 7884 11 179 179
fre 2548 7892 11 179 179
fre 2540 7884 11 179 179
fre 2588 7892 11 179 179
tree 2664 7896 11 0 179
tree 2664 7880 35 0 179
tree 2680 7896 4 0 179
tree 2744 7880 50 0 179
zabor 2928 7888 104 2 8
trop 2972 7892 75 179 179
stand 2968 7880 2 0 179
trop 3004 7900 75 179 179
trop 2988 7892 75 179 179
trop 3308 7900 5 179 179
stand 3320 7880 181 0 179
zabor 3376 7888 66 1 8
fre 4148 7892 11 179 179
fre 4220 7876 11 179 179
fre 4316 7900 15 179 179
fre 4308 7884 15 179 179
fre 4500 7892 11 179 179
fre 4508 7876 11 179 179
fre 4516 7876 11 179 179
fre 4572 7876 11 179 179
fre 4668 7900 15 179 179
fre 4660 7884 15 179 179
fre 4860 7876 11 179 179
fre 4868 7876 11 179 179
fre 5212 7884 11 179 179
tree 5224 7880 20 0 179
dom 5280 7872 86 0 179
stand 5336 7896 157 0 179
fre 5324 7900 11 179 179
fre 5316 7900 11 179 179
stand 5368 7896 157 0 179
stand 5352 7896 157 0 179
tree 5352 7880 37 0 179
tree 5368 7880 28 0 179
zabor 5552 7888 28 0 8
tree 6344 7896 50 0 179
tree 6360 7896 59 0 179
tree 6360 7880 11 0 179
fre 6812 7892 11 179 179
fre 6812 7884 15 179 179
fre 6820 7892 11 179 179
fre 6932 7884 11 179 179
fre 6940 7892 11 179 179
fre 6940 7884 15 179 179
fre 6948 7892 11 179 179
fre 7060 7884 11 179 179
lay 7400 7880 61 0 179
lay 7672 7880 61 0 179
lay 7752 7880 61 0 179
lay 8024 7880 61 0 179
tree 8056 7880 26 0 179
tree 120 7912 35 0 179
tree 120 7928 50 0 179
tree 200 7912 44 0 179
tree 248 7928 2 0 179
lay 616 7928 61 0 179
fre 924 7932 15 179 179
fre 932 7924 15 179 179
fre 988 7932 11 179 179
fre 1076 7924 11 179 179
fre 1148 7908 11 179 179
fre 1244 7932 15 179 179
fre 1236 7916 15 179 179
fre 1436 7908 11 179 179
fre 1444 7908 11 179 179
tree 1848 7928 19 0 179
tree 1864 7912 58 0 179
tree 1864 7928 19 0 179
lay 1976 7912 61 0 179
trop 2100 7924 48 179 179
zabor 2160 7920 64 1 8
fre 2228 7924 11 179 179
fre 2300 7908 11 179 179
fre 2396 7932 15 179 179
fre 2388 7916 15 179 179
fre 2588 7908 11 179 179
fre 2596 7908 11 179 179
tree 2680 7912 50 0 179
tree 2760 7928 2 0 179
zabor 2928 7920 104 2 8
lay 2952 7928 67 0 179
trop 3004 7932 75 179 179
trop 3076 7916 48 179 179
trop 3076 7924 48 179 179
trop 3204 7924 48 179 179
trop 3244 7916 48 179 179
zabor 3376 7920 65 1 8
fre 4180 7924 11 179 179
fre 4164 7916 11 179 179
fre 4308 7932 11 179 179
fre 4308 7916 11 179 179
fre 4332 7908 15 179 179
fre 4500 7932 11 179 179
fre 4508 7908 11 179 179
fre 4532 7924 11 179 179
fre 4516 7916 11 179 179
fre 4660 7932 11 179 179
fre 4660 7916 11 179 179
fre 4684 7908 15 179 179
fre 4852 7932 11 179 179
fre 4860 7908 11 179 179
fre 5236 7908 11 179 179
fre 5268 7908 11 179 179
fre 5308 7908 11 179 179
fre 5300 7924 11 179 179
fre 5284 7932 11 179 179
stand 5336 7912 159 0 179
stand 5352 7912 158 0 179
stand 5368 7912 156 0 179
trop 5492 7932 68 179 179
zabor 5552 7920 65 1 8
tree 5720 7928 26 0 179
tree 5736 7912 18 0 179
tree 6344 7912 59 0 179
fre 7020 7908 15 179 179
lay 7048 7912 28 0 179
fre 7148 7908 15 179 179
lay 7176 7912 28 0 179
lay 7480 7912 61 0 179
lay 7832 7912 61 0 179
tree 136 7960 51 0 179
tree 152 7960 27 0 179
tree 200 7960 50 0 179
tree 200 7944 58 0 179
tree 248 7960 2 0 179
tree 344 7944 49 0 179
tree 328 7960 17 0 179
lay 504 7944 28 0 179
lay 792 7944 61 0 179
fre 932 7940 15 179 179
fre 948 7964 15 179 179
dom 960 7936 310 0 179
fre 964 7956 11 179 179
fre 1108 7956 11 179 179
fre 1092 7948 11 179 179
fre 1236 7964 11 179 179
fre 1236 7948 11 179 179
fre 1260 7940 15 179 179
fre 1428 7964 11 179 179
fre 1436 7940 11 179 179
tree 1880 7960 58 0 179
tree 1864 7944 51 0 179
lay 1992 7944 61 0 179
fre 1988 7956 15 179 179
zabor 2160 7952 64 1 8
fre 2260 7956 11 179 179
fre 2244 7948 11 179 179
fre 2388 7964 11 179 179
fre 2388 7948 11 179 179
fre 2412 7940 15 179 179
fre 2580 7964 11 179 179
fre 2588 7940 11 179 179
tree 2728 7944 35 0 179
tree 2760 7944 43 0 179
zabor 2928 7952 104 2 8
fre 2956 7956 11 179 179
trop 3132 7940 43 179 179
stand 3112 7960 54 0 179
trop 3348 7964 6 179 179
zabor 3376 7952 65 1 8
fre 4260 7948 11 179 179
fre 4276 7964 11 179 179
lay 4312 7944 28 0 179
fre 4292 7956 11 179 179
fre 4308 7948 11 179 179
fre 4308 7964 15 179 179
fre 4324 7964 15 179 179
fre 4396 7948 11 179 179
fre 4436 7964 11 179 179
fre 4428 7964 11 179 179
fre 4508 7964 11 179 179
fre 4612 7948 11 179 179
fre 4628 7964 11 179 179
lay 4664 7944 28 0 179
fre 4644 7956 11 179 179
fre 4660 7948 11 179 179
fre 4660 7964 15 179 179
fre 4676 7964 15 179 179
fre 4748 7948 11 179 179
fre 4788 7964 11 179 179
fre 4780 7964 11 179 179
fre 4860 7964 11 179 179
stand 5304 7944 149 0 179
trop 5492 7964 68 179 179
zabor 5552 7952 26 0 8
tree 5720 7944 60 0 179
tree 6344 7944 27 0 179
trop 6716 7940 67 179 179
fre 6812 7940 11 179 179
fre 6852 7964 11 179 179
fre 6852 7940 11 179 179
fre 6868 7964 11 179 179
fre 6940 7940 11 179 179
fre 6964 7956 11 179 179
fre 6988 7956 11 179 179
fre 7004 7964 11 179 179
fre 6988 7964 15 179 179
fre 6980 7964 11 179 179
fre 6980 7940 11 179 179
fre 6996 7964 11 179 179
fre 7020 7956 15 179 179
fre 7068 7956 11 179 179
fre 7084 7964 11 179 179
fre 7092 7964 11 179 179
fre 7076 7956 15 179 179
fre 7092 7956 11 179 179
fre 7116 7956 11 179 179
fre 7132 7964 11 179 179
fre 7116 7964 15 179 179
fre 7148 7956 15 179 179
fre 7196 7956 11 179 179
fre 7212 7964 11 179 179
fre 7220 7964 11 179 179
fre 7204 7956 15 179 179
lay 7400 7960 61 0 179
lay 7656 7944 61 0 179
lay 7752 7960 61 0 179
lay 8008 7944 61 0 179
tree 152 7976 59 0 179
tree 200 7976 11 0 179
tree 264 7992 13 0 179
tree 328 7992 18 0 179
tree 376 7992 28 0 179
tree 376 7976 40 0 179
fre 388 7988 11 179 179
fre 404 7996 11 179 179
fre 916 7996 11 179 179
fre 916 7972 15 179 179
fre 1188 7980 11 179 179
fre 1204 7996 11 179 179
lay 1240 7976 28 0 179
fre 1220 7988 11 179 179
fre 1236 7980 11 179 179
fre 1236 7996 15 179 179
fre 1252 7996 15 179 179
fre 1324 7980 11 179 179
fre 1364 7996 11 179 179
fre 1356 7996 11 179 179
fre 1436 7996 11 179 179
tree 1848 7992 50 0 179
tree 1880 7976 2 0 179
tree 1896 7992 11 0 179
tree 1896 7976 2 0 179
zabor 2160 7984 65 1 8
fre 2340 7980 11 179 179
fre 2356 7996 11 179 179
lay 2392 7976 28 0 179
fre 2372 7988 11 179 179
fre 2388 7980 11 179 179
fre 2388 7996 15 179 179
fre 2404 7996 15 179 179
fre 2476 7980 11 179 179
fre 2516 7996 11 179 179
fre 2508 7996 11 179 179
fre 2588 7996 11 179 179
cliff 2944 7968 47 179 179
lay 2968 7992 67 0 179
fre 2964 7980 11 179 179
fre 2996 7988 11 179 179
fre 2988 7980 11 179 179
trop 3076 7996 48 179 179
trop 3244 7996 48 179 179
dom 3296 7968 227 0 179
zabor 3376 7984 65 1 8
fre 4412 7988 11 179 179
lay 4408 7976 61 0 179
fre 4460 7988 11 179 179
fre 4460 7972 11 179 179
fre 4508 7988 11 179 179
fre 4764 7988 11 179 179
lay 4760 7976 61 0 179
fre 4812 7988 11 179 179
fre 4812 7972 11 179 179
fre 4860 7988 11 179 179
stand 5272 7992 180 0 179
zabor 5552 7984 65 1 8
tree 5688 7976 25 0 179
tree 6328 7992 35 0 179
tree 6328 7976 13 0 179
fre 6812 7972 11 179 179
fre 6812 7988 15 179 179
fre 6868 7980 11 179 179
fre 6940 7972 11 179 179
fre 6940 7988 15 179 179
fre 6972 7972 11 179 179
fre 6972 7996 15 179 179
fre 6980 7972 11 179 179
lay 6984 7992 61 0 179
fre 6996 7980 11 179 179
lay 7032 7992 28 0 179
fre 7084 7980 11 179 179
fre 7100 7972 11 179 179
fre 7100 7996 15 179 179
fre 7124 7988 11 179 179
fre 7116 7980 11 179 179
fre 7108 7972 11 179 179
fre 7124 7980 11 179 179
lay 7112 7992 61 0 179
fre 7164 7988 11 179 179
lay 7160 7992 28 0 179
fre 7212 7980 11 179 179
fre 7252 7988 11 179 179
fre 7244 7980 11 179 179
fre 7292 7988 11 179 179
lay 7416 7992 61 0 179
lay 7576 7976 61 0 179
lay 7768 7992 61 0 179
lay 7928 7976 61 0 179
tree 280 8024 35 0 179
tree 280 8008 58 0 179
tree 328 8008 49 0 179
tree 376 8008 26 0 179
tree 376 8024 29 0 179
tree 408 8024 52 0 179
fre 404 8028 11 179 179
fre 404 8012 11 179 179
fre 396 8004 11 179 179
fre 420 8020 11 179 179
fre 908 8020 11 179 179
fre 948 8028 15 179 179
fre 988 8028 15 179 179
lay 968 8008 65 0 179
fre 1340 8020 11 179 179
lay 1336 8008 61 0 179
fre 1388 8020 11 179 179
fre 1388 8004 11 179 179
fre 1436 8020 11 179 179
tree 1720 8008 59 0 179
tree 1736 8008 43 0 179
tree 1784 8008 44 0 179
tree 1768 8008 27 0 179
tree 1816 8008 44 0 179
tree 1800 8008 13 0 179
tree 1832 8024 13 0 179
tree 1832 8008 21 0 179
tree 1912 8024 59 0 179
tree 1912 8008 59 0 179
tree 1928 8024 27 0 179
trop 2100 8004 48 179 179
zabor 2160 8016 66 1 8
fre 2492 8020 11 179 179
lay 2488 8008 61 0 179
fre 2540 8020 11 179 179
fre 2540 8004 11 179 179
fre 2588 8020 11 179 179
lay 2856 8024 21 0 179
cliff 2944 8000 46 179 179
fre 2988 8012 11 179 179
trop 3012 8004 75 179 179
trop 3076 8004 48 179 179
trop 3084 8020 42 179 179
trop 3204 8004 48 179 179
zabor 3376 8016 64 1 8
fre 4372 8004 11 179 179
fre 4436 8012 11 179 179
fre 4460 8020 11 179 179
fre 4724 8004 11 179 179
fre 4788 8012 11 179 179
fre 4812 8020 11 179 179
stand 5224 8024 184 0 179
stand 5256 8024 181 0 179
stand 5272 8008 180 0 179
trop 5492 8028 68 179 179
zabor 5552 8016 30 0 8
tree 5672 8024 25 0 179
tree 6328 8008 57 0 179
trop 6716 8028 67 179 179
fre 6804 8020 11 179 179
fre 6876 8004 11 179 179
fre 6932 8020 11 179 179
fre 6972 8028 15 179 179
fre 6964 8012 15 179 179
fre 7004 8004 11 179 179
fre 7100 8028 15 179 179
fre 7092 8012 15 179 179
fre 7164 8004 11 179 179
fre 7172 8004 11 179 179
fre 7292 8004 11 179 179
fre 7300 8004 11 179 179
lay 7640 8008 61 0 179
lay 7992 8008 61 0 179
tree 136 8040 4 0 179
tree 136 8056 35 0 179
tree 152 8056 44 0 179
tree 296 8056 11 0 179
tree 296 8040 58 0 179
lay 344 8040 50 0 179
tree 328 8040 11 0 179
tree 344 8040 51 0 179
fre 348 8052 11 179 179
fre 340 8052 11 179 179
fre 324 8044 11 179 179
tree 376 8056 57 0 179
fre 380 8044 11 179 179
fre 412 8060 29 179 179
lay 408 8056 50 0 179
fre 388 8052 11 179 179
fre 388 8036 11 179 179
fre 404 8036 11 179 179
fre 404 8052 11 179 179
fre 420 8044 11 179 179
fre 916 8044 11 179 179
fre 948 8060 11 179 179
tree 968 8040 12 0 179
fre 1012 8060 11 179 179
fre 1300 8036 11 179 179
fre 1364 8044 11 179 179
fre 1388 8052 11 179 179
tree 1784 8040 35 0 179
tree 1784 8056 21 0 179
tree 1800 8040 27 0 179
tree 1800 8056 57 0 179
tree 1816 8056 2 0 179
tree 1816 8040 57 0 179
tree 1832 8056 51 0 179
tree 1832 8040 35 0 179
tree 1928 8056 35 0 179
tree 1928 8040 11 0 179
zabor 2160 8048 64 1 8
fre 2452 8036 11 179 179
fre 2516 8044 11 179 179
fre 2540 8052 11 179 179
cliff 2944 8032 46 179 179
lay 2968 8056 67 0 179
fre 2996 8044 11 179 179
trop 3012 8052 75 179 179
trop 3252 8044 51 179 179
stand 3288 8040 184 0 179
stand 3272 8040 180 0 179
stand 3304 8056 181 0 179
stand 3320 8040 185 0 179
zabor 3376 8048 65 1 8
fre 5004 8060 11 179 179
fre 4996 8044 11 179 179
fre 5020 8060 11 179 179
fre 5044 8036 32 179 179
tree 5032 8040 27 0 179
fre 5244 8044 11 179 179
zabor 5552 8048 65 1 8
tree 5688 8040 26 0 179
tree 5672 8040 12 0 179
tree 5704 8040 40 0 179
tree 6328 8056 43 0 179
tree 6328 8040 58 0 179
tree 6344 8056 51 0 179
fre 6836 8052 11 179 179
fre 6820 8044 11 179 179
fre 6964 8060 11 179 179
fre 6964 8044 11 179 179
fre 6964 8052 11 179 179
fre 6948 8044 11 179 179
fre 6988 8036 15 179 179
fre 7092 8060 11 179 179
fre 7092 8044 11 179 179
fre 7116 8036 15 179 179
fre 7156 8060 11 179 179
fre 7164 8036 11 179 179
fre 7284 8060 11 179 179
fre 7292 8036 11 179 179
lay 7464 8040 61 0 179
lay 7592 8040 61 0 179
lay 7816 8040 61 0 179
lay 7944 8040 61 0 179
tree 184 8072 19 0 179
tree 216 8072 11 0 179
tree 232 8072 44 0 179
tree 248 8072 59 0 179
tree 312 8088 13 0 179
tree 312 8072 11 0 179
fre 372 8076 11 179 179
fre 356 8076 11 179 179
fre 388 8068 11 179 179
fre 964 8068 11 179 179
tree 1720 8072 19 0 179
tree 1736 8072 2 0 179
tree 1768 8072 21 0 179
tree 1864 8072 11 0 179
tree 1896 8088 50 0 179
tree 1944 8088 57 0 179
tree 1928 8088 27 0 179
tree 1960 8088 59 0 179
trop 2100 8084 48 179 179
zabor 2160 8080 64 1 8
cliff 2944 8064 46 179 179
trop 3076 8076 48 179 179
trop 3076 8084 48 179 179
trop 3212 8092 51 179 179
stand 3240 8088 22 0 179
stand 3288 8072 189 0 179
stand 3320 8072 188 0 179
trop 3348 8068 6 179 179
zabor 3376 8080 64 1 8
fre 5060 8076 11 179 179
tree 6328 8072 21 0 179
tree 6344 8072 11 0 179
fre 6916 8076 11 179 179
fre 6932 8092 11 179 179
lay 6968 8072 28 0 179
fre 6948 8084 11 179 179
fre 6964 8076 11 179 179
fre 6964 8092 15 179 179
fre 6980 8092 15 179 179
fre 7052 8076 11 179 179
fre 7044 8076 11 179 179
fre 7060 8092 11 179 179
fre 7084 8092 11 179 179
lay 7096 8072 28 0 179
fre 7076 8084 11 179 179
fre 7092 8076 11 179 179
fre 7092 8092 15 179 179
fre 7108 8092 15 179 179
fre 7164 8092 11 179 179
fre 7180 8076 11 179 179
fre 7220 8092 11 179 179
fre 7212 8092 11 179 179
fre 7292 8092 11 179 179
lay 7544 8072 61 0 179
lay 7896 8072 61 0 179
tree 344 8104 4 0 179
tree 328 8104 13 0 179
cliff 2944 8096 53 179 179
trop 3012 8100 75 179 179
trop 3148 8100 51 179 179
trop 3324 8124 5 179 179
trop 5492 8108 68 179 179
trop 6716 8108 67 179 179
fre 7068 8116 11 179 179
lay 7064 8104 61 0 179
fre 7116 8116 11 179 179
fre 7116 8100 11 179 179
fre 7164 8116 11 179 179
fre 7196 8116 11 179 179
lay 7192 8104 61 0 179
fre 7244 8116 11 179 179
fre 7244 8100 11 179 179
fre 7292 8116 11 179 179
trop 3020 8140 75 179 179
fre 7028 8132 11 179 179
fre 7092 8140 11 179 179
fre 7116 8148 11 179 179
fre 7156 8132 11 179 179
fre 7220 8140 11 179 179
fre 7244 8148 11 179 179
trop 5492 8188 68 179 179
