trop 436 132 70 179 179
trop 468 132 70 179 179
cliff 6960 128 46 179 179
fre 7028 148 6 179 179
fre 7124 148 6 179 179
fre 7156 156 3 179 179
trop 7748 132 14 179 179
tree 3528 168 68 0 179
tree 3864 168 66 0 179
tree 3896 184 45 0 179
tree 3928 184 81 0 179
tree 3912 184 1 0 179
tree 3944 184 84 0 179
tree 4024 184 72 0 179
trop 4092 172 14 179 179
tree 4328 184 97 0 179
tree 4344 184 45 0 179
cliff 6896 176 44 179 179
tree 6936 168 71 0 179
cliff 6912 176 51 179 179
fre 6972 188 5 179 179
cliff 6944 160 45 179 179
fre 6980 164 7 179 179
fre 7076 164 7 179 179
fre 7132 188 6 179 179
fre 7188 164 3 179 179
fre 7228 180 4 179 179
trop 436 204 70 179 179
trop 468 204 70 179 179
tree 3368 216 8 0 179
tree 3432 216 35 0 179
tree 3640 216 44 0 179
tree 3768 200 72 0 179
tree 3944 200 90 0 179
tree 3992 216 82 0 179
tree 3976 216 47 0 179
tree 4280 216 75 0 179
cliff 6896 208 92 179 179
cliff 6896 192 53 179 179
fre 6932 204 6 179 179
cliff 6912 208 54 179 179
tree 7064 200 65 0 179
fre 7228 212 7 179 179
cliff 7936 208 40 179 179
cliff 7952 192 33 179 179
cliff 7936 192 32 179 179
cliff 7968 208 29 179 179
cliff 7984 192 64 179 179
tree 3256 248 62 0 179
tree 3240 248 58 0 179
tree 3288 248 8 0 179
tree 3272 248 13 0 179
tree 3320 248 0 0 179
tree 3304 248 63 0 179
tree 3336 248 91 0 179
tree 3368 232 30 0 179
tree 3384 248 87 0 179
fre 3572 252 22 179 179
tree 4024 248 24 0 179
tree 4568 248 21 0 179
tree 4568 232 95 0 179
tree 4584 232 4 0 179
tree 4600 232 71 0 179
tree 4616 232 78 0 179
tree 4728 232 51 0 179
tree 6952 248 67 0 179
cliff 6960 240 19 179 179
cliff 6976 240 17 179 179
fre 7028 228 7 179 179
fre 7084 236 3 179 179
fre 7204 236 6 179 179
fre 7252 228 4 179 179
trop 7748 228 14 179 179
cliff 7904 240 117 179 179
cliff 7920 240 115 179 179
fre 7940 236 4 179 179
fre 7948 244 7 179 179
trop 436 284 70 179 179
trop 468 284 70 179 179
tree 3384 264 95 0 179
tree 3400 280 24 0 179
trop 4092 268 14 179 179
tree 4216 280 94 0 179
tree 4232 280 2 0 179
tree 4232 264 27 0 179
tree 4248 264 25 0 179
fre 4340 268 23 179 179
tree 4520 264 83 0 179
tree 4584 264 41 0 179
cliff 7008 256 19 179 179
cliff 7024 272 23 179 179
cliff 7040 272 54 179 179
cliff 7072 272 18 179 179
tree 7112 264 55 0 179
fre 7148 268 5 179 179
fre 7252 268 6 179 179
tree 7288 264 75 0 179
fre 7556 284 14 179 179
fre 7572 268 14 179 179
fre 7604 260 14 179 179
fre 7652 284 7 179 179
fre 7932 276 14 179 179
cliff 7904 272 42 179 179
tree 3256 296 15 0 179
tree 3416 312 42 0 179
tree 3544 312 1 0 179
tree 4024 312 10 0 179
tree 4024 296 58 0 179
tree 4216 296 100 0 179
tree 4472 312 53 0 179
tree 4472 296 88 0 179
tree 4776 296 61 0 179
tree 4776 312 14 0 179
cliff 7072 288 62 179 179
fre 7228 316 3 179 179
fre 7236 308 6 179 179
fre 7540 308 14 179 179
fre 7548 308 14 179 179
fre 7580 292 14 179 179
cliff 7872 304 47 179 179
cliff 7872 288 45 179 179
fre 7956 292 3 179 179
fre 7972 316 14 179 179
tree 3448 344 6 0 179
tree 3736 344 27 0 179
tree 4024 344 70 0 179
tree 4024 328 3 0 179
tree 4184 344 36 0 179
tree 4184 328 85 0 179
tree 4456 344 34 0 179
tree 4472 328 6 0 179
tree 4632 344 72 0 179
fre 4700 324 23 179 179
tree 4776 344 63 0 179
tree 7208 328 66 0 179
fre 7524 340 14 179 179
fre 7532 340 12 179 179
tree 7560 328 75 0 179
fre 7892 332 7 179 179
cliff 7872 336 46 179 179
fre 7972 348 13 179 179
fre 8012 348 12 179 179
trop 436 364 70 179 179
trop 468 364 70 179 179
tree 3192 360 88 0 179
fre 3316 356 22 179 179
tree 3336 360 38 0 179
tree 3640 360 57 0 179
tree 3768 376 24 0 179
tree 3752 360 65 0 179
tree 3928 376 87 0 179
tree 3928 360 59 0 179
tree 4024 360 60 0 179
tree 4440 376 14 0 179
tree 4440 360 70 0 179
tree 4776 376 75 0 179
tree 7224 360 67 0 179
fre 7508 372 14 179 179
tree 7560 376 67 0 179
cliff 7584 352 59 179 179
cliff 7872 368 92 179 179
cliff 7888 368 62 179 179
fre 7980 356 12 179 179
fre 8028 372 14 179 179
fre 8044 380 7 179 179
fre 1204 412 6 179 179
tree 3144 408 8 0 179
fre 3380 404 23 179 179
tree 3496 408 74 0 179
tree 3768 392 81 0 179
tree 3784 408 84 0 179
tree 4184 408 46 0 179
tree 4184 392 46 0 179
fre 4580 396 22 179 179
fre 7500 404 14 179 179
cliff 7552 400 86 179 179
cliff 7552 384 31 179 179
trop 7748 388 14 179 179
trop 436 444 70 179 179
trop 468 444 70 179 179
fre 1252 420 7 179 179
tree 3160 424 85 0 179
tree 3512 424 48 0 179
fre 3724 428 22 179 179
tree 3816 424 35 0 179
tree 3832 440 0 0 179
tree 3816 440 40 0 179
tree 3864 440 68 0 179
tree 3848 440 27 0 179
tree 3944 440 79 0 179
tree 3944 424 74 0 179
trop 4092 428 14 179 179
tree 4200 440 65 0 179
tree 4200 424 65 0 179
tree 4424 440 85 0 179
tree 4424 424 100 0 179
fre 7484 436 3 179 179
fre 7516 420 13 179 179
tree 7544 424 10 0 179
cliff 7568 432 83 179 179
fre 1276 452 6 179 179
tree 1256 456 82 0 179
tree 1272 472 105 0 179
tree 1272 456 79 0 179
cliff 1264 464 63 179 179
tree 3224 472 72 0 179
tree 3240 472 18 0 179
tree 3624 456 43 0 179
tree 3704 472 88 0 179
tree 3688 472 26 0 179
tree 3736 472 46 0 179
tree 3720 472 33 0 179
tree 3752 472 67 0 179
tree 3832 456 83 0 179
tree 3960 472 88 0 179
tree 3944 472 75 0 179
tree 3944 456 11 0 179
tree 4216 456 97 0 179
tree 4296 472 59 0 179
tree 4440 472 66 0 179
tree 4440 456 72 0 179
tree 4760 472 5 0 179
tree 4808 472 47 0 179
fre 7476 468 14 179 179
tree 7560 456 17 0 179
cliff 7584 464 84 179 179
cliff 1280 480 115 179 179
tree 3256 488 28 0 179
tree 3320 504 22 0 179
tree 3304 488 16 0 179
tree 3352 504 29 0 179
tree 3336 504 99 0 179
tree 3368 504 34 0 179
tree 3528 488 74 0 179
tree 3528 504 63 0 179
tree 3704 504 19 0 179
tree 3832 504 56 0 179
tree 3960 488 30 0 179
trop 4092 492 14 179 179
tree 4712 504 1 0 179
tree 4728 488 27 0 179
tree 4744 488 66 0 179
tree 4760 488 97 0 179
fre 7452 508 4 179 179
fre 7532 508 13 179 179
cliff 7584 496 84 179 179
trop 436 524 70 179 179
trop 468 524 70 179 179
tree 1272 520 51 0 179
tree 1272 536 24 0 179
cliff 1264 528 47 179 179
fre 1292 532 7 179 179
cliff 1280 512 42 179 179
fre 1340 532 6 179 179
fre 1316 524 7 179 179
tree 3384 520 98 0 179
tree 3368 520 35 0 179
tree 3480 536 57 0 179
tree 3512 520 35 0 179
tree 3512 536 33 0 179
tree 3496 536 67 0 179
tree 3528 520 50 0 179
fre 4268 516 23 179 179
tree 4376 536 5 0 179
tree 4472 536 0 0 179
tree 4472 520 91 0 179
tree 4504 536 50 0 179
tree 4552 520 87 0 179
tree 4568 536 74 0 179
tree 4584 536 19 0 179
tree 4600 536 52 0 179
tree 4648 536 80 0 179
tree 4648 520 71 0 179
tree 4664 520 68 0 179
fre 7452 532 4 179 179
fre 7460 524 7 179 179
cliff 7584 528 85 179 179
trop 7748 540 14 179 179
cliff 1264 560 39 179 179
fre 1308 564 5 179 179
fre 3228 548 23 179 179
tree 3464 552 25 0 179
tree 3464 568 69 0 179
fre 3916 572 23 179 179
fre 7444 572 7 179 179
fre 7484 548 3 179 179
fre 7540 572 13 179 179
cliff 7584 560 85 179 179
trop 436 604 70 179 179
trop 468 604 70 179 179
cliff 1168 576 44 179 179
cliff 1184 576 51 179 179
fre 1244 596 6 179 179
cliff 1216 576 50 179 179
fre 1380 580 14 179 179
fre 3412 596 23 179 179
tree 4008 600 68 0 179
tree 4296 600 27 0 179
tree 4328 600 82 0 179
fre 4740 588 23 179 179
fre 7452 596 7 179 179
fre 7476 588 4 179 179
fre 7556 596 6 179 179
cliff 7584 592 31 179 179
cliff 7600 576 64 179 179
cliff 960 624 44 179 179
cliff 976 624 52 179 179
cliff 1008 624 52 179 179
cliff 1040 624 49 179 179
cliff 1072 624 51 179 179
cliff 1104 624 52 179 179
fre 1180 620 14 179 179
cliff 1152 608 40 179 179
fre 1196 612 7 179 179
fre 1332 636 14 179 179
fre 1404 628 7 179 179
tree 3256 632 33 0 179
tree 3240 632 25 0 179
tree 3288 632 28 0 179
tree 3272 632 22 0 179
tree 3864 632 77 0 179
tree 4024 632 91 0 179
tree 4024 616 108 0 179
tree 4200 632 75 0 179
tree 4280 616 22 0 179
tree 4264 632 101 0 179
tree 4296 616 78 0 179
tree 4312 616 71 0 179
fre 4580 612 23 179 179
cliff 6896 608 45 179 179
fre 6924 636 14 179 179
cliff 6912 608 123 179 179
cliff 6944 608 123 179 179
fre 7084 612 3 179 179
fre 7132 620 3 179 179
fre 7164 636 3 179 179
fre 7476 620 7 179 179
fre 7484 612 4 179 179
fre 7500 636 6 179 179
fre 7492 620 7 179 179
fre 7524 612 3 179 179
fre 7548 636 6 179 179
tree 7592 632 15 0 179
cliff 944 656 38 179 179
fre 964 668 14 179 179
fre 988 652 14 179 179
fre 1004 668 13 179 179
fre 1068 660 7 179 179
fre 1124 652 13 179 179
cliff 1440 656 65 179 179
cliff 1456 656 33 179 179
tree 3224 648 79 0 179
tree 3224 664 11 0 179
tree 3208 664 21 0 179
tree 3320 648 101 0 179
tree 3304 648 72 0 179
tree 3384 664 65 0 179
tree 3368 648 34 0 179
tree 3400 664 14 0 179
tree 3640 648 14 0 179
tree 3640 664 31 0 179
tree 3768 664 32 0 179
tree 3800 664 72 0 179
tree 3832 648 93 0 179
tree 3816 648 81 0 179
tree 3848 648 7 0 179
tree 4024 648 85 0 179
trop 4092 652 14 179 179
tree 4168 648 15 0 179
fre 4444 660 22 179 179
tree 4536 664 77 0 179
tree 4600 664 7 0 179
tree 4664 664 30 0 179
tree 4712 664 3 0 179
cliff 6848 656 44 179 179
fre 6884 668 12 179 179
cliff 6880 640 37 179 179
fre 6972 644 6 179 179
dom 6976 640 448 0 179
cliff 7024 656 60 179 179
fre 7092 644 6 179 179
fre 7188 652 3 179 179
fre 7500 644 7 179 179
fre 7516 660 7 179 179
fre 7532 644 3 179 179
fre 7548 668 7 179 179
fre 7932 660 14 179 179
fre 7956 644 14 179 179
fre 7972 660 14 179 179
fre 8020 652 14 179 179
trop 436 684 70 179 179
trop 468 684 70 179 179
cliff 912 672 44 179 179
fre 1260 676 14 179 179
fre 1404 700 7 179 179
fre 1452 692 6 179 179
cliff 1472 672 29 179 179
cliff 1488 688 35 179 179
tree 3160 696 53 0 179
tree 3464 696 61 0 179
tree 3480 696 10 0 179
tree 3784 680 47 0 179
tree 4520 696 5 0 179
tree 4536 696 61 0 179
tree 4536 680 36 0 179
tree 4648 680 15 0 179
tree 4728 680 11 0 179
tree 4744 680 95 0 179
tree 4760 680 94 0 179
tree 4776 680 92 0 179
tree 4792 680 79 0 179
tree 4824 696 53 0 179
fre 6868 700 7 179 179
cliff 6848 672 46 179 179
fre 6956 692 4 179 179
fre 7140 692 7 179 179
fre 7220 684 3 179 179
fre 7532 676 6 179 179
fre 7556 684 6 179 179
fre 7596 684 7 179 179
tree 7608 680 19 0 179
trop 7748 700 14 179 179
fre 7924 676 13 179 179
fre 8020 692 14 179 179
fre 8020 684 12 179 179
cliff 864 720 45 179 179
fre 916 716 4 179 179
cliff 896 704 38 179 179
fre 940 732 4 179 179
fre 940 708 13 179 179
fre 932 724 13 179 179
fre 1140 716 6 179 179
fre 1188 708 13 179 179
fre 1348 708 13 179 179
cliff 1504 704 30 179 179
cliff 1520 720 34 179 179
tree 3160 712 22 0 179
tree 3160 728 90 0 179
tree 3480 712 108 0 179
tree 3496 728 6 0 179
fre 3572 708 22 179 179
tree 4008 728 45 0 179
tree 4152 712 82 0 179
tree 4168 728 40 0 179
tree 4168 712 76 0 179
tree 4536 728 89 0 179
tree 4520 712 66 0 179
tree 4888 728 77 0 179
tree 4904 728 61 0 179
cliff 6848 704 48 179 179
fre 7028 708 4 179 179
fre 7052 724 4 179 179
fre 7228 724 14 179 179
fre 7300 732 14 179 179
fre 7940 708 14 179 179
fre 8044 732 6 179 179
trop 436 764 70 179 179
trop 468 764 70 179 179
cliff 864 752 62 179 179
cliff 864 736 46 179 179
fre 1020 756 13 179 179
fre 1044 740 13 179 179
fre 1100 756 12 179 179
fre 1212 740 12 179 179
fre 1268 740 6 179 179
fre 1484 748 14 179 179
cliff 1536 736 31 179 179
cliff 1552 752 34 179 179
tree 3160 744 53 0 179
tree 3144 744 21 0 179
tree 3144 760 21 0 179
fre 3260 764 22 179 179
tree 3496 744 41 0 179
tree 3512 760 104 0 179
fre 3732 740 22 179 179
fre 3908 764 22 179 179
tree 4184 760 67 0 179
tree 4184 744 46 0 179
tree 4200 760 69 0 179
tree 4344 760 7 0 179
tree 4360 760 50 0 179
fre 4764 756 23 179 179
tree 4904 744 79 0 179
tree 4920 760 102 0 179
cliff 6848 736 46 179 179
fre 6884 764 6 179 179
dom 6944 736 461 0 179
fre 6980 756 5 179 179
cliff 7088 736 64 179 179
fre 7172 748 12 179 179
fre 7204 764 14 179 179
fre 7348 756 12 179 179
fre 7372 764 14 179 179
cliff 7920 752 61 179 179
fre 7956 748 6 179 179
fre 7996 748 14 179 179
fre 1068 788 13 179 179
fre 1148 796 14 179 179
fre 1340 772 12 179 179
fre 1420 780 13 179 179
fre 1532 788 12 179 179
cliff 1568 768 30 179 179
cliff 1568 784 14 179 179
tree 3144 776 47 0 179
tree 3160 792 58 0 179
fre 3388 796 22 179 179
tree 3608 776 65 0 179
tree 3864 792 95 0 179
tree 3864 776 105 0 179
tree 4200 776 25 0 179
tree 4376 776 34 0 179
tree 4360 792 73 0 179
tree 4536 792 33 0 179
tree 4520 776 33 0 179
tree 4856 776 104 0 179
tree 4920 776 108 0 179
tree 4920 792 99 0 179
cliff 6864 784 26 179 179
cliff 6848 768 23 179 179
fre 7052 788 4 179 179
cliff 7088 768 65 179 179
fre 7212 788 14 179 179
stand 7288 792 87 0 179
stand 7288 776 87 0 179
stand 7272 776 87 0 179
stand 7272 792 87 0 179
fre 7292 796 13 179 179
fre 7412 780 12 179 179
cliff 7952 784 46 179 179
fre 1092 828 14 179 179
fre 1220 812 13 179 179
fre 1292 804 7 179 179
cliff 1584 816 33 179 179
tree 3528 808 102 0 179
tree 3544 824 99 0 179
tree 3864 824 32 0 179
tree 3864 808 61 0 179
tree 4008 824 101 0 179
trop 4092 812 14 179 179
fre 4412 812 22 179 179
tree 4536 824 38 0 179
tree 4536 808 14 0 179
fre 4660 804 22 179 179
cliff 6896 816 27 179 179
cliff 6880 800 23 179 179
fre 6932 804 7 179 179
fre 7076 820 6 179 179
fre 7364 812 6 179 179
fre 7428 812 13 179 179
fre 7468 828 12 179 179
cliff 7952 816 47 179 179
fre 7988 820 6 179 179
fre 8036 804 7 179 179
trop 436 844 70 179 179
trop 468 844 70 179 179
fre 1020 844 12 179 179
cliff 1168 848 17 179 179
cliff 1184 848 63 179 179
fre 1372 844 14 179 179
fre 1492 836 13 179 179
fre 1564 860 7 179 179
cliff 1600 832 28 179 179
cliff 1600 848 13 179 179
tree 3768 840 18 0 179
tree 3784 856 11 0 179
tree 3880 856 1 0 179
tree 3880 840 83 0 179
tree 4024 856 75 0 179
tree 4024 840 43 0 179
tree 4008 840 47 0 179
tree 4552 856 73 0 179
tree 4552 840 75 0 179
tree 4744 840 78 0 179
fre 4860 860 22 179 179
cliff 6928 848 25 179 179
cliff 6912 832 22 179 179
fre 6972 836 7 179 179
fre 6988 860 6 179 179
fre 7020 836 6 179 179
fre 7180 844 7 179 179
fre 7236 844 6 179 179
fre 7308 852 14 179 179
fre 7428 860 6 179 179
fre 7492 860 14 179 179
trop 7748 860 14 179 179
cliff 7904 848 45 179 179
cliff 7936 848 44 179 179
fre 7988 844 6 179 179
fre 8036 860 7 179 179
fre 996 868 7 179 179
fre 1028 876 3 179 179
cliff 1136 880 58 179 179
cliff 1216 864 56 179 179
cliff 1280 864 56 179 179
cliff 1328 864 24 179 179
cliff 1344 880 19 179 179
fre 1412 892 14 179 179
cliff 1616 880 35 179 179
tree 3352 888 62 0 179
tree 3560 872 20 0 179
tree 3576 888 90 0 179
fre 3684 876 23 179 179
tree 3800 888 86 0 179
tree 3800 872 0 0 179
tree 3816 888 36 0 179
tree 3896 888 61 0 179
tree 3896 872 81 0 179
tree 4024 888 36 0 179
tree 4024 872 79 0 179
tree 4232 888 49 0 179
tree 4248 888 9 0 179
tree 4248 872 3 0 179
tree 4952 888 76 0 179
tree 4936 872 84 0 179
cliff 6960 880 27 179 179
cliff 6944 864 21 179 179
fre 7188 868 4 179 179
fre 7380 868 6 179 179
cliff 7904 864 47 179 179
cliff 7920 864 50 179 179
fre 7940 876 3 179 179
trop 436 924 70 179 179
trop 468 924 70 179 179
cliff 816 896 64 179 179
fre 1044 916 4 179 179
cliff 1360 896 27 179 179
cliff 1376 912 21 179 179
fre 1444 924 14 179 179
fre 1508 916 13 179 179
cliff 1632 896 49 179 179
cliff 1664 896 29 179 179
cliff 1664 912 12 179 179
tree 3192 904 39 0 179
tree 3192 920 31 0 179
tree 3208 920 14 0 179
tree 3576 904 49 0 179
tree 3576 920 44 0 179
tree 3832 904 62 0 179
tree 4216 904 33 0 179
tree 4232 904 34 0 179
tree 4600 920 89 0 179
tree 4584 904 78 0 179
cliff 6992 912 24 179 179
cliff 6976 896 23 179 179
fre 7036 924 6 179 179
fre 7084 908 3 179 179
fre 7164 908 4 179 179
fre 7188 908 4 179 179
fre 7260 916 6 179 179
fre 7308 916 6 179 179
fre 7348 908 7 179 179
cliff 7424 912 18 179 179
cliff 7456 912 17 179 179
fre 7524 908 14 179 179
fre 7564 916 7 179 179
fre 7604 916 14 179 179
cliff 7888 912 40 179 179
fre 7916 924 3 179 179
cliff 7904 896 111 179 179
fre 8028 916 6 179 179
cliff 800 944 40 179 179
fre 1012 956 49 179 179
fre 1148 940 48 179 179
fre 1172 956 256 179 179
fre 1332 956 48 179 179
cliff 1392 928 24 179 179
cliff 1408 944 23 179 179
fre 1460 948 4 179 179
fre 1612 932 5 179 179
fre 1620 948 14 179 179
cliff 1680 944 35 179 179
tree 3208 936 87 0 179
fre 3332 948 22 179 179
tree 3592 936 79 0 179
tree 3592 952 68 0 179
tree 3720 936 25 0 179
tree 3752 952 37 0 179
tree 3880 952 17 0 179
tree 3880 936 11 0 179
tree 4024 952 32 0 179
tree 4024 936 108 0 179
tree 4440 952 26 0 179
tree 4424 936 47 0 179
fre 4524 940 22 179 179
tree 4632 952 76 0 179
tree 4616 936 47 0 179
fre 4756 932 22 179 179
tree 4840 936 108 0 179
tree 4888 952 19 0 179
tree 4920 952 42 0 179
cliff 7024 944 27 179 179
cliff 7008 928 21 179 179
tree 7064 952 56 0 179
fre 7156 940 4 179 179
cliff 7248 944 27 179 179
cliff 7408 944 4 179 179
cliff 7504 944 62 179 179
cliff 7488 928 25 179 179
cliff 7840 944 46 179 179
cliff 7840 928 45 179 179
fre 7884 948 3 179 179
cliff 7872 928 39 179 179
fre 7964 940 7 179 179
fre 7988 940 7 179 179
tree 312 968 60 0 179
tree 296 968 29 0 179
cliff 784 976 42 179 179
fre 804 988 7 179 179
fre 916 988 4 179 179
fre 972 988 49 179 179
fre 1012 988 30 179 179
fre 1276 980 48 179 179
fre 1252 988 25 179 179
fre 1380 972 49 179 179
cliff 1424 960 27 179 179
cliff 1440 976 20 179 179
fre 1572 972 12 179 179
cliff 1696 960 29 179 179
cliff 1712 976 34 179 179
tree 3224 984 47 0 179
tree 3256 968 72 0 179
tree 3240 984 1 0 179
fre 3460 972 22 179 179
fre 3612 988 23 179 179
tree 3736 968 90 0 179
tree 3736 984 95 0 179
tree 3768 984 100 0 179
tree 3928 984 72 0 179
tree 3912 968 27 0 179
tree 4024 984 60 0 179
tree 4024 968 49 0 179
trop 4092 972 14 179 179
tree 4232 984 62 0 179
tree 4232 968 97 0 179
tree 4440 984 52 0 179
tree 4440 968 97 0 179
tree 4632 968 15 0 179
tree 4648 984 69 0 179
tree 4840 984 12 0 179
cliff 7040 960 47 179 179
fre 7100 964 5 179 179
fre 7108 980 4 179 179
cliff 7232 960 3 179 179
cliff 7264 960 21 179 179
cliff 7296 976 56 179 179
cliff 7344 976 56 179 179
cliff 7392 976 8 179 179
cliff 7520 960 26 179 179
fre 7644 964 3 179 179
fre 7868 988 4 179 179
cliff 7840 976 48 179 179
fre 8036 980 7 179 179
tree 360 1016 82 0 179
trop 436 1004 70 179 179
trop 468 1004 70 179 179
fre 796 996 12 179 179
cliff 768 1008 37 179 179
fre 1188 1020 22 179 179
fre 1276 1004 256 179 179
fre 1420 1004 49 179 179
cliff 1456 992 26 179 179
cliff 1472 1008 19 179 179
fre 1516 996 14 179 179
fre 1660 1004 13 179 179
fre 1700 1020 12 179 179
cliff 1728 992 30 179 179
cliff 1744 1008 36 179 179
tree 3592 1000 1 0 179
tree 3592 1016 78 0 179
tree 3848 1000 58 0 179
tree 3864 1016 25 0 179
tree 4232 1016 59 0 179
tree 4232 1000 9 0 179
fre 4244 1020 23 179 179
tree 4440 1016 34 0 179
tree 4440 1000 103 0 179
tree 4808 1016 55 0 179
tree 4824 1016 32 0 179
tree 4824 1000 81 0 179
tree 4840 1000 67 0 179
cliff 7056 992 17 179 179
cliff 7040 992 23 179 179
cliff 7088 1008 26 179 179
cliff 7184 1008 3 179 179
cliff 7216 992 7 179 179
trop 7748 1020 14 179 179
tree 7864 1000 55 0 179
cliff 7840 1008 46 179 179
fre 7900 1004 5 179 179
fre 7964 1004 3 179 179
tree 280 1032 51 0 179
tree 264 1032 108 0 179
tree 264 1048 85 0 179
tree 360 1032 6 0 179
cliff 704 1040 44 179 179
fre 756 1036 12 179 179
cliff 736 1024 41 179 179
fre 804 1028 5 179 179
fre 916 1044 7 179 179
fre 972 1044 6 179 179
fre 1076 1044 24 179 179
fre 1236 1052 48 179 179
fre 1340 1036 23 179 179
cliff 1488 1024 27 179 179
cliff 1504 1040 46 179 179
fre 1572 1052 13 179 179
fre 1756 1052 14 179 179
cliff 1760 1024 50 179 179
cliff 1792 1024 31 179 179
cliff 1808 1040 33 179 179
tree 3272 1032 0 0 179
tree 3576 1032 49 0 179
tree 3576 1048 23 0 179
tree 3784 1032 72 0 179
tree 3992 1032 29 0 179
tree 3976 1032 13 0 179
tree 3976 1048 0 0 179
tree 4248 1048 99 0 179
tree 4248 1032 63 0 179
tree 4712 1048 95 0 179
tree 4728 1032 90 0 179
cliff 7120 1024 17 179 179
cliff 7104 1024 21 179 179
cliff 7168 1040 7 179 179
fre 8044 1028 7 179 179
tree 152 1080 97 0 179
tree 184 1080 46 0 179
tree 168 1080 105 0 179
tree 248 1064 95 0 179
tree 232 1064 44 0 179
tree 264 1064 70 0 179
trop 436 1084 70 179 179
trop 468 1084 70 179 179
cliff 688 1072 40 179 179
fre 748 1060 13 179 179
fre 900 1076 14 179 179
fre 1060 1060 48 179 179
fre 1124 1060 23 179 179
fre 1236 1060 48 179 179
fre 1348 1068 256 179 179
cliff 1504 1072 20 179 179
fre 1620 1068 14 179 179
cliff 1824 1056 28 179 179
cliff 1840 1072 33 179 179
tree 3976 1064 64 0 179
tree 4184 1064 44 0 179
tree 4248 1080 20 0 179
tree 4248 1064 82 0 179
tree 4440 1080 31 0 179
fre 4628 1076 23 179 179
cliff 7888 1072 61 179 179
fre 7924 1076 6 179 179
fre 7988 1060 3 179 179
tree 152 1112 71 0 179
tree 168 1096 83 0 179
tree 376 1112 64 0 179
cliff 656 1104 46 179 179
cliff 656 1088 44 179 179
fre 700 1116 14 179 179
fre 692 1108 12 179 179
fre 796 1108 13 179 179
fre 860 1116 12 179 179
fre 1052 1108 48 179 179
fre 1092 1108 48 179 179
fre 1204 1108 48 179 179
fre 1308 1100 48 179 179
cliff 1520 1088 27 179 179
fre 1564 1116 12 179 179
cliff 1536 1104 47 179 179
fre 1684 1100 13 179 179
fre 1812 1092 6 179 179
cliff 1856 1088 30 179 179
cliff 1856 1104 12 179 179
tree 3352 1096 61 0 179
tree 3576 1096 41 0 179
tree 3560 1112 88 0 179
fre 3708 1092 22 179 179
tree 4408 1096 12 0 179
tree 4392 1112 61 0 179
tree 4424 1096 56 0 179
tree 4792 1112 20 0 179
fre 7988 1100 3 179 179
fre 7980 1108 6 179 179
fre 8052 1100 7 179 179
tree 360 1144 105 0 179
tree 376 1144 14 0 179
tree 376 1128 78 0 179
cliff 656 1136 47 179 179
cliff 640 1120 25 179 179
cliff 928 1120 59 179 179
fre 1092 1140 48 179 179
fre 1132 1124 48 179 179
fre 1180 1148 48 179 179
fre 1220 1148 48 179 179
fre 1340 1148 48 179 179
fre 1316 1124 23 179 179
fre 1436 1148 22 179 179
fre 1508 1140 49 179 179
cliff 1536 1136 19 179 179
fre 1748 1124 13 179 179
fre 1820 1148 7 179 179
cliff 1856 1136 12 179 179
tree 3512 1128 58 0 179
tree 3496 1144 69 0 179
tree 3816 1144 42 0 179
tree 3976 1144 100 0 179
trop 4092 1124 14 179 179
fre 4476 1140 22 179 179
tree 4840 1128 97 0 179
cliff 7920 1120 46 179 179
fre 8012 1148 7 179 179
stand 200 1160 206 0 179
stand 216 1160 207 0 179
stand 232 1160 207 0 179
stand 248 1160 207 0 179
stand 264 1160 206 0 179
tree 328 1176 12 0 179
tree 376 1160 34 0 179
tree 360 1160 73 0 179
trop 436 1164 70 179 179
trop 468 1164 70 179 179
cliff 656 1152 53 179 179
fre 676 1180 7 179 179
fre 772 1172 13 179 179
fre 836 1180 14 179 179
cliff 896 1152 12 179 179
fre 1012 1164 256 179 179
fre 1004 1156 48 179 179
fre 1116 1172 48 179 179
fre 1228 1164 48 179 179
fre 1252 1172 48 179 179
fre 1260 1156 48 179 179
fre 1284 1180 257 179 179
fre 1404 1172 256 179 179
cliff 1552 1152 27 179 179
cliff 1568 1168 46 179 179
fre 1612 1156 14 179 179
fre 1684 1156 14 179 179
cliff 1872 1168 64 179 179
cliff 1856 1168 12 179 179
tree 3384 1176 3 0 179
tree 3400 1176 73 0 179
tree 3480 1176 26 0 179
tree 3464 1176 25 0 179
tree 3496 1160 52 0 179
tree 3688 1160 73 0 179
tree 3832 1160 15 0 179
tree 3864 1160 14 0 179
tree 3848 1160 29 0 179
tree 3896 1176 9 0 179
tree 3880 1176 8 0 179
tree 3992 1176 75 0 179
tree 3976 1176 7 0 179
tree 3976 1160 93 0 179
tree 4328 1176 66 0 179
tree 4344 1160 71 0 179
tree 4856 1160 24 0 179
tree 4840 1176 40 0 179
trop 7748 1180 14 179 179
cliff 7920 1152 47 179 179
fre 7956 1156 6 179 179
fre 7940 1180 4 179 179
fre 7980 1180 3 179 179
fre 8044 1172 7 179 179
cliff 656 1184 48 179 179
cliff 656 1200 46 179 179
cliff 896 1184 11 179 179
fre 996 1196 256 179 179
fre 1052 1188 24 179 179
fre 1076 1212 23 179 179
fre 1148 1188 48 179 179
fre 1132 1196 48 179 179
fre 1172 1212 257 179 179
stand 1192 1208 87 0 179
stand 1192 1192 87 0 179
stand 1208 1192 87 0 179
stand 1208 1208 87 0 179
fre 1244 1188 259 179 179
fre 1244 1212 48 179 179
fre 1260 1212 24 179 179
cliff 1568 1200 20 179 179
fre 1604 1204 6 179 179
fre 1748 1196 14 179 179
tree 3416 1192 24 0 179
tree 3464 1192 46 0 179
fre 3620 1212 22 179 179
tree 3944 1208 49 0 179
tree 3944 1192 78 0 179
tree 4200 1208 64 0 179
tree 4264 1192 58 0 179
tree 4264 1208 29 0 179
tree 4568 1208 102 0 179
tree 4568 1192 15 0 179
tree 4584 1192 69 0 179
tree 4648 1192 25 0 179
cliff 7920 1184 48 179 179
fre 8012 1204 7 179 179
fre 8044 1212 6 179 179
tree 152 1224 66 0 179
tree 152 1240 39 0 179
dom 256 1216 448 0 179
trop 436 1244 70 179 179
trop 468 1244 70 179 179
cliff 656 1232 53 179 179
fre 724 1236 6 179 179
fre 844 1244 3 179 179
fre 884 1236 12 179 179
cliff 912 1216 34 179 179
cliff 928 1232 31 179 179
fre 1028 1236 48 179 179
fre 1220 1244 257 179 179
fre 1236 1236 48 179 179
fre 1268 1236 257 179 179
fre 1284 1244 48 179 179
fre 1340 1244 48 179 179
fre 1316 1236 23 179 179
fre 1476 1220 23 179 179
fre 1556 1236 49 179 179
cliff 1584 1216 25 179 179
cliff 1600 1232 47 179 179
fre 1644 1220 14 179 179
fre 1708 1236 6 179 179
fre 1828 1220 13 179 179
fre 3804 1236 23 179 179
tree 4520 1240 106 0 179
tree 4536 1240 91 0 179
tree 4536 1224 100 0 179
tree 4552 1224 33 0 179
tree 4744 1240 20 0 179
tree 4760 1240 18 0 179
cliff 7920 1216 62 179 179
fre 252 1268 23 179 179
tree 376 1256 41 0 179
tree 360 1256 45 0 179
cliff 656 1264 53 179 179
fre 676 1260 7 179 179
fre 780 1252 7 179 179
cliff 944 1264 57 179 179
fre 1292 1252 257 179 179
fre 1468 1276 48 179 179
fre 1476 1276 25 179 179
fre 1548 1276 30 179 179
fre 1620 1260 7 179 179
cliff 1600 1264 46 179 179
fre 1772 1252 4 179 179
fre 1852 1276 3 179 179
fre 3484 1252 23 179 179
fre 4372 1252 23 179 179
tree 4520 1272 92 0 179
tree 4520 1256 64 0 179
tree 4776 1256 81 0 179
tree 4792 1256 78 0 179
tree 4808 1256 106 0 179
tree 4824 1256 41 0 179
tree 264 1288 102 0 179
tree 280 1288 67 0 179
tree 296 1288 1 0 179
cliff 656 1296 53 179 179
fre 844 1308 13 179 179
fre 900 1292 6 179 179
fre 1060 1284 48 179 179
fre 1156 1292 22 179 179
fre 1188 1292 257 179 179
fre 1236 1308 257 179 179
fre 1292 1308 257 179 179
fre 1284 1292 25 179 179
fre 1388 1292 257 179 179
cliff 1600 1296 22 179 179
fre 1692 1284 13 179 179
tree 3608 1304 71 0 179
tree 3704 1304 73 0 179
tree 3864 1288 71 0 179
tree 3880 1304 43 0 179
fre 3980 1284 22 179 179
trop 4092 1284 14 179 179
dom 224 1312 506 0 179
tree 360 1320 79 0 179
trop 436 1324 70 179 179
trop 468 1324 70 179 179
cliff 656 1328 46 179 179
fre 676 1332 7 179 179
fre 732 1316 14 179 179
cliff 960 1328 57 179 179
fre 1068 1324 48 179 179
fre 1100 1316 24 179 179
fre 1300 1324 49 179 179
fre 1340 1324 257 179 179
fre 1388 1316 23 179 179
fre 1540 1316 14 179 179
cliff 1616 1312 62 179 179
cliff 1712 1312 59 179 179
fre 1836 1340 3 179 179
fre 1876 1332 4 179 179
fre 1956 1340 4 179 179
tree 3400 1336 35 0 179
tree 3448 1320 90 0 179
tree 3480 1320 51 0 179
tree 3464 1320 86 0 179
tree 3560 1320 96 0 179
tree 3576 1320 76 0 179
tree 3592 1320 92 0 179
tree 3768 1320 63 0 179
tree 3800 1336 6 0 179
tree 3784 1336 82 0 179
tree 3784 1320 33 0 179
fre 4228 1316 22 179 179
tree 4472 1336 104 0 179
tree 4472 1320 55 0 179
tree 4488 1320 77 0 179
fre 4676 1332 14 179 179
fre 4732 1324 13 179 179
fre 4796 1332 7 179 179
fre 4844 1340 7 179 179
tree 4920 1320 82 0 179
tree 4952 1336 57 0 179
tree 5032 1336 90 0 179
tree 5384 1320 89 0 179
trop 7748 1340 14 179 179
stand 152 1352 227 0 179
tree 136 1352 19 0 179
cliff 656 1360 48 179 179
fre 780 1364 12 179 179
fre 892 1372 3 179 179
fre 1180 1348 257 179 179
fre 1332 1372 257 179 179
fre 1452 1372 48 179 179
fre 1516 1348 12 179 179
fre 1588 1364 7 179 179
tree 1752 1368 89 0 179
fre 1796 1372 6 179 179
fre 1916 1364 7 179 179
tree 3832 1352 43 0 179
tree 3816 1352 97 0 179
tree 3864 1368 100 0 179
tree 3848 1368 51 0 179
tree 4456 1368 60 0 179
tree 4472 1352 96 0 179
fre 4604 1364 13 179 179
cliff 4704 1360 17 179 179
cliff 4736 1360 16 179 179
cliff 4768 1360 16 179 179
fre 4820 1348 6 179 179
tree 5032 1368 65 0 179
tree 5032 1352 35 0 179
tree 5144 1352 88 0 179
stand 136 1384 130 0 179
stand 152 1400 133 0 179
stand 152 1384 134 0 179
tree 344 1384 90 0 179
tree 344 1400 52 0 179
trop 436 1404 70 179 179
trop 468 1404 70 179 179
cliff 656 1392 48 179 179
fre 676 1380 7 179 179
fre 748 1396 12 179 179
fre 852 1388 13 179 179
cliff 960 1376 13 179 179
fre 1076 1380 48 179 179
fre 1268 1388 49 179 179
fre 1284 1396 22 179 179
fre 1564 1396 13 179 179
fre 1548 1380 12 179 179
fre 1620 1388 6 179 179
fre 1876 1396 4 179 179
fre 1948 1396 3 179 179
fre 1932 1380 6 179 179
tree 3608 1384 46 0 179
tree 3592 1384 41 0 179
tree 3928 1384 76 0 179
tree 3912 1384 27 0 179
fre 3948 1404 23 179 179
tree 4008 1400 5 0 179
tree 4008 1384 79 0 179
tree 4360 1400 23 0 179
tree 4376 1400 88 0 179
tree 4392 1400 64 0 179
tree 4408 1400 46 0 179
tree 4424 1400 67 0 179
tree 4424 1384 66 0 179
tree 4440 1384 64 0 179
fre 4516 1396 14 179 179
cliff 4688 1392 3 179 179
cliff 4800 1376 27 179 179
cliff 4816 1392 23 179 179
cliff 4832 1392 54 179 179
fre 4884 1380 7 179 179
fre 4924 1388 3 179 179
stand 152 1432 146 0 179
stand 152 1416 143 0 179
stand 136 1416 140 0 179
dom 224 1408 449 0 179
tree 328 1432 68 0 179
cliff 656 1424 22 179 179
fre 932 1420 12 179 179
cliff 976 1408 35 179 179
cliff 992 1424 32 179 179
fre 1140 1428 22 179 179
fre 1460 1436 25 179 179
fre 1524 1428 24 179 179
fre 1548 1436 7 179 179
fre 1588 1436 7 179 179
fre 1652 1428 4 179 179
fre 1692 1412 3 179 179
fre 1772 1420 7 179 179
fre 1828 1428 6 179 179
stand 3592 1416 452 0 179
tree 3992 1416 63 0 179
tree 4008 1416 66 0 179
trop 4092 1436 14 179 179
tree 4200 1432 101 0 179
tree 4216 1432 0 0 179
tree 4232 1432 10 0 179
tree 4248 1432 14 0 179
tree 4264 1432 62 0 179
tree 4280 1432 41 0 179
fre 4532 1428 14 179 179
fre 4564 1412 14 179 179
cliff 4672 1424 10 179 179
tree 4744 1432 67 0 179
tree 4824 1432 36 0 179
cliff 4864 1408 24 179 179
cliff 4880 1424 20 179 179
fre 4964 1420 5 179 179
fre 5012 1420 6 179 179
fre 5044 1428 6 179 179
tree 312 1448 4 0 179
lay 360 1464 50 0 179
lay 360 1448 49 0 179
cliff 688 1456 21 179 179
cliff 672 1440 26 179 179
fre 716 1452 6 179 179
fre 796 1460 14 179 179
fre 860 1444 14 179 179
fre 940 1460 13 179 179
cliff 992 1440 12 179 179
fre 1100 1460 48 179 179
fre 1148 1444 49 179 179
fre 1412 1460 23 179 179
fre 1636 1444 7 179 179
fre 1668 1468 4 179 179
fre 1732 1444 4 179 179
cliff 1888 1456 59 179 179
stand 3304 1448 450 0 179
stand 3448 1448 454 0 179
tree 3512 1464 45 0 179
tree 3528 1448 43 0 179
tree 3736 1448 64 0 179
tree 3736 1464 76 0 179
tree 3752 1448 76 0 179
tree 3896 1464 88 0 179
tree 4168 1448 8 0 179
tree 4184 1448 43 0 179
fre 4236 1460 14 179 179
tree 4296 1448 65 0 179
tree 4312 1448 50 0 179
tree 4328 1448 25 0 179
tree 4328 1464 106 0 179
fre 4388 1452 14 179 179
fre 4460 1444 14 179 179
fre 4548 1452 14 179 179
cliff 4608 1456 11 179 179
cliff 4640 1440 4 179 179
tree 4728 1464 44 0 179
fre 4804 1468 255 179 179
cliff 4896 1440 27 179 179
cliff 4912 1456 22 179 179
fre 4948 1452 6 179 179
fre 5076 1460 3 179 179
stand 216 1496 132 0 179
stand 200 1480 186 0 179
stand 264 1480 187 0 179
lay 344 1496 51 0 179
trop 436 1484 70 179 179
trop 468 1484 70 179 179
cliff 720 1488 47 179 179
cliff 704 1472 25 179 179
fre 756 1492 7 179 179
cliff 1008 1472 36 179 179
cliff 1024 1488 28 179 179
fre 1340 1484 49 179 179
fre 1356 1476 22 179 179
fre 1420 1476 25 179 179
fre 1484 1492 48 179 179
fre 1508 1500 30 179 179
cliff 1616 1472 64 179 179
fre 1700 1500 7 179 179
fre 1804 1500 5 179 179
cliff 1856 1488 83 179 179
stand 3768 1480 442 0 179
tree 4024 1496 77 0 179
fre 4236 1492 14 179 179
fre 4308 1476 14 179 179
fre 4388 1492 14 179 179
fre 4460 1484 13 179 179
fre 4508 1500 13 179 179
cliff 4624 1488 36 179 179
tree 4680 1496 34 0 179
tree 4680 1480 35 0 179
tree 4696 1480 40 0 179
fre 4780 1492 259 179 179
fre 4868 1500 258 179 179
cliff 4928 1472 27 179 179
cliff 4944 1488 19 179 179
fre 4996 1476 6 179 179
fre 5052 1492 7 179 179
trop 7748 1500 14 179 179
fre 244 1532 22 179 179
lay 344 1512 48 0 179
lay 344 1528 49 0 179
lay 376 1512 53 0 179
cliff 720 1520 19 179 179
fre 788 1532 7 179 179
fre 860 1508 5 179 179
fre 988 1516 7 179 179
fre 1020 1532 12 179 179
cliff 1040 1504 34 179 179
cliff 1056 1520 51 179 179
cliff 1088 1520 30 179 179
fre 1220 1508 24 179 179
fre 1236 1516 22 179 179
fre 1412 1524 48 179 179
fre 1588 1532 4 179 179
cliff 1584 1504 51 179 179
cliff 1568 1520 40 179 179
fre 1756 1524 7 179 179
cliff 1856 1520 15 179 179
stand 3208 1528 449 0 179
tree 3864 1528 44 0 179
tree 3864 1512 41 0 179
tree 3944 1528 44 0 179
tree 3944 1512 50 0 179
tree 4024 1512 89 0 179
fre 4188 1508 14 179 179
fre 4380 1532 12 179 179
fre 4588 1508 12 179 179
cliff 4656 1520 33 179 179
cliff 4640 1504 28 179 179
fre 4812 1532 257 179 179
cliff 4960 1504 62 179 179
fre 5108 1508 3 179 179
tree 5304 1512 79 0 179
tree 168 1544 64 0 179
stand 200 1544 184 0 179
stand 264 1544 185 0 179
tree 328 1560 4 0 179
lay 360 1560 50 0 179
lay 376 1560 51 0 179
trop 436 1564 70 179 179
trop 468 1564 70 179 179
cliff 752 1552 21 179 179
cliff 736 1536 27 179 179
fre 940 1540 7 179 179
fre 1036 1556 13 179 179
cliff 1104 1536 35 179 179
cliff 1120 1552 29 179 179
fre 1292 1556 49 179 179
fre 1356 1548 30 179 179
cliff 1456 1552 45 179 179
cliff 1472 1552 51 179 179
cliff 1536 1552 39 179 179
cliff 1824 1552 18 179 179
tree 3896 1560 45 0 179
tree 3880 1544 43 0 179
fre 3964 1548 22 179 179
fre 4164 1564 7 179 179
fre 4204 1548 14 179 179
fre 4260 1556 13 179 179
fre 4324 1540 12 179 179
fre 4444 1556 7 179 179
fre 4548 1556 13 179 179
fre 4628 1548 12 179 179
cliff 4688 1552 34 179 179
cliff 4672 1536 31 179 179
fre 4764 1556 260 179 179
tree 4872 1544 44 0 179
fre 4900 1540 255 179 179
lay 344 1592 55 0 179
lay 376 1576 48 0 179
cliff 784 1584 22 179 179
cliff 768 1568 27 179 179
fre 836 1588 6 179 179
fre 900 1572 5 179 179
fre 1092 1580 12 179 179
cliff 1136 1568 34 179 179
cliff 1152 1584 30 179 179
fre 1244 1580 48 179 179
fre 1452 1596 4 179 179
cliff 1440 1584 42 179 179
fre 1476 1596 7 179 179
fre 1532 1580 13 179 179
cliff 1504 1568 50 179 179
fre 1620 1596 7 179 179
fre 1724 1572 6 179 179
cliff 1808 1584 4 179 179
cliff 1872 1568 8 179 179
tree 3864 1576 44 0 179
trop 4092 1596 14 179 179
fre 4236 1596 6 179 179
fre 4444 1588 13 179 179
fre 4644 1588 14 179 179
fre 4652 1596 13 179 179
cliff 4704 1584 15 179 179
cliff 4704 1568 28 179 179
fre 4780 1572 257 179 179
fre 4924 1588 258 179 179
tree 5016 1592 79 0 179
lay 376 1608 55 0 179
cliff 816 1616 20 179 179
cliff 800 1600 24 179 179
fre 892 1620 7 179 179
fre 1004 1612 14 179 179
fre 1124 1604 6 179 179
cliff 1168 1600 35 179 179
cliff 1184 1616 32 179 179
cliff 1312 1600 45 179 179
cliff 1328 1600 50 179 179
fre 1356 1628 14 179 179
cliff 1360 1600 52 179 179
fre 1404 1628 4 179 179
cliff 1392 1600 50 179 179
fre 1588 1612 12 179 179
fre 1724 1604 6 179 179
cliff 1776 1600 13 179 179
tree 4008 1608 89 0 179
fre 4196 1620 7 179 179
fre 4340 1612 13 179 179
fre 4476 1612 14 179 179
fre 4556 1628 13 179 179
fre 4628 1628 14 179 179
cliff 4688 1616 85 179 179
cliff 4704 1600 84 179 179
fre 4804 1604 256 179 179
tree 4808 1624 28 0 179
fre 4860 1612 260 179 179
fre 4884 1612 258 179 179
tree 5224 1608 108 0 179
tree 5240 1624 34 0 179
tree 168 1656 55 0 179
tree 184 1656 75 0 179
tree 200 1656 25 0 179
tree 216 1640 83 0 179
tree 280 1640 100 0 179
stand 264 1656 155 0 179
tree 296 1640 64 0 179
tree 312 1640 12 0 179
trop 436 1644 70 179 179
trop 468 1644 70 179 179
cliff 848 1648 23 179 179
cliff 832 1632 27 179 179
cliff 864 1648 16 179 179
fre 972 1660 13 179 179
fre 1084 1644 13 179 179
fre 1164 1652 12 179 179
cliff 1200 1632 33 179 179
cliff 1216 1648 50 179 179
cliff 1248 1648 50 179 179
cliff 1296 1632 38 179 179
fre 1324 1644 5 179 179
fre 1348 1636 7 179 179
fre 1516 1660 6 179 179
fre 1548 1652 6 179 179
fre 1660 1652 12 179 179
fre 1716 1636 6 179 179
cliff 1776 1632 11 179 179
stand 3240 1656 444 0 179
stand 3848 1640 434 0 179
tree 3976 1640 75 0 179
fre 4372 1652 13 179 179
fre 4460 1660 13 179 179
cliff 4688 1648 84 179 179
tree 4824 1640 44 0 179
fre 4924 1636 259 179 179
trop 7748 1660 14 179 179
lay 168 1688 53 0 179
lay 264 1672 54 0 179
tree 376 1672 48 0 179
tree 376 1688 37 0 179
cliff 912 1680 22 179 179
cliff 896 1664 25 179 179
fre 1236 1676 14 179 179
fre 1460 1676 13 179 179
fre 1628 1684 6 179 179
fre 1668 1676 6 179 179
fre 1740 1684 7 179 179
cliff 1776 1664 14 179 179
fre 4268 1676 14 179 179
fre 4380 1692 13 179 179
fre 4636 1668 12 179 179
cliff 4688 1680 31 179 179
fre 4788 1668 256 179 179
fre 4820 1684 260 179 179
fre 4940 1676 258 179 179
tree 5416 1672 65 0 179
tree 5416 1688 70 0 179
lay 168 1720 54 0 179
lay 200 1704 55 0 179
lay 392 1720 55 0 179
trop 436 1724 70 179 179
trop 468 1724 70 179 179
cliff 944 1712 48 179 179
cliff 928 1696 26 179 179
fre 964 1708 7 179 179
fre 1044 1716 14 179 179
fre 1156 1700 13 179 179
fre 1276 1724 6 179 179
fre 1340 1700 14 179 179
cliff 1776 1696 15 179 179
fre 4324 1716 12 179 179
fre 4492 1700 13 179 179
fre 4580 1700 14 179 179
fre 4636 1716 12 179 179
cliff 4688 1696 14 179 179
fre 4804 1724 259 179 179
fre 4900 1708 260 179 179
fre 4980 1724 255 179 179
tree 136 1736 87 0 179
tree 136 1752 35 0 179
tree 376 1752 87 0 179
tree 392 1752 92 0 179
cliff 944 1744 21 179 179
fre 1212 1748 5 179 179
fre 1396 1732 6 179 179
fre 1444 1740 6 179 179
fre 1540 1732 14 179 179
fre 1604 1732 7 179 179
fre 1716 1740 5 179 179
cliff 1776 1728 12 179 179
stand 3240 1752 444 0 179
stand 3928 1736 435 0 179
trop 4092 1748 14 179 179
fre 4276 1732 6 179 179
tree 4344 1752 56 0 179
fre 4380 1756 5 179 179
fre 4564 1748 13 179 179
cliff 4688 1728 11 179 179
fre 4884 1740 259 179 179
fre 4940 1740 256 179 179
tree 5144 1752 89 0 179
tree 5128 1752 72 0 179
tree 5144 1736 76 0 179
tree 5256 1752 88 0 179
lay 152 1784 54 0 179
tree 376 1768 81 0 179
cliff 976 1776 47 179 179
cliff 960 1760 25 179 179
fre 996 1764 12 179 179
fre 1084 1772 12 179 179
fre 1116 1764 6 179 179
fre 1348 1772 13 179 179
fre 1500 1764 7 179 179
fre 1572 1780 12 179 179
fre 1676 1780 6 179 179
fre 1708 1780 6 179 179
cliff 1776 1760 11 179 179
fre 4460 1772 14 179 179
fre 4636 1764 12 179 179
cliff 4688 1760 14 179 179
fre 4804 1772 256 179 179
tree 4856 1768 45 0 179
tree 4920 1768 44 0 179
fre 5028 1764 256 179 179
tree 136 1816 56 0 179
tree 376 1816 5 0 179
trop 436 1804 70 179 179
trop 468 1804 70 179 179
cliff 976 1808 19 179 179
fre 1028 1796 14 179 179
fre 1436 1820 14 179 179
fre 1532 1820 7 179 179
fre 1628 1812 13 179 179
cliff 1792 1808 5 179 179
fre 4460 1820 7 179 179
fre 4524 1820 14 179 179
fre 4620 1804 14 179 179
cliff 4688 1792 14 179 179
fre 4924 1812 259 179 179
fre 5028 1820 260 179 179
tree 5528 1816 10 0 179
trop 7748 1812 14 179 179
tree 136 1832 43 0 179
trop 244 1852 137 179 179
trop 260 1852 137 179 179
trop 260 1844 92 179 179
trop 276 1852 92 179 179
trop 308 1852 137 179 179
trop 300 1852 92 179 179
tree 376 1832 17 0 179
cliff 1008 1840 20 179 179
cliff 992 1824 24 179 179
fre 1052 1836 12 179 179
fre 1108 1844 6 179 179
fre 1092 1852 14 179 179
fre 1188 1828 7 179 179
fre 1260 1836 13 179 179
fre 1340 1836 14 179 179
fre 1476 1844 6 179 179
fre 1564 1836 6 179 179
fre 1604 1852 12 179 179
cliff 1696 1840 18 179 179
cliff 1760 1824 0 179 179
cliff 2880 1840 123 179 179
cliff 2912 1840 124 179 179
cliff 2944 1840 124 179 179
tree 3016 1848 79 0 179
tree 3032 1848 77 0 179
stand 3240 1848 444 0 179
fre 4420 1828 6 179 179
cliff 4704 1840 5 179 179
tree 4760 1848 36 0 179
fre 4780 1828 258 179 179
fre 4868 1844 259 179 179
fre 4996 1852 256 179 179
tree 5496 1832 79 0 179
tree 5480 1848 17 0 179
lay 136 1864 53 0 179
trop 436 1884 70 179 179
trop 468 1884 70 179 179
cliff 1040 1872 22 179 179
cliff 1024 1856 27 179 179
fre 1180 1876 12 179 179
fre 1156 1860 7 179 179
fre 1380 1876 12 179 179
fre 1452 1860 13 179 179
cliff 1552 1872 25 179 179
cliff 1680 1872 4 179 179
cliff 1744 1856 6 179 179
cliff 2832 1872 116 179 179
cliff 2864 1856 112 179 179
fre 2908 1884 13 179 179
fre 2972 1884 7 179 179
cliff 2976 1856 122 179 179
cliff 3008 1856 121 179 179
cliff 3040 1856 117 179 179
cliff 3056 1856 110 179 179
fre 4532 1860 12 179 179
fre 4604 1860 13 179 179
cliff 4656 1872 28 179 179
cliff 4672 1872 64 179 179
cliff 4688 1856 3 179 179
tree 4760 1880 44 0 179
fre 4884 1884 258 179 179
fre 4948 1876 256 179 179
fre 5036 1868 255 179 179
tree 5176 1864 35 0 179
tree 5320 1880 89 0 179
tree 5352 1880 89 0 179
tree 5352 1864 72 0 179
lay 152 1896 55 0 179
trop 252 1916 92 179 179
trop 284 1892 137 179 179
lay 328 1896 54 0 179
tree 376 1896 71 0 179
tree 376 1912 86 0 179
cliff 1072 1904 20 179 179
cliff 1056 1888 27 179 179
cliff 1088 1904 16 179 179
cliff 1120 1904 62 179 179
fre 1212 1892 12 179 179
fre 1292 1916 13 179 179
fre 1348 1908 12 179 179
cliff 1440 1904 17 179 179
cliff 1472 1904 16 179 179
cliff 1536 1888 1 179 179
cliff 1584 1888 16 179 179
cliff 1568 1888 21 179 179
cliff 1616 1888 17 179 179
cliff 1664 1904 5 179 179
cliff 2832 1904 120 179 179
cliff 2832 1888 120 179 179
tree 2872 1912 54 0 179
fre 2908 1908 5 179 179
fre 3036 1892 5 179 179
fre 3116 1892 256 179 179
fre 3108 1916 260 179 179
fre 3140 1900 260 179 179
trop 4092 1892 14 179 179
fre 4492 1892 13 179 179
cliff 4656 1888 29 179 179
tree 4744 1912 44 0 179
tree 4760 1896 41 0 179
tree 4760 1912 37 0 179
fre 4804 1908 258 179 179
tree 4936 1912 44 0 179
tree 4952 1896 70 0 179
tree 4952 1912 77 0 179
fre 5100 1900 255 179 179
fre 5684 1908 3 179 179
tree 136 1944 28 0 179
lay 344 1928 55 0 179
tree 376 1928 49 0 179
cliff 1424 1936 58 179 179
cliff 1520 1920 5 179 179
cliff 2832 1936 119 179 179
cliff 2816 1936 117 179 179
fre 2908 1948 13 179 179
fre 2972 1932 14 179 179
fre 4564 1940 14 179 179
fre 4636 1940 13 179 179
tree 4728 1944 35 0 179
fre 4756 1924 256 179 179
fre 4876 1924 259 179 179
tree 4904 1944 45 0 179
tree 4904 1928 43 0 179
fre 5628 1948 4 179 179
fre 5740 1940 6 179 179
fre 5756 1924 7 179 179
fre 5804 1932 6 179 179
tree 136 1960 34 0 179
tree 376 1976 42 0 179
trop 436 1964 70 179 179
trop 468 1964 70 179 179
fre 1292 1972 14 179 179
fre 1324 1964 12 179 179
cliff 2816 1968 115 179 179
cliff 3008 1968 59 179 179
tree 3064 1976 54 0 179
fre 3164 1972 260 179 179
stand 3240 1976 433 0 179
tree 4472 1976 79 0 179
fre 4764 1980 256 179 179
fre 4820 1956 258 179 179
fre 4948 1964 256 179 179
tree 5032 1976 75 0 179
tree 5048 1960 79 0 179
tree 5048 1976 41 0 179
tree 5080 1960 38 0 179
fre 5116 1956 256 179 179
fre 5156 1980 258 179 179
cliff 5712 1952 24 179 179
cliff 5728 1968 19 179 179
tree 5800 1976 53 0 179
trop 7748 1972 14 179 179
trop 292 2004 137 179 179
trop 300 1988 92 179 179
tree 376 1992 96 0 179
lay 360 1992 53 0 179
cliff 2752 2000 113 179 179
cliff 2768 1984 123 179 179
fre 2868 1988 14 179 179
fre 2924 2012 13 179 179
cliff 2976 1984 32 179 179
cliff 2976 2000 14 179 179
tree 3064 2008 42 0 179
tree 3048 2008 51 0 179
fre 3100 1996 256 179 179
fre 3140 1988 256 179 179
fre 3164 2012 260 179 179
tree 4504 1992 75 0 179
cliff 4496 1984 62 179 179
fre 4620 1988 13 179 179
fre 4700 2004 260 179 179
fre 4876 1996 256 179 179
fre 4932 1988 260 179 179
fre 4980 1988 255 179 179
fre 5052 1996 256 179 179
fre 5060 2004 258 179 179
fre 5212 1988 259 179 179
fre 5604 2004 7 179 179
cliff 5696 1984 58 179 179
cliff 5744 1984 25 179 179
cliff 5760 2000 23 179 179
fre 5828 1988 5 179 179
fre 5876 1988 6 179 179
tree 136 2040 92 0 179
tree 136 2024 47 0 179
trop 244 2036 137 179 179
trop 260 2020 92 179 179
trop 436 2044 70 179 179
trop 468 2044 70 179 179
cliff 2704 2032 47 179 179
cliff 2720 2016 112 179 179
fre 2780 2020 13 179 179
fre 2788 2044 13 179 179
fre 2860 2044 13 179 179
cliff 2976 2032 11 179 179
tree 3048 2024 44 0 179
fre 3076 2036 256 179 179
fre 3084 2020 259 179 179
tree 3128 2024 50 0 179
fre 3188 2044 255 179 179
fre 3204 2028 260 179 179
tree 3224 2040 28 0 179
stand 3400 2024 321 0 179
stand 3608 2040 324 0 179
stand 3752 2040 292 0 179
stand 3848 2040 292 0 179
stand 3944 2040 292 0 179
stand 4280 2040 292 0 179
stand 4376 2040 292 0 179
stand 4472 2040 292 0 179
fre 4508 2036 87 179 179
fre 4532 2036 88 179 179
fre 4556 2036 88 179 179
fre 4668 2044 48 179 179
fre 4804 2020 259 179 179
fre 4924 2028 259 179 179
fre 5004 2036 258 179 179
fre 5036 2028 260 179 179
fre 5188 2044 260 179 179
fre 5244 2036 258 179 179
fre 5268 2036 255 179 179
tree 5448 2040 88 0 179
cliff 5776 2016 27 179 179
cliff 5792 2032 19 179 179
fre 5892 2036 7 179 179
lay 152 2072 55 0 179
cliff 2656 2064 105 179 179
cliff 2688 2064 44 179 179
cliff 2944 2064 17 179 179
tree 2952 2056 89 0 179
tree 2984 2072 67 0 179
tree 3032 2072 47 0 179
tree 3048 2056 45 0 179
tree 3048 2072 40 0 179
fre 3084 2076 256 179 179
fre 3108 2052 255 179 179
tree 3128 2072 48 0 179
fre 3156 2076 89 179 179
tree 3144 2056 44 0 179
fre 3180 2076 103 179 179
fre 3196 2076 89 179 179
fre 3212 2076 106 179 179
tree 3224 2056 45 0 179
fre 4564 2068 118 179 179
fre 4572 2052 88 179 179
fre 4548 2052 89 179 179
tree 4616 2072 44 0 179
tree 4632 2056 48 0 179
fre 4716 2060 255 179 179
fre 4788 2076 257 179 179
tree 4888 2072 44 0 179
tree 4872 2056 28 0 179
tree 4952 2072 44 0 179
tree 4984 2056 51 0 179
tree 4968 2056 40 0 179
tree 4984 2072 36 0 179
tree 5000 2072 49 0 179
tree 5016 2056 44 0 179
fre 4996 2076 87 179 179
fre 5044 2052 260 179 179
fre 5084 2068 260 179 179
tree 5160 2056 47 0 179
fre 5228 2052 260 179 179
fre 5716 2060 256 179 179
cliff 5808 2048 24 179 179
cliff 5824 2064 53 179 179
fre 5844 2076 7 179 179
fre 5892 2068 6 179 179
tree 136 2104 29 0 179
tree 136 2088 83 0 179
tree 360 2104 101 0 179
tree 376 2088 28 0 179
cliff 2448 2096 45 179 179
cliff 2464 2096 48 179 179
cliff 2480 2096 50 179 179
cliff 2512 2096 52 179 179
cliff 2576 2096 45 179 179
cliff 2592 2096 113 179 179
cliff 2592 2080 122 179 179
fre 2628 2108 13 179 179
cliff 2640 2080 109 179 179
fre 2684 2108 13 179 179
fre 2780 2108 13 179 179
fre 2836 2084 14 179 179
cliff 2928 2096 0 179 179
tree 2952 2088 67 0 179
cliff 2992 2080 5 179 179
fre 3068 2092 258 179 179
fre 3132 2100 90 179 179
tree 3112 2088 37 0 179
fre 3140 2092 102 179 179
fre 3172 2092 89 179 179
fre 3180 2100 129 179 179
fre 3204 2108 88 179 179
fre 3212 2108 107 179 179
fre 4604 2084 87 179 179
fre 4596 2084 89 179 179
fre 4620 2084 87 179 179
fre 4636 2100 88 179 179
fre 4692 2092 49 179 179
fre 4724 2100 68 179 179
fre 4772 2092 48 179 179
tree 4808 2088 50 0 179
tree 4824 2104 47 0 179
tree 4808 2104 43 0 179
tree 4872 2104 45 0 179
tree 4872 2088 42 0 179
fre 4908 2084 89 179 179
fre 4940 2084 89 179 179
tree 5112 2088 48 0 179
tree 5096 2104 43 0 179
tree 5096 2088 44 0 179
fre 5140 2084 259 179 179
fre 5164 2108 257 179 179
fre 5212 2108 258 179 179
fre 5276 2084 259 179 179
fre 5340 2100 256 179 179
tree 5480 2088 89 0 179
tree 5560 2088 88 0 179
tree 5544 2104 66 0 179
fre 5764 2084 258 179 179
cliff 5824 2096 47 179 179
trop 252 2132 92 179 179
trop 292 2132 92 179 179
trop 436 2124 70 179 179
trop 468 2124 70 179 179
cliff 2320 2128 52 179 179
cliff 2336 2128 50 179 179
cliff 2368 2112 111 179 179
cliff 2384 2112 50 179 179
cliff 2416 2112 51 179 179
fre 2460 2140 13 179 179
cliff 2512 2112 50 179 179
cliff 2544 2112 52 179 179
cliff 2528 2112 52 179 179
fre 2748 2132 14 179 179
cliff 2864 2112 17 179 179
cliff 2912 2128 5 179 179
fre 3196 2140 116 179 179
fre 3188 2140 94 179 179
fre 3204 2132 90 179 179
fre 3204 2124 104 179 179
fre 4628 2132 167 179 179
tree 4680 2120 45 0 179
fre 4700 2140 81 179 179
fre 4708 2124 81 179 179
fre 4708 2132 81 179 179
fre 4716 2132 89 179 179
fre 4748 2140 101 179 179
fre 4772 2124 87 179 179
fre 4772 2132 87 179 179
tree 4808 2120 44 0 179
tree 4808 2136 36 0 179
fre 4828 2124 87 179 179
fre 4844 2116 87 179 179
fre 4892 2124 257 179 179
fre 4988 2140 260 179 179
fre 4972 2140 168 179 179
fre 4980 2124 170 179 179
tree 5112 2120 45 0 179
fre 5276 2140 258 179 179
tree 5256 2120 45 0 179
fre 5340 2140 259 179 179
fre 5700 2140 259 179 179
cliff 5824 2128 47 179 179
fre 5844 2140 7 179 179
fre 5900 2140 12 179 179
trop 7748 2132 14 179 179
tree 136 2168 5 0 179
tree 136 2152 81 0 179
trop 276 2148 137 179 179
trop 308 2148 92 179 179
tree 376 2152 91 0 179
cliff 2288 2160 112 179 179
cliff 2304 2144 113 179 179
fre 2340 2156 13 179 179
fre 2372 2164 13 179 179
fre 2508 2148 13 179 179
fre 2588 2156 14 179 179
fre 2684 2164 13 179 179
cliff 2784 2160 17 179 179
cliff 2848 2144 1 179 179
fre 3204 2148 118 179 179
fre 4660 2172 166 179 179
fre 4676 2156 162 179 179
fre 4756 2164 87 179 179
fre 4836 2164 260 179 179
fre 4884 2164 25 179 179
tree 5016 2168 36 0 179
tree 5176 2168 52 0 179
fre 5172 2148 255 179 179
tree 5208 2152 44 0 179
tree 5192 2168 47 0 179
fre 5244 2164 260 179 179
fre 5764 2148 256 179 179
fre 5772 2156 258 179 179
cliff 5824 2160 46 179 179
fre 5908 2148 14 179 179
tree 136 2200 39 0 179
trop 260 2188 92 179 179
trop 300 2204 92 179 179
tree 360 2184 51 0 179
trop 436 2204 70 179 179
trop 468 2204 70 179 179
cliff 2272 2176 46 179 179
fre 2332 2180 13 179 179
fre 2428 2188 14 179 179
fre 2508 2188 14 179 179
cliff 2768 2192 3 179 179
cliff 2832 2176 5 179 179
fre 3196 2196 88 179 179
fre 3204 2180 104 179 179
fre 3220 2180 88 179 179
cliff 3248 2192 49 179 179
cliff 3232 2192 45 179 179
cliff 3280 2192 52 179 179
cliff 3312 2192 49 179 179
cliff 3344 2192 32 179 179
most 4064 2176 36 0 179
tree 4840 2184 46 0 179
tree 5048 2184 43 0 179
tree 5048 2200 44 0 179
fre 5052 2188 259 179 179
tree 5176 2184 45 0 179
tree 5192 2184 49 0 179
fre 5300 2204 258 179 179
fre 5356 2196 258 179 179
tree 5400 2184 44 0 179
tree 5384 2184 43 0 179
fre 5724 2188 258 179 179
fre 5916 2204 12 179 179
fre 5964 2204 7 179 179
lay 152 2232 53 0 179
trop 252 2236 137 179 179
tree 360 2232 59 0 179
tree 376 2216 99 0 179
cliff 2256 2224 53 179 179
cliff 2272 2224 38 179 179
fre 2324 2212 13 179 179
fre 2356 2212 13 179 179
fre 2452 2236 14 179 179
fre 2564 2220 13 179 179
fre 2628 2220 12 179 179
fre 2652 2212 14 179 179
cliff 2752 2224 8 179 179
cliff 3216 2224 37 179 179
fre 3260 2220 14 179 179
fre 3308 2220 14 179 179
cliff 3376 2224 51 179 179
cliff 3360 2208 34 179 179
cliff 3408 2224 51 179 179
cliff 3440 2224 51 179 179
cliff 3472 2224 31 179 179
fre 4652 2236 169 179 179
tree 4728 2216 44 0 179
tree 4712 2216 40 0 179
fre 4756 2236 24 179 179
fre 4780 2212 89 179 179
fre 4780 2236 89 179 179
fre 4804 2228 93 179 179
tree 4920 2232 45 0 179
tree 5032 2216 35 0 179
fre 5156 2228 260 179 179
fre 5228 2228 256 179 179
fre 5268 2228 258 179 179
tree 5272 2232 44 0 179
tree 5304 2232 44 0 179
tree 5288 2232 43 0 179
fre 5404 2212 259 179 179
fre 5500 2220 255 179 179
fre 5564 2212 259 179 179
fre 5644 2220 255 179 179
cliff 5744 2224 44 179 179
cliff 5760 2224 51 179 179
cliff 5808 2208 41 179 179
fre 5852 2212 13 179 179
fre 5956 2236 6 179 179
cliff 2240 2256 48 179 179
fre 2292 2260 14 179 179
fre 2364 2252 13 179 179
cliff 2496 2256 90 179 179
cliff 2528 2256 88 179 179
cliff 2560 2256 54 179 179
cliff 2592 2256 16 179 179
cliff 2624 2256 16 179 179
cliff 2656 2256 54 179 179
cliff 2720 2240 3 179 179
cliff 3184 2240 45 179 179
fre 3236 2252 13 179 179
fre 3356 2268 13 179 179
fre 3436 2252 14 179 179
cliff 3504 2256 30 179 179
cliff 3488 2240 34 179 179
fre 4700 2252 87 179 179
fre 4692 2260 96 179 179
fre 4708 2268 114 179 179
fre 5228 2244 256 179 179
fre 5324 2268 256 179 179
tree 5384 2248 45 0 179
tree 5416 2248 50 0 179
fre 5444 2244 256 179 179
fre 5476 2252 259 179 179
fre 5588 2268 256 179 179
fre 5636 2260 259 179 179
cliff 5728 2256 37 179 179
fre 5780 2252 14 179 179
fre 5916 2268 12 179 179
tree 136 2296 5 0 179
tree 136 2280 61 0 179
trop 284 2284 137 179 179
trop 268 2292 92 179 179
trop 276 2284 92 179 179
tree 360 2280 23 0 179
tree 376 2280 37 0 179
tree 360 2296 49 0 179
trop 436 2284 70 179 179
trop 468 2284 70 179 179
cliff 2192 2288 51 179 179
cliff 2224 2272 46 179 179
fre 2388 2276 13 179 179
cliff 2480 2288 74 179 179
cliff 2704 2272 7 179 179
cliff 3120 2288 50 179 179
cliff 3104 2288 45 179 179
cliff 3168 2272 37 179 179
fre 3180 2300 13 179 179
fre 3484 2292 12 179 179
cliff 3536 2288 28 179 179
cliff 3520 2272 36 179 179
fre 4660 2284 87 179 179
fre 4684 2300 88 179 179
tree 5000 2296 46 0 179
fre 4996 2292 256 179 179
tree 5096 2296 45 0 179
tree 5208 2296 45 0 179
fre 5212 2300 259 179 179
tree 5224 2280 53 0 179
tree 5224 2296 43 0 179
tree 5240 2280 44 0 179
fre 5284 2292 256 179 179
tree 5384 2296 75 0 179
fre 5532 2300 258 179 179
tree 5512 2280 7 0 179
tree 5544 2296 46 0 179
tree 5560 2296 42 0 179
tree 5544 2280 43 0 179
tree 5560 2280 44 0 179
cliff 5696 2272 44 179 179
cliff 5696 2288 48 179 179
fre 5748 2276 6 179 179
fre 5836 2284 14 179 179
fre 5924 2276 6 179 179
fre 5980 2276 14 179 179
fre 5988 2300 12 179 179
trop 7748 2292 14 179 179
tree 136 2328 40 0 179
trop 308 2332 92 179 179
cliff 2144 2320 116 179 179
cliff 2176 2320 114 179 179
cliff 2192 2304 110 179 179
fre 2236 2332 13 179 179
fre 2212 2324 13 179 179
fre 2308 2316 12 179 179
tree 2424 2328 67 0 179
cliff 2464 2320 77 179 179
cliff 3088 2320 42 179 179
fre 3108 2332 13 179 179
fre 3276 2308 6 179 179
fre 3364 2332 13 179 179
fre 3428 2324 12 179 179
fre 3492 2332 13 179 179
cliff 3536 2304 11 179 179
fre 4548 2324 87 179 179
tree 4600 2328 40 0 179
tree 4616 2312 38 0 179
tree 4664 2328 44 0 179
tree 4856 2328 43 0 179
tree 4840 2312 50 0 179
fre 4860 2308 23 179 179
tree 4872 2328 44 0 179
tree 4872 2312 51 0 179
fre 5004 2316 260 179 179
fre 5092 2308 256 179 179
fre 5324 2332 258 179 179
fre 5356 2324 255 179 179
fre 5404 2332 257 179 179
tree 5528 2312 45 0 179
fre 5572 2324 258 179 179
fre 5620 2308 259 179 179
fre 5716 2308 7 179 179
fre 6012 2316 14 179 179
lay 152 2360 54 0 179
tree 360 2360 59 0 179
trop 436 2364 70 179 179
trop 468 2364 70 179 179
cliff 2144 2336 125 179 179
fre 2188 2364 14 179 179
fre 2348 2348 14 179 179
cliff 2400 2352 87 179 179
cliff 2432 2336 74 179 179
cliff 3024 2336 45 179 179
cliff 3024 2352 53 179 179
cliff 3040 2336 52 179 179
fre 3204 2348 13 179 179
tree 3240 2360 55 0 179
fre 3284 2364 5 179 179
cliff 3568 2352 30 179 179
cliff 3552 2336 35 179 179
tree 4568 2360 43 0 179
tree 4584 2360 47 0 179
tree 4600 2344 44 0 179
tree 4584 2344 52 0 179
fre 4604 2364 87 179 179
fre 4596 2364 87 179 179
fre 4620 2356 67 179 179
fre 4636 2348 87 179 179
fre 4636 2340 87 179 179
fre 4644 2356 87 179 179
fre 4660 2364 98 179 179
fre 4684 2356 256 179 179
fre 4708 2356 260 179 179
fre 4732 2364 258 179 179
fre 4780 2348 260 179 179
fre 4804 2364 258 179 179
fre 4828 2348 255 179 179
tree 4888 2344 47 0 179
tree 4920 2360 41 0 179
tree 4968 2360 44 0 179
tree 5144 2360 46 0 179
tree 5176 2344 45 0 179
tree 5160 2344 43 0 179
tree 5176 2360 37 0 179
tree 5208 2344 34 0 179
tree 5192 2344 40 0 179
fre 5260 2340 258 179 179
fre 5372 2364 256 179 179
tree 5352 2344 49 0 179
fre 5428 2356 258 179 179
cliff 5648 2352 44 179 179
cliff 5680 2336 41 179 179
fre 5692 2364 3 179 179
fre 5716 2340 3 179 179
fre 5796 2348 12 179 179
fre 5884 2348 13 179 179
fre 5932 2348 7 179 179
fre 6076 2364 14 179 179
trop 244 2388 137 179 179
lay 344 2376 54 0 179
lay 328 2392 55 0 179
cliff 2096 2384 117 179 179
fre 2132 2396 12 179 179
cliff 2112 2384 50 179 179
cliff 2128 2368 123 179 179
fre 2276 2372 13 179 179
fre 2340 2372 14 179 179
cliff 2400 2384 85 179 179
cliff 3024 2384 46 179 179
fre 3044 2380 7 179 179
fre 3460 2396 12 179 179
fre 3532 2396 13 179 179
cliff 3600 2384 28 179 179
cliff 3584 2368 36 179 179
tree 4376 2392 34 0 179
tree 4392 2392 42 0 179
tree 4552 2376 45 0 179
fre 4572 2388 87 179 179
fre 4572 2396 87 179 179
fre 4580 2396 70 179 179
fre 4604 2388 87 179 179
fre 4612 2372 87 179 179
fre 4612 2380 87 179 179
fre 4628 2380 87 179 179
fre 4636 2380 87 179 179
fre 4644 2372 87 179 179
tree 4792 2392 45 0 179
tree 4792 2376 42 0 179
tree 4808 2376 7 0 179
tree 4824 2376 44 0 179
fre 4948 2388 260 179 179
tree 4936 2376 67 0 179
fre 4980 2396 260 179 179
fre 5004 2388 260 179 179
tree 5080 2376 7 0 179
tree 5096 2376 38 0 179
tree 5128 2376 44 0 179
tree 5144 2392 47 0 179
fre 5164 2388 256 179 179
fre 5260 2388 260 179 179
tree 5304 2376 42 0 179
tree 5304 2392 45 0 179
fre 5300 2388 260 179 179
fre 5308 2388 260 179 179
fre 5412 2372 259 179 179
fre 5500 2388 258 179 179
fre 5508 2380 255 179 179
fre 5524 2388 257 179 179
fre 5580 2372 260 179 179
fre 5596 2388 256 179 179
cliff 5648 2368 53 179 179
fre 6012 2372 13 179 179
fre 6204 2396 13 179 179
tree 136 2408 6 0 179
trop 260 2404 92 179 179
trop 284 2404 92 179 179
trop 300 2412 137 179 179
tree 376 2424 71 0 179
cliff 2096 2400 53 179 179
cliff 2128 2416 42 179 179
fre 2180 2412 13 179 179
fre 2252 2420 14 179 179
tree 2312 2424 80 0 179
tree 2328 2424 105 0 179
tree 2312 2408 44 0 179
fre 2356 2412 12 179 179
cliff 2400 2416 101 179 179
fre 2852 2420 256 179 179
fre 2892 2428 259 179 179
fre 2972 2428 258 179 179
fre 2980 2420 260 179 179
cliff 3024 2416 53 179 179
fre 3116 2412 13 179 179
fre 3204 2412 14 179 179
fre 3340 2420 13 179 179
fre 3412 2412 7 179 179
fre 3580 2420 12 179 179
cliff 3632 2416 30 179 179
cliff 3616 2400 33 179 179
tree 4024 2424 74 0 179
tree 4152 2424 76 0 179
fre 4236 2428 88 179 179
tree 4264 2424 37 0 179
tree 4264 2408 41 0 179
tree 4280 2408 45 0 179
fre 4284 2412 265 179 179
fre 4308 2428 259 179 179
tree 4376 2408 28 0 179
tree 4408 2408 44 0 179
fre 4388 2404 265 179 179
fre 4404 2420 255 179 179
fre 4436 2412 265 179 179
fre 4516 2412 87 179 179
tree 4552 2424 44 0 179
tree 4552 2408 43 0 179
tree 4664 2408 47 0 179
tree 4696 2408 39 0 179
fre 4692 2404 98 179 179
fre 4876 2412 13 179 179
fre 4932 2420 260 179 179
fre 4932 2404 68 179 179
fre 5004 2420 255 179 179
fre 5068 2428 256 179 179
fre 5100 2420 259 179 179
fre 5164 2420 260 179 179
fre 5428 2420 259 179 179
tree 5512 2424 37 0 179
tree 5528 2424 35 0 179
fre 5556 2420 258 179 179
cliff 5648 2400 47 179 179
fre 5692 2404 3 179 179
tree 5688 2424 55 0 179
fre 5716 2420 5 179 179
fre 5788 2412 7 179 179
fre 5836 2412 12 179 179
fre 5892 2428 7 179 179
tree 5896 2424 51 0 179
fre 5932 2428 5 179 179
fre 5964 2428 6 179 179
fre 6124 2420 13 179 179
tree 136 2456 80 0 179
tree 376 2456 48 0 179
trop 436 2444 70 179 179
trop 468 2444 70 179 179
cliff 2064 2448 53 179 179
cliff 2096 2448 39 179 179
fre 2188 2452 13 179 179
tree 2248 2456 67 0 179
tree 2248 2440 66 0 179
fre 2332 2444 12 179 179
tree 2312 2440 71 0 179
tree 2392 2440 73 0 179
cliff 2400 2432 86 179 179
fre 2828 2460 258 179 179
cliff 3024 2448 46 179 179
fre 3252 2452 6 179 179
fre 3500 2460 5 179 179
fre 3620 2460 14 179 179
cliff 3664 2448 50 179 179
cliff 3648 2432 35 179 179
tree 4024 2440 76 0 179
fre 4028 2460 99 179 179
tree 4024 2456 89 0 179
stand 4056 2456 392 0 179
stand 4040 2456 407 0 179
fre 4148 2452 88 179 179
fre 4148 2460 92 179 179
fre 4172 2452 88 179 179
fre 4180 2436 88 179 179
fre 4188 2436 88 179 179
fre 4164 2444 89 179 179
fre 4180 2444 84 179 179
fre 4188 2460 101 179 179
fre 4196 2444 88 179 179
fre 4212 2436 88 179 179
fre 4220 2436 88 179 179
fre 4220 2444 88 179 179
fre 4212 2444 88 179 179
fre 4196 2436 88 179 179
fre 4204 2444 89 179 179
fre 4204 2436 84 179 179
tree 4248 2456 40 0 179
tree 4232 2456 65 0 179
fre 4228 2436 88 179 179
fre 4236 2452 89 179 179
fre 4228 2444 84 179 179
fre 4236 2444 84 179 179
fre 4244 2436 84 179 179
fre 4244 2444 84 179 179
cliff 4560 2448 30 179 179
fre 4636 2436 14 179 179
fre 4652 2460 12 179 179
fre 4732 2436 13 179 179
fre 4828 2436 13 179 179
fre 4996 2444 255 179 179
fre 5244 2460 257 179 179
fre 5252 2436 260 179 179
tree 5320 2456 47 0 179
fre 5324 2452 259 179 179
fre 5380 2460 258 179 179
fre 5412 2452 258 179 179
tree 5448 2440 51 0 179
tree 5448 2456 44 0 179
fre 5532 2444 258 179 179
fre 5596 2436 258 179 179
cliff 5648 2432 19 179 179
cliff 5664 2448 27 179 179
fre 5748 2452 7 179 179
fre 5980 2444 13 179 179
fre 6060 2444 13 179 179
fre 6196 2436 13 179 179
fre 6284 2444 14 179 179
trop 7748 2452 14 179 179
tree 136 2472 71 0 179
trop 276 2492 137 179 179
lay 328 2488 53 0 179
tree 376 2488 60 0 179
tree 376 2472 16 0 179
cliff 2032 2480 41 179 179
cliff 2048 2464 49 179 179
fre 2092 2476 13 179 179
tree 2200 2488 53 0 179
fre 2308 2484 260 179 179
tree 2392 2472 67 0 179
cliff 2416 2480 79 179 179
tree 2632 2472 7 0 179
tree 2648 2472 43 0 179
tree 2664 2488 37 0 179
tree 2664 2472 45 0 179
fre 2668 2492 256 179 179
fre 2708 2492 258 179 179
fre 2764 2484 255 179 179
fre 2956 2476 6 179 179
fre 2988 2468 254 179 179
cliff 3024 2480 48 179 179
fre 3044 2468 7 179 179
tree 3096 2472 53 0 179
fre 3124 2468 5 179 179
fre 3204 2492 13 179 179
stand 3768 2472 454 0 179
fre 3804 2476 177 179 179
fre 4028 2492 135 179 179
stand 4040 2488 223 0 179
stand 4136 2488 223 0 179
fre 4156 2468 220 179 179
stand 4168 2472 105 0 179
cliff 4560 2480 15 179 179
cliff 4560 2464 12 179 179
cliff 4576 2464 34 179 179
fre 4660 2484 7 179 179
fre 4788 2476 13 179 179
cliff 4880 2480 44 179 179
cliff 4896 2480 52 179 179
cliff 4928 2480 50 179 179
cliff 4960 2480 50 179 179
cliff 4992 2480 50 179 179
cliff 5024 2480 28 179 179
fre 5100 2468 258 179 179
fre 5132 2492 255 179 179
fre 5260 2484 259 179 179
fre 5268 2468 256 179 179
fre 5508 2468 258 179 179
fre 5596 2484 259 179 179
cliff 5680 2464 23 179 179
cliff 5696 2464 18 179 179
cliff 5728 2480 26 179 179
fre 5828 2492 5 179 179
fre 5956 2492 6 179 179
fre 6108 2492 14 179 179
fre 6228 2492 14 179 179
fre 6372 2468 14 179 179
lay 136 2504 55 0 179
trop 252 2524 137 179 179
trop 276 2516 92 179 179
tree 376 2504 86 0 179
tree 392 2520 44 0 179
trop 436 2524 70 179 179
trop 468 2524 70 179 179
cliff 1968 2512 38 179 179
fre 1988 2524 13 179 179
cliff 2000 2496 40 179 179
fre 2148 2524 13 179 179
tree 2168 2520 28 0 179
tree 2200 2520 46 0 179
fre 2260 2500 259 179 179
cliff 2384 2496 72 179 179
tree 2648 2504 44 0 179
fre 2652 2516 260 179 179
tree 2856 2504 53 0 179
tree 2888 2504 55 0 179
fre 2884 2508 5 179 179
fre 2932 2524 12 179 179
cliff 3024 2512 46 179 179
fre 3356 2508 226 179 179
fre 3516 2508 226 179 179
fre 3532 2508 226 179 179
fre 3676 2516 226 179 179
stand 3912 2504 443 0 179
stand 4008 2504 443 0 179
fre 4052 2524 236 179 179
trop 4092 2508 14 179 179
stand 4328 2504 443 0 179
stand 4424 2504 443 0 179
stand 4520 2504 443 0 179
fre 4532 2508 13 179 179
cliff 4576 2512 33 179 179
tree 4680 2504 51 0 179
fre 4708 2500 5 179 179
cliff 4864 2512 42 179 179
fre 4892 2508 12 179 179
fre 4908 2516 5 179 179
fre 4980 2508 3 179 179
cliff 5040 2496 33 179 179
cliff 5056 2512 52 179 179
cliff 5088 2512 29 179 179
fre 5212 2516 260 179 179
fre 5196 2524 255 179 179
fre 5460 2508 260 179 179
fre 5484 2516 260 179 179
fre 5532 2500 259 179 179
tree 5544 2520 50 0 179
tree 5544 2504 33 0 179
tree 5560 2504 43 0 179
tree 5592 2504 46 0 179
tree 5576 2504 53 0 179
tree 5688 2504 37 0 179
tree 5704 2520 36 0 179
cliff 5744 2496 20 179 179
cliff 5760 2512 24 179 179
fre 5900 2508 12 179 179
fre 6012 2500 7 179 179
fre 6076 2516 7 179 179
fre 6148 2508 14 179 179
fre 6284 2500 14 179 179
fre 6348 2508 7 179 179
fre 6372 2524 6 179 179
tree 6376 2520 50 0 179
fre 6412 2524 5 179 179
tree 136 2552 24 0 179
lay 152 2536 53 0 179
tree 344 2552 102 0 179
tree 344 2536 80 0 179
cliff 1936 2544 43 179 179
cliff 1936 2528 39 179 179
fre 2060 2540 13 179 179
tree 2088 2552 54 0 179
fre 2188 2532 258 179 179
tree 2184 2552 44 0 179
tree 2200 2536 48 0 179
fre 2276 2556 258 179 179
cliff 2352 2544 58 179 179
cliff 2368 2528 77 179 179
tree 2424 2552 36 0 179
fre 2684 2540 259 179 179
fre 2788 2548 3 179 179
tree 2856 2536 54 0 179
fre 2876 2556 13 179 179
fre 2932 2556 14 179 179
fre 2972 2540 7 179 179
cliff 3024 2544 53 179 179
fre 3052 2532 12 179 179
fre 3092 2556 13 179 179
fre 3220 2548 7 179 179
fre 3308 2556 227 179 179
fre 3412 2556 227 179 179
trop 3436 2532 190 179 179
fre 3468 2556 227 179 179
fre 3580 2556 227 179 179
trop 3588 2556 190 179 179
dom 4000 2528 460 0 179
fre 4124 2556 205 179 179
cliff 4592 2528 50 179 179
fre 4580 2556 14 179 179
cliff 4624 2528 28 179 179
cliff 4640 2544 35 179 179
fre 4756 2540 13 179 179
tree 4856 2552 89 0 179
cliff 4832 2528 45 179 179
cliff 4832 2544 47 179 179
fre 4892 2540 5 179 179
fre 4908 2556 7 179 179
fre 5052 2548 14 179 179
cliff 5104 2528 35 179 179
cliff 5120 2544 50 179 179
tree 5176 2552 55 0 179
cliff 5152 2544 29 179 179
fre 5276 2532 259 179 179
fre 5324 2556 258 179 179
fre 5380 2556 255 179 179
fre 5396 2540 255 179 179
fre 5444 2540 260 179 179
fre 5476 2548 259 179 179
fre 5644 2532 260 179 179
fre 5660 2540 255 179 179
tree 5704 2552 35 0 179
tree 5752 2552 34 0 179
cliff 5776 2528 21 179 179
cliff 5792 2544 26 179 179
fre 5868 2540 6 179 179
fre 6020 2540 6 179 179
fre 6044 2532 12 179 179
fre 6100 2532 6 179 179
tree 6152 2552 52 0 179
fre 6180 2548 5 179 179
fre 6260 2540 14 179 179
fre 6324 2556 13 179 179
tree 136 2568 95 0 179
lay 184 2584 53 0 179
tree 376 2584 53 0 179
tree 360 2584 95 0 179
tree 360 2568 58 0 179
cliff 1920 2576 41 179 179
cliff 1936 2560 43 179 179
fre 1956 2572 14 179 179
fre 2004 2588 13 179 179
tree 2040 2584 7 0 179
tree 2056 2584 41 0 179
tree 2072 2568 49 0 179
tree 2104 2568 45 0 179
fre 2220 2564 259 179 179
tree 2376 2568 7 0 179
tree 2376 2584 42 0 179
tree 2408 2584 44 0 179
fre 2716 2572 260 179 179
fre 2764 2588 4 179 179
cliff 3024 2576 21 179 179
fre 3084 2564 12 179 179
fre 3108 2572 12 179 179
fre 3140 2580 12 179 179
fre 3172 2564 7 179 179
fre 3260 2564 227 179 179
trop 3268 2564 190 179 179
fre 3308 2572 227 179 179
dom 3360 2560 79 1 179
fre 3412 2572 227 179 179
trop 3436 2572 181 179 179
fre 3468 2572 227 179 179
dom 3520 2560 222 0 179
fre 3580 2572 227 179 179
fre 3628 2572 227 179 179
dom 3648 2560 128 0 179
fre 3724 2572 227 179 179
trop 3764 2572 17 179 179
fre 3852 2580 226 179 179
fre 3900 2580 226 179 179
fre 3996 2580 226 179 179
trop 4092 2572 14 179 179
fre 4300 2572 233 179 179
trop 4364 2588 25 179 179
fre 4428 2580 218 179 179
fre 4620 2588 12 179 179
cliff 4656 2576 15 179 179
cliff 4656 2560 32 179 179
cliff 4672 2576 64 179 179
fre 4772 2564 13 179 179
cliff 4832 2576 91 179 179
cliff 4848 2576 54 179 179
fre 4972 2580 13 179 179
fre 5124 2572 12 179 179
cliff 5168 2560 36 179 179
tree 5192 2568 50 0 179
tree 5192 2584 79 0 179
cliff 5184 2576 52 179 179
tree 5224 2584 67 0 179
cliff 5216 2576 31 179 179
fre 5308 2564 258 179 179
tree 5384 2568 53 0 179
tree 5384 2584 44 0 179
fre 5500 2580 260 179 179
tree 5512 2584 48 0 179
tree 5576 2568 46 0 179
tree 5576 2584 44 0 179
fre 5588 2588 260 179 179
fre 5652 2588 258 179 179
fre 5692 2572 259 179 179
tree 5736 2568 44 0 179
fre 5764 2580 260 179 179
tree 5816 2584 89 0 179
tree 5816 2568 72 0 179
cliff 5808 2560 48 179 179
fre 5964 2572 14 179 179
fre 6452 2588 14 179 179
tree 136 2616 28 0 179
lay 280 2616 55 0 179
lay 312 2616 54 0 179
tree 376 2600 42 0 179
trop 436 2604 70 179 179
trop 468 2604 70 179 179
fre 1908 2620 12 179 179
cliff 1904 2608 42 179 179
fre 1932 2604 12 179 179
cliff 1920 2592 42 179 179
tree 2040 2600 36 0 179
fre 2052 2612 256 179 179
fre 2140 2596 255 179 179
fre 2212 2620 260 179 179
fre 2252 2612 258 179 179
tree 2296 2616 55 0 179
fre 2364 2612 259 179 179
tree 2344 2616 33 0 179
tree 2360 2616 49 0 179
tree 2344 2600 48 0 179
tree 2376 2600 45 0 179
fre 2692 2596 256 179 179
fre 2820 2620 7 179 179
fre 2876 2604 12 179 179
fre 2940 2612 12 179 179
fre 2988 2604 6 179 179
cliff 3040 2592 62 179 179
fre 3196 2620 14 179 179
fre 3212 2620 7 179 179
fre 3580 2596 227 179 179
trop 3852 2596 180 179 179
trop 3908 2596 180 179 179
trop 3996 2596 180 179 179
trop 4372 2596 26 179 179
cliff 4672 2608 33 179 179
fre 4764 2612 12 179 179
fre 4796 2604 12 179 179
cliff 4864 2592 62 179 179
fre 4996 2596 12 179 179
fre 5028 2620 12 179 179
fre 5076 2596 12 179 179
fre 5172 2604 12 179 179
fre 5212 2620 12 179 179
tree 5240 2616 44 0 179
cliff 5232 2592 35 179 179
tree 5256 2616 47 0 179
cliff 5248 2608 30 179 179
tree 5336 2600 48 0 179
tree 5320 2600 15 0 179
fre 5380 2612 5 179 179
fre 5556 2604 258 179 179
fre 5572 2596 258 179 179
fre 5612 2620 259 179 179
tree 5816 2600 76 0 179
cliff 5808 2592 20 179 179
tree 5848 2616 56 0 179
cliff 5824 2608 25 179 179
fre 6052 2620 12 179 179
fre 6092 2604 7 179 179
fre 6140 2620 14 179 179
fre 6308 2620 13 179 179
fre 6356 2596 14 179 179
fre 6388 2604 14 179 179
fre 6476 2620 13 179 179
fre 6564 2620 13 179 179
trop 7748 2612 14 179 179
tree 136 2632 49 0 179
tree 376 2648 92 0 179
tree 376 2632 94 0 179
cliff 1888 2640 43 179 179
cliff 1888 2624 41 179 179
fre 1924 2652 14 179 179
fre 1956 2636 14 179 179
fre 1988 2644 12 179 179
tree 2024 2632 44 0 179
cliff 2096 2640 59 179 179
tree 2152 2648 49 0 179
fre 2308 2644 258 179 179
fre 2428 2652 260 179 179
fre 2756 2636 6 179 179
fre 3676 2628 226 179 179
trop 3668 2644 180 179 179
fre 3860 2628 226 179 179
fre 3892 2628 226 179 179
fre 3884 2652 98 179 179
fre 3996 2628 226 179 179
fre 4124 2652 205 179 179
fre 4220 2644 232 179 179
trop 4268 2628 23 179 179
fre 4364 2628 226 179 179
fre 4412 2644 88 179 179
trop 4492 2636 20 179 179
fre 4652 2652 12 179 179
fre 4788 2652 14 179 179
fre 4820 2644 6 179 179
fre 5148 2652 13 179 179
tree 5272 2648 51 0 179
cliff 5264 2624 33 179 179
cliff 5280 2640 30 179 179
tree 5336 2632 44 0 179
fre 5452 2636 4 179 179
tree 5496 2632 50 0 179
tree 5480 2632 28 0 179
tree 5496 2648 39 0 179
fre 5516 2636 260 179 179
fre 5676 2636 259 179 179
tree 5704 2632 52 0 179
tree 5704 2648 46 0 179
tree 5720 2632 44 0 179
cliff 5840 2624 48 179 179
tree 5864 2648 75 0 179
fre 5916 2628 7 179 179
fre 5988 2636 13 179 179
fre 6228 2628 13 179 179
lay 232 2664 53 0 179
lay 264 2680 55 0 179
tree 312 2680 2 0 179
tree 296 2680 14 0 179
tree 328 2680 52 0 179
tree 376 2664 86 0 179
tree 376 2680 71 0 179
tree 392 2664 79 0 179
trop 436 2684 70 179 179
trop 468 2684 70 179 179
fre 524 2676 7 179 179
cliff 1872 2672 40 179 179
tree 2024 2680 38 0 179
tree 2136 2680 51 0 179
tree 2152 2664 47 0 179
fre 2180 2668 259 179 179
fre 2284 2668 256 179 179
tree 2440 2680 37 0 179
tree 2440 2664 44 0 179
fre 2636 2676 256 179 179
fre 2684 2676 258 179 179
fre 2748 2676 7 179 179
fre 2876 2676 13 179 179
tree 2936 2680 52 0 179
fre 2964 2684 5 179 179
fre 3036 2676 7 179 179
fre 3116 2676 6 179 179
fre 3212 2676 13 179 179
fre 3260 2668 227 179 179
trop 3268 2668 181 179 179
fre 3308 2660 205 179 179
dom 3360 2656 222 0 179
fre 3412 2668 227 179 179
trop 3436 2660 181 179 179
fre 3468 2676 227 179 179
dom 3520 2656 222 0 179
fre 3580 2676 227 179 179
trop 3596 2660 181 179 179
fre 3676 2668 226 179 179
trop 3772 2668 27 179 179
fre 3804 2676 227 179 179
tree 3832 2664 18 0 179
fre 3844 2676 97 179 179
dom 3904 2656 246 0 179
trop 3908 2676 181 179 179
tree 3992 2680 76 0 179
tree 3992 2664 66 0 179
fre 3980 2676 97 179 179
fre 4052 2676 205 179 179
trop 4092 2684 14 179 179
fre 4300 2668 220 179 179
tree 4328 2664 49 0 179
tree 4344 2664 41 0 179
tree 4328 2680 28 0 179
fre 4364 2660 98 179 179
tree 4360 2664 71 0 179
fre 4404 2668 99 179 179
fre 4388 2660 87 179 179
fre 4436 2676 99 179 179
fre 4436 2660 213 179 179
fre 4516 2660 219 179 179
tree 5016 2664 56 0 179
fre 5044 2660 5 179 179
fre 5204 2684 7 179 179
fre 5252 2660 6 179 179
cliff 5280 2656 11 179 179
fre 5396 2668 14 179 179
tree 5496 2680 45 0 179
tree 5528 2680 43 0 179
fre 5540 2660 256 179 179
fre 5572 2676 259 179 179
tree 5608 2664 41 0 179
tree 5640 2664 44 0 179
fre 5788 2668 256 179 179
cliff 5840 2656 20 179 179
cliff 5856 2672 27 179 179
fre 6108 2676 13 179 179
fre 6196 2668 14 179 179
fre 6276 2684 13 179 179
fre 6348 2668 14 179 179
fre 6436 2660 13 179 179
tree 152 2712 65 0 179
tree 136 2712 53 0 179
tree 248 2712 26 0 179
stand 360 2712 153 0 179
fre 380 2700 7 179 179
cliff 1728 2704 122 179 179
cliff 1760 2704 124 179 179
cliff 1776 2688 122 179 179
cliff 1808 2688 51 179 179
cliff 1840 2688 50 179 179
fre 1884 2692 13 179 179
fre 1956 2716 13 179 179
fre 2028 2692 258 179 179
tree 2024 2712 45 0 179
tree 2040 2712 51 0 179
cliff 2064 2704 65 179 179
cliff 2080 2704 28 179 179
fre 2140 2692 251 179 179
tree 2136 2696 44 0 179
fre 2228 2716 251 179 179
fre 2220 2692 258 179 179
fre 2260 2708 260 179 179
fre 2332 2708 258 179 179
fre 2420 2708 256 179 179
fre 2692 2716 258 179 179
fre 2788 2692 3 179 179
fre 2844 2716 14 179 179
fre 3060 2708 13 179 179
fre 3212 2716 226 179 179
fre 3356 2716 206 179 179
fre 3628 2716 205 179 179
tree 3832 2712 19 0 179
tree 3992 2696 17 0 179
stand 4360 2712 2 0 179
tree 4408 2696 36 0 179
tree 4408 2712 40 0 179
tree 4392 2696 51 0 179
fre 4412 2708 87 179 179
fre 4436 2708 99 179 179
fre 4420 2692 87 179 179
fre 4676 2692 12 179 179
fre 4772 2700 7 179 179
tree 4824 2696 52 0 179
fre 4860 2692 5 179 179
fre 4940 2692 14 179 179
fre 5068 2716 13 179 179
cliff 5184 2688 63 179 179
fre 5244 2708 7 179 179
fre 5276 2708 6 179 179
tree 5304 2696 67 0 179
tree 5304 2712 10 0 179
cliff 5296 2688 34 179 179
cliff 5312 2704 28 179 179
fre 5388 2708 12 179 179
tree 5480 2712 53 0 179
tree 5496 2712 38 0 179
fre 5484 2700 6 179 179
tree 5528 2712 46 0 179
tree 5608 2696 45 0 179
fre 5612 2700 260 179 179
fre 5604 2708 260 179 179
fre 5724 2700 260 179 179
fre 5700 2692 260 179 179
tree 5736 2696 47 0 179
tree 5752 2696 46 0 179
tree 5752 2712 37 0 179
tree 5768 2696 36 0 179
fre 5812 2716 256 179 179
cliff 5872 2688 19 179 179
cliff 5888 2704 26 179 179
fre 5932 2692 3 179 179
fre 6020 2700 12 179 179
fre 6180 2716 14 179 179
fre 6420 2700 12 179 179
cliff 6496 2688 59 179 179
tree 248 2728 85 0 179
tree 232 2744 19 0 179
fre 532 2724 12 179 179
cliff 1696 2736 113 179 179
cliff 1728 2720 114 179 179
fre 1764 2732 13 179 179
fre 1836 2740 14 179 179
tree 2040 2744 42 0 179
tree 2024 2744 55 0 179
fre 2060 2740 256 179 179
cliff 2096 2720 33 179 179
tree 2104 2744 42 0 179
cliff 2112 2736 52 179 179
cliff 2144 2736 51 179 179
cliff 2176 2736 31 179 179
fre 2260 2740 253 179 179
fre 2364 2748 256 179 179
tree 2408 2728 28 0 179
tree 2408 2744 36 0 179
tree 2424 2728 45 0 179
fre 2428 2740 257 179 179
trop 3236 2732 216 179 179
trop 3340 2732 180 179 179
trop 3428 2732 180 179 179
fre 3524 2724 226 179 179
trop 3532 2732 180 179 179
fre 3628 2748 205 179 179
dom 3648 2720 128 0 179
fre 3724 2724 227 179 179
fre 3724 2740 227 179 179
fre 3828 2724 98 179 179
fre 3988 2748 97 179 179
fre 4124 2724 205 179 179
fre 4164 2740 229 179 179
trop 4228 2732 24 179 179
fre 4268 2740 205 179 179
fre 4316 2724 87 179 179
tree 4344 2744 36 0 179
fre 4332 2748 87 179 179
tree 4408 2744 67 0 179
fre 4436 2732 99 179 179
fre 4420 2724 87 179 179
fre 4540 2748 205 179 179
fre 4772 2732 13 179 179
fre 4980 2740 6 179 179
tree 5160 2728 67 0 179
tree 5240 2744 50 0 179
tree 5256 2728 66 0 179
tree 5288 2728 56 0 179
tree 5288 2744 77 0 179
tree 5320 2744 72 0 179
cliff 5312 2720 15 179 179
fre 5428 2732 14 179 179
tree 5496 2728 54 0 179
tree 5480 2728 49 0 179
fre 5564 2748 6 179 179
fre 5644 2748 260 179 179
tree 5688 2728 56 0 179
tree 5688 2744 45 0 179
fre 5732 2732 255 179 179
fre 5812 2740 259 179 179
tree 5864 2728 56 0 179
cliff 5904 2720 23 179 179
cliff 5920 2736 25 179 179
fre 5972 2732 7 179 179
fre 6108 2748 14 179 179
fre 6364 2724 14 179 179
cliff 6464 2720 11 179 179
tree 232 2760 14 0 179
fre 348 2756 14 179 179
trop 436 2764 70 179 179
trop 468 2764 70 179 179
fre 548 2756 7 179 179
cliff 1648 2752 47 179 179
cliff 1664 2752 112 179 179
fre 1708 2756 13 179 179
fre 1804 2780 14 179 179
fre 1900 2764 14 179 179
fre 1940 2772 12 179 179
fre 2004 2780 7 179 179
tree 2040 2776 47 0 179
tree 2056 2760 46 0 179
tree 2072 2760 40 0 179
tree 2104 2760 54 0 179
tree 2088 2760 47 0 179
fre 2124 2764 255 179 179
tree 2136 2760 44 0 179
cliff 2176 2752 14 179 179
tree 2248 2760 44 0 179
fre 2292 2764 259 179 179
fre 2356 2780 255 179 179
fre 2676 2764 259 179 179
fre 2756 2764 7 179 179
fre 2788 2756 14 179 179
fre 2868 2756 13 179 179
fre 2964 2756 13 179 179
fre 3028 2764 13 179 179
fre 3036 2772 14 179 179
fre 3116 2772 13 179 179
fre 3220 2764 226 179 179
fre 3252 2764 206 179 179
fre 3356 2764 206 179 179
fre 3524 2764 226 179 179
trop 3596 2772 181 179 179
trop 3764 2756 14 179 179
fre 3804 2780 227 179 179
fre 3828 2764 99 179 179
fre 3860 2756 97 179 179
fre 3908 2780 227 179 179
trop 3908 2772 181 179 179
fre 3940 2780 227 179 179
fre 4020 2780 98 179 179
fre 4052 2780 205 179 179
stand 4088 2760 87 0 179
stand 4072 2760 87 0 179
stand 4072 2776 87 0 179
stand 4088 2776 87 0 179
trop 4196 2772 22 179 179
trop 4228 2780 24 179 179
fre 4308 2756 99 179 179
fre 4292 2772 87 179 179
fre 4348 2772 87 179 179
fre 4380 2756 87 179 179
fre 4396 2756 87 179 179
fre 4436 2756 99 179 179
fre 4428 2772 98 179 179
fre 4468 2764 205 179 179
trop 4500 2772 14 179 179
fre 4844 2756 14 179 179
fre 4932 2764 14 179 179
fre 4964 2764 12 179 179
fre 4988 2780 4 179 179
fre 5124 2756 14 179 179
tree 5240 2760 49 0 179
cliff 5232 2752 61 179 179
tree 5272 2760 55 0 179
tree 5272 2776 67 0 179
cliff 5248 2752 17 179 179
cliff 5280 2752 18 179 179
cliff 5328 2768 6 179 179
fre 5476 2780 13 179 179
fre 5540 2780 12 179 179
tree 5624 2760 56 0 179
tree 5624 2776 49 0 179
tree 5608 2760 43 0 179
tree 5608 2776 44 0 179
fre 5692 2764 260 179 179
fre 5676 2780 260 179 179
fre 5692 2772 258 179 179
fre 5764 2780 255 179 179
cliff 5936 2752 19 179 179
tree 5928 2776 71 0 179
cliff 5952 2768 24 179 179
fre 6044 2780 13 179 179
fre 6236 2764 14 179 179
fre 6268 2764 14 179 179
fre 6332 2764 6 179 179
tree 6376 2776 54 0 179
fre 6412 2772 5 179 179
cliff 6464 2752 11 179 179
trop 7748 2772 14 179 179
tree 216 2808 80 0 179
tree 248 2792 77 0 179
tree 232 2792 76 0 179
tree 232 2808 108 0 179
fre 300 2812 7 179 179
dom 320 2784 352 0 179
fre 588 2812 12 179 179
cliff 1648 2784 46 179 179
fre 1716 2788 13 179 179
fre 1844 2796 12 179 179
fre 2148 2812 14 179 179
cliff 2192 2784 33 179 179
cliff 2208 2800 30 179 179
fre 2340 2812 259 179 179
fre 3100 2812 5 179 179
fre 3412 2812 205 179 179
trop 3428 2812 181 179 179
fre 3468 2812 227 179 179
fre 3580 2812 227 179 179
fre 3676 2796 226 179 179
trop 3668 2804 180 179 179
fre 3836 2812 100 179 179
fre 3876 2796 99 179 179
fre 3908 2788 227 179 179
fre 3964 2788 98 179 179
fre 3988 2812 97 179 179
trop 4164 2804 25 179 179
fre 4300 2812 98 179 179
tree 4296 2792 66 0 179
tree 4296 2808 42 0 179
fre 4308 2788 87 179 179
fre 4308 2804 87 179 179
stand 4328 2792 499 0 179
fre 4340 2804 100 179 179
fre 4380 2796 100 179 179
fre 4380 2788 87 179 179
stand 4408 2792 499 0 179
tree 4440 2792 48 0 179
fre 4420 2804 97 179 179
fre 4924 2796 4 179 179
fre 5020 2804 4 179 179
fre 4996 2804 4 179 179
fre 5036 2788 14 179 179
fre 5172 2796 13 179 179
fre 5212 2796 6 179 179
fre 5412 2796 7 179 179
fre 5612 2812 14 179 179
tree 5800 2792 45 0 179
fre 5844 2804 260 179 179
fre 5900 2796 258 179 179
cliff 5968 2784 19 179 179
cliff 5984 2800 27 179 179
fre 6164 2804 14 179 179
cliff 6464 2784 11 179 179
tree 216 2840 6 0 179
fre 276 2844 6 179 179
trop 436 2844 70 179 179
trop 468 2844 70 179 179
dom 512 2816 503 0 179
cliff 1648 2832 44 179 179
cliff 1664 2832 115 179 179
fre 1724 2844 13 179 179
fre 1724 2820 13 179 179
fre 1780 2844 13 179 179
fre 1772 2828 13 179 179
fre 1948 2820 6 179 179
fre 2076 2828 13 179 179
cliff 2208 2816 12 179 179
tree 2264 2824 41 0 179
tree 2280 2840 45 0 179
fre 2300 2844 260 179 179
fre 2668 2828 256 179 179
fre 2716 2820 258 179 179
tree 2808 2840 76 0 179
tree 2792 2840 65 0 179
cliff 2800 2816 45 179 179
cliff 2816 2816 50 179 179
fre 2852 2836 6 179 179
cliff 2848 2816 52 179 179
stand 2888 2840 108 0 179
fre 2892 2844 6 179 179
cliff 2880 2816 52 179 179
fre 2924 2844 3 179 179
cliff 2912 2816 50 179 179
cliff 2944 2816 51 179 179
cliff 2976 2816 101 179 179
cliff 2976 2832 86 179 179
fre 3132 2836 7 179 179
dom 3488 2816 77 1 179
fre 3580 2836 227 179 179
fre 3676 2844 226 179 179
fre 3868 2828 98 179 179
trop 4092 2844 14 179 179
trop 4140 2820 24 179 179
trop 4164 2820 24 179 179
trop 4164 2820 26 179 179
trop 4196 2820 24 179 179
trop 4212 2828 24 179 179
trop 4220 2844 24 179 179
trop 4228 2836 24 179 179
fre 4268 2836 205 179 179
fre 4380 2844 97 179 179
fre 4364 2820 87 179 179
fre 4412 2828 89 179 179
fre 4420 2836 87 179 179
fre 4436 2820 87 179 179
fre 4468 2844 205 179 179
fre 4540 2844 205 179 179
fre 4892 2820 13 179 179
fre 4932 2844 4 179 179
fre 5076 2828 12 179 179
fre 5084 2820 12 179 179
fre 5548 2828 6 179 179
fre 5716 2820 255 179 179
fre 5860 2820 256 179 179
fre 5900 2828 259 179 179
tree 5960 2840 54 0 179
tree 5960 2824 49 0 179
cliff 6000 2816 21 179 179
cliff 6016 2832 24 179 179
fre 6092 2820 13 179 179
tree 6264 2840 66 0 179
tree 6312 2840 67 0 179
cliff 6336 2816 17 179 179
cliff 6368 2816 54 179 179
cliff 6400 2816 18 179 179
cliff 6432 2816 54 179 179
cliff 6480 2832 7 179 179
tree 216 2856 56 0 179
fre 612 2868 12 179 179
fre 644 2852 7 179 179
cliff 1632 2848 118 179 179
fre 1692 2852 14 179 179
fre 1724 2868 13 179 179
fre 1828 2860 14 179 179
fre 1892 2852 13 179 179
fre 2020 2876 7 179 179
fre 2172 2860 12 179 179
cliff 2224 2848 35 179 179
cliff 2240 2864 29 179 179
tree 2296 2872 42 0 179
fre 2316 2868 251 179 179
fre 2372 2852 258 179 179
fre 2612 2868 256 179 179
fre 2668 2852 30 179 179
tree 2776 2856 71 0 179
cliff 2752 2864 44 179 179
fre 2812 2852 6 179 179
cliff 2784 2848 43 179 179
fre 2868 2868 6 179 179
fre 3084 2876 6 179 179
dom 3264 2848 78 0 179
dom 3360 2848 78 1 179
vor 3564 2852 10 179 179
fre 3844 2852 97 179 179
trop 3908 2868 181 179 179
fre 4172 2876 213 179 179
trop 4196 2876 24 179 179
trop 4204 2860 24 179 179
fre 4316 2860 97 179 179
fre 4412 2876 97 179 179
fre 4908 2860 13 179 179
fre 5060 2868 12 179 179
fre 5164 2868 13 179 179
fre 5252 2868 13 179 179
fre 5308 2876 7 179 179
fre 5380 2852 5 179 179
tree 5464 2856 54 0 179
fre 5460 2852 4 179 179
fre 5500 2852 5 179 179
tree 5592 2872 44 0 179
tree 5608 2872 51 0 179
tree 5640 2872 43 0 179
tree 5656 2856 54 0 179
tree 5640 2856 50 0 179
cliff 5648 2848 52 179 179
cliff 5632 2848 44 179 179
tree 5672 2856 47 0 179
cliff 5680 2848 49 179 179
tree 5720 2872 45 0 179
cliff 5712 2848 32 179 179
cliff 5728 2864 34 179 179
tree 5784 2872 74 0 179
fre 5812 2860 260 179 179
fre 5796 2868 260 179 179
tree 5992 2856 44 0 179
fre 5996 2876 260 179 179
cliff 6032 2848 20 179 179
cliff 6048 2864 24 179 179
fre 6132 2860 13 179 179
tree 6200 2872 88 0 179
cliff 6256 2864 54 179 179
cliff 6320 2848 2 179 179
fre 252 2892 7 179 179
fre 668 2892 12 179 179
cliff 1632 2896 109 179 179
cliff 1632 2880 45 179 179
fre 1676 2892 14 179 179
fre 1724 2892 5 179 179
tree 1960 2904 53 0 179
fre 1980 2908 5 179 179
fre 2100 2900 13 179 179
fre 2188 2892 13 179 179
cliff 2240 2880 12 179 179
tree 2296 2904 42 0 179
tree 2296 2888 41 0 179
tree 2328 2904 38 0 179
tree 2328 2888 44 0 179
tree 2312 2904 45 0 179
fre 2388 2892 256 179 179
fre 2644 2908 48 179 179
fre 2636 2908 256 179 179
fre 2708 2908 270 179 179
fre 2700 2892 256 179 179
fre 2780 2908 7 179 179
cliff 2752 2880 48 179 179
dom 2816 2880 21 0 179
cliff 2960 2896 58 179 179
cliff 2992 2880 8 179 179
fre 3212 2900 233 179 179
trop 3212 2908 184 179 179
fre 3340 2908 218 179 179
trop 3596 2884 181 179 179
fre 3628 2900 227 179 179
dom 3648 2880 128 1 179
fre 3724 2900 227 179 179
trop 3764 2908 14 179 179
fre 3804 2884 227 179 179
fre 3844 2900 97 179 179
dom 3872 2880 222 0 179
fre 3908 2884 227 179 179
fre 3940 2884 227 179 179
dom 4000 2880 79 0 179
fre 4052 2884 205 179 179
fre 4124 2900 205 179 179
fre 4156 2892 98 179 179
fre 4172 2892 98 179 179
fre 4444 2900 87 179 179
fre 4436 2900 88 179 179
fre 4420 2892 89 179 179
dom 4864 2880 64 0 179
trop 4972 2892 190 179 179
fre 5044 2884 4 179 179
dom 5088 2880 222 0 179
tree 5560 2904 41 0 179
tree 5576 2904 52 0 179
cliff 5568 2896 50 179 179
cliff 5616 2880 43 179 179
fre 5628 2908 13 179 179
fre 5644 2884 12 179 179
fre 5676 2884 12 179 179
fre 5700 2892 12 179 179
tree 5736 2904 53 0 179
cliff 5744 2880 28 179 179
cliff 5760 2896 36 179 179
tree 5816 2888 45 0 179
fre 5852 2884 260 179 179
fre 6004 2900 258 179 179
cliff 6064 2880 20 179 179
cliff 6080 2896 24 179 179
tree 6184 2904 77 0 179
tree 6184 2888 79 0 179
tree 6216 2904 67 0 179
cliff 6240 2896 4 179 179
tree 6280 2888 74 0 179
cliff 6304 2880 7 179 179
stand 360 2920 98 0 179
trop 436 2916 70 179 179
trop 468 2916 70 179 179
fre 636 2924 12 179 179
cliff 1552 2928 46 179 179
cliff 1568 2928 120 179 179
fre 1628 2932 13 179 179
cliff 1600 2912 114 179 179
fre 1692 2940 6 179 179
fre 1740 2916 7 179 179
fre 1788 2916 12 179 179
fre 1868 2924 14 179 179
fre 2156 2932 12 179 179
fre 2228 2940 12 179 179
cliff 2256 2912 33 179 179
cliff 2272 2928 32 179 179
tree 2328 2936 41 0 179
fre 2356 2932 260 179 179
fre 2580 2932 258 179 179
fre 2676 2932 255 179 179
cliff 2752 2912 47 179 179
fre 2804 2916 3 179 179
fre 2860 2940 7 179 179
tree 2984 2936 10 0 179
fre 3068 2924 7 179 179
dom 3520 2912 79 2 179
fre 3580 2940 227 179 179
vor 3604 2916 10 179 179
fre 3844 2940 97 179 179
fre 4164 2924 98 179 179
trop 4236 2916 14 179 179
fre 4268 2940 205 179 179
fre 4316 2916 97 179 179
fre 4356 2924 97 179 179
fre 4412 2916 97 179 179
trop 4500 2916 14 179 179
dom 4768 2912 94 0 179
fre 4956 2916 227 179 179
fre 5004 2932 227 179 179
fre 5052 2916 12 179 179
fre 5044 2940 4 179 179
fre 5140 2924 13 179 179
fre 5220 2940 13 179 179
fre 5276 2916 7 179 179
fre 5380 2916 6 179 179
tree 5448 2920 53 0 179
fre 5452 2924 3 179 179
fre 5476 2924 5 179 179
tree 5560 2920 37 0 179
cliff 5536 2912 117 179 179
cliff 5536 2928 62 179 179
tree 5576 2936 36 0 179
cliff 5568 2912 111 179 179
fre 5716 2940 5 179 179
tree 5768 2920 67 0 179
cliff 5776 2912 30 179 179
cliff 5792 2928 33 179 179
fre 5932 2940 258 179 179
fre 5948 2924 255 179 179
fre 5940 2940 260 179 179
tree 6072 2920 74 0 179
cliff 6096 2912 19 179 179
tree 6136 2936 67 0 179
cliff 6112 2912 54 179 179
tree 6120 2920 54 0 179
cliff 6144 2912 18 179 179
cliff 6176 2912 18 179 179
cliff 6224 2928 8 179 179
tree 6312 2936 76 0 179
trop 7748 2932 14 179 179
fre 252 2964 7 179 179
stand 312 2952 423 0 179
stand 344 2952 423 0 179
trop 372 2972 70 179 179
stand 392 2952 423 0 179
stand 504 2952 423 0 179
stand 536 2952 423 0 179
fre 700 2972 13 179 179
fre 684 2948 12 179 179
cliff 1552 2944 53 179 179
fre 1588 2972 12 179 179
cliff 1808 2960 63 179 179
fre 1844 2956 14 179 179
fre 2012 2972 13 179 179
fre 2108 2956 12 179 179
cliff 2272 2944 13 179 179
tree 2360 2952 44 0 179
fre 2388 2972 257 179 179
fre 2604 2964 259 179 179
fre 2684 2956 48 179 179
fre 2684 2948 256 179 179
cliff 2752 2944 53 179 179
fre 2796 2972 6 179 179
fre 2860 2948 3 179 179
tree 2968 2952 17 0 179
fre 2980 2972 12 179 179
fre 3020 2972 14 179 179
fre 3236 2948 233 179 179
fre 3340 2956 223 179 179
trop 3356 2948 185 179 179
fre 3452 2948 100 179 179
tree 3432 2952 65 0 179
tree 3448 2968 67 0 179
vor 3564 2972 16 179 179
fre 3676 2956 226 179 179
trop 3668 2964 180 179 179
vor 3732 2972 20 179 179
dom 3872 2944 222 0 179
fre 4156 2956 99 179 179
fre 4180 2964 99 179 179
fre 4188 2964 90 179 179
fre 4188 2956 90 179 179
fre 4204 2956 205 179 179
dom 4352 2944 96 0 179
fre 4468 2948 205 179 179
fre 4540 2948 205 179 179
dom 4576 2944 82 0 179
dom 4864 2944 153 0 179
fre 4964 2972 212 179 179
dom 5216 2944 77 0 179
fre 5316 2964 13 179 179
fre 5396 2972 3 179 179
fre 5484 2964 3 179 179
tree 5688 2952 51 0 179
fre 5684 2948 14 179 179
fre 5764 2948 6 179 179
cliff 5808 2960 13 179 179
cliff 5808 2944 28 179 179
tree 5912 2968 42 0 179
fre 5916 2964 257 179 179
fre 5948 2964 256 179 179
tree 6008 2952 40 0 179
tree 5992 2968 46 0 179
fre 6044 2964 259 179 179
fre 6052 2948 256 179 179
fre 6100 2972 260 179 179
fre 6292 2972 258 179 179
tree 6280 2952 71 0 179
fre 252 2980 3 179 179
stand 280 2984 110 0 179
stand 344 3000 423 0 179
stand 392 3000 423 0 179
trop 436 2996 70 179 179
trop 468 2996 70 179 179
stand 504 3000 423 0 179
fre 764 2980 12 179 179
cliff 1552 2976 46 179 179
fre 1660 2988 12 179 179
fre 1652 3004 13 179 179
cliff 1760 2992 58 179 179
fre 1908 2988 13 179 179
fre 2060 2980 14 179 179
fre 2164 3004 12 179 179
fre 2212 2980 14 179 179
cliff 2272 2976 13 179 179
cliff 2736 2992 38 179 179
fre 2764 3004 14 179 179
fre 2948 3004 4 179 179
fre 2996 3004 87 179 179
fre 2988 2988 3 179 179
dom 3008 2976 0 0 179
fre 3116 2988 232 179 179
trop 3148 3004 183 179 179
fre 3316 2996 206 179 179
fre 3356 2996 206 179 179
trop 3340 3004 180 179 179
trop 3428 3004 180 179 179
fre 3500 2988 226 179 179
fre 3532 2988 226 179 179
trop 3532 3004 180 179 179
trop 3596 2996 181 179 179
fre 3676 2996 226 179 179
fre 3804 2988 205 179 179
fre 3908 2988 227 179 179
trop 3908 2980 181 179 179
fre 3940 2988 227 179 179
dom 4000 2976 79 1 179
fre 4052 2988 205 179 179
trop 4092 3004 14 179 179
fre 4124 3004 205 179 179
fre 4164 2996 100 179 179
fre 4268 2996 87 179 179
trop 4316 3004 24 179 179
trop 4308 2988 24 179 179
trop 4396 3004 24 179 179
trop 4412 2988 24 179 179
fre 4452 3004 87 179 179
trop 4972 3004 181 179 179
dom 5088 2976 221 0 179
fre 5108 3004 4 179 179
fre 5284 3004 12 179 179
fre 5476 2996 4 179 179
fre 5540 3004 6 179 179
fre 5724 3004 7 179 179
cliff 5824 2992 34 179 179
tree 5928 2984 45 0 179
fre 5972 3004 256 179 179
tree 5992 2984 49 0 179
fre 6100 3004 259 179 179
tree 6136 3000 53 0 179
tree 6152 3000 36 0 179
tree 6232 3000 44 0 179
fre 236 3020 4 179 179
trop 468 3036 70 179 179
stand 536 3016 107 0 179
tree 584 3032 36 0 179
fre 788 3028 13 179 179
fre 860 3020 12 179 179
fre 900 3036 12 179 179
fre 1596 3020 12 179 179
cliff 1568 3008 46 179 179
cliff 1856 3024 61 179 179
fre 1988 3036 14 179 179
fre 2116 3028 13 179 179
fre 2220 3028 13 179 179
cliff 2272 3008 11 179 179
fre 2556 3020 258 179 179
fre 2588 3028 256 179 179
fre 2620 3020 124 179 179
fre 2652 3028 7 179 179
cliff 2704 3008 45 179 179
cliff 2704 3024 46 179 179
fre 2876 3012 5 179 179
fre 2972 3028 87 179 179
fre 3004 3028 87 179 179
stand 2984 3016 105 0 179
fre 3012 3020 87 179 179
dom 3264 3008 222 0 179
fre 3316 3028 206 179 179
trop 3436 3020 186 179 179
vor 3556 3012 9 179 179
vor 3772 3036 19 179 179
fre 3852 3036 226 179 179
dom 3840 3008 221 0 179
fre 3996 3036 226 179 179
fre 4196 3028 88 179 179
tree 4296 3032 55 0 179
fre 4292 3012 89 179 179
tree 4312 3016 74 0 179
tree 4296 3016 41 0 179
fre 4308 3036 214 179 179
stand 4328 3032 34 0 179
trop 4324 3012 24 179 179
trop 4340 3020 24 179 179
fre 4324 3012 87 179 179
trop 4372 3020 24 179 179
stand 4408 3032 34 0 179
trop 4388 3012 24 179 179
fre 4396 3028 87 179 179
tree 4440 3032 54 0 179
fre 4428 3012 87 179 179
tree 4424 3032 21 0 179
tree 4440 3016 15 0 179
fre 4436 3036 229 179 179
fre 4452 3012 87 179 179
fre 4556 3036 99 179 179
trop 4684 3028 17 179 179
stand 4680 3016 257 0 179
fre 4692 3012 99 179 179
fre 4676 3020 98 179 179
fre 4764 3028 206 179 179
trop 4788 3036 180 179 179
fre 4892 3028 206 179 179
fre 4868 3028 206 179 179
trop 4900 3036 180 179 179
fre 5004 3036 227 179 179
fre 5212 3012 4 179 179
fre 5244 3028 12 179 179
fre 5340 3028 12 179 179
fre 5428 3028 14 179 179
tree 5560 3032 50 0 179
fre 5588 3028 5 179 179
fre 5668 3028 12 179 179
fre 5804 3012 6 179 179
cliff 5840 3008 28 179 179
cliff 5856 3024 34 179 179
fre 5980 3036 258 179 179
tree 6152 3032 46 0 179
tree 6152 3016 37 0 179
fre 6244 3020 256 179 179
fre 6260 3012 256 179 179
fre 6324 3028 258 179 179
stand 344 3048 423 0 179
trop 372 3052 70 179 179
stand 392 3048 423 0 179
trop 436 3068 70 179 179
stand 504 3048 423 0 179
fre 860 3052 7 179 179
cliff 1584 3040 53 179 179
fre 1788 3044 259 179 179
cliff 1888 3056 48 179 179
fre 1908 3052 12 179 179
cliff 2272 3040 11 179 179
fre 2588 3068 87 179 179
fre 2564 3052 259 179 179
fre 2596 3060 87 179 179
fre 2596 3068 125 179 179
fre 2644 3068 12 179 179
cliff 2704 3056 47 179 179
fre 2732 3044 12 179 179
dom 2784 3040 125 0 179
trop 2932 3060 180 179 179
fre 3004 3044 226 179 179
fre 3036 3044 206 179 179
trop 3036 3060 180 179 179
fre 3396 3060 213 179 179
fre 3524 3044 226 179 179
fre 3628 3044 227 179 179
fre 3628 3060 227 179 179
dom 3648 3040 128 2 179
fre 3724 3052 227 179 179
fre 3724 3060 227 179 179
trop 3764 3068 14 179 179
trop 3852 3052 180 179 179
trop 3900 3052 180 179 179
trop 3988 3052 180 179 179
vor 4044 3052 10 179 179
vor 4076 3060 19 179 179
fre 4172 3044 100 179 179
fre 4164 3060 99 179 179
fre 4180 3060 98 179 179
fre 4196 3052 88 179 179
fre 4252 3060 216 179 179
trop 4268 3068 21 179 179
fre 4332 3052 88 179 179
trop 4364 3060 24 179 179
trop 4380 3068 24 179 179
fre 4372 3068 206 179 179
trop 4404 3052 24 179 179
fre 4404 3052 89 179 179
fre 4404 3060 87 179 179
trop 4420 3044 24 179 179
trop 4460 3060 22 179 179
fre 4508 3052 208 179 179
tree 4536 3064 47 0 179
fre 4532 3060 87 179 179
fre 4540 3052 89 179 179
tree 4520 3064 105 0 179
tree 4536 3048 108 0 179
fre 4596 3068 99 179 179
stand 4600 3048 247 0 179
fre 4620 3068 99 179 179
fre 4764 3068 206 179 179
trop 4772 3044 180 179 179
fre 4868 3068 206 179 179
fre 4908 3068 206 179 179
fre 5188 3052 4 179 179
fre 5236 3068 233 179 179
dom 5344 3040 79 0 179
fre 5468 3052 14 179 179
fre 5596 3068 12 179 179
fre 5604 3068 14 179 179
fre 5612 3068 14 179 179
fre 5612 3060 7 179 179
fre 5772 3044 7 179 179
fre 5828 3052 7 179 179
tree 5864 3048 47 0 179
cliff 5872 3056 15 179 179
cliff 5872 3040 32 179 179
fre 5964 3068 260 179 179
fre 6052 3060 255 179 179
fre 6140 3052 260 179 179
fre 6124 3052 256 179 179
tree 6184 3064 45 0 179
tree 6232 3064 44 0 179
fre 6228 3052 260 179 179
fre 6284 3052 258 179 179
fre 228 3076 7 179 179
stand 344 3096 423 0 179
stand 392 3096 423 0 179
trop 468 3076 70 179 179
stand 504 3096 423 0 179
stand 712 3080 128 0 179
fre 796 3092 7 179 179
fre 804 3084 13 179 179
fre 924 3100 7 179 179
fre 940 3076 12 179 179
fre 1540 3076 259 179 179
fre 1636 3084 255 179 179
fre 1812 3092 255 179 179
cliff 1888 3088 20 179 179
fre 1956 3092 14 179 179
fre 2044 3084 13 179 179
fre 2124 3100 14 179 179
fre 2188 3076 14 179 179
cliff 2288 3088 7 179 179
fre 2604 3092 87 179 179
cliff 2704 3088 48 179 179
fre 2772 3076 13 179 179
fre 2852 3084 7 179 179
fre 3004 3092 226 179 179
fre 3036 3092 226 179 179
trop 3108 3076 181 179 179
fre 3196 3092 209 179 179
fre 3580 3092 227 179 179
vor 3852 3092 8 179 179
fre 3860 3076 226 179 179
fre 3956 3076 226 179 179
fre 4004 3076 226 179 179
fre 4156 3092 99 179 179
tree 4232 3096 16 0 179
fre 4236 3100 88 179 179
fre 4244 3100 88 179 179
trop 4364 3100 24 179 179
fre 4556 3092 97 179 179
fre 4612 3100 100 179 179
dom 4864 3072 153 1 179
fre 5148 3076 4 179 179
trop 5244 3084 184 179 179
fre 5348 3076 12 179 179
fre 5420 3084 14 179 179
fre 5444 3100 14 179 179
fre 5588 3092 7 179 179
trop 5636 3100 190 179 179
fre 5676 3084 12 179 179
fre 5716 3076 7 179 179
tree 5880 3080 56 0 179
cliff 5872 3088 14 179 179
tree 5896 3096 67 0 179
tree 5944 3096 40 0 179
fre 5988 3076 259 179 179
tree 6024 3080 44 0 179
tree 6088 3080 42 0 179
tree 6104 3080 45 0 179
fre 6188 3076 259 179 179
fre 6356 3076 256 179 179
trop 7748 3092 14 179 179
fre 236 3124 6 179 179
trop 372 3132 70 179 179
fre 884 3124 12 179 179
fre 980 3124 12 179 179
fre 1564 3108 258 179 179
fre 1620 3124 259 179 179
fre 1676 3108 258 179 179
cliff 1904 3104 27 179 179
cliff 1920 3120 19 179 179
fre 1980 3132 12 179 179
cliff 2224 3120 15 179 179
cliff 2256 3104 1 179 179
tree 2568 3128 47 0 179
tree 2584 3112 44 0 179
fre 2580 3116 87 179 179
fre 2588 3124 256 179 179
fre 2620 3108 87 179 179
fre 2604 3124 87 179 179
fre 2612 3116 148 179 179
fre 2596 3132 149 179 179
fre 2652 3124 7 179 179
cliff 2704 3120 48 179 179
fre 2780 3108 13 179 179
fre 2788 3116 12 179 179
fre 2820 3132 12 179 179
fre 2932 3132 6 179 179
dom 3264 3104 222 0 179
dom 3520 3104 159 1 179
trop 3596 3108 181 179 179
fre 3676 3116 226 179 179
trop 3668 3124 180 179 179
vor 3724 3124 16 179 179
fre 3804 3124 205 179 179
fre 4052 3132 227 179 179
fre 4124 3108 205 179 179
fre 4196 3108 97 179 179
fre 4244 3124 87 179 179
fre 4244 3132 87 179 179
fre 4236 3124 87 179 179
fre 4252 3108 84 179 179
fre 4244 3108 89 179 179
fre 4260 3132 99 179 179
fre 4292 3132 213 179 179
trop 4356 3132 24 179 179
fre 4444 3108 207 179 179
tree 4472 3128 16 0 179
fre 4452 3132 87 179 179
fre 4468 3132 87 179 179
fre 4476 3124 88 179 179
fre 4452 3124 88 179 179
stand 4536 3112 499 0 179
fre 4556 3124 98 179 179
tree 4584 3112 76 0 179
stand 4600 3112 499 0 179
fre 4596 3132 99 179 179
fre 4620 3132 87 179 179
fre 4628 3124 87 179 179
fre 4652 3132 236 179 179
fre 4716 3132 236 179 179
fre 4956 3124 205 179 179
trop 4972 3116 181 179 179
fre 5116 3116 4 179 179
fre 5268 3124 233 179 179
fre 5412 3108 14 179 179
fre 5428 3132 14 179 179
fre 5468 3116 14 179 179
fre 5500 3108 14 179 179
fre 5500 3116 14 179 179
fre 5524 3132 13 179 179
fre 5564 3132 14 179 179
fre 5572 3108 13 179 179
fre 5692 3116 12 179 179
fre 5732 3108 13 179 179
fre 5788 3124 13 179 179
fre 5828 3108 13 179 179
tree 5880 3112 55 0 179
cliff 5888 3120 35 179 179
tree 5960 3112 45 0 179
fre 6204 3108 259 179 179
fre 6292 3108 259 179 179
tree 6280 3128 74 0 179
fre 6332 3116 258 179 179
fre 6356 3124 258 179 179
fre 236 3156 4 179 179
dom 320 3136 265 0 179
stand 344 3144 423 0 179
stand 392 3144 423 0 179
trop 436 3148 70 179 179
trop 468 3148 70 179 179
stand 504 3144 423 0 179
stand 552 3160 116 0 179
dom 640 3136 407 0 179
dom 736 3136 411 0 179
fre 844 3164 12 179 179
fre 1508 3148 256 179 179
fre 1716 3164 256 179 179
fre 1764 3140 258 179 179
fre 1820 3148 256 179 179
fre 1860 3156 256 179 179
cliff 1936 3136 26 179 179
cliff 1952 3152 20 179 179
fre 2036 3148 13 179 179
fre 2092 3164 14 179 179
fre 2172 3148 13 179 179
cliff 2224 3152 13 179 179
fre 2588 3140 87 179 179
fre 2604 3140 87 179 179
cliff 2704 3136 62 179 179
fre 2892 3164 12 179 179
tree 3096 3160 77 0 179
fre 3092 3140 227 179 179
dom 3360 3136 221 0 179
fre 3428 3148 205 179 179
fre 3580 3140 227 179 179
fre 3676 3156 226 179 179
vor 3748 3140 9 179 179
dom 3968 3136 77 1 179
trop 4092 3164 14 179 179
fre 4164 3140 100 179 179
fre 4188 3140 99 179 179
fre 4220 3164 97 179 179
fre 4260 3140 87 179 179
fre 4268 3140 87 179 179
fre 4292 3148 99 179 179
tree 4296 3144 16 0 179
fre 4404 3140 87 179 179
fre 4404 3156 87 179 179
tree 4408 3144 16 0 179
fre 4420 3156 98 179 179
fre 4452 3156 98 179 179
fre 4484 3148 88 179 179
fre 4516 3140 97 179 179
fre 4612 3156 87 179 179
fre 4620 3148 87 179 179
fre 4636 3140 87 179 179
dom 4864 3136 64 0 179
fre 4956 3148 205 179 179
fre 5004 3140 227 179 179
dom 5088 3136 79 0 179
fre 5156 3140 232 179 179
fre 5292 3140 99 179 179
fre 5340 3148 12 179 179
dom 5344 3136 159 0 179
fre 5436 3148 14 179 179
fre 5444 3156 14 179 179
dom 5536 3136 79 0 179
fre 5556 3140 13 179 179
fre 5748 3156 13 179 179
fre 5860 3164 14 179 179
tree 5912 3144 44 0 179
cliff 5904 3136 29 179 179
tree 5928 3160 67 0 179
cliff 5920 3152 36 179 179
fre 6228 3148 260 179 179
fre 6220 3164 260 179 179
tree 6216 3160 50 0 179
fre 252 3196 3 179 179
stand 344 3192 423 0 179
stand 392 3192 423 0 179
stand 504 3192 423 0 179
fre 924 3196 13 179 179
fre 1020 3172 13 179 179
fre 1076 3180 12 179 179
fre 1452 3172 259 179 179
fre 1540 3172 259 179 179
fre 1652 3188 255 179 179
fre 1684 3188 256 179 179
fre 1772 3172 257 179 179
fre 1876 3172 258 179 179
cliff 1968 3168 25 179 179
cliff 1984 3184 23 179 179
cliff 2000 3184 16 179 179
cliff 2032 3184 18 179 179
cliff 2064 3184 16 179 179
cliff 2096 3184 17 179 179
cliff 2128 3184 18 179 179
cliff 2160 3184 16 179 179
cliff 2192 3184 17 179 179
fre 2572 3188 258 179 179
fre 2604 3196 87 179 179
fre 2604 3172 87 179 179
fre 2596 3180 87 179 179
fre 2636 3196 7 179 179
fre 2684 3188 12 179 179
tree 2744 3192 67 0 179
fre 2868 3188 30 179 179
fre 2876 3196 12 179 179
dom 3040 3168 159 0 179
tree 3096 3192 42 0 179
fre 3172 3196 221 179 179
vor 3772 3188 11 179 179
fre 3804 3180 205 179 179
dom 3840 3168 78 1 179
fre 4052 3188 205 179 179
fre 4156 3172 98 179 179
fre 4276 3180 100 179 179
fre 4260 3196 87 179 179
fre 4292 3180 99 179 179
fre 4396 3188 205 179 179
fre 4444 3180 99 179 179
fre 4492 3188 97 179 179
fre 4572 3180 97 179 179
tree 4616 3192 10 0 179
fre 4620 3188 68 179 179
fre 4652 3188 227 179 179
fre 4644 3196 87 179 179
trop 4684 3188 14 179 179
fre 4772 3196 206 179 179
fre 4876 3196 206 179 179
fre 4908 3196 206 179 179
fre 5052 3196 226 179 179
trop 5052 3196 180 179 179
fre 5076 3196 226 179 179
trop 5172 3196 183 179 179
fre 5188 3196 232 179 179
tree 5240 3192 73 0 179
fre 5252 3172 97 179 179
fre 5308 3196 99 179 179
fre 5476 3180 14 179 179
fre 5564 3196 13 179 179
fre 5588 3172 4 179 179
trop 5636 3196 190 179 179
fre 5708 3196 12 179 179
cliff 5936 3168 51 179 179
tree 5960 3176 48 0 179
cliff 5968 3184 11 179 179
cliff 5968 3168 32 179 179
tree 6216 3176 44 0 179
tree 6232 3192 67 0 179
tree 6264 3192 45 0 179
fre 6332 3180 259 179 179
fre 6388 3188 256 179 179
fre 7668 3180 12 179 179
stand 344 3224 30 0 179
trop 372 3212 70 179 179
trop 436 3228 70 179 179
trop 468 3228 70 179 179
fre 996 3228 7 179 179
fre 1132 3204 12 179 179
fre 1484 3220 256 179 179
fre 1556 3228 259 179 179
fre 1612 3204 260 179 179
fre 1660 3204 259 179 179
fre 1724 3204 258 179 179
fre 1772 3204 258 179 179
fre 1908 3204 256 179 179
cliff 2240 3200 7 179 179
fre 2588 3204 87 179 179
fre 2564 3228 270 179 179
fre 2596 3204 87 179 179
fre 2692 3228 13 179 179
fre 2956 3228 5 179 179
fre 3140 3228 216 179 179
trop 3148 3212 182 179 179
dom 3264 3200 221 0 179
dom 3360 3200 221 0 179
dom 3520 3200 159 0 179
trop 3596 3204 181 179 179
fre 3628 3204 227 179 179
dom 3648 3200 126 1 179
fre 3724 3204 227 179 179
trop 3764 3228 14 179 179
vor 3828 3212 10 179 179
vor 3900 3212 19 179 179
fre 4124 3212 205 179 179
fre 4156 3212 98 179 179
fre 4180 3212 97 179 179
fre 4220 3228 100 179 179
fre 4252 3204 87 179 179
fre 4284 3212 98 179 179
fre 4284 3220 87 179 179
fre 4284 3228 87 179 179
fre 4292 3228 99 179 179
tree 4296 3208 16 0 179
trop 4356 3212 14 179 179
fre 4404 3220 87 179 179
tree 4408 3208 16 0 179
fre 4420 3204 99 179 179
fre 4604 3228 97 179 179
trop 4772 3204 180 179 179
trop 4804 3212 180 179 179
trop 4908 3212 180 179 179
trop 4972 3228 181 179 179
trop 5084 3204 180 179 179
fre 5204 3228 100 179 179
tree 5240 3208 51 0 179
tree 5240 3224 42 0 179
tree 5224 3224 66 0 179
fre 5292 3220 99 179 179
fre 5396 3220 13 179 179
fre 5476 3204 14 179 179
fre 5516 3228 13 179 179
fre 5620 3212 236 179 179
fre 5668 3212 236 179 179
fre 5708 3228 12 179 179
fre 5804 3220 14 179 179
fre 5916 3204 14 179 179
fre 5924 3228 13 179 179
cliff 5984 3216 29 179 179
fre 6244 3212 256 179 179
fre 6252 3220 258 179 179
fre 6420 3212 260 179 179
fre 7628 3212 13 179 179
fre 7668 3212 12 179 179
fre 7828 3220 12 179 179
fre 228 3252 7 179 179
stand 280 3240 12 0 179
stand 344 3240 423 0 179
stand 392 3240 423 0 179
stand 504 3240 423 0 179
dom 640 3232 410 0 179
stand 744 3240 137 0 179
stand 760 3240 139 0 179
stand 856 3240 115 0 179
fre 1068 3244 13 179 179
fre 1164 3252 13 179 179
fre 1228 3252 12 179 179
fre 1340 3236 259 179 179
fre 1388 3236 258 179 179
fre 1444 3244 258 179 179
fre 1844 3236 255 179 179
fre 1940 3236 259 179 179
fre 1972 3260 258 179 179
fre 2484 3244 258 179 179
fre 2540 3260 255 179 179
fre 2636 3252 14 179 179
fre 2644 3236 12 179 179
fre 2756 3236 12 179 179
fre 2772 3236 14 179 179
fre 2836 3236 12 179 179
fre 3428 3244 227 179 179
trop 3444 3236 190 179 179
fre 3476 3244 227 179 179
fre 3580 3244 227 179 179
trop 3596 3244 181 179 179
fre 3628 3244 227 179 179
fre 3724 3244 227 179 179
trop 3852 3236 180 179 179
fre 3852 3236 206 179 179
trop 3884 3244 180 179 179
fre 3900 3236 206 179 179
trop 3996 3244 180 179 179
fre 3996 3236 206 179 179
fre 4172 3260 97 179 179
fre 4244 3244 87 179 179
fre 4236 3244 87 179 179
fre 4276 3260 97 179 179
fre 4308 3236 87 179 179
fre 4324 3236 205 179 179
fre 4436 3244 97 179 179
fre 4500 3252 97 179 179
fre 4540 3236 97 179 179
fre 4780 3236 206 179 179
fre 4884 3236 206 179 179
fre 4908 3236 206 179 179
fre 5060 3236 226 179 179
fre 5188 3236 99 179 179
tree 5224 3240 50 0 179
tree 5240 3256 49 0 179
tree 5240 3240 41 0 179
tree 5224 3256 17 0 179
fre 5244 3236 97 179 179
fre 5316 3236 99 179 179
dom 5344 3232 79 0 179
dom 5440 3232 78 0 179
fre 5468 3236 13 179 179
dom 5536 3232 78 0 179
fre 5740 3244 12 179 179
fre 5780 3244 13 179 179
cliff 5984 3232 13 179 179
fre 6292 3236 259 179 179
fre 6412 3260 259 179 179
fre 7596 3252 14 179 179
fre 7668 3252 12 179 179
trop 7748 3252 14 179 179
fre 7828 3244 12 179 179
stand 344 3288 423 0 179
stand 392 3272 93 0 179
trop 468 3292 70 179 179
stand 504 3288 423 0 179
stand 760 3272 126 0 179
stand 856 3272 115 0 179
fre 948 3268 12 179 179
fre 972 3284 7 179 179
fre 1132 3284 12 179 179
fre 1372 3292 255 179 179
fre 1468 3284 256 179 179
fre 1508 3268 258 179 179
cliff 1600 3264 45 179 179
cliff 1616 3264 52 179 179
cliff 1648 3264 51 179 179
fre 1660 3284 6 179 179
cliff 1680 3264 52 179 179
cliff 1712 3264 52 179 179
fre 1708 3284 6 179 179
cliff 1744 3264 50 179 179
cliff 1776 3264 49 179 179
fre 1764 3284 6 179 179
cliff 1808 3264 49 179 179
fre 1804 3292 3 179 179
cliff 1840 3264 32 179 179
cliff 1856 3280 35 179 179
fre 2092 3284 259 179 179
fre 2156 3292 259 179 179
fre 2492 3292 251 179 179
fre 2484 3284 256 179 179
fre 2524 3276 253 179 179
tree 2568 3288 47 0 179
tree 2568 3272 28 0 179
fre 2572 3292 87 179 179
fre 2588 3284 64 179 179
stand 2584 3288 1 0 179
fre 2604 3292 87 179 179
cliff 2704 3280 31 179 179
cliff 2688 3280 45 179 179
cliff 2720 3264 64 179 179
fre 2916 3284 13 179 179
dom 3040 3264 222 0 179
trop 3156 3284 17 179 179
fre 3260 3276 222 179 179
fre 3372 3292 226 179 179
fre 3532 3292 226 179 179
fre 3852 3276 206 179 179
fre 3900 3276 206 179 179
fre 4004 3276 206 179 179
fre 4124 3292 205 179 179
fre 4212 3276 100 179 179
fre 4268 3284 87 179 179
fre 4268 3292 87 179 179
fre 4260 3284 87 179 179
fre 4284 3284 89 179 179
fre 4292 3284 99 179 179
fre 4308 3284 87 179 179
tree 4296 3272 16 0 179
fre 4404 3276 87 179 179
fre 4404 3284 87 179 179
tree 4408 3272 16 0 179
fre 4396 3276 205 179 179
fre 4436 3284 97 179 179
fre 4580 3276 98 179 179
fre 4612 3276 98 179 179
fre 4652 3292 205 179 179
fre 4724 3284 205 179 179
fre 4964 3284 205 179 179
fre 5012 3284 227 179 179
fre 5116 3292 227 179 179
trop 5132 3276 181 179 179
fre 5164 3284 205 179 179
fre 5188 3268 98 179 179
tree 5240 3272 47 0 179
tree 5224 3272 43 0 179
tree 5224 3288 54 0 179
fre 5228 3276 99 179 179
fre 5292 3268 98 179 179
fre 5316 3276 99 179 179
fre 5356 3284 7 179 179
trop 5500 3284 184 179 179
fre 5540 3268 206 179 179
fre 5572 3268 206 179 179
trop 5620 3268 180 179 179
fre 5716 3276 206 179 179
fre 5828 3284 13 179 179
fre 5916 3292 13 179 179
fre 5940 3276 14 179 179
cliff 5984 3264 15 179 179
cliff 6208 3280 49 179 179
cliff 6240 3280 28 179 179
fre 6292 3276 260 179 179
fre 6364 3276 258 179 179
fre 7620 3284 7 179 179
fre 7668 3292 7 179 179
fre 7820 3292 7 179 179
fre 7860 3284 13 179 179
fre 244 3324 6 179 179
trop 436 3308 63 179 179
stand 856 3304 115 0 179
fre 1044 3300 12 179 179
fre 1084 3324 12 179 179
fre 1236 3308 13 179 179
fre 1268 3324 12 179 179
fre 1292 3308 12 179 179
fre 1436 3324 258 179 179
cliff 1552 3312 45 179 179
cliff 1584 3296 37 179 179
fre 1588 3324 4 179 179
fre 1612 3300 4 179 179
cliff 1872 3296 49 179 179
cliff 1904 3296 49 179 179
fre 1892 3324 3 179 179
cliff 1936 3296 28 179 179
cliff 1952 3312 33 179 179
fre 2028 3300 258 179 179
fre 2052 3316 256 179 179
fre 2196 3324 258 179 179
fre 2188 3300 256 179 179
fre 2532 3316 255 179 179
fre 2572 3316 70 179 179
fre 2588 3308 70 179 179
fre 2572 3308 260 179 179
fre 2580 3300 87 179 179
fre 2604 3308 68 179 179
fre 2596 3300 87 179 179
cliff 2672 3312 38 179 179
fre 2692 3324 12 179 179
fre 2804 3300 12 179 179
dom 2848 3296 506 0 179
fre 2964 3300 7 179 179
fre 3132 3316 205 179 179
fre 3212 3300 217 179 179
trop 3236 3300 189 179 179
trop 3284 3300 180 179 179
trop 3372 3300 180 179 179
trop 3476 3308 180 179 179
trop 3564 3308 180 179 179
fre 3676 3300 226 179 179
trop 3668 3308 180 179 179
fre 3804 3324 205 179 179
trop 4092 3324 14 179 179
fre 4172 3308 97 179 179
fre 4252 3300 99 179 179
fre 4276 3308 87 179 179
fre 4276 3300 87 179 179
fre 4268 3316 92 179 179
fre 4292 3308 99 179 179
fre 4300 3324 87 179 179
fre 4404 3316 87 179 179
fre 4396 3324 90 179 179
fre 4412 3324 91 179 179
fre 4420 3308 98 179 179
fre 4428 3316 87 179 179
fre 4428 3324 87 179 179
fre 4508 3324 97 179 179
fre 4540 3300 98 179 179
fre 4604 3316 97 179 179
trop 4972 3316 181 179 179
dom 5088 3296 159 0 179
fre 5204 3324 97 179 179
fre 5268 3308 100 179 179
trop 5420 3324 186 179 179
trop 5420 3300 181 179 179
fre 5428 3308 220 179 179
fre 5644 3308 206 179 179
trop 5700 3316 185 179 179
fre 5756 3308 213 179 179
fre 5820 3324 12 179 179
fre 5868 3324 13 179 179
fre 5940 3324 13 179 179
cliff 5984 3296 15 179 179
cliff 6192 3312 47 179 179
fre 6220 3324 7 179 179
cliff 6208 3296 38 179 179
cliff 6256 3296 35 179 179
cliff 6272 3312 49 179 179
cliff 6304 3312 30 179 179
fre 6340 3300 260 179 179
fre 6412 3300 257 179 179
cliff 6448 3296 51 179 179
cliff 6432 3296 45 179 179
cliff 6480 3296 52 179 179
cliff 6512 3296 52 179 179
cliff 6544 3296 31 179 179
cliff 6560 3312 33 179 179
fre 7572 3300 13 179 179
fre 7908 3300 12 179 179
stand 344 3336 423 0 179
trop 468 3332 70 179 179
stand 504 3336 423 0 179
stand 856 3336 115 0 179
fre 964 3356 7 179 179
fre 1012 3332 12 179 179
cliff 1152 3328 62 179 179
fre 1332 3348 13 179 179
fre 1500 3332 256 179 179
cliff 1552 3328 46 179 179
fre 1580 3348 4 179 179
tree 1640 3352 55 0 179
fre 1676 3356 5 179 179
fre 1772 3356 14 179 179
fre 1828 3356 14 179 179
cliff 1968 3344 13 179 179
cliff 1968 3328 32 179 179
fre 2060 3356 257 179 179
fre 2092 3340 256 179 179
fre 2132 3356 259 179 179
tree 2408 3352 40 0 179
tree 2424 3352 44 0 179
fre 2404 3348 258 179 179
fre 2476 3348 259 179 179
fre 2556 3356 256 179 179
cliff 2640 3328 44 179 179
fre 2684 3348 13 179 179
fre 2708 3356 12 179 179
fre 2836 3340 14 179 179
dom 3040 3328 220 0 179
fre 3132 3356 205 179 179
fre 3284 3356 213 179 179
fre 3412 3340 226 179 179
fre 3476 3340 226 179 179
fre 3572 3340 226 179 179
fre 3668 3340 226 179 179
fre 4052 3332 205 179 179
fre 4228 3340 97 179 179
fre 4284 3348 99 179 179
tree 4296 3336 16 0 179
fre 4300 3340 90 179 179
fre 4300 3348 92 179 179
fre 4324 3332 205 179 179
trop 4356 3356 14 179 179
tree 4408 3352 16 0 179
fre 4420 3348 98 179 179
fre 4444 3356 97 179 179
fre 4428 3332 88 179 179
fre 4564 3348 97 179 179
dom 4576 3328 97 0 179
trop 4684 3348 14 179 179
dom 4896 3328 166 0 179
fre 5308 3332 97 179 179
dom 5344 3328 79 0 179
fre 5364 3340 7 179 179
fre 5460 3332 228 179 179
fre 5532 3332 213 179 179
fre 5508 3348 14 179 179
trop 5564 3340 181 179 179
fre 5596 3356 205 179 179
fre 5644 3340 6 179 179
fre 5716 3340 213 179 179
fre 6276 3332 6 179 179
cliff 6320 3328 36 179 179
cliff 6336 3344 49 179 179
cliff 6368 3344 49 179 179
cliff 6416 3328 41 179 179
fre 6460 3340 13 179 179
fre 6508 3332 14 179 179
cliff 6576 3344 15 179 179
cliff 6576 3328 28 179 179
fre 7532 3332 14 179 179
fre 7612 3348 13 179 179
fre 7668 3348 7 179 179
fre 7844 3340 3 179 179
fre 7972 3332 14 179 179
fre 8044 3348 13 179 179
fre 236 3372 7 179 179
dom 288 3360 355 0 179
stand 344 3384 423 0 179
trop 396 3388 62 179 179
stand 504 3384 423 0 179
dom 576 3360 413 0 179
dom 640 3360 407 0 179
stand 760 3368 136 0 179
fre 1052 3388 13 179 179
cliff 1104 3376 12 179 179
cliff 1136 3360 0 179 179
fre 1412 3364 260 179 179
fre 1468 3380 255 179 179
cliff 1552 3360 46 179 179
fre 1572 3388 4 179 179
tree 1880 3368 53 0 179
fre 1908 3372 5 179 179
cliff 1968 3376 12 179 179
fre 2188 3372 256 179 179
tree 2408 3368 47 0 179
fre 2556 3364 269 179 179
fre 2532 3388 260 179 179
cliff 2592 3376 45 179 179
cliff 2624 3360 42 179 179
dom 2688 3360 449 0 179
fre 2812 3380 7 179 179
dom 2848 3360 506 0 179
fre 2900 3364 13 179 179
tree 2952 3384 65 0 179
fre 3196 3364 205 179 179
dom 3200 3360 69 0 179
trop 3332 3380 181 179 179
trop 3764 3388 14 179 179
dom 3968 3360 77 0 179
fre 4052 3388 205 179 179
fre 4124 3388 205 179 179
fre 4396 3380 205 179 179
fre 4460 3388 97 179 179
fre 4508 3388 97 179 179
fre 4556 3388 97 179 179
fre 4596 3388 97 179 179
fre 4596 3364 97 179 179
fre 4652 3388 205 179 179
fre 4724 3388 205 179 179
fre 4964 3388 205 179 179
fre 5012 3372 227 179 179
fre 5116 3380 227 179 179
trop 5132 3364 181 179 179
trop 5124 3372 181 179 179
fre 5164 3388 205 179 179
fre 5196 3388 12 179 179
fre 5260 3380 12 179 179
fre 5252 3388 12 179 179
fre 5396 3388 205 179 179
trop 5452 3364 183 179 179
fre 5516 3380 6 179 179
dom 5504 3360 79 0 179
fre 5636 3364 12 179 179
dom 5664 3360 79 0 179
fre 5700 3364 7 179 179
trop 5764 3380 186 179 179
fre 5836 3364 226 179 179
fre 5924 3364 226 179 179
trop 5924 3380 180 179 179
fre 6212 3380 7 179 179
tree 6280 3384 54 0 179
fre 6316 3380 5 179 179
fre 6412 3372 14 179 179
cliff 6592 3376 35 179 179
fre 7500 3388 7 179 179
tree 7832 3368 55 0 179
fre 7828 3380 7 179 179
fre 7868 3372 5 179 179
fre 7916 3364 6 179 179
fre 8012 3388 14 179 179
fre 244 3420 12 179 179
trop 468 3412 70 179 179
stand 728 3400 115 0 179
trop 788 3396 190 179 179
stand 840 3416 116 0 179
stand 872 3416 116 0 179
stand 904 3416 116 0 179
cliff 1104 3408 13 179 179
fre 1420 3396 259 179 179
cliff 1552 3392 53 179 179
fre 1636 3420 14 179 179
fre 1828 3412 14 179 179
cliff 1984 3408 36 179 179
fre 2068 3396 256 179 179
fre 2108 3420 259 179 179
fre 2388 3404 258 179 179
fre 2428 3420 258 179 179
fre 2484 3412 255 179 179
fre 2620 3412 7 179 179
cliff 2592 3392 53 179 179
fre 2700 3412 14 179 179
fre 2860 3412 6 179 179
trop 2988 3420 180 179 179
fre 3012 3404 206 179 179
trop 3060 3420 180 179 179
fre 3076 3404 206 179 179
trop 3172 3396 14 179 179
fre 3364 3396 227 179 179
dom 3648 3392 94 0 179
fre 3724 3396 227 179 179
fre 3804 3396 205 179 179
dom 3840 3392 78 0 179
fre 4268 3396 97 179 179
fre 4428 3396 98 179 179
trop 4692 3412 27 179 179
dom 5056 3392 158 0 179
dom 5216 3392 78 0 179
dom 5312 3392 78 1 179
fre 5340 3404 13 179 179
trop 5412 3420 181 179 179
fre 5476 3412 7 179 179
fre 5636 3404 12 179 179
fre 5708 3420 7 179 179
trop 5828 3396 184 179 179
fre 5924 3412 206 179 179
most 6080 3392 12 0 179
fre 6532 3396 13 179 179
fre 6580 3420 12 179 179
cliff 6608 3392 30 179 179
cliff 6624 3408 33 179 179
fre 7524 3396 14 179 179
tree 7576 3416 53 0 179
fre 7604 3420 5 179 179
fre 7676 3420 7 179 179
trop 7748 3404 14 179 179
fre 7836 3420 6 179 179
fre 7924 3396 13 179 179
fre 7956 3396 6 179 179
fre 8036 3420 13 179 179
stand 344 3432 423 0 179
stand 392 3448 86 0 179
stand 392 3432 86 0 179
trop 468 3444 70 179 179
stand 504 3432 423 0 179
dom 576 3424 413 0 179
stand 728 3432 115 0 179
fre 1004 3436 12 179 179
cliff 1104 3440 15 179 179
fre 1220 3428 255 179 179
fre 1300 3428 255 179 179
fre 1372 3428 260 179 179
fre 1484 3444 256 179 179
fre 1500 3436 256 179 179
cliff 1552 3424 21 179 179
cliff 1568 3424 18 179 179
cliff 1600 3440 27 179 179
fre 1724 3428 13 179 179
fre 1796 3452 13 179 179
fre 1892 3452 14 179 179
fre 1956 3452 3 179 179
cliff 2000 3424 30 179 179
cliff 2016 3440 33 179 179
tree 2440 3432 50 0 179
tree 2440 3448 45 0 179
tree 2456 3448 41 0 179
cliff 2576 3440 41 179 179
fre 2612 3452 5 179 179
dom 2624 3424 448 0 179
fre 2780 3444 12 179 179
fre 2924 3444 13 179 179
fre 3052 3452 206 179 179
fre 3084 3452 206 179 179
fre 3316 3452 227 179 179
dom 3424 3424 164 0 179
fre 3724 3452 227 179 179
trop 3852 3452 180 179 179
fre 3860 3444 206 179 179
trop 3884 3452 180 179 179
fre 3908 3444 206 179 179
trop 3996 3452 180 179 179
fre 4004 3444 206 179 179
dom 4224 3424 229 0 179
fre 4324 3436 205 179 179
trop 4444 3444 180 179 179
fre 4444 3436 206 179 179
trop 4484 3444 180 179 179
fre 4548 3436 206 179 179
trop 4588 3444 180 179 179
fre 4596 3436 206 179 179
trop 4676 3436 28 179 179
trop 4764 3436 180 179 179
fre 4772 3436 226 179 179
fre 4820 3436 226 179 179
trop 4812 3444 180 179 179
fre 4916 3436 226 179 179
trop 4908 3452 180 179 179
trop 4980 3428 181 179 179
trop 5052 3444 180 179 179
fre 5060 3428 226 179 179
trop 5156 3444 180 179 179
fre 5244 3436 206 179 179
fre 5220 3436 206 179 179
trop 5260 3444 180 179 179
trop 5340 3452 180 179 179
fre 5340 3436 206 179 179
fre 5436 3428 205 179 179
fre 5516 3436 6 179 179
fre 5556 3436 205 179 179
trop 5572 3436 181 179 179
fre 5596 3428 205 179 179
fre 5660 3436 7 179 179
fre 5748 3444 205 179 179
fre 5828 3452 220 179 179
fre 6260 3428 13 179 179
fre 6340 3444 12 179 179
fre 6412 3436 13 179 179
cliff 6640 3424 32 179 179
cliff 6656 3440 35 179 179
fre 7476 3436 13 179 179
fre 7668 3436 7 179 179
fre 7852 3428 14 179 179
fre 7996 3452 88 179 179
fre 8028 3452 88 179 179
fre 8044 3444 88 179 179
fre 8036 3452 88 179 179
fre 236 3476 12 179 179
dom 320 3456 354 0 179
stand 344 3480 423 0 179
stand 504 3480 423 0 179
trop 716 3476 216 179 179
trop 884 3476 215 179 179
fre 1076 3468 13 179 179
cliff 1120 3472 33 179 179
fre 1212 3468 256 179 179
fre 1292 3476 256 179 179
fre 1348 3484 259 179 179
fre 1500 3476 255 179 179
cliff 1616 3456 22 179 179
cliff 1632 3472 25 179 179
fre 1684 3468 14 179 179
fre 1932 3484 14 179 179
cliff 2032 3456 31 179 179
cliff 2048 3472 35 179 179
fre 2124 3468 260 179 179
tree 2376 3464 50 0 179
fre 2388 3476 256 179 179
fre 2484 3476 258 179 179
fre 2476 3460 256 179 179
cliff 2544 3456 44 179 179
cliff 2544 3472 20 179 179
fre 2668 3484 13 179 179
fre 2740 3476 14 179 179
fre 2804 3476 13 179 179
fre 2972 3468 7 179 179
trop 3164 3484 14 179 179
fre 3196 3468 205 179 179
trop 3332 3484 181 179 179
fre 3852 3484 206 179 179
fre 3940 3484 206 179 179
fre 4004 3484 206 179 179
trop 4092 3476 14 179 179
fre 4124 3484 205 179 179
fre 4324 3484 205 179 179
trop 4356 3468 14 179 179
fre 4452 3476 226 179 179
fre 4548 3476 226 179 179
fre 4596 3476 226 179 179
trop 4676 3484 28 179 179
trop 4692 3468 27 179 179
fre 4772 3468 226 179 179
fre 4868 3468 226 179 179
fre 4924 3468 226 179 179
vor 4988 3476 9 179 179
fre 5068 3476 226 179 179
vor 5116 3476 9 179 179
fre 5100 3476 226 179 179
fre 5244 3484 206 179 179
fre 5300 3484 226 179 179
fre 5332 3484 226 179 179
vor 5340 3468 16 179 179
dom 5504 3456 79 0 179
fre 5636 3484 7 179 179
dom 5664 3456 159 0 179
fre 5708 3468 6 179 179
trop 5764 3484 181 179 179
fre 5884 3468 6 179 179
fre 5860 3484 14 179 179
fre 5916 3460 5 179 179
fre 5892 3460 14 179 179
tree 5976 3480 47 0 179
tree 5960 3464 66 0 179
cliff 5984 3456 12 179 179
tree 5992 3464 67 0 179
fre 6276 3484 14 179 179
fre 6492 3460 13 179 179
fre 6572 3476 6 179 179
fre 6628 3460 7 179 179
cliff 6672 3456 52 179 179
cliff 6704 3456 31 179 179
cliff 6720 3472 35 179 179
fre 7420 3484 12 179 179
fre 7508 3468 13 179 179
fre 7556 3460 13 179 179
fre 7668 3476 7 179 179
trop 7748 3468 14 179 179
fre 7828 3484 7 179 179
tree 7864 3480 65 0 179
fre 7916 3460 13 179 179
fre 7956 3484 259 179 179
fre 7940 3460 139 179 179
fre 7972 3468 137 179 179
fre 8004 3468 88 179 179
fre 8060 3484 255 179 179
trop 428 3500 65 179 179
trop 468 3492 70 179 179
trop 788 3508 181 179 179
cliff 1136 3488 32 179 179
cliff 1152 3504 33 179 179
fre 1244 3492 258 179 179
fre 1484 3508 259 179 179
cliff 1648 3488 19 179 179
cliff 1664 3504 27 179 179
fre 1740 3516 13 179 179
fre 1868 3508 13 179 179
fre 2020 3500 97 179 179
tree 2072 3496 67 0 179
cliff 2064 3504 13 179 179
cliff 2064 3488 29 179 179
fre 2172 3492 258 179 179
fre 2204 3516 257 179 179
tree 2392 3512 49 0 179
tree 2392 3496 45 0 179
fre 2444 3516 258 179 179
fre 2452 3500 255 179 179
fre 2508 3500 258 179 179
cliff 2560 3488 24 179 179
cliff 2576 3504 62 179 179
fre 2740 3516 13 179 179
dom 2752 3488 477 0 179
fre 2852 3500 13 179 179
dom 2944 3488 475 0 179
fre 3132 3508 205 179 179
dom 3232 3488 64 0 179
fre 3364 3500 227 179 179
fre 3852 3516 98 179 179
fre 3876 3516 98 179 179
fre 3908 3516 98 179 179
fre 3940 3516 99 179 179
fre 3988 3516 99 179 179
fre 4020 3516 98 179 179
tree 4008 3512 65 0 179
fre 4420 3500 99 179 179
fre 4468 3516 100 179 179
fre 4508 3516 100 179 179
fre 4532 3508 99 179 179
fre 4564 3500 98 179 179
dom 4544 3488 245 0 179
fre 4612 3508 98 179 179
fre 4724 3516 227 179 179
vor 5044 3500 16 179 179
fre 5052 3516 12 179 179
fre 5108 3516 14 179 179
fre 5236 3516 12 179 179
fre 5436 3516 205 179 179
fre 5476 3492 7 179 179
fre 5524 3492 6 179 179
fre 5836 3516 7 179 179
fre 5860 3492 6 179 179
tree 5896 3496 12 0 179
tree 5928 3512 39 0 179
cliff 5968 3504 24 179 179
tree 5960 3496 45 0 179
tree 5960 3512 105 0 179
cliff 5984 3488 29 179 179
cliff 5984 3504 6 179 179
cliff 6224 3488 26 179 179
fre 6388 3508 14 179 179
tree 6536 3512 52 0 179
fre 6572 3516 5 179 179
fre 6668 3492 14 179 179
cliff 6736 3504 13 179 179
cliff 6736 3488 31 179 179
fre 7460 3500 14 179 179
fre 7516 3508 7 179 179
tree 7544 3512 50 0 179
tree 7576 3512 65 0 179
fre 7604 3492 5 179 179
fre 7652 3500 6 179 179
fre 7796 3508 88 179 179
fre 7796 3492 88 179 179
fre 7812 3492 127 179 179
cliff 7872 3504 62 179 179
tree 7880 3512 67 0 179
tree 7912 3496 46 0 179
tree 7928 3512 42 0 179
tree 7944 3496 44 0 179
fre 8012 3500 259 179 179
fre 8044 3516 81 179 179
fre 8036 3516 88 179 179
stand 296 3544 499 0 179
stand 344 3528 423 0 179
stand 504 3528 423 0 179
stand 744 3544 30 0 179
fre 1100 3540 12 179 179
fre 1132 3540 7 179 179
cliff 1168 3520 28 179 179
cliff 1168 3536 14 179 179
fre 1284 3548 259 179 179
fre 1388 3540 255 179 179
fre 1476 3548 257 179 179
fre 1548 3540 256 179 179
fre 1572 3532 256 179 179
fre 1612 3548 256 179 179
cliff 1680 3520 48 179 179
fre 1812 3532 7 179 179
fre 1956 3548 13 179 179
fre 2044 3540 97 179 179
tree 2088 3544 67 0 179
cliff 2080 3536 33 179 179
fre 2188 3524 259 179 179
fre 2532 3540 253 179 179
dom 2848 3520 458 0 179
fre 2932 3524 13 179 179
fre 2980 3540 7 179 179
dom 3072 3520 222 0 179
dom 3648 3520 225 0 179
trop 3764 3548 14 179 179
fre 3804 3532 205 179 179
fre 3836 3524 100 179 179
fre 3828 3548 99 179 179
fre 3892 3540 97 179 179
fre 3956 3532 97 179 179
fre 4004 3524 100 179 179
fre 4052 3540 205 179 179
trop 4180 3540 180 179 179
fre 4180 3532 206 179 179
trop 4260 3540 180 179 179
fre 4268 3532 206 179 179
fre 4396 3524 227 179 179
fre 4420 3540 98 179 179
fre 4460 3532 97 179 179
fre 4500 3548 99 179 179
fre 4532 3548 99 179 179
fre 4564 3540 100 179 179
fre 4604 3532 100 179 179
fre 4652 3524 227 179 179
trop 4676 3548 28 179 179
trop 4692 3540 27 179 179
fre 4724 3524 205 179 179
fre 4972 3524 205 179 179
trop 4980 3524 181 179 179
fre 5012 3524 227 179 179
fre 5148 3532 227 179 179
trop 5164 3532 181 179 179
fre 5196 3532 205 179 179
fre 5284 3524 14 179 179
fre 5340 3524 14 179 179
fre 5388 3532 205 179 179
trop 5404 3540 181 179 179
fre 5436 3532 205 179 179
fre 5436 3524 205 179 179
fre 5500 3540 5 179 179
dom 5472 3520 78 0 179
fre 5556 3540 205 179 179
trop 5572 3532 181 179 179
fre 5596 3532 205 179 179
dom 5632 3520 78 0 179
fre 5636 3548 7 179 179
fre 5676 3532 6 179 179
fre 5676 3548 13 179 179
fre 5716 3532 7 179 179
fre 5748 3540 205 179 179
tree 5896 3544 42 0 179
tree 5912 3528 40 0 179
tree 5896 3528 17 0 179
tree 5928 3528 105 0 179
tree 5928 3544 67 0 179
cliff 5936 3536 7 179 179
tree 5960 3528 67 0 179
cliff 6256 3520 46 179 179
fre 6324 3532 12 179 179
fre 6476 3524 6 179 179
cliff 6736 3536 11 179 179
fre 7420 3548 7 179 179
fre 7460 3540 13 179 179
tree 7544 3544 41 0 179
tree 7560 3544 39 0 179
tree 7576 3528 40 0 179
tree 7608 3528 47 0 179
cliff 7648 3536 63 179 179
tree 7656 3544 75 0 179
fre 7684 3540 88 179 179
fre 7692 3532 88 179 179
tree 7800 3528 66 0 179
tree 7800 3544 47 0 179
cliff 7856 3536 76 179 179
tree 7848 3544 67 0 179
tree 7992 3528 41 0 179
fre 8028 3540 88 179 179
fre 8060 3548 81 179 179
fre 252 3556 7 179 179
stand 344 3576 423 0 179
trop 468 3572 70 179 179
stand 504 3576 423 0 179
dom 928 3552 262 0 179
cliff 1184 3568 34 179 179
fre 1276 3572 260 179 179
fre 1340 3580 259 179 179
fre 1508 3564 256 179 179
fre 1564 3580 259 179 179
cliff 1680 3552 22 179 179
cliff 1696 3568 25 179 179
fre 1724 3572 12 179 179
fre 1900 3572 13 179 179
cliff 2096 3568 12 179 179
cliff 2096 3552 30 179 179
fre 2228 3564 256 179 179
tree 2456 3576 47 0 179
tree 2440 3560 55 0 179
tree 2440 3576 45 0 179
fre 2460 3556 259 179 179
fre 2524 3580 258 179 179
fre 2500 3580 260 179 179
fre 2500 3564 254 179 179
fre 2548 3572 255 179 179
fre 2540 3556 258 179 179
fre 2596 3580 269 179 179
fre 2628 3572 265 179 179
fre 2772 3572 13 179 179
fre 2860 3580 14 179 179
fre 2964 3572 6 179 179
fre 3132 3572 205 179 179
fre 3196 3572 205 179 179
fre 3316 3556 227 179 179
trop 3332 3572 181 179 179
fre 3724 3564 227 179 179
fre 3724 3556 227 179 179
fre 3804 3580 205 179 179
fre 3844 3580 97 179 179
fre 3924 3572 97 179 179
dom 3936 3552 381 0 179
fre 4028 3556 99 179 179
fre 4052 3572 205 179 179
fre 4180 3572 206 179 179
fre 4276 3572 206 179 179
fre 4444 3580 226 179 179
fre 4500 3580 226 179 179
fre 4604 3580 226 179 179
tree 4744 3560 78 0 179
dom 4896 3552 97 1 179
fre 5012 3572 227 179 179
fre 5052 3580 7 179 179
fre 5116 3580 13 179 179
dom 5088 3552 77 2 179
fre 5148 3572 227 179 179
trop 5164 3564 181 179 179
fre 5196 3572 227 179 179
fre 5252 3556 14 179 179
dom 5280 3552 77 1 179
vor 5372 3572 19 179 179
fre 5388 3572 227 179 179
tree 5464 3576 88 0 179
fre 5796 3556 205 179 179
fre 5836 3572 4 179 179
cliff 5872 3568 13 179 179
tree 5896 3560 33 0 179
tree 5912 3576 67 0 179
cliff 5904 3552 0 179 179
cliff 6240 3568 40 179 179
fre 6276 3564 12 179 179
fre 6436 3572 7 179 179
tree 6584 3560 55 0 179
fre 6620 3564 5 179 179
fre 6700 3556 7 179 179
cliff 6736 3568 15 179 179
fre 7396 3556 14 179 179
fre 7444 3556 12 179 179
tree 7512 3560 51 0 179
tree 7528 3560 45 0 179
cliff 7600 3568 58 179 179
cliff 7648 3552 54 179 179
cliff 7840 3568 77 179 179
fre 7932 3564 265 179 179
fre 7908 3580 264 179 179
fre 7916 3580 81 179 179
fre 7908 3572 81 179 179
fre 7924 3580 88 179 179
fre 7940 3564 88 179 179
fre 7956 3564 88 179 179
fre 7964 3572 88 179 179
fre 7996 3564 81 179 179
fre 8012 3556 88 179 179
stand 296 3608 499 0 179
trop 380 3588 64 179 179
stand 392 3592 90 0 179
dom 640 3584 273 0 179
stand 872 3608 34 0 179
trop 932 3612 180 179 179
stand 1000 3608 34 0 179
stand 1016 3608 100 0 179
fre 1124 3596 7 179 179
cliff 1200 3584 30 179 179
cliff 1216 3600 34 179 179
fre 1300 3596 257 179 179
fre 1420 3596 256 179 179
fre 1460 3604 256 179 179
fre 1636 3588 258 179 179
fre 1660 3604 258 179 179
cliff 1712 3584 47 179 179
fre 1772 3596 12 179 179
fre 1804 3588 12 179 179
fre 1996 3604 97 179 179
fre 2044 3596 97 179 179
tree 2104 3608 75 0 179
cliff 2096 3600 15 179 179
tree 2472 3592 49 0 179
fre 2484 3604 260 179 179
fre 2492 3596 252 179 179
tree 2520 3592 44 0 179
fre 2636 3612 253 179 179
fre 2660 3612 265 179 179
fre 2692 3604 3 179 179
dom 3232 3584 216 0 179
fre 3364 3588 227 179 179
dom 3424 3584 164 0 179
fre 3828 3596 98 179 179
fre 3876 3604 99 179 179
fre 3916 3596 98 179 179
fre 3948 3604 98 179 179
fre 3972 3596 99 179 179
fre 4004 3588 97 179 179
fre 4028 3596 99 179 179
dom 4224 3584 163 0 179
trop 4420 3612 25 179 179
trop 4484 3612 25 179 179
trop 4548 3612 25 179 179
trop 4612 3604 25 179 179
fre 4788 3604 213 179 179
fre 4972 3612 205 179 179
vor 5196 3596 10 179 179
fre 5268 3588 13 179 179
fre 5332 3588 13 179 179
tree 5368 3592 103 0 179
tree 5368 3608 77 0 179
trop 5484 3596 180 179 179
fre 5484 3588 206 179 179
trop 5508 3596 180 179 179
fre 5508 3588 206 179 179
trop 5644 3596 180 179 179
fre 5644 3588 206 179 179
fre 5692 3588 206 179 179
trop 5700 3596 180 179 179
trop 5764 3596 181 179 179
tree 5864 3608 42 0 179
tree 5880 3592 45 0 179
cliff 5872 3600 13 179 179
fre 6236 3596 12 179 179
cliff 6208 3584 44 179 179
cliff 6208 3600 46 179 179
tree 6344 3592 53 0 179
fre 6372 3596 5 179 179
fre 6524 3596 13 179 179
cliff 6736 3600 12 179 179
fre 7388 3588 7 179 179
fre 7492 3596 259 179 179
tree 7512 3608 44 0 179
tree 7528 3592 49 0 179
tree 7576 3608 67 0 179
fre 7620 3604 89 179 179
tree 7896 3608 44 0 179
fre 7908 3588 81 179 179
fre 7908 3596 81 179 179
fre 7916 3604 81 179 179
fre 7964 3596 106 179 179
fre 7948 3604 105 179 179
fre 7988 3604 88 179 179
fre 7972 3612 107 179 179
fre 8028 3604 88 179 179
fre 8004 3596 112 179 179
fre 8092 3596 255 179 179
tree 8072 3592 45 0 179
tree 8072 3608 41 0 179
fre 8068 3604 24 179 179
fre 244 3620 6 179 179
stand 344 3624 423 0 179
stand 392 3624 423 0 179
stand 504 3624 423 0 179
trop 604 3636 216 179 179
trop 716 3636 180 179 179
trop 788 3620 181 179 179
trop 844 3620 184 179 179
trop 1052 3620 215 179 179
fre 1180 3620 7 179 179
cliff 1232 3616 50 179 179
cliff 1264 3616 32 179 179
cliff 1280 3632 34 179 179
fre 1372 3628 256 179 179
fre 1396 3636 256 179 179
fre 1500 3644 255 179 179
fre 1580 3644 259 179 179
fre 1660 3636 258 179 179
cliff 1712 3616 47 179 179
fre 1740 3636 12 179 179
fre 1884 3636 13 179 179
fre 1964 3636 97 179 179
tree 2072 3640 77 0 179
tree 2072 3624 89 0 179
tree 2104 3640 67 0 179
fre 2220 3628 255 179 179
fre 2236 3644 257 179 179
fre 2252 3628 256 179 179
fre 2492 3636 254 179 179
tree 2504 3640 44 0 179
cliff 2544 3632 49 179 179
cliff 2528 3632 45 179 179
cliff 2560 3616 52 179 179
fre 2652 3628 269 179 179
tree 2760 3640 41 0 179
tree 2760 3624 44 0 179
fre 2788 3644 13 179 179
fre 2900 3620 5 179 179
fre 2964 3644 7 179 179
dom 3072 3616 159 0 179
trop 3164 3628 14 179 179
trop 3764 3644 24 179 179
fre 3860 3628 206 179 179
fre 3956 3628 206 179 179
fre 4004 3628 206 179 179
trop 4092 3628 14 179 179
fre 4132 3620 205 179 179
fre 4324 3628 205 179 179
trop 4356 3628 14 179 179
trop 4428 3628 26 179 179
trop 4476 3628 26 179 179
trop 4620 3620 26 179 179
trop 4668 3620 26 179 179
tree 4824 3640 65 0 179
vor 4988 3644 10 179 179
trop 4980 3636 181 179 179
fre 5060 3628 226 179 179
trop 5060 3636 180 179 179
fre 5100 3628 226 179 179
trop 5124 3636 180 179 179
vor 5156 3628 11 179 179
fre 5244 3628 226 179 179
trop 5228 3636 180 179 179
fre 5340 3628 226 179 179
trop 5332 3636 180 179 179
trop 5404 3644 181 179 179
fre 5484 3620 206 179 179
fre 5508 3620 206 179 179
trop 5564 3620 181 179 179
fre 5644 3628 206 179 179
fre 5700 3628 206 179 179
tree 5832 3624 65 0 179
fre 5836 3620 7 179 179
tree 5864 3640 44 0 179
tree 5880 3624 67 0 179
cliff 5872 3632 15 179 179
cliff 6208 3632 21 179 179
fre 6260 3628 14 179 179
fre 6612 3628 14 179 179
fre 6692 3636 7 179 179
cliff 6736 3632 13 179 179
fre 7284 3628 260 179 179
fre 7300 3636 259 179 179
fre 7332 3644 256 179 179
fre 7436 3628 256 179 179
tree 7480 3624 28 0 179
tree 7512 3640 40 0 179
fre 7612 3636 129 179 179
fre 7604 3628 89 179 179
tree 7848 3624 43 0 179
fre 7844 3636 108 179 179
fre 7860 3644 89 179 179
fre 7884 3636 110 179 179
fre 8012 3644 81 179 179
fre 8012 3628 88 179 179
fre 8004 3644 88 179 179
fre 8044 3644 81 179 179
fre 228 3668 7 179 179
stand 344 3656 30 0 179
stand 344 3672 423 0 179
trop 372 3668 70 179 179
stand 392 3672 423 0 179
trop 436 3668 70 179 179
trop 468 3652 70 179 179
stand 504 3672 423 0 179
fre 1212 3652 13 179 179
fre 1236 3676 13 179 179
cliff 1296 3648 29 179 179
cliff 1312 3664 34 179 179
cliff 1456 3664 45 179 179
cliff 1472 3664 29 179 179
fre 1620 3668 259 179 179
cliff 1712 3648 48 179 179
fre 1756 3676 13 179 179
fre 1812 3676 12 179 179
fre 1996 3668 97 179 179
fre 2036 3660 97 179 179
cliff 2112 3648 6 179 179
fre 2564 3652 3 179 179
tree 2616 3672 41 0 179
tree 2600 3672 27 0 179
cliff 2624 3664 60 179 179
fre 2708 3668 6 179 179
fre 2748 3660 13 179 179
tree 2760 3656 42 0 179
tree 2760 3672 45 0 179
dom 2816 3648 441 0 179
fre 3132 3660 205 179 179
fre 3196 3676 205 179 179
dom 3232 3648 150 0 179
fre 3316 3660 227 179 179
trop 3332 3668 181 179 179
fre 3364 3668 227 179 179
fre 3652 3652 220 179 179
trop 3764 3660 26 179 179
trop 3756 3660 26 179 179
trop 3876 3660 15 179 179
trop 3988 3660 15 179 179
fre 4444 3660 226 179 179
fre 4460 3660 226 179 179
fre 4644 3652 206 179 179
trop 4796 3652 20 179 179
fre 4868 3660 206 179 179
fre 4884 3660 206 179 179
trop 4876 3676 180 179 179
fre 4916 3660 206 179 179
trop 4916 3676 180 179 179
vor 4964 3676 20 179 179
fre 5060 3668 226 179 179
fre 5100 3668 226 179 179
vor 5140 3668 17 179 179
vor 5164 3660 11 179 179
fre 5260 3668 226 179 179
fre 5340 3668 226 179 179
fre 5428 3668 205 179 179
fre 5484 3660 6 179 179
fre 5524 3676 7 179 179
fre 5556 3676 205 179 179
fre 5596 3676 205 179 179
fre 5652 3668 14 179 179
fre 5708 3668 14 179 179
fre 5756 3676 205 179 179
tree 5816 3672 105 0 179
fre 5796 3652 205 179 179
tree 5832 3672 42 0 179
tree 5848 3672 41 0 179
cliff 5840 3664 54 179 179
tree 5864 3672 42 0 179
tree 5880 3672 71 0 179
cliff 6224 3648 21 179 179
cliff 6240 3664 27 179 179
fre 6356 3660 14 179 179
fre 6436 3660 7 179 179
fre 6492 3652 14 179 179
fre 6676 3668 12 179 179
cliff 6736 3664 12 179 179
fre 7348 3676 259 179 179
fre 7364 3668 257 179 179
fre 7428 3660 260 179 179
fre 7476 3652 255 179 179
tree 7480 3656 37 0 179
tree 7464 3656 45 0 179
tree 7512 3656 44 0 179
fre 7540 3676 148 179 179
fre 7548 3676 84 179 179
fre 7556 3652 153 179 179
fre 7572 3676 158 179 179
fre 7556 3676 87 179 179
tree 7592 3656 41 0 179
most 7744 3648 13 0 179
fre 8020 3652 88 179 179
fre 8052 3668 88 179 179
trop 820 3692 183 179 179
fre 1204 3684 13 179 179
fre 1276 3708 13 179 179
cliff 1328 3680 52 179 179
cliff 1360 3680 32 179 179
cliff 1376 3696 35 179 179
cliff 1440 3696 38 179 179
fre 1468 3708 7 179 179
fre 1452 3708 12 179 179
cliff 1488 3680 36 179 179
cliff 1504 3696 52 179 179
cliff 1536 3696 28 179 179
cliff 1696 3696 41 179 179
fre 1780 3708 12 179 179
fre 2068 3692 99 179 179
tree 2056 3688 10 0 179
tree 2152 3688 44 0 179
stand 2184 3704 74 0 179
cliff 2672 3680 64 179 179
fre 2820 3684 7 179 179
fre 2860 3684 6 179 179
fre 2924 3692 6 179 179
fre 3132 3700 205 179 179
trop 3676 3684 23 179 179
fre 3788 3700 226 179 179
fre 3892 3700 226 179 179
fre 3996 3700 226 179 179
fre 4132 3684 205 179 179
fre 4516 3708 227 179 179
trop 4564 3684 27 179 179
fre 4596 3700 205 179 179
dom 4672 3680 94 0 179
fre 4740 3684 213 179 179
fre 4892 3708 206 179 179
fre 4924 3708 206 179 179
fre 5052 3708 4 179 179
fre 5260 3708 3 179 179
tree 5368 3704 87 0 179
tree 5368 3688 105 0 179
fre 5348 3708 3 179 179
fre 5468 3700 7 179 179
dom 5504 3680 79 0 179
fre 5628 3708 12 179 179
trop 5764 3708 181 179 179
tree 5816 3688 77 0 179
tree 5848 3688 67 0 179
fre 5828 3708 7 179 179
cliff 5888 3680 5 179 179
cliff 6272 3696 7 179 179
fre 6540 3684 13 179 179
fre 6628 3700 13 179 179
fre 7260 3684 260 179 179
fre 7276 3708 256 179 179
fre 7396 3700 256 179 179
tree 7432 3688 44 0 179
fre 7460 3708 87 179 179
fre 7484 3692 84 179 179
fre 7516 3700 159 179 179
fre 7492 3708 87 179 179
fre 7508 3708 84 179 179
fre 7524 3684 151 179 179
fre 7532 3684 87 179 179
fre 8012 3700 81 179 179
fre 8012 3708 88 179 179
fre 8028 3708 109 179 179
fre 236 3740 6 179 179
stand 344 3720 423 0 179
stand 392 3720 423 0 179
trop 436 3740 70 179 179
trop 468 3732 70 179 179
stand 504 3720 423 0 179
trop 796 3740 187 179 179
dom 896 3712 406 0 179
fre 1324 3732 13 179 179
cliff 1392 3712 52 179 179
fre 1516 3732 7 179 179
cliff 1552 3712 36 179 179
cliff 1568 3728 50 179 179
cliff 1600 3728 28 179 179
cliff 1664 3712 44 179 179
fre 1700 3732 12 179 179
fre 1804 3732 13 179 179
fre 2036 3724 97 179 179
fre 2060 3724 99 179 179
tree 2056 3720 17 0 179
tree 2072 3720 67 0 179
fre 2132 3724 244 179 179
stand 2136 3720 291 0 179
fre 2156 3716 244 179 179
stand 2568 3736 451 0 179
fre 2636 3724 7 179 179
fre 2764 3724 6 179 179
dom 3072 3712 222 0 179
fre 3132 3740 205 179 179
dom 3232 3712 216 1 179
fre 3716 3732 228 179 179
dom 4224 3712 162 0 179
fre 4324 3732 205 179 179
fre 4396 3716 227 179 179
dom 4416 3712 82 0 179
fre 5012 3724 227 179 179
fre 5116 3716 5 179 179
dom 5088 3712 79 1 179
vor 5172 3740 8 179 179
fre 5156 3716 227 179 179
trop 5172 3716 191 179 179
fre 5212 3716 205 179 179
dom 5248 3712 221 3 179
tree 5368 3720 80 0 179
fre 5396 3716 227 179 179
fre 5428 3724 205 179 179
fre 5532 3716 7 179 179
trop 5564 3724 181 179 179
fre 5556 3724 205 179 179
dom 5664 3712 79 0 179
fre 5708 3732 13 179 179
fre 5756 3724 205 179 179
tree 5816 3736 37 0 179
tree 5816 3720 73 0 179
fre 6412 3716 6 179 179
fre 6484 3740 14 179 179
fre 6548 3740 14 179 179
cliff 6720 3728 3 179 179
cliff 6752 3712 7 179 179
fre 7252 3740 260 179 179
fre 7372 3740 259 179 179
tree 7384 3720 41 0 179
fre 7420 3732 260 179 179
tree 7400 3736 46 0 179
fre 7516 3732 25 179 179
fre 7572 3740 84 179 179
fre 7996 3716 81 179 179
fre 8052 3732 88 179 179
fre 8092 3724 255 179 179
tree 8088 3720 44 0 179
tree 8072 3720 43 0 179
tree 8088 3736 45 0 179
fre 8076 3740 24 179 179
dom 320 3744 265 0 179
stand 344 3768 423 0 179
trop 372 3748 70 179 179
stand 392 3768 423 0 179
stand 504 3768 423 0 179
dom 640 3744 273 0 179
stand 744 3768 30 0 179
trop 828 3756 182 179 179
fre 1388 3748 12 179 179
fre 1420 3764 12 179 179
fre 1548 3764 13 179 179
cliff 1616 3744 36 179 179
cliff 1648 3744 40 179 179
fre 1668 3756 12 179 179
fre 1804 3772 12 179 179
dom 2592 3744 159 0 179
fre 2764 3748 7 179 179
dom 2816 3744 441 0 179
fre 2844 3764 5 179 179
fre 2916 3764 7 179 179
fre 2964 3772 7 179 179
dom 2976 3744 221 0 179
fre 3316 3764 227 179 179
trop 3332 3772 181 179 179
fre 3364 3764 227 179 179
dom 3488 3744 224 0 179
fre 3612 3764 227 179 179
dom 3744 3744 93 0 179
dom 3936 3744 92 0 179
fre 4052 3748 227 179 179
trop 4092 3772 14 179 179
trop 4556 3772 14 179 179
dom 4672 3744 225 0 179
trop 4804 3756 14 179 179
fre 4836 3756 227 179 179
fre 4972 3764 205 179 179
trop 4980 3748 181 179 179
trop 5172 3756 181 179 179
fre 5212 3772 205 179 179
fre 5276 3756 5 179 179
dom 5312 3744 79 2 179
tree 5368 3768 58 1 179
fre 5364 3756 4 179 179
lay 5384 3768 55 0 179
trop 5404 3756 181 179 179
fre 5524 3772 7 179 179
fre 5596 3772 205 179 179
fre 5660 3772 14 179 179
fre 5676 3748 13 179 179
fre 5796 3756 205 179 179
fre 5828 3748 12 179 179
stand 5880 3752 291 0 179
stand 6312 3768 451 0 179
fre 6404 3772 7 179 179
cliff 6624 3744 54 179 179
cliff 6656 3744 54 179 179
cliff 6704 3760 5 179 179
fre 6852 3756 12 179 179
fre 7268 3772 259 179 179
fre 7308 3748 256 179 179
tree 7352 3768 41 0 179
tree 7336 3752 7 0 179
tree 7368 3752 45 0 179
tree 7400 3752 43 0 179
tree 7432 3752 44 0 179
fre 7452 3764 87 179 179
fre 7444 3772 89 179 179
fre 7492 3748 87 179 179
fre 7500 3748 89 179 179
fre 7500 3756 84 179 179
fre 7540 3772 84 179 179
fre 7588 3756 89 179 179
fre 7788 3756 88 179 179
tree 7816 3768 76 0 179
fre 7852 3748 81 179 179
fre 7860 3748 81 179 179
fre 7868 3756 81 179 179
fre 7868 3764 81 179 179
fre 7860 3756 88 179 179
fre 7844 3748 88 179 179
fre 7876 3764 81 179 179
fre 7884 3764 88 179 179
fre 7908 3764 88 179 179
fre 7996 3756 260 179 179
tree 7992 3752 45 0 179
fre 8020 3772 81 179 179
fre 8004 3764 88 179 179
fre 8052 3772 88 179 179
fre 236 3780 3 179 179
trop 628 3788 216 179 179
trop 676 3804 184 179 179
trop 732 3796 188 179 179
trop 804 3796 180 179 179
trop 916 3796 180 179 179
trop 1012 3796 180 179 179
trop 1140 3796 215 179 179
fre 1348 3780 13 179 179
fre 1468 3788 12 179 179
fre 1604 3788 13 179 179
fre 1732 3780 13 179 179
fre 2132 3788 244 179 179
fre 2156 3788 244 179 179
stand 2184 3784 74 0 179
stand 2216 3784 346 0 179
fre 2676 3796 6 179 179
fre 2788 3796 3 179 179
trop 2964 3804 180 179 179
fre 3052 3796 206 179 179
trop 3060 3804 180 179 179
fre 3084 3796 206 179 179
trop 3164 3788 14 179 179
fre 3196 3780 205 179 179
fre 4052 3796 227 179 179
fre 4132 3788 205 179 179
fre 4324 3796 205 179 179
trop 4356 3780 14 179 179
fre 4396 3796 227 179 179
fre 4516 3796 227 179 179
fre 4596 3804 205 179 179
fre 4780 3788 212 179 179
dom 4896 3776 97 0 179
fre 5044 3788 7 179 179
fre 5092 3788 7 179 179
dom 5248 3776 221 3 179
fre 5284 3788 5 179 179
vor 5364 3804 16 179 179
tree 5352 3800 54 1 179
tree 5368 3784 63 1 179
lay 5368 3784 54 0 179
tree 5384 3784 54 1 179
tree 5384 3800 53 1 179
fre 5476 3788 7 179 179
fre 5660 3780 14 179 179
fre 5652 3796 14 179 179
fre 5708 3780 12 179 179
fre 5836 3796 12 179 179
fre 6500 3780 13 179 179
cliff 6608 3776 58 179 179
tree 6792 3800 51 0 179
fre 6836 3796 7 179 179
fre 6820 3796 5 179 179
fre 7236 3804 260 179 179
fre 7364 3796 258 179 179
tree 7368 3800 46 0 179
tree 7384 3800 42 0 179
fre 7516 3796 87 179 179
fre 7540 3796 87 179 179
fre 7524 3796 84 179 179
fre 7556 3804 87 179 179
tree 7608 3800 79 0 179
cliff 7616 3792 45 179 179
cliff 7632 3792 123 179 179
tree 7624 3800 105 0 179
cliff 7680 3792 112 179 179
cliff 7696 3776 113 179 179
tree 7704 3784 75 0 179
fre 7828 3804 12 179 179
cliff 7824 3776 52 179 179
cliff 7856 3792 50 179 179
tree 7864 3784 71 0 179
tree 7848 3784 54 0 179
cliff 7904 3776 124 179 179
cliff 7904 3792 110 179 179
cliff 7936 3776 122 179 179
cliff 7968 3792 57 179 179
fre 8020 3788 88 179 179
fre 8036 3804 88 179 179
stand 280 3832 110 0 179
stand 344 3816 423 0 179
trop 372 3828 70 179 179
stand 392 3816 423 0 179
trop 436 3812 70 179 179
trop 468 3812 70 179 179
stand 504 3816 423 0 179
fre 1684 3812 13 179 179
stand 2136 3816 291 0 179
fre 2628 3828 205 179 179
fre 2876 3812 6 179 179
fre 3044 3836 206 179 179
fre 3084 3836 206 179 179
dom 3232 3808 64 0 179
trop 3652 3828 14 179 179
fre 3692 3828 227 179 179
fre 4748 3828 229 179 179
fre 4844 3828 212 179 179
fre 4972 3836 205 179 179
fre 5012 3820 227 179 179
fre 5052 3836 7 179 179
dom 5088 3808 79 2 179
fre 5092 3828 7 179 179
vor 5140 3836 19 179 179
vor 5164 3812 17 179 179
fre 5156 3820 205 179 179
trop 5172 3812 181 179 179
fre 5212 3820 205 179 179
fre 5212 3812 205 179 179
tree 5368 3816 54 1 179
fre 5348 3828 5 179 179
fre 5396 3820 227 179 179
fre 5428 3820 205 179 179
dom 5504 3808 79 1 179
fre 5508 3828 5 179 179
fre 5556 3828 205 179 179
trop 5572 3820 181 179 179
fre 5596 3820 205 179 179
dom 5664 3808 79 0 179
fre 5676 3836 13 179 179
fre 5756 3820 212 179 179
trop 5772 3828 187 179 179
fre 6484 3828 13 179 179
fre 6788 3820 6 179 179
fre 6876 3812 7 179 179
fre 7228 3836 260 179 179
fre 7276 3828 259 179 179
tree 7288 3816 46 0 179
tree 7384 3816 44 0 179
tree 7368 3832 41 0 179
fre 7564 3820 256 179 179
tree 7560 3832 43 0 179
tree 7608 3816 77 0 179
fre 7644 3820 3 179 179
cliff 7616 3824 42 179 179
trop 7748 3828 14 179 179
fre 7916 3812 13 179 179
cliff 7968 3808 64 179 179
fre 8036 3820 88 179 179
fre 8068 3828 256 179 179
fre 8124 3812 256 179 179
fre 252 3844 4 179 179
stand 344 3864 423 0 179
stand 392 3864 423 0 179
stand 504 3864 423 0 179
stand 536 3848 107 0 179
fre 2132 3860 244 179 179
fre 2156 3860 244 179 179
fre 2628 3860 205 179 179
trop 2644 3852 181 179 179
fre 2764 3844 3 179 179
fre 2828 3844 12 179 179
fre 2924 3860 13 179 179
trop 2956 3844 181 179 179
fre 3316 3868 227 179 179
trop 3332 3860 181 179 179
fre 3364 3868 227 179 179
fre 3612 3860 227 179 179
fre 3692 3860 205 179 179
fre 3996 3844 206 179 179
fre 4180 3844 206 179 179
fre 4276 3844 206 179 179
fre 4444 3844 226 179 179
fre 4468 3844 226 179 179
fre 4652 3852 206 179 179
trop 4772 3860 22 179 179
trop 4980 3860 181 179 179
fre 5060 3868 226 179 179
fre 5100 3868 206 179 179
vor 5236 3844 67 179 179
fre 5268 3868 226 179 179
fre 5340 3868 226 179 179
dom 5312 3840 78 1 179
trop 5404 3860 181 179 179
vor 5444 3852 8 179 179
fre 5692 3868 211 179 179
fre 5796 3844 212 179 179
fre 5828 3844 7 179 179
stand 5880 3848 291 0 179
tree 6616 3848 50 0 179
fre 6644 3852 5 179 179
fre 6724 3844 14 179 179
fre 6868 3852 6 179 179
fre 6916 3852 14 179 179
fre 7340 3868 260 179 179
fre 7340 3844 258 179 179
tree 7368 3864 44 0 179
fre 7540 3844 89 179 179
fre 7548 3844 87 179 179
cliff 7600 3840 125 179 179
fre 7620 3868 7 179 179
fre 7676 3860 4 179 179
tree 7880 3848 53 0 179
fre 7916 3852 5 179 179
fre 8028 3852 88 179 179
fre 8076 3860 259 179 179
trop 436 3892 70 179 179
trop 468 3892 70 179 179
trop 644 3876 183 179 179
stand 2184 3880 74 0 179
stand 2568 3896 453 0 179
fre 2668 3884 205 179 179
fre 2828 3884 6 179 179
fre 2868 3884 14 179 179
fre 2900 3900 6 179 179
fre 2996 3884 205 179 179
fre 3132 3884 205 179 179
fre 3196 3876 205 179 179
stand 3592 3896 239 0 179
dom 3776 3872 163 0 179
fre 3916 3876 210 179 179
vor 3996 3884 11 179 179
trop 3996 3876 25 179 179
trop 3996 3892 26 179 179
vor 4028 3900 20 179 179
trop 4020 3876 25 179 179
trop 4060 3892 26 179 179
trop 4124 3892 26 179 179
trop 4156 3892 26 179 179
trop 4164 3876 25 179 179
trop 4196 3876 25 179 179
trop 4204 3892 26 179 179
trop 4252 3892 26 179 179
trop 4260 3876 25 179 179
trop 4292 3876 25 179 179
trop 4324 3900 24 179 179
trop 4380 3892 26 179 179
trop 4428 3876 25 179 179
trop 4444 3892 26 179 179
trop 4484 3876 25 179 179
trop 4484 3892 26 179 179
trop 4548 3884 24 179 179
trop 4564 3892 24 179 179
trop 4628 3884 25 179 179
trop 4636 3900 26 179 179
trop 4684 3884 25 179 179
trop 4692 3900 26 179 179
trop 4796 3900 216 179 179
trop 4860 3892 180 179 179
fre 4868 3884 206 179 179
fre 4924 3884 206 179 179
trop 5052 3884 180 179 179
trop 5084 3884 180 179 179
trop 5196 3884 180 179 179
vor 5252 3892 10 179 179
trop 5268 3900 181 179 179
trop 5332 3884 180 179 179
vor 5364 3884 10 179 179
trop 5484 3876 180 179 179
fre 5500 3876 206 179 179
fre 5484 3876 206 179 179
trop 5508 3884 180 179 179
trop 5644 3884 180 179 179
fre 5644 3876 206 179 179
trop 5708 3884 188 179 179
fre 5820 3900 12 179 179
fre 6420 3892 12 179 179
fre 6540 3892 7 179 179
fre 6580 3884 6 179 179
fre 6796 3892 4 179 179
fre 6852 3884 7 179 179
fre 6884 3884 7 179 179
fre 6916 3900 12 179 179
fre 7252 3900 260 179 179
fre 7284 3892 255 179 179
fre 7372 3884 89 179 179
cliff 7600 3872 118 179 179
cliff 7584 3888 118 179 179
fre 7820 3876 7 179 179
fre 7956 3900 6 179 179
fre 252 3908 7 179 179
stand 312 3912 423 0 179
stand 344 3912 423 0 179
trop 372 3908 70 179 179
stand 392 3912 423 0 179
stand 504 3912 423 0 179
stand 536 3912 423 0 179
dom 704 3904 279 0 179
trop 820 3908 191 179 179
trop 980 3908 191 179 179
stand 1960 3912 107 0 179
fre 2132 3932 244 179 179
stand 2136 3912 291 0 179
fre 2156 3932 244 179 179
dom 2592 3904 222 0 179
dom 2752 3904 222 0 179
dom 2880 3904 159 0 179
dom 3072 3904 222 0 179
dom 3392 3904 164 0 179
dom 3488 3904 227 0 179
trop 3900 3916 23 179 179
fre 4020 3924 226 179 179
fre 4044 3924 226 179 179
fre 4140 3924 226 179 179
fre 4236 3924 226 179 179
fre 4420 3924 206 179 179
fre 4468 3924 206 179 179
fre 4644 3932 226 179 179
fre 4764 3932 226 179 179
fre 4748 3932 226 179 179
trop 4820 3908 216 179 179
fre 4908 3932 226 179 179
trop 4908 3908 180 179 179
fre 5052 3916 226 179 179
fre 5084 3916 226 179 179
fre 5212 3916 226 179 179
fre 5220 3916 206 179 179
fre 5348 3932 206 179 179
fre 5484 3908 206 179 179
vor 5532 3916 16 179 179
fre 5508 3908 206 179 179
trop 5572 3916 181 179 179
fre 5652 3916 206 179 179
fre 5716 3908 211 179 179
fre 5788 3932 12 179 179
stand 6312 3928 453 0 179
fre 6468 3916 13 179 179
fre 6676 3916 14 179 179
fre 6732 3916 13 179 179
tree 6840 3912 50 0 179
fre 6868 3908 5 179 179
tree 7288 3912 35 0 179
tree 7320 3912 45 0 179
fre 7340 3908 256 179 179
fre 7356 3916 87 179 179
fre 7620 3916 6 179 179
fre 7668 3916 7 179 179
fre 7876 3924 7 179 179
fre 7916 3932 6 179 179
fre 8076 3908 259 179 179
stand 360 3944 95 0 179
trop 596 3964 181 179 179
trop 684 3964 190 179 179
trop 820 3964 190 179 179
dom 864 3936 399 0 179
trop 980 3964 190 179 179
dom 1024 3936 399 0 179
dom 1152 3936 275 0 179
trop 1284 3964 190 179 179
dom 1376 3936 275 0 179
trop 1508 3964 190 179 179
dom 1600 3936 275 0 179
trop 1732 3964 190 179 179
dom 1824 3936 275 0 179
trop 1956 3964 190 179 179
stand 2184 3960 74 0 179
fre 2628 3964 205 179 179
trop 2636 3956 181 179 179
fre 2668 3964 205 179 179
fre 2948 3940 205 179 179
fre 2948 3964 205 179 179
trop 2956 3956 181 179 179
fre 2996 3964 205 179 179
trop 3164 3948 14 179 179
dom 3200 3936 69 0 179
fre 3316 3964 227 179 179
trop 3332 3948 181 179 179
fre 3364 3964 227 179 179
fre 3612 3964 227 179 179
trop 3652 3948 14 179 179
fre 3692 3964 205 179 179
fre 3924 3956 228 179 179
fre 4012 3956 99 179 179
fre 4084 3964 99 179 179
fre 4148 3964 98 179 179
fre 4188 3964 99 179 179
dom 4192 3936 163 1 179
fre 4244 3964 99 179 179
trop 4308 3964 28 179 179
trop 4332 3956 27 179 179
fre 5052 3956 6 179 179
trop 5140 3964 181 179 179
fre 5212 3948 3 179 179
fre 5204 3964 7 179 179
fre 5340 3956 12 179 179
vor 5404 3956 17 179 179
trop 5404 3956 181 179 179
fre 5428 3956 205 179 179
fre 5476 3940 6 179 179
fre 5532 3956 7 179 179
fre 5556 3964 205 179 179
fre 5604 3964 205 179 179
fre 5628 3964 98 179 179
fre 5628 3940 98 179 179
tree 5656 3944 19 0 179
fre 5644 3948 98 179 179
fre 5692 3956 100 179 179
fre 5708 3948 98 179 179
fre 5732 3948 98 179 179
stand 5880 3944 291 0 179
fre 6524 3964 14 179 179
fre 6636 3948 12 179 179
fre 6820 3956 3 179 179
fre 6892 3948 7 179 179
fre 6924 3956 12 179 179
cliff 7280 3952 13 179 179
tree 7352 3960 45 0 179
fre 7468 3956 89 179 179
fre 7468 3948 87 179 179
fre 7492 3956 89 179 179
tree 7576 3960 52 0 179
cliff 7568 3936 113 179 179
cliff 7552 3952 114 179 179
fre 7596 3948 5 179 179
tree 7704 3944 76 0 179
tree 7688 3960 76 0 179
tree 7688 3944 66 0 179
fre 7828 3948 7 179 179
tree 8024 3944 43 0 179
tree 8008 3960 28 0 179
fre 8044 3964 68 179 179
fre 8084 3940 255 179 179
fre 244 3972 5 179 179
trop 436 3972 70 179 179
trop 468 3972 70 179 179
stand 1096 3992 34 0 179
stand 1320 3992 34 0 179
stand 1544 3992 34 0 179
stand 1768 3992 34 0 179
stand 2056 3992 105 0 179
tree 2536 3992 34 0 179
tree 2536 3976 88 0 179
tree 2552 3992 36 0 179
fre 2572 3988 214 179 179
stand 2600 3976 391 0 179
stand 2600 3992 406 0 179
dom 2720 3968 221 0 179
dom 2848 3968 221 0 179
dom 3040 3968 221 0 179
fre 3132 3972 205 179 179
fre 3196 3972 205 179 179
trop 3332 3972 181 179 179
fre 3884 3996 209 179 179
fre 3964 3980 97 179 179
dom 3936 3968 164 1 179
fre 4060 3972 100 179 179
fre 4108 3980 97 179 179
fre 4188 3996 99 179 179
fre 4220 3972 100 179 179
fre 4284 3980 227 179 179
fre 4364 3988 205 179 179
fre 4364 3972 205 179 179
dom 4416 3968 253 1 179
fre 4524 3972 205 179 179
fre 4524 3996 205 179 179
trop 4556 3996 14 179 179
fre 4596 3988 227 179 179
fre 4628 3988 7 179 179
dom 4640 3968 177 1 179
fre 4684 3972 6 179 179
fre 4692 3996 5 179 179
dom 4736 3968 177 0 179
fre 4748 3972 6 179 179
fre 4796 3988 7 179 179
fre 4820 3980 227 179 179
trop 4828 3980 181 179 179
fre 4852 3980 227 179 179
fre 4892 3988 7 179 179
fre 4924 3972 6 179 179
fre 4964 3988 227 179 179
trop 4972 3972 181 179 179
fre 5004 3972 227 179 179
fre 5004 3980 227 179 179
dom 5056 3968 159 0 179
fre 5068 3988 5 179 179
fre 5108 3972 7 179 179
fre 5132 3988 227 179 179
fre 5132 3972 227 179 179
fre 5132 3980 227 179 179
trop 5140 3980 181 179 179
fre 5164 3988 227 179 179
fre 5164 3972 227 179 179
fre 5204 3996 12 179 179
fre 5220 3988 7 179 179
dom 5216 3968 79 1 179
fre 5268 3972 227 179 179
fre 5268 3980 205 179 179
trop 5268 3980 181 179 179
fre 5300 3980 205 179 179
fre 5332 3996 12 179 179
dom 5344 3968 79 2 179
fre 5396 3988 205 179 179
fre 5428 3988 205 179 179
fre 5460 3988 7 179 179
dom 5472 3968 49 3 179
fre 5508 3996 5 179 179
fre 5556 3980 205 179 179
trop 5572 3980 181 179 179
fre 5604 3988 205 179 179
tree 5640 3976 21 0 179
fre 5652 3996 97 179 179
tree 5672 3992 71 0 179
fre 5756 3996 97 179 179
tree 5784 3976 65 0 179
tree 5784 3992 77 0 179
stand 5800 3976 389 0 179
stand 5800 3992 404 0 179
fre 5796 3988 99 179 179
dom 6368 3968 516 0 179
fre 6588 3980 7 179 179
fre 6724 3980 12 179 179
tree 6808 3992 52 0 179
fre 6860 3972 6 179 179
cliff 7280 3968 65 179 179
cliff 7296 3984 11 179 179
fre 7468 3996 256 179 179
tree 7464 3992 44 0 179
tree 7464 3976 42 0 179
fre 7548 3996 4 179 179
cliff 7536 3984 110 179 179
trop 7748 3988 14 179 179
fre 7836 3996 12 179 179
fre 7972 3972 12 179 179
fre 8012 3980 88 179 179
fre 8012 3996 88 179 179
tree 8024 3976 37 0 179
fre 8060 3988 72 179 179
fre 8108 3980 256 179 179
stand 2040 4024 211 0 179
stand 2024 4024 217 0 179
fre 2716 4020 206 179 179
fre 2740 4020 226 179 179
fre 2844 4020 226 179 179
fre 2900 4020 206 179 179
fre 3044 4020 206 179 179
fre 3052 4020 206 179 179
fre 3076 4020 206 179 179
fre 3252 4020 206 179 179
fre 3268 4020 226 179 179
fre 3412 4020 226 179 179
fre 3460 4020 226 179 179
fre 3564 4020 226 179 179
fre 3740 4020 206 179 179
fre 3772 4020 206 179 179
trop 3860 4012 28 179 179
fre 3900 4028 205 179 179
trop 3876 4012 27 179 179
fre 3956 4028 97 179 179
fre 4004 4020 98 179 179
fre 4036 4004 97 179 179
fre 4092 4004 99 179 179
vor 4140 4004 16 179 179
fre 4140 4020 97 179 179
fre 4204 4028 99 179 179
fre 4236 4004 100 179 179
trop 4316 4004 28 179 179
trop 4332 4004 27 179 179
dom 4896 4000 78 0 179
vor 5484 4012 16 179 179
fre 5628 4012 98 179 179
fre 5708 4004 99 179 179
fre 5700 4004 98 179 179
stand 5768 4008 105 0 179
fre 5764 4028 211 179 179
fre 6676 4020 13 179 179
fre 6748 4012 13 179 179
fre 6796 4012 4 179 179
fre 6844 4004 5 179 179
fre 6900 4012 7 179 179
fre 6932 4012 12 179 179
fre 6948 4012 13 179 179
tree 7272 4008 108 0 179
fre 7444 4012 89 179 179
fre 7444 4028 87 179 179
tree 7464 4024 43 0 179
fre 7460 4028 87 179 179
fre 7468 4004 87 179 179
fre 7492 4012 256 179 179
tree 7512 4008 105 0 179
cliff 7520 4000 118 179 179
fre 7572 4020 13 179 179
tree 7624 4024 55 0 179
tree 7624 4008 56 0 179
fre 7636 4012 7 179 179
fre 7652 4004 5 179 179
fre 7828 4012 7 179 179
tree 7848 4008 78 0 179
fre 7868 4012 13 179 179
fre 7956 4020 13 179 179
fre 7996 4004 88 179 179
fre 8012 4028 88 179 179
fre 8028 4020 135 179 179
fre 8060 4004 71 179 179
fre 8100 4020 259 179 179
trop 180 4060 15 179 179
trop 340 4060 15 179 179
trop 444 4044 120 179 179
trop 476 4044 120 179 179
trop 556 4060 15 179 179
trop 700 4060 15 179 179
trop 860 4060 15 179 179
trop 1020 4060 15 179 179
trop 1180 4060 15 179 179
trop 1340 4060 15 179 179
trop 1500 4060 15 179 179
trop 1660 4060 15 179 179
trop 1820 4060 15 179 179
trop 1980 4060 15 179 179
most 2272 4032 37 0 179
trop 2628 4060 15 179 179
trop 2788 4060 15 179 179
stand 2904 4056 87 0 179
stand 2904 4040 87 0 179
stand 2888 4040 87 0 179
stand 2888 4056 87 0 179
trop 2948 4060 15 179 179
trop 3052 4060 15 179 179
trop 3268 4060 15 179 179
trop 3380 4060 15 179 179
trop 3492 4060 24 179 179
trop 3604 4060 15 179 179
trop 3652 4060 26 179 179
trop 3756 4060 15 179 179
trop 3876 4036 27 179 179
fre 4020 4060 97 179 179
fre 4084 4036 100 179 179
fre 4108 4052 89 179 179
fre 4116 4044 87 179 179
fre 4100 4044 87 179 179
fre 4116 4060 87 179 179
fre 4220 4060 99 179 179
fre 4244 4052 100 179 179
fre 4284 4044 227 179 179
vor 4308 4052 19 179 179
fre 4412 4044 206 179 179
fre 4468 4044 206 179 179
fre 4644 4036 226 179 179
fre 4700 4036 226 179 179
fre 4772 4036 226 179 179
fre 4916 4036 226 179 179
fre 5052 4036 226 179 179
fre 5076 4036 226 179 179
vor 5164 4044 10 179 179
vor 5188 4060 10 179 179
fre 5220 4036 206 179 179
vor 5332 4044 9 179 179
vor 5364 4052 17 179 179
fre 5348 4036 206 179 179
vor 5476 4052 11 179 179
fre 5484 4036 206 179 179
fre 5508 4036 206 179 179
fre 5652 4036 206 179 179
fre 7468 4036 87 179 179
tree 7512 4056 77 0 179
cliff 7520 4048 115 179 179
fre 8012 4036 88 179 179
fre 8012 4044 88 179 179
fre 8036 4044 88 179 179
fre 8052 4044 88 179 179
trop 444 4076 120 179 179
stand 456 4088 87 0 179
stand 472 4088 87 0 179
stand 472 4072 87 0 179
stand 456 4072 87 0 179
trop 476 4076 120 179 179
trop 3164 4068 24 179 179
trop 3844 4068 24 179 179
trop 3876 4092 27 179 179
fre 3956 4084 97 179 179
vor 4044 4084 10 179 179
fre 4052 4076 80 179 179
fre 4052 4092 87 179 179
stand 4088 4072 87 0 179
stand 4072 4072 87 0 179
stand 4072 4088 87 0 179
stand 4088 4088 87 0 179
fre 4092 4092 97 179 179
fre 4124 4068 87 179 179
fre 4132 4084 92 179 179
fre 4132 4092 87 179 179
fre 4172 4068 97 179 179
fre 4244 4084 99 179 179
trop 4316 4068 28 179 179
trop 4436 4076 15 179 179
trop 4540 4084 26 179 179
trop 4604 4084 26 179 179
trop 4636 4076 25 179 179
trop 4620 4076 25 179 179
trop 4652 4084 26 179 179
trop 4700 4076 25 179 179
trop 4748 4076 15 179 179
trop 4740 4076 25 179 179
trop 4908 4076 15 179 179
trop 5068 4076 15 179 179
vor 5212 4076 16 179 179
vor 5244 4076 10 179 179
trop 5228 4076 15 179 179
vor 5300 4084 10 179 179
trop 5388 4076 15 179 179
stand 5448 4072 87 0 179
stand 5448 4088 87 0 179
stand 5464 4088 87 0 179
stand 5464 4072 87 0 179
vor 5516 4076 20 179 179
trop 5548 4076 15 179 179
trop 5708 4076 15 179 179
trop 5740 4076 15 179 179
most 6016 4064 37 0 179
dom 768 4096 412 0 179
stand 2040 4104 211 0 179
stand 2024 4104 217 0 179
fre 2716 4100 206 179 179
fre 2748 4100 226 179 179
fre 2820 4100 206 179 179
fre 2892 4124 213 179 179
fre 3068 4100 226 179 179
fre 3076 4100 206 179 179
zabor 3216 4112 30 0 8
tree 3256 4120 56 0 179
zabor 3248 4112 31 0 8
fre 3252 4100 206 179 179
zabor 3280 4112 26 0 8
fre 3316 4100 226 179 179
zabor 3376 4112 31 0 8
zabor 3408 4112 30 0 8
fre 3404 4100 206 179 179
zabor 3440 4112 30 0 8
fre 3580 4100 206 179 179
fre 3668 4100 206 179 179
fre 3772 4100 206 179 179
vor 4012 4100 19 179 179
fre 4004 4124 97 179 179
vor 4052 4108 17 179 179
fre 4060 4100 86 179 179
fre 4076 4116 80 179 179
fre 4068 4108 80 179 179
fre 4092 4124 92 179 179
fre 4124 4108 80 179 179
fre 4116 4124 89 179 179
fre 4140 4100 89 179 179
fre 4220 4108 98 179 179
trop 4316 4124 28 179 179
fre 4412 4116 226 179 179
fre 4476 4116 226 179 179
fre 4572 4116 226 179 179
fre 4620 4116 206 179 179
fre 4796 4116 206 179 179
fre 4844 4116 226 179 179
fre 4948 4116 226 179 179
fre 5052 4116 226 179 179
fre 5148 4116 206 179 179
fre 5252 4116 206 179 179
fre 5356 4116 206 179 179
fre 5444 4116 206 179 179
fre 5540 4116 206 179 179
fre 5644 4116 206 179 179
fre 5748 4116 206 179 179
trop 6364 4100 15 179 179
trop 6524 4100 15 179 179
trop 6684 4100 15 179 179
trop 6836 4100 15 179 179
trop 6996 4100 15 179 179
trop 7140 4100 15 179 179
trop 7212 4100 15 179 179
most 7392 4096 12 0 179
trop 7572 4100 15 179 179
trop 7628 4100 15 179 179
stand 7720 4120 87 0 179
stand 7736 4120 87 0 179
stand 7720 4104 87 0 179
stand 7736 4104 87 0 179
trop 7740 4108 24 179 179
trop 7756 4108 24 179 179
trop 7868 4100 15 179 179
trop 7948 4100 15 179 179
trop 8012 4100 15 179 179
fre 284 4148 14 179 179
trop 436 4140 70 179 179
trop 468 4140 70 179 179
trop 868 4148 181 179 179
trop 1300 4148 181 179 179
dom 1920 4128 506 0 179
fre 2564 4132 220 179 179
trop 2636 4148 181 179 179
fre 2628 4148 205 179 179
fre 2668 4148 205 179 179
dom 2784 4128 183 0 179
tree 2904 4152 36 0 179
tree 2904 4136 66 0 179
fre 2988 4156 208 179 179
fre 3124 4148 205 179 179
zabor 3216 4144 28 0 8
fre 3204 4156 205 179 179
tree 3240 4152 76 0 179
tree 3240 4136 65 0 179
fre 3252 4148 99 179 179
zabor 3280 4144 25 0 8
tree 3272 4136 71 0 179
fre 3300 4140 99 179 179
fre 3316 4148 98 179 179
fre 3340 4140 99 179 179
fre 3356 4140 99 179 179
fre 3380 4132 99 179 179
zabor 3376 4144 24 0 8
tree 3384 4152 67 0 179
tree 3368 4136 66 0 179
fre 3420 4148 99 179 179
tree 3400 4136 76 0 179
tree 3416 4136 55 0 179
zabor 3440 4144 26 0 8
fre 3460 4148 205 179 179
fre 3532 4148 205 179 179
fre 3828 4148 205 179 179
trop 3860 4140 28 179 179
trop 3860 4148 28 179 179
fre 3900 4132 205 179 179
trop 3876 4156 27 179 179
fre 3956 4140 97 179 179
fre 4068 4132 99 179 179
fre 4116 4132 81 179 179
fre 4100 4132 87 179 179
fre 4164 4132 97 179 179
dom 4192 4128 162 3 179
fre 4244 4132 99 179 179
fre 4284 4148 227 179 179
trop 4332 4148 27 179 179
tree 5816 4152 75 0 179
fre 356 4172 14 179 179
trop 436 4188 70 179 179
trop 468 4188 70 179 179
trop 556 4164 191 179 179
trop 764 4180 182 179 179
dom 1024 4160 418 0 179
trop 1092 4172 187 179 179
trop 1132 4180 182 179 179
dom 1408 4160 516 0 179
dom 1568 4160 516 0 179
dom 1728 4160 516 0 179
stand 1976 4184 262 0 179
stand 1992 4168 261 0 179
stand 2024 4168 261 0 179
stand 2072 4184 262 0 179
stand 2056 4168 261 0 179
trop 2636 4188 181 179 179
tree 2728 4184 38 0 179
fre 2900 4180 229 179 179
trop 2932 4172 186 179 179
trop 2972 4164 187 179 179
trop 2948 4164 187 179 179
trop 2988 4164 187 179 179
trop 3164 4172 14 179 179
zabor 3216 4176 28 0 8
fre 3236 4172 99 179 179
fre 3284 4164 100 179 179
fre 3340 4180 99 179 179
fre 3348 4164 99 179 179
fre 3420 4180 99 179 179
fre 3396 4164 97 179 179
zabor 3440 4176 30 0 8
tree 3432 4184 74 0 179
trop 3492 4172 14 179 179
fre 3532 4172 205 179 179
dom 3744 4160 162 0 179
trop 3860 4164 28 179 179
fre 3956 4180 97 179 179
dom 3968 4160 161 1 179
fre 4004 4172 99 179 179
fre 4052 4180 97 179 179
vor 4076 4172 10 179 179
fre 4116 4164 98 179 179
fre 4180 4172 97 179 179
fre 4220 4172 97 179 179
trop 4316 4180 28 179 179
trop 4332 4172 27 179 179
fre 4364 4164 227 179 179
fre 4668 4164 205 179 179
trop 4708 4188 14 179 179
fre 4748 4172 205 179 179
fre 6748 4188 14 179 179
fre 6796 4188 12 179 179
fre 6844 4180 6 179 179
fre 6900 4180 6 179 179
fre 6948 4188 3 179 179
tree 7240 4168 55 0 179
fre 7380 4188 87 179 179
fre 7548 4180 6 179 179
tree 7608 4184 51 0 179
tree 7832 4184 1 0 179
fre 7860 4180 14 179 179
tree 7912 4184 42 0 179
tree 7928 4168 44 0 179
tree 7944 4168 43 0 179
tree 7976 4168 45 0 179
tree 264 4200 7 0 179
fre 308 4212 6 179 179
tree 296 4216 40 0 179
tree 728 4216 66 0 179
trop 812 4212 189 179 179
trop 852 4212 184 179 179
trop 980 4196 180 179 179
dom 1216 4192 424 0 179
trop 1308 4220 187 179 179
stand 1992 4216 145 0 179
stand 1992 4200 144 0 179
stand 2008 4200 150 0 179
fre 2028 4212 33 179 179
stand 2040 4200 142 0 179
stand 2024 4200 150 0 179
stand 2056 4216 147 0 179
fre 2132 4220 244 179 179
fre 2156 4220 244 179 179
fre 2716 4204 206 179 179
trop 2716 4220 180 179 179
fre 2804 4204 206 179 179
trop 2788 4220 180 179 179
trop 2892 4220 215 179 179
dom 3072 4192 469 0 179
fre 3124 4196 205 179 179
zabor 3216 4208 24 0 8
fre 3204 4204 205 179 179
tree 3256 4200 75 0 179
fre 3252 4196 97 179 179
fre 3316 4220 97 179 179
fre 3372 4204 99 179 179
zabor 3440 4208 29 0 8
dom 3584 4192 161 0 179
fre 4068 4220 97 179 179
fre 4132 4220 97 179 179
dom 4576 4192 162 1 179
fre 6644 4196 13 179 179
fre 6700 4196 12 179 179
fre 6980 4196 7 179 179
fre 7020 4196 7 179 179
fre 7044 4196 12 179 179
cliff 7280 4208 58 179 179
cliff 7312 4192 8 179 179
fre 7372 4196 127 179 179
fre 7372 4204 87 179 179
fre 7476 4212 87 179 179
cliff 7520 4208 120 179 179
fre 7564 4220 14 179 179
fre 7604 4196 7 179 179
fre 7652 4196 5 179 179
trop 7748 4212 14 179 179
fre 7820 4196 7 179 179
fre 7844 4212 12 179 179
cliff 7920 4208 59 179 179
fre 284 4244 5 179 179
tree 280 4232 41 0 179
tree 296 4232 36 0 179
fre 380 4236 7 179 179
trop 564 4252 190 179 179
dom 608 4224 400 0 179
tree 1320 4248 54 0 179
tree 1336 4248 67 0 179
fre 2012 4236 30 179 179
stand 2024 4232 150 0 179
stand 2024 4248 150 0 179
stand 2040 4248 150 0 179
stand 2184 4232 74 0 179
stand 2200 4248 331 0 179
fre 2628 4244 205 179 179
fre 2716 4252 206 179 179
fre 2804 4252 206 179 179
fre 2908 4228 207 179 179
zabor 3216 4240 29 0 8
tree 3240 4232 1 0 179
fre 3236 4236 99 179 179
fre 3268 4244 98 179 179
tree 3304 4232 76 0 179
stand 3336 4232 256 0 179
fre 3364 4252 97 179 179
fre 3412 4228 100 179 179
zabor 3440 4240 30 0 8
fre 3460 4244 205 179 179
trop 3492 4228 14 179 179
fre 3940 4228 214 179 179
vor 3972 4244 10 179 179
fre 4020 4228 98 179 179
fre 4172 4228 98 179 179
fre 4252 4236 229 179 179
vor 4292 4236 11 179 179
vor 4332 4252 10 179 179
fre 4364 4236 212 179 179
dom 4416 4224 161 2 179
trop 4708 4228 14 179 179
fre 6684 4244 13 179 179
fre 6788 4236 14 179 179
fre 6916 4252 7 179 179
tree 6952 4232 50 0 179
fre 6972 4252 4 179 179
fre 6988 4244 5 179 179
fre 7020 4244 7 179 179
fre 7308 4244 87 179 179
fre 7356 4252 162 179 179
fre 7396 4244 163 179 179
cliff 7520 4240 125 179 179
fre 7580 4236 13 179 179
fre 7620 4244 7 179 179
cliff 7904 4240 64 179 179
fre 300 4284 3 179 179
fre 372 4276 6 179 179
trop 436 4268 70 179 179
trop 468 4268 70 179 179
trop 996 4284 191 179 179
trop 1084 4284 191 179 179
trop 1228 4276 189 179 179
stand 1672 4280 440 0 179
dom 1888 4256 515 0 179
fre 2028 4268 33 179 179
stand 2024 4280 249 0 179
stand 2024 4264 150 0 179
stand 2104 4264 322 0 179
stand 2184 4280 74 0 179
dom 2560 4256 126 0 179
tree 2712 4280 42 0 179
tree 2696 4280 65 0 179
fre 2692 4284 98 179 179
stand 2728 4264 499 0 179
stand 2824 4264 499 0 179
fre 3124 4276 227 179 179
zabor 3216 4272 25 0 8
fre 3228 4268 98 179 179
fre 3284 4276 99 179 179
fre 3324 4276 100 179 179
tree 3416 4264 89 0 179
zabor 3440 4272 24 0 8
fre 3428 4268 99 179 179
fre 3532 4276 205 179 179
fre 3876 4260 216 179 179
trop 3900 4268 21 179 179
fre 4052 4260 206 179 179
fre 4156 4260 206 179 179
fre 4164 4260 226 179 179
vor 4212 4260 16 179 179
trop 4292 4268 22 179 179
fre 4668 4268 205 179 179
fre 4748 4276 205 179 179
stand 5880 4280 291 0 179
dom 6368 4256 516 0 179
tree 6488 4280 55 0 179
fre 6524 4276 5 179 179
fre 6588 4260 12 179 179
fre 6668 4276 12 179 179
tree 6696 4280 54 0 179
fre 6732 4284 5 179 179
fre 6748 4260 12 179 179
fre 6828 4284 12 179 179
fre 6876 4276 7 179 179
fre 7068 4276 13 179 179
fre 7212 4276 87 179 179
fre 7292 4260 87 179 179
fre 7340 4260 107 179 179
fre 7340 4284 81 179 179
fre 7372 4268 87 179 179
fre 7388 4276 84 179 179
fre 7388 4268 89 179 179
fre 7396 4260 166 179 179
fre 7444 4284 109 179 179
fre 7428 4268 170 179 179
fre 7452 4284 87 179 179
fre 7468 4260 87 179 179
fre 7460 4268 87 179 179
fre 7492 4260 256 179 179
cliff 7536 4272 20 179 179
cliff 7520 4256 26 179 179
cliff 7552 4272 62 179 179
fre 7668 4268 7 179 179
fre 7828 4268 4 179 179
fre 7868 4284 12 179 179
cliff 7888 4272 65 179 179
fre 244 4300 13 179 179
trop 780 4300 191 179 179
stand 984 4312 122 0 179
stand 1080 4312 122 0 179
stand 1368 4312 307 0 179
tree 1416 4312 44 0 179
tree 1528 4312 43 0 179
stand 1544 4296 324 0 179
tree 1544 4312 45 0 179
tree 1576 4296 41 0 179
fre 1604 4316 255 179 179
tree 1608 4312 44 0 179
stand 1976 4296 262 0 179
stand 1992 4312 261 0 179
stand 2024 4312 261 0 179
stand 2072 4296 262 0 179
stand 2056 4312 261 0 179
fre 2132 4300 244 179 179
fre 2156 4292 244 179 179
trop 2636 4300 181 179 179
fre 2668 4300 205 179 179
tree 3032 4312 50 0 179
zabor 3216 4304 26 0 8
fre 3204 4292 205 179 179
tree 3240 4296 55 0 179
tree 3240 4312 76 0 179
zabor 3248 4304 28 0 8
fre 3252 4316 97 179 179
fre 3372 4316 100 179 179
fre 3412 4308 100 179 179
zabor 3440 4304 24 0 8
fre 3460 4300 205 179 179
fre 3932 4316 217 179 179
trop 3988 4300 26 179 179
trop 3988 4292 25 179 179
trop 4020 4300 26 179 179
trop 4052 4292 25 179 179
trop 4116 4292 25 179 179
trop 4156 4308 26 179 179
trop 4164 4292 25 179 179
trop 4196 4308 26 179 179
trop 4204 4292 25 179 179
trop 4308 4316 27 179 179
vor 4660 4308 19 179 179
fre 6692 4292 13 179 179
fre 7012 4316 6 179 179
fre 7028 4292 7 179 179
fre 7236 4300 261 179 179
fre 7276 4300 256 179 179
fre 7324 4308 89 179 179
fre 7308 4308 86 179 179
fre 7500 4316 258 179 179
tree 7896 4312 77 0 179
tree 7880 4296 80 0 179
tree 7880 4312 95 0 179
tree 8008 4296 66 0 179
fre 124 4348 89 179 179
tree 136 4344 43 0 179
tree 136 4328 44 0 179
fre 164 4348 89 179 179
tree 200 4344 43 0 179
tree 216 4344 44 0 179
fre 220 4348 3 179 179
fre 380 4348 7 179 179
trop 436 4348 70 179 179
trop 468 4348 70 179 179
dom 608 4320 399 0 179
dom 768 4320 402 0 179
trop 1084 4340 191 179 179
tree 1368 4344 45 0 179
fre 1388 4348 256 179 179
fre 1396 4348 259 179 179
tree 1384 4328 46 0 179
tree 1400 4328 48 0 179
fre 1428 4324 68 179 179
fre 1420 4324 259 179 179
fre 1460 4348 103 179 179
tree 1496 4344 40 0 179
fre 1532 4340 87 179 179
fre 1516 4324 259 179 179
fre 1564 4340 109 179 179
fre 1548 4340 110 179 179
fre 1596 4340 87 179 179
fre 1612 4348 127 179 179
fre 1924 4332 33 179 179
fre 2028 4348 33 179 179
stand 2184 4328 74 0 179
stand 2200 4344 331 0 179
stand 2584 4328 451 0 179
fre 2628 4324 205 179 179
fre 2772 4348 290 179 179
fre 2780 4340 288 179 179
fre 2780 4332 288 179 179
fre 2764 4348 290 179 179
fre 2788 4332 288 179 179
fre 2788 4348 291 179 179
fre 2788 4340 288 179 179
fre 2804 4348 290 179 179
fre 2796 4348 290 179 179
trop 2964 4340 216 179 179
trop 3076 4340 180 179 179
fre 3076 4324 206 179 179
trop 3164 4324 14 179 179
fre 3284 4348 99 179 179
fre 3316 4324 100 179 179
tree 3336 4344 21 0 179
tree 3352 4328 15 0 179
tree 3336 4328 21 0 179
fre 4004 4340 206 179 179
fre 4188 4340 206 179 179
fre 4204 4340 206 179 179
fre 4340 4340 227 179 179
vor 4420 4324 17 179 179
fre 4668 4348 205 179 179
stand 6344 4328 444 0 179
fre 6484 4324 6 179 179
fre 6564 4340 6 179 179
fre 6628 4324 14 179 179
fre 6772 4340 13 179 179
fre 6844 4348 14 179 179
tree 6920 4328 51 0 179
fre 6956 4332 5 179 179
fre 7068 4324 12 179 179
fre 7268 4348 259 179 179
fre 7348 4332 131 179 179
fre 7356 4324 87 179 179
fre 7396 4332 81 179 179
fre 7492 4332 255 179 179
fre 7828 4332 7 179 179
fre 7860 4340 7 179 179
fre 116 4364 89 179 179
fre 108 4364 89 179 179
fre 148 4356 89 179 179
fre 180 4356 87 179 179
fre 252 4356 4 179 179
fre 308 4356 5 179 179
trop 564 4356 191 179 179
trop 996 4364 191 179 179
tree 1352 4360 50 0 179
fre 1380 4380 256 179 179
fre 1444 4356 87 179 179
fre 1484 4364 87 179 179
fre 1628 4356 87 179 179
fre 1620 4372 81 179 179
fre 1636 4380 104 179 179
stand 1768 4376 441 0 179
fre 1924 4380 33 179 179
dom 1920 4352 506 0 179
fre 2004 4380 33 179 179
fre 2132 4356 244 179 179
stand 2152 4376 144 0 179
fre 2156 4364 244 179 179
stand 2184 4376 74 0 179
fre 2668 4356 205 179 179
fre 2772 4356 290 179 179
fre 2780 4356 288 179 179
fre 2780 4364 288 179 179
fre 2780 4372 288 179 179
fre 2764 4356 290 179 179
fre 2796 4356 290 179 179
fre 2804 4356 290 179 179
fre 2788 4364 288 179 179
fre 2788 4372 288 179 179
fre 2788 4356 288 179 179
trop 2932 4372 96 179 179
fre 3076 4380 206 179 179
fre 3204 4364 205 179 179
fre 3236 4380 99 179 179
fre 3244 4364 100 179 179
fre 3324 4380 100 179 179
fre 3356 4356 98 179 179
fre 3412 4364 97 179 179
fre 3460 4380 205 179 179
fre 3532 4380 205 179 179
dom 3776 4352 94 0 179
stand 4008 4376 233 0 179
dom 4576 4352 226 1 179
fre 4748 4380 205 179 179
stand 5880 4376 291 0 179
fre 6564 4364 6 179 179
fre 6676 4372 12 179 179
fre 6700 4380 6 179 179
fre 7036 4364 7 179 179
fre 7324 4356 87 179 179
fre 7332 4356 86 179 179
fre 7332 4380 81 179 179
fre 7380 4356 24 179 179
fre 7404 4380 87 179 179
fre 7420 4380 87 179 179
fre 7468 4380 256 179 179
fre 7524 4356 258 179 179
fre 7564 4372 256 179 179
fre 7612 4372 256 179 179
fre 7652 4372 259 179 179
trop 7748 4372 14 179 179
fre 7892 4372 13 179 179
fre 116 4396 87 179 179
fre 140 4412 259 179 179
fre 148 4396 255 179 179
fre 196 4388 87 179 179
fre 236 4388 87 179 179
tree 344 4392 28 0 179
tree 376 4408 37 0 179
tree 376 4392 47 0 179
fre 1356 4412 241 179 179
stand 1352 4408 434 0 179
tree 1384 4408 44 0 179
fre 1596 4412 87 179 179
fre 1612 4388 107 179 179
fre 1620 4412 89 179 179
fre 1604 4404 81 179 179
fre 1684 4396 257 179 179
stand 1992 4408 227 0 179
fre 2028 4412 33 179 179
stand 2072 4392 128 0 179
stand 2056 4408 132 0 179
fre 2132 4404 244 179 179
stand 2152 4392 132 0 179
stand 2376 4408 332 0 179
trop 2636 4404 181 179 179
tree 2872 4408 67 0 179
tree 2856 4408 50 0 179
stand 2968 4392 261 0 179
stand 2952 4408 262 0 179
stand 2968 4408 8 0 179
trop 2948 4412 94 179 179
tree 2952 4392 71 0 179
stand 3000 4392 261 0 179
stand 3000 4408 7 0 179
stand 2984 4408 196 1 179
tree 2984 4392 77 0 179
stand 3032 4392 261 0 179
stand 3064 4392 261 0 179
stand 3096 4392 261 0 179
tree 3096 4408 29 0 179
stand 3112 4408 262 0 179
tree 3112 4392 71 0 179
tree 3224 4408 74 0 179
zabor 3216 4400 31 0 8
zabor 3248 4400 28 0 8
fre 3252 4412 97 179 179
fre 3292 4388 98 179 179
stand 3304 4408 499 0 179
stand 3384 4408 499 0 179
fre 3364 4396 98 179 179
fre 3396 4412 99 179 179
zabor 3440 4400 27 0 8
fre 3428 4396 99 179 179
trop 3492 4388 14 179 179
dom 3520 4384 164 0 179
dom 3904 4384 164 0 179
fre 4060 4388 205 179 179
trop 4092 4412 14 179 179
fre 4132 4388 205 179 179
fre 4132 4412 205 179 179
dom 4192 4384 94 0 179
fre 4260 4388 227 179 179
trop 4300 4412 14 179 179
trop 4708 4388 14 179 179
fre 6044 4396 47 179 179
fre 6516 4404 3 179 179
fre 6628 4404 6 179 179
fre 6804 4396 6 179 179
fre 6876 4404 13 179 179
fre 6940 4404 14 179 179
fre 7012 4412 13 179 179
fre 7292 4404 256 179 179
fre 7308 4404 87 179 179
fre 7332 4388 117 179 179
fre 7332 4396 84 179 179
fre 7372 4412 168 179 179
fre 7364 4396 87 179 179
fre 7420 4396 129 179 179
fre 7412 4404 87 179 179
fre 7412 4396 81 179 179
fre 7476 4404 259 179 179
tree 7656 4408 17 0 179
tree 7672 4408 77 0 179
tree 7672 4392 15 0 179
lay 7992 4408 52 0 179
lay 8008 4392 54 0 179
fre 116 4436 87 179 179
tree 200 4424 45 0 179
tree 360 4424 36 0 179
cliff 896 4416 62 179 179
tree 1144 4440 45 0 179
fre 1244 4444 258 179 179
tree 1320 4440 42 0 179
tree 1368 4424 41 0 179
stand 1448 4440 348 0 179
fre 1636 4428 105 179 179
fre 1636 4444 87 179 179
fre 1996 4444 33 179 179
fre 2004 4428 30 179 179
stand 2008 4440 136 0 179
fre 2036 4444 33 179 179
stand 2040 4440 131 0 179
stand 2136 4424 323 0 179
fre 2156 4436 244 179 179
dom 2560 4416 126 0 179
fre 2628 4428 205 179 179
fre 2668 4428 205 179 179
tree 2824 4440 67 0 179
tree 2840 4424 52 0 179
tree 2840 4440 37 0 179
tree 2872 4440 39 0 179
tree 2856 4440 43 0 179
tree 2872 4424 42 0 179
tree 2856 4424 41 0 179
stand 2952 4440 262 0 179
stand 2968 4440 8 0 179
tree 2968 4424 79 0 179
fre 2988 4420 33 179 179
stand 2984 4440 196 1 179
stand 3000 4424 196 1 179
dom 3072 4416 21 0 179
fre 3084 4420 33 179 179
fre 3124 4428 227 179 179
stand 3112 4440 262 0 179
tree 3112 4440 76 0 179
zabor 3216 4432 28 0 8
fre 3324 4436 100 179 179
fre 3348 4420 99 179 179
zabor 3440 4432 27 0 8
fre 3428 4444 99 179 179
fre 4340 4444 227 179 179
dom 4352 4416 227 1 179
vor 4420 4444 20 179 179
stand 6344 4424 444 0 179
fre 6468 4436 6 179 179
fre 6580 4436 3 179 179
fre 6684 4444 7 179 179
fre 6764 4420 7 179 179
fre 6788 4428 3 179 179
fre 7020 4420 12 179 179
fre 7044 4428 12 179 179
fre 7052 4428 7 179 179
fre 7292 4420 260 179 179
fre 7356 4428 89 179 179
fre 7356 4444 87 179 179
fre 7412 4436 166 179 179
fre 7428 4436 87 179 179
fre 7564 4444 259 179 179
tree 7832 4440 10 0 179
tree 7816 4440 21 0 179
lay 8056 4424 53 0 179
fre 108 4460 87 179 179
fre 108 4476 87 179 179
fre 116 4476 87 179 179
stand 312 4456 321 0 179
stand 856 4456 321 0 179
tree 1048 4456 44 0 179
fre 1084 4476 255 179 179
fre 1060 4476 258 179 179
tree 1096 4472 36 0 179
fre 1124 4452 256 179 179
tree 1160 4472 79 0 179
fre 1172 4468 258 179 179
tree 1208 4472 56 0 179
fre 1188 4452 256 179 179
tree 1256 4472 44 0 179
tree 1272 4456 28 0 179
tree 1272 4472 67 0 179
tree 1304 4456 45 0 179
tree 1352 4456 44 0 179
fre 1372 4468 258 179 179
fre 1348 4460 259 179 179
tree 1368 4456 42 0 179
fre 1396 4476 87 179 179
tree 1384 4472 44 0 179
stand 1432 4472 133 0 179
fre 1548 4468 87 179 179
fre 1540 4476 87 179 179
fre 1580 4476 154 179 179
fre 1588 4468 256 179 179
fre 1596 4476 259 179 179
tree 1608 4472 45 0 179
tree 1624 4472 45 0 179
fre 1620 4452 260 179 179
fre 1996 4468 30 179 179
stand 1992 4456 135 0 179
stand 2008 4472 137 0 179
stand 2024 4472 143 0 179
stand 2024 4456 140 0 179
stand 2040 4456 130 0 179
fre 2132 4476 244 179 179
stand 2168 4472 133 0 179
fre 2156 4476 244 179 179
stand 2216 4456 127 0 179
stand 2408 4472 331 0 179
stand 2600 4472 444 0 179
stand 2952 4456 262 0 179
stand 2968 4472 8 0 179
stand 2968 4456 196 1 179
tree 2952 4456 77 0 179
stand 2984 4472 192 1 179
stand 3016 4472 6 0 179
stand 3032 4472 6 0 179
fre 3124 4468 205 179 179
stand 3112 4456 262 0 179
zabor 3216 4464 24 0 8
fre 3204 4468 205 179 179
fre 3252 4476 100 179 179
fre 3284 4452 99 179 179
stand 3304 4472 499 0 179
tree 3304 4456 17 0 179
tree 3320 4456 10 0 179
fre 3324 4468 99 179 179
stand 3384 4472 499 0 179
fre 3380 4452 100 179 179
zabor 3440 4464 28 0 8
fre 3428 4476 99 179 179
vor 4460 4452 11 179 179
vor 4660 4468 20 179 179
fre 4668 4452 205 179 179
stand 5880 4472 291 0 179
stand 6040 4456 348 0 179
fre 6452 4452 6 179 179
fre 6532 4476 7 179 179
fre 6628 4468 4 179 179
fre 6748 4468 7 179 179
cliff 6832 4448 17 179 179
cliff 6864 4448 17 179 179
cliff 6896 4448 54 179 179
cliff 6928 4448 17 179 179
cliff 6960 4448 62 179 179
fre 7084 4452 12 179 179
fre 7308 4468 259 179 179
fre 7396 4452 169 179 179
fre 7476 4460 87 179 179
fre 7524 4452 255 179 179
fre 7612 4460 258 179 179
fre 7668 4460 256 179 179
lay 7880 4472 53 0 179
dom 7936 4448 448 0 179
lay 7992 4472 55 0 179
fre 116 4484 87 179 179
fre 148 4500 260 179 179
fre 132 4484 256 179 179
fre 188 4492 87 179 179
fre 188 4500 87 179 179
tree 216 4504 56 0 179
fre 212 4500 87 179 179
fre 220 4508 87 179 179
fre 196 4492 87 179 179
tree 248 4504 44 0 179
tree 264 4488 41 0 179
tree 280 4504 37 0 179
stand 296 4488 324 0 179
tree 296 4488 44 0 179
tree 312 4504 35 0 179
tree 344 4488 45 0 179
tree 328 4504 46 0 179
tree 392 4488 44 0 179
fre 548 4492 85 179 179
fre 556 4500 87 179 179
tree 632 4504 54 0 179
stand 696 4488 324 0 179
tree 696 4504 44 0 179
fre 692 4508 256 179 179
tree 776 4504 45 0 179
fre 820 4508 258 179 179
tree 840 4504 44 0 179
tree 872 4488 48 0 179
tree 904 4488 50 0 179
tree 952 4488 44 0 179
tree 1000 4488 45 0 179
tree 1032 4504 89 0 179
fre 1036 4508 260 179 179
fre 1084 4508 109 179 179
fre 1060 4500 87 179 179
fre 1108 4500 87 179 179
tree 1144 4488 75 0 179
tree 1176 4504 72 0 179
tree 1224 4488 46 0 179
fre 1276 4500 125 179 179
fre 1260 4500 109 179 179
fre 1324 4508 135 179 179
fre 1340 4508 79 179 179
tree 1336 4488 44 0 179
fre 1356 4508 87 179 179
fre 1396 4508 79 179 179
fre 1396 4492 87 179 179
fre 1420 4500 105 179 179
stand 1416 4488 73 0 179
fre 1452 4508 79 179 179
fre 1444 4500 87 179 179
fre 1476 4484 162 179 179
fre 1532 4484 104 179 179
fre 1524 4492 83 179 179
fre 1524 4500 84 179 179
fre 1516 4492 168 179 179
fre 1540 4508 103 179 179
fre 1548 4492 84 179 179
fre 1556 4500 87 179 179
fre 1580 4500 152 179 179
tree 1608 4504 44 0 179
tree 1624 4504 43 0 179
tree 1624 4488 41 0 179
fre 1652 4508 256 179 179
tree 1656 4504 43 0 179
fre 1676 4492 87 179 179
tree 1880 4488 10 0 179
tree 1880 4504 17 0 179
dom 1888 4480 357 0 179
fre 2036 4484 33 179 179
fre 2036 4492 30 179 179
stand 2040 4504 144 0 179
stand 2024 4504 145 0 179
stand 2040 4488 146 0 179
stand 2056 4488 148 0 179
stand 2120 4504 432 0 179
fre 2388 4492 29 179 179
trop 2636 4492 181 179 179
trop 2908 4492 97 179 179
fre 2980 4492 33 179 179
fre 3036 4508 22 179 179
stand 3064 4488 12 0 179
fre 3100 4500 33 179 179
trop 3164 4484 14 179 179
zabor 3216 4496 31 0 8
fre 3244 4508 100 179 179
fre 3300 4484 99 179 179
fre 3364 4500 97 179 179
fre 3412 4508 98 179 179
zabor 3440 4496 29 0 8
fre 3460 4484 205 179 179
fre 3532 4484 205 179 179
fre 4060 4492 205 179 179
fre 4260 4492 227 179 179
fre 4748 4484 205 179 179
cliff 5824 4496 15 179 179
tree 6408 4504 55 0 179
fre 6436 4492 5 179 179
fre 6732 4508 6 179 179
cliff 6784 4496 15 179 179
cliff 6816 4480 1 179 179
fre 7084 4508 87 179 179
fre 7332 4508 258 179 179
fre 7580 4508 260 179 179
fre 7556 4508 87 179 179
fre 7636 4500 259 179 179
fre 7676 4500 258 179 179
lay 7896 4504 54 0 179
lay 7928 4488 55 0 179
lay 7960 4488 54 0 179
fre 124 4524 87 179 179
fre 116 4540 87 179 179
fre 124 4532 89 179 179
fre 180 4516 87 179 179
fre 212 4524 87 179 179
fre 220 4516 87 179 179
fre 244 4524 87 179 179
tree 280 4520 33 0 179
fre 276 4516 258 179 179
fre 260 4540 87 179 179
fre 292 4540 87 179 179
fre 324 4532 87 179 179
fre 364 4516 87 179 179
fre 356 4516 87 179 179
most 480 4512 52 0 179
fre 636 4540 89 179 179
tree 616 4520 67 0 179
fre 636 4532 255 179 179
tree 664 4520 44 0 179
fre 700 4524 89 179 179
tree 808 4520 41 0 179
tree 1032 4520 77 0 179
fre 1084 4540 170 179 179
fre 1108 4540 172 179 179
fre 1116 4532 169 179 179
fre 1124 4516 173 179 179
fre 1172 4532 169 179 179
fre 1340 4540 166 179 179
fre 1324 4516 116 179 179
fre 1356 4524 103 179 179
fre 1380 4524 162 179 179
fre 1396 4540 79 179 179
fre 1404 4540 89 179 179
fre 1404 4516 89 179 179
fre 1444 4532 89 179 179
fre 1484 4540 87 179 179
fre 1508 4540 87 179 179
fre 1524 4532 165 179 179
fre 1516 4516 169 179 179
fre 1508 4532 101 179 179
fre 1580 4516 84 179 179
fre 1596 4524 109 179 179
fre 1612 4524 87 179 179
fre 1660 4532 87 179 179
tree 1656 4520 44 0 179
fre 1668 4524 87 179 179
stand 1848 4520 444 0 179
stand 1912 4536 134 0 179
fre 1924 4532 33 179 179
fre 1932 4532 30 179 179
fre 2556 4516 98 179 179
cliff 2544 4512 47 179 179
fre 2572 4516 99 179 179
tree 2600 4536 71 0 179
tree 2600 4520 60 0 179
fre 2628 4524 205 179 179
fre 2668 4524 205 179 179
fre 2780 4524 98 179 179
fre 2796 4540 100 179 179
stand 2872 4520 9 0 179
stand 2952 4536 262 0 179
stand 2968 4536 8 0 179
stand 3016 4536 196 1 179
stand 3064 4536 196 1 179
stand 3112 4536 262 0 179
trop 3164 4540 14 179 179
zabor 3216 4528 27 0 8
tree 3240 4520 7 0 179
tree 3256 4536 49 0 179
tree 3256 4520 38 0 179
tree 3272 4520 37 0 179
fre 3308 4524 97 179 179
zabor 3440 4528 31 0 8
fre 3436 4540 99 179 179
trop 3492 4540 14 179 179
dom 3776 4512 93 0 179
fre 4132 4516 205 179 179
cliff 5824 4512 11 179 179
cliff 5840 4528 11 179 179
stand 6344 4520 444 0 179
fre 6420 4540 6 179 179
tree 6472 4520 51 0 179
fre 6508 4516 5 179 179
fre 6588 4524 7 179 179
fre 6636 4540 6 179 179
fre 6692 4516 6 179 179
cliff 6784 4528 11 179 179
fre 7308 4532 87 179 179
fre 7372 4540 260 179 179
trop 7748 4524 14 179 179
fre 156 4556 87 179 179
fre 164 4564 87 179 179
tree 168 4552 44 0 179
fre 172 4548 111 179 179
fre 188 4548 119 179 179
fre 204 4548 87 179 179
fre 252 4548 87 179 179
fre 1308 4548 169 179 179
fre 1340 4556 168 179 179
fre 1372 4548 87 179 179
fre 1436 4548 25 179 179
fre 1460 4556 106 179 179
fre 1484 4564 87 179 179
fre 1516 4564 129 179 179
fre 1524 4572 87 179 179
fre 1548 4572 87 179 179
dom 1856 4544 265 0 179
stand 1912 4552 135 0 179
stand 1912 4568 134 0 179
fre 1948 4564 30 179 179
stand 1928 4568 144 0 179
stand 1928 4552 140 0 179
stand 1944 4568 133 0 179
stand 1944 4552 136 0 179
fre 2556 4556 98 179 179
tree 2552 4568 66 0 179
cliff 2544 4544 47 179 179
fre 2572 4564 99 179 179
tree 2616 4552 17 0 179
tree 2616 4568 76 0 179
fre 2700 4564 98 179 179
fre 2724 4548 98 179 179
fre 2756 4556 98 179 179
tree 2760 4568 7 0 179
tree 2792 4568 18 0 179
fre 2836 4556 98 179 179
fre 2876 4572 98 179 179
fre 2868 4572 99 179 179
tree 2856 4568 65 0 179
stand 2952 4568 262 0 179
stand 2968 4552 196 1 179
stand 2968 4568 8 0 179
trop 2972 4572 95 179 179
tree 2952 4552 77 0 179
stand 3000 4568 7 0 179
fre 2988 4572 33 179 179
stand 2984 4552 196 1 179
stand 2984 4568 196 1 179
stand 3016 4568 196 1 179
stand 3032 4568 7 0 179
fre 3068 4572 99 179 179
stand 3064 4552 7 0 179
fre 3068 4556 33 179 179
fre 3100 4572 99 179 179
stand 3080 4552 7 0 179
fre 3124 4572 205 179 179
stand 3112 4568 262 0 179
tree 3112 4552 77 0 179
zabor 3216 4560 31 0 8
fre 3204 4572 205 179 179
fre 3260 4564 97 179 179
zabor 3312 4560 28 0 8
fre 3348 4572 100 179 179
zabor 3376 4560 27 0 8
fre 3388 4556 97 179 179
fre 3420 4572 99 179 179
tree 3432 4552 74 0 179
zabor 3440 4560 26 0 8
tree 3432 4568 48 0 179
dom 3584 4544 224 0 179
dom 3936 4544 161 0 179
trop 4092 4556 14 179 179
dom 4192 4544 162 0 179
trop 4300 4564 14 179 179
fre 4340 4548 227 179 179
dom 4576 4544 162 0 179
fre 4668 4556 205 179 179
trop 4708 4548 14 179 179
cliff 5824 4544 65 179 179
cliff 5856 4560 8 179 179
cliff 6288 4560 46 179 179
fre 6316 4572 12 179 179
fre 6380 4556 7 179 179
fre 6532 4556 6 179 179
fre 6676 4548 6 179 179
fre 6660 4556 6 179 179
cliff 6752 4560 54 179 179
fre 6948 4572 88 179 179
fre 7084 4572 259 179 179
fre 7172 4556 88 179 179
fre 7180 4572 88 179 179
fre 7228 4556 88 179 179
fre 7212 4572 88 179 179
tree 7288 4568 56 0 179
tree 7288 4552 65 0 179
fre 7300 4572 87 179 179
fre 7300 4548 87 179 179
fre 7372 4548 256 179 179
fre 7444 4564 87 179 179
fre 7572 4556 87 179 179
fre 7604 4548 260 179 179
fre 7644 4564 256 179 179
lay 7928 4552 53 0 179
lay 8040 4568 55 0 179
fre 124 4588 87 179 179
fre 172 4588 25 179 179
fre 172 4604 106 179 179
fre 204 4580 87 179 179
fre 268 4596 87 179 179
fre 1380 4604 87 179 179
tree 1416 4600 44 0 179
tree 1432 4600 41 0 179
fre 1452 4604 255 179 179
tree 1464 4600 45 0 179
fre 1508 4588 89 179 179
fre 1564 4596 87 179 179
fre 1556 4604 87 179 179
fre 1572 4580 170 179 179
fre 1588 4588 87 179 179
fre 1620 4604 169 179 179
tree 1880 4600 17 0 179
stand 1912 4584 132 0 179
fre 1948 4604 30 179 179
stand 2264 4600 442 0 179
fre 2556 4580 99 179 179
cliff 2544 4576 48 179 179
dom 2592 4576 0 0 179
dom 2624 4576 0 0 179
fre 2708 4588 99 179 179
fre 2708 4596 214 179 179
fre 2716 4580 98 179 179
fre 2740 4588 97 179 179
fre 2788 4588 99 179 179
fre 2812 4588 98 179 179
stand 2792 4600 105 0 179
tree 2808 4600 77 0 179
fre 2852 4588 99 179 179
fre 2884 4596 98 179 179
fre 2892 4588 99 179 179
tree 2888 4600 67 0 179
tree 2904 4584 10 0 179
fre 2924 4580 100 179 179
fre 2940 4596 99 179 179
fre 2924 4596 99 179 179
stand 2968 4600 261 0 179
stand 2952 4584 262 0 179
tree 2968 4584 17 0 179
tree 2968 4600 77 0 179
stand 3000 4600 261 0 179
tree 2984 4600 77 0 179
stand 3032 4600 261 0 179
tree 3016 4600 76 0 179
fre 3060 4588 99 179 179
stand 3064 4600 261 0 179
tree 3048 4600 77 0 179
fre 3092 4588 99 179 179
tree 3096 4600 75 0 179
tree 3096 4584 67 0 179
stand 3096 4600 261 0 179
stand 3112 4584 262 0 179
tree 3112 4584 77 0 179
zabor 3216 4592 26 0 8
tree 3240 4584 74 0 179
zabor 3248 4592 27 0 8
zabor 3280 4592 25 0 8
tree 3304 4584 67 0 179
zabor 3312 4592 30 0 8
fre 3308 4580 99 179 179
fre 3340 4580 98 179 179
zabor 3376 4592 31 0 8
fre 3372 4580 99 179 179
tree 3400 4584 74 0 179
zabor 3408 4592 27 0 8
tree 3416 4600 42 0 179
tree 3416 4584 27 0 179
zabor 3440 4592 25 0 8
tree 3432 4584 41 0 179
fre 3460 4580 205 179 179
fre 3532 4580 205 179 179
fre 4060 4580 205 179 179
fre 4260 4604 205 179 179
fre 4260 4588 227 179 179
fre 4340 4596 205 179 179
dom 4384 4576 224 0 179
fre 4748 4588 205 179 179
cliff 5792 4592 85 179 179
cliff 5824 4576 72 179 179
cliff 6288 4592 23 179 179
fre 6396 4604 6 179 179
tree 6456 4600 53 0 179
fre 6492 4596 5 179 179
cliff 6608 4576 18 179 179
cliff 6640 4592 27 179 179
cliff 6736 4592 1 179 179
cliff 6800 4576 5 179 179
stand 7016 4584 128 0 179
fre 7068 4580 87 179 179
tree 7096 4600 77 0 179
tree 7080 4584 89 0 179
fre 7164 4596 88 179 179
fre 7412 4580 256 179 179
tree 7688 4600 37 0 179
tree 7688 4584 75 0 179
lay 8024 4584 54 0 179
fre 188 4628 87 179 179
fre 284 4612 87 179 179
fre 572 4612 88 179 179
fre 596 4620 89 179 179
tree 584 4632 49 0 179
dom 1088 4608 409 0 179
stand 1320 4632 452 0 179
dom 1312 4608 409 0 179
fre 1524 4612 87 179 179
fre 1556 4620 255 179 179
fre 1612 4612 87 179 179
fre 1612 4628 79 179 179
fre 1652 4628 79 179 179
fre 1644 4628 87 179 179
dom 2112 4608 262 0 179
fre 2548 4612 99 179 179
tree 2536 4632 65 0 179
cliff 2544 4608 46 179 179
fre 2564 4612 99 179 179
fre 2588 4612 99 179 179
tree 2616 4616 67 0 179
tree 2616 4632 77 0 179
tree 2600 4616 56 0 179
trop 2628 4620 191 179 179
trop 2684 4620 182 179 179
fre 2868 4620 206 179 179
fre 2948 4620 206 179 179
fre 3028 4620 206 179 179
fre 3068 4620 206 179 179
fre 3252 4628 206 179 179
fre 3276 4628 206 179 179
fre 3380 4628 206 179 179
fre 3404 4628 206 179 179
fre 3588 4628 206 179 179
fre 3692 4628 206 179 179
fre 3796 4628 206 179 179
fre 3900 4628 206 179 179
fre 4004 4628 206 179 179
fre 4132 4620 205 179 179
cliff 5792 4624 15 179 179
cliff 6304 4608 24 179 179
fre 6340 4628 12 179 179
cliff 6560 4624 12 179 179
cliff 6592 4608 0 179 179
cliff 6656 4608 19 179 179
cliff 6672 4608 18 179 179
cliff 6720 4624 8 179 179
fre 6916 4636 88 179 179
fre 6916 4612 88 179 179
fre 6924 4636 88 179 179
stand 6952 4616 492 0 179
fre 7132 4636 84 179 179
fre 7156 4628 89 179 179
stand 7144 4632 493 0 179
fre 7180 4636 88 179 179
stand 7224 4616 492 0 179
fre 7476 4620 87 179 179
fre 7636 4620 260 179 179
fre 7644 4628 259 179 179
lay 7864 4616 52 0 179
lay 7896 4632 55 0 179
fre 124 4644 87 179 179
tree 168 4648 45 0 179
tree 264 4664 46 0 179
tree 280 4664 41 0 179
fre 300 4644 130 179 179
tree 328 4664 34 0 179
tree 568 4648 46 0 179
tree 568 4664 42 0 179
tree 584 4648 54 0 179
fre 580 4668 255 179 179
fre 612 4644 89 179 179
stand 1176 4664 454 0 179
fre 1596 4652 260 179 179
fre 1636 4668 256 179 179
stand 1848 4648 433 0 179
dom 1888 4640 357 0 179
stand 2056 4664 34 0 179
stand 2184 4664 34 0 179
fre 2508 4668 98 179 179
fre 2556 4644 99 179 179
fre 2540 4652 99 179 179
tree 2536 4664 73 0 179
cliff 2544 4640 43 179 179
fre 2596 4660 97 179 179
trop 2724 4660 19 179 179
trop 2732 4660 189 179 179
trop 2804 4652 215 179 179
trop 2892 4660 15 179 179
trop 3052 4660 15 179 179
trop 3164 4660 24 179 179
trop 3180 4660 24 179 179
trop 3292 4660 15 179 179
trop 3380 4660 15 179 179
trop 3492 4660 24 179 179
trop 3508 4660 24 179 179
trop 3612 4660 15 179 179
trop 3772 4660 15 179 179
trop 3932 4660 15 179 179
trop 3972 4660 15 179 179
trop 4092 4652 24 179 179
trop 4084 4660 24 179 179
fre 4204 4668 211 179 179
fre 4316 4660 231 179 179
fre 4668 4660 205 179 179
cliff 5792 4656 11 179 179
cliff 6256 4656 50 179 179
cliff 6240 4656 45 179 179
cliff 6256 4640 29 179 179
fre 6460 4668 13 179 179
fre 6516 4660 12 179 179
cliff 6560 4656 14 179 179
tree 6808 4648 71 1 179
tree 6792 4664 58 1 179
vor 6812 4668 113 179 179
tree 6840 4664 44 1 179
fre 6948 4644 88 179 179
stand 7016 4648 493 0 179
stand 7048 4664 147 0 179
stand 7064 4664 148 0 179
stand 7064 4648 136 0 179
fre 7156 4652 88 179 179
fre 7180 4660 88 179 179
fre 7228 4644 89 179 179
fre 7220 4644 88 179 179
stand 7304 4664 132 0 179
fre 7356 4660 178 179 179
fre 7460 4668 256 179 179
tree 7624 4648 43 0 179
tree 7640 4664 44 0 179
stand 7816 4664 144 0 179
stand 8024 4664 146 0 179
tree 8040 4648 73 0 179
fre 132 4684 260 179 179
fre 132 4692 87 179 179
tree 168 4696 44 0 179
fre 164 4692 256 179 179
tree 168 4680 40 0 179
fre 172 4692 87 179 179
fre 204 4700 87 179 179
tree 248 4680 41 0 179
tree 264 4696 45 0 179
tree 264 4680 42 0 179
fre 276 4700 258 179 179
fre 300 4700 87 179 179
tree 312 4680 44 0 179
fre 308 4676 255 179 179
most 480 4672 50 0 179
tree 568 4680 45 0 179
fre 604 4700 89 179 179
fre 620 4692 88 179 179
fre 636 4684 89 179 179
tree 616 4680 36 0 179
stand 952 4696 445 0 179
stand 1032 4696 443 0 179
stand 1064 4696 443 0 179
stand 1432 4696 443 0 179
stand 1560 4696 442 0 179
fre 1660 4676 87 179 179
fre 1652 4684 87 179 179
tree 1640 4680 44 0 179
stand 1992 4680 429 0 179
stand 2040 4680 429 0 179
stand 2088 4680 429 0 179
stand 2136 4680 429 0 179
stand 2184 4680 429 0 179
stand 2232 4680 429 0 179
tree 2296 4680 77 0 179
tree 2488 4680 89 0 179
fre 2500 4684 98 179 179
fre 2508 4676 99 179 179
tree 2520 4680 67 0 179
cliff 2496 4688 37 179 179
cliff 2512 4672 40 179 179
fre 2532 4676 98 179 179
fre 2540 4676 99 179 179
fre 2572 4684 98 179 179
tree 2600 4680 76 0 179
fre 2636 4676 98 179 179
tree 2664 4696 72 0 179
tree 2664 4680 56 0 179
tree 2696 4696 56 0 179
fre 2724 4684 222 179 179
tree 2808 4696 76 0 179
tree 2792 4696 105 0 179
fre 2836 4700 226 179 179
fre 2868 4700 206 179 179
fre 2956 4700 206 179 179
fre 3028 4700 206 179 179
fre 3060 4700 237 179 179
trop 3172 4676 24 179 179
fre 3268 4700 235 179 179
fre 3364 4700 206 179 179
fre 3460 4700 206 179 179
fre 3500 4700 206 179 179
fre 3588 4700 206 179 179
fre 3692 4700 206 179 179
fre 3796 4700 206 179 179
fre 3900 4700 206 179 179
fre 4004 4700 206 179 179
trop 4092 4692 24 179 179
fre 4180 4676 206 179 179
trop 4268 4684 22 179 179
fre 4748 4692 205 179 179
cliff 5792 4688 13 179 179
cliff 6224 4688 39 179 179
fre 6268 4684 3 179 179
fre 6332 4700 12 179 179
cliff 6320 4672 113 179 179
fre 6356 4676 13 179 179
cliff 6576 4688 34 179 179
vor 6820 4700 16 179 179
fre 6908 4692 87 179 179
fre 6900 4700 87 179 179
tree 6888 4696 77 0 179
tree 6904 4680 77 0 179
tree 6904 4696 88 0 179
stand 7096 4680 493 0 179
fre 7164 4684 89 179 179
fre 7140 4676 88 179 179
stand 7176 4696 143 0 179
stand 7192 4680 144 0 179
stand 7176 4680 146 0 179
stand 7192 4696 145 0 179
fre 7180 4692 264 179 179
fre 7284 4676 88 179 179
fre 7300 4700 88 179 179
fre 7476 4692 256 179 179
fre 7484 4684 257 179 179
fre 7508 4676 87 179 179
stand 7544 4696 73 0 179
stand 7544 4680 74 0 179
fre 7548 4676 87 179 179
fre 7668 4692 260 179 179
trop 7748 4684 14 179 179
fre 156 4724 87 179 179
fre 140 4732 87 179 179
fre 148 4716 89 179 179
fre 132 4732 87 179 179
fre 188 4708 87 179 179
fre 236 4716 87 179 179
tree 264 4712 36 0 179
fre 276 4724 87 179 179
fre 260 4724 127 179 179
dom 928 4704 276 0 179
fre 1668 4716 87 179 179
stand 1976 4728 96 0 179
trop 1988 4724 73 179 179
trop 2060 4724 73 179 179
trop 2132 4724 73 179 179
stand 2152 4712 494 0 179
trop 2212 4724 73 179 179
most 2368 4704 19 0 179
trop 2564 4724 73 179 179
trop 2636 4724 73 179 179
trop 2716 4724 73 179 179
trop 2796 4724 73 179 179
trop 2876 4724 73 179 179
trop 2956 4724 73 179 179
trop 3028 4724 73 179 179
trop 3092 4724 73 179 179
trop 3156 4724 119 179 179
trop 3188 4724 119 179 179
trop 3252 4724 73 179 179
trop 3324 4724 73 179 179
trop 3484 4732 67 179 179
trop 3540 4724 73 179 179
trop 3580 4724 73 179 179
trop 3748 4724 69 179 179
stand 3832 4712 496 0 179
trop 3940 4732 67 179 179
trop 3996 4724 73 179 179
trop 4020 4724 73 179 179
stand 4056 4728 97 0 179
trop 4140 4724 24 179 179
trop 4180 4724 26 179 179
trop 4164 4724 26 179 179
trop 4164 4716 25 179 179
trop 4708 4708 14 179 179
cliff 5792 4720 11 179 179
cliff 6192 4704 45 179 179
cliff 6192 4720 48 179 179
fre 6220 4724 4 179 179
fre 6276 4732 7 179 179
fre 6516 4732 14 179 179
fre 6564 4724 12 179 179
cliff 6608 4720 36 179 179
cliff 6592 4704 31 179 179
fre 6892 4708 265 179 179
fre 7260 4716 88 179 179
fre 7444 4732 87 179 179
tree 7448 4712 44 0 179
tree 7432 4728 56 0 179
fre 7516 4716 238 179 179
fre 7508 4716 238 179 179
fre 7668 4716 260 179 179
trop 7948 4732 92 179 179
fre 156 4740 89 179 179
fre 140 4764 118 179 179
fre 180 4756 87 179 179
fre 164 4764 102 179 179
fre 260 4748 87 179 179
fre 588 4748 89 179 179
tree 856 4760 44 0 179
fre 1660 4756 256 179 179
fre 1676 4764 79 179 179
fre 1676 4748 87 179 179
fre 1668 4764 87 179 179
fre 1700 4756 168 179 179
stand 1992 4760 428 0 179
stand 2040 4760 429 0 179
stand 2088 4760 429 0 179
stand 2136 4760 429 0 179
stand 2184 4760 429 0 179
stand 2232 4760 429 0 179
stand 2264 4760 48 0 179
stand 2584 4760 41 0 179
stand 2840 4760 54 0 179
tree 3080 4760 50 0 179
stand 3096 4760 42 0 179
stand 3224 4760 88 0 179
stand 3352 4760 41 0 179
stand 3384 4760 90 0 179
stand 3368 4760 86 0 179
stand 3400 4760 94 0 179
stand 3608 4760 53 0 179
stand 3768 4760 243 0 179
stand 3800 4760 86 0 179
stand 3816 4760 90 0 179
stand 3832 4760 94 0 179
stand 3864 4760 51 0 179
fre 4060 4748 205 179 179
trop 4092 4748 24 179 179
fre 4180 4756 206 179 179
fre 4236 4748 211 179 179
dom 4576 4736 225 0 179
fre 4668 4740 227 179 179
cliff 5792 4752 15 179 179
cliff 6192 4752 46 179 179
fre 6212 4756 4 179 179
fre 6428 4740 13 179 179
fre 6612 4756 14 179 179
cliff 6624 4736 52 179 179
cliff 6656 4736 52 179 179
cliff 6688 4736 51 179 179
fre 6724 4764 14 179 179
cliff 6720 4736 50 179 179
cliff 6752 4736 49 179 179
cliff 6800 4752 34 179 179
cliff 6784 4736 31 179 179
stand 6952 4760 493 0 179
stand 7320 4760 491 0 179
fre 7420 4748 260 179 179
fre 7428 4740 89 179 179
fre 7436 4764 87 179 179
fre 7492 4740 258 179 179
fre 7676 4748 258 179 179
trop 7940 4764 92 179 179
trop 7988 4764 92 179 179
tree 8056 4744 41 0 179
tree 8056 4760 83 0 179
fre 124 4772 87 179 179
fre 148 4788 87 179 179
fre 164 4796 87 179 179
fre 204 4772 24 179 179
fre 236 4788 87 179 179
tree 568 4776 44 0 179
tree 552 4792 67 0 179
fre 564 4780 255 179 179
fre 596 4796 88 179 179
fre 580 4796 89 179 179
tree 584 4776 40 0 179
tree 840 4776 47 0 179
stand 904 4792 448 0 179
trop 1108 4788 190 179 179
dom 1472 4768 265 0 179
fre 1636 4796 87 179 179
fre 1636 4788 87 179 179
fre 1692 4780 87 179 179
stand 1976 4776 433 0 179
tree 2296 4776 67 0 179
stand 2520 4776 103 0 179
fre 2540 4780 14 179 179
fre 2572 4796 7 179 179
fre 2620 4788 3 179 179
fre 2684 4788 3 179 179
fre 2740 4788 3 179 179
fre 2796 4788 3 179 179
tree 2840 4792 74 0 179
fre 2876 4796 5 179 179
fre 2860 4780 6 179 179
fre 2956 4788 3 179 179
fre 3020 4780 14 179 179
fre 3124 4788 227 179 179
trop 3172 4772 24 179 179
fre 3212 4788 227 179 179
dom 3264 4768 284 0 179
stand 3352 4792 96 0 179
trop 3388 4788 66 179 179
stand 3560 4776 496 0 179
trop 3556 4788 73 179 179
trop 3572 4788 73 179 179
trop 3652 4788 68 179 179
trop 3844 4788 66 179 179
trop 4020 4788 73 179 179
fre 4060 4772 205 179 179
stand 4056 4792 97 0 179
fre 4060 4796 205 179 179
trop 4092 4780 24 179 179
fre 4156 4780 99 179 179
fre 4156 4796 99 179 179
tree 4184 4776 60 0 179
tree 4184 4792 50 0 179
fre 4212 4788 99 179 179
fre 4236 4788 99 179 179
tree 4264 4776 7 0 179
tree 4264 4792 52 0 179
tree 4280 4792 55 0 179
fre 4284 4780 99 179 179
fre 4260 4788 98 179 179
dom 4384 4768 161 0 179
fre 4748 4788 227 179 179
cliff 5808 4784 36 179 179
fre 6148 4788 258 179 179
cliff 6192 4784 19 179 179
fre 6348 4772 14 179 179
fre 6500 4788 7 179 179
fre 6556 4772 13 179 179
fre 6652 4780 13 179 179
fre 6804 4788 6 179 179
fre 6804 4772 6 179 179
fre 6788 4772 7 179 179
cliff 6816 4768 51 179 179
cliff 6848 4784 14 179 179
cliff 6848 4768 28 179 179
fre 6964 4780 88 179 179
tree 7096 4776 55 0 179
tree 7080 4792 54 0 179
tree 7080 4776 66 0 179
fre 7156 4772 255 179 179
stand 7288 4776 135 0 179
fre 7356 4796 87 179 179
fre 7404 4780 87 179 179
fre 7412 4788 81 179 179
fre 7420 4780 79 179 179
fre 7420 4796 73 179 179
fre 7420 4772 72 179 179
fre 7436 4780 89 179 179
fre 7428 4788 71 179 179
fre 7444 4772 94 179 179
fre 7452 4780 87 179 179
fre 7516 4788 238 179 179
fre 7508 4780 238 179 179
fre 7492 4772 260 179 179
fre 7660 4780 256 179 179
fre 7684 4796 260 179 179
trop 7900 4796 92 179 179
trop 7908 4788 92 179 179
trop 7940 4772 137 179 179
trop 7972 4788 105 179 179
trop 7980 4796 137 179 179
fre 124 4828 87 179 179
fre 156 4812 89 179 179
fre 180 4820 104 179 179
fre 188 4812 113 179 179
fre 228 4804 87 179 179
trop 1332 4804 190 179 179
tree 1576 4824 76 0 179
fre 1636 4812 87 179 179
fre 1676 4812 259 179 179
cliff 2512 4816 99 179 179
fre 2540 4804 7 179 179
fre 2564 4828 7 179 179
fre 2852 4828 6 179 179
fre 2908 4820 6 179 179
fre 3028 4820 97 179 179
fre 3068 4820 98 179 179
tree 3112 4824 71 0 179
trop 3172 4828 24 179 179
fre 3212 4804 205 179 179
stand 3432 4824 429 0 179
stand 3480 4824 429 0 179
stand 3528 4824 429 0 179
stand 3576 4824 429 0 179
stand 3608 4824 429 0 179
stand 3656 4824 429 0 179
stand 3704 4824 428 0 179
stand 3752 4824 429 0 179
stand 3800 4824 429 0 179
stand 3848 4824 499 0 179
dom 3968 4800 262 0 179
trop 4092 4820 14 179 179
stand 4152 4824 499 0 179
fre 4156 4828 98 179 179
fre 4132 4804 205 179 179
tree 4184 4824 48 0 179
tree 4168 4824 21 0 179
tree 4184 4808 66 0 179
fre 4180 4804 97 179 179
fre 4212 4820 99 179 179
tree 4232 4824 41 0 179
fre 4244 4820 98 179 179
stand 4264 4824 499 0 179
fre 4276 4812 97 179 179
fre 4300 4820 99 179 179
fre 4644 4828 229 179 179
fre 4748 4812 227 179 179
cliff 5824 4800 28 179 179
cliff 6208 4800 26 179 179
cliff 6224 4816 19 179 179
fre 6268 4804 3 179 179
fre 6396 4828 13 179 179
fre 6484 4804 13 179 179
fre 6468 4820 7 179 179
cliff 6560 4816 16 179 179
cliff 6592 4816 18 179 179
cliff 6624 4816 54 179 179
cliff 6656 4816 17 179 179
fre 6716 4812 6 179 179
fre 6740 4828 6 179 179
fre 6764 4828 6 179 179
fre 6764 4820 13 179 179
cliff 6864 4816 6 179 179
fre 7012 4828 84 179 179
fre 7148 4804 260 179 179
tree 7192 4808 43 0 179
tree 7176 4824 108 0 179
tree 7176 4808 89 0 179
fre 7260 4820 84 179 179
fre 7268 4828 87 179 179
fre 7276 4828 87 179 179
fre 7348 4820 89 179 179
tree 7352 4808 54 0 179
fre 7364 4812 88 179 179
fre 7428 4804 89 179 179
fre 7436 4828 264 179 179
fre 7444 4804 87 179 179
fre 7468 4804 87 179 179
fre 7460 4820 87 179 179
fre 7460 4828 87 179 179
fre 7484 4812 256 179 179
stand 7816 4824 144 0 179
trop 7916 4820 92 179 179
trop 7916 4812 105 179 179
trop 7980 4804 92 179 179
stand 8024 4824 147 0 179
tree 8056 4824 59 0 179
fre 108 4860 258 179 179
fre 100 4844 87 179 179
fre 148 4852 260 179 179
fre 188 4852 87 179 179
fre 188 4836 87 179 179
fre 236 4860 87 179 179
fre 308 4852 87 179 179
fre 292 4844 87 179 179
most 480 4832 51 0 179
tree 728 4856 54 0 179
tree 760 4856 81 0 179
fre 764 4860 259 179 179
tree 808 4840 44 0 179
dom 1152 4832 399 0 179
dom 1376 4832 399 0 179
tree 1576 4856 73 0 179
stand 1608 4856 322 0 179
tree 1640 4840 43 0 179
tree 1720 4856 45 0 179
tree 1704 4840 42 0 179
stand 2344 4840 291 0 179
cliff 2512 4832 20 179 179
cliff 2528 4848 21 179 179
fre 2580 4852 6 179 179
fre 2628 4836 6 179 179
fre 2692 4844 6 179 179
fre 2756 4844 4 179 179
fre 2820 4860 6 179 179
fre 3028 4860 99 179 179
fre 3100 4844 99 179 179
fre 3300 4852 22 179 179
stand 3512 4840 499 0 179
stand 3608 4840 499 0 179
stand 3624 4840 499 0 179
stand 3720 4840 499 0 179
stand 3912 4856 34 0 179
stand 4040 4856 34 0 179
fre 4060 4844 205 179 179
fre 4180 4852 206 179 179
fre 4284 4852 206 179 179
fre 4388 4852 206 179 179
fre 4492 4852 206 179 179
fre 4548 4852 226 179 179
trop 4676 4860 22 179 179
cliff 5808 4848 1 179 179
cliff 5840 4832 6 179 179
fre 6172 4844 256 179 179
fre 6204 4860 260 179 179
fre 6268 4836 4 179 179
cliff 6240 4832 27 179 179
cliff 6256 4848 46 179 179
fre 6348 4852 6 179 179
fre 6436 4844 6 179 179
fre 6468 4836 13 179 179
cliff 6544 4848 2 179 179
cliff 6688 4832 25 179 179
cliff 6704 4848 19 179 179
cliff 6816 4848 11 179 179
cliff 6848 4848 3 179 179
fre 6972 4860 89 179 179
fre 6956 4860 89 179 179
fre 6964 4844 87 179 179
stand 7048 4840 492 0 179
fre 7180 4860 88 179 179
fre 7220 4836 260 179 179
fre 7244 4836 84 179 179
fre 7276 4844 84 179 179
fre 7284 4844 84 179 179
fre 7284 4836 84 179 179
fre 7380 4836 190 179 179
fre 7380 4844 179 179 179
fre 7444 4852 94 179 179
fre 7436 4852 89 179 179
fre 7436 4860 87 179 179
fre 7436 4836 87 179 179
fre 7444 4860 87 179 179
fre 7484 4852 258 179 179
fre 7508 4852 238 179 179
fre 7652 4844 256 179 179
trop 7748 4844 14 179 179
trop 7908 4836 137 179 179
trop 8020 4844 92 179 179
trop 8004 4844 137 179 179
tree 8040 4856 88 0 179
fre 100 4892 87 179 179
fre 108 4868 87 179 179
fre 148 4892 259 179 179
fre 180 4884 255 179 179
tree 200 4888 87 0 179
fre 252 4868 87 179 179
tree 232 4888 48 0 179
tree 296 4888 44 0 179
tree 312 4888 77 0 179
fre 292 4892 87 179 179
fre 340 4892 87 179 179
tree 376 4888 45 0 179
tree 744 4888 44 0 179
tree 776 4872 72 0 179
dom 928 4864 276 0 179
tree 1560 4888 67 0 179
tree 1544 4888 65 0 179
tree 1656 4872 44 0 179
fre 1692 4876 255 179 179
dom 2144 4864 406 0 179
fre 2524 4892 149 179 179
cliff 2544 4864 22 179 179
cliff 2560 4880 22 179 179
fre 2916 4892 98 179 179
fre 2948 4876 99 179 179
fre 2988 4884 97 179 179
fre 3036 4884 99 179 179
fre 3068 4868 97 179 179
tree 3048 4888 66 0 179
tree 3064 4888 41 0 179
fre 3100 4884 229 179 179
tree 3080 4872 67 0 179
fre 3188 4892 231 179 179
fre 3388 4876 14 179 179
stand 3480 4888 261 0 179
stand 3512 4888 261 0 179
stand 3544 4888 261 0 179
stand 3576 4888 261 0 179
stand 3656 4888 261 0 179
stand 3688 4888 261 0 179
stand 3720 4888 261 0 179
stand 3752 4888 261 0 179
fre 4004 4892 206 179 179
trop 4204 4892 15 179 179
trop 4364 4892 15 179 179
trop 4524 4892 15 179 179
cliff 5664 4880 64 179 179
cliff 5712 4864 16 179 179
cliff 5744 4864 16 179 179
cliff 5792 4880 6 179 179
cliff 6256 4880 21 179 179
fre 6300 4876 4 179 179
cliff 6528 4880 5 179 179
cliff 6720 4864 26 179 179
cliff 6736 4880 19 179 179
cliff 6752 4880 16 179 179
cliff 6784 4880 54 179 179
vor 6948 4892 17 179 179
stand 7000 4888 132 0 179
fre 7036 4884 88 179 179
fre 7052 4868 89 179 179
stand 7192 4888 132 0 179
stand 7176 4888 133 0 179
stand 7192 4872 134 0 179
fre 7236 4876 84 179 179
fre 7380 4892 189 179 179
fre 7396 4868 94 179 179
fre 7436 4876 131 179 179
fre 7516 4868 238 179 179
fre 7668 4868 260 179 179
fre 7684 4884 258 179 179
trop 7924 4876 137 179 179
trop 7996 4876 92 179 179
trop 7972 4876 92 179 179
tree 8040 4872 74 0 179
fre 124 4900 256 179 179
fre 116 4908 87 179 179
fre 140 4900 87 179 179
fre 172 4916 89 179 179
tree 216 4904 44 0 179
fre 196 4916 89 179 179
fre 212 4908 89 179 179
fre 276 4900 87 179 179
stand 296 4920 452 0 179
fre 308 4900 87 179 179
fre 332 4900 87 179 179
tree 552 4920 47 0 179
stand 616 4920 452 0 179
stand 760 4920 447 0 179
trop 1108 4908 191 179 179
dom 1152 4896 400 0 179
dom 1376 4896 439 0 179
dom 1472 4896 265 0 179
cliff 1584 4896 64 179 179
fre 1748 4924 260 179 179
tree 1880 4904 54 0 179
fre 1900 4916 256 179 179
tree 1896 4920 45 0 179
tree 1896 4904 42 0 179
stand 2104 4904 433 0 179
tree 2232 4904 44 0 179
stand 2344 4904 299 0 179
fre 2372 4916 260 179 179
cliff 2576 4896 21 179 179
cliff 2592 4912 19 179 179
fre 2636 4916 3 179 179
fre 2676 4916 3 179 179
fre 2780 4908 3 179 179
fre 2860 4916 99 179 179
fre 2884 4900 99 179 179
fre 2908 4924 99 179 179
fre 2948 4924 97 179 179
trop 3140 4916 22 179 179
trop 3380 4908 216 179 179
fre 3428 4908 279 179 179
trop 3484 4908 180 179 179
trop 3596 4908 180 179 179
trop 3708 4908 180 179 179
trop 3820 4908 180 179 179
trop 3932 4908 180 179 179
trop 3996 4908 180 179 179
trop 4092 4916 24 179 179
fre 4716 4900 229 179 179
cliff 5696 4896 4 179 179
fre 6220 4916 256 179 179
fre 6252 4924 260 179 179
cliff 6272 4896 26 179 179
cliff 6288 4912 23 179 179
fre 6332 4900 4 179 179
tree 6376 4904 51 0 179
fre 6420 4900 6 179 179
fre 6404 4900 5 179 179
cliff 6464 4912 13 179 179
cliff 6496 4896 1 179 179
fre 6596 4924 256 179 179
fre 6676 4924 255 179 179
cliff 6832 4896 7 179 179
vor 6964 4908 115 179 179
fre 7036 4916 88 179 179
fre 7140 4924 89 179 179
fre 7148 4916 88 179 179
fre 7156 4900 88 179 179
stand 7160 4920 491 0 179
stand 7320 4904 493 0 179
fre 7380 4924 174 179 179
fre 7404 4908 176 179 179
fre 7492 4908 256 179 179
fre 7644 4916 259 179 179
trop 7908 4900 92 179 179
trop 7972 4924 137 179 179
lay 8040 4904 52 0 179
fre 124 4956 256 179 179
fre 148 4940 258 179 179
fre 148 4932 89 179 179
fre 156 4932 125 179 179
fre 172 4956 89 179 179
fre 164 4956 89 179 179
stand 344 4952 454 0 179
dom 1152 4928 399 0 179
trop 1332 4932 191 179 179
dom 1376 4928 399 0 179
tree 1576 4936 70 0 179
tree 1640 4952 43 0 179
tree 1656 4936 44 0 179
fre 1700 4932 256 179 179
tree 1720 4936 44 0 179
tree 2328 4952 40 0 179
tree 2328 4936 44 0 179
fre 2356 4956 256 179 179
fre 2508 4932 152 179 179
fre 2572 4932 88 179 179
cliff 2608 4928 27 179 179
cliff 2624 4944 47 179 179
tree 2632 4952 67 0 179
tree 2632 4936 66 0 179
fre 2700 4932 3 179 179
fre 2788 4956 99 179 179
fre 2828 4948 97 179 179
dom 2880 4928 446 0 179
tree 2888 4952 67 0 179
fre 2932 4948 99 179 179
tree 2968 4952 44 0 179
tree 2968 4936 89 0 179
fre 3004 4940 228 179 179
fre 3292 4932 22 179 179
dom 3296 4928 280 0 179
fre 3364 4940 23 179 179
stand 3400 4952 126 0 179
stand 3880 4952 137 0 179
stand 3896 4952 136 0 179
fre 4004 4940 206 179 179
zabor 4144 4944 105 2 8
fre 4180 4932 206 179 179
stand 4184 4952 261 0 179
zabor 4176 4944 105 2 8
stand 4216 4952 261 0 179
zabor 4208 4944 104 2 8
stand 4248 4952 261 0 179
zabor 4240 4944 105 2 8
fre 4284 4932 206 179 179
stand 4280 4952 261 0 179
zabor 4272 4944 105 2 8
stand 4312 4952 261 0 179
zabor 4304 4944 104 2 8
stand 4344 4952 261 0 179
zabor 4336 4944 104 2 8
stand 4376 4952 261 0 179
zabor 4368 4944 105 2 8
fre 4388 4932 206 179 179
stand 4408 4952 261 0 179
zabor 4400 4944 104 2 8
stand 4440 4952 261 0 179
zabor 4432 4944 105 2 8
zabor 4464 4944 104 2 8
stand 4472 4952 261 0 179
fre 4492 4932 206 179 179
zabor 4496 4944 104 2 8
stand 4504 4952 261 0 179
stand 4536 4952 261 0 179
zabor 4528 4944 105 2 8
stand 4568 4952 261 0 179
zabor 4560 4944 104 2 8
fre 4596 4932 226 179 179
stand 4600 4952 261 0 179
zabor 4592 4944 104 2 8
fre 4620 4932 226 179 179
zabor 4624 4944 104 2 8
zabor 4656 4944 104 2 8
fre 6068 4948 255 179 179
cliff 6304 4928 24 179 179
cliff 6320 4944 23 179 179
cliff 6336 4944 18 179 179
cliff 6368 4944 54 179 179
cliff 6400 4944 54 179 179
cliff 6432 4944 54 179 179
fre 6596 4956 255 179 179
fre 6988 4940 88 179 179
fre 7028 4948 88 179 179
fre 7020 4932 88 179 179
stand 7048 4952 133 0 179
fre 7236 4932 88 179 179
fre 7268 4956 265 179 179
fre 7388 4948 90 179 179
fre 7404 4932 188 179 179
fre 7404 4948 90 179 179
fre 7444 4932 89 179 179
fre 7452 4932 87 179 179
fre 7516 4932 238 179 179
fre 7508 4932 238 179 179
tree 7624 4936 28 0 179
tree 7624 4952 43 0 179
tree 7640 4936 42 0 179
tree 7640 4952 45 0 179
fre 7644 4956 259 179 179
trop 7908 4940 105 179 179
trop 7940 4948 92 179 179
trop 7948 4940 105 179 179
trop 7972 4948 105 179 179
lay 8024 4952 54 0 179
tree 168 4984 56 0 179
fre 164 4980 89 179 179
fre 388 4964 7 179 179
tree 1672 4984 44 0 179
fre 1756 4972 260 179 179
tree 2168 4984 37 0 179
fre 2196 4988 259 179 179
tree 2184 4984 41 0 179
fre 2244 4988 260 179 179
tree 2264 4984 40 0 179
stand 2264 4984 298 0 179
tree 2248 4984 34 0 179
tree 2312 4968 38 0 179
cliff 2624 4976 20 179 179
fre 2660 4980 99 179 179
fre 2676 4988 98 179 179
fre 2748 4972 97 179 179
tree 2824 4968 66 0 179
tree 2856 4968 60 0 179
fre 2948 4972 99 179 179
tree 2952 4984 42 0 179
trop 3036 4972 23 179 179
fre 3164 4964 229 179 179
fre 3204 4972 68 179 179
stand 3304 4984 134 0 179
stand 3352 4968 148 0 179
stand 3352 4984 147 0 179
stand 3336 4984 150 0 179
stand 3384 4984 132 0 179
stand 3400 4984 133 0 179
fre 3492 4972 30 179 179
tree 3672 4984 15 0 179
fre 3772 4988 32 179 179
fre 3828 4972 32 179 179
stand 3896 4968 132 0 179
stand 3880 4968 138 0 179
fre 4028 4972 32 179 179
stand 4024 4968 134 0 179
stand 4008 4968 135 0 179
stand 4024 4984 140 0 179
fre 4060 4988 205 179 179
fre 4132 4980 205 179 179
zabor 4144 4976 104 2 8
stand 4168 4968 262 0 179
stand 4184 4968 34 0 179
stand 4216 4968 459 0 179
fre 4204 4980 32 179 179
stand 4280 4968 459 0 179
stand 4344 4968 459 0 179
stand 4376 4968 34 0 179
stand 4392 4968 34 0 179
stand 4408 4968 34 0 179
stand 4440 4968 459 0 179
stand 4504 4968 459 0 179
stand 4568 4968 459 0 179
fre 4580 4988 32 179 179
stand 4600 4968 34 0 179
stand 4616 4968 262 0 179
zabor 4656 4976 105 2 8
fre 5756 4972 256 179 179
fre 5796 4972 258 179 179
fre 5836 4972 258 179 179
fre 6300 4988 260 179 179
cliff 6480 4960 8 179 179
fre 6572 4988 260 179 179
fre 6652 4980 258 179 179
fre 6708 4988 256 179 179
fre 6748 4972 259 179 179
fre 6812 4988 256 179 179
fre 6948 4988 87 179 179
tree 6968 4968 67 0 179
tree 6952 4984 88 0 179
stand 7032 4984 492 0 179
fre 7268 4980 87 179 179
fre 7356 4980 264 179 179
fre 7388 4972 265 179 179
fre 7380 4988 127 179 179
fre 7412 4972 125 179 179
fre 7436 4964 87 179 179
fre 7436 4972 87 179 179
fre 7484 4980 258 179 179
stand 7544 4984 73 0 179
fre 7604 4988 87 179 179
stand 7816 4984 148 0 179
trop 7948 4988 137 179 179
stand 8024 4984 148 0 179
fre 124 4996 89 179 179
fre 140 5004 89 179 179
fre 212 4996 5 179 179
tree 248 5016 55 0 179
fre 276 5012 5 179 179
fre 332 5004 7 179 179
fre 372 5004 6 179 179
trop 436 4996 70 179 179
trop 468 4996 70 179 179
fre 1444 5020 250 179 179
tree 1528 5000 56 0 179
tree 1512 5016 43 0 179
tree 1544 5016 42 0 179
tree 1608 5016 62 0 179
tree 1656 5000 33 0 179
tree 1672 5000 37 0 179
fre 1692 5020 259 179 179
tree 1736 5000 44 0 179
tree 1752 5000 37 0 179
tree 2296 5000 44 0 179
fre 2308 5004 255 179 179
fre 2612 5020 140 179 179
fre 2620 5012 88 179 179
cliff 2640 4992 27 179 179
cliff 2656 5008 22 179 179
fre 2708 5004 97 179 179
tree 2728 5016 28 0 179
cliff 2816 4992 17 179 179
cliff 2848 4992 54 179 179
tree 2872 5000 67 0 179
cliff 2896 5008 6 179 179
cliff 2880 4992 65 179 179
tree 2952 5000 44 0 179
tree 3096 5016 74 0 179
tree 3160 5000 28 0 179
fre 3164 5012 99 179 179
fre 3188 4996 99 179 179
fre 3212 5020 99 179 179
fre 3236 5004 99 179 179
tree 3672 5016 44 0 179
tree 3688 5000 47 0 179
stand 3832 5016 134 0 179
fre 3844 5020 25 179 179
stand 3848 5000 128 0 179
stand 3896 5016 148 0 179
stand 3896 5000 145 0 179
stand 3880 5000 144 0 179
stand 3880 5016 142 0 179
stand 4024 5000 424 0 179
trop 4092 5012 14 179 179
fre 4132 5004 205 179 179
zabor 4144 5008 105 2 8
stand 4168 5000 262 0 179
dom 4224 4992 448 0 179
dom 4576 4992 448 0 179
stand 4616 5000 262 0 179
zabor 4656 5008 105 2 8
fre 6092 5004 256 179 179
fre 6292 5012 255 179 179
fre 6572 5004 255 179 179
vor 6900 5004 8 179 179
vor 6924 5020 9 179 179
fre 6964 4996 265 179 179
fre 7036 5012 88 179 179
fre 7052 5004 84 179 179
fre 7060 5004 88 179 179
tree 7224 5000 42 0 179
tree 7224 5016 53 0 179
tree 7256 5000 40 0 179
tree 7256 5016 44 0 179
fre 7292 5012 89 179 179
fre 7276 4996 87 179 179
fre 7300 4996 135 179 179
fre 7308 5004 89 179 179
fre 7348 5004 90 179 179
fre 7372 5004 126 179 179
fre 7364 5020 89 179 179
fre 7412 5004 94 179 179
fre 7412 4996 87 179 179
fre 7404 5012 87 179 179
fre 7428 4996 87 179 179
fre 7508 4996 87 179 179
stand 7544 5016 331 0 179
stand 7544 5000 74 0 179
fre 7620 4996 87 179 179
fre 7628 5020 87 179 179
fre 7684 4996 258 179 179
trop 7748 5004 14 179 179
trop 7980 5020 92 179 179
fre 148 5036 4 179 179
fre 196 5036 5 179 179
stand 552 5032 459 0 179
stand 616 5032 459 0 179
stand 680 5032 459 0 179
stand 744 5032 459 0 179
stand 808 5032 459 0 179
stand 872 5032 459 0 179
stand 936 5032 459 0 179
stand 1000 5032 459 0 179
stand 1064 5032 459 0 179
stand 1144 5048 105 0 179
stand 1128 5032 459 0 179
stand 1320 5032 459 0 179
stand 1320 5048 105 0 179
stand 1384 5032 459 0 179
stand 1448 5032 459 0 179
fre 1484 5028 259 179 179
stand 1512 5032 459 0 179
fre 1556 5028 260 179 179
tree 1560 5032 55 0 179
tree 1544 5032 44 0 179
tree 1592 5032 76 0 179
fre 1620 5052 256 179 179
tree 1624 5032 44 0 179
fre 1716 5044 258 179 179
tree 1752 5032 43 0 179
fre 1788 5036 258 179 179
tree 1768 5048 45 0 179
fre 2644 5044 88 179 179
fre 2660 5044 88 179 179
cliff 2672 5024 27 179 179
cliff 2688 5040 19 179 179
cliff 2704 5040 16 179 179
tree 2712 5032 51 0 179
cliff 2736 5040 16 179 179
tree 2744 5032 43 0 179
tree 2728 5032 48 0 179
tree 2760 5032 46 0 179
cliff 2800 5024 3 179 179
fre 3020 5044 209 179 179
fre 3076 5028 220 179 179
tree 3080 5032 89 0 179
tree 3080 5048 74 0 179
cliff 3136 5040 58 179 179
tree 3176 5032 75 0 179
tree 3192 5048 76 0 179
fre 3236 5036 99 179 179
fre 3276 5044 97 179 179
fre 3628 5052 99 179 179
tree 3624 5048 65 0 179
fre 3668 5036 99 179 179
fre 3692 5052 99 179 179
fre 3692 5036 98 179 179
fre 3732 5036 97 179 179
fre 3764 5044 99 179 179
fre 3788 5044 99 179 179
fre 3892 5044 23 179 179
stand 3896 5032 150 0 179
stand 3896 5048 147 0 179
stand 3880 5032 141 0 179
stand 3880 5048 142 0 179
stand 4024 5048 424 0 179
stand 4040 5048 130 0 179
trop 4092 5036 14 179 179
zabor 4144 5040 105 2 8
stand 4168 5032 262 0 179
fre 4388 5028 23 179 179
stand 4616 5032 262 0 179
zabor 4656 5040 104 2 8
fre 5708 5052 259 179 179
fre 5820 5028 259 179 179
fre 6100 5036 259 179 179
fre 6404 5036 259 179 179
fre 6460 5036 259 179 179
fre 6468 5044 255 179 179
fre 6532 5036 259 179 179
fre 6684 5036 256 179 179
fre 6660 5044 260 179 179
fre 6740 5036 259 179 179
vor 6860 5028 19 179 179
fre 7036 5044 88 179 179
fre 7084 5036 88 179 179
fre 7076 5052 88 179 179
fre 7172 5028 264 179 179
fre 7180 5052 125 179 179
tree 7208 5032 40 0 179
tree 7224 5032 45 0 179
fre 7468 5028 259 179 179
fre 7500 5028 89 179 179
fre 7516 5028 87 179 179
fre 7652 5052 256 179 179
trop 7892 5044 92 179 179
trop 7916 5052 92 179 179
trop 7924 5036 137 179 179
trop 7988 5044 92 179 179
fre 156 5068 6 179 179
tree 184 5064 52 0 179
fre 324 5060 6 179 179
fre 380 5068 7 179 179
trop 436 5076 70 179 179
trop 468 5076 70 179 179
tree 520 5080 51 0 179
tree 536 5064 55 0 179
fre 524 5060 7 179 179
fre 580 5068 5 179 179
fre 628 5084 5 179 179
fre 700 5084 7 179 179
fre 748 5068 6 179 179
fre 796 5076 3 179 179
tree 840 5080 51 0 179
fre 868 5076 5 179 179
fre 948 5076 3 179 179
fre 1012 5076 4 179 179
tree 1032 5064 53 0 179
fre 1068 5076 5 179 179
fre 1148 5076 3 179 179
fre 1220 5068 3 179 179
fre 1284 5060 6 179 179
fre 1372 5076 5 179 179
fre 1436 5068 6 179 179
fre 1524 5076 256 179 179
fre 1508 5084 253 179 179
fre 1660 5076 260 179 179
fre 1828 5076 256 179 179
tree 1848 5080 44 0 179
fre 2540 5068 88 179 179
fre 2580 5076 125 179 179
cliff 2784 5056 10 179 179
tree 2840 5080 65 0 179
tree 2856 5064 56 0 179
tree 2904 5080 45 0 179
tree 2936 5080 35 0 179
tree 2952 5080 33 0 179
tree 3064 5064 51 0 179
cliff 3200 5072 61 179 179
cliff 3216 5072 125 179 179
fre 3252 5060 99 179 179
tree 3240 5080 44 0 179
stand 3288 5064 227 0 179
stand 3320 5080 152 0 179
stand 3368 5064 13 0 179
fre 3412 5076 22 179 179
fre 3420 5084 238 179 179
fre 3452 5084 238 179 179
fre 3436 5084 238 179 179
tree 3544 5080 7 0 179
tree 3576 5080 40 0 179
tree 3576 5064 37 0 179
fre 3604 5084 99 179 179
fre 3612 5060 99 179 179
tree 3608 5064 36 0 179
tree 3592 5064 40 0 179
tree 3592 5080 21 0 179
fre 3636 5060 97 179 179
stand 3672 5064 499 0 179
stand 3720 5064 499 0 179
fre 3748 5060 99 179 179
fre 3756 5060 99 179 179
fre 3772 5076 99 179 179
fre 3788 5060 99 179 179
fre 3804 5060 99 179 179
fre 3828 5076 99 179 179
fre 3844 5068 32 179 179
fre 3956 5076 24 179 179
stand 4024 5064 125 0 179
dom 4000 5056 265 0 179
stand 4040 5080 133 0 179
fre 4060 5076 227 179 179
zabor 4144 5072 105 2 8
stand 4168 5064 262 0 179
stand 4184 5064 241 0 179
fre 4260 5076 22 179 179
tree 4344 5064 77 0 179
tree 4328 5064 65 0 179
stand 4392 5064 499 0 179
fre 4444 5084 24 179 179
tree 4456 5080 67 0 179
tree 4456 5064 66 0 179
fre 4532 5076 22 179 179
stand 4616 5064 262 0 179
zabor 4656 5072 104 2 8
fre 5748 5060 258 179 179
fre 6076 5068 255 179 179
fre 6596 5060 259 179 179
fre 6804 5084 255 179 179
fre 6900 5084 255 179 179
fre 6972 5060 87 179 179
fre 6996 5060 139 179 179
stand 7064 5064 493 0 179
tree 7160 5064 52 0 179
tree 7144 5080 50 0 179
fre 7172 5060 87 179 179
fre 7220 5068 259 179 179
fre 7308 5060 255 179 179
fre 7388 5068 255 179 179
fre 7364 5076 87 179 179
fre 7428 5076 87 179 179
fre 7460 5068 89 179 179
fre 7476 5060 87 179 179
fre 7684 5068 258 179 179
trop 7924 5060 92 179 179
trop 7908 5076 105 179 179
trop 7948 5068 105 179 179
tree 8040 5064 1 0 179
fre 548 5116 14 179 179
tree 584 5112 56 0 179
tree 600 5096 52 0 179
fre 628 5116 5 179 179
fre 948 5116 14 179 179
fre 1036 5100 13 179 179
fre 1188 5108 12 179 179
fre 1324 5116 14 179 179
tree 1512 5096 75 0 179
fre 1564 5100 260 179 179
fre 1596 5100 255 179 179
fre 1660 5108 260 179 179
fre 1724 5092 259 179 179
fre 1740 5100 260 179 179
tree 1816 5112 35 0 179
fre 1884 5092 259 179 179
fre 1980 5108 255 179 179
tree 1976 5096 54 0 179
tree 1992 5096 41 0 179
tree 2024 5112 44 0 179
tree 2040 5112 37 0 179
fre 2452 5116 87 179 179
fre 2468 5108 89 179 179
fre 2524 5116 259 179 179
tree 2520 5112 50 0 179
tree 2536 5096 40 0 179
fre 2724 5116 139 179 179
fre 2756 5108 88 179 179
fre 2796 5116 135 179 179
tree 2824 5096 67 0 179
fre 2836 5116 260 179 179
tree 2872 5096 76 0 179
fre 2884 5116 255 179 179
tree 2936 5096 40 0 179
tree 3064 5096 46 0 179
tree 3064 5112 43 0 179
tree 3080 5112 48 0 179
fre 3148 5100 259 179 179
fre 3228 5116 99 179 179
cliff 3216 5088 119 179 179
fre 3252 5092 99 179 179
cliff 3232 5104 112 179 179
tree 3240 5096 41 0 179
stand 3272 5096 241 0 179
stand 3320 5112 152 0 179
stand 3352 5112 99 0 179
stand 3352 5096 99 0 179
fre 3332 5100 13 179 179
stand 3432 5096 107 0 179
tree 3560 5112 52 0 179
tree 3592 5112 75 0 179
tree 3608 5096 37 0 179
tree 3656 5112 67 0 179
tree 3656 5096 42 0 179
tree 3768 5112 67 0 179
tree 3800 5096 88 0 179
tree 3800 5112 67 0 179
tree 3784 5096 41 0 179
tree 3832 5112 71 0 179
tree 3816 5096 41 0 179
fre 3948 5108 32 179 179
stand 4024 5112 132 0 179
stand 4024 5096 424 0 179
fre 4132 5108 227 179 179
zabor 4144 5104 105 2 8
stand 4168 5096 262 0 179
fre 4308 5092 24 179 179
tree 4328 5096 72 0 179
stand 4328 5112 499 0 179
fre 4388 5108 22 179 179
stand 4456 5112 499 0 179
stand 4616 5096 262 0 179
zabor 4656 5104 104 2 8
fre 5692 5116 256 179 179
fre 5844 5092 258 179 179
fre 6388 5116 257 179 179
fre 6476 5100 255 179 179
fre 6548 5108 258 179 179
fre 6676 5100 255 179 179
fre 6812 5092 259 179 179
fre 7124 5108 133 179 179
fre 7132 5116 94 179 179
fre 7140 5100 87 179 179
trop 7900 5100 137 179 179
trop 7948 5092 92 179 179
trop 7980 5100 137 179 179
fre 572 5148 6 179 179
fre 1132 5140 14 179 179
fre 1228 5148 14 179 179
fre 1276 5124 13 179 179
tree 1400 5144 55 0 179
fre 1436 5140 5 179 179
fre 1444 5124 13 179 179
fre 1556 5140 152 179 179
fre 1596 5132 148 179 179
fre 1572 5132 149 179 179
tree 1592 5144 45 0 179
fre 1628 5124 253 179 179
tree 1624 5144 50 0 179
tree 1656 5144 43 0 179
fre 1708 5148 252 179 179
fre 1756 5148 260 179 179
fre 1788 5124 258 179 179
tree 1848 5128 35 0 179
tree 1832 5128 28 0 179
tree 1864 5128 37 0 179
tree 1912 5144 44 0 179
fre 1924 5148 260 179 179
tree 1976 5144 45 0 179
fre 2044 5132 258 179 179
fre 2084 5140 259 179 179
tree 2200 5144 34 0 179
fre 2348 5124 87 179 179
fre 2364 5140 90 179 179
fre 2372 5148 87 179 179
fre 2388 5124 243 179 179
fre 2412 5124 87 179 179
fre 2420 5124 243 179 179
fre 2460 5148 133 179 179
fre 2468 5132 132 179 179
tree 2520 5128 35 0 179
tree 2552 5128 46 0 179
tree 2568 5128 40 0 179
fre 2564 5132 256 179 179
tree 2584 5144 72 0 179
fre 2604 5124 88 179 179
fre 2596 5140 260 179 179
fre 2748 5140 87 179 179
fre 2796 5132 140 179 179
tree 2856 5128 72 0 179
tree 2952 5128 44 0 179
trop 3004 5124 16 179 179
tree 3064 5128 44 0 179
stand 3112 5128 0 0 179
fre 3180 5140 260 179 179
fre 3228 5148 99 179 179
cliff 3216 5120 53 179 179
fre 3260 5140 99 179 179
fre 3252 5124 99 179 179
tree 3240 5128 45 0 179
stand 3320 5144 103 0 179
fre 3300 5140 12 179 179
stand 3768 5128 321 0 179
tree 3864 5144 51 0 179
zabor 4144 5136 105 2 8
stand 4168 5128 262 0 179
dom 4224 5120 448 0 179
dom 4576 5120 448 0 179
stand 4616 5128 262 0 179
zabor 4656 5136 104 2 8
cliff 5568 5136 59 179 179
fre 5724 5124 258 179 179
fre 5772 5132 258 179 179
fre 5828 5124 256 179 179
fre 6596 5124 255 179 179
fre 6676 5148 255 179 179
fre 6796 5140 256 179 179
fre 6828 5132 258 179 179
fre 6860 5124 260 179 179
fre 6892 5124 259 179 179
fre 6940 5124 256 179 179
fre 6980 5140 260 179 179
fre 7012 5140 260 179 179
fre 7140 5124 126 179 179
fre 7172 5124 259 179 179
fre 7644 5132 258 179 179
fre 7676 5148 256 179 179
stand 7816 5144 147 0 179
stand 8024 5144 144 0 179
tree 216 5176 6 0 179
trop 436 5156 70 179 179
trop 468 5156 70 179 179
fre 524 5172 7 179 179
tree 1656 5160 44 0 179
tree 1720 5176 46 0 179
tree 1736 5176 45 0 179
tree 1736 5160 50 0 179
tree 1848 5160 45 0 179
tree 1912 5160 36 0 179
tree 1960 5160 44 0 179
tree 1960 5176 43 0 179
tree 2008 5160 50 0 179
fre 2140 5180 260 179 179
fre 2180 5172 255 179 179
tree 2200 5176 37 0 179
tree 2232 5176 36 0 179
fre 2268 5164 259 179 179
tree 2296 5176 44 0 179
fre 2388 5164 87 179 179
fre 2396 5180 101 179 179
fre 2420 5180 87 179 179
fre 2444 5156 89 179 179
fre 2476 5180 242 179 179
fre 2492 5156 87 179 179
fre 2468 5156 87 179 179
fre 2524 5164 88 179 179
fre 2532 5164 88 179 179
fre 2620 5172 88 179 179
fre 2596 5172 89 179 179
fre 2636 5172 132 179 179
fre 2812 5156 87 179 179
fre 2820 5172 89 179 179
fre 2940 5164 259 179 179
trop 2988 5156 191 179 179
tree 3064 5160 71 0 179
tree 3048 5160 51 0 179
fre 3164 5164 260 179 179
fre 3228 5180 99 179 179
cliff 3216 5152 53 179 179
fre 3252 5156 99 179 179
tree 3240 5176 88 0 179
fre 3348 5164 13 179 179
fre 3420 5180 30 179 179
stand 3640 5176 307 0 179
tree 3672 5176 44 0 179
tree 3656 5176 43 0 179
tree 3736 5160 40 0 179
tree 3800 5176 45 0 179
tree 3816 5176 43 0 179
tree 3880 5176 44 0 179
stand 3912 5160 431 0 179
stand 4024 5176 136 0 179
fre 4060 5180 227 179 179
zabor 4144 5168 105 2 8
fre 4132 5156 227 179 179
stand 4168 5160 262 0 179
fre 4212 5156 32 179 179
fre 4324 5172 32 179 179
fre 4388 5180 32 179 179
fre 4452 5172 32 179 179
fre 4572 5164 32 179 179
stand 4616 5160 262 0 179
zabor 4656 5168 104 2 8
fre 5668 5164 256 179 179
fre 6780 5180 257 179 179
fre 6772 5180 255 179 179
fre 6924 5172 260 179 179
fre 7012 5180 135 179 179
fre 7060 5164 256 179 179
fre 7108 5164 259 179 179
fre 7620 5180 259 179 179
tree 7672 5160 36 0 179
tree 7656 5176 44 0 179
trop 7748 5164 14 179 179
trop 7980 5172 92 179 179
tree 1720 5192 48 0 179
fre 1820 5196 255 179 179
cliff 1872 5200 65 179 179
cliff 1888 5200 28 179 179
tree 1960 5192 44 0 179
tree 2040 5192 44 0 179
tree 2056 5208 43 0 179
fre 2108 5188 258 179 179
fre 2268 5212 258 179 179
fre 2308 5212 259 179 179
fre 2388 5188 87 179 179
fre 2404 5188 87 179 179
fre 2556 5188 129 179 179
fre 2716 5204 87 179 179
fre 2772 5196 260 179 179
tree 2760 5192 45 0 179
tree 2776 5192 43 0 179
tree 2792 5192 42 0 179
tree 2792 5208 45 0 179
fre 2836 5196 87 179 179
fre 2932 5212 257 179 179
fre 2980 5204 260 179 179
fre 3228 5212 99 179 179
cliff 3216 5184 46 179 179
fre 3252 5188 99 179 179
tree 3240 5208 75 0 179
fre 3308 5188 30 179 179
tree 3640 5192 46 0 179
tree 3816 5192 47 0 179
tree 3848 5192 46 0 179
tree 3864 5192 41 0 179
tree 3880 5208 103 0 179
tree 3896 5192 55 0 179
stand 4024 5192 424 0 179
trop 4092 5196 14 179 179
zabor 4144 5200 104 2 8
stand 4152 5208 261 0 179
stand 4168 5192 262 0 179
stand 4184 5208 105 0 179
stand 4184 5192 34 0 179
fre 4180 5212 226 179 179
stand 4216 5192 459 0 179
fre 4196 5212 206 179 179
stand 4280 5192 459 0 179
fre 4268 5212 226 179 179
stand 4312 5192 34 0 179
stand 4328 5208 223 0 179
stand 4344 5192 227 0 179
stand 4456 5208 223 0 179
stand 4504 5192 459 0 179
fre 4524 5212 226 179 179
stand 4568 5192 459 0 179
stand 4600 5208 105 0 179
stand 4600 5192 34 0 179
stand 4616 5192 262 0 179
stand 4632 5208 261 0 179
fre 4628 5212 226 179 179
zabor 4656 5200 104 2 8
fre 4716 5212 226 179 179
cliff 5520 5200 1 179 179
cliff 5552 5184 5 179 179
fre 5676 5204 259 179 179
fre 5764 5188 255 179 179
fre 6228 5196 255 179 179
fre 6300 5212 253 179 179
fre 6844 5188 256 179 179
fre 6876 5196 259 179 179
fre 7044 5196 129 179 179
fre 7108 5196 89 179 179
tree 7640 5192 40 0 179
tree 7624 5192 45 0 179
trop 7916 5196 92 179 179
trop 7916 5204 105 179 179
trop 7916 5188 137 179 179
trop 7964 5204 105 179 179
trop 7964 5196 137 179 179
trop 436 5236 70 179 179
trop 468 5236 70 179 179
fre 1876 5228 260 179 179
tree 1864 5240 73 0 179
cliff 1888 5216 14 179 179
tree 1976 5224 43 0 179
tree 1960 5224 46 0 179
tree 2056 5224 45 0 179
tree 2104 5224 35 0 179
fre 2156 5236 260 179 179
tree 2360 5224 45 0 179
tree 2344 5224 43 0 179
fre 2380 5244 257 179 179
fre 2404 5228 255 179 179
fre 2460 5220 87 179 179
fre 2492 5228 87 179 179
fre 2484 5244 87 179 179
fre 2604 5220 88 179 179
fre 2620 5236 25 179 179
fre 2692 5244 89 179 179
fre 2716 5236 89 179 179
fre 2716 5220 87 179 179
fre 2708 5220 87 179 179
fre 2732 5236 87 179 179
fre 2748 5220 87 179 179
fre 2780 5220 24 179 179
fre 2796 5228 256 179 179
tree 2936 5224 50 0 179
fre 2956 5228 256 179 179
tree 2968 5240 41 0 179
tree 3000 5224 51 0 179
tree 2984 5240 28 0 179
tree 3000 5240 44 0 179
fre 3052 5220 258 179 179
fre 3084 5228 258 179 179
fre 3124 5228 257 179 179
fre 3228 5236 99 179 179
cliff 3216 5232 109 179 179
tree 3224 5224 76 0 179
tree 3208 5240 72 0 179
fre 3292 5228 13 179 179
fre 3348 5244 14 179 179
fre 3420 5220 12 179 179
tree 3896 5224 105 0 179
fre 3996 5228 22 179 179
stand 4024 5240 424 0 179
stand 4088 5240 87 0 179
stand 4088 5224 87 0 179
stand 4072 5224 87 0 179
stand 4072 5240 87 0 179
trop 4204 5244 15 179 179
trop 4364 5244 15 179 179
trop 4524 5244 15 179 179
trop 4684 5244 15 179 179
cliff 5504 5232 7 179 179
fre 5604 5236 258 179 179
fre 5756 5220 259 179 179
fre 6076 5244 4 179 179
cliff 6064 5216 51 179 179
cliff 6048 5216 44 179 179
cliff 6048 5232 46 179 179
cliff 6096 5216 51 179 179
fre 6140 5244 14 179 179
cliff 6128 5216 50 179 179
cliff 6160 5216 49 179 179
fre 6204 5244 12 179 179
cliff 6192 5216 51 179 179
cliff 6224 5216 32 179 179
cliff 6240 5232 33 179 179
fre 6356 5228 260 179 179
fre 6436 5244 255 179 179
fre 6828 5228 256 179 179
most 7072 5216 41 0 179
fre 7396 5236 255 179 179
fre 7460 5228 259 179 179
fre 7572 5236 259 179 179
fre 7684 5220 260 179 179
trop 7884 5244 92 179 179
cliff 1904 5248 36 179 179
cliff 1920 5264 30 179 179
tree 1992 5256 45 0 179
fre 1996 5276 260 179 179
tree 2072 5272 47 0 179
tree 2088 5272 49 0 179
tree 2104 5256 45 0 179
fre 2148 5268 256 179 179
fre 2188 5268 258 179 179
fre 2236 5276 257 179 179
fre 2236 5260 259 179 179
cliff 2320 5264 44 179 179
cliff 2336 5264 52 179 179
cliff 2368 5264 51 179 179
cliff 2400 5264 50 179 179
cliff 2432 5264 32 179 179
fre 2484 5252 260 179 179
fre 2516 5268 88 179 179
fre 2580 5260 88 179 179
tree 2808 5256 44 0 179
fre 2868 5252 87 179 179
fre 2892 5268 89 179 179
fre 2884 5260 87 179 179
fre 2924 5252 87 179 179
tree 2968 5256 44 0 179
tree 2968 5272 48 0 179
fre 3004 5252 260 179 179
tree 2984 5256 49 0 179
tree 3000 5256 43 0 179
fre 3100 5260 252 179 179
fre 3116 5276 256 179 179
cliff 3152 5264 44 179 179
fre 3188 5268 97 179 179
cliff 3184 5248 40 179 179
tree 3192 5256 66 0 179
fre 3508 5268 98 179 179
fre 3532 5252 99 179 179
tree 3560 5256 44 0 179
stand 3592 5272 322 0 179
stand 3976 5256 444 0 179
dom 4000 5248 265 0 179
cliff 5472 5248 3 179 179
fre 5684 5252 257 179 179
cliff 6048 5264 53 179 179
fre 6252 5276 7 179 179
cliff 6256 5248 50 179 179
cliff 6288 5264 13 179 179
cliff 6288 5248 28 179 179
fre 6348 5252 260 179 179
fre 6412 5260 259 179 179
fre 6500 5276 259 179 179
fre 6500 5268 256 179 179
fre 7060 5260 86 179 179
fre 7060 5276 87 179 179
fre 7068 5268 84 179 179
fre 7092 5276 94 179 179
fre 7092 5260 94 179 179
fre 7108 5252 92 179 179
fre 7108 5260 87 179 179
lay 7112 5272 43 0 179
fre 7364 5268 256 179 179
fre 7404 5276 259 179 179
fre 7508 5260 258 179 179
fre 7588 5260 255 179 179
fre 7620 5276 259 179 179
fre 7652 5260 256 179 179
trop 7900 5260 92 179 179
trop 7980 5260 92 179 179
trop 7972 5252 105 179 179
trop 8004 5260 92 179 179
fre 1900 5308 12 179 179
cliff 1936 5280 35 179 179
cliff 1952 5296 30 179 179
tree 2024 5288 36 0 179
tree 2024 5304 54 0 179
tree 2056 5288 44 0 179
fre 2052 5308 255 179 179
fre 2172 5292 260 179 179
fre 2236 5300 260 179 179
tree 2216 5304 50 0 179
cliff 2304 5296 38 179 179
fre 2332 5300 3 179 179
fre 2396 5300 3 179 179
cliff 2448 5280 34 179 179
cliff 2464 5296 52 179 179
cliff 2496 5296 28 179 179
fre 2556 5300 127 179 179
fre 2580 5300 89 179 179
fre 2732 5308 87 179 179
fre 2892 5300 87 179 179
fre 2908 5300 24 179 179
fre 2980 5292 259 179 179
tree 3000 5288 43 0 179
tree 3000 5304 44 0 179
tree 2984 5288 52 0 179
fre 3020 5300 258 179 179
fre 3076 5292 257 179 179
cliff 3152 5280 46 179 179
fre 3172 5308 100 179 179
tree 3176 5304 75 0 179
fre 3284 5292 13 179 179
fre 3412 5292 12 179 179
fre 3516 5308 99 179 179
tree 3512 5304 65 0 179
fre 3532 5284 99 179 179
tree 3560 5288 89 0 179
tree 3560 5304 67 0 179
tree 3624 5304 44 0 179
stand 4024 5304 143 0 179
stand 4024 5288 426 0 179
fre 4060 5284 227 179 179
zabor 4144 5296 104 2 8
stand 4152 5288 261 0 179
stand 4168 5304 262 0 179
fre 4180 5284 226 179 179
fre 4356 5284 226 179 179
fre 4460 5284 226 179 179
fre 4564 5284 226 179 179
tree 4600 5304 73 0 179
stand 4616 5304 262 0 179
stand 4632 5288 261 0 179
zabor 4656 5296 105 2 8
fre 4668 5284 226 179 179
fre 4716 5284 226 179 179
cliff 5424 5296 3 179 179
cliff 5456 5280 7 179 179
fre 5556 5308 256 179 179
fre 6068 5308 7 179 179
cliff 6048 5296 46 179 179
fre 6188 5300 13 179 179
cliff 6304 5296 35 179 179
fre 6404 5300 256 179 179
fre 6508 5308 258 179 179
fre 6564 5292 255 179 179
fre 6644 5300 255 179 179
fre 7100 5292 87 179 179
fre 7108 5308 92 179 179
fre 7108 5292 87 179 179
fre 7108 5284 49 179 179
fre 7292 5300 259 179 179
fre 7308 5308 256 179 179
fre 7516 5284 259 179 179
fre 7676 5308 258 179 179
tree 7704 5304 40 0 179
tree 7688 5288 10 0 179
stand 7816 5304 145 0 179
stand 8024 5304 143 0 179
trop 436 5316 70 179 179
trop 468 5316 70 179 179
fre 1932 5332 12 179 179
cliff 1968 5312 35 179 179
cliff 1984 5328 52 179 179
cliff 2016 5328 29 179 179
tree 2072 5320 56 0 179
fre 2188 5332 255 179 179
tree 2184 5336 44 0 179
tree 2200 5336 41 0 179
tree 2216 5336 45 0 179
tree 2248 5336 48 0 179
tree 2296 5320 56 0 179
cliff 2272 5312 44 179 179
cliff 2272 5328 46 179 179
fre 2332 5324 5 179 179
fre 2428 5324 6 179 179
fre 2476 5340 7 179 179
cliff 2512 5312 35 179 179
fre 2548 5316 87 179 179
cliff 2528 5328 32 179 179
fre 2564 5316 87 179 179
fre 2620 5332 255 179 179
tree 2632 5336 44 0 179
fre 2852 5332 120 179 179
tree 2968 5320 44 0 179
fre 3044 5332 104 179 179
fre 3052 5324 105 179 179
tree 3096 5336 43 0 179
fre 3116 5324 258 179 179
cliff 3152 5312 53 179 179
tree 3160 5320 74 0 179
fre 3180 5332 99 179 179
fre 3348 5316 13 179 179
tree 3512 5336 52 0 179
tree 3544 5336 41 0 179
tree 3624 5320 47 0 179
fre 3988 5340 22 179 179
stand 3976 5320 444 0 179
zabor 4144 5328 105 2 8
fre 4132 5332 227 179 179
stand 4168 5336 262 0 179
fre 4228 5332 227 179 179
fre 4308 5332 227 179 179
stand 4616 5336 262 0 179
tree 4616 5320 76 0 179
zabor 4656 5328 104 2 8
cliff 5328 5312 18 179 179
cliff 5360 5312 54 179 179
cliff 5408 5328 6 179 179
fre 5508 5340 259 179 179
fre 5564 5340 258 179 179
fre 6124 5324 7 179 179
fre 6300 5340 12 179 179
cliff 6320 5312 32 179 179
cliff 6336 5328 34 179 179
fre 6452 5316 256 179 179
fre 6532 5324 259 179 179
most 7072 5312 41 0 179
fre 7244 5332 256 179 179
fre 7396 5340 259 179 179
fre 7460 5316 258 179 179
fre 7548 5316 255 179 179
fre 7620 5324 256 179 179
trop 7748 5324 14 179 179
trop 7908 5316 92 179 179
trop 7972 5332 92 179 179
fre 1988 5364 14 179 179
cliff 2032 5344 33 179 179
cliff 2048 5360 52 179 179
cliff 2080 5360 52 179 179
cliff 2112 5360 51 179 179
cliff 2144 5360 50 179 179
cliff 2176 5360 30 179 179
fre 2516 5356 6 179 179
cliff 2544 5344 36 179 179
cliff 2560 5360 50 179 179
cliff 2592 5360 31 179 179
tree 2632 5352 67 0 179
fre 2700 5364 105 179 179
fre 2716 5348 87 179 179
fre 2756 5356 25 179 179
fre 2820 5348 89 179 179
fre 2908 5356 87 179 179
fre 3164 5348 99 179 179
cliff 3152 5344 46 179 179
tree 3160 5352 67 0 179
fre 3172 5364 99 179 179
fre 3252 5348 14 179 179
fre 3412 5372 13 179 179
tree 3544 5352 47 0 179
tree 3528 5352 36 0 179
tree 3544 5368 49 0 179
tree 3560 5368 77 0 179
tree 3640 5352 44 0 179
tree 3656 5352 54 0 179
stand 4024 5352 148 0 179
stand 4024 5368 150 0 179
stand 4040 5352 144 0 179
stand 4040 5368 147 0 179
trop 4092 5356 14 179 179
zabor 4144 5360 105 2 8
stand 4168 5368 262 0 179
trop 4268 5356 14 179 179
fre 4548 5372 281 179 179
stand 4616 5368 262 0 179
zabor 4656 5360 105 2 8
cliff 5280 5360 13 179 179
cliff 5312 5344 0 179 179
cliff 6000 5360 44 179 179
cliff 6032 5344 40 179 179
fre 6060 5364 13 179 179
fre 6252 5356 3 179 179
cliff 6352 5360 15 179 179
cliff 6352 5344 29 179 179
fre 6460 5372 258 179 179
fre 6444 5348 256 179 179
fre 6596 5356 256 179 179
fre 6684 5356 259 179 179
fre 6996 5372 259 179 179
fre 7196 5364 255 179 179
fre 7284 5372 256 179 179
fre 7308 5372 259 179 179
fre 7340 5348 256 179 179
tree 7464 5352 108 0 179
fre 7660 5364 259 179 179
tree 7688 5368 27 0 179
tree 7688 5352 71 0 179
trop 7916 5356 105 179 179
trop 7916 5364 137 179 179
trop 7964 5372 105 179 179
trop 7964 5372 137 179 179
trop 7972 5364 92 179 179
trop 7988 5356 137 179 179
trop 436 5396 70 179 179
trop 468 5396 70 179 179
fre 1876 5380 12 179 179
fre 1876 5404 14 179 179
fre 1964 5388 14 179 179
fre 2068 5388 14 179 179
fre 2132 5388 14 179 179
fre 2148 5380 257 179 179
fre 2156 5404 14 179 179
cliff 2192 5376 35 179 179
cliff 2208 5392 49 179 179
cliff 2256 5376 41 179 179
fre 2284 5388 13 179 179
fre 2380 5396 12 179 179
fre 2428 5380 12 179 179
fre 2556 5380 6 179 179
cliff 2592 5376 12 179 179
fre 2668 5388 260 179 179
fre 2740 5404 87 179 179
fre 2828 5380 260 179 179
tree 2824 5384 45 0 179
tree 2840 5400 49 0 179
tree 2840 5384 41 0 179
fre 2868 5404 260 179 179
tree 2872 5400 37 0 179
fre 3036 5388 260 179 179
fre 3020 5380 252 179 179
tree 3032 5400 42 0 179
fre 3116 5396 256 179 179
tree 3112 5384 43 0 179
cliff 3152 5376 19 179 179
cliff 3168 5392 25 179 179
fre 3332 5404 7 179 179
tree 3624 5400 43 0 179
tree 3624 5384 45 0 179
stand 4024 5384 426 0 179
fre 4060 5388 227 179 179
fre 4132 5388 205 179 179
zabor 4144 5392 105 2 8
fre 4228 5404 227 179 179
dom 4384 5376 283 0 179
fre 4564 5380 291 179 179
stand 4616 5400 262 0 179
zabor 4656 5392 105 2 8
cliff 5248 5392 17 179 179
fre 5468 5404 258 179 179
fre 5524 5396 258 179 179
cliff 5984 5392 40 179 179
fre 6180 5380 13 179 179
fre 6340 5396 4 179 179
cliff 6368 5392 36 179 179
fre 6540 5388 259 179 179
fre 6740 5396 256 179 179
tree 6760 5400 67 0 179
fre 6940 5396 256 179 179
fre 7076 5396 255 179 179
fre 7132 5388 259 179 179
fre 7204 5404 259 179 179
fre 1956 5436 13 179 179
fre 2060 5428 13 179 179
fre 2212 5428 14 179 179
fre 2332 5420 13 179 179
fre 2468 5436 13 179 179
cliff 2608 5408 36 179 179
cliff 2624 5424 31 179 179
fre 2716 5412 89 179 179
fre 2740 5436 87 179 179
fre 2844 5436 103 179 179
fre 2828 5420 101 179 179
fre 2868 5428 110 179 179
fre 2876 5436 89 179 179
fre 2916 5420 112 179 179
tree 3000 5416 43 0 179
tree 2984 5416 48 0 179
fre 3012 5420 255 179 179
tree 3032 5416 44 0 179
tree 3128 5416 44 0 179
fre 3148 5428 260 179 179
tree 3144 5416 34 0 179
fre 3196 5412 99 179 179
cliff 3184 5408 48 179 179
fre 3228 5428 7 179 179
fre 3284 5420 7 179 179
fre 3396 5436 3 179 179
fre 3452 5420 7 179 179
stand 3608 5432 323 0 179
tree 3608 5416 45 0 179
stand 3960 5416 451 0 179
stand 4024 5432 424 0 179
zabor 4144 5424 104 2 8
dom 4192 5408 258 0 179
fre 4308 5412 227 179 179
stand 4616 5432 262 0 179
zabor 4656 5424 104 2 8
cliff 5232 5424 2 179 179
cliff 5296 5408 5 179 179
fre 5372 5428 258 179 179
fre 5420 5420 256 179 179
fre 5452 5420 258 179 179
cliff 5952 5408 44 179 179
fre 5996 5420 7 179 179
fre 6076 5436 13 179 179
fre 6268 5420 3 179 179
fre 6484 5412 256 179 179
fre 6508 5436 256 179 179
fre 6636 5428 256 179 179
fre 6684 5420 257 179 179
fre 6692 5420 258 179 179
fre 6796 5428 255 179 179
fre 6916 5420 259 179 179
tree 7656 5432 64 0 179
fre 7676 5412 258 179 179
trop 7924 5436 92 179 179
fre 2148 5468 13 179 179
fre 2364 5468 13 179 179
fre 2508 5452 14 179 179
fre 2572 5452 13 179 179
cliff 2624 5440 12 179 179
fre 2716 5460 256 179 179
fre 2780 5452 87 179 179
fre 2844 5468 87 179 179
fre 2892 5444 87 179 179
tree 3016 5448 54 0 179
tree 3048 5464 43 0 179
tree 3048 5448 44 0 179
fre 3076 5468 260 179 179
cliff 3184 5440 21 179 179
cliff 3200 5456 26 179 179
fre 3260 5460 7 179 179
fre 3996 5460 22 179 179
dom 4000 5440 265 0 179
fre 4060 5452 205 179 179
zabor 4144 5456 105 2 8
zabor 4176 5456 105 2 8
fre 4444 5452 3 179 179
tree 4520 5448 47 0 179
tree 4520 5464 40 0 179
stand 4616 5464 262 0 179
zabor 4656 5456 104 2 8
cliff 5216 5456 7 179 179
cliff 5808 5456 45 179 179
cliff 5824 5456 49 179 179
cliff 5856 5456 51 179 179
cliff 5888 5456 52 179 179
cliff 5936 5440 38 179 179
fre 5956 5452 13 179 179
fre 6148 5444 4 179 179
fre 6220 5452 6 179 179
fre 6380 5452 12 179 179
cliff 6416 5440 60 179 179
fre 6572 5444 255 179 179
fre 6692 5444 259 179 179
fre 6772 5452 259 179 179
fre 6892 5452 255 179 179
fre 7028 5444 258 179 179
fre 7044 5468 256 179 179
fre 7084 5444 256 179 179
fre 7140 5444 259 179 179
stand 7816 5464 146 0 179
trop 7892 5468 137 179 179
trop 7940 5468 92 179 179
trop 7964 5452 92 179 179
stand 8024 5464 144 0 179
trop 436 5476 70 179 179
trop 468 5476 70 179 179
fre 1988 5476 14 179 179
fre 2044 5476 14 179 179
fre 2108 5500 14 179 179
fre 2268 5484 13 179 179
fre 2420 5484 12 179 179
cliff 2624 5472 15 179 179
fre 2716 5500 254 179 179
tree 2696 5480 35 0 179
fre 2964 5484 87 179 179
fre 2980 5476 89 179 179
fre 3052 5476 260 179 179
tree 3048 5480 45 0 179
fre 3124 5484 102 179 179
fre 3156 5476 260 179 179
cliff 3216 5472 21 179 179
cliff 3232 5488 24 179 179
fre 3292 5484 7 179 179
fre 3372 5476 3 179 179
fre 3468 5492 5 179 179
stand 4024 5496 133 0 179
stand 4024 5480 424 0 179
fre 4132 5476 205 179 179
zabor 4144 5488 104 2 8
stand 4168 5496 262 0 179
trop 4268 5500 16 179 179
fre 4332 5476 32 179 179
stand 4328 5480 34 0 179
fre 4508 5484 6 179 179
stand 4504 5480 34 0 179
fre 4612 5492 13 179 179
stand 4616 5496 262 0 179
zabor 4656 5488 104 2 8
cliff 5120 5488 54 179 179
cliff 5184 5472 2 179 179
fre 5316 5484 259 179 179
fre 5404 5476 259 179 179
cliff 5808 5472 46 179 179
fre 5852 5484 14 179 179
fre 6212 5484 6 179 179
fre 6324 5476 13 179 179
tree 6360 5496 55 0 179
fre 6396 5500 5 179 179
fre 6548 5476 259 179 179
fre 6884 5492 256 179 179
fre 7052 5476 259 179 179
tree 7608 5496 79 0 179
tree 7624 5480 34 0 179
tree 7624 5496 97 0 179
trop 7732 5484 187 179 179
trop 7748 5484 14 179 179
trop 7892 5492 105 179 179
trop 7932 5500 105 179 179
trop 7964 5492 137 179 179
fre 2052 5516 14 179 179
fre 2452 5532 13 179 179
fre 2564 5508 13 179 179
cliff 2624 5504 15 179 179
tree 2648 5512 67 0 179
tree 2696 5512 55 0 179
fre 2812 5524 260 179 179
tree 2808 5512 55 0 179
fre 2820 5532 24 179 179
tree 2824 5528 67 0 179
tree 2824 5512 43 0 179
fre 2964 5508 24 179 179
fre 3028 5524 87 179 179
fre 3124 5508 89 179 179
fre 3132 5508 87 179 179
tree 3192 5512 45 0 179
tree 3176 5512 43 0 179
cliff 3248 5504 23 179 179
cliff 3264 5520 27 179 179
fre 3356 5524 3 179 179
fre 3476 5524 5 179 179
stand 3592 5512 432 0 179
fre 3956 5532 32 179 179
trop 4092 5516 14 179 179
zabor 4144 5520 105 2 8
stand 4168 5528 262 0 179
tree 4600 5528 74 0 179
stand 4616 5528 262 0 179
tree 4616 5512 76 0 179
zabor 4656 5520 104 2 8
cliff 5104 5520 2 179 179
cliff 5168 5504 6 179 179
fre 5268 5524 259 179 179
fre 5748 5532 256 179 179
cliff 5808 5504 46 179 179
tree 5960 5512 52 0 179
fre 6004 5516 5 179 179
fre 6100 5508 14 179 179
fre 6164 5508 6 179 179
fre 6444 5508 6 179 179
fre 6548 5516 256 179 179
tree 6744 5528 79 0 179
fre 6948 5508 259 179 179
fre 6964 5508 255 179 179
fre 7020 5516 257 179 179
tree 7576 5512 17 0 179
tree 7592 5512 90 0 179
trop 7924 5532 137 179 179
trop 436 5556 70 179 179
trop 468 5540 70 179 179
fre 2132 5548 13 179 179
fre 2172 5540 13 179 179
fre 2252 5564 13 179 179
fre 2348 5540 13 179 179
fre 2396 5564 14 179 179
fre 2380 5556 13 179 179
fre 2532 5540 13 179 179
cliff 2640 5552 10 179 179
tree 2680 5544 48 0 179
fre 2708 5564 258 179 179
fre 2828 5540 258 179 179
fre 2876 5548 87 179 179
fre 2940 5556 258 179 179
fre 3076 5564 89 179 179
fre 3148 5548 87 179 179
fre 3188 5548 258 179 179
tree 3192 5544 40 0 179
tree 3208 5544 36 0 179
cliff 3280 5536 20 179 179
cliff 3296 5536 16 179 179
cliff 3328 5552 24 179 179
fre 3396 5540 4 179 179
fre 3436 5564 4 179 179
fre 3532 5556 260 179 179
stand 3608 5544 459 0 179
stand 3672 5544 459 0 179
stand 3736 5544 459 0 179
stand 3800 5544 459 0 179
stand 3864 5544 459 0 179
stand 3912 5544 446 0 179
stand 4008 5560 405 0 179
stand 4024 5560 390 0 179
fre 4060 5548 212 179 179
trop 4100 5564 24 179 179
zabor 4144 5552 104 2 8
stand 4184 5544 261 0 179
zabor 4176 5552 105 2 8
stand 4216 5544 261 0 179
zabor 4208 5552 105 2 8
tree 4200 5544 76 0 179
stand 4248 5544 261 0 179
zabor 4240 5552 104 2 8
tree 4232 5544 76 0 179
stand 4280 5544 261 0 179
zabor 4272 5552 105 2 8
stand 4312 5544 261 0 179
zabor 4304 5552 105 2 8
stand 4344 5544 261 0 179
zabor 4336 5552 104 2 8
stand 4376 5544 261 0 179
zabor 4368 5552 104 2 8
stand 4408 5544 261 0 179
zabor 4400 5552 104 2 8
stand 4440 5544 261 0 179
zabor 4432 5552 105 2 8
stand 4472 5544 261 0 179
zabor 4464 5552 104 2 8
stand 4504 5544 261 0 179
zabor 4496 5552 104 2 8
tree 4520 5560 55 0 179
stand 4536 5544 261 0 179
zabor 4528 5552 104 2 8
fre 4548 5556 5 179 179
stand 4568 5544 261 0 179
zabor 4560 5552 105 2 8
stand 4600 5544 261 0 179
zabor 4592 5552 104 2 8
zabor 4624 5552 105 2 8
zabor 4656 5552 104 2 8
fre 4684 5548 13 179 179
fre 4780 5540 13 179 179
fre 4860 5548 12 179 179
tree 4920 5560 53 0 179
fre 4948 5548 5 179 179
fre 5028 5548 3 179 179
cliff 5072 5536 15 179 179
fre 5276 5564 256 179 179
cliff 5808 5536 48 179 179
fre 5828 5540 7 179 179
fre 5908 5540 13 179 179
tree 6184 5560 53 0 179
fre 6284 5540 14 179 179
fre 6372 5540 4 179 179
fre 6452 5564 13 179 179
fre 6868 5548 257 179 179
tree 7448 5560 102 0 179
tree 7432 5560 25 0 179
tree 7480 5544 76 0 179
tree 7464 5544 62 0 179
tree 7496 5544 89 0 179
trop 7884 5564 137 179 179
trop 7908 5556 92 179 179
trop 7932 5548 103 179 179
trop 7972 5556 105 179 179
fre 2180 5596 12 179 179
cliff 2448 5584 54 179 179
cliff 2480 5584 17 179 179
cliff 2512 5584 16 179 179
cliff 2544 5584 16 179 179
cliff 2608 5568 1 179 179
fre 2732 5588 259 179 179
fre 2884 5572 107 179 179
fre 2932 5580 260 179 179
tree 2936 5576 43 0 179
tree 2920 5592 54 0 179
tree 2952 5576 44 0 179
fre 3020 5588 89 179 179
fre 3020 5572 87 179 179
fre 3100 5572 24 179 179
fre 3148 5588 89 179 179
fre 3228 5580 259 179 179
tree 3208 5576 44 0 179
tree 3272 5576 44 0 179
tree 3304 5592 35 0 179
cliff 3344 5568 19 179 179
cliff 3360 5568 17 179 179
cliff 3392 5584 25 179 179
fre 3516 5580 259 179 179
fre 3644 5596 87 179 179
fre 4172 5572 214 179 179
fre 4628 5572 6 179 179
fre 4764 5588 12 179 179
fre 4820 5596 7 179 179
cliff 5040 5584 64 179 179
cliff 5088 5584 6 179 179
fre 5172 5588 256 179 179
fre 5212 5596 258 179 179
fre 5388 5596 257 179 179
fre 5732 5588 258 179 179
fre 5748 5572 259 179 179
cliff 5808 5568 47 179 179
fre 5852 5588 14 179 179
fre 5996 5588 3 179 179
fre 6068 5580 7 179 179
fre 6124 5572 7 179 179
fre 6212 5572 5 179 179
fre 6332 5588 3 179 179
fre 6396 5588 12 179 179
fre 6500 5588 7 179 179
tree 6632 5576 66 0 179
tree 7144 5576 79 0 179
tree 7352 5576 89 0 179
tree 7352 5592 1 0 179
tree 7368 5576 106 0 179
trop 7476 5596 184 179 179
trop 7620 5580 188 179 179
trop 7652 5572 180 179 179
trop 7876 5588 92 179 179
trop 7924 5588 92 179 179
trop 7972 5580 92 179 179
trop 7980 5580 137 179 179
trop 468 5620 70 179 179
fre 2148 5604 14 179 179
fre 2348 5612 13 179 179
cliff 2432 5616 2 179 179
tree 2440 5608 67 0 179
cliff 2592 5600 6 179 179
tree 2648 5608 44 0 179
tree 2648 5624 43 0 179
fre 2684 5628 256 179 179
fre 2820 5612 259 179 179
tree 2856 5608 44 0 179
fre 2948 5604 258 179 179
tree 2952 5608 44 0 179
fre 2980 5612 259 179 179
tree 2984 5608 67 0 179
fre 3060 5620 87 179 179
fre 3100 5628 87 179 179
fre 3156 5604 89 179 179
tree 3208 5624 42 0 179
fre 3324 5620 89 179 179
tree 3352 5624 36 0 179
cliff 3408 5600 19 179 179
cliff 3424 5600 54 179 179
cliff 3440 5616 62 179 179
fre 3476 5604 260 179 179
fre 3556 5612 259 179 179
fre 3628 5620 59 179 179
fre 3620 5628 87 179 179
fre 3636 5620 87 179 179
fre 3644 5612 87 179 179
tree 3656 5608 66 0 179
tree 3672 5624 67 0 179
fre 3660 5604 87 179 179
stand 3720 5608 443 0 179
fre 3804 5620 247 179 179
stand 3816 5608 443 0 179
tree 4216 5608 67 0 179
tree 4280 5608 73 0 179
tree 4312 5608 67 0 179
tree 4440 5608 44 0 179
cliff 4528 5600 17 179 179
tree 4520 5608 76 0 179
cliff 4560 5600 16 179 179
tree 4552 5624 67 0 179
tree 4568 5608 73 0 179
cliff 4592 5600 17 179 179
cliff 4624 5616 26 179 179
fre 4716 5628 13 179 179
fre 4900 5620 13 179 179
fre 4996 5628 13 179 179
cliff 5056 5600 0 179 179
fre 5700 5620 255 179 179
cliff 5808 5600 23 179 179
cliff 5824 5616 24 179 179
fre 5940 5620 12 179 179
fre 6036 5628 6 179 179
fre 6284 5628 7 179 179
fre 6340 5612 12 179 179
fre 6436 5604 13 179 179
tree 6728 5608 3 0 179
tree 7000 5624 89 0 179
trop 7660 5628 185 179 179
stand 7816 5624 144 0 179
trop 7964 5604 92 179 179
trop 7996 5628 92 179 179
stand 8024 5608 132 0 179
stand 8024 5624 133 0 179
trop 436 5636 70 179 179
fre 2196 5660 12 179 179
fre 2244 5636 14 179 179
cliff 2400 5632 13 179 179
tree 2488 5656 42 0 179
tree 2552 5656 44 0 179
tree 2632 5656 45 0 179
tree 2648 5640 46 0 179
tree 2648 5656 47 0 179
fre 2748 5644 258 179 179
fre 2796 5660 256 179 179
tree 2792 5656 28 0 179
cliff 2896 5632 28 179 179
cliff 2880 5632 45 179 179
cliff 2912 5648 35 179 179
tree 2952 5640 35 0 179
tree 3000 5656 44 0 179
tree 2984 5640 43 0 179
fre 3028 5652 260 179 179
fre 3020 5636 252 179 179
tree 3016 5656 48 0 179
fre 3044 5660 255 179 179
tree 3080 5656 43 0 179
fre 3228 5652 88 179 179
fre 3212 5636 88 179 179
fre 3212 5644 88 179 179
tree 3240 5640 44 0 179
fre 3252 5652 88 179 179
tree 3288 5640 40 0 179
fre 3268 5652 88 179 179
fre 3292 5644 260 179 179
fre 3332 5636 109 179 179
tree 3400 5656 46 0 179
tree 3416 5656 54 0 179
tree 3432 5656 47 0 179
fre 3540 5644 88 179 179
fre 3556 5652 88 179 179
fre 3604 5644 48 179 179
fre 3644 5636 59 179 179
fre 3628 5644 87 179 179
cliff 3680 5648 58 179 179
tree 3720 5656 50 0 179
stand 3752 5656 292 0 179
tree 3912 5656 42 0 179
tree 3944 5656 45 0 179
stand 3944 5656 292 0 179
fre 4236 5660 94 179 179
fre 4244 5660 87 179 179
fre 4380 5652 87 179 179
stand 4360 5656 324 0 179
fre 4396 5660 94 179 179
fre 4396 5652 94 179 179
fre 4508 5644 94 179 179
stand 4504 5656 292 0 179
fre 4532 5660 94 179 179
fre 4516 5644 87 179 179
fre 4604 5660 94 179 179
fre 4596 5660 94 179 179
fre 4620 5660 88 179 179
cliff 4640 5632 22 179 179
cliff 4656 5648 26 179 179
cliff 4784 5648 3 179 179
cliff 4800 5632 27 179 179
cliff 4816 5648 23 179 179
cliff 4848 5648 62 179 179
cliff 4832 5648 54 179 179
fre 4956 5636 7 179 179
fre 4988 5652 7 179 179
fre 5228 5636 258 179 179
fre 5252 5636 256 179 179
fre 5684 5652 256 179 179
fre 5780 5644 256 179 179
cliff 5840 5632 21 179 179
cliff 5856 5648 27 179 179
fre 5892 5652 12 179 179
fre 6100 5652 7 179 179
fre 6172 5644 13 179 179
fre 6244 5652 4 179 179
fre 6356 5636 4 179 179
fre 6404 5644 3 179 179
tree 7336 5656 45 0 179
tree 7336 5640 36 0 179
tree 7560 5656 17 0 179
tree 7608 5656 89 0 179
trop 7748 5644 14 179 179
fre 2348 5668 13 179 179
cliff 2400 5664 15 179 179
tree 2488 5672 44 0 179
tree 2472 5688 40 0 179
fre 2548 5684 259 179 179
fre 2644 5692 256 179 179
fre 2772 5692 260 179 179
tree 2808 5672 44 0 179
cliff 2832 5680 44 179 179
cliff 2864 5664 42 179 179
fre 2884 5684 7 179 179
cliff 2928 5664 52 179 179
cliff 2960 5664 32 179 179
cliff 2976 5680 35 179 179
tree 3016 5672 37 0 179
fre 3076 5684 253 179 179
tree 3080 5688 45 0 179
fre 3228 5676 89 179 179
fre 3212 5676 87 179 179
fre 3284 5676 89 179 179
fre 3276 5692 87 179 179
fre 3268 5668 88 179 179
fre 3308 5676 88 179 179
fre 3340 5692 89 179 179
fre 3380 5676 255 179 179
fre 3388 5684 259 179 179
tree 3432 5672 49 0 179
tree 3480 5688 45 0 179
tree 3480 5672 28 0 179
fre 3548 5668 87 179 179
fre 3556 5668 87 179 179
fre 3596 5684 259 179 179
fre 3676 5692 89 179 179
tree 3672 5688 54 0 179
tree 3704 5688 48 0 179
tree 3688 5688 36 0 179
tree 3720 5672 45 0 179
fre 3724 5668 251 179 179
tree 3768 5688 49 0 179
tree 3752 5688 43 0 179
fre 3748 5692 254 179 179
fre 3788 5692 88 179 179
tree 3912 5688 44 0 179
fre 4260 5668 94 179 179
fre 4268 5684 94 179 179
fre 4260 5684 87 179 179
fre 4284 5692 49 179 179
tree 4296 5672 33 0 179
tree 4328 5672 40 0 179
fre 4380 5668 87 179 179
fre 4388 5668 94 179 179
fre 4388 5676 260 179 179
fre 4404 5668 135 179 179
fre 4428 5684 163 179 179
fre 4516 5676 87 179 179
fre 4524 5668 87 179 179
fre 4516 5668 141 179 179
fre 4532 5684 142 179 179
fre 4556 5684 94 179 179
tree 4568 5672 73 0 179
fre 4588 5676 94 179 179
fre 4588 5668 94 179 179
fre 4612 5668 89 179 179
fre 4652 5684 109 179 179
fre 4644 5668 90 179 179
cliff 4672 5664 19 179 179
cliff 4688 5664 54 179 179
cliff 4720 5664 17 179 179
cliff 4768 5680 10 179 179
cliff 4864 5664 25 179 179
fre 4980 5676 6 179 179
fre 5036 5692 7 179 179
fre 5140 5668 255 179 179
fre 5156 5668 255 179 179
fre 5692 5684 258 179 179
fre 5740 5684 256 179 179
fre 5788 5684 259 179 179
cliff 5872 5664 47 179 179
fre 5980 5684 13 179 179
fre 6284 5668 3 179 179
fre 6340 5692 14 179 179
tree 6648 5688 80 0 179
tree 6680 5688 84 0 179
tree 7256 5672 88 0 179
tree 7480 5672 21 0 179
tree 7464 5688 21 0 179
tree 7512 5672 91 0 179
tree 7496 5672 23 0 179
tree 7672 5672 68 0 179
trop 436 5716 70 179 179
trop 468 5700 70 179 179
fre 2268 5700 12 179 179
fre 2244 5716 12 179 179
cliff 2400 5696 12 179 179
fre 2508 5716 258 179 179
fre 2708 5708 259 179 179
tree 2760 5720 44 0 179
tree 2760 5704 42 0 179
tree 2776 5720 37 0 179
tree 2792 5704 44 0 179
cliff 2832 5696 53 179 179
fre 2892 5700 13 179 179
fre 2956 5716 7 179 179
cliff 2992 5696 49 179 179
fre 3004 5724 6 179 179
cliff 3024 5696 29 179 179
cliff 3040 5712 36 179 179
tree 3112 5720 43 0 179
fre 3236 5700 24 179 179
fre 3292 5724 89 179 179
fre 3324 5708 122 179 179
fre 3356 5716 88 179 179
fre 3348 5716 88 179 179
fre 3340 5700 88 179 179
fre 3420 5724 89 179 179
fre 3404 5700 88 179 179
fre 3404 5716 87 179 179
fre 3428 5708 88 179 179
fre 3436 5724 88 179 179
tree 3432 5704 36 0 179
fre 3428 5716 87 179 179
fre 3452 5700 87 179 179
fre 3444 5708 89 179 179
fre 3460 5700 32 179 179
fre 3508 5716 255 179 179
tree 3528 5704 44 0 179
fre 3636 5708 87 179 179
fre 3668 5700 88 179 179
fre 3652 5716 88 179 179
fre 3652 5708 87 179 179
fre 3692 5708 99 179 179
fre 3732 5716 88 179 179
fre 3724 5708 68 179 179
fre 3756 5700 87 179 179
fre 3892 5700 87 179 179
fre 3908 5708 87 179 179
fre 3908 5716 87 179 179
fre 4260 5700 165 179 179
fre 4284 5708 87 179 179
fre 4300 5716 94 179 179
fre 4316 5716 117 179 179
fre 4300 5708 87 179 179
fre 4316 5700 87 179 179
fre 4324 5700 255 179 179
fre 4332 5724 166 179 179
fre 4404 5716 166 179 179
fre 4388 5708 89 179 179
fre 4420 5708 169 179 179
fre 4588 5708 87 179 179
fre 4612 5700 255 179 179
fre 4668 5724 254 179 179
fre 4644 5724 260 179 179
fre 5140 5700 259 179 179
fre 5844 5724 258 179 179
cliff 5872 5696 23 179 179
cliff 5888 5696 18 179 179
cliff 5920 5712 24 179 179
fre 6044 5700 12 179 179
tree 6088 5720 56 0 179
fre 6124 5724 5 179 179
fre 6212 5708 3 179 179
tree 6680 5704 77 0 179
trop 7404 5716 183 179 179
stand 7912 5704 13 0 179
tree 8024 5720 61 0 179
fre 2348 5748 13 179 179
cliff 2400 5728 12 179 179
fre 2508 5748 258 179 179
fre 2556 5740 259 179 179
fre 2548 5756 257 179 179
fre 2660 5756 257 179 179
fre 2732 5748 257 179 179
cliff 2816 5744 37 179 179
fre 2852 5748 13 179 179
cliff 3056 5728 31 179 179
cliff 3072 5744 36 179 179
fre 3140 5732 255 179 179
tree 3144 5736 44 0 179
tree 3160 5736 47 0 179
fre 3220 5732 89 179 179
fre 3444 5756 87 179 179
fre 3588 5748 32 179 179
fre 3620 5740 260 179 179
fre 3636 5732 260 179 179
fre 3652 5740 258 179 179
tree 3704 5736 40 0 179
fre 3972 5756 257 179 179
fre 4356 5740 164 179 179
fre 4364 5732 168 179 179
fre 4692 5756 259 179 179
fre 4924 5740 255 179 179
fre 4948 5748 259 179 179
fre 5116 5748 260 179 179
fre 5660 5732 259 179 179
cliff 5936 5728 23 179 179
cliff 5952 5728 54 179 179
cliff 5984 5728 62 179 179
cliff 6016 5744 24 179 179
fre 6148 5756 3 179 179
fre 6220 5756 12 179 179
fre 6284 5732 13 179 179
tree 6568 5736 62 0 179
tree 6728 5752 67 0 179
tree 6760 5736 87 0 179
tree 6920 5736 88 0 179
tree 7064 5752 81 0 179
tree 7320 5736 38 0 179
tree 7320 5752 39 0 179
tree 7448 5736 67 0 179
tree 7432 5736 61 0 179
tree 7432 5752 92 0 179
fre 7548 5756 22 179 179
dom 7520 5728 449 0 179
tree 7672 5752 44 0 179
tree 7672 5736 42 0 179
tree 7656 5752 7 0 179
dom 7872 5728 506 0 179
trop 436 5780 70 179 179
trop 468 5780 70 179 179
fre 2292 5764 13 179 179
cliff 2400 5760 13 179 179
cliff 2416 5760 64 179 179
fre 2644 5772 255 179 179
fre 2676 5788 256 179 179
cliff 2736 5760 49 179 179
cliff 2768 5760 50 179 179
fre 2772 5780 6 179 179
fre 2820 5788 7 179 179
fre 2948 5772 3 179 179
fre 3036 5764 6 179 179
cliff 3088 5760 52 179 179
cliff 3120 5760 30 179 179
cliff 3136 5776 33 179 179
tree 3192 5784 46 0 179
fre 3204 5764 260 179 179
tree 3224 5784 48 0 179
tree 3224 5768 40 0 179
fre 3252 5788 258 179 179
fre 3380 5764 89 179 179
fre 3364 5764 87 179 179
fre 3396 5764 87 179 179
fre 3516 5764 26 179 179
fre 3540 5764 23 179 179
fre 3636 5788 30 179 179
fre 3692 5772 259 179 179
fre 4756 5772 255 179 179
fre 4828 5780 256 179 179
fre 5004 5772 260 179 179
fre 5020 5772 260 179 179
fre 5068 5772 259 179 179
fre 5580 5772 256 179 179
fre 5684 5788 256 179 179
fre 5732 5788 258 179 179
fre 5772 5764 259 179 179
tree 6472 5768 3 0 179
tree 7112 5768 84 0 179
fre 2276 5804 14 179 179
fre 2380 5804 12 179 179
fre 2572 5812 258 179 179
fre 2628 5804 258 179 179
tree 2744 5816 56 0 179
cliff 2736 5792 115 179 179
fre 2772 5812 5 179 179
fre 2764 5796 6 179 179
fre 2780 5820 7 179 179
fre 2900 5812 6 179 179
fre 3076 5796 7 179 179
fre 3108 5796 6 179 179
cliff 3152 5792 31 179 179
cliff 3168 5808 34 179 179
tree 3240 5816 45 0 179
fre 3396 5812 24 179 179
fre 3476 5812 87 179 179
fre 3468 5804 87 179 179
fre 3468 5796 87 179 179
fre 3460 5796 87 179 179
tree 3496 5800 44 0 179
tree 3512 5800 41 0 179
fre 3492 5820 87 179 179
fre 3532 5804 49 179 179
fre 3572 5804 260 179 179
tree 3576 5800 47 0 179
fre 3572 5812 32 179 179
tree 3576 5816 41 0 179
fre 3604 5804 260 179 179
tree 3688 5800 43 0 179
tree 3704 5800 48 0 179
tree 3688 5816 37 0 179
fre 3700 5812 87 179 179
fre 3716 5812 89 179 179
most 4064 5792 36 0 179
fre 4380 5812 87 179 179
fre 4388 5820 133 179 179
fre 4396 5820 145 179 179
fre 4428 5804 94 179 179
fre 4428 5812 87 179 179
fre 4428 5820 87 179 179
fre 4452 5820 89 179 179
fre 4476 5796 87 179 179
fre 4452 5804 87 179 179
fre 4484 5796 94 179 179
fre 4492 5796 89 179 179
fre 4516 5804 89 179 179
fre 4868 5804 257 179 179
fre 4892 5812 258 179 179
fre 4868 5796 256 179 179
fre 5612 5820 258 179 179
fre 5644 5804 260 179 179
fre 6172 5796 13 179 179
tree 6264 5800 84 0 179
tree 6488 5816 57 0 179
tree 6728 5816 80 0 179
tree 7288 5816 80 0 179
tree 7416 5800 54 0 179
stand 7496 5816 275 0 179
stand 7608 5816 277 0 179
trop 7748 5804 14 179 179
stand 7848 5816 125 0 179
fre 7892 5796 23 179 179
stand 7928 5816 143 0 179
stand 7912 5816 130 0 179
stand 7912 5800 131 0 179
fre 2324 5836 13 179 179
fre 2508 5828 256 179 179
tree 2536 5832 40 0 179
cliff 2704 5840 88 179 179
tree 2712 5848 67 0 179
cliff 2720 5824 113 179 179
fre 2860 5852 13 179 179
tree 2968 5832 55 0 179
fre 2996 5828 5 179 179
fre 3076 5852 3 179 179
fre 3148 5836 6 179 179
cliff 3184 5840 13 179 179
cliff 3184 5824 31 179 179
tree 3256 5832 49 0 179
fre 3260 5852 87 179 179
fre 3252 5852 87 179 179
fre 3276 5844 260 179 179
tree 3352 5848 44 0 179
tree 3336 5832 7 0 179
fre 3340 5852 89 179 179
fre 3388 5828 89 179 179
fre 3404 5828 87 179 179
fre 3460 5852 106 179 179
fre 3476 5828 87 179 179
fre 3532 5836 89 179 179
fre 3564 5852 87 179 179
tree 3608 5832 44 0 179
tree 3592 5848 46 0 179
tree 3608 5848 37 0 179
tree 3592 5832 28 0 179
fre 3636 5836 256 179 179
fre 3628 5828 88 179 179
fre 3676 5828 259 179 179
fre 3700 5852 88 179 179
tree 3880 5848 52 0 179
fre 3884 5828 87 179 179
fre 3908 5836 87 179 179
fre 4404 5844 87 179 179
fre 4396 5852 87 179 179
fre 4436 5836 259 179 179
fre 4444 5836 87 179 179
fre 4420 5828 89 179 179
fre 4452 5836 87 179 179
fre 4468 5828 259 179 179
fre 4484 5836 89 179 179
fre 4484 5852 89 179 179
fre 4524 5828 87 179 179
fre 4540 5828 112 179 179
fre 4516 5828 109 179 179
fre 5676 5852 259 179 179
tree 5912 5832 59 0 179
tree 5896 5848 58 0 179
tree 6344 5832 57 0 179
tree 7256 5832 27 0 179
tree 7240 5848 50 0 179
tree 7272 5832 46 0 179
trop 7364 5836 187 179 179
tree 7432 5848 44 0 179
tree 7688 5832 1 0 179
stand 7928 5848 144 0 179
stand 7928 5832 133 0 179
stand 7912 5848 132 0 179
stand 7944 5848 147 0 179
stand 7944 5832 148 0 179
trop 436 5860 70 179 179
trop 468 5860 70 179 179
fre 2356 5876 14 179 179
fre 2396 5868 14 179 179
fre 2508 5884 256 179 179
fre 2540 5876 255 179 179
fre 2596 5868 259 179 179
fre 2668 5884 7 179 179
cliff 2736 5856 62 179 179
fre 2964 5884 3 179 179
fre 3164 5884 6 179 179
cliff 3200 5872 34 179 179
fre 3260 5860 77 179 179
fre 3268 5884 87 179 179
fre 3340 5868 89 179 179
fre 3484 5884 87 179 179
fre 3492 5876 89 179 179
fre 3532 5876 87 179 179
fre 3644 5876 89 179 179
fre 3660 5876 88 179 179
tree 3672 5864 37 0 179
tree 3688 5864 47 0 179
fre 3868 5868 87 179 179
fre 3892 5868 256 179 179
tree 3896 5864 46 0 179
fre 3884 5876 87 179 179
fre 3884 5884 87 179 179
fre 3908 5884 87 179 179
fre 3908 5860 87 179 179
fre 4396 5868 94 179 179
fre 4396 5860 94 179 179
fre 4412 5876 87 179 179
fre 4420 5868 87 179 179
fre 4420 5876 110 179 179
fre 4452 5868 87 179 179
fre 4868 5868 259 179 179
fre 4924 5860 253 179 179
fre 5300 5860 259 179 179
cliff 5344 5872 121 179 179
cliff 5360 5856 30 179 179
cliff 5344 5856 45 179 179
cliff 5376 5872 34 179 179
fre 5436 5860 255 179 179
fre 5516 5876 259 179 179
fre 5548 5884 256 179 179
tree 6776 5880 1 0 179
tree 7240 5880 78 0 179
trop 7348 5876 181 179 179
trop 7356 5868 187 179 179
tree 7416 5880 104 0 179
tree 7432 5864 56 0 179
stand 7848 5880 195 1 179
fre 2500 5908 259 179 179
fre 2540 5916 258 179 179
tree 2632 5896 35 0 179
tree 2648 5896 36 0 179
tree 2632 5912 37 0 179
fre 2684 5900 6 179 179
fre 2900 5900 6 179 179
fre 3012 5916 13 179 179
fre 3116 5900 4 179 179
cliff 3216 5904 11 179 179
cliff 3216 5888 31 179 179
fre 3300 5900 256 179 179
tree 3304 5912 43 0 179
fre 3332 5908 49 179 179
fre 3348 5916 257 179 179
fre 3484 5916 87 179 179
fre 3500 5916 87 179 179
fre 3556 5892 89 179 179
fre 3604 5892 87 179 179
fre 3908 5892 87 179 179
cliff 5296 5904 45 179 179
cliff 5328 5888 43 179 179
fre 5356 5900 12 179 179
cliff 5392 5888 52 179 179
cliff 5424 5888 28 179 179
cliff 5440 5904 35 179 179
fre 5636 5892 260 179 179
tree 6056 5896 65 0 179
tree 6168 5896 60 0 179
tree 6328 5912 61 0 179
tree 6920 5896 65 0 179
tree 7096 5912 23 0 179
tree 7080 5912 20 0 179
tree 7128 5896 71 0 179
tree 7112 5912 105 0 179
tree 7144 5896 42 0 179
trop 7348 5916 181 179 179
dom 7520 5888 448 0 179
fre 7556 5916 23 179 179
tree 7688 5912 7 0 179
stand 7816 5896 186 0 179
stand 7864 5912 198 1 179
stand 7848 5912 192 1 179
stand 7848 5896 192 1 179
stand 7912 5912 201 0 179
trop 436 5940 70 179 179
trop 468 5940 70 179 179
tree 2408 5944 45 0 179
tree 2424 5928 40 0 179
fre 2436 5932 256 179 179
fre 2596 5940 255 179 179
fre 2740 5948 14 179 179
fre 2812 5948 14 179 179
fre 2900 5948 14 179 179
fre 3100 5932 13 179 179
fre 3172 5948 7 179 179
cliff 3216 5936 14 179 179
tree 3272 5928 54 0 179
tree 3272 5944 41 0 179
tree 3304 5944 44 0 179
fre 3340 5948 258 179 179
fre 3516 5924 87 179 179
fre 3548 5924 24 179 179
fre 3596 5924 87 179 179
cliff 5280 5936 37 179 179
fre 5332 5932 13 179 179
fre 5396 5932 14 179 179
cliff 5456 5920 52 179 179
cliff 5488 5920 29 179 179
cliff 5504 5936 33 179 179
fre 5580 5932 255 179 179
fre 5620 5948 257 179 179
fre 5644 5940 258 179 179
tree 5768 5928 89 0 179
tree 5880 5944 60 0 179
tree 5896 5928 61 0 179
tree 6264 5944 58 0 179
tree 6296 5944 59 0 179
tree 6328 5944 44 0 179
tree 6632 5928 61 0 179
tree 6696 5928 60 0 179
tree 7032 5944 31 0 179
tree 7016 5944 46 0 179
trop 7244 5940 188 179 179
tree 7416 5928 104 0 179
tree 7416 5944 60 0 179
tree 7688 5928 43 0 179
zabor 8016 5936 112 2 9
fre 2524 5964 255 179 179
tree 2552 5976 44 0 179
tree 2536 5960 42 0 179
fre 2596 5972 259 179 179
fre 2644 5980 256 179 179
fre 2980 5980 13 179 179
fre 3164 5972 13 179 179
cliff 3216 5968 14 179 179
tree 3288 5960 47 0 179
fre 3308 5956 87 179 179
tree 3464 5976 28 0 179
fre 3484 5956 87 179 179
fre 3476 5956 87 179 179
fre 5196 5956 259 179 179
cliff 5248 5952 44 179 179
fre 5292 5972 6 179 179
fre 5436 5964 13 179 179
fre 5500 5972 14 179 179
cliff 5520 5952 50 179 179
cliff 5552 5952 30 179 179
cliff 5568 5968 35 179 179
tree 6440 5960 60 0 179
tree 6440 5976 45 0 179
tree 6488 5960 3 0 179
tree 6472 5976 42 0 179
tree 6760 5960 59 0 179
trop 7108 5956 184 179 179
trop 7324 5972 185 179 179
trop 7388 5956 182 179 179
tree 7432 5976 38 0 179
tree 7480 5976 47 0 179
tree 7512 5976 21 0 179
tree 7496 5976 25 0 179
tree 7576 5976 87 0 179
tree 7560 5976 80 0 179
tree 7624 5976 52 0 179
stand 7704 5976 227 0 179
stand 7688 5976 403 0 179
trop 7748 5956 14 179 179
stand 7816 5960 196 1 179
fre 7884 5964 22 179 179
stand 7928 5976 196 1 179
zabor 7984 5968 112 2 9
zabor 8016 5968 105 2 8
stand 8024 5960 208 0 179
zabor 8048 5968 112 2 9
tree 2616 6008 45 0 179
tree 2616 5992 47 0 179
tree 2600 5992 42 0 179
fre 2668 5996 255 179 179
fre 2804 5988 14 179 179
fre 2876 5988 13 179 179
fre 3068 5996 13 179 179
cliff 3216 6000 11 179 179
fre 3316 6012 49 179 179
fre 3316 5988 260 179 179
fre 3452 5988 32 179 179
tree 3464 5992 45 0 179
tree 3480 5992 49 0 179
tree 3464 6008 41 0 179
tree 3608 6008 7 0 179
fre 3620 5988 89 179 179
tree 3704 6008 56 0 179
fre 3740 6012 87 179 179
fre 3724 5988 87 179 179
fre 4572 5996 260 179 179
fre 4644 6012 258 179 179
fre 4668 6012 256 179 179
cliff 5200 6000 45 179 179
tree 5224 5992 55 0 179
cliff 5232 5984 43 179 179
fre 5268 5996 5 179 179
fre 5380 6004 13 179 179
fre 5556 6012 12 179 179
cliff 5584 5984 30 179 179
cliff 5600 6000 36 179 179
tree 6024 5992 66 0 179
tree 6456 5992 36 0 179
tree 6568 6008 1 0 179
tree 6968 6008 95 0 179
tree 6984 5992 1 0 179
tree 7256 6008 12 0 179
tree 7240 6008 91 0 179
tree 7288 6008 73 0 179
tree 7272 6008 72 0 179
tree 7672 5992 66 0 179
stand 7688 6008 105 0 179
stand 7816 5992 200 0 179
stand 7912 5992 185 0 179
zabor 8016 6000 104 2 8
stand 8024 5992 208 0 179
zabor 8048 6000 104 2 8
trop 436 6020 70 179 179
trop 468 6020 70 179 179
tree 2616 6040 46 0 179
tree 2600 6024 43 0 179
fre 2676 6036 258 179 179
fre 2772 6020 6 179 179
fre 2844 6044 12 179 179
fre 2924 6020 13 179 179
fre 3164 6020 13 179 179
cliff 3216 6032 15 179 179
fre 3316 6044 256 179 179
fre 3348 6036 87 179 179
fre 3404 6044 87 179 179
fre 3396 6028 87 179 179
fre 3404 6036 87 179 179
fre 3444 6036 255 179 179
tree 3432 6040 88 0 179
fre 3444 6044 87 179 179
fre 3460 6036 87 179 179
fre 3500 6020 89 179 179
fre 3548 6036 30 179 179
fre 3588 6028 48 179 179
tree 3592 6024 50 0 179
tree 3592 6040 55 0 179
tree 3608 6024 40 0 179
fre 3620 6020 251 179 179
fre 3620 6036 253 179 179
tree 3640 6024 49 0 179
tree 3624 6024 51 0 179
tree 3624 6040 46 0 179
tree 3672 6024 45 0 179
tree 3656 6024 42 0 179
fre 3708 6028 255 179 179
tree 3704 6040 54 0 179
tree 3688 6024 41 0 179
tree 3720 6024 45 0 179
fre 3740 6028 87 179 179
fre 3748 6028 88 179 179
fre 3868 6028 87 179 179
tree 3880 6024 37 0 179
tree 3896 6024 56 0 179
tree 3912 6024 44 0 179
tree 3928 6024 43 0 179
fre 3940 6020 87 179 179
fre 4300 6044 255 179 179
fre 4540 6028 255 179 179
fre 5124 6036 256 179 179
cliff 5200 6016 19 179 179
cliff 5216 6032 27 179 179
fre 5252 6044 7 179 179
fre 5324 6028 6 179 179
fre 5580 6044 14 179 179
cliff 5616 6016 29 179 179
cliff 5632 6032 35 179 179
tree 5832 6024 3 0 179
tree 6184 6024 89 0 179
tree 6280 6040 24 0 179
tree 6296 6024 37 0 179
tree 6280 6024 39 0 179
tree 6968 6024 62 0 179
tree 6952 6040 14 0 179
tree 7160 6024 89 0 179
tree 7160 6040 7 0 179
tree 7224 6024 51 0 179
tree 7208 6024 37 0 179
tree 7352 6040 79 0 179
tree 7336 6024 104 0 179
trop 7444 6028 189 179 179
trop 7556 6028 180 179 179
trop 7652 6028 180 179 179
stand 7848 6024 196 1 179
stand 7928 6024 198 1 179
zabor 8016 6032 112 2 9
zabor 8048 6032 112 2 9
tree 2664 6056 44 0 179
tree 2664 6072 49 0 179
fre 2716 6052 256 179 179
fre 2796 6052 7 179 179
fre 2964 6068 13 179 179
fre 3044 6052 14 179 179
cliff 3216 6064 15 179 179
tree 3336 6056 45 0 179
fre 3332 6076 87 179 179
fre 3444 6052 260 179 179
fre 3444 6076 87 179 179
fre 3484 6060 260 179 179
fre 3484 6068 87 179 179
fre 3548 6060 87 179 179
fre 3524 6052 87 179 179
fre 3548 6068 87 179 179
tree 3576 6072 55 0 179
tree 3576 6056 40 0 179
fre 3604 6068 250 179 179
tree 3592 6056 45 0 179
tree 3608 6056 48 0 179
tree 3624 6056 40 0 179
fre 3804 6052 87 179 179
fre 3820 6060 87 179 179
stand 3944 6056 452 0 179
fre 4652 6076 260 179 179
fre 4676 6068 255 179 179
fre 4828 6068 258 179 179
fre 4868 6068 256 179 179
fre 5164 6060 258 179 179
fre 5180 6068 260 179 179
cliff 5232 6048 47 179 179
fre 5276 6068 7 179 179
fre 5428 6052 13 179 179
fre 5500 6052 13 179 179
cliff 5648 6048 31 179 179
cliff 5664 6064 33 179 179
tree 6280 6056 44 0 179
tree 6280 6072 43 0 179
fre 6372 6052 22 179 179
tree 6376 6056 44 0 179
tree 6952 6056 75 0 179
trop 7036 6076 183 179 179
tree 7400 6056 85 0 179
zabor 7984 6064 104 2 8
zabor 8016 6064 104 2 8
stand 8008 6072 208 0 179
stand 8024 6056 208 0 179
zabor 8048 6064 104 2 8
trop 436 6092 70 179 179
trop 468 6092 70 179 179
fre 2748 6100 258 179 179
fre 2876 6100 14 179 179
fre 3084 6100 13 179 179
fre 3164 6092 13 179 179
cliff 3216 6096 11 179 179
fre 3316 6100 256 179 179
fre 3380 6100 87 179 179
fre 3412 6092 242 179 179
fre 3396 6100 87 179 179
fre 3452 6092 87 179 179
fre 3484 6084 87 179 179
fre 3476 6092 89 179 179
fre 3540 6100 89 179 179
fre 3540 6084 89 179 179
fre 3532 6100 89 179 179
fre 3564 6108 253 179 179
fre 3564 6100 256 179 179
tree 3592 6088 46 0 179
stand 3768 6088 454 0 179
fre 4652 6100 257 179 179
tree 4648 6088 44 0 179
fre 4756 6108 258 179 179
fre 4772 6100 255 179 179
fre 4860 6100 256 179 179
fre 4900 6084 255 179 179
cliff 5232 6080 21 179 179
cliff 5248 6096 27 179 179
fre 5340 6108 14 179 179
fre 5412 6108 6 179 179
fre 5628 6108 13 179 179
cliff 5680 6096 14 179 179
cliff 5680 6080 28 179 179
tree 6488 6104 44 0 179
tree 6520 6104 88 0 179
tree 6520 6088 45 0 179
tree 6504 6104 43 0 179
tree 7096 6104 1 0 179
fre 7180 6092 23 179 179
tree 7480 6104 98 0 179
tree 7464 6104 17 0 179
tree 7608 6104 28 0 179
tree 7672 6104 35 0 179
stand 7688 6088 223 0 179
trop 7748 6108 14 179 179
stand 7800 6088 223 0 179
zabor 8016 6096 105 2 8
stand 8008 6104 207 0 179
zabor 8048 6096 105 2 8
stand 8056 6104 208 0 179
fre 3012 6140 13 179 179
cliff 3216 6128 14 179 179
fre 3380 6124 87 179 179
fre 3412 6132 260 179 179
fre 3404 6124 87 179 179
fre 3436 6132 87 179 179
fre 3532 6116 89 179 179
fre 3540 6116 87 179 179
fre 3548 6132 87 179 179
fre 3580 6132 260 179 179
stand 3672 6120 445 0 179
trop 4092 6124 14 179 179
stand 4328 6120 443 0 179
stand 4424 6120 443 0 179
stand 4520 6120 443 0 179
stand 4600 6120 442 0 179
fre 4692 6116 260 179 179
fre 5012 6132 256 179 179
fre 5196 6116 256 179 179
cliff 5264 6112 22 179 179
cliff 5280 6112 18 179 179
cliff 5312 6128 27 179 179
fre 5468 6132 14 179 179
fre 5524 6116 14 179 179
cliff 5680 6128 12 179 179
tree 5816 6120 60 0 179
tree 5976 6120 58 0 179
tree 6008 6120 59 0 179
tree 6216 6136 75 0 179
tree 6280 6120 45 0 179
tree 6728 6136 60 0 179
tree 6744 6136 72 0 179
tree 6792 6136 60 0 179
tree 6952 6136 18 0 179
tree 7080 6120 57 0 179
tree 7080 6136 3 0 179
tree 7512 6120 58 0 179
tree 7496 6120 8 0 179
stand 7704 6120 213 0 179
stand 7704 6136 210 0 179
stand 7784 6120 213 0 179
stand 7784 6136 210 0 179
zabor 7984 6128 112 2 9
zabor 8016 6128 113 2 9
zabor 8048 6128 112 2 9
trop 436 6164 70 179 179
trop 468 6164 70 179 179
fre 2828 6148 7 179 179
fre 2924 6156 13 179 179
fre 3092 6172 12 179 179
fre 3164 6148 13 179 179
cliff 3216 6160 15 179 179
fre 3412 6164 260 179 179
fre 3516 6164 87 179 179
fre 3588 6172 260 179 179
fre 4708 6164 256 179 179
fre 4860 6148 259 179 179
fre 4964 6148 258 179 179
fre 5004 6148 255 179 179
fre 5084 6148 256 179 179
cliff 5328 6144 48 179 179
fre 5372 6164 14 179 179
fre 5572 6172 13 179 179
cliff 5680 6160 12 179 179
tree 5832 6168 57 0 179
tree 6120 6168 3 0 179
tree 6328 6168 80 0 179
tree 6312 6168 38 0 179
tree 6376 6168 79 0 179
tree 6728 6152 93 0 179
tree 6856 6168 102 0 179
tree 7208 6168 55 0 179
tree 7400 6152 51 0 179
tree 7416 6152 45 0 179
stand 7848 6152 205 0 179
stand 7880 6152 207 0 179
zabor 7952 6160 105 2 8
zabor 7984 6160 105 2 8
stand 7976 6152 208 0 179
zabor 8016 6160 105 2 8
zabor 8048 6160 112 2 9
fre 2884 6204 12 179 179
cliff 3216 6192 14 179 179
fre 3316 6180 256 179 179
fre 3364 6196 257 179 179
fre 3444 6196 258 179 179
stand 3672 6200 444 0 179
fre 4708 6196 256 179 179
fre 4804 6204 258 179 179
cliff 4880 6192 45 179 179
cliff 4896 6192 50 179 179
cliff 4928 6192 52 179 179
cliff 4960 6192 49 179 179
cliff 4992 6192 49 179 179
cliff 5024 6192 49 179 179
cliff 5056 6192 32 179 179
fre 5156 6196 255 179 179
fre 5172 6204 255 179 179
fre 5188 6204 259 179 179
fre 5244 6180 259 179 179
cliff 5312 6192 120 179 179
cliff 5328 6176 53 179 179
fre 5484 6180 13 179 179
fre 5628 6188 13 179 179
cliff 5680 6192 11 179 179
tree 5944 6200 1 0 179
tree 6392 6200 44 0 179
tree 6440 6184 58 0 179
tree 6472 6200 3 0 179
fre 6796 6188 14 179 179
fre 6820 6196 14 179 179
tree 6872 6184 0 0 179
tree 6904 6200 74 0 179
tree 6888 6184 97 0 179
trop 6996 6180 181 179 179
fre 7268 6196 13 179 179
fre 7356 6196 13 179 179
tree 7672 6200 88 0 179
tree 7672 6184 14 0 179
stand 7816 6200 209 0 179
zabor 7920 6192 113 2 9
zabor 7984 6192 104 2 8
zabor 8016 6192 104 2 8
stand 8008 6184 209 0 179
zabor 8048 6192 112 2 9
fre 2836 6236 4 179 179
fre 2932 6236 13 179 179
fre 2996 6220 14 179 179
fre 3052 6212 12 179 179
fre 3164 6220 13 179 179
cliff 3216 6224 15 179 179
fre 3332 6236 255 179 179
fre 3444 6236 260 179 179
fre 3516 6220 258 179 179
fre 4724 6228 255 179 179
fre 4828 6236 256 179 179
cliff 4880 6208 53 179 179
fre 4924 6220 14 179 179
fre 4900 6236 12 179 179
fre 4988 6228 7 179 179
fre 5036 6228 7 179 179
cliff 5072 6208 33 179 179
cliff 5088 6224 50 179 179
fre 5260 6220 257 179 179
cliff 5312 6224 38 179 179
fre 5348 6220 14 179 179
fre 5420 6236 7 179 179
cliff 5696 6224 36 179 179
tree 6472 6216 1 0 179
tree 6552 6232 59 0 179
tree 6744 6216 67 0 179
tree 6744 6232 101 0 179
fre 6772 6212 7 179 179
fre 6788 6228 6 179 179
fre 6852 6220 14 179 179
fre 7132 6236 6 179 179
fre 7164 6228 14 179 179
tree 7304 6232 43 0 179
tree 7368 6216 70 0 179
fre 7436 6220 14 179 179
tree 7672 6232 80 0 179
tree 7672 6216 66 0 179
zabor 7824 6224 112 2 9
zabor 7888 6224 112 2 9
zabor 7920 6224 104 2 8
zabor 7952 6224 112 2 9
zabor 7984 6224 105 2 8
zabor 8016 6224 113 2 9
trop 436 6244 70 179 179
trop 468 6244 70 179 179
fre 3116 6260 13 179 179
fre 3164 6244 13 179 179
cliff 3216 6256 11 179 179
fre 3316 6260 258 179 179
fre 3404 6260 256 179 179
fre 3444 6268 259 179 179
fre 3492 6252 260 179 179
fre 3580 6244 87 179 179
stand 4680 6248 291 0 179
tree 4696 6264 44 0 179
fre 4708 6268 256 179 179
fre 4740 6268 253 179 179
fre 4788 6252 258 179 179
cliff 4880 6240 46 179 179
fre 5012 6244 12 179 179
fre 5084 6244 6 179 179
fre 5116 6268 14 179 179
cliff 5120 6240 124 179 179
cliff 5152 6256 122 179 179
cliff 5184 6256 123 179 179
cliff 5216 6256 124 179 179
cliff 5248 6256 111 179 179
cliff 5264 6240 51 179 179
fre 5292 6268 14 179 179
fre 5380 6268 12 179 179
fre 5500 6252 14 179 179
fre 5572 6244 14 179 179
fre 5668 6252 12 179 179
cliff 5712 6256 12 179 179
cliff 5712 6240 29 179 179
tree 5848 6248 61 0 179
tree 6200 6264 83 0 179
fre 6868 6244 14 179 179
fre 6908 6260 6 179 179
tree 6952 6264 53 0 179
tree 7176 6264 65 0 179
tree 7224 6264 44 0 179
cliff 7216 6240 17 179 179
cliff 7248 6240 54 179 179
cliff 7280 6240 54 179 179
tree 7304 6264 67 0 179
tree 7320 6248 73 0 179
cliff 7312 6240 17 179 179
tree 7336 6248 42 0 179
cliff 7344 6240 54 179 179
cliff 7376 6240 18 179 179
tree 7400 6248 75 0 179
tree 7416 6264 67 0 179
cliff 7408 6256 26 179 179
fre 7476 6244 12 179 179
tree 7672 6264 25 0 179
trop 7748 6268 14 179 179
zabor 7824 6256 104 2 8
stand 7816 6264 208 0 179
zabor 7856 6256 113 2 9
zabor 7888 6256 105 2 8
zabor 7920 6256 105 2 8
stand 7928 6248 209 0 179
stand 7912 6264 208 0 179
zabor 7952 6256 112 2 9
zabor 7984 6256 105 2 8
stand 7992 6264 208 0 179
zabor 8016 6256 104 2 8
fre 2868 6300 3 179 179
fre 2892 6276 12 179 179
fre 3004 6292 13 179 179
fre 3092 6292 13 179 179
fre 3116 6276 12 179 179
cliff 3184 6288 16 179 179
fre 3548 6276 259 179 179
fre 3604 6292 257 179 179
trop 4092 6284 14 179 179
fre 4700 6284 256 179 179
tree 4696 6296 45 0 179
fre 4820 6284 255 179 179
fre 4860 6300 254 179 179
cliff 4880 6272 21 179 179
cliff 4896 6272 17 179 179
cliff 4928 6288 27 179 179
fre 4956 6276 12 179 179
fre 5188 6292 12 179 179
fre 5244 6284 14 179 179
fre 5460 6300 6 179 179
fre 5548 6300 14 179 179
fre 5604 6300 13 179 179
cliff 5728 6288 36 179 179
tree 6184 6280 80 0 179
fre 6876 6276 14 179 179
fre 6860 6284 14 179 179
fre 6900 6284 6 179 179
tree 6952 6296 43 0 179
tree 6952 6280 102 0 179
trop 6996 6292 181 179 179
fre 7108 6276 7 179 179
tree 7176 6296 45 0 179
cliff 7184 6288 2 179 179
cliff 7200 6272 0 179 179
tree 7240 6296 67 0 179
cliff 7440 6272 16 179 179
cliff 7424 6272 22 179 179
cliff 7472 6288 26 179 179
zabor 7824 6288 104 2 8
stand 7832 6296 208 0 179
zabor 7856 6288 104 2 8
stand 7848 6296 207 0 179
zabor 7888 6288 112 2 9
zabor 7920 6288 105 2 8
stand 7912 6296 209 0 179
zabor 7952 6288 113 2 9
zabor 7984 6288 113 2 9
zabor 8016 6288 113 2 9
trop 436 6324 70 179 179
trop 468 6324 70 179 179
fre 2940 6332 12 179 179
fre 3092 6308 12 179 179
cliff 3168 6320 3 179 179
cliff 3232 6304 7 179 179
stand 3672 6328 433 0 179
stand 4680 6328 299 0 179
tree 4888 6328 45 0 179
cliff 4944 6304 46 179 179
fre 5004 6324 13 179 179
fre 5068 6308 12 179 179
fre 5156 6316 14 179 179
fre 5324 6332 13 179 179
fre 5684 6316 14 179 179
cliff 5744 6320 14 179 179
cliff 5744 6304 29 179 179
tree 5992 6328 58 0 179
tree 6696 6312 1 0 179
cliff 6816 6304 61 179 179
fre 6900 6316 7 179 179
tree 7048 6328 55 0 179
tree 7064 6312 61 0 179
tree 7144 6312 50 0 179
cliff 7152 6304 14 179 179
tree 7176 6328 67 0 179
fre 7508 6308 12 179 179
cliff 7488 6304 46 179 179
tree 7576 6312 44 0 179
tree 7672 6328 24 0 179
zabor 7824 6320 112 2 9
zabor 7856 6320 105 2 8
zabor 7888 6320 112 2 9
zabor 7920 6320 113 2 9
zabor 7952 6320 112 2 9
zabor 7984 6320 104 2 8
stand 7976 6328 208 0 179
zabor 8016 6320 105 2 8
fre 2916 6348 14 179 179
cliff 3008 6336 54 179 179
cliff 3040 6336 17 179 179
cliff 3072 6336 16 179 179
cliff 3104 6336 18 179 179
cliff 3152 6352 10 179 179
fre 4908 6356 260 179 179
tree 4904 6360 43 0 179
cliff 4944 6336 46 179 179
fre 5148 6356 14 179 179
fre 5244 6348 14 179 179
tree 5384 6344 51 0 179
fre 5412 6340 5 179 179
cliff 5760 6352 34 179 179
tree 6152 6360 61 0 179
fre 6868 6356 7 179 179
cliff 6864 6352 115 179 179
tree 6936 6344 54 0 179
tree 6936 6360 62 0 179
fre 7108 6340 7 179 179
cliff 7152 6336 15 179 179
cliff 7504 6352 25 179 179
cliff 7488 6336 19 179 179
tree 7528 6360 66 0 179
fre 7548 6364 6 179 179
tree 7672 6344 42 0 179
stand 7768 6360 155 0 179
stand 7784 6360 153 0 179
zabor 7920 6352 105 2 8
zabor 7952 6352 104 2 8
stand 7944 6344 208 0 179
zabor 7984 6352 104 2 8
tree 2856 6392 51 0 179
fre 2908 6380 12 179 179
fre 2892 6388 5 179 179
cliff 3008 6368 58 179 179
fre 4684 6396 256 179 179
fre 4820 6380 256 179 179
fre 4804 6380 253 179 179
fre 4844 6396 257 179 179
fre 4836 6380 258 179 179
cliff 4944 6368 48 179 179
fre 4988 6380 14 179 179
fre 5084 6380 6 179 179
fre 5332 6396 12 179 179
fre 5492 6372 13 179 179
fre 5500 6380 13 179 179
fre 5572 6380 13 179 179
fre 5652 6380 14 179 179
fre 5724 6372 14 179 179
cliff 5776 6368 49 179 179
fre 5772 6396 12 179 179
cliff 5808 6384 11 179 179
cliff 5808 6368 30 179 179
tree 6008 6376 57 0 179
tree 6072 6392 3 0 179
tree 6312 6392 57 0 179
tree 6392 6376 60 0 179
tree 6536 6376 61 0 179
cliff 6848 6368 120 179 179
fre 6908 6388 7 179 179
trop 6996 6388 181 179 179
tree 7064 6376 50 0 179
fre 7100 6388 6 179 179
cliff 7152 6368 14 179 179
tree 7528 6376 67 0 179
cliff 7536 6384 24 179 179
cliff 7520 6368 20 179 179
zabor 7952 6384 112 2 9
trop 436 6404 70 179 179
trop 468 6404 70 179 179
stand 3816 6408 431 0 179
stand 4472 6424 307 0 179
stand 4568 6408 292 0 179
stand 4600 6408 298 0 179
tree 4712 6424 44 0 179
cliff 4944 6400 47 179 179
fre 4972 6420 12 179 179
fre 5068 6420 7 179 179
tree 5144 6408 50 0 179
fre 5180 6412 5 179 179
fre 5260 6420 13 179 179
fre 5388 6428 7 179 179
fre 5412 6404 13 179 179
fre 5612 6412 13 179 179
fre 5764 6420 12 179 179
cliff 5808 6416 13 179 179
tree 5880 6424 2 0 179
cliff 6704 6416 31 179 179
cliff 6688 6416 44 179 179
fre 6868 6428 7 179 179
cliff 6848 6400 53 179 179
tree 7064 6424 43 0 179
tree 7080 6424 48 0 179
tree 7080 6408 44 0 179
cliff 7152 6400 14 179 179
cliff 7552 6400 47 179 179
trop 7748 6428 14 179 179
trop 4092 6444 14 179 179
fre 4732 6460 255 179 179
fre 4828 6436 260 179 179
fre 4852 6452 256 179 179
fre 4868 6460 259 179 179
cliff 4944 6432 53 179 179
fre 5028 6444 12 179 179
fre 5124 6460 6 179 179
fre 5164 6460 14 179 179
fre 5324 6444 12 179 179
fre 5476 6436 13 179 179
cliff 5536 6432 16 179 179
cliff 5568 6448 27 179 179
fre 5660 6452 13 179 179
fre 5708 6444 14 179 179
fre 5732 6444 12 179 179
tree 6312 6456 2 0 179
tree 6344 6456 1 0 179
cliff 6672 6448 37 179 179
cliff 6736 6448 32 179 179
cliff 6720 6432 33 179 179
cliff 6848 6432 46 179 179
fre 6916 6452 7 179 179
tree 6968 6440 100 0 179
tree 6968 6456 10 0 179
fre 7100 6452 12 179 179
cliff 7152 6432 12 179 179
tree 7352 6456 52 0 179
tree 7384 6440 54 0 179
tree 7384 6456 41 0 179
cliff 7568 6448 26 179 179
cliff 7552 6432 19 179 179
fre 7588 6436 6 179 179
tree 7640 6456 67 0 179
tree 7624 6456 51 0 179
tree 7640 6440 50 0 179
trop 436 6484 70 179 179
trop 468 6484 70 179 179
fre 4724 6468 258 179 179
fre 4756 6484 257 179 179
cliff 4944 6464 48 179 179
fre 4972 6484 12 179 179
fre 5444 6484 14 179 179
fre 5516 6492 6 179 179
cliff 5584 6464 19 179 179
cliff 5600 6480 27 179 179
cliff 5792 6480 1 179 179
cliff 5824 6464 8 179 179
cliff 6576 6464 45 179 179
cliff 6592 6464 49 179 179
cliff 6624 6464 50 179 179
fre 6684 6484 7 179 179
fre 6700 6468 7 179 179
fre 6732 6492 6 179 179
cliff 6768 6480 52 179 179
cliff 6752 6464 36 179 179
cliff 6800 6480 50 179 179
cliff 6848 6480 39 179 179
tree 6968 6472 11 0 179
tree 6968 6488 81 0 179
trop 6996 6492 181 179 179
cliff 7152 6464 15 179 179
tree 7368 6488 43 0 179
tree 7384 6472 44 0 179
fre 7372 6476 259 179 179
cliff 7584 6464 53 179 179
stand 3880 6504 444 0 179
stand 4456 6520 291 0 179
fre 4764 6508 258 179 179
fre 4828 6508 258 179 179
fre 4892 6516 256 179 179
cliff 4944 6496 46 179 179
fre 4972 6516 12 179 179
fre 5076 6516 13 179 179
fre 5100 6500 14 179 179
fre 5132 6508 12 179 179
fre 5220 6500 13 179 179
fre 5284 6500 14 179 179
fre 5340 6524 13 179 179
fre 5372 6516 13 179 179
cliff 5616 6496 23 179 179
cliff 5632 6496 17 179 179
cliff 5664 6496 16 179 179
cliff 5696 6496 17 179 179
cliff 5728 6496 18 179 179
cliff 5776 6512 8 179 179
tree 6040 6520 65 0 179
tree 6152 6504 88 0 179
cliff 6512 6512 51 179 179
cliff 6496 6512 44 179 179
fre 6588 6500 6 179 179
cliff 6560 6496 42 179 179
fre 6604 6500 7 179 179
fre 6652 6500 7 179 179
fre 6780 6508 14 179 179
fre 6836 6516 13 179 179
fre 6876 6508 6 179 179
fre 6916 6516 7 179 179
tree 6952 6504 90 0 179
tree 6952 6520 70 0 179
fre 7108 6508 7 179 179
cliff 7152 6496 12 179 179
tree 7352 6504 45 0 179
fre 7364 6500 256 179 179
tree 7464 6520 41 0 179
fre 7612 6508 6 179 179
cliff 7584 6512 27 179 179
cliff 7584 6496 47 179 179
trop 436 6556 70 179 179
trop 468 6548 70 179 179
tree 4600 6536 44 0 179
fre 4620 6540 255 179 179
tree 4856 6552 44 0 179
fre 4900 6548 256 179 179
cliff 4944 6528 47 179 179
fre 5004 6532 13 179 179
cliff 5152 6544 0 179 179
cliff 5168 6528 26 179 179
cliff 5184 6544 21 179 179
cliff 5200 6544 16 179 179
cliff 5232 6544 16 179 179
cliff 5248 6544 62 179 179
fre 5500 6540 6 179 179
fre 5572 6548 7 179 179
tree 6280 6552 60 0 179
fre 6516 6556 7 179 179
cliff 6496 6528 53 179 179
fre 6548 6532 6 179 179
fre 6700 6556 14 179 179
tree 6792 6552 21 0 179
tree 6888 6552 33 0 179
tree 7144 6536 51 0 179
tree 7144 6552 43 0 179
cliff 7152 6528 15 179 179
tree 7352 6536 76 0 179
tree 7432 6536 41 0 179
fre 7436 6540 256 179 179
tree 7464 6552 47 0 179
tree 7464 6536 44 0 179
cliff 7600 6544 97 179 179
fre 7636 6556 7 179 179
stand 4424 6584 322 0 179
fre 4620 6588 255 179 179
fre 4644 6572 259 179 179
fre 4684 6588 258 179 179
fre 4780 6564 256 179 179
cliff 4944 6560 22 179 179
cliff 4960 6560 54 179 179
cliff 4992 6560 17 179 179
cliff 5024 6560 54 179 179
cliff 5056 6560 18 179 179
cliff 5088 6560 17 179 179
cliff 5136 6576 6 179 179
tree 5192 6568 67 0 179
fre 5396 6564 14 179 179
tree 5416 6568 52 0 179
fre 5452 6572 5 179 179
fre 5500 6572 7 179 179
fre 5588 6564 14 179 179
tree 5944 6568 60 0 179
tree 6504 6584 53 0 179
cliff 6496 6560 53 179 179
fre 6620 6580 3 179 179
tree 6744 6568 87 0 179
tree 6744 6584 102 0 179
tree 6808 6568 38 0 179
tree 6856 6568 81 0 179
tree 6872 6568 100 0 179
tree 6920 6568 27 0 179
tree 7096 6568 54 0 179
fre 7132 6564 6 179 179
tree 7176 6584 75 0 179
cliff 7168 6560 36 179 179
cliff 7184 6576 32 179 179
tree 7400 6568 55 0 179
tree 7400 6584 43 0 179
fre 7412 6572 259 179 179
tree 7448 6568 74 0 179
cliff 7616 6560 46 179 179
trop 7748 6588 14 179 179
stand 3880 6600 444 0 179
trop 4092 6604 14 179 179
tree 4344 6616 69 0 179
fre 4540 6604 256 179 179
fre 4668 6612 258 179 179
fre 4740 6596 258 179 179
tree 4744 6616 41 0 179
fre 4876 6612 257 179 179
tree 5208 6616 102 0 179
tree 5288 6616 71 0 179
fre 5500 6604 13 179 179
fre 5580 6604 14 179 179
fre 5676 6596 13 179 179
tree 5944 6600 61 0 179
cliff 6384 6592 45 179 179
cliff 6384 6608 53 179 179
tree 6408 6616 87 0 179
cliff 6400 6592 49 179 179
fre 6452 6612 6 179 179
cliff 6432 6592 52 179 179
cliff 6464 6592 52 179 179
fre 6540 6596 5 179 179
tree 6680 6616 69 0 179
trop 6996 6596 181 179 179
cliff 7184 6592 14 179 179
tree 7400 6600 44 0 179
cliff 7616 6592 48 179 179
tree 7672 6600 61 0 179
trop 436 6636 70 179 179
trop 468 6628 70 179 179
fre 4540 6652 259 179 179
cliff 4576 6624 124 179 179
tree 4584 6632 71 0 179
fre 4708 6636 259 179 179
fre 4772 6628 257 179 179
fre 4804 6644 255 179 179
fre 4932 6628 258 179 179
fre 5420 6628 13 179 179
tree 5688 6648 84 0 179
tree 5752 6632 2 0 179
tree 5784 6632 3 0 179
tree 5912 6632 59 0 179
tree 6152 6632 5 0 179
tree 6168 6648 40 0 179
tree 6216 6648 57 0 179
tree 6232 6648 81 0 179
cliff 6384 6640 47 179 179
tree 6408 6632 105 0 179
fre 6404 6628 7 179 179
fre 6492 6652 3 179 179
fre 6628 6636 3 179 179
fre 7140 6628 7 179 179
cliff 7184 6624 14 179 179
fre 7636 6636 7 179 179
cliff 7616 6624 47 179 179
tree 3496 6664 88 0 179
cliff 3568 6672 65 179 179
cliff 4640 6672 60 179 179
fre 4732 6676 258 179 179
fre 4884 6660 259 179 179
tree 4920 6680 66 0 179
tree 5160 6664 59 0 179
tree 5176 6680 42 0 179
tree 5192 6664 57 0 179
tree 5544 6664 67 0 179
tree 5800 6680 1 0 179
cliff 6384 6672 26 179 179
fre 6572 6660 6 179 179
tree 6648 6680 50 0 179
tree 7048 6664 52 0 179
tree 7064 6664 79 0 179
fre 7132 6676 6 179 179
cliff 7184 6656 12 179 179
cliff 7616 6656 48 179 179
tree 7672 6680 19 0 179
trop 436 6716 70 179 179
trop 468 6708 70 179 179
stand 3880 6696 444 0 179
fre 4780 6692 255 179 179
tree 5048 6696 60 0 179
tree 5304 6696 1 0 179
tree 6136 6712 45 0 179
tree 6120 6696 28 0 179
fre 6180 6716 4 179 179
fre 6204 6692 3 179 179
cliff 6400 6688 21 179 179
cliff 6416 6704 27 179 179
fre 6436 6692 6 179 179
fre 6540 6692 6 179 179
tree 6600 6712 21 0 179
tree 6648 6712 75 0 179
tree 6632 6696 95 0 179
tree 6920 6696 10 0 179
trop 6996 6708 181 179 179
tree 7064 6696 67 0 179
tree 7048 6712 51 0 179
fre 7132 6700 14 179 179
cliff 7184 6688 14 179 179
cliff 7600 6704 38 179 179
fre 7628 6708 6 179 179
tree 3496 6728 6 0 179
tree 3496 6744 51 0 179
fre 4564 6724 256 179 179
fre 4548 6732 256 179 179
fre 4612 6732 259 179 179
stand 4632 6744 453 0 179
fre 4676 6748 256 179 179
tree 4728 6728 89 0 179
tree 4712 6728 47 0 179
tree 4808 6728 45 0 179
tree 4824 6728 42 0 179
tree 4904 6728 44 0 179
tree 5016 6728 61 0 179
tree 5000 6744 44 0 179
tree 5048 6728 3 0 179
tree 5032 6744 42 0 179
tree 5480 6728 108 0 179
tree 5976 6744 87 0 179
fre 6148 6748 4 179 179
tree 6264 6744 54 0 179
fre 6244 6740 4 179 179
cliff 6256 6720 65 179 179
cliff 6288 6736 100 179 179
cliff 6272 6720 100 179 179
cliff 6432 6736 125 179 179
fre 6500 6724 6 179 179
tree 6616 6744 55 0 179
tree 6616 6728 104 0 179
tree 6600 6744 26 0 179
tree 6600 6728 25 0 179
tree 7192 6728 66 0 179
cliff 7200 6720 33 179 179
cliff 7216 6736 32 179 179
cliff 7568 6736 48 179 179
cliff 7568 6720 44 179 179
fre 7612 6724 6 179 179
fre 7596 6748 6 179 179
trop 7748 6748 14 179 179
stand 3640 6776 323 0 179
trop 4092 6764 14 179 179
stand 4440 6776 323 0 179
fre 4676 6780 256 179 179
tree 4824 6760 39 0 179
tree 4808 6776 42 0 179
tree 5976 6776 80 0 179
tree 6104 6760 64 0 179
tree 6152 6760 55 0 179
fre 6196 6764 5 179 179
tree 6264 6760 102 0 179
fre 6268 6780 4 179 179
cliff 6288 6752 103 179 179
cliff 6304 6768 101 179 179
fre 6468 6764 6 179 179
tree 6520 6776 6 0 179
tree 6952 6760 75 0 179
fre 7164 6764 5 179 179
tree 7208 6776 52 0 179
tree 7224 6760 44 0 179
cliff 7216 6752 14 179 179
fre 7596 6780 6 179 179
tree 7672 6760 39 0 179
trop 436 6796 70 179 179
trop 468 6788 70 179 179
tree 3624 6792 42 0 179
tree 3624 6808 48 0 179
stand 3880 6792 444 0 179
tree 4696 6808 69 0 179
fre 4692 6788 258 179 179
tree 4840 6808 44 0 179
tree 4872 6792 44 0 179
tree 5064 6808 45 0 179
tree 5080 6808 43 0 179
tree 5080 6792 44 0 179
tree 5704 6808 89 0 179
tree 5800 6808 108 0 179
tree 5832 6808 87 0 179
tree 5976 6792 95 0 179
fre 6204 6804 7 179 179
cliff 6320 6800 29 179 179
cliff 6320 6784 36 179 179
fre 6460 6788 6 179 179
cliff 6432 6784 115 179 179
tree 6952 6808 45 0 179
tree 7064 6808 66 0 179
fre 7156 6804 7 179 179
tree 7240 6792 72 0 179
cliff 7232 6784 33 179 179
cliff 7248 6800 50 179 179
cliff 7280 6800 49 179 179
cliff 7312 6800 50 179 179
cliff 7344 6800 52 179 179
cliff 7376 6800 49 179 179
cliff 7408 6800 51 179 179
cliff 7440 6800 52 179 179
tree 7480 6808 64 0 179
cliff 7472 6800 51 179 179
tree 7512 6808 43 0 179
cliff 7504 6800 50 179 179
tree 7528 6792 45 0 179
fre 7556 6812 7 179 179
cliff 7552 6784 38 179 179
tree 7656 6792 21 0 179
tree 3576 6840 19 0 179
fre 4564 6836 258 179 179
fre 4676 6836 256 179 179
fre 4724 6836 258 179 179
tree 5320 6840 60 0 179
tree 5352 6840 59 0 179
tree 5464 6824 61 0 179
tree 5512 6840 3 0 179
tree 6168 6824 108 0 179
fre 6236 6820 6 179 179
fre 6268 6828 4 179 179
cliff 6320 6832 122 179 179
cliff 6320 6816 33 179 179
cliff 6352 6832 124 179 179
cliff 6416 6816 42 179 179
cliff 6400 6832 113 179 179
fre 6444 6820 3 179 179
fre 6756 6820 23 179 179
tree 6936 6824 16 0 179
tree 6952 6824 63 0 179
trop 6996 6820 181 179 179
fre 7212 6820 12 179 179
fre 7252 6828 12 179 179
fre 7300 6828 14 179 179
fre 7364 6836 7 179 179
fre 7412 6820 6 179 179
tree 7480 6824 54 0 179
fre 7468 6820 6 179 179
tree 7512 6824 67 0 179
fre 7524 6828 7 179 179
tree 7672 6824 35 0 179
tree 7672 6840 66 0 179
trop 436 6876 70 179 179
trop 468 6868 70 179 179
tree 3448 6872 37 0 179
tree 3464 6872 63 0 179
stand 3624 6856 432 0 179
stand 4424 6856 432 0 179
tree 4680 6856 9 0 179
tree 4680 6872 63 0 179
tree 4792 6872 61 0 179
tree 4936 6872 45 0 179
tree 4936 6856 41 0 179
tree 4952 6872 43 0 179
fre 6276 6876 6 179 179
fre 6324 6868 3 179 179
fre 6324 6860 4 179 179
fre 6380 6860 3 179 179
fre 6476 6868 7 179 179
tree 7096 6872 16 0 179
tree 7176 6856 56 0 179
tree 7304 6872 50 0 179
fre 7316 6860 6 179 179
fre 172 6884 5 179 179
cliff 224 6896 34 179 179
tree 3480 6888 93 0 179
tree 3512 6904 77 0 179
tree 3496 6888 7 0 179
tree 3576 6904 101 0 179
tree 3576 6888 88 0 179
tree 3592 6904 72 0 179
tree 3736 6888 5 0 179
tree 3768 6904 38 0 179
stand 3816 6888 446 0 179
tree 4184 6888 7 0 179
tree 4280 6904 65 0 179
tree 4264 6904 17 0 179
tree 4520 6904 36 0 179
tree 4536 6904 53 0 179
stand 4600 6888 446 0 179
tree 4632 6904 73 0 179
fre 4652 6884 258 179 179
fre 4692 6884 258 179 179
tree 5640 6904 79 0 179
tree 6248 6904 6 0 179
tree 6344 6904 54 0 179
fre 6380 6900 5 179 179
fre 6428 6908 6 179 179
fre 6420 6892 4 179 179
fre 6460 6892 6 179 179
tree 6520 6904 37 0 179
tree 6504 6904 7 0 179
tree 6936 6888 63 0 179
tree 6936 6904 104 0 179
tree 7080 6904 3 0 179
tree 7096 6888 55 0 179
tree 7304 6888 48 0 179
tree 7672 6888 38 0 179
tree 7672 6904 95 0 179
tree 7656 6904 53 0 179
trop 7748 6892 14 179 179
fre 196 6932 7 179 179
fre 236 6940 14 179 179
cliff 240 6912 49 179 179
cliff 224 6912 65 179 179
cliff 272 6912 29 179 179
cliff 288 6928 35 179 179
tree 3480 6920 38 0 179
trop 4092 6916 14 179 179
tree 4152 6920 63 0 179
trop 4180 6940 180 179 179
tree 4184 6920 75 0 179
trop 4212 6940 180 179 179
trop 4316 6940 180 179 179
tree 4408 6920 40 0 179
tree 4392 6920 25 0 179
trop 4420 6940 180 179 179
tree 4440 6920 15 0 179
trop 4524 6940 180 179 179
trop 4556 6940 180 179 179
trop 4620 6932 180 179 179
trop 4612 6940 180 179 179
tree 4776 6936 9 0 179
tree 4792 6936 27 0 179
tree 5480 6936 88 0 179
tree 6024 6936 88 0 179
tree 6136 6920 79 0 179
tree 6328 6920 102 0 179
tree 6312 6936 74 0 179
tree 6312 6920 60 0 179
trop 7044 6932 182 179 179
tree 7656 6920 98 0 179
tree 7656 6936 14 0 179
fre 132 6948 7 179 179
tree 312 6952 67 0 179
cliff 304 6960 15 179 179
cliff 304 6944 29 179 179
trop 436 6956 70 179 179
trop 468 6948 70 179 179
tree 3592 6968 47 0 179
tree 3608 6952 61 0 179
tree 3736 6968 62 0 179
stand 3720 6952 443 0 179
tree 3768 6968 104 0 179
tree 3768 6952 7 0 179
tree 3832 6968 58 0 179
stand 4536 6952 443 0 179
tree 5656 6952 80 0 179
tree 6392 6952 75 0 179
tree 6456 6952 39 0 179
tree 6472 6952 81 0 179
tree 6872 6968 17 0 179
tree 6904 6952 39 0 179
trop 7004 6948 187 179 179
tree 7112 6968 33 0 179
tree 7112 6952 15 0 179
tree 7496 6952 65 0 179
fre 164 6996 6 179 179
fre 204 6988 12 179 179
fre 252 6988 13 179 179
cliff 304 6992 13 179 179
tree 3608 7000 39 0 179
tree 3592 6984 11 0 179
tree 3752 6984 45 0 179
tree 3816 7000 39 0 179
tree 4152 7000 59 0 179
tree 4168 7000 5 0 179
tree 4216 7000 105 0 179
fre 4500 7004 261 179 179
tree 4584 7000 66 0 179
tree 4648 7000 27 0 179
tree 4664 7000 49 0 179
trop 4748 6980 185 179 179
tree 4888 6984 15 0 179
tree 4872 6984 78 0 179
tree 4968 6984 69 0 179
tree 5096 6984 33 0 179
tree 5112 6984 25 0 179
tree 5128 6984 71 0 179
tree 5192 7000 80 0 179
tree 5192 6984 65 0 179
tree 5208 6984 43 0 179
tree 5288 6984 1 0 179
tree 5928 6984 75 0 179
tree 6696 7000 19 0 179
tree 6808 6984 66 0 179
tree 6792 6984 99 0 179
tree 6840 6984 91 0 179
tree 6824 6984 103 0 179
tree 6872 6984 74 0 179
tree 6856 6984 23 0 179
stand 7032 6984 87 0 179
stand 7032 7000 87 0 179
stand 7016 6984 87 0 179
stand 7016 7000 87 0 179
trop 7020 7004 187 179 179
trop 7052 6980 182 179 179
tree 7192 7000 40 0 179
tree 7176 7000 47 0 179
tree 7256 7000 90 0 179
tree 7240 7000 12 0 179
tree 7272 6984 73 0 179
tree 7464 7000 33 0 179
tree 7480 7000 10 0 179
tree 7496 6984 50 0 179
tree 7576 7000 34 0 179
tree 7560 7000 22 0 179
tree 7608 7000 15 0 179
tree 7592 7000 4 0 179
tree 7640 6984 101 0 179
trop 7740 7004 24 179 179
trop 7756 7004 27 179 179
tree 136 7016 65 0 179
fre 180 7028 7 179 179
fre 260 7028 12 179 179
cliff 304 7024 12 179 179
trop 436 7036 70 179 179
trop 468 7028 70 179 179
tree 3896 7016 47 0 179
tree 3912 7016 5 0 179
tree 3912 7032 87 0 179
tree 3928 7032 51 0 179
tree 4152 7016 82 0 179
tree 4296 7016 78 0 179
tree 4488 7032 98 0 179
tree 4568 7016 37 0 179
tree 4568 7032 104 0 179
fre 4564 7036 260 179 179
tree 4744 7016 68 0 179
trop 4868 7036 189 179 179
trop 4988 7036 180 179 179
trop 5100 7036 180 179 179
trop 5212 7036 180 179 179
trop 5324 7036 180 179 179
trop 5436 7036 180 179 179
trop 5548 7036 180 179 179
trop 5652 7036 180 179 179
trop 5724 7036 180 179 179
trop 5828 7036 180 179 179
trop 5932 7036 180 179 179
trop 6044 7036 180 179 179
trop 6124 7036 180 179 179
trop 6220 7036 180 179 179
trop 6324 7036 180 179 179
trop 6436 7036 180 179 179
trop 6548 7036 180 179 179
trop 6660 7036 180 179 179
trop 6716 7036 180 179 179
trop 6788 7036 180 179 179
trop 6900 7036 188 179 179
trop 6892 7036 180 179 179
trop 7004 7036 180 179 179
trop 7116 7036 180 179 179
trop 7132 7028 189 179 179
trop 7220 7036 180 179 179
trop 7324 7036 180 179 179
trop 7428 7036 180 179 179
trop 7540 7036 180 179 179
trop 7668 7036 188 179 179
trop 7652 7036 180 179 179
trop 7740 7012 24 179 179
trop 7756 7012 27 179 179
fre 228 7044 14 179 179
tree 3736 7064 21 0 179
tree 3752 7064 10 0 179
tree 3816 7048 54 0 179
tree 3816 7064 105 0 179
tree 4376 7048 28 0 179
tree 4456 7064 10 0 179
tree 4472 7064 97 0 179
tree 4504 7064 44 0 179
tree 4488 7064 41 0 179
fre 4700 7052 23 179 179
trop 4860 7052 184 179 179
fre 148 7084 4 179 179
fre 212 7084 14 179 179
fre 220 7100 13 179 179
cliff 272 7072 64 179 179
tree 296 7096 67 0 179
cliff 288 7088 76 179 179
cliff 320 7072 82 179 179
tree 3656 7096 16 0 179
fre 3708 7084 22 179 179
tree 3736 7080 33 0 179
tree 3752 7080 55 0 179
tree 3912 7080 43 0 179
tree 3928 7080 57 0 179
tree 3992 7080 32 0 179
tree 3976 7080 6 0 179
trop 4092 7076 14 179 179
tree 4376 7096 45 0 179
tree 4376 7080 5 0 179
tree 4504 7096 50 0 179
tree 4568 7080 28 0 179
tree 4584 7080 99 0 179
tree 4584 7096 18 0 179
tree 4696 7080 82 0 179
tree 5064 7096 59 0 179
tree 7224 7096 34 0 179
tree 7208 7096 15 0 179
tree 7304 7096 71 0 179
trop 7676 7084 185 179 179
trop 7740 7076 24 179 179
trop 7756 7076 27 179 179
fre 172 7116 7 179 179
trop 436 7116 70 179 179
trop 468 7108 70 179 179
cliff 784 7120 44 179 179
cliff 800 7120 51 179 179
cliff 832 7120 51 179 179
cliff 864 7120 32 179 179
tree 3656 7128 89 0 179
tree 3656 7112 78 0 179
tree 3864 7112 44 0 179
tree 3848 7128 60 0 179
fre 3900 7108 22 179 179
fre 4460 7124 23 179 179
tree 4584 7112 55 0 179
tree 4584 7128 80 0 179
tree 4664 7128 70 0 179
tree 4696 7112 23 0 179
tree 4680 7128 51 0 179
tree 4712 7112 74 0 179
tree 4904 7128 60 0 179
tree 4920 7128 72 0 179
tree 4984 7112 62 0 179
tree 5048 7112 60 0 179
tree 5080 7128 77 0 179
tree 5160 7112 87 0 179
tree 5176 7112 34 0 179
tree 6776 7128 57 0 179
tree 6872 7112 79 0 179
tree 6856 7112 33 0 179
tree 6904 7112 89 0 179
tree 6888 7112 10 0 179
tree 6936 7128 26 0 179
tree 6920 7112 35 0 179
tree 6984 7112 61 0 179
tree 7064 7112 61 0 179
tree 7080 7112 87 0 179
tree 7128 7112 12 0 179
tree 7128 7128 77 0 179
tree 7144 7112 86 0 179
tree 7464 7112 50 0 179
tree 7480 7112 7 0 179
tree 7592 7112 66 0 179
tree 7640 7112 19 0 179
fre 204 7140 12 179 179
fre 260 7164 12 179 179
fre 788 7164 13 179 179
cliff 768 7152 42 179 179
fre 836 7156 14 179 179
cliff 880 7136 35 179 179
cliff 896 7152 52 179 179
cliff 928 7152 29 179 179
tree 4008 7144 63 0 179
tree 4024 7144 44 0 179
tree 4344 7144 33 0 179
tree 4360 7144 61 0 179
tree 4472 7144 89 0 179
tree 4472 7160 4 0 179
tree 4600 7144 1 0 179
tree 4888 7144 48 0 179
tree 4872 7160 59 0 179
tree 7512 7144 75 0 179
fre 252 7180 14 179 179
tree 296 7192 71 0 179
trop 436 7180 70 179 179
trop 468 7180 70 179 179
fre 732 7196 4 179 179
cliff 720 7168 52 179 179
cliff 704 7168 44 179 179
fre 892 7180 14 179 179
cliff 944 7168 35 179 179
cliff 960 7184 52 179 179
cliff 992 7184 30 179 179
tree 3672 7176 62 0 179
tree 3704 7192 83 0 179
tree 3688 7192 72 0 179
tree 3688 7176 5 0 179
tree 3976 7192 19 0 179
tree 3992 7192 80 0 179
tree 4168 7176 28 0 179
tree 4264 7176 78 0 179
tree 4472 7192 20 0 179
tree 4488 7192 65 0 179
tree 4696 7192 46 0 179
tree 4680 7192 90 0 179
trop 4788 7172 183 179 179
tree 4840 7176 1 0 179
tree 4856 7176 37 0 179
tree 7496 7176 45 0 179
fre 7604 7188 23 179 179
tree 7672 7176 21 0 179
trop 7748 7188 14 179 179
cliff 688 7216 118 179 179
fre 716 7220 4 179 179
cliff 704 7200 113 179 179
fre 828 7220 14 179 179
fre 948 7228 13 179 179
cliff 1008 7200 35 179 179
cliff 1024 7216 51 179 179
cliff 1056 7216 30 179 179
tree 3736 7224 12 0 179
tree 3736 7208 72 0 179
tree 3720 7208 106 0 179
tree 3752 7224 9 0 179
tree 3816 7224 85 0 179
tree 3880 7224 17 0 179
tree 3896 7208 7 0 179
tree 4168 7224 57 0 179
tree 4248 7208 52 0 179
tree 4264 7208 14 0 179
tree 4280 7224 2 0 179
tree 4296 7224 9 0 179
tree 4312 7208 4 0 179
tree 4408 7224 68 0 179
fre 4652 7228 22 179 179
tree 7672 7224 55 0 179
tree 7672 7208 77 0 179
trop 7748 7228 14 179 179
trop 436 7244 70 179 179
trop 468 7244 70 179 179
cliff 688 7248 119 179 179
fre 708 7260 7 179 179
fre 780 7260 4 179 179
fre 876 7260 14 179 179
fre 892 7236 14 179 179
fre 1012 7244 14 179 179
cliff 1072 7232 34 179 179
cliff 1088 7248 28 179 179
tree 3832 7256 17 0 179
tree 3816 7240 79 0 179
tree 4024 7256 4 0 179
trop 4092 7236 14 179 179
tree 4840 7256 89 0 179
tree 4856 7240 48 0 179
cliff 688 7280 120 179 179
dom 832 7264 448 0 179
fre 956 7292 12 179 179
dom 928 7264 460 0 179
fre 1052 7268 12 179 179
cliff 1104 7264 33 179 179
cliff 1120 7280 50 179 179
cliff 1152 7280 30 179 179
tree 3448 7288 25 0 179
tree 3480 7272 48 0 179
tree 3496 7272 25 0 179
tree 3496 7288 74 0 179
tree 3512 7288 89 0 179
tree 3688 7272 97 0 179
tree 3704 7272 50 0 179
tree 3704 7288 12 0 179
tree 3736 7272 41 0 179
tree 3720 7272 100 0 179
tree 4024 7272 40 0 179
tree 4008 7272 40 0 179
tree 4168 7288 45 0 179
tree 4184 7288 47 0 179
tree 4232 7288 64 0 179
tree 4232 7272 13 0 179
tree 4248 7272 14 0 179
tree 4344 7272 85 0 179
tree 4328 7272 104 0 179
tree 4328 7288 55 0 179
tree 4360 7272 63 0 179
fre 4524 7292 23 179 179
tree 4680 7288 43 0 179
tree 4696 7272 91 0 179
tree 7672 7288 25 0 179
tree 7672 7272 44 0 179
tree 168 7320 74 0 179
tree 168 7304 73 0 179
fre 244 7324 14 179 179
trop 436 7324 70 179 179
trop 468 7324 70 179 179
cliff 688 7312 118 179 179
fre 748 7316 6 179 179
fre 748 7308 5 179 179
fre 860 7300 14 179 179
fre 1020 7316 14 179 179
fre 1092 7316 13 179 179
cliff 1168 7296 33 179 179
cliff 1184 7312 30 179 179
tree 3448 7320 19 0 179
tree 3560 7304 36 0 179
tree 3592 7304 28 0 179
tree 3608 7304 25 0 179
tree 3624 7304 78 0 179
tree 3640 7304 56 0 179
tree 4616 7320 21 0 179
tree 4632 7320 40 0 179
trop 4748 7300 187 179 179
tree 4824 7320 72 0 179
tree 4824 7304 61 0 179
tree 7656 7304 45 0 179
fre 180 7356 12 179 179
fre 204 7340 12 179 179
fre 260 7348 13 179 179
cliff 688 7344 62 179 179
tree 728 7336 65 0 179
fre 796 7332 12 179 179
fre 924 7340 14 179 179
fre 1092 7356 13 179 179
fre 1132 7332 14 179 179
fre 1156 7348 14 179 179
cliff 1200 7328 35 179 179
cliff 1216 7344 32 179 179
fre 3804 7340 23 179 179
fre 3964 7356 22 179 179
tree 4584 7352 82 0 179
tree 4600 7352 100 0 179
tree 4600 7336 12 0 179
tree 4776 7336 70 0 179
tree 4808 7352 105 0 179
fre 204 7380 14 179 179
fre 252 7388 5 179 179
tree 312 7368 71 0 179
cliff 304 7376 65 179 179
cliff 304 7360 84 179 179
fre 860 7380 14 179 179
fre 964 7380 14 179 179
tree 1208 7384 66 0 179
tree 1224 7368 56 0 179
tree 1224 7384 67 0 179
cliff 1216 7360 11 179 179
fre 4388 7380 23 179 179
tree 4520 7384 7 0 179
tree 4536 7384 75 0 179
tree 4760 7368 34 0 179
tree 4760 7384 84 0 179
tree 7672 7384 73 0 179
trop 7748 7388 14 179 179
tree 136 7416 50 0 179
tree 152 7400 44 0 179
fre 204 7404 14 179 179
cliff 304 7392 86 179 179
cliff 320 7408 86 179 179
trop 436 7404 70 179 179
trop 468 7404 70 179 179
stand 920 7416 87 0 179
stand 904 7416 87 0 179
stand 904 7400 87 0 179
stand 920 7400 87 0 179
fre 1020 7412 13 179 179
fre 1116 7420 14 179 179
fre 1188 7404 12 179 179
cliff 1232 7392 33 179 179
tree 1256 7416 54 0 179
fre 3556 7404 22 179 179
fre 3684 7412 23 179 179
tree 3880 7400 105 0 179
tree 3880 7416 6 0 179
trop 4092 7396 14 179 179
fre 4228 7420 22 179 179
trop 4628 7396 188 179 179
tree 4728 7416 6 0 179
fre 180 7436 12 179 179
fre 292 7436 4 179 179
cliff 336 7440 12 179 179
fre 1044 7452 14 179 179
cliff 1232 7424 57 179 179
tree 3816 7448 71 0 179
tree 3832 7448 93 0 179
tree 4472 7448 66 0 179
tree 4472 7432 35 0 179
tree 4680 7432 102 0 179
tree 4680 7448 93 0 179
tree 4712 7432 84 0 179
fre 212 7468 14 179 179
fre 252 7460 7 179 179
tree 328 7480 74 0 179
trop 436 7484 70 179 179
trop 468 7484 70 179 179
fre 1060 7460 12 179 179
fre 1124 7484 13 179 179
fre 1188 7468 12 179 179
cliff 1232 7472 57 179 179
tree 3496 7480 71 0 179
tree 3496 7464 88 0 179
tree 3752 7480 47 0 179
tree 3768 7480 34 0 179
tree 3768 7464 41 0 179
tree 3816 7464 101 0 179
tree 3880 7464 95 0 179
tree 3896 7464 42 0 179
tree 4264 7464 91 0 179
tree 4296 7480 59 0 179
tree 4312 7480 19 0 179
tree 4344 7464 79 0 179
tree 4328 7480 42 0 179
tree 4344 7480 36 0 179
tree 4408 7480 1 0 179
tree 152 7512 47 0 179
tree 136 7512 49 0 179
tree 152 7496 66 0 179
fre 196 7500 12 179 179
fre 228 7516 7 179 179
tree 312 7512 67 0 179
cliff 320 7504 58 179 179
cliff 352 7488 80 179 179
fre 1116 7508 12 179 179
cliff 1232 7504 64 179 179
tree 3720 7512 24 0 179
tree 3720 7496 4 0 179
tree 3752 7496 51 0 179
tree 4024 7496 60 0 179
tree 4024 7512 15 0 179
tree 4152 7496 26 0 179
tree 4152 7512 44 0 179
tree 4200 7496 45 0 179
tree 4200 7512 50 0 179
tree 4296 7512 73 0 179
trop 4556 7492 183 179 179
tree 184 7528 55 0 179
tree 184 7544 45 0 179
fre 220 7532 7 179 179
fre 1180 7540 14 179 179
cliff 1216 7520 31 179 179
tree 1304 7544 55 0 179
tree 3592 7528 97 0 179
tree 3608 7528 93 0 179
tree 3624 7528 13 0 179
tree 3640 7544 6 0 179
tree 3656 7544 81 0 179
tree 4584 7544 50 0 179
tree 4584 7528 70 0 179
tree 4616 7544 95 0 179
tree 4632 7544 72 0 179
tree 4664 7528 27 0 179
tree 4648 7544 99 0 179
trop 7748 7548 14 179 179
trop 436 7564 70 179 179
trop 468 7564 70 179 179
fre 1140 7564 12 179 179
tree 3592 7576 54 0 179
fre 3900 7556 22 179 179
tree 4008 7576 75 0 179
trop 4092 7556 14 179 179
tree 4408 7576 80 0 179
tree 4600 7576 72 0 179
fre 1180 7604 14 179 179
fre 1228 7612 12 179 179
fre 1228 7596 12 179 179
tree 3752 7608 79 0 179
tree 3768 7608 36 0 179
tree 3960 7608 61 0 179
tree 4008 7592 68 0 179
tree 4232 7592 87 0 179
tree 4232 7608 44 0 179
tree 4344 7592 63 0 179
tree 4344 7608 99 0 179
tree 4424 7592 46 0 179
tree 4440 7592 60 0 179
tree 4472 7592 5 0 179
trop 436 7644 70 179 179
trop 468 7644 70 179 179
fre 1204 7620 12 179 179
tree 3592 7640 65 0 179
tree 3608 7640 77 0 179
tree 4184 7624 14 0 179
fre 4244 7628 23 179 179
trop 4516 7620 187 179 179
tree 4600 7640 106 0 179
tree 4584 7624 101 0 179
tree 4584 7640 46 0 179
tree 4184 7672 75 0 179
tree 4280 7672 29 0 179
tree 4312 7672 75 0 179
tree 4360 7656 41 0 179
tree 4584 7656 96 0 179
tree 3928 7704 97 0 179
tree 3912 7704 27 0 179
tree 3960 7704 35 0 179
tree 3944 7704 79 0 179
tree 4024 7704 99 0 179
tree 4024 7688 39 0 179
tree 4520 7704 96 0 179
tree 4536 7704 87 0 179
trop 7748 7708 14 179 179
trop 436 7724 70 179 179
trop 468 7716 70 179 179
tree 4024 7736 98 0 179
tree 4008 7736 3 0 179
trop 4092 7716 14 179 179
trop 4180 7716 180 179 179
trop 4284 7716 180 179 179
trop 4396 7716 188 179 179
tree 4472 7736 71 0 179
tree 3832 7768 86 0 179
tree 3816 7768 7 0 179
tree 3864 7752 6 0 179
tree 3848 7752 41 0 179
tree 3848 7768 90 0 179
tree 3896 7752 1 0 179
tree 3880 7752 95 0 179
trop 4092 7764 14 179 179
tree 4168 7768 39 0 179
tree 4184 7768 64 0 179
tree 4280 7752 57 0 179
tree 4360 7768 108 0 179
tree 4376 7752 50 0 179
tree 4456 7752 64 0 179
trop 436 7804 70 179 179
trop 468 7796 70 179 179
tree 3800 7800 45 0 179
tree 3816 7784 40 0 179
tree 3736 7832 105 0 179
tree 3736 7816 100 0 179
fre 3956 7820 23 179 179
fre 4244 7820 23 179 179
fre 4420 7828 22 179 179
tree 4504 7848 43 0 179
tree 4488 7848 26 0 179
trop 7748 7860 14 179 179
cliff 208 7888 52 179 179
cliff 192 7888 45 179 179
cliff 240 7888 31 179 179
cliff 256 7872 64 179 179
trop 436 7884 70 179 179
trop 468 7876 70 179 179
fre 3844 7884 22 179 179
tree 4008 7896 59 0 179
tree 4024 7880 75 0 179
tree 4168 7880 78 0 179
tree 4184 7880 72 0 179
tree 4248 7880 46 0 179
tree 4232 7896 83 0 179
tree 4440 7880 93 0 179
tree 4440 7896 72 0 179
tree 4536 7880 56 0 179
fre 220 7916 4 179 179
fre 212 7932 7 179 179
cliff 192 7904 46 179 179
tree 3944 7912 41 0 179
tree 3960 7912 55 0 179
tree 4008 7928 46 0 179
tree 4008 7912 12 0 179
trop 4092 7924 14 179 179
tree 4376 7912 68 0 179
cliff 192 7936 48 179 179
cliff 224 7952 56 179 179
trop 436 7964 70 179 179
trop 468 7956 70 179 179
cliff 192 7968 22 179 179
cliff 208 7968 27 179 179
tree 296 7976 44 0 179
tree 3816 7992 59 0 179
tree 3848 7992 46 0 179
tree 3848 7976 82 0 179
tree 3928 7976 36 0 179
tree 3912 7992 65 0 179
tree 4184 7976 50 0 179
tree 4168 7976 81 0 179
tree 4440 7976 90 0 179
tree 4424 7992 44 0 179
tree 280 8024 47 0 179
trop 4092 8012 14 179 179
tree 4280 8008 76 0 179
tree 4264 8024 16 0 179
tree 4472 8008 48 0 179
trop 7748 8020 14 179 179
trop 436 8036 70 179 179
trop 468 8036 70 179 179
tree 4008 8040 52 0 179
tree 4264 8040 39 0 179
