fre 3348 92 149 179 179
fre 444 124 12 179 179
fre 508 116 230 179 179
tree 584 120 7 0 179
tree 616 120 20 0 179
fre 1380 124 160 179 179
fre 1492 124 160 179 179
fre 1524 116 160 179 179
fre 1588 100 160 179 179
fre 1580 124 160 179 179
fre 1572 108 160 179 179
fre 1620 124 105 179 179
fre 1764 116 160 179 179
fre 1828 100 161 179 179
fre 3436 116 149 179 179
fre 3756 124 149 179 179
fre 3796 116 149 179 179
fre 3868 116 149 179 179
fre 140 140 232 179 179
tree 200 152 46 0 179
tree 216 136 50 0 179
fre 204 140 150 179 179
fre 244 132 150 179 179
tree 232 152 49 0 179
tree 264 136 46 0 179
stand 264 136 0 0 179
fre 284 156 150 179 179
tree 312 152 43 0 179
stand 312 136 0 0 179
stand 296 152 5 0 179
fre 316 140 232 179 179
fre 332 132 150 179 179
tree 328 152 47 0 179
stand 344 136 5 0 179
tree 408 136 17 0 179
tree 408 152 18 0 179
stand 392 136 0 0 179
fre 420 140 234 179 179
dom 416 128 79 0 179
fre 484 156 12 179 179
tree 536 136 17 0 179
tree 536 152 18 0 179
stand 536 136 0 0 179
tree 568 136 19 0 179
fre 572 132 234 179 179
stand 568 152 34 0 179
stand 552 136 33 0 179
tree 584 136 13 0 179
tree 632 136 32 0 179
fre 612 156 230 179 179
tree 648 136 24 0 179
tree 664 136 18 0 179
tree 696 136 15 0 179
tree 680 136 31 0 179
tree 728 152 4 0 179
tree 744 136 40 0 179
tree 760 152 45 0 179
tree 744 152 26 0 179
tree 776 152 7 0 179
zabor 1072 144 64 1 8
zabor 1104 144 65 1 8
zabor 1136 144 66 1 8
zabor 1168 144 66 1 8
zabor 1200 144 64 1 8
zabor 1232 144 66 1 8
zabor 1264 144 64 1 8
zabor 1296 144 65 1 8
zabor 1328 144 65 1 8
fre 1348 140 160 179 179
fre 1428 148 160 179 179
fre 1452 132 160 179 179
fre 1644 132 105 179 179
fre 1828 148 105 179 179
fre 1852 156 233 179 179
fre 2044 156 233 179 179
lay 2232 152 74 0 179
fre 2356 132 149 179 179
fre 2420 156 149 179 179
fre 2460 156 149 179 179
fre 2644 148 149 179 179
fre 3308 156 149 179 179
fre 3572 140 233 179 179
fre 3668 148 233 179 179
fre 3916 140 149 179 179
lay 3944 152 85 0 179
fre 108 180 232 179 179
stand 184 168 0 0 179
tree 184 184 45 0 179
fre 180 188 232 179 179
fre 164 188 232 179 179
tree 200 184 47 0 179
tree 264 184 46 0 179
tree 280 168 50 0 179
fre 268 172 150 179 179
tree 296 184 44 0 179
fre 308 164 150 179 179
tree 328 168 31 0 179
fre 380 188 142 179 179
fre 396 164 150 179 179
stand 440 184 0 0 179
stand 600 184 35 0 179
stand 584 184 35 0 179
stand 632 184 99 0 179
stand 632 168 0 0 179
fre 668 180 149 179 179
stand 648 184 94 0 179
fre 716 164 149 179 179
fre 772 172 149 179 179
fre 828 188 233 179 179
fre 836 172 233 179 179
tree 1016 168 24 0 179
fre 1020 188 233 179 179
fre 1028 172 233 179 179
fre 1060 172 233 179 179
zabor 1072 176 65 1 8
stand 1096 184 77 0 179
stand 1096 168 85 0 179
stand 1112 168 78 0 179
stand 1144 168 78 0 179
stand 1128 168 78 0 179
stand 1176 168 78 0 179
stand 1160 168 78 0 179
stand 1208 168 78 0 179
stand 1192 168 78 0 179
stand 1240 168 78 0 179
stand 1224 168 78 0 179
stand 1272 168 78 0 179
stand 1256 168 78 0 179
fre 1252 172 233 179 179
stand 1304 184 74 0 179
stand 1304 168 82 0 179
stand 1288 168 78 0 179
fre 1316 180 160 179 179
zabor 1328 176 64 1 8
dom 1472 160 124 0 179
fre 1572 172 233 179 179
trop 1708 172 62 179 179
trop 1724 188 94 179 179
fre 1772 180 160 179 179
tree 1832 168 46 0 179
fre 1844 172 160 179 179
tree 1848 168 7 0 179
fre 1900 188 233 179 179
fre 2092 188 233 179 179
dom 2400 160 79 0 179
lay 2440 184 72 0 179
fre 2556 188 233 179 179
fre 2684 164 149 179 179
fre 3324 188 149 179 179
fre 3356 172 149 179 179
tree 3384 184 43 0 179
fre 3404 180 149 179 179
fre 3452 172 233 179 179
fre 3500 172 233 179 179
fre 3508 164 233 179 179
lay 3576 168 7 0 179
lay 3656 184 7 0 179
stand 3688 184 17 1 179
stand 3752 184 17 0 179
stand 3816 184 17 0 179
stand 3848 184 12 1 179
stand 3896 168 34 0 179
tree 3928 168 44 0 179
lay 3912 184 6 0 179
fre 3948 172 149 179 179
stand 104 216 5 0 179
stand 120 200 5 0 179
fre 116 204 234 179 179
stand 152 200 5 0 179
tree 136 216 49 0 179
fre 148 220 234 179 179
tree 168 216 44 0 179
stand 168 200 0 0 179
fre 188 220 150 179 179
stand 200 216 5 0 179
fre 252 220 142 179 179
stand 248 200 0 0 179
tree 248 216 45 0 179
tree 264 216 47 0 179
fre 260 220 232 179 179
stand 312 216 0 0 179
fre 332 196 232 179 179
stand 392 200 0 0 179
stand 472 216 5 0 179
fre 540 212 12 179 179
tree 584 216 20 0 179
stand 600 216 13 0 179
fre 620 204 149 179 179
stand 616 216 2 0 179
stand 616 200 13 0 179
stand 632 200 13 0 179
stand 648 200 35 0 179
stand 648 216 35 0 179
stand 664 200 35 0 179
stand 664 216 35 0 179
dom 704 192 56 0 179
fre 724 220 233 179 179
fre 780 196 233 179 179
dom 832 192 108 0 179
fre 916 220 233 179 179
fre 972 196 233 179 179
fre 1020 212 95 179 179
dom 992 192 109 0 179
fre 1084 196 233 179 179
fre 1276 196 233 179 179
fre 1276 220 233 179 179
fre 1284 204 233 179 179
fre 1356 196 160 179 179
fre 1452 212 234 179 179
fre 1508 204 233 179 179
fre 1564 204 234 179 179
fre 1596 196 233 179 179
zabor 1808 208 64 1 8
fre 1852 212 233 179 179
zabor 1840 208 64 1 8
zabor 1872 208 64 1 8
fre 1916 204 233 179 179
zabor 1904 208 66 1 8
fre 1924 204 233 179 179
fre 1948 196 233 179 179
zabor 1968 208 65 1 8
fre 2004 204 233 179 179
zabor 2000 208 66 1 8
zabor 2032 208 65 1 8
zabor 2064 208 66 1 8
zabor 2096 208 66 1 8
fre 2140 196 233 179 179
fre 2276 204 233 179 179
lay 2328 216 66 0 179
fre 2476 212 234 179 179
fre 2588 204 234 179 179
fre 2604 220 233 179 179
fre 2764 212 234 179 179
fre 2876 204 234 179 179
fre 3124 204 233 179 179
fre 3220 212 233 179 179
fre 3420 220 149 179 179
lay 3592 200 5 0 179
fre 3596 196 233 179 179
tree 3656 216 1 0 179
fre 3684 204 233 179 179
lay 3768 216 6 0 179
fre 3868 220 234 179 179
tree 3864 216 6 0 179
tree 3880 200 2 0 179
tree 3896 216 45 0 179
tree 3912 200 46 0 179
fre 3956 220 149 179 179
fre 116 228 150 179 179
tree 104 232 46 0 179
tree 136 232 46 0 179
tree 152 248 43 0 179
tree 184 248 43 0 179
fre 172 228 150 179 179
tree 168 248 46 0 179
tree 184 232 50 0 179
fre 172 236 150 179 179
fre 204 228 150 179 179
fre 212 228 150 179 179
tree 232 248 44 0 179
tree 232 232 46 0 179
fre 244 236 234 179 179
fre 228 228 232 179 179
tree 280 232 49 0 179
tree 280 248 43 0 179
fre 316 252 142 179 179
fre 300 228 150 179 179
stand 344 248 5 0 179
fre 324 228 150 179 179
stand 376 248 0 0 179
fre 372 228 232 179 179
fre 364 252 232 179 179
tree 584 248 18 0 179
tree 600 248 17 0 179
stand 584 232 0 0 179
stand 616 232 2 0 179
fre 708 244 230 179 179
fre 868 252 34 179 179
fre 868 244 233 179 179
fre 948 228 233 179 179
fre 964 236 95 179 179
fre 1060 244 233 179 179
fre 1140 228 233 179 179
fre 1172 252 233 179 179
fre 1228 228 233 179 179
fre 1252 252 31 179 179
stand 1464 248 82 0 179
stand 1448 248 78 0 179
zabor 1456 240 104 2 8
fre 1492 252 234 179 179
zabor 1488 240 105 2 8
fre 1508 252 234 179 179
fre 1532 228 233 179 179
fre 1588 244 234 179 179
fre 1604 244 161 179 179
fre 1628 236 234 179 179
fre 1636 228 105 179 179
tree 1816 248 47 0 179
zabor 1808 240 66 1 8
fre 1844 236 234 179 179
fre 1828 244 231 179 179
fre 1836 236 233 179 179
stand 1880 248 35 0 179
fre 1924 228 233 179 179
fre 2020 244 231 179 179
fre 2028 236 233 179 179
zabor 2096 240 65 1 8
fre 2116 228 233 179 179
fre 2300 228 233 179 179
fre 2364 244 233 179 179
fre 2428 236 233 179 179
fre 2436 236 233 179 179
fre 2516 252 234 179 179
fre 2516 236 233 179 179
fre 2532 252 234 179 179
fre 2612 244 234 179 179
fre 2652 236 234 179 179
fre 2652 228 233 179 179
fre 2740 252 149 179 179
fre 2804 252 234 179 179
fre 2820 252 234 179 179
fre 2900 244 234 179 179
fre 2940 236 234 179 179
fre 3004 236 233 179 179
dom 3008 224 79 0 179
fre 3052 236 233 179 179
fre 3060 228 233 179 179
fre 3364 228 149 179 179
fre 3492 236 233 179 179
dom 3552 224 37 3 179
fre 3612 252 233 179 179
stand 3672 232 18 0 179
stand 3736 248 18 0 179
stand 3848 248 12 0 179
lay 3880 248 100 0 179
lay 3880 232 86 0 179
lay 3896 248 87 0 179
tree 3928 232 47 0 179
tree 136 280 44 0 179
stand 152 264 0 0 179
tree 152 280 45 0 179
tree 168 280 44 0 179
tree 168 264 31 0 179
tree 200 264 31 0 179
tree 264 280 44 0 179
tree 296 264 31 0 179
tree 344 264 49 0 179
tree 392 280 49 0 179
stand 408 280 5 0 179
fre 388 260 150 179 179
fre 444 284 150 179 179
stand 504 264 5 0 179
fre 500 284 234 179 179
fre 644 276 15 179 179
stand 728 264 13 0 179
stand 744 264 95 0 179
stand 744 280 36 0 179
fre 828 284 231 179 179
fre 852 276 95 179 179
fre 884 268 34 179 179
fre 1020 284 231 179 179
fre 1028 260 95 179 179
fre 1068 284 32 179 179
fre 1084 276 233 179 179
fre 1140 260 32 179 179
dom 1120 256 56 0 179
dom 1280 256 56 1 179
fre 1324 268 31 179 179
fre 1316 276 233 179 179
fre 1396 260 233 179 179
stand 1464 280 75 0 179
stand 1464 264 75 0 179
zabor 1488 272 105 2 8
tree 1816 264 46 0 179
stand 1848 264 34 0 179
fre 1828 276 161 179 179
fre 1852 268 233 179 179
fre 1836 260 233 179 179
dom 1824 256 79 0 179
stand 1880 264 95 0 179
fre 2044 268 233 179 179
fre 2028 260 233 179 179
fre 2020 276 233 179 179
zabor 2096 272 64 1 8
fre 2356 268 234 179 179
tree 2424 264 47 0 179
tree 2440 264 46 0 179
fre 2532 276 231 179 179
fre 2540 268 233 179 179
fre 2628 260 233 179 179
fre 2756 276 149 179 179
tree 2968 280 50 0 179
tree 3064 264 47 0 179
tree 3048 280 46 0 179
stand 3128 280 105 0 179
fre 3148 260 233 179 179
fre 3236 268 233 179 179
fre 3420 284 234 179 179
lay 3528 264 7 0 179
fre 3548 260 233 179 179
lay 3592 280 71 0 179
fre 3660 284 233 179 179
lay 3688 264 7 0 179
fre 3780 260 234 179 179
fre 3788 284 233 179 179
lay 3848 264 5 0 179
lay 3912 264 96 0 179
stand 3944 264 10 1 179
fre 124 316 142 179 179
stand 152 312 0 0 179
tree 136 312 44 0 179
stand 184 312 0 0 179
fre 220 316 142 179 179
stand 280 312 0 0 179
stand 328 296 0 0 179
fre 348 316 150 179 179
stand 360 312 5 0 179
stand 408 296 5 0 179
fre 404 292 234 179 179
tree 424 312 46 0 179
tree 440 296 50 0 179
fre 428 300 150 179 179
tree 424 296 24 0 179
tree 440 312 20 0 179
fre 468 292 150 179 179
fre 580 300 15 179 179
fre 644 300 15 179 179
dom 672 288 45 1 179
fre 708 316 149 179 179
fre 820 300 34 179 179
fre 876 300 34 179 179
fre 932 292 34 179 179
fre 940 316 34 179 179
fre 980 300 34 179 179
fre 1052 316 34 179 179
fre 1060 300 34 179 179
fre 1276 316 231 179 179
fre 1300 292 31 179 179
fre 1340 308 233 179 179
stand 1464 312 75 0 179
stand 1464 296 75 0 179
zabor 1488 304 104 2 8
fre 1516 300 105 179 179
fre 1596 316 160 179 179
dom 1600 288 79 0 179
fre 1772 292 160 179 179
tree 1800 312 32 0 179
tree 1816 312 45 0 179
fre 1828 300 161 179 179
fre 1868 292 147 179 179
fre 1884 308 105 179 179
fre 1900 308 222 179 179
fre 1948 300 146 179 179
lay 1960 312 100 0 179
fre 1964 308 222 179 179
stand 2008 312 35 0 179
stand 1992 312 94 0 179
stand 2008 296 95 0 179
zabor 2096 304 66 1 8
fre 2140 316 233 179 179
lay 2200 296 73 0 179
fre 2556 300 233 179 179
fre 2540 292 233 179 179
fre 2532 308 233 179 179
tree 3064 296 45 0 179
tree 3048 312 46 0 179
fre 3044 300 233 179 179
fre 3164 316 233 179 179
stand 3384 296 37 0 179
fre 3420 308 233 179 179
lay 3480 296 96 0 179
fre 3484 300 233 179 179
fre 3492 300 233 179 179
fre 3564 308 234 179 179
fre 3572 300 233 179 179
lay 3640 296 100 0 179
fre 3708 292 233 179 179
lay 3784 296 6 0 179
fre 3956 300 234 179 179
stand 3944 312 10 0 179
tree 120 328 49 0 179
tree 152 328 49 0 179
tree 168 344 49 0 179
stand 184 344 5 0 179
fre 164 324 150 179 179
fre 188 332 234 179 179
stand 200 328 0 0 179
fre 220 348 150 179 179
stand 216 344 5 0 179
fre 196 324 150 179 179
stand 232 344 5 0 179
tree 248 328 49 0 179
stand 280 328 5 0 179
stand 312 344 5 0 179
fre 292 324 150 179 179
fre 316 324 234 179 179
tree 328 328 2 0 179
tree 328 344 46 0 179
tree 344 328 50 0 179
fre 332 332 150 179 179
fre 372 324 150 179 179
tree 392 328 46 0 179
stand 408 328 0 0 179
tree 408 344 45 0 179
tree 440 344 43 0 179
tree 424 344 47 0 179
fre 428 324 149 179 179
fre 460 324 150 179 179
stand 536 344 0 0 179
fre 732 324 149 179 179
fre 764 348 32 179 179
fre 788 332 35 179 179
fre 1012 348 34 179 179
fre 1004 332 149 179 179
fre 1068 348 230 179 179
fre 1180 348 233 179 179
fre 1196 348 230 179 179
fre 1188 332 233 179 179
fre 1412 332 233 179 179
stand 1464 344 75 0 179
stand 1464 328 75 0 179
zabor 1488 336 105 2 8
stand 1656 328 91 0 179
trop 1708 340 62 179 179
trop 1724 348 94 179 179
fre 1844 348 234 179 179
fre 1852 348 233 179 179
fre 1892 340 233 179 179
fre 1908 340 233 179 179
dom 1952 320 74 0 179
stand 1992 328 35 0 179
stand 2008 328 35 0 179
fre 2012 348 222 179 179
fre 1996 348 124 179 179
fre 2044 348 233 179 179
fre 2084 340 233 179 179
fre 2100 340 233 179 179
zabor 2096 336 64 1 8
lay 2280 328 71 0 179
fre 2652 348 233 179 179
tree 2760 328 47 0 179
tree 2760 344 46 0 179
tree 3016 344 47 0 179
tree 3016 328 46 0 179
tree 3048 328 18 0 179
fre 3100 324 233 179 179
stand 3128 328 65 0 179
stand 3112 344 66 0 179
fre 3212 348 233 179 179
fre 3332 324 234 179 179
fre 3340 348 233 179 179
fre 3412 332 234 179 179
fre 3588 340 231 179 179
fre 3596 332 233 179 179
lay 3656 344 4 0 179
stand 3672 328 18 0 179
fre 3684 324 233 179 179
lay 3736 344 96 0 179
fre 3756 324 233 179 179
fre 3844 324 233 179 179
lay 3880 328 100 0 179
fre 3940 332 234 179 179
tree 136 376 49 0 179
stand 168 360 0 0 179
fre 188 380 150 179 179
tree 200 376 46 0 179
tree 216 360 50 0 179
fre 204 364 150 179 179
stand 200 376 5 0 179
dom 192 352 78 0 179
fre 244 356 150 179 179
stand 248 360 5 0 179
stand 312 360 0 0 179
tree 312 376 45 0 179
tree 328 376 47 0 179
fre 332 356 150 179 179
fre 476 380 142 179 179
stand 536 376 0 0 179
trop 604 364 108 179 179
trop 580 372 116 179 179
fre 652 356 15 179 179
fre 788 364 34 179 179
fre 908 364 34 179 179
fre 948 372 32 179 179
dom 992 352 61 0 179
fre 1028 364 233 179 179
fre 1052 380 233 179 179
fre 1076 380 233 179 179
fre 1060 364 233 179 179
fre 1132 356 233 179 179
fre 1284 364 233 179 179
fre 1436 356 233 179 179
stand 1464 360 75 0 179
stand 1464 376 75 0 179
fre 1476 380 233 179 179
zabor 1488 368 105 2 8
fre 1612 372 145 179 179
tree 1656 360 46 0 179
tree 1640 376 1 0 179
fre 1820 364 233 179 179
fre 1804 356 233 179 179
fre 1852 364 222 179 179
fre 1884 372 137 179 179
fre 1868 372 124 179 179
fre 1892 356 233 179 179
lay 1944 376 100 0 179
fre 1948 380 145 179 179
fre 1924 356 145 179 179
fre 1932 372 233 179 179
lay 1960 376 98 0 179
lay 1960 360 101 0 179
fre 2004 380 145 179 179
fre 2108 372 233 179 179
zabor 2096 368 66 1 8
fre 2124 372 233 179 179
fre 2356 380 234 179 179
fre 2468 356 233 179 179
tree 2504 376 47 0 179
fre 2500 380 233 179 179
fre 2556 380 233 179 179
fre 2596 372 233 179 179
fre 2612 372 233 179 179
fre 2636 372 233 179 179
fre 2788 380 233 179 179
fre 2844 356 149 179 179
fre 2924 372 233 179 179
dom 2912 352 79 0 179
fre 2972 372 233 179 179
fre 3036 364 233 179 179
fre 3044 364 233 179 179
fre 3124 364 233 179 179
stand 3176 376 105 0 179
fre 3260 356 233 179 179
fre 3508 364 234 179 179
fre 3612 364 233 179 179
fre 3596 356 233 179 179
fre 3588 372 233 179 179
fre 3636 372 234 179 179
stand 3688 376 17 0 179
fre 3796 356 233 179 179
stand 3832 376 16 0 179
fre 3828 380 233 179 179
lay 3848 376 6 0 179
stand 3944 376 12 0 179
fre 132 388 234 179 179
stand 184 392 0 0 179
tree 184 408 45 0 179
tree 168 408 46 0 179
tree 184 392 50 0 179
fre 172 396 150 179 179
tree 200 408 47 0 179
fre 212 388 150 179 179
tree 280 408 43 0 179
tree 296 408 44 0 179
fre 300 388 150 179 179
tree 328 392 31 0 179
stand 408 392 5 0 179
fre 572 412 230 179 179
dom 544 384 66 0 179
fre 644 412 149 179 179
fre 684 396 149 179 179
dom 672 384 67 0 179
fre 748 388 233 179 179
fre 1004 388 233 179 179
fre 1052 388 233 179 179
lay 1208 408 96 0 179
fre 1220 404 233 179 179
fre 1300 388 233 179 179
fre 1308 388 233 179 179
stand 1464 408 75 0 179
stand 1464 392 75 0 179
fre 1484 388 234 179 179
fre 1476 412 233 179 179
zabor 1488 400 104 2 8
fre 1532 388 233 179 179
fre 1548 404 233 179 179
tree 1640 392 46 0 179
tree 1656 408 8 0 179
tree 1640 408 44 0 179
tree 1800 392 45 0 179
fre 1812 388 105 179 179
tree 1800 408 42 0 179
dom 1856 384 36 0 179
lay 1976 408 96 0 179
lay 1960 392 97 0 179
fre 2004 412 124 179 179
fre 2036 412 222 179 179
fre 2028 404 124 179 179
fre 2404 388 233 179 179
tree 2488 392 50 0 179
fre 2476 388 233 179 179
fre 2500 412 233 179 179
fre 2524 396 233 179 179
fre 2508 388 233 179 179
fre 2556 388 233 179 179
fre 2572 404 233 179 179
fre 2620 404 233 179 179
fre 2636 404 233 179 179
fre 2748 388 234 179 179
tree 2760 408 45 0 179
fre 2796 388 234 179 179
fre 2788 412 233 179 179
fre 2844 388 233 179 179
fre 2860 404 233 179 179
tree 2936 392 47 0 179
fre 2964 396 234 179 179
fre 3036 388 234 179 179
fre 3140 404 231 179 179
fre 3148 396 233 179 179
stand 3176 408 65 0 179
fre 3236 388 233 179 179
fre 3308 388 233 179 179
fre 3396 388 233 179 179
fre 3492 396 234 179 179
tree 3576 392 18 0 179
fre 3604 412 234 179 179
tree 3640 392 17 0 179
tree 3624 392 47 0 179
tree 3656 408 45 0 179
fre 3708 412 233 179 179
lay 3704 392 7 0 179
fre 3748 396 233 179 179
fre 3780 388 233 179 179
fre 3980 412 234 179 179
stand 152 424 0 0 179
tree 152 440 45 0 179
tree 168 440 44 0 179
fre 212 428 234 179 179
fre 252 444 142 179 179
tree 264 440 44 0 179
stand 312 440 0 0 179
tree 296 424 31 0 179
fre 460 420 16 179 179
fre 452 420 150 179 179
fre 516 436 230 179 179
stand 648 424 3 0 179
fre 740 428 32 179 179
fre 900 428 32 179 179
dom 960 416 114 0 179
lay 1048 440 96 0 179
fre 1092 436 233 179 179
fre 1148 428 230 179 179
dom 1120 416 34 0 179
fre 1180 444 231 179 179
fre 1172 420 233 179 179
fre 1244 436 233 179 179
fre 1292 444 230 179 179
dom 1280 416 34 0 179
fre 1420 436 233 179 179
dom 1408 416 26 0 179
stand 1464 424 75 0 179
stand 1464 440 75 0 179
zabor 1488 432 104 2 8
fre 1588 428 233 179 179
fre 1572 420 233 179 179
fre 1764 436 160 179 179
tree 1816 440 44 0 179
fre 1804 436 233 179 179
tree 1800 440 47 0 179
fre 1852 420 222 179 179
fre 1876 420 145 179 179
lay 1896 424 100 0 179
fre 1940 436 101 179 179
fre 1940 420 99 179 179
fre 2004 436 124 179 179
fre 2036 444 222 179 179
fre 2140 420 233 179 179
fre 2172 428 233 179 179
fre 2364 428 149 179 179
fre 2364 444 149 179 179
fre 2444 436 233 179 179
fre 2452 436 233 179 179
fre 2612 428 233 179 179
fre 2596 420 233 179 179
fre 2660 420 233 179 179
fre 2684 428 233 179 179
fre 2732 436 233 179 179
dom 2816 416 104 0 179
tree 2888 440 46 0 179
tree 2888 424 47 0 179
fre 2900 428 233 179 179
fre 2884 420 233 179 179
tree 2952 440 44 0 179
tree 2968 440 50 0 179
tree 2968 424 45 0 179
fre 2948 420 233 179 179
fre 2972 428 233 179 179
dom 3040 416 66 0 179
stand 3096 424 3 0 179
stand 3160 440 65 0 179
fre 3164 428 233 179 179
fre 3148 420 233 179 179
fre 3140 436 233 179 179
fre 3348 420 233 179 179
fre 3380 444 233 179 179
fre 3412 444 234 179 179
fre 3524 420 233 179 179
fre 3572 428 234 179 179
fre 3612 444 233 179 179
lay 3656 440 96 0 179
fre 3652 436 233 179 179
fre 3668 436 233 179 179
fre 3716 444 234 179 179
lay 3896 440 96 0 179
stand 3944 440 10 0 179
tree 136 472 44 0 179
fre 220 476 142 179 179
tree 280 456 49 0 179
stand 280 472 0 0 179
dom 352 448 43 0 179
fre 476 452 230 179 179
stand 504 456 5 0 179
stand 504 472 20 0 179
trop 604 476 108 179 179
fre 684 468 32 179 179
fre 828 468 34 179 179
fre 964 452 32 179 179
stand 1048 472 96 0 179
fre 1052 476 231 179 179
fre 1060 452 32 179 179
fre 1116 468 233 179 179
fre 1180 476 230 179 179
fre 1188 460 233 179 179
stand 1288 472 13 0 179
stand 1304 472 2 0 179
fre 1388 452 233 179 179
fre 1412 460 233 179 179
stand 1464 472 75 0 179
stand 1464 456 75 0 179
fre 1492 452 233 179 179
zabor 1488 464 105 2 8
tree 1800 456 50 0 179
fre 1812 468 105 179 179
fre 1820 476 128 179 179
stand 1816 472 95 0 179
zabor 1808 464 64 1 8
stand 1832 456 94 0 179
stand 1848 472 95 0 179
stand 1832 472 35 0 179
stand 1848 456 35 0 179
fre 1852 460 124 179 179
fre 1884 452 222 179 179
fre 1860 452 207 179 179
fre 1908 476 145 179 179
fre 1940 468 100 179 179
fre 1980 468 124 179 179
fre 1988 460 217 179 179
fre 2004 468 145 179 179
fre 2004 452 124 179 179
fre 1996 468 124 179 179
fre 1988 468 124 179 179
fre 1988 452 124 179 179
fre 2036 452 147 179 179
fre 2076 460 233 179 179
fre 2100 460 233 179 179
zabor 2096 464 66 1 8
fre 2188 460 233 179 179
lay 2344 472 73 0 179
lay 2408 472 74 0 179
fre 2412 452 233 179 179
fre 2516 452 233 179 179
fre 2508 468 233 179 179
fre 2652 452 233 179 179
fre 2684 460 233 179 179
fre 2700 452 233 179 179
fre 2804 452 233 179 179
fre 3260 476 233 179 179
fre 3300 460 233 179 179
tree 3352 456 43 0 179
fre 3332 452 233 179 179
fre 3460 452 233 179 179
fre 3532 476 234 179 179
fre 3532 452 233 179 179
fre 3580 460 233 179 179
fre 3564 452 233 179 179
lay 3640 456 100 0 179
fre 3676 468 233 179 179
fre 3692 468 233 179 179
fre 3796 476 233 179 179
fre 3868 460 233 179 179
fre 3868 468 233 179 179
fre 3916 460 233 179 179
fre 3956 460 233 179 179
fre 172 500 234 179 179
tree 264 504 46 0 179
fre 460 492 16 179 179
tree 504 488 48 0 179
tree 488 488 46 0 179
stand 504 504 33 0 179
fre 564 508 149 179 179
trop 604 484 123 179 179
fre 788 500 34 179 179
fre 916 500 32 179 179
dom 960 480 114 0 179
fre 1020 500 32 179 179
fre 1076 508 233 179 179
fre 1132 484 233 179 179
stand 1352 504 35 0 179
fre 1412 500 234 179 179
fre 1436 484 233 179 179
fre 1452 484 233 179 179
stand 1464 504 75 0 179
stand 1464 488 75 0 179
zabor 1488 496 104 2 8
fre 1516 500 233 179 179
fre 1564 500 106 179 179
fre 1588 484 160 179 179
tree 1672 504 45 0 179
tree 1672 488 30 0 179
trop 1708 508 62 179 179
trop 1724 492 94 179 179
fre 1812 484 233 179 179
zabor 1808 496 65 1 8
stand 1848 488 35 0 179
fre 1844 500 233 179 179
fre 1860 508 108 179 179
fre 1884 500 105 179 179
fre 1916 492 124 179 179
fre 1924 508 222 179 179
dom 1920 480 35 0 179
fre 1956 492 137 179 179
fre 1956 484 124 179 179
fre 2012 484 222 179 179
fre 1996 484 163 179 179
fre 2028 508 227 179 179
fre 2028 500 209 179 179
fre 2076 484 227 179 179
zabor 2096 496 66 1 8
fre 2340 500 149 179 179
fre 2436 500 234 179 179
fre 2476 484 233 179 179
fre 2540 500 233 179 179
fre 2588 492 233 179 179
fre 2612 492 233 179 179
fre 2700 492 233 179 179
fre 2724 500 234 179 179
fre 2764 500 234 179 179
fre 2764 484 233 179 179
fre 2828 500 233 179 179
tree 2936 488 47 0 179
fre 2964 508 234 179 179
zabor 3024 496 65 1 8
stand 3016 504 86 0 179
stand 3032 504 76 0 179
zabor 3056 496 65 1 8
stand 3048 504 76 0 179
stand 3064 504 76 0 179
fre 3052 500 234 179 179
zabor 3088 496 66 1 8
stand 3080 504 76 0 179
stand 3096 504 82 0 179
fre 3076 484 233 179 179
zabor 3120 496 65 1 8
stand 3160 488 66 0 179
fre 3164 508 233 179 179
stand 3224 504 66 0 179
fre 3204 500 233 179 179
fre 3220 500 233 179 179
fre 3508 500 233 179 179
tree 3576 488 21 0 179
tree 3608 488 44 0 179
tree 3592 504 30 0 179
lay 3608 488 5 0 179
tree 3640 488 19 0 179
lay 3688 504 5 0 179
lay 3752 504 4 0 179
fre 3804 508 234 179 179
stand 3944 488 10 0 179
stand 184 520 0 0 179
stand 264 536 5 0 179
stand 280 536 33 0 179
stand 296 536 35 0 179
stand 312 536 95 0 179
stand 424 520 36 0 179
fre 668 540 233 179 179
fre 676 524 233 179 179
fre 1004 540 149 179 179
fre 1220 532 233 179 179
fre 1300 516 233 179 179
stand 1464 536 75 0 179
stand 1464 520 75 0 179
zabor 1488 528 104 2 8
fre 1548 532 233 179 179
fre 1580 540 160 179 179
tree 1672 536 43 0 179
tree 1672 520 18 0 179
zabor 1808 528 66 1 8
fre 1828 524 161 179 179
fre 1836 516 233 179 179
zabor 1840 528 65 1 8
fre 1868 540 231 179 179
fre 1884 540 233 179 179
zabor 1872 528 66 1 8
fre 1892 524 233 179 179
zabor 1904 528 65 1 8
fre 1948 532 222 179 179
stand 1944 520 95 0 179
fre 1988 532 222 179 179
fre 1996 524 145 179 179
fre 2012 540 231 179 179
zabor 2032 528 65 1 8
fre 2060 540 231 179 179
fre 2076 540 233 179 179
zabor 2064 528 65 1 8
fre 2108 524 233 179 179
fre 2084 524 233 179 179
zabor 2096 528 64 1 8
fre 2148 532 233 179 179
fre 2204 540 231 179 179
fre 2516 516 233 179 179
fre 2548 532 233 179 179
fre 2572 532 233 179 179
fre 2652 524 233 179 179
dom 2816 512 71 0 179
fre 2860 532 233 179 179
dom 2912 512 56 0 179
fre 2940 524 233 179 179
stand 3016 520 77 0 179
fre 3012 516 233 179 179
stand 3096 520 77 0 179
fre 3084 516 233 179 179
zabor 3120 528 65 1 8
fre 3132 524 233 179 179
fre 3116 516 233 179 179
stand 3176 520 65 0 179
fre 3228 532 233 179 179
dom 3200 512 95 1 179
fre 3244 532 233 179 179
stand 3272 520 65 0 179
fre 3348 540 233 179 179
fre 3420 524 233 179 179
fre 3420 532 233 179 179
fre 3468 524 233 179 179
fre 3508 524 233 179 179
fre 3564 532 233 179 179
fre 3620 532 234 179 179
stand 3688 536 11 1 179
fre 3708 516 233 179 179
tree 3704 536 31 0 179
fre 3740 524 233 179 179
stand 3800 536 10 0 179
lay 3800 536 5 0 179
lay 3816 520 96 0 179
tree 3944 536 46 0 179
fre 124 556 160 179 179
stand 296 552 35 0 179
stand 312 552 35 0 179
fre 324 564 95 179 179
fre 388 556 33 179 179
fre 468 572 13 179 179
trop 596 556 108 179 179
trop 596 548 108 179 179
fre 620 548 233 179 179
fre 764 556 12 179 179
fre 924 548 233 179 179
stand 936 568 119 0 179
fre 988 572 32 179 179
fre 1084 572 233 179 179
fre 1092 556 233 179 179
fre 1180 572 231 179 179
fre 1244 564 233 179 179
fre 1316 556 233 179 179
stand 1464 568 75 0 179
stand 1464 552 75 0 179
zabor 1488 560 104 2 8
dom 1600 544 79 0 179
fre 1812 556 105 179 179
fre 1812 548 233 179 179
dom 1888 544 79 0 179
fre 1924 564 233 179 179
fre 1972 556 227 179 179
fre 2116 564 233 179 179
fre 2436 564 233 179 179
fre 2540 548 233 179 179
fre 2572 572 231 179 179
fre 2588 572 233 179 179
fre 2620 556 233 179 179
fre 2596 556 233 179 179
fre 2660 564 233 179 179
fre 2716 572 231 179 179
fre 2884 556 233 179 179
stand 2936 568 34 0 179
fre 3052 572 149 179 179
fre 3060 564 233 179 179
zabor 3120 560 65 1 8
stand 3224 568 76 0 179
tree 3256 552 47 0 179
tree 3240 552 46 0 179
stand 3240 568 82 0 179
fre 3340 556 233 179 179
fre 3388 572 233 179 179
fre 3644 556 233 179 179
fre 3668 556 233 179 179
lay 3672 552 7 0 179
lay 3720 568 5 0 179
fre 3756 556 233 179 179
tree 3752 552 8 0 179
lay 3752 568 74 0 179
tree 3864 568 47 0 179
tree 3848 568 46 0 179
fre 3916 564 233 179 179
tree 3944 568 7 0 179
lay 3944 568 6 0 179
fre 4012 564 234 179 179
fre 244 588 233 179 179
fre 460 604 149 179 179
fre 484 596 149 179 179
fre 564 588 230 179 179
fre 548 604 32 179 179
fre 668 596 32 179 179
dom 704 576 63 0 179
fre 708 596 233 179 179
fre 788 580 233 179 179
dom 864 576 63 0 179
fre 892 604 233 179 179
fre 900 588 233 179 179
fre 980 604 233 179 179
fre 1036 580 233 179 179
dom 1056 576 80 0 179
fre 1124 588 233 179 179
fre 1340 580 233 179 179
stand 1464 600 69 0 179
stand 1464 584 75 0 179
fre 1492 588 233 179 179
zabor 1488 592 105 2 8
fre 1516 580 233 179 179
fre 1580 596 160 179 179
tree 1608 584 47 0 179
tree 1608 600 23 0 179
fre 1756 580 108 179 179
fre 1756 588 108 179 179
fre 1820 580 233 179 179
fre 1852 604 105 179 179
fre 1868 596 108 179 179
fre 1900 604 108 179 179
fre 1916 580 233 179 179
fre 1948 588 108 179 179
fre 2108 580 233 179 179
fre 2148 596 234 179 179
tree 2216 600 44 0 179
tree 2216 584 8 0 179
lay 2328 584 67 0 179
fre 2516 588 233 179 179
fre 2540 580 233 179 179
fre 2628 596 233 179 179
fre 2756 580 234 179 179
fre 2804 588 233 179 179
fre 2828 580 233 179 179
stand 2904 600 35 0 179
stand 2920 600 35 0 179
tree 2920 584 47 0 179
fre 3044 580 234 179 179
zabor 3120 592 64 1 8
fre 3116 596 233 179 179
stand 3256 600 65 0 179
fre 3260 580 233 179 179
stand 3240 600 74 0 179
stand 3240 584 74 0 179
fre 3292 588 233 179 179
fre 3572 580 233 179 179
fre 3604 596 233 179 179
fre 3708 596 234 179 179
stand 3720 584 35 0 179
fre 3804 588 233 179 179
fre 124 620 233 179 179
fre 172 620 233 179 179
fre 180 612 233 179 179
fre 668 636 231 179 179
fre 732 628 233 179 179
fre 740 620 32 179 179
fre 788 636 233 179 179
fre 820 620 32 179 179
fre 844 612 233 179 179
fre 948 620 32 179 179
fre 1124 628 233 179 179
fre 1148 612 233 179 179
fre 1204 612 233 179 179
fre 1412 620 234 179 179
stand 1464 632 69 0 179
stand 1464 616 69 0 179
fre 1492 612 234 179 179
zabor 1488 624 105 2 8
tree 1576 616 46 0 179
tree 1592 632 43 0 179
fre 1748 620 108 179 179
fre 1756 612 108 179 179
fre 1788 628 108 179 179
fre 1788 636 233 179 179
fre 1940 620 108 179 179
fre 1948 636 233 179 179
fre 1972 612 233 179 179
fre 1988 612 108 179 179
fre 2036 620 234 179 179
fre 2140 636 233 179 179
fre 2164 612 233 179 179
tree 2216 632 7 0 179
tree 2248 632 49 0 179
lay 2296 632 74 0 179
fre 2436 620 234 179 179
fre 2516 612 234 179 179
tree 2600 616 46 0 179
fre 2620 612 233 179 179
fre 2732 612 234 179 179
fre 2724 628 234 179 179
fre 2724 620 234 179 179
fre 2804 612 234 179 179
fre 2796 620 233 179 179
fre 2844 636 233 179 179
tree 2888 616 46 0 179
stand 2920 616 2 0 179
stand 2936 616 95 0 179
stand 2920 632 72 0 179
fre 3020 612 234 179 179
fre 3012 628 234 179 179
zabor 3120 624 66 1 8
fre 3196 620 233 179 179
fre 3220 620 233 179 179
stand 3256 616 65 0 179
stand 3240 632 74 0 179
stand 3240 616 74 0 179
fre 3308 620 233 179 179
fre 3308 612 233 179 179
tree 3416 632 47 0 179
tree 3448 616 45 0 179
fre 3468 628 233 179 179
fre 3492 628 233 179 179
fre 3564 628 234 179 179
fre 3596 612 233 179 179
fre 3628 636 231 179 179
fre 3644 636 233 179 179
fre 3676 620 233 179 179
fre 3652 620 233 179 179
fre 3716 628 233 179 179
fre 3772 636 231 179 179
tree 3832 616 45 0 179
fre 3860 628 233 179 179
fre 3964 636 149 179 179
fre 3956 636 149 179 179
fre 268 644 233 179 179
fre 356 652 233 179 179
fre 540 668 234 179 179
fre 572 652 149 179 179
fre 628 652 149 179 179
fre 660 644 32 179 179
fre 692 668 32 179 179
fre 892 644 32 179 179
fre 932 660 233 179 179
fre 988 644 32 179 179
dom 992 640 117 0 179
fre 1012 644 233 179 179
fre 1028 644 32 179 179
fre 1084 668 231 179 179
fre 1148 660 233 179 179
fre 1420 668 233 179 179
fre 1420 644 234 179 179
stand 1464 664 69 0 179
stand 1464 648 69 0 179
fre 1484 660 233 179 179
fre 1476 668 233 179 179
zabor 1488 656 105 2 8
fre 1564 652 106 179 179
fre 1596 668 161 179 179
tree 1592 664 47 0 179
fre 1572 644 233 179 179
tree 1592 648 4 0 179
lay 1576 664 87 0 179
fre 1604 644 137 179 179
fre 1644 644 105 179 179
stand 1640 648 92 0 179
trop 1700 660 62 179 179
trop 1724 668 94 179 179
fre 1764 644 233 179 179
fre 1820 644 161 179 179
tree 1832 664 49 0 179
stand 1864 648 0 0 179
fre 1884 668 150 179 179
fre 1860 652 233 179 179
stand 1896 664 5 0 179
fre 1908 652 233 179 179
stand 1944 648 5 0 179
lay 2008 664 72 0 179
fre 1996 660 108 179 179
fre 2036 644 234 179 179
fre 2364 644 230 179 179
fre 2444 668 233 179 179
fre 2444 644 234 179 179
fre 2508 660 233 179 179
fre 2500 668 233 179 179
tree 2536 664 43 0 179
dom 2560 640 79 0 179
tree 2616 664 47 0 179
fre 2596 644 233 179 179
fre 2652 668 233 179 179
fre 2676 644 233 179 179
fre 2732 668 233 179 179
fre 2732 644 234 179 179
fre 2796 660 233 179 179
fre 2788 668 233 179 179
dom 2816 640 71 0 179
tree 2904 664 47 0 179
fre 2884 644 233 179 179
fre 2948 652 149 179 179
fre 3044 668 149 179 179
fre 3100 668 149 179 179
zabor 3120 656 64 1 8
fre 3124 644 233 179 179
fre 3156 660 233 179 179
stand 3224 648 71 0 179
stand 3256 664 66 0 179
stand 3240 648 84 0 179
fre 3356 652 233 179 179
zabor 3472 656 104 2 8
zabor 3504 656 104 2 8
stand 3608 648 38 0 179
lay 3624 648 4 0 179
fre 3636 668 149 179 179
fre 3684 660 233 179 179
fre 3796 660 233 179 179
fre 164 684 233 179 179
zabor 208 688 105 2 8
stand 216 696 85 0 179
zabor 240 688 105 2 8
stand 232 696 76 0 179
fre 284 700 233 179 179
zabor 368 688 66 1 8
zabor 400 688 64 1 8
zabor 432 688 66 1 8
zabor 592 688 66 1 8
zabor 624 688 64 1 8
zabor 656 688 64 1 8
zabor 688 688 66 1 8
fre 684 692 234 179 179
zabor 720 688 65 1 8
zabor 752 688 65 1 8
zabor 784 688 65 1 8
zabor 816 688 65 1 8
zabor 848 688 64 1 8
zabor 880 688 64 1 8
fre 892 700 231 179 179
zabor 912 688 66 1 8
zabor 944 688 66 1 8
fre 956 692 233 179 179
zabor 976 688 66 1 8
zabor 1008 688 66 1 8
fre 1020 700 233 179 179
zabor 1040 688 64 1 8
fre 1028 684 233 179 179
zabor 1072 688 64 1 8
zabor 1104 688 65 1 8
fre 1252 684 233 179 179
fre 1356 692 149 179 179
stand 1464 696 69 0 179
stand 1464 680 69 0 179
zabor 1488 688 104 2 8
tree 1864 696 46 0 179
tree 1880 680 50 0 179
fre 1868 684 150 179 179
fre 1908 676 150 179 179
tree 1928 680 46 0 179
fre 1948 700 234 179 179
tree 1976 696 43 0 179
fre 1996 676 150 179 179
fre 2124 692 232 179 179
fre 2660 692 234 179 179
fre 2748 692 234 179 179
fre 2764 676 233 179 179
fre 2948 692 234 179 179
stand 3016 680 77 0 179
stand 3016 696 83 0 179
stand 3032 696 67 0 179
fre 3036 692 234 179 179
stand 3064 696 95 1 179
stand 3048 696 67 0 179
fre 3044 692 233 179 179
stand 3096 680 77 0 179
stand 3096 696 84 0 179
stand 3080 696 67 0 179
zabor 3120 688 66 1 8
fre 3148 676 233 179 179
fre 3180 700 231 179 179
fre 3196 700 233 179 179
fre 3228 684 233 179 179
fre 3204 684 233 179 179
stand 3240 696 105 0 179
fre 3268 692 233 179 179
fre 3324 700 231 179 179
tree 3384 680 45 0 179
fre 3412 692 233 179 179
zabor 3440 688 105 2 8
fre 3468 684 233 179 179
zabor 3472 688 105 2 8
fre 3508 684 233 179 179
fre 3676 676 233 179 179
fre 3812 692 233 179 179
fre 3956 692 234 179 179
stand 152 728 89 0 179
fre 220 708 233 179 179
zabor 208 720 105 2 8
stand 216 712 75 0 179
stand 216 728 75 0 179
fre 332 732 233 179 179
zabor 368 720 65 1 8
stand 408 712 70 0 179
stand 392 712 85 0 179
stand 392 728 75 0 179
stand 440 712 82 0 179
stand 424 712 70 0 179
stand 440 728 74 0 179
fre 452 708 234 179 179
fre 460 732 233 179 179
stand 584 712 86 0 179
stand 600 712 78 0 179
stand 584 728 77 0 179
stand 616 712 78 0 179
stand 632 712 78 0 179
stand 648 712 78 0 179
stand 664 712 78 0 179
stand 680 712 78 0 179
stand 696 712 78 0 179
fre 684 724 149 179 179
stand 712 712 78 0 179
stand 728 712 78 0 179
stand 744 712 78 0 179
stand 760 712 78 0 179
stand 776 712 78 0 179
stand 792 712 78 0 179
stand 824 712 78 0 179
stand 808 712 78 0 179
stand 840 712 78 0 179
stand 856 712 78 0 179
stand 872 712 78 0 179
stand 888 712 78 0 179
stand 904 712 78 0 179
stand 920 712 78 0 179
fre 916 732 233 179 179
stand 936 712 78 0 179
stand 952 712 78 0 179
stand 968 712 78 0 179
stand 984 712 78 0 179
fre 972 708 233 179 179
stand 1000 712 78 0 179
stand 1016 712 78 0 179
stand 1048 712 78 0 179
stand 1032 712 78 0 179
stand 1064 712 78 0 179
stand 1080 712 82 0 179
stand 1080 728 74 0 179
zabor 1104 720 64 1 8
fre 1276 708 233 179 179
stand 1464 728 69 0 179
stand 1464 712 69 0 179
fre 1444 716 233 179 179
zabor 1488 720 104 2 8
fre 1508 716 233 179 179
fre 1572 716 160 179 179
fre 1756 708 160 179 179
tree 1768 728 49 0 179
tree 1800 728 49 0 179
stand 1800 712 0 0 179
fre 1820 732 150 179 179
stand 1848 712 0 0 179
tree 1848 728 45 0 179
stand 1832 712 0 0 179
fre 1852 732 150 179 179
stand 1832 728 5 0 179
stand 1880 712 5 0 179
tree 1864 728 26 0 179
stand 1912 712 5 0 179
tree 1960 728 44 0 179
fre 1956 708 128 179 179
tree 1992 712 31 0 179
lay 2040 728 73 0 179
fre 2260 724 148 179 179
fre 2284 716 233 179 179
fre 2332 732 233 179 179
fre 2364 732 98 179 179
fre 2468 716 233 179 179
fre 2532 716 233 179 179
tree 2600 712 45 0 179
fre 2756 716 233 179 179
fre 2820 716 233 179 179
tree 2888 728 43 0 179
tree 2888 712 45 0 179
stand 3016 728 3 0 179
zabor 3024 720 65 1 8
stand 3064 712 120 1 179
zabor 3056 720 64 1 8
stand 3080 712 82 1 179
zabor 3088 720 74 1 9
zabor 3120 720 66 1 8
stand 3208 728 65 0 179
tree 3240 728 45 0 179
tree 3256 712 45 0 179
tree 3256 728 50 0 179
fre 3236 724 233 179 179
fre 3236 708 233 179 179
fre 3348 724 233 179 179
fre 3420 716 233 179 179
zabor 3408 720 104 2 8
zabor 3440 720 104 2 8
fre 3564 732 233 179 179
fre 3556 732 233 179 179
fre 3604 724 149 179 179
fre 3636 716 149 179 179
fre 3668 724 233 179 179
fre 3708 732 233 179 179
fre 3732 708 233 179 179
fre 3844 732 233 179 179
fre 3916 724 234 179 179
fre 3996 708 149 179 179
fre 116 740 160 179 179
fre 156 748 233 179 179
fre 164 748 233 179 179
zabor 208 752 104 2 8
stand 216 760 75 0 179
stand 216 744 75 0 179
fre 244 748 233 179 179
zabor 368 752 65 1 8
fre 380 740 233 179 179
stand 392 744 75 0 179
stand 392 760 75 0 179
fre 628 748 234 179 179
fre 756 756 149 179 179
fre 812 764 149 179 179
stand 856 744 2 0 179
stand 856 760 2 0 179
stand 840 760 2 0 179
stand 872 760 13 0 179
stand 888 744 94 0 179
stand 920 760 35 0 179
stand 904 760 35 0 179
stand 920 744 94 0 179
stand 904 744 95 0 179
stand 952 744 35 0 179
stand 936 760 35 0 179
stand 968 744 35 0 179
stand 1080 744 74 0 179
stand 1080 760 84 0 179
fre 1060 756 233 179 179
stand 1064 760 71 0 179
stand 1096 760 91 0 179
zabor 1104 752 66 1 8
fre 1140 740 233 179 179
fre 1396 748 234 179 179
fre 1436 748 234 179 179
stand 1464 760 69 0 179
stand 1464 744 69 0 179
zabor 1488 752 105 2 8
fre 1588 748 137 179 179
fre 1804 764 105 179 179
tree 1800 760 46 0 179
tree 1816 744 50 0 179
fre 1804 748 150 179 179
tree 1816 760 23 0 179
tree 1832 760 44 0 179
tree 1848 744 50 0 179
fre 1836 748 150 179 179
fre 1844 740 150 179 179
dom 1824 736 79 0 179
fre 1876 740 150 179 179
tree 1864 744 46 0 179
tree 1864 760 33 0 179
fre 1916 764 142 179 179
tree 1944 760 43 0 179
fre 1932 740 150 179 179
stand 1976 760 0 0 179
fre 1964 740 150 179 179
fre 2060 764 232 179 179
fre 2292 740 209 179 179
lay 2360 760 100 0 179
fre 2420 748 234 179 179
stand 2424 744 112 0 179
fre 2460 748 234 179 179
tree 2600 744 50 0 179
fre 2708 748 234 179 179
fre 2748 764 234 179 179
fre 2748 748 234 179 179
fre 2924 748 233 179 179
fre 2964 748 233 179 179
fre 3036 764 234 179 179
zabor 3088 752 73 1 9
zabor 3120 752 73 1 9
fre 3188 756 233 179 179
fre 3228 740 233 179 179
tree 3256 760 47 0 179
fre 3340 740 233 179 179
fre 3364 756 233 179 179
zabor 3408 752 104 2 8
fre 3508 756 234 179 179
fre 3532 748 233 179 179
fre 3604 748 233 179 179
fre 3620 764 233 179 179
fre 3692 756 233 179 179
fre 3748 748 233 179 179
stand 152 776 66 0 179
zabor 208 784 104 2 8
stand 216 792 75 0 179
stand 216 776 75 0 179
fre 260 788 231 179 179
fre 268 780 233 179 179
zabor 368 784 66 1 8
fre 356 772 233 179 179
stand 392 776 75 0 179
stand 392 792 75 0 179
fre 428 772 233 179 179
dom 448 768 67 0 179
fre 516 772 233 179 179
fre 612 780 234 179 179
dom 672 768 71 0 179
stand 712 776 60 0 179
fre 724 780 32 179 179
fre 724 796 234 179 179
dom 768 768 71 0 179
stand 808 776 60 0 179
stand 856 776 72 0 179
tree 888 792 23 0 179
stand 920 776 99 0 179
stand 952 776 35 0 179
fre 1020 796 231 179 179
dom 1024 768 67 0 179
fre 1084 788 233 179 179
fre 1204 788 149 179 179
dom 1248 768 53 0 179
dom 1376 768 53 1 179
stand 1448 792 87 0 179
stand 1464 792 84 0 179
stand 1464 776 69 0 179
fre 1476 780 233 179 179
zabor 1488 784 104 2 8
fre 1540 796 234 179 179
fre 1588 788 161 179 179
fre 1756 780 160 179 179
stand 1784 776 0 0 179
tree 1784 792 45 0 179
tree 1768 792 1 0 179
stand 1816 776 0 0 179
tree 1800 792 47 0 179
tree 1944 776 49 0 179
tree 1928 792 44 0 179
tree 1928 776 31 0 179
tree 1960 776 31 0 179
stand 2008 792 5 0 179
fre 1988 772 150 179 179
lay 2040 792 73 0 179
lay 2152 776 74 0 179
fre 2260 788 149 179 179
fre 2252 772 233 179 179
fre 2420 788 148 179 179
fre 2500 780 233 179 179
fre 2588 780 149 179 179
fre 2692 772 233 179 179
fre 2788 780 233 179 179
fre 2876 780 233 179 179
fre 3020 796 233 179 179
fre 3012 796 233 179 179
stand 3096 776 65 0 179
fre 3124 788 233 179 179
fre 3188 788 233 179 179
tree 3256 776 45 0 179
fre 3260 796 233 179 179
fre 3284 772 233 179 179
fre 3324 796 233 179 179
fre 3364 772 233 179 179
fre 3396 796 233 179 179
fre 3436 796 233 179 179
fre 3468 788 234 179 179
fre 3892 772 149 179 179
stand 152 824 89 0 179
zabor 208 816 104 2 8
stand 216 808 75 0 179
stand 216 824 75 0 179
fre 284 812 233 179 179
fre 268 804 233 179 179
fre 260 820 233 179 179
zabor 368 816 66 1 8
stand 392 824 75 0 179
stand 392 808 75 0 179
fre 468 804 233 179 179
fre 500 828 233 179 179
fre 692 812 234 179 179
fre 836 828 234 179 179
fre 1092 812 234 179 179
stand 1208 824 60 0 179
stand 1336 824 60 0 179
lay 1352 824 96 0 179
zabor 1456 816 105 2 8
zabor 1488 816 105 2 8
tree 1768 824 44 0 179
tree 1768 808 20 0 179
fre 1852 828 142 179 179
fre 1828 804 234 179 179
fre 1884 828 142 179 179
stand 1912 824 0 0 179
stand 1944 824 0 0 179
fre 1964 812 143 179 179
lay 2120 808 71 0 179
tree 2120 808 16 0 179
fre 2196 828 209 179 179
dom 2208 800 95 0 179
fre 2260 812 149 179 179
tree 2504 808 45 0 179
fre 2628 812 234 179 179
fre 2644 820 233 179 179
fre 2788 828 149 179 179
fre 2796 804 233 179 179
fre 2916 812 234 179 179
fre 2988 812 233 179 179
stand 3064 808 66 0 179
fre 3060 812 233 179 179
fre 3076 828 233 179 179
stand 3112 808 105 0 179
fre 3148 820 233 179 179
fre 3204 812 233 179 179
fre 3276 804 233 179 179
fre 3444 804 233 179 179
fre 3548 828 233 179 179
tree 3752 808 46 0 179
fre 3772 828 233 179 179
fre 3900 804 149 179 179
fre 3988 828 149 179 179
zabor 208 848 104 2 8
stand 216 856 75 0 179
stand 216 840 75 0 179
zabor 368 848 66 1 8
fre 380 860 233 179 179
stand 392 840 75 0 179
stand 392 856 75 0 179
fre 420 844 233 179 179
fre 452 836 233 179 179
fre 652 860 234 179 179
fre 900 836 234 179 179
fre 1204 844 232 179 179
fre 1316 844 233 179 179
fre 1380 844 233 179 179
fre 1460 844 234 179 179
fre 1444 844 234 179 179
trop 1644 844 118 179 179
trop 1636 836 47 179 179
trop 1700 836 62 179 179
trop 1724 836 94 179 179
fre 1756 860 160 179 179
fre 1756 836 233 179 179
fre 1876 836 108 179 179
tree 1880 840 49 0 179
fre 1884 836 128 179 179
tree 1880 856 0 0 179
tree 1912 840 49 0 179
tree 1928 856 49 0 179
stand 1944 856 5 0 179
fre 1924 836 150 179 179
stand 1960 840 0 0 179
fre 1980 860 150 179 179
stand 1976 856 5 0 179
fre 1956 836 150 179 179
fre 2004 844 234 179 179
stand 2040 840 5 0 179
stand 2168 840 95 0 179
stand 2152 840 99 0 179
fre 2316 852 209 179 179
dom 2336 832 132 1 179
fre 2412 844 233 179 179
fre 2452 844 233 179 179
fre 2484 844 234 179 179
fre 2468 844 234 179 179
fre 2644 852 233 179 179
tree 2712 856 12 0 179
fre 2772 860 149 179 179
fre 2772 844 234 179 179
fre 2756 844 234 179 179
fre 2780 860 233 179 179
fre 2820 836 233 179 179
fre 2892 860 233 179 179
tree 3096 840 45 0 179
stand 3080 856 66 0 179
fre 3180 844 233 179 179
tree 3464 840 46 0 179
fre 3612 836 233 179 179
fre 3588 860 233 179 179
fre 3700 844 233 179 179
fre 3796 844 233 179 179
fre 3892 852 233 179 179
fre 116 892 160 179 179
fre 196 868 233 179 179
zabor 208 880 104 2 8
stand 216 872 75 0 179
stand 216 888 75 0 179
fre 284 892 233 179 179
fre 324 884 233 179 179
fre 340 884 233 179 179
zabor 368 880 65 1 8
stand 392 872 75 0 179
stand 392 888 75 0 179
zabor 784 880 65 1 8
fre 780 868 149 179 179
zabor 816 880 66 1 8
zabor 848 880 65 1 8
zabor 880 880 64 1 8
zabor 912 880 64 1 8
fre 924 892 234 179 179
fre 980 876 234 179 179
stand 1080 872 82 0 179
stand 1080 888 74 0 179
stand 1064 872 76 0 179
zabor 1104 880 64 1 8
fre 1268 876 234 179 179
trop 1540 876 47 179 179
fre 1612 868 150 179 179
trop 1620 884 72 179 179
trop 1620 884 47 179 179
trop 1636 868 118 179 179
fre 1812 876 105 179 179
fre 1804 868 233 179 179
fre 1900 884 137 179 179
fre 1900 868 108 179 179
tree 1960 888 46 0 179
tree 1976 872 50 0 179
fre 1964 876 150 179 179
fre 2004 868 150 179 179
tree 2024 872 46 0 179
tree 2072 888 43 0 179
lay 2088 888 72 0 179
fre 2092 868 150 179 179
stand 2152 888 38 0 179
fre 2180 868 233 179 179
stand 2296 872 2 0 179
tree 2296 888 8 0 179
stand 2280 872 13 0 179
fre 2340 892 149 179 179
fre 2356 892 209 179 179
fre 2364 876 233 179 179
fre 2420 876 149 179 179
stand 2424 888 112 0 179
fre 2508 892 233 179 179
fre 2500 892 233 179 179
zabor 2544 880 104 2 8
stand 2536 888 78 0 179
stand 2552 888 82 0 179
zabor 2576 880 105 2 8
fre 2612 884 233 179 179
fre 2732 868 233 179 179
fre 2900 868 233 179 179
fre 3004 892 233 179 179
stand 3064 872 65 0 179
tree 3208 872 46 0 179
fre 3228 892 233 179 179
fre 3260 876 233 179 179
zabor 3248 880 105 2 8
zabor 3280 880 104 2 8
fre 3300 892 233 179 179
fre 3540 884 233 179 179
fre 3676 876 233 179 179
fre 3724 876 233 179 179
fre 3732 868 233 179 179
fre 132 900 233 179 179
stand 152 920 89 0 179
fre 204 900 233 179 179
zabor 208 912 105 2 8
stand 216 920 75 0 179
stand 216 904 75 0 179
fre 252 908 233 179 179
fre 236 900 233 179 179
dom 256 896 26 2 179
fre 348 916 233 179 179
zabor 368 912 64 1 8
fre 364 916 233 179 179
stand 392 904 75 0 179
stand 392 920 75 0 179
fre 468 924 233 179 179
fre 540 908 233 179 179
fre 540 916 233 179 179
fre 588 908 233 179 179
fre 628 908 233 179 179
fre 740 916 234 179 179
zabor 784 912 65 1 8
stand 824 904 76 0 179
stand 808 904 85 0 179
stand 808 920 77 0 179
stand 824 920 95 0 179
stand 856 904 78 0 179
stand 840 904 70 0 179
stand 888 904 82 0 179
stand 872 904 78 0 179
stand 872 920 2 0 179
stand 888 920 68 0 179
zabor 912 912 66 1 8
stand 1080 904 74 0 179
stand 1080 920 74 0 179
zabor 1104 912 64 1 8
fre 1108 900 232 179 179
fre 1348 908 233 179 179
trop 1564 900 109 179 179
fre 1620 924 150 179 179
trop 1636 908 109 179 179
tree 1784 904 50 0 179
fre 1844 900 233 179 179
fre 1876 924 233 179 179
fre 1860 908 233 179 179
stand 1944 904 0 0 179
tree 1944 920 45 0 179
tree 1960 920 47 0 179
fre 2020 908 128 179 179
tree 2056 920 44 0 179
fre 2068 908 234 179 179
tree 2088 904 31 0 179
fre 2132 916 233 179 179
fre 2212 924 234 179 179
stand 2264 904 10 0 179
lay 2264 920 4 0 179
fre 2284 900 233 179 179
fre 2476 908 233 179 179
fre 2548 908 233 179 179
stand 2552 920 74 0 179
stand 2552 904 74 0 179
zabor 2576 912 104 2 8
fre 2564 924 233 179 179
fre 2636 908 233 179 179
fre 2636 916 233 179 179
fre 2692 908 233 179 179
tree 2920 904 46 0 179
fre 3068 900 233 179 179
fre 3044 924 233 179 179
fre 3156 908 233 179 179
fre 3204 916 233 179 179
zabor 3216 912 104 2 8
zabor 3248 912 105 2 8
fre 3364 916 233 179 179
fre 3436 916 233 179 179
fre 3492 916 233 179 179
fre 3564 924 233 179 179
fre 3628 900 233 179 179
fre 3676 900 233 179 179
fre 3820 900 233 179 179
fre 3908 908 233 179 179
fre 4004 900 149 179 179
fre 180 948 233 179 179
zabor 208 944 104 2 8
stand 216 952 75 0 179
stand 216 936 75 0 179
zabor 368 944 65 1 8
stand 392 936 75 0 179
stand 392 952 75 0 179
stand 552 936 52 0 179
zabor 784 944 66 1 8
stand 808 952 84 0 179
stand 808 936 68 0 179
stand 888 952 83 0 179
stand 888 936 69 0 179
zabor 912 944 66 1 8
fre 940 948 234 179 179
stand 1080 952 74 0 179
stand 1080 936 74 0 179
fre 1068 940 232 179 179
zabor 1104 944 64 1 8
stand 1128 952 13 0 179
fre 1156 948 232 179 179
stand 1464 952 82 0 179
stand 1448 952 70 0 179
zabor 1456 944 104 2 8
fre 1476 940 234 179 179
zabor 1488 944 105 2 8
fre 1524 956 233 179 179
trop 1644 932 47 179 179
fre 1756 940 160 179 179
fre 1820 940 161 179 179
fre 1796 940 233 179 179
fre 1804 956 128 179 179
tree 1848 936 43 0 179
fre 1828 932 233 179 179
tree 1848 952 14 0 179
fre 1884 932 233 179 179
fre 1908 948 108 179 179
tree 1928 952 44 0 179
fre 2012 956 142 179 179
stand 2072 952 0 0 179
fre 2132 948 233 179 179
trop 2236 940 73 179 179
fre 2268 956 233 179 179
fre 2308 932 233 179 179
fre 2380 956 233 179 179
dom 2368 928 65 0 179
stand 2552 952 74 0 179
stand 2552 936 74 0 179
zabor 2576 944 105 2 8
fre 2716 940 233 179 179
fre 2756 956 233 179 179
tree 2936 936 47 0 179
fre 2996 948 233 179 179
stand 3064 936 105 0 179
zabor 3184 944 105 2 8
zabor 3216 944 105 2 8
fre 3556 948 233 179 179
fre 3716 940 233 179 179
fre 3836 956 233 179 179
stand 152 968 66 0 179
zabor 208 976 104 2 8
stand 216 984 75 0 179
stand 216 968 75 0 179
fre 236 980 233 179 179
zabor 368 976 65 1 8
fre 380 964 233 179 179
stand 392 968 75 0 179
stand 392 984 75 0 179
fre 412 972 233 179 179
dom 480 960 42 0 179
dom 704 960 134 2 179
fre 828 980 234 179 179
stand 1080 968 74 0 179
stand 1080 984 74 0 179
zabor 1104 976 65 1 8
fre 1172 980 232 179 179
fre 1316 972 234 179 179
fre 1412 980 149 179 179
stand 1464 984 77 0 179
stand 1464 968 77 0 179
zabor 1488 976 105 2 8
stand 1640 968 92 0 179
trop 1724 988 94 179 179
tree 1768 984 43 0 179
tree 1784 968 45 0 179
fre 1764 964 160 179 179
tree 1768 968 46 0 179
fre 1820 988 161 179 179
lay 1896 984 72 0 179
lay 1992 984 72 0 179
tree 2040 968 49 0 179
stand 2104 984 5 0 179
fre 2084 964 150 179 179
stand 2120 984 18 0 179
stand 2152 968 63 0 179
lay 2184 984 7 0 179
fre 2220 964 233 179 179
stand 2248 984 12 1 179
fre 2300 988 234 179 179
fre 2364 988 98 179 179
fre 2388 964 233 179 179
fre 2492 988 233 179 179
stand 2552 984 74 0 179
stand 2552 968 74 0 179
zabor 2576 976 104 2 8
fre 2660 980 233 179 179
tree 2696 968 46 0 179
fre 2716 988 233 179 179
fre 2820 980 233 179 179
fre 2892 980 233 179 179
fre 2948 980 233 179 179
fre 3020 988 233 179 179
fre 3084 964 233 179 179
fre 3132 964 233 179 179
zabor 3184 976 105 2 8
fre 3324 988 233 179 179
fre 3332 972 233 179 179
fre 3556 972 233 179 179
fre 3772 964 233 179 179
fre 3884 988 233 179 179
stand 152 1016 89 0 179
zabor 208 1008 105 2 8
stand 216 1016 75 0 179
stand 216 1000 75 0 179
fre 316 1004 233 179 179
fre 340 1004 233 179 179
zabor 368 1008 64 1 8
stand 392 1000 75 0 179
stand 392 1016 75 0 179
fre 428 1004 233 179 179
fre 588 1012 233 179 179
fre 692 1004 149 179 179
fre 988 1004 234 179 179
dom 992 992 56 0 179
stand 1080 1000 74 0 179
stand 1080 1016 74 0 179
fre 1084 1004 232 179 179
dom 1120 992 114 0 179
dom 1280 992 113 0 179
dom 1344 992 113 0 179
dom 1408 992 113 0 179
stand 1464 1000 77 0 179
stand 1464 1016 77 0 179
zabor 1488 1008 104 2 8
fre 1556 1020 106 179 179
fre 1596 1020 128 179 179
fre 1588 1004 234 179 179
trop 1700 1004 62 179 179
fre 1916 1004 233 179 179
fre 1916 1012 233 179 179
fre 1964 1004 233 179 179
stand 2008 1000 11 0 179
fre 2004 1004 233 179 179
lay 2040 1016 6 0 179
fre 2116 1012 234 179 179
fre 2124 1004 233 179 179
tree 2408 1000 46 0 179
fre 2556 996 233 179 179
fre 2532 1020 233 179 179
stand 2552 1016 74 0 179
stand 2552 1000 74 0 179
zabor 2576 1008 104 2 8
fre 2644 1004 233 179 179
fre 3012 1012 233 179 179
zabor 3056 1008 105 2 8
fre 3188 996 233 179 179
fre 3220 1020 233 179 179
fre 3276 996 233 179 179
fre 3580 996 233 179 179
fre 3644 1012 233 179 179
fre 3708 1004 233 179 179
fre 3716 1004 233 179 179
fre 3796 1004 233 179 179
fre 3932 996 233 179 179
fre 116 1044 160 179 179
stand 216 1048 83 0 179
fre 212 1044 233 179 179
zabor 208 1040 105 2 8
stand 216 1032 75 0 179
stand 232 1048 67 0 179
fre 244 1028 233 179 179
fre 276 1044 233 179 179
zabor 368 1040 64 1 8
stand 392 1048 75 0 179
stand 392 1032 75 0 179
fre 476 1036 233 179 179
fre 732 1052 160 179 179
fre 788 1052 160 179 179
dom 832 1024 106 0 179
fre 892 1036 234 179 179
stand 984 1048 35 0 179
stand 968 1048 35 0 179
stand 1016 1048 34 0 179
stand 1080 1032 74 0 179
stand 1080 1048 74 0 179
fre 1108 1044 232 179 179
fre 1092 1028 232 179 179
fre 1212 1044 232 179 179
fre 1252 1028 232 179 179
fre 1308 1052 232 179 179
fre 1396 1036 234 179 179
stand 1464 1048 77 0 179
stand 1464 1032 77 0 179
zabor 1488 1040 104 2 8
fre 1524 1028 234 179 179
dom 1600 1024 79 0 179
tree 1656 1048 50 0 179
fre 2204 1036 233 179 179
fre 2244 1052 233 179 179
dom 2336 1024 71 0 179
fre 2484 1044 233 179 179
stand 2552 1032 74 0 179
stand 2552 1048 74 0 179
zabor 2576 1040 104 2 8
fre 2780 1052 233 179 179
fre 2788 1036 233 179 179
fre 3012 1036 233 179 179
zabor 3056 1040 104 2 8
fre 3132 1052 233 179 179
fre 3364 1044 233 179 179
fre 3444 1028 233 179 179
fre 3508 1044 149 179 179
fre 3636 1036 234 179 179
fre 3812 1044 231 179 179
fre 3820 1036 233 179 179
fre 3908 1028 233 179 179
fre 3980 1036 149 179 179
fre 164 1076 233 179 179
zabor 208 1072 105 2 8
zabor 240 1072 105 2 8
fre 268 1060 233 179 179
fre 300 1084 231 179 179
fre 316 1084 233 179 179
fre 348 1068 233 179 179
fre 324 1068 233 179 179
zabor 368 1072 64 1 8
stand 392 1080 75 0 179
stand 392 1064 75 0 179
fre 388 1076 233 179 179
fre 444 1084 231 179 179
fre 532 1076 233 179 179
fre 756 1060 163 179 179
fre 772 1084 161 179 179
fre 820 1068 163 179 179
fre 812 1068 161 179 179
fre 836 1060 160 179 179
fre 1060 1084 232 179 179
stand 1080 1064 74 0 179
stand 1080 1080 74 0 179
dom 1120 1056 114 0 179
stand 1464 1080 77 0 179
stand 1464 1064 77 0 179
fre 1492 1060 161 179 179
fre 1484 1084 149 179 179
zabor 1488 1072 104 2 8
tree 1656 1064 43 0 179
tree 1640 1064 45 0 179
fre 1748 1084 160 179 179
fre 1892 1060 106 179 179
fre 2148 1076 233 179 179
trop 2244 1068 73 179 179
fre 2308 1076 233 179 179
fre 2380 1076 233 179 179
fre 2436 1076 233 179 179
fre 2508 1084 233 179 179
dom 2496 1056 26 0 179
stand 2552 1080 74 0 179
stand 2552 1064 74 0 179
zabor 2576 1072 104 2 8
fre 2572 1060 233 179 179
fre 2620 1060 233 179 179
fre 2644 1060 233 179 179
fre 2676 1084 233 179 179
fre 2732 1060 233 179 179
dom 2720 1056 79 0 179
fre 2852 1068 233 179 179
fre 3036 1060 233 179 179
zabor 3056 1072 105 2 8
zabor 3088 1072 105 2 8
fre 3180 1084 233 179 179
fre 3324 1084 231 179 179
fre 3388 1076 233 179 179
fre 3484 1060 149 179 179
fre 3580 1084 233 179 179
fre 3836 1068 233 179 179
fre 3820 1060 233 179 179
fre 3812 1076 233 179 179
fre 4004 1076 149 179 179
fre 140 1092 233 179 179
fre 228 1100 233 179 179
zabor 368 1104 65 1 8
fre 356 1108 233 179 179
stand 392 1096 75 0 179
stand 392 1112 75 0 179
fre 412 1116 234 179 179
fre 468 1108 233 179 179
dom 512 1088 40 0 179
fre 676 1092 160 179 179
fre 892 1108 160 179 179
stand 1000 1096 99 0 179
stand 1080 1096 74 0 179
stand 1080 1112 84 0 179
stand 1064 1112 87 0 179
stand 1096 1096 91 0 179
fre 1124 1100 232 179 179
fre 1372 1116 234 179 179
lay 1400 1096 96 0 179
fre 1420 1116 155 179 179
dom 1408 1088 26 1 179
fre 1452 1116 130 179 179
stand 1464 1112 77 0 179
stand 1464 1096 77 0 179
fre 1492 1116 128 179 179
zabor 1488 1104 105 2 8
fre 1588 1092 145 179 179
fre 1620 1100 130 179 179
fre 1628 1108 150 179 179
dom 1600 1088 79 0 179
tree 1848 1096 23 0 179
dom 1824 1088 10 0 179
dom 2144 1088 72 0 179
dom 2208 1088 66 0 179
dom 2336 1088 71 0 179
fre 2500 1108 233 179 179
stand 2552 1112 74 0 179
stand 2552 1096 74 0 179
zabor 2576 1104 104 2 8
tree 2776 1112 47 0 179
fre 2820 1108 233 179 179
fre 2876 1092 233 179 179
fre 2900 1092 233 179 179
fre 2940 1108 233 179 179
fre 3004 1100 233 179 179
fre 3012 1100 233 179 179
zabor 3056 1104 105 2 8
fre 3092 1100 233 179 179
fre 3228 1092 233 179 179
fre 3300 1100 233 179 179
fre 3628 1116 233 179 179
fre 3932 1116 233 179 179
fre 156 1148 233 179 179
fre 348 1124 233 179 179
zabor 368 1136 66 1 8
stand 392 1128 75 0 179
stand 392 1144 75 0 179
fre 484 1140 233 179 179
fre 628 1132 230 179 179
fre 628 1140 234 179 179
fre 772 1140 210 179 179
fre 828 1148 163 179 179
fre 868 1124 161 179 179
fre 916 1132 234 179 179
fre 1068 1132 232 179 179
fre 1204 1140 232 179 179
fre 1268 1124 232 179 179
fre 1364 1132 232 179 179
fre 1436 1124 130 179 179
stand 1464 1144 77 0 179
stand 1464 1128 77 0 179
fre 1484 1140 155 179 179
zabor 1488 1136 104 2 8
fre 1508 1140 130 179 179
fre 1540 1140 106 179 179
fre 1540 1124 234 179 179
fre 1660 1124 128 179 179
tree 1640 1144 6 0 179
tree 1656 1128 14 0 179
tree 1656 1144 4 0 179
trop 1724 1124 94 179 179
fre 1764 1124 160 179 179
fre 1844 1132 232 179 179
fre 1956 1132 233 179 179
fre 2020 1132 233 179 179
lay 2184 1144 4 0 179
stand 2216 1144 18 0 179
trop 2228 1140 73 179 179
fre 2268 1148 233 179 179
fre 2276 1132 233 179 179
fre 2500 1132 233 179 179
stand 2552 1144 74 0 179
stand 2552 1128 74 0 179
zabor 2576 1136 104 2 8
dom 2688 1120 79 0 179
tree 2760 1128 43 0 179
fre 2780 1148 231 179 179
fre 2844 1140 233 179 179
fre 2932 1132 234 179 179
zabor 3056 1136 104 2 8
fre 3108 1140 231 179 179
fre 3116 1132 233 179 179
fre 3204 1124 233 179 179
fre 3324 1124 233 179 179
fre 3388 1140 233 179 179
fre 3420 1148 233 179 179
fre 3452 1132 233 179 179
fre 3460 1132 233 179 179
fre 3540 1132 233 179 179
fre 3636 1148 234 179 179
fre 3676 1124 233 179 179
fre 3748 1124 233 179 179
fre 3836 1148 233 179 179
fre 3876 1140 233 179 179
fre 3892 1140 233 179 179
fre 204 1180 233 179 179
zabor 208 1168 104 2 8
zabor 240 1168 104 2 8
fre 324 1156 234 179 179
fre 332 1180 233 179 179
zabor 368 1168 64 1 8
fre 380 1180 233 179 179
stand 392 1160 75 0 179
stand 392 1176 75 0 179
fre 404 1156 233 179 179
fre 516 1180 233 179 179
fre 604 1172 160 179 179
fre 588 1172 234 179 179
fre 740 1156 163 179 179
stand 808 1176 96 0 179
fre 836 1180 234 179 179
dom 832 1152 106 1 179
fre 916 1180 150 179 179
stand 1000 1160 95 0 179
fre 1012 1156 232 179 179
fre 1044 1156 234 179 179
fre 1036 1180 234 179 179
stand 1080 1176 74 0 179
stand 1080 1160 82 0 179
stand 1064 1160 76 0 179
fre 1276 1164 232 179 179
fre 1428 1180 155 179 179
fre 1436 1172 234 179 179
stand 1464 1176 77 0 179
stand 1464 1160 77 0 179
zabor 1488 1168 104 2 8
fre 1524 1172 130 179 179
lay 1656 1176 86 0 179
trop 1700 1172 62 179 179
fre 1908 1164 234 179 179
stand 2104 1160 63 0 179
fre 2132 1156 233 179 179
stand 2152 1160 17 1 179
fre 2164 1180 233 179 179
fre 2220 1156 233 179 179
lay 2312 1176 74 0 179
fre 2524 1156 233 179 179
stand 2552 1176 74 0 179
stand 2552 1160 74 0 179
zabor 2576 1168 104 2 8
tree 2680 1160 47 0 179
tree 2664 1176 46 0 179
tree 2712 1176 45 0 179
tree 2760 1160 46 0 179
tree 2760 1176 45 0 179
tree 2904 1176 45 0 179
tree 2904 1160 50 0 179
fre 3132 1164 233 179 179
fre 3116 1156 233 179 179
fre 3108 1172 233 179 179
fre 3140 1164 233 179 179
fre 3380 1164 234 179 179
fre 3468 1180 233 179 179
fre 3556 1172 231 179 179
fre 3564 1164 233 179 179
fre 3652 1156 233 179 179
fre 3684 1156 233 179 179
fre 3756 1156 233 179 179
fre 3804 1164 233 179 179
fre 3788 1156 233 179 179
fre 3900 1172 233 179 179
fre 3916 1172 233 179 179
fre 116 1196 233 179 179
stand 216 1192 85 0 179
zabor 208 1200 104 2 8
stand 216 1208 75 0 179
stand 232 1192 78 0 179
fre 252 1188 233 179 179
zabor 368 1200 64 1 8
stand 392 1208 75 0 179
stand 392 1192 75 0 179
dom 480 1184 42 0 179
fre 500 1196 234 179 179
fre 628 1204 234 179 179
fre 796 1196 163 179 179
fre 980 1212 232 179 179
stand 984 1192 35 0 179
stand 1000 1192 13 0 179
stand 1000 1208 2 0 179
stand 1080 1208 74 0 179
stand 1080 1192 74 0 179
fre 1092 1204 232 179 179
dom 1120 1184 114 0 179
fre 1188 1196 234 179 179
dom 1408 1184 115 0 179
fre 1444 1188 222 179 179
stand 1464 1208 77 0 179
stand 1464 1192 77 0 179
zabor 1488 1200 104 2 8
fre 1628 1188 131 179 179
fre 1620 1196 130 179 179
tree 1640 1192 5 0 179
lay 1656 1192 82 0 179
tree 1656 1208 45 0 179
lay 1672 1192 87 0 179
fre 1788 1188 157 179 179
fre 1764 1188 160 179 179
fre 1892 1212 232 179 179
dom 1920 1184 17 0 179
fre 1988 1196 233 179 179
lay 2120 1192 4 0 179
fre 2308 1204 233 179 179
fre 2388 1188 233 179 179
stand 2552 1208 84 0 179
stand 2552 1192 74 0 179
stand 2536 1208 71 0 179
zabor 2576 1200 105 2 8
fre 2636 1188 149 179 179
fre 2668 1204 149 179 179
tree 2728 1208 43 0 179
fre 2908 1188 149 179 179
fre 3164 1188 233 179 179
fre 3228 1204 233 179 179
fre 3228 1212 233 179 179
fre 3292 1196 233 179 179
fre 3300 1196 233 179 179
fre 3380 1196 233 179 179
fre 3516 1188 233 179 179
fre 3580 1196 233 179 179
fre 3564 1188 233 179 179
fre 3556 1204 233 179 179
fre 3732 1204 233 179 179
fre 132 1236 231 179 179
fre 140 1228 233 179 179
stand 152 1224 89 0 179
zabor 208 1232 105 2 8
stand 216 1240 75 0 179
stand 216 1224 75 0 179
fre 228 1220 233 179 179
fre 300 1220 233 179 179
zabor 368 1232 64 1 8
stand 392 1224 75 0 179
stand 392 1240 75 0 179
fre 388 1220 233 179 179
fre 484 1228 234 179 179
fre 572 1236 160 179 179
fre 596 1244 234 179 179
dom 704 1216 133 1 179
fre 844 1236 163 179 179
fre 860 1244 149 179 179
fre 972 1244 160 179 179
fre 996 1220 234 179 179
stand 1080 1224 74 0 179
stand 1080 1240 74 0 179
fre 1300 1228 232 179 179
dom 1344 1216 105 0 179
fre 1436 1220 225 179 179
fre 1428 1228 234 179 179
fre 1412 1228 233 179 179
stand 1464 1240 84 0 179
stand 1464 1224 77 0 179
stand 1448 1240 71 0 179
fre 1500 1220 229 179 179
fre 1476 1228 233 179 179
zabor 1488 1232 104 2 8
fre 1532 1228 155 179 179
fre 1660 1236 128 179 179
tree 2056 1240 44 0 179
fre 2116 1228 234 179 179
fre 2268 1244 231 179 179
fre 2332 1236 233 179 179
fre 2524 1244 233 179 179
zabor 2544 1232 104 2 8
fre 2532 1228 233 179 179
zabor 2576 1232 105 2 8
fre 2756 1228 233 179 179
fre 2932 1244 234 179 179
fre 3044 1220 233 179 179
zabor 3056 1232 105 2 8
fre 3132 1244 233 179 179
fre 3172 1236 233 179 179
fre 3188 1236 233 179 179
fre 3220 1228 234 179 179
fre 3396 1236 231 179 179
fre 3404 1228 233 179 179
fre 3492 1220 233 179 179
fre 3676 1244 233 179 179
fre 3788 1236 233 179 179
fre 3932 1220 233 179 179
fre 3964 1228 233 179 179
fre 116 1276 160 179 179
fre 156 1260 233 179 179
fre 140 1252 233 179 179
fre 132 1268 233 179 179
stand 152 1272 66 0 179
zabor 208 1264 104 2 8
stand 216 1256 75 0 179
stand 216 1272 75 0 179
fre 340 1252 233 179 179
zabor 368 1264 66 1 8
fre 372 1276 233 179 179
stand 392 1256 75 0 179
stand 392 1272 75 0 179
fre 564 1260 234 179 179
stand 552 1256 52 0 179
fre 708 1276 234 179 179
fre 756 1260 161 179 179
fre 908 1276 161 179 179
dom 992 1248 56 1 179
stand 1080 1256 74 0 179
stand 1080 1272 74 0 179
fre 1076 1260 234 179 179
dom 1120 1248 114 0 179
fre 1364 1260 234 179 179
fre 1404 1268 155 179 179
fre 1460 1260 234 179 179
fre 1444 1260 130 179 179
zabor 1456 1264 105 2 8
zabor 1488 1264 104 2 8
fre 1532 1252 225 179 179
fre 1548 1252 234 179 179
fre 1612 1276 130 179 179
stand 1640 1272 93 0 179
trop 1724 1260 94 179 179
fre 1780 1276 157 179 179
fre 1956 1260 234 179 179
tree 2104 1256 18 0 179
tree 2104 1272 49 0 179
fre 2420 1276 233 179 179
dom 2432 1248 67 0 179
fre 2476 1252 233 179 179
fre 2716 1276 233 179 179
fre 2724 1260 233 179 179
fre 2780 1252 233 179 179
fre 2948 1260 233 179 179
fre 2980 1252 233 179 179
fre 3052 1252 233 179 179
zabor 3056 1264 104 2 8
fre 3100 1260 233 179 179
fre 3084 1252 233 179 179
fre 3196 1268 233 179 179
fre 3212 1268 233 179 179
fre 3380 1276 234 179 179
fre 3420 1260 233 179 179
fre 3404 1252 233 179 179
fre 3396 1268 233 179 179
fre 3492 1252 233 179 179
fre 3580 1276 233 179 179
fre 3620 1268 233 179 179
fre 3636 1268 233 179 179
fre 3868 1260 233 179 179
fre 3892 1260 233 179 179
fre 3980 1260 233 179 179
zabor 208 1296 104 2 8
stand 216 1288 75 0 179
stand 216 1304 75 0 179
fre 252 1308 233 179 179
fre 292 1292 233 179 179
fre 324 1284 233 179 179
zabor 368 1296 65 1 8
stand 392 1304 75 0 179
stand 392 1288 75 0 179
fre 524 1308 234 179 179
fre 692 1292 160 179 179
fre 756 1300 230 179 179
fre 852 1292 160 179 179
stand 1080 1288 74 0 179
stand 1080 1304 74 0 179
zabor 1104 1296 64 1 8
fre 1204 1284 232 179 179
fre 1348 1308 232 179 179
fre 1468 1292 155 179 179
fre 1444 1292 233 179 179
fre 1508 1292 155 179 179
lay 1784 1304 82 0 179
tree 1784 1288 45 0 179
fre 1764 1292 160 179 179
dom 1888 1280 79 0 179
fre 2052 1300 150 179 179
fre 2180 1300 150 179 179
lay 2312 1288 66 0 179
zabor 2544 1296 105 2 8
stand 2552 1304 82 0 179
stand 2536 1304 78 0 179
zabor 2576 1296 104 2 8
fre 2564 1300 233 179 179
fre 2612 1308 233 179 179
fre 2644 1284 233 179 179
fre 2668 1284 233 179 179
fre 2748 1308 233 179 179
fre 2756 1292 233 179 179
fre 2908 1308 233 179 179
fre 2916 1292 233 179 179
fre 2972 1284 233 179 179
fre 2980 1292 233 179 179
fre 3028 1300 233 179 179
zabor 3056 1296 104 2 8
fre 3140 1292 233 179 179
fre 3428 1284 233 179 179
fre 3500 1284 233 179 179
fre 3516 1308 233 179 179
fre 3548 1292 233 179 179
fre 3532 1284 233 179 179
fre 3644 1300 233 179 179
fre 3660 1300 233 179 179
fre 3796 1284 233 179 179
fre 3828 1300 233 179 179
fre 156 1340 233 179 179
stand 152 1320 89 0 179
fre 196 1332 233 179 179
fre 212 1332 233 179 179
zabor 208 1328 105 2 8
stand 216 1336 75 0 179
stand 216 1320 75 0 179
zabor 368 1328 66 1 8
stand 392 1320 75 0 179
stand 392 1336 75 0 179
fre 796 1340 234 179 179
fre 868 1324 230 179 179
fre 908 1340 161 179 179
fre 1012 1340 160 179 179
fre 1036 1332 234 179 179
stand 1080 1320 74 0 179
stand 1080 1336 74 0 179
zabor 1104 1328 66 1 8
fre 1164 1324 232 179 179
fre 1252 1332 232 179 179
fre 1292 1316 160 179 179
fre 1420 1332 155 179 179
fre 1500 1316 155 179 179
fre 1532 1324 234 179 179
fre 1572 1324 234 179 179
trop 1700 1332 62 179 179
fre 1756 1332 160 179 179
fre 1852 1332 232 179 179
lay 1864 1320 70 0 179
stand 1864 1320 17 0 179
fre 1892 1316 232 179 179
fre 1948 1340 232 179 179
stand 1976 1320 12 0 179
fre 2036 1324 234 179 179
tree 2056 1320 19 0 179
tree 2056 1336 12 0 179
dom 2112 1312 127 0 179
fre 2164 1316 234 179 179
fre 2268 1340 150 179 179
fre 2356 1332 149 179 179
fre 2524 1340 231 179 179
stand 2552 1336 74 0 179
stand 2552 1320 74 0 179
zabor 2576 1328 104 2 8
fre 2588 1332 233 179 179
fre 2644 1340 233 179 179
fre 2700 1316 233 179 179
fre 2756 1332 233 179 179
fre 2804 1340 233 179 179
fre 2836 1316 233 179 179
fre 2860 1316 233 179 179
fre 3004 1316 233 179 179
zabor 3056 1328 104 2 8
fre 3084 1332 233 179 179
fre 3164 1316 233 179 179
fre 3220 1340 234 179 179
fre 3228 1316 233 179 179
fre 3260 1324 233 179 179
fre 3332 1316 233 179 179
fre 3420 1340 233 179 179
fre 3460 1332 233 179 179
fre 3476 1332 233 179 179
fre 3716 1332 233 179 179
fre 3820 1316 233 179 179
fre 3852 1340 231 179 179
fre 3868 1340 233 179 179
fre 3900 1324 233 179 179
fre 3876 1324 233 179 179
fre 3940 1332 233 179 179
fre 3996 1340 231 179 179
fre 220 1364 233 179 179
zabor 208 1360 105 2 8
stand 216 1368 75 0 179
stand 216 1352 75 0 179
fre 236 1364 233 179 179
dom 256 1344 26 0 179
fre 340 1372 233 179 179
zabor 368 1360 65 1 8
stand 392 1352 75 0 179
stand 392 1368 75 0 179
fre 412 1356 233 179 179
fre 412 1364 233 179 179
fre 460 1356 233 179 179
fre 500 1356 233 179 179
fre 516 1356 230 179 179
fre 612 1364 234 179 179
fre 652 1356 161 179 179
zabor 784 1360 66 1 8
stand 808 1368 75 0 179
stand 808 1352 82 0 179
stand 888 1352 85 0 179
stand 888 1368 75 0 179
zabor 912 1360 65 1 8
fre 964 1372 161 179 179
stand 1080 1368 74 0 179
stand 1080 1352 74 0 179
zabor 1104 1360 66 1 8
fre 1268 1364 232 179 179
fre 1348 1372 160 179 179
fre 1412 1356 234 179 179
fre 1444 1364 154 179 179
fre 1468 1364 155 179 179
dom 1440 1344 73 1 179
fre 1580 1372 209 179 179
tree 1656 1352 11 0 179
fre 1652 1356 128 179 179
tree 1640 1368 45 0 179
stand 1832 1352 18 0 179
stand 1864 1352 18 0 179
lay 1912 1368 6 0 179
stand 1960 1352 18 0 179
stand 2552 1368 74 0 179
stand 2552 1352 74 0 179
zabor 2576 1360 104 2 8
fre 2716 1372 231 179 179
fre 2780 1364 233 179 179
fre 2788 1364 233 179 179
fre 2868 1348 233 179 179
fre 2948 1364 233 179 179
fre 3028 1348 233 179 179
fre 3164 1356 233 179 179
fre 3188 1356 233 179 179
fre 3268 1348 233 179 179
fre 3276 1356 233 179 179
fre 3340 1348 233 179 179
fre 3388 1356 233 179 179
fre 3372 1348 233 179 179
fre 3484 1364 233 179 179
fre 3500 1364 233 179 179
fre 3532 1364 233 179 179
fre 3676 1348 233 179 179
fre 3708 1356 233 179 179
fre 3908 1364 233 179 179
fre 100 1404 160 179 179
zabor 208 1392 104 2 8
stand 216 1400 75 0 179
stand 216 1384 75 0 179
zabor 368 1392 66 1 8
stand 392 1384 75 0 179
stand 392 1400 75 0 179
fre 508 1404 230 179 179
fre 540 1404 161 179 179
fre 620 1404 230 179 179
dom 640 1376 56 0 179
fre 708 1388 230 179 179
zabor 784 1392 64 1 8
fre 772 1380 161 179 179
stand 824 1400 71 0 179
stand 808 1400 79 0 179
stand 808 1384 77 0 179
stand 824 1384 13 0 179
stand 856 1400 71 0 179
stand 840 1400 71 0 179
stand 888 1384 74 0 179
stand 888 1400 84 0 179
stand 872 1400 71 0 179
zabor 912 1392 65 1 8
stand 1080 1384 74 0 179
stand 1080 1400 84 0 179
fre 1084 1388 234 179 179
stand 1064 1400 90 0 179
zabor 1104 1392 66 1 8
fre 1116 1388 230 179 179
stand 1096 1400 114 0 179
fre 1180 1388 232 179 179
fre 1356 1404 154 179 179
dom 1440 1376 73 0 179
fre 1444 1388 155 179 179
fre 1524 1404 155 179 179
fre 2012 1404 234 179 179
fre 2068 1380 150 179 179
fre 2148 1388 234 179 179
tree 2296 1400 46 0 179
tree 2312 1400 47 0 179
tree 2328 1400 45 0 179
tree 2328 1384 50 0 179
stand 2552 1384 74 0 179
stand 2552 1400 74 0 179
zabor 2576 1392 105 2 8
fre 2748 1404 231 179 179
fre 2812 1396 233 179 179
fre 2908 1404 231 179 179
fre 2972 1396 233 179 179
fre 3092 1380 233 179 179
fre 3124 1396 233 179 179
fre 3316 1396 233 179 179
fre 3612 1388 233 179 179
fre 3636 1388 233 179 179
fre 3724 1388 233 179 179
fre 3900 1380 233 179 179
stand 152 1416 89 0 179
zabor 208 1424 105 2 8
stand 216 1432 75 0 179
stand 216 1416 75 0 179
fre 252 1412 233 179 179
fre 284 1420 233 179 179
zabor 368 1424 64 1 8
stand 392 1416 75 0 179
stand 392 1432 75 0 179
dom 512 1408 34 0 179
dom 640 1408 56 0 179
fre 700 1428 234 179 179
zabor 784 1424 64 1 8
zabor 816 1424 66 1 8
zabor 848 1424 65 1 8
zabor 880 1424 64 1 8
zabor 912 1424 64 1 8
fre 988 1420 234 179 179
fre 1204 1428 232 179 179
fre 1188 1412 232 179 179
fre 1308 1428 232 179 179
fre 1348 1412 232 179 179
fre 1380 1436 154 179 179
fre 1404 1420 155 179 179
fre 1404 1436 232 179 179
fre 1492 1436 155 179 179
fre 1532 1428 155 179 179
fre 1548 1436 155 179 179
fre 1540 1436 106 179 179
fre 1556 1420 234 179 179
tree 1640 1416 19 0 179
tree 1640 1432 45 0 179
trop 1724 1412 94 179 179
tree 1768 1432 50 0 179
tree 1800 1432 48 0 179
fre 1844 1428 232 179 179
lay 1912 1416 87 0 179
fre 1908 1412 232 179 179
lay 1928 1432 81 0 179
fre 2004 1420 232 179 179
fre 2260 1420 232 179 179
fre 2372 1420 233 179 179
fre 2436 1420 233 179 179
fre 2508 1420 149 179 179
stand 2552 1432 74 0 179
stand 2552 1416 74 0 179
zabor 2576 1424 105 2 8
fre 2684 1436 233 179 179
fre 2692 1420 233 179 179
fre 2916 1420 233 179 179
fre 3012 1428 233 179 179
zabor 3056 1424 104 2 8
fre 3116 1412 233 179 179
fre 3148 1436 231 179 179
fre 3164 1436 233 179 179
fre 3196 1420 233 179 179
fre 3172 1420 233 179 179
fre 3236 1428 233 179 179
fre 3292 1436 231 179 179
fre 3372 1428 233 179 179
fre 3516 1412 233 179 179
fre 3540 1412 233 179 179
fre 3548 1420 233 179 179
fre 3572 1428 233 179 179
fre 3756 1436 160 179 179
fre 3932 1436 233 179 179
fre 3956 1412 233 179 179
stand 152 1464 66 0 179
fre 188 1452 233 179 179
fre 212 1452 233 179 179
zabor 208 1456 104 2 8
stand 216 1448 75 0 179
stand 216 1464 75 0 179
fre 300 1452 233 179 179
zabor 368 1456 65 1 8
stand 392 1448 75 0 179
stand 392 1464 75 0 179
fre 460 1460 233 179 179
fre 564 1468 160 179 179
fre 556 1460 234 179 179
dom 640 1440 56 0 179
fre 740 1460 161 179 179
fre 812 1452 160 179 179
fre 844 1452 149 179 179
fre 908 1452 161 179 179
fre 932 1452 160 179 179
fre 948 1444 161 179 179
fre 1028 1452 160 179 179
fre 1124 1452 230 179 179
fre 1156 1468 232 179 179
dom 1280 1440 40 1 179
fre 1420 1444 160 179 179
fre 1532 1444 155 179 179
fre 1532 1468 160 179 179
fre 1556 1468 150 179 179
fre 1604 1452 234 179 179
fre 1652 1444 128 179 179
fre 1916 1452 232 179 179
fre 1996 1468 150 179 179
fre 2076 1460 234 179 179
fre 2324 1452 234 179 179
tree 2312 1448 5 0 179
tree 2328 1464 13 0 179
fre 2548 1444 233 179 179
stand 2552 1464 74 0 179
stand 2552 1448 74 0 179
zabor 2576 1456 105 2 8
fre 2580 1468 233 179 179
fre 2636 1444 233 179 179
dom 2624 1440 79 0 179
tree 2856 1464 47 0 179
fre 2940 1444 233 179 179
zabor 3056 1456 105 2 8
fre 3204 1460 233 179 179
fre 3452 1452 233 179 179
fre 3460 1460 233 179 179
fre 3476 1452 233 179 179
fre 3564 1444 233 179 179
fre 3740 1468 231 179 179
fre 148 1492 233 179 179
zabor 208 1488 105 2 8
stand 216 1496 75 0 179
stand 216 1480 75 0 179
fre 348 1484 233 179 179
zabor 368 1488 65 1 8
stand 392 1496 75 0 179
stand 392 1480 75 0 179
fre 620 1484 160 179 179
fre 628 1484 161 179 179
fre 828 1500 161 179 179
fre 908 1500 230 179 179
fre 924 1492 161 179 179
fre 916 1484 148 179 179
fre 940 1500 161 179 179
fre 1004 1476 160 179 179
fre 1220 1484 232 179 179
fre 1356 1476 155 179 179
fre 1396 1492 155 179 179
fre 1420 1500 160 179 179
fre 1444 1500 160 179 179
fre 1468 1500 234 179 179
fre 1500 1492 130 179 179
fre 1532 1484 155 179 179
fre 1532 1476 155 179 179
dom 1504 1472 99 0 179
dom 1600 1472 116 0 179
trop 1708 1492 62 179 179
tree 1784 1496 46 0 179
fre 1772 1476 128 179 179
tree 1800 1480 47 0 179
lay 1832 1480 86 0 179
fre 1828 1484 233 179 179
fre 1892 1484 233 179 179
lay 2072 1496 67 0 179
fre 2140 1500 233 179 179
fre 2148 1484 233 179 179
fre 2164 1476 232 179 179
fre 2220 1500 128 179 179
stand 2216 1480 99 0 179
fre 2308 1500 232 179 179
fre 2372 1484 233 179 179
fre 2404 1484 233 179 179
dom 2496 1472 26 1 179
stand 2552 1496 74 0 179
stand 2552 1480 74 0 179
zabor 2576 1488 105 2 8
tree 2648 1480 46 0 179
tree 2648 1496 47 0 179
fre 2724 1492 233 179 179
fre 2804 1476 233 179 179
fre 2972 1500 233 179 179
fre 2980 1484 233 179 179
zabor 3056 1488 104 2 8
zabor 3088 1488 104 2 8
fre 3196 1476 233 179 179
fre 3204 1484 233 179 179
fre 3380 1476 233 179 179
fre 3412 1492 233 179 179
fre 3780 1484 161 179 179
fre 140 1508 233 179 179
stand 152 1512 89 0 179
fre 172 1532 231 179 179
fre 188 1532 233 179 179
fre 220 1516 233 179 179
fre 196 1516 233 179 179
zabor 208 1520 104 2 8
stand 216 1528 75 0 179
stand 216 1512 75 0 179
fre 260 1524 233 179 179
fre 316 1532 231 179 179
zabor 368 1520 65 1 8
stand 392 1528 75 0 179
stand 392 1512 75 0 179
fre 404 1524 233 179 179
dom 448 1504 67 0 179
fre 516 1508 230 179 179
fre 588 1532 234 179 179
fre 876 1532 230 179 179
dom 864 1504 119 1 179
stand 904 1512 60 0 179
dom 928 1504 119 0 179
fre 956 1532 160 179 179
fre 988 1516 230 179 179
stand 968 1512 35 0 179
stand 984 1512 35 0 179
fre 1012 1516 234 179 179
dom 1024 1504 67 0 179
stand 1080 1512 82 0 179
stand 1080 1528 74 0 179
stand 1064 1512 76 0 179
zabor 1104 1520 65 1 8
fre 1140 1524 230 179 179
fre 1124 1508 234 179 179
fre 1164 1516 232 179 179
fre 1188 1516 230 179 179
stand 1288 1528 52 0 179
fre 1284 1532 154 179 179
fre 1300 1524 232 179 179
fre 1316 1532 155 179 179
fre 1364 1516 154 179 179
fre 1500 1532 155 179 179
fre 1476 1508 155 179 179
fre 1532 1532 155 179 179
fre 1508 1508 155 179 179
dom 1504 1504 90 0 179
trop 1732 1532 94 179 179
tree 1768 1512 43 0 179
fre 1780 1516 234 179 179
tree 1816 1528 49 0 179
lay 1832 1528 83 0 179
fre 1836 1524 128 179 179
fre 1980 1524 150 179 179
fre 2004 1508 233 179 179
fre 2036 1532 233 179 179
fre 2092 1508 233 179 179
stand 2104 1528 2 0 179
stand 2168 1512 94 0 179
stand 2152 1512 95 0 179
fre 2196 1508 128 179 179
stand 2184 1512 72 0 179
fre 2212 1524 232 179 179
stand 2232 1512 34 0 179
fre 2396 1508 233 179 179
tree 2408 1512 45 0 179
tree 2488 1512 25 0 179
tree 2472 1528 44 0 179
tree 2488 1528 9 0 179
fre 2532 1516 234 179 179
stand 2552 1528 74 0 179
stand 2552 1512 74 0 179
zabor 2576 1520 105 2 8
tree 2664 1528 44 0 179
fre 2684 1532 231 179 179
fre 2748 1524 233 179 179
fre 2868 1532 233 179 179
fre 2924 1508 233 179 179
zabor 3056 1520 104 2 8
fre 3228 1508 233 179 179
fre 3228 1532 233 179 179
fre 3252 1508 233 179 179
fre 3300 1524 233 179 179
fre 3404 1508 233 179 179
fre 3436 1532 231 179 179
fre 3452 1532 233 179 179
fre 3484 1516 233 179 179
fre 3460 1516 233 179 179
fre 3524 1524 233 179 179
fre 3660 1524 161 179 179
fre 3764 1508 163 179 179
fre 3812 1508 160 179 179
fre 100 1548 160 179 179
zabor 208 1552 104 2 8
stand 216 1560 79 0 179
stand 216 1544 75 0 179
fre 228 1556 233 179 179
stand 232 1560 87 0 179
fre 340 1556 233 179 179
zabor 368 1552 66 1 8
stand 392 1560 83 0 179
stand 408 1560 71 0 179
stand 392 1544 75 0 179
stand 440 1560 71 0 179
stand 424 1560 71 0 179
fre 420 1564 234 179 179
stand 472 1560 71 0 179
stand 456 1560 71 0 179
stand 504 1560 71 0 179
stand 488 1560 71 0 179
fre 500 1564 230 179 179
stand 536 1560 71 0 179
stand 520 1560 71 0 179
stand 568 1560 71 0 179
stand 552 1560 71 0 179
stand 600 1560 71 0 179
stand 584 1560 71 0 179
stand 632 1560 71 0 179
stand 616 1560 71 0 179
fre 628 1548 149 179 179
stand 664 1560 71 0 179
stand 648 1560 71 0 179
stand 696 1560 84 0 179
stand 680 1560 71 0 179
fre 700 1548 150 179 179
stand 696 1544 74 0 179
fre 772 1556 160 179 179
stand 840 1560 83 0 179
stand 856 1560 71 0 179
fre 844 1564 230 179 179
stand 840 1544 75 0 179
stand 888 1560 71 0 179
stand 872 1560 71 0 179
fre 892 1556 160 179 179
stand 920 1560 71 0 179
stand 904 1560 71 0 179
stand 952 1560 71 0 179
stand 936 1560 71 0 179
fre 940 1548 160 179 179
stand 984 1560 71 0 179
stand 968 1560 71 0 179
fre 972 1564 149 179 179
stand 1016 1560 71 0 179
stand 1000 1560 71 0 179
fre 1012 1564 150 179 179
stand 1048 1560 71 0 179
stand 1032 1560 71 0 179
stand 1080 1544 74 0 179
stand 1080 1560 84 0 179
stand 1064 1560 71 0 179
zabor 1104 1552 64 1 8
fre 1108 1540 232 179 179
fre 1124 1556 233 179 179
fre 1140 1540 234 179 179
fre 1132 1564 234 179 179
fre 1316 1556 155 179 179
fre 1404 1540 155 179 179
fre 1532 1556 234 179 179
fre 1580 1556 106 179 179
tree 1608 1544 46 0 179
tree 1640 1560 47 0 179
stand 1640 1544 96 0 179
fre 1668 1548 128 179 179
fre 1788 1556 128 179 179
fre 1836 1548 128 179 179
fre 1860 1548 233 179 179
dom 2080 1536 19 0 179
stand 2104 1544 13 0 179
stand 2088 1560 35 0 179
fre 2124 1548 128 179 179
fre 2180 1556 233 179 179
fre 2228 1556 232 179 179
fre 2260 1540 233 179 179
fre 2372 1548 234 179 179
stand 2552 1560 74 0 179
stand 2552 1544 74 0 179
zabor 2576 1552 104 2 8
tree 2648 1560 45 0 179
fre 2844 1564 233 179 179
fre 2852 1548 233 179 179
fre 3012 1556 233 179 179
zabor 3056 1552 105 2 8
fre 3076 1548 233 179 179
fre 3092 1540 233 179 179
lay 3448 1560 74 0 179
fre 3492 1556 233 179 179
fre 3740 1564 163 179 179
fre 3764 1564 160 179 179
fre 3796 1564 161 179 179
fre 3820 1548 161 179 179
fre 3868 1556 163 179 179
fre 3860 1556 160 179 179
fre 3900 1564 160 179 179
fre 220 1572 233 179 179
zabor 208 1584 104 2 8
zabor 240 1584 104 2 8
zabor 368 1584 65 1 8
fre 356 1588 233 179 179
zabor 400 1584 64 1 8
zabor 432 1584 64 1 8
stand 424 1592 72 0 179
stand 440 1592 95 0 179
zabor 464 1584 64 1 8
fre 460 1596 234 179 179
stand 456 1592 72 0 179
stand 472 1592 94 0 179
zabor 496 1584 64 1 8
fre 500 1588 234 179 179
stand 504 1592 72 0 179
stand 488 1592 72 0 179
zabor 528 1584 64 1 8
stand 520 1592 95 0 179
stand 536 1592 35 0 179
zabor 560 1584 65 1 8
stand 568 1592 35 0 179
zabor 592 1584 66 1 8
zabor 624 1584 66 1 8
fre 628 1572 160 179 179
fre 612 1580 161 179 179
zabor 656 1584 64 1 8
zabor 688 1584 66 1 8
fre 732 1580 160 179 179
fre 724 1572 161 179 179
fre 764 1588 160 179 179
fre 796 1572 150 179 179
fre 812 1588 230 179 179
fre 804 1580 160 179 179
fre 812 1572 161 179 179
fre 820 1580 161 179 179
zabor 848 1584 64 1 8
fre 852 1580 160 179 179
zabor 880 1584 65 1 8
fre 892 1596 160 179 179
zabor 912 1584 66 1 8
zabor 944 1584 65 1 8
zabor 976 1584 64 1 8
zabor 1008 1584 64 1 8
zabor 1040 1584 64 1 8
fre 1044 1572 230 179 179
zabor 1072 1584 66 1 8
fre 1076 1596 232 179 179
zabor 1104 1584 65 1 8
fre 1100 1588 234 179 179
fre 1188 1588 232 179 179
fre 1268 1596 160 179 179
fre 1260 1596 160 179 179
fre 1324 1596 160 179 179
fre 1580 1580 232 179 179
lay 1656 1592 78 0 179
lay 1672 1592 77 0 179
fre 1884 1580 106 179 179
fre 1916 1580 128 179 179
fre 1988 1580 234 179 179
dom 1984 1568 14 1 179
fre 2124 1588 137 179 179
fre 2204 1588 233 179 179
dom 2432 1568 0 0 179
tree 2488 1576 50 0 179
stand 2552 1592 74 0 179
stand 2552 1576 74 0 179
zabor 2576 1584 105 2 8
fre 2628 1580 150 179 179
fre 2740 1596 233 179 179
fre 2796 1572 233 179 179
fre 2972 1596 231 179 179
fre 3036 1588 233 179 179
fre 3100 1572 233 179 179
fre 3484 1572 233 179 179
fre 3804 1596 160 179 179
dom 3808 1568 79 0 179
fre 3852 1580 160 179 179
fre 3916 1596 160 179 179
fre 252 1628 233 179 179
fre 276 1604 233 179 179
fre 388 1628 233 179 179
stand 408 1608 99 0 179
fre 476 1620 230 179 179
fre 460 1620 234 179 179
fre 540 1620 160 179 179
dom 640 1600 56 0 179
stand 696 1608 104 0 179
fre 796 1620 149 179 179
fre 828 1604 160 179 179
stand 824 1608 104 0 179
fre 900 1628 230 179 179
fre 1076 1604 230 179 179
fre 1092 1620 160 179 179
fre 1156 1620 134 179 179
fre 1212 1604 160 179 179
fre 1204 1620 234 179 179
dom 1280 1600 8 1 179
fre 1316 1628 230 179 179
fre 1388 1612 160 179 179
fre 1444 1612 149 179 179
dom 1792 1600 126 0 179
stand 1800 1624 119 0 179
stand 1800 1608 114 0 179
dom 1888 1600 23 0 179
stand 2104 1624 79 0 179
stand 2104 1608 75 0 179
zabor 2096 1616 65 1 8
stand 2120 1624 67 0 179
stand 2136 1624 67 0 179
fre 2164 1620 232 179 179
stand 2152 1624 67 0 179
stand 2168 1624 67 0 179
stand 2200 1624 67 0 179
stand 2184 1624 67 0 179
stand 2216 1624 67 0 179
stand 2232 1624 67 0 179
fre 2268 1620 232 179 179
stand 2248 1624 67 0 179
stand 2264 1624 67 0 179
stand 2280 1624 67 0 179
stand 2296 1624 67 0 179
fre 2308 1604 232 179 179
stand 2312 1624 67 0 179
stand 2328 1624 84 0 179
stand 2328 1608 77 0 179
zabor 2352 1616 66 1 8
fre 2452 1612 234 179 179
fre 2476 1620 128 179 179
stand 2552 1624 84 0 179
stand 2552 1608 74 0 179
stand 2536 1624 71 0 179
zabor 2576 1616 104 2 8
fre 2580 1604 234 179 179
fre 2884 1620 233 179 179
fre 2964 1604 233 179 179
fre 3164 1628 149 179 179
fre 3268 1612 163 179 179
lay 3320 1624 66 0 179
fre 3340 1628 140 179 179
fre 3348 1628 163 179 179
fre 3516 1628 233 179 179
fre 3540 1604 233 179 179
fre 3740 1604 160 179 179
fre 3772 1620 160 179 179
fre 3772 1612 105 179 179
fre 3788 1628 105 179 179
fre 3852 1604 160 179 179
fre 3900 1612 230 179 179
fre 524 1652 234 179 179
fre 548 1644 160 179 179
fre 628 1644 160 179 179
fre 652 1652 230 179 179
fre 644 1644 234 179 179
fre 692 1660 160 179 179
fre 716 1636 161 179 179
fre 716 1652 148 179 179
fre 932 1652 160 179 179
fre 1004 1660 230 179 179
fre 1012 1644 134 179 179
dom 992 1632 63 0 179
stand 1048 1656 91 0 179
fre 1060 1636 161 179 179
fre 1116 1660 160 179 179
fre 1108 1652 134 179 179
fre 1132 1652 230 179 179
fre 1164 1644 160 179 179
fre 1180 1644 128 179 179
dom 1216 1632 0 0 179
stand 1288 1640 96 0 179
fre 1324 1660 234 179 179
fre 1404 1660 234 179 179
fre 1420 1644 160 179 179
tree 1416 1656 33 0 179
fre 1452 1644 160 179 179
fre 1596 1644 232 179 179
fre 1692 1636 128 179 179
fre 1924 1636 150 179 179
stand 2088 1656 103 0 179
zabor 2096 1648 65 1 8
fre 2116 1660 232 179 179
zabor 2128 1648 66 1 8
zabor 2160 1648 66 1 8
zabor 2192 1648 65 1 8
zabor 2224 1648 64 1 8
zabor 2256 1648 65 1 8
zabor 2288 1648 66 1 8
zabor 2320 1648 64 1 8
zabor 2352 1648 65 1 8
stand 2456 1656 103 0 179
fre 2516 1660 150 179 179
zabor 2544 1648 105 2 8
zabor 2576 1648 104 2 8
fre 2684 1660 233 179 179
fre 2692 1644 233 179 179
fre 2844 1660 231 179 179
fre 2908 1652 233 179 179
fre 2916 1644 233 179 179
fre 3132 1660 234 179 179
fre 3140 1636 163 179 179
fre 3188 1636 163 179 179
lay 3352 1640 73 0 179
fre 3388 1660 149 179 179
fre 3396 1652 140 179 179
fre 3396 1660 163 179 179
lay 3416 1656 7 0 179
fre 3596 1644 163 179 179
fre 3620 1652 149 179 179
fre 3636 1652 149 179 179
fre 3700 1652 161 179 179
fre 3772 1636 230 179 179
fre 3796 1652 148 179 179
fre 3796 1660 160 179 179
fre 3900 1652 163 179 179
fre 3932 1644 230 179 179
fre 3916 1636 161 179 179
fre 172 1692 158 179 179
fre 308 1668 233 179 179
dom 288 1664 72 0 179
fre 324 1676 233 179 179
dom 512 1664 107 0 179
dom 640 1664 45 0 179
fre 700 1676 230 179 179
fre 676 1692 160 179 179
fre 756 1668 161 179 179
fre 972 1676 134 179 179
fre 1100 1684 99 179 179
fre 1092 1684 135 179 179
fre 1180 1684 234 179 179
dom 1440 1664 18 0 179
dom 1472 1664 24 0 179
fre 1516 1692 234 179 179
fre 1508 1676 128 179 179
fre 1620 1684 232 179 179
fre 1604 1668 232 179 179
dom 1632 1664 4 0 179
tree 1688 1688 24 0 179
fre 1724 1684 232 179 179
fre 1764 1668 232 179 179
fre 1820 1692 232 179 179
fre 1908 1676 234 179 179
fre 2036 1668 234 179 179
fre 2180 1676 232 179 179
fre 2364 1676 128 179 179
fre 2428 1692 234 179 179
fre 2580 1692 233 179 179
fre 2636 1668 233 179 179
fre 2940 1668 233 179 179
lay 2936 1672 74 0 179
fre 3196 1692 234 179 179
fre 3260 1684 143 179 179
lay 3240 1672 73 0 179
fre 3284 1676 234 179 179
fre 3268 1684 140 179 179
dom 3488 1664 79 0 179
fre 3604 1668 161 179 179
fre 3604 1676 160 179 179
fre 3612 1684 163 179 179
fre 3684 1692 161 179 179
tree 3752 1688 49 0 179
fre 3772 1668 163 179 179
stand 3784 1672 0 0 179
fre 3804 1692 150 179 179
stand 3816 1688 5 0 179
stand 3864 1672 5 0 179
fre 3940 1692 161 179 179
fre 3972 1692 160 179 179
fre 244 1708 234 179 179
dom 224 1696 67 0 179
fre 284 1724 234 179 179
fre 356 1716 233 179 179
fre 428 1700 234 179 179
fre 724 1716 150 179 179
fre 764 1700 160 179 179
fre 836 1700 160 179 179
fre 836 1724 161 179 179
fre 836 1708 149 179 179
fre 876 1724 134 179 179
fre 916 1700 134 179 179
fre 988 1700 134 179 179
fre 1052 1724 135 179 179
fre 1172 1708 161 179 179
trop 1300 1700 123 179 179
tree 1560 1720 4 0 179
fre 1572 1724 232 179 179
stand 1608 1720 60 0 179
stand 1688 1720 60 0 179
fre 1972 1708 150 179 179
fre 2260 1716 232 179 179
fre 2324 1700 232 179 179
fre 2372 1708 128 179 179
fre 2420 1708 232 179 179
fre 2724 1716 233 179 179
fre 2804 1700 233 179 179
lay 2808 1720 67 0 179
lay 2952 1704 73 0 179
fre 3004 1700 163 179 179
lay 3016 1704 72 0 179
fre 3196 1700 163 179 179
fre 3364 1708 142 179 179
fre 3420 1708 140 179 179
fre 3452 1724 163 179 179
tree 3480 1720 2 0 179
fre 3612 1724 160 179 179
dom 3616 1696 1 0 179
tree 3784 1720 46 0 179
tree 3800 1704 50 0 179
fre 3788 1708 150 179 179
fre 3804 1708 230 179 179
fre 3828 1700 150 179 179
fre 3828 1708 163 179 179
tree 3848 1704 46 0 179
fre 3844 1716 160 179 179
tree 3896 1720 43 0 179
fre 3916 1700 150 179 179
fre 3948 1724 160 179 179
lay 264 1752 96 0 179
fre 396 1732 233 179 179
fre 692 1732 230 179 179
fre 876 1756 230 179 179
fre 924 1732 160 179 179
fre 940 1756 230 179 179
fre 988 1748 230 179 179
fre 980 1756 128 179 179
fre 964 1740 135 179 179
fre 996 1748 135 179 179
fre 1052 1740 160 179 179
fre 1036 1740 161 179 179
fre 1060 1756 210 179 179
tree 1064 1752 5 0 179
lay 1096 1736 11 0 179
trop 1300 1740 123 179 179
trop 1340 1732 114 179 179
fre 1636 1740 232 179 179
tree 1832 1736 33 0 179
tree 1848 1736 32 0 179
fre 1884 1756 234 179 179
fre 2004 1748 147 179 179
tree 2024 1736 5 0 179
tree 2024 1752 4 0 179
tree 2120 1752 3 0 179
tree 2120 1736 2 0 179
fre 2140 1748 128 179 179
fre 2204 1756 147 179 179
fre 2308 1756 147 179 179
fre 2332 1740 232 179 179
fre 2404 1756 147 179 179
fre 2492 1748 234 179 179
dom 2624 1728 79 0 179
fre 2684 1756 231 179 179
fre 2748 1748 233 179 179
lay 2904 1752 71 0 179
fre 2940 1748 163 179 179
fre 3012 1756 230 179 179
fre 3132 1748 149 179 179
fre 3212 1732 143 179 179
fre 3260 1756 136 179 179
tree 3256 1752 50 0 179
tree 3464 1736 1 0 179
fre 3508 1740 163 179 179
dom 3488 1728 2 0 179
tree 3576 1752 44 0 179
tree 3576 1736 50 0 179
fre 3596 1732 163 179 179
fre 3636 1756 163 179 179
fre 3676 1748 161 179 179
stand 3768 1736 0 0 179
tree 3768 1752 45 0 179
tree 3784 1752 47 0 179
tree 3880 1752 44 0 179
fre 3892 1756 230 179 179
tree 3912 1736 31 0 179
fre 3980 1756 163 179 179
fre 148 1780 158 179 179
zabor 208 1776 104 2 8
stand 216 1768 75 0 179
stand 216 1784 83 0 179
stand 248 1784 67 0 179
stand 232 1784 67 0 179
stand 280 1784 67 0 179
stand 264 1784 67 0 179
zabor 304 1776 104 2 8
stand 296 1768 74 0 179
stand 296 1784 84 0 179
zabor 368 1776 105 2 8
fre 372 1772 233 179 179
stand 376 1784 79 0 179
stand 376 1768 69 0 179
fre 404 1764 233 179 179
stand 392 1784 71 0 179
stand 408 1784 71 0 179
stand 424 1784 71 0 179
stand 440 1784 71 0 179
fre 452 1772 233 179 179
stand 456 1784 71 0 179
stand 472 1784 71 0 179
stand 488 1784 71 0 179
stand 504 1784 71 0 179
stand 520 1784 71 0 179
stand 536 1784 71 0 179
fre 572 1764 234 179 179
trop 564 1788 65 179 179
stand 552 1784 71 0 179
stand 568 1784 71 0 179
stand 584 1784 71 0 179
stand 600 1784 71 0 179
stand 616 1784 71 0 179
stand 632 1784 71 0 179
fre 644 1764 160 179 179
stand 664 1784 71 0 179
stand 648 1784 71 0 179
fre 684 1788 160 179 179
stand 680 1784 71 0 179
stand 696 1784 84 0 179
stand 696 1768 77 0 179
fre 708 1780 161 179 179
zabor 720 1776 104 2 8
fre 740 1780 230 179 179
fre 884 1764 161 179 179
fre 924 1772 161 179 179
fre 916 1764 149 179 179
zabor 912 1776 65 1 8
tree 920 1768 32 0 179
zabor 944 1776 64 1 8
fre 940 1764 128 179 179
fre 980 1764 161 179 179
zabor 976 1776 65 1 8
zabor 1008 1776 66 1 8
fre 1020 1764 128 179 179
fre 1044 1780 150 179 179
zabor 1040 1776 64 1 8
fre 1084 1780 161 179 179
zabor 1072 1776 64 1 8
tree 1064 1768 4 0 179
tree 1080 1768 13 0 179
fre 1108 1772 128 179 179
fre 1180 1764 128 179 179
fre 1324 1764 100 179 179
fre 1716 1780 232 179 179
fre 1780 1764 232 179 179
tree 1848 1784 1 0 179
dom 1824 1760 21 0 179
fre 1836 1780 147 179 179
fre 1876 1772 232 179 179
fre 1876 1788 128 179 179
dom 2048 1760 8 0 179
fre 2068 1772 147 179 179
fre 2076 1764 150 179 179
fre 2084 1764 138 179 179
fre 2132 1780 147 179 179
fre 2164 1764 150 179 179
fre 2252 1780 128 179 179
fre 2292 1772 34 179 179
fre 2364 1788 150 179 179
fre 2396 1788 138 179 179
fre 2508 1780 147 179 179
fre 2580 1780 128 179 179
fre 2732 1780 147 179 179
stand 2824 1784 11 0 179
stand 2936 1784 12 0 179
fre 3052 1788 143 179 179
fre 3100 1780 163 179 179
fre 3108 1780 234 179 179
fre 3132 1772 143 179 179
fre 3196 1788 136 179 179
fre 3228 1788 147 179 179
fre 3212 1780 112 179 179
lay 3224 1784 101 0 179
dom 3232 1760 79 0 179
fre 3268 1764 112 179 179
fre 3388 1788 147 179 179
fre 3452 1788 163 179 179
fre 3524 1788 160 179 179
fre 3556 1764 163 179 179
fre 3692 1788 160 179 179
tree 3752 1784 44 0 179
stand 3784 1768 0 0 179
fre 3804 1788 150 179 179
fre 3836 1788 142 179 179
stand 3816 1784 5 0 179
stand 3864 1768 5 0 179
trop 3852 1772 13 179 179
stand 3896 1784 0 0 179
fre 3948 1764 161 179 179
zabor 208 1808 105 2 8
fre 212 1820 234 179 179
zabor 240 1808 104 2 8
zabor 272 1808 105 2 8
fre 268 1812 234 179 179
zabor 304 1808 105 2 8
zabor 368 1808 104 2 8
zabor 400 1808 105 2 8
zabor 432 1808 104 2 8
zabor 464 1808 105 2 8
zabor 496 1808 104 2 8
zabor 528 1808 105 2 8
zabor 560 1808 104 2 8
zabor 592 1808 105 2 8
zabor 624 1808 105 2 8
fre 612 1796 234 179 179
zabor 656 1808 105 2 8
zabor 688 1808 104 2 8
fre 684 1820 149 179 179
zabor 720 1808 105 2 8
fre 756 1812 147 179 179
fre 788 1796 160 179 179
fre 844 1796 134 179 179
zabor 912 1808 65 1 8
fre 924 1796 128 179 179
tree 904 1800 28 0 179
tree 952 1800 30 0 179
tree 936 1800 30 0 179
tree 952 1816 30 0 179
tree 936 1816 30 0 179
fre 996 1820 160 179 179
fre 1012 1812 128 179 179
dom 992 1792 68 0 179
zabor 1008 1808 105 2 8
fre 1132 1812 230 179 179
fre 1204 1804 150 179 179
dom 1216 1792 6 0 179
trop 1276 1804 116 179 179
fre 1260 1812 128 179 179
trop 1300 1804 123 179 179
dom 1408 1792 125 1 179
tree 1512 1816 0 0 179
tree 1528 1816 3 0 179
fre 1724 1796 147 179 179
fre 1788 1804 232 179 179
fre 1764 1796 128 179 179
fre 1924 1804 147 179 179
fre 1948 1812 234 179 179
tree 1992 1800 28 0 179
fre 2012 1804 147 179 179
fre 2020 1796 138 179 179
dom 2112 1792 79 0 179
fre 2156 1796 138 179 179
fre 2308 1804 128 179 179
tree 2376 1800 14 0 179
tree 2376 1816 2 0 179
fre 2428 1796 147 179 179
fre 2444 1820 138 179 179
fre 2524 1804 147 179 179
tree 2584 1800 36 0 179
fre 2572 1820 138 179 179
fre 2780 1812 230 179 179
fre 2828 1820 147 179 179
fre 2836 1796 230 179 179
lay 2904 1800 73 0 179
fre 2916 1796 140 179 179
fre 2956 1804 230 179 179
lay 2968 1816 73 0 179
fre 3052 1812 130 179 179
fre 3212 1804 112 179 179
lay 3240 1800 100 0 179
fre 3308 1804 147 179 179
fre 3308 1812 136 179 179
fre 3348 1796 140 179 179
fre 3476 1796 145 179 179
fre 3548 1796 150 179 179
fre 3564 1812 161 179 179
fre 3620 1820 100 179 179
fre 3652 1820 160 179 179
fre 3716 1804 161 179 179
tree 3784 1816 46 0 179
tree 3800 1800 50 0 179
fre 3788 1804 150 179 179
fre 3828 1796 150 179 179
tree 3864 1800 49 0 179
tree 3848 1800 46 0 179
tree 3896 1816 43 0 179
stand 3928 1816 5 0 179
fre 3908 1796 150 179 179
fre 3916 1796 150 179 179
fre 3916 1812 230 179 179
fre 3956 1804 161 179 179
fre 3972 1820 160 179 179
fre 92 1836 160 179 179
fre 268 1828 234 179 179
fre 468 1844 234 179 179
fre 468 1836 233 179 179
trop 532 1836 65 179 179
fre 772 1828 160 179 179
fre 804 1852 150 179 179
fre 884 1836 230 179 179
zabor 912 1840 65 1 8
tree 936 1832 30 0 179
tree 952 1832 30 0 179
tree 936 1848 30 0 179
tree 952 1848 30 0 179
fre 1020 1852 128 179 179
fre 1044 1828 128 179 179
fre 1164 1836 128 179 179
trop 1308 1828 123 179 179
fre 1356 1828 128 179 179
fre 1428 1836 128 179 179
fre 1452 1836 230 179 179
fre 1508 1844 99 179 179
fre 1596 1836 234 179 179
tree 1672 1832 46 0 179
fre 1860 1852 128 179 179
fre 1900 1844 145 179 179
fre 1900 1836 230 179 179
fre 1972 1836 138 179 179
dom 1984 1824 9 0 179
stand 2248 1848 5 0 179
tree 2280 1848 27 0 179
tree 2296 1848 33 0 179
tree 2328 1832 24 0 179
stand 2376 1848 0 0 179
fre 2428 1828 150 179 179
dom 2432 1824 17 1 179
dom 2560 1824 9 0 179
fre 2580 1828 147 179 179
fre 2644 1852 230 179 179
fre 2732 1828 230 179 179
fre 2764 1852 138 179 179
fre 2908 1852 149 179 179
fre 2892 1844 154 179 179
vor 2964 1828 32 0 0
fre 2972 1844 133 179 179
fre 3012 1836 148 179 179
fre 3116 1844 130 179 179
fre 3108 1844 136 179 179
fre 3188 1844 112 179 179
tree 3224 1848 14 0 179
fre 3260 1844 100 179 179
fre 3252 1852 111 179 179
fre 3244 1828 112 179 179
fre 3276 1852 112 179 179
fre 3300 1852 143 179 179
stand 3304 1848 5 0 179
fre 3332 1852 140 179 179
lay 3352 1848 101 0 179
fre 3388 1828 99 179 179
dom 3488 1824 14 1 179
fre 3684 1852 160 179 179
fre 3732 1844 161 179 179
stand 3768 1832 0 0 179
tree 3768 1848 45 0 179
tree 3752 1848 49 0 179
tree 3784 1848 47 0 179
stand 3784 1832 0 0 179
fre 3804 1852 160 179 179
stand 3816 1848 5 0 179
stand 3864 1832 5 0 179
tree 3880 1848 44 0 179
tree 3912 1832 31 0 179
fre 132 1868 160 179 179
fre 244 1884 160 179 179
fre 308 1868 160 179 179
fre 460 1884 233 179 179
tree 600 1864 45 0 179
tree 584 1880 9 0 179
fre 604 1884 160 179 179
fre 596 1876 234 179 179
fre 692 1884 161 179 179
fre 884 1884 161 179 179
fre 916 1868 160 179 179
zabor 912 1872 65 1 8
fre 900 1876 128 179 179
tree 936 1880 49 0 179
tree 952 1880 49 0 179
tree 936 1864 49 0 179
tree 952 1864 49 0 179
stand 984 1864 34 0 179
fre 988 1868 160 179 179
fre 1020 1868 160 179 179
fre 1020 1876 128 179 179
fre 1084 1860 230 179 179
fre 1068 1868 154 179 179
trop 1068 1884 13 179 179
dom 1088 1856 124 1 179
fre 1196 1860 234 179 179
trop 1300 1860 123 179 179
tree 1352 1880 15 0 179
tree 1352 1864 14 0 179
fre 1644 1884 230 179 179
dom 1696 1856 19 0 179
fre 1724 1876 143 179 179
fre 1772 1868 230 179 179
fre 1796 1876 143 179 179
fre 1940 1860 230 179 179
fre 2052 1860 138 179 179
fre 2156 1860 230 179 179
tree 2184 1864 25 0 179
stand 2200 1880 5 0 179
stand 2232 1880 0 0 179
stand 2280 1864 22 0 179
stand 2312 1880 6 0 179
stand 2312 1864 5 0 179
stand 2344 1880 6 0 179
stand 2360 1864 5 0 179
tree 2392 1864 3 0 179
stand 2456 1864 119 0 179
fre 2588 1860 230 179 179
tree 2680 1880 2 0 0
fre 2692 1876 138 179 179
fre 2860 1868 142 179 179
fre 2996 1860 140 179 179
fre 3020 1884 133 179 179
fre 3060 1860 147 179 179
fre 3076 1884 130 179 179
fre 3180 1868 112 179 179
tree 3192 1880 42 0 179
tree 3224 1864 50 0 179
fre 3228 1876 128 179 179
fre 3244 1876 135 179 179
stand 3256 1864 33 0 179
stand 3304 1880 0 0 179
stand 3384 1880 95 0 179
stand 3416 1880 35 0 179
stand 3400 1880 94 0 179
dom 3392 1856 17 0 179
fre 3572 1876 160 179 179
fre 3596 1860 160 179 179
tree 3752 1880 44 0 179
tree 3768 1880 27 0 179
tree 3784 1880 46 0 179
tree 3800 1864 50 0 179
fre 3788 1868 150 179 179
fre 3836 1884 142 179 179
fre 3828 1860 150 179 179
tree 3848 1864 46 0 179
stand 3896 1880 0 0 179
tree 3896 1880 43 0 179
fre 3916 1860 150 179 179
fre 3948 1876 161 179 179
fre 3972 1884 160 179 179
fre 3980 1860 163 179 179
fre 124 1916 160 179 179
fre 172 1900 160 179 179
trop 180 1892 65 179 179
fre 308 1892 234 179 179
fre 324 1908 160 179 179
fre 412 1900 160 179 179
fre 532 1900 233 179 179
fre 652 1892 148 179 179
fre 764 1916 161 179 179
trop 764 1892 13 179 179
zabor 912 1904 66 1 8
tree 920 1912 21 0 179
fre 948 1892 161 179 179
tree 936 1896 49 0 179
tree 952 1912 49 0 179
tree 952 1896 49 0 179
tree 936 1912 33 0 179
tree 968 1912 13 0 179
tree 984 1912 13 0 179
fre 1004 1892 161 179 179
fre 1020 1900 148 179 179
tree 1000 1912 13 0 179
tree 1016 1912 13 0 179
fre 1068 1892 209 179 179
tree 1080 1912 50 0 179
fre 1244 1900 128 179 179
dom 1376 1888 17 0 179
fre 1524 1916 144 179 179
fre 1628 1908 144 179 179
fre 1676 1908 140 179 179
fre 1748 1916 145 179 179
fre 1772 1908 140 179 179
tree 1800 1896 36 0 179
fre 1844 1916 145 179 179
fre 1836 1908 143 179 179
tree 1864 1896 14 0 179
fre 1868 1908 143 179 179
fre 1860 1908 143 179 179
fre 1964 1916 138 179 179
tree 2184 1912 26 0 179
stand 2200 1912 5 0 179
stand 2248 1912 33 0 179
stand 2296 1896 5 0 179
fre 2284 1916 122 179 179
stand 2344 1912 0 0 179
stand 2376 1896 73 0 179
lay 2392 1896 74 0 179
dom 2432 1888 124 0 179
fre 2564 1892 209 179 179
fre 2604 1908 140 179 179
fre 2772 1892 147 179 179
fre 2900 1916 138 179 179
lay 2888 1912 67 0 179
fre 2996 1916 147 179 179
fre 3068 1892 150 179 179
vor 3084 1892 0 0 0
dom 3104 1888 79 0 179
fre 3164 1908 130 179 179
stand 3192 1912 5 0 179
tree 3208 1912 13 0 179
fre 3260 1908 134 179 179
tree 3240 1896 11 0 179
stand 3240 1896 5 0 179
stand 3288 1912 5 0 179
fre 3316 1892 163 179 179
stand 3320 1912 29 0 179
fre 3340 1900 143 179 179
fre 3372 1916 112 179 179
fre 3372 1908 136 179 179
fre 3380 1900 163 179 179
fre 3564 1908 210 179 179
fre 3620 1908 161 179 179
fre 3676 1900 160 179 179
dom 3648 1888 64 0 179
stand 3768 1896 0 0 179
tree 3768 1912 45 0 179
tree 3784 1912 47 0 179
tree 3864 1896 49 0 179
fre 3860 1908 163 179 179
tree 3880 1912 44 0 179
stand 3928 1912 5 0 179
fre 3908 1892 150 179 179
tree 3912 1896 31 0 179
fre 3948 1916 161 179 179
fre 148 1932 160 179 179
trop 156 1948 65 179 179
fre 324 1948 234 179 179
fre 364 1932 160 179 179
fre 452 1948 234 179 179
fre 892 1924 128 179 179
zabor 912 1936 65 1 8
tree 936 1944 49 0 179
tree 952 1944 49 0 179
tree 952 1928 49 0 179
fre 972 1948 230 179 179
tree 968 1944 13 0 179
tree 984 1944 13 0 179
tree 968 1928 31 0 179
tree 984 1928 31 0 179
fre 1004 1932 161 179 179
tree 1016 1944 13 0 179
tree 1000 1944 13 0 179
tree 1000 1928 31 0 179
tree 1016 1928 31 0 179
dom 992 1920 78 0 179
fre 1036 1924 161 179 179
fre 1244 1940 230 179 179
dom 1248 1920 112 1 179
trop 1316 1940 116 179 179
fre 1316 1932 99 179 179
trop 1372 1940 114 179 179
trop 1428 1948 122 179 179
fre 1436 1940 144 179 179
fre 1428 1948 143 179 179
fre 1468 1932 144 179 179
fre 1460 1948 143 179 179
fre 1484 1932 145 179 179
fre 1564 1932 144 179 179
fre 1556 1924 143 179 179
fre 1564 1940 140 179 179
fre 1572 1924 145 179 179
fre 1668 1924 140 179 179
fre 1804 1940 130 179 179
tree 1880 1944 2 0 179
fre 1924 1932 143 179 179
fre 1924 1924 138 179 179
tree 2120 1928 14 0 179
tree 2152 1928 5 0 179
stand 2168 1944 73 0 179
stand 2184 1928 6 0 179
stand 2216 1944 6 0 179
stand 2360 1928 23 0 179
tree 2376 1928 12 0 179
tree 2424 1944 4 0 179
tree 2408 1944 11 0 179
fre 2468 1924 138 179 179
fre 2524 1924 230 179 179
stand 2552 1928 6 0 179
fre 2572 1932 130 179 179
stand 2568 1928 5 0 179
tree 2664 1944 46 0 179
tree 2680 1944 30 0 179
dom 2752 1920 79 0 179
fre 3020 1940 136 179 179
fre 3108 1940 130 179 179
tree 3192 1928 13 0 179
stand 3192 1928 0 0 179
fre 3220 1948 122 179 179
tree 3224 1928 13 0 179
fre 3276 1932 128 179 179
fre 3340 1924 97 179 179
stand 3336 1944 0 0 179
fre 3364 1940 112 179 179
lay 3400 1928 100 0 179
fre 3436 1932 163 179 179
lay 3464 1944 101 0 179
dom 3488 1920 9 0 179
fre 3524 1948 145 179 179
fre 3588 1932 160 179 179
lay 3640 1928 96 0 179
fre 3684 1940 160 179 179
tree 3752 1928 32 0 179
tree 3752 1944 44 0 179
stand 3784 1944 73 0 179
tree 3784 1928 24 0 179
fre 3836 1948 142 179 179
fre 3812 1940 230 179 179
stand 3896 1944 0 0 179
fre 3980 1924 160 179 179
fre 3996 1948 163 179 179
stand 136 1960 0 0 179
fre 156 1980 150 179 179
stand 168 1976 5 0 179
trop 188 1964 65 179 179
dom 160 1952 78 0 179
fre 204 1964 160 179 179
stand 216 1960 5 0 179
fre 260 1972 160 179 179
dom 320 1952 87 0 179
stand 440 1976 99 0 179
fre 572 1972 160 179 179
dom 576 1952 87 1 179
fre 668 1964 161 179 179
fre 804 1964 160 179 179
fre 948 1964 128 179 179
fre 1140 1972 234 179 179
fre 1228 1964 128 179 179
stand 1256 1976 92 0 179
stand 1256 1960 35 0 179
stand 1272 1960 35 0 179
fre 1396 1972 143 179 179
fre 1444 1964 140 179 179
fre 1484 1972 140 179 179
fre 1516 1980 138 179 179
fre 1572 1972 140 179 179
fre 1660 1980 149 179 179
fre 1644 1972 154 179 179
dom 1664 1952 20 0 179
fre 1708 1956 140 179 179
fre 1724 1972 133 179 179
stand 1816 1976 113 0 179
stand 1832 1976 60 0 179
tree 1880 1960 4 0 179
fre 1868 1972 130 179 179
dom 1856 1952 11 1 179
fre 1932 1956 143 179 179
dom 2016 1952 61 0 179
tree 2104 1976 36 0 179
fre 2108 1964 230 179 179
stand 2136 1960 0 0 179
tree 2168 1976 12 0 179
stand 2168 1976 21 0 179
stand 2200 1960 5 0 179
stand 2280 1976 39 0 179
fre 2332 1964 122 179 179
stand 2360 1976 5 0 179
stand 2392 1976 0 0 179
fre 2452 1956 101 179 179
dom 2464 1952 2 0 179
fre 2548 1972 130 179 179
dom 2560 1952 1 0 179
fre 2636 1956 8 179 179
fre 2676 1964 97 179 179
tree 2696 1960 30 0 179
fre 2796 1980 138 179 179
fre 2852 1964 138 179 179
lay 3080 1960 100 0 179
tree 3192 1976 33 0 179
stand 3192 1960 0 0 179
fre 3212 1980 124 179 179
tree 3208 1960 13 0 179
fre 3260 1956 124 179 179
tree 3272 1976 30 0 179
stand 3288 1960 0 0 179
stand 3352 1976 0 0 179
stand 3384 1976 33 0 179
stand 3416 1976 34 0 179
lay 3432 1976 100 0 179
fre 3636 1956 160 179 179
fre 3676 1956 160 179 179
fre 3716 1980 161 179 179
fre 3756 1964 160 179 179
fre 3876 1964 160 179 179
fre 3884 1956 163 179 179
fre 3900 1972 163 179 179
stand 3928 1976 5 0 179
fre 3908 1956 150 179 179
fre 124 2012 160 179 179
tree 136 2008 46 0 179
tree 152 1992 50 0 179
fre 140 1996 150 179 179
fre 180 1988 150 179 179
tree 200 1992 46 0 179
fre 220 1996 149 179 179
fre 252 1996 160 179 179
tree 248 2008 43 0 179
fre 284 2012 160 179 179
fre 268 1988 150 179 179
fre 316 1996 160 179 179
fre 412 1988 160 179 179
stand 440 2008 2 0 179
stand 472 2008 95 0 179
stand 456 1992 72 0 179
fre 460 1996 160 179 179
dom 512 1984 26 1 179
fre 556 1996 234 179 179
fre 908 2012 161 179 179
fre 980 1996 209 179 179
fre 1036 1988 128 179 179
fre 1092 1988 161 179 179
fre 1372 1988 143 179 179
tree 1416 2008 20 0 179
tree 1432 2008 2 0 0
fre 1444 2004 138 179 179
dom 1440 1984 78 0 179
dom 1504 1984 10 1 179
stand 1576 1992 103 0 179
fre 1612 1996 142 179 179
fre 1604 2004 128 179 179
fre 1748 1988 140 179 179
fre 1772 2012 133 179 179
fre 1812 1996 143 179 179
fre 1828 2012 130 179 179
fre 1892 1988 138 179 179
fre 1980 2004 138 179 179
tree 2088 1992 15 0 179
stand 2104 2008 5 0 179
stand 2136 2008 6 0 179
fre 2220 2012 122 179 179
stand 2264 2008 39 0 179
stand 2248 1992 39 0 179
stand 2264 1992 33 0 179
stand 2296 1992 33 0 179
fre 2332 2012 122 179 179
tree 2360 1992 17 0 179
stand 2360 2008 6 0 179
stand 2392 2008 73 0 179
fre 2420 2004 128 179 179
fre 2524 1988 230 179 179
fre 2516 2012 230 179 179
vor 2580 1988 9 0 0
fre 2588 1988 135 179 179
fre 2636 2012 209 179 179
tree 2712 1992 30 0 179
fre 2732 1988 8 0 0
tree 2744 1992 1 0 0
dom 2944 1984 79 0 179
fre 3092 2012 138 179 179
fre 3116 1988 138 179 179
fre 3164 1988 140 179 179
tree 3160 2008 5 0 179
fre 3180 1988 130 179 179
fre 3172 1996 131 179 179
fre 3188 2004 128 179 179
fre 3196 1996 134 179 179
tree 3176 1992 36 0 179
stand 3192 2008 25 0 179
stand 3176 2008 5 0 179
tree 3208 1992 13 0 179
tree 3224 1992 13 0 179
stand 3208 2008 33 0 179
fre 3252 1988 122 179 179
tree 3352 1992 6 0 179
stand 3352 2008 26 0 179
fre 3372 1996 112 179 179
fre 3364 1988 128 179 179
stand 3368 2008 73 0 179
fre 3404 2004 136 179 179
fre 3396 2004 163 179 179
fre 3524 2012 160 179 179
fre 3636 1988 160 179 179
fre 3700 1988 163 179 179
fre 3716 1996 160 179 179
fre 3828 2004 160 179 179
fre 3844 1988 163 179 179
fre 3900 1988 160 179 179
fre 3916 2012 163 179 179
fre 3908 1996 163 179 179
fre 3932 1996 163 179 179
fre 3956 2004 161 179 179
fre 3980 2012 160 179 179
stand 120 2024 0 0 179
tree 136 2040 47 0 179
fre 188 2028 160 179 179
tree 200 2040 44 0 179
tree 232 2040 44 0 179
tree 264 2024 31 0 179
zabor 304 2032 104 2 8
fre 292 2020 160 179 179
zabor 336 2032 105 2 8
zabor 432 2032 104 2 8
zabor 464 2032 104 2 8
tree 472 2040 8 0 179
stand 600 2040 77 0 179
fre 700 2020 161 179 179
stand 680 2040 69 0 179
stand 712 2024 81 0 179
fre 780 2036 160 179 179
fre 812 2020 230 179 179
fre 884 2044 128 179 179
fre 924 2036 209 179 179
tree 920 2040 47 0 179
tree 904 2040 14 0 179
tree 936 2040 28 0 179
tree 952 2040 47 0 179
fre 948 2036 128 179 179
fre 988 2044 154 179 179
tree 968 2040 47 0 179
tree 984 2040 47 0 179
fre 996 2020 230 179 179
tree 1000 2040 47 0 179
tree 1016 2040 47 0 179
tree 1032 2040 47 0 179
fre 1044 2036 128 179 179
stand 1048 2040 25 0 179
stand 1064 2024 33 0 179
stand 1064 2040 33 0 179
stand 1080 2040 33 0 179
stand 1080 2024 33 0 179
fre 1108 2044 234 179 179
tree 1096 2040 31 0 179
tree 1096 2024 31 0 179
tree 1112 2040 30 0 179
tree 1112 2024 30 0 179
zabor 1136 2032 65 1 8
tree 1128 2040 31 0 179
tree 1128 2024 31 0 179
fre 1140 2036 128 179 179
fre 1236 2036 147 179 179
fre 1228 2036 234 179 179
tree 1240 2040 31 0 179
fre 1244 2036 128 179 179
zabor 1232 2032 104 2 8
zabor 1264 2032 65 1 8
tree 1256 2040 31 0 179
trop 1340 2044 108 179 179
fre 1388 2020 144 179 179
fre 1500 2020 142 179 179
dom 1536 2016 2 0 179
fre 1604 2020 140 179 179
dom 1600 2016 78 0 179
fre 1652 2044 138 179 179
vor 1836 2020 0 0 0
fre 1916 2036 130 179 179
trop 1900 2020 62 179 179
fre 2004 2020 147 179 179
fre 1988 2036 110 179 179
dom 2016 2016 21 0 179
stand 2104 2040 73 0 179
dom 2080 2016 79 0 179
stand 2152 2040 5 0 179
stand 2184 2024 5 0 179
fre 2196 2044 122 179 179
fre 2300 2028 122 179 179
stand 2360 2024 5 0 179
lay 2376 2040 73 0 179
fre 2476 2036 138 179 179
fre 2580 2020 136 179 179
lay 2584 2024 100 0 179
tree 2776 2024 9 0 0
tree 2808 2040 11 0 0
tree 2792 2040 10 0 0
fre 2804 2028 138 179 179
fre 2812 2028 136 179 179
tree 2840 2024 19 0 0
tree 2840 2040 13 0 0
tree 2824 2040 1 0 0
tree 2856 2024 10 0 0
tree 2968 2040 3 0 0
tree 2952 2040 3 0 0
fre 2948 2028 138 179 179
lay 3032 2040 100 0 179
tree 3176 2024 11 0 179
tree 3208 2040 13 0 179
stand 3224 2024 73 0 179
stand 3288 2040 0 0 179
tree 3352 2024 30 0 179
fre 3372 2036 112 179 179
tree 3368 2024 25 0 179
tree 3368 2040 30 0 179
stand 3416 2040 0 0 179
fre 3444 2020 163 179 179
fre 3500 2036 147 179 179
fre 3548 2036 160 179 179
fre 3532 2020 163 179 179
tree 3576 2024 6 0 179
tree 3576 2040 3 0 179
fre 3604 2020 161 179 179
fre 3604 2036 163 179 179
fre 3676 2020 160 179 179
dom 3648 2016 67 0 179
fre 3684 2020 163 179 179
fre 3892 2036 160 179 179
fre 3884 2044 163 179 179
fre 3940 2036 163 179 179
fre 188 2076 142 179 179
stand 248 2072 0 0 179
stand 328 2072 65 0 179
zabor 336 2064 105 2 8
zabor 368 2064 104 2 8
fre 372 2060 160 179 179
zabor 400 2064 104 2 8
zabor 432 2064 105 2 8
stand 456 2056 35 0 179
fre 524 2068 160 179 179
fre 556 2052 160 179 179
stand 568 2072 104 0 179
stand 600 2056 83 0 179
tree 600 2072 28 0 179
tree 584 2072 47 0 179
stand 616 2056 87 0 179
stand 632 2056 87 0 179
stand 648 2056 87 0 179
stand 664 2056 87 0 179
stand 680 2056 84 0 179
stand 712 2056 65 0 179
stand 760 2056 89 0 179
tree 920 2072 5 0 179
zabor 912 2064 65 1 8
tree 920 2056 47 0 179
fre 924 2076 128 179 179
tree 952 2056 47 0 179
tree 936 2056 47 0 179
tree 936 2072 11 0 179
tree 952 2072 11 0 179
tree 984 2072 12 0 179
tree 984 2056 47 0 179
tree 968 2056 47 0 179
tree 968 2072 11 0 179
tree 1016 2072 12 0 179
tree 1000 2072 12 0 179
tree 1016 2056 47 0 179
tree 1000 2056 47 0 179
tree 1048 2072 43 0 179
tree 1032 2056 47 0 179
tree 1064 2072 43 0 179
tree 1080 2072 43 0 179
stand 1064 2056 33 0 179
stand 1080 2056 33 0 179
fre 1116 2060 147 179 179
tree 1096 2056 31 0 179
tree 1096 2072 31 0 179
tree 1112 2072 30 0 179
tree 1112 2056 30 0 179
zabor 1136 2064 64 1 8
tree 1128 2056 31 0 179
tree 1128 2072 31 0 179
tree 1160 2056 19 0 179
fre 1164 2052 128 179 179
fre 1188 2076 128 179 179
fre 1244 2068 94 179 179
tree 1240 2056 31 0 179
tree 1240 2072 30 0 179
zabor 1264 2064 66 1 8
tree 1256 2056 31 0 179
tree 1256 2072 30 0 179
stand 1304 2056 6 0 179
stand 1400 2072 0 0 179
tree 1432 2056 11 0 0
tree 1464 2056 7 0 179
tree 1448 2072 12 0 0
fre 1564 2060 128 179 179
dom 1664 2048 21 0 179
fre 1772 2068 136 179 179
tree 1848 2056 1 0 179
fre 1860 2068 130 179 179
fre 1940 2060 143 179 179
fre 2012 2060 143 179 179
fre 2044 2052 128 179 179
fre 2052 2068 101 179 179
stand 2104 2056 33 0 179
tree 2136 2072 18 0 179
stand 2168 2072 5 0 179
stand 2232 2056 39 0 179
stand 2232 2072 33 0 179
stand 2328 2056 5 0 179
stand 2360 2056 0 0 179
tree 2424 2056 11 0 179
fre 2404 2076 128 179 179
fre 2444 2068 147 179 179
tree 2440 2056 12 0 179
lay 2568 2072 14 0 0
lay 2568 2056 101 0 179
fre 2636 2052 138 179 179
fre 2740 2076 97 179 179
tree 2808 2072 8 0 0
tree 2808 2056 12 0 0
fre 2852 2052 147 179 179
tree 3000 2072 5 0 0
tree 2984 2056 13 0 0
tree 3016 2072 7 0 0
fre 3036 2052 136 179 179
fre 3140 2052 138 179 179
stand 3176 2056 0 0 179
stand 3192 2056 5 0 179
tree 3208 2056 31 0 179
tree 3208 2072 30 0 179
stand 3208 2056 0 0 179
lay 3288 2056 98 0 179
stand 3288 2072 33 0 179
fre 3340 2052 122 179 179
tree 3368 2056 27 0 179
tree 3368 2072 30 0 179
stand 3400 2056 0 0 179
lay 3464 2056 101 0 179
dom 3488 2048 114 0 179
tree 3576 2072 21 0 179
tree 3576 2056 50 0 179
fre 3620 2068 160 179 179
fre 3700 2060 163 179 179
fre 3940 2068 163 179 179
fre 188 2108 160 179 179
tree 216 2088 49 0 179
fre 252 2100 101 179 179
fre 228 2092 160 179 179
stand 280 2104 5 0 179
fre 260 2084 150 179 179
fre 308 2084 160 179 179
stand 360 2104 66 0 179
stand 408 2088 89 0 179
stand 440 2104 104 0 179
stand 552 2104 3 0 179
tree 568 2088 45 0 179
stand 632 2104 66 0 179
fre 612 2084 161 179 179
tree 616 2088 9 0 179
stand 664 2088 65 0 179
stand 696 2088 65 0 179
stand 760 2104 104 0 179
fre 820 2092 230 179 179
trop 836 2092 13 179 179
zabor 912 2096 65 1 8
tree 936 2104 11 0 179
tree 936 2088 11 0 179
tree 952 2088 11 0 179
tree 952 2104 11 0 179
tree 984 2104 12 0 179
tree 984 2088 12 0 179
tree 968 2104 11 0 179
tree 968 2088 11 0 179
tree 1016 2104 11 0 179
tree 1000 2088 12 0 179
tree 1000 2104 12 0 179
tree 1016 2088 12 0 179
fre 1028 2100 234 179 179
tree 1048 2104 43 0 179
tree 1048 2088 43 0 179
tree 1064 2104 43 0 179
tree 1064 2088 43 0 179
tree 1080 2104 43 0 179
tree 1080 2088 43 0 179
tree 1096 2104 45 0 179
tree 1096 2088 45 0 179
tree 1112 2104 45 0 179
tree 1112 2088 45 0 179
zabor 1136 2096 64 1 8
tree 1128 2104 45 0 179
tree 1128 2088 45 0 179
fre 1156 2100 147 179 179
tree 1240 2088 31 0 179
tree 1240 2104 30 0 179
zabor 1264 2096 64 1 8
tree 1256 2088 31 0 179
tree 1256 2104 30 0 179
stand 1384 2104 5 0 179
fre 1404 2108 138 179 179
lay 1432 2104 2 0 0
fre 1444 2108 8 0 0
tree 1464 2104 1 0 0
tree 1448 2088 1 0 0
fre 1548 2108 138 179 179
fre 1604 2092 138 179 179
fre 1716 2108 143 179 179
fre 1884 2092 142 179 179
fre 2108 2100 128 179 179
stand 2168 2104 0 0 179
fre 2212 2108 122 179 179
stand 2296 2088 33 0 179
stand 2296 2104 26 0 179
tree 2312 2088 24 0 179
stand 2312 2088 30 0 179
stand 2328 2088 5 0 179
stand 2360 2088 33 0 179
fre 2548 2108 138 179 179
lay 2568 2088 97 0 179
lay 2616 2104 13 0 0
fre 2716 2092 8 0 0
fre 2732 2100 8 0 0
fre 2748 2100 8 0 0
fre 2740 2100 8 0 0
tree 2760 2104 9 0 0
tree 2776 2088 10 0 0
tree 2792 2088 2 0 0
tree 3000 2104 11 0 0
tree 2984 2104 5 0 0
fre 2980 2100 138 179 179
tree 3032 2088 4 0 0
tree 3016 2088 6 0 0
lay 3016 2104 94 0 179
fre 3148 2108 136 179 179
stand 3192 2104 29 0 179
fre 3236 2100 122 179 179
tree 3352 2088 11 0 179
tree 3336 2104 12 0 179
tree 3352 2104 8 0 179
stand 3352 2088 5 0 179
fre 3372 2108 130 179 179
fre 3420 2092 136 179 179
stand 3416 2088 0 0 179
dom 3392 2080 79 0 179
fre 3452 2100 147 179 179
fre 3484 2092 145 179 179
fre 3548 2108 160 179 179
stand 3624 2104 86 0 179
stand 3640 2104 70 0 179
zabor 3632 2096 104 2 8
zabor 3664 2096 104 2 8
fre 3652 2108 163 179 179
stand 3672 2104 82 0 179
stand 3656 2104 78 0 179
zabor 3696 2096 105 2 8
tree 3704 2088 44 0 179
fre 3724 2108 101 179 179
fre 3796 2092 158 179 179
fre 3868 2084 163 179 179
fre 3916 2100 101 179 179
fre 3916 2108 163 179 179
fre 3964 2084 160 179 179
fre 3948 2084 163 179 179
fre 3980 2084 160 179 179
fre 132 2132 160 179 179
fre 276 2116 160 179 179
fre 396 2140 160 179 179
fre 484 2116 157 179 179
fre 708 2132 161 179 179
fre 724 2132 160 179 179
stand 744 2120 66 0 179
fre 796 2140 160 179 179
fre 868 2116 160 179 179
zabor 912 2128 64 1 8
zabor 944 2128 64 1 8
tree 936 2120 11 0 179
tree 952 2120 11 0 179
zabor 976 2128 66 1 8
tree 984 2120 11 0 179
tree 968 2120 11 0 179
fre 964 2140 128 179 179
fre 1020 2140 234 179 179
zabor 1008 2128 66 1 8
tree 1000 2120 11 0 179
tree 1016 2120 12 0 179
zabor 1040 2128 64 1 8
tree 1048 2120 43 0 179
trop 1060 2132 65 179 179
zabor 1072 2128 66 1 8
tree 1064 2120 43 0 179
tree 1080 2120 43 0 179
fre 1084 2132 128 179 179
zabor 1104 2128 64 1 8
tree 1096 2120 45 0 179
tree 1112 2120 45 0 179
zabor 1136 2128 64 1 8
tree 1128 2120 45 0 179
fre 1132 2132 128 179 179
trop 1180 2132 65 179 179
fre 1156 2116 128 179 179
fre 1204 2116 138 179 179
fre 1244 2124 94 179 179
zabor 1232 2128 66 1 8
tree 1240 2120 31 0 179
zabor 1264 2128 65 1 8
tree 1256 2120 31 0 179
trop 1332 2140 108 179 179
vor 1332 2116 9 0 0
fre 1388 2140 209 179 179
fre 1484 2116 8 0 0
tree 1496 2120 1 0 0
fre 1596 2116 145 179 179
fre 1820 2140 143 179 179
dom 1824 2112 13 0 179
fre 1844 2140 138 179 179
tree 1864 2136 5 0 179
tree 1864 2120 4 0 179
fre 1868 2116 143 179 179
fre 1860 2132 140 179 179
fre 1916 2116 140 179 179
fre 1932 2124 143 179 179
tree 2152 2120 22 0 179
stand 2264 2120 30 0 179
tree 2296 2136 50 0 179
tree 2328 2136 43 0 179
stand 2312 2120 73 0 179
fre 2388 2124 234 179 179
stand 2424 2120 113 0 179
fre 2524 2132 101 179 179
fre 2556 2132 209 179 179
fre 2628 2140 8 0 0
tree 2648 2136 20 0 0
tree 2632 2120 19 0 0
fre 2668 2124 138 179 179
fre 2836 2132 142 179 179
lay 2904 2136 8 0 0
tree 3096 2136 20 0 0
tree 3080 2136 15 0 0
fre 3084 2116 138 179 179
fre 3180 2132 128 179 179
tree 3208 2136 1 0 179
stand 3224 2136 0 0 179
fre 3236 2124 122 179 179
fre 3316 2132 122 179 179
fre 3332 2140 128 179 179
tree 3336 2120 13 0 179
fre 3380 2116 143 179 179
fre 3372 2140 163 179 179
stand 3368 2120 26 0 179
dom 3488 2112 114 0 179
fre 3516 2140 160 179 179
fre 3548 2124 101 179 179
fre 3532 2140 150 179 179
stand 3624 2120 77 0 179
stand 3672 2120 74 0 179
stand 3672 2136 74 0 179
zabor 3696 2128 104 2 8
tree 3784 2136 49 0 179
stand 3816 2120 0 0 179
fre 3836 2140 150 179 179
stand 3848 2136 5 0 179
fre 3868 2140 163 179 179
fre 3852 2116 163 179 179
stand 3896 2120 5 0 179
fre 3892 2124 163 179 179
fre 3908 2116 163 179 179
fre 3948 2116 161 179 179
fre 3972 2116 163 179 179
zabor 176 2160 104 2 8
zabor 304 2160 104 2 8
fre 364 2164 160 179 179
zabor 432 2160 105 2 8
fre 572 2172 161 179 179
zabor 560 2160 105 2 8
zabor 688 2160 105 2 8
zabor 816 2160 105 2 8
fre 1004 2164 234 179 179
fre 1028 2148 128 179 179
fre 1148 2148 145 179 179
trop 1332 2164 123 179 179
lay 1336 2152 100 0 179
stand 1432 2152 0 0 179
fre 1476 2148 138 179 179
tree 1512 2168 14 0 179
tree 1528 2152 9 0 0
tree 1560 2168 11 0 0
tree 1544 2168 10 0 0
fre 1556 2156 138 179 179
fre 1564 2156 136 179 179
tree 1592 2152 19 0 0
tree 1592 2168 13 0 0
tree 1576 2168 1 0 0
tree 1720 2168 3 0 0
tree 1704 2168 3 0 0
fre 1700 2156 138 179 179
dom 2016 2144 25 0 179
stand 2136 2152 0 0 179
stand 2152 2168 6 0 179
stand 2168 2152 5 0 179
tree 2232 2168 23 0 179
stand 2232 2152 20 0 179
stand 2248 2168 39 0 179
stand 2264 2152 5 0 179
tree 2296 2152 45 0 179
fre 2628 2164 8 0 0
fre 2660 2156 8 0 0
tree 2664 2168 3 0 0
tree 2664 2152 15 0 0
fre 2692 2172 8 0 0
tree 2744 2152 3 0 0
tree 2728 2152 9 0 0
tree 2728 2168 5 0 0
tree 2760 2168 11 0 0
fre 2892 2156 138 179 179
fre 2924 2164 138 179 179
tree 3000 2168 4 0 0
tree 3000 2152 8 0 0
tree 2984 2152 11 0 0
tree 3016 2168 12 0 0
tree 3128 2152 19 0 0
tree 3112 2152 17 0 0
stand 3128 2152 0 0 179
fre 3140 2172 8 0 0
tree 3224 2168 2 0 179
tree 3240 2168 3 0 179
tree 3256 2152 31 0 179
tree 3240 2152 30 0 179
fre 3284 2148 122 179 179
tree 3288 2152 8 0 179
tree 3272 2152 5 0 179
stand 3272 2168 0 0 179
stand 3320 2152 0 0 179
fre 3340 2172 131 179 179
tree 3352 2168 23 0 179
stand 3368 2152 73 0 179
fre 3428 2156 136 179 179
fre 3468 2156 147 179 179
fre 3548 2148 161 179 179
fre 3668 2156 160 179 179
stand 3672 2152 74 0 179
stand 3672 2168 74 0 179
zabor 3696 2160 104 2 8
fre 3692 2164 163 179 179
tree 3816 2168 46 0 179
tree 3832 2152 50 0 179
fre 3820 2156 150 179 179
fre 3860 2148 150 179 179
tree 3880 2152 46 0 179
tree 3928 2168 43 0 179
fre 3948 2148 150 179 179
fre 3948 2172 161 179 179
fre 148 2180 160 179 179
zabor 176 2192 105 2 8
zabor 208 2192 104 2 8
zabor 272 2192 105 2 8
zabor 304 2192 104 2 8
fre 324 2180 149 179 179
zabor 336 2192 105 2 8
fre 380 2188 160 179 179
zabor 368 2192 105 2 8
zabor 400 2192 104 2 8
zabor 432 2192 104 2 8
zabor 464 2192 105 2 8
zabor 528 2192 105 2 8
tree 536 2200 21 0 179
tree 568 2200 47 0 179
zabor 560 2192 105 2 8
zabor 592 2192 105 2 8
zabor 624 2192 105 2 8
fre 668 2204 160 179 179
zabor 656 2192 104 2 8
zabor 688 2192 104 2 8
zabor 720 2192 104 2 8
zabor 784 2192 105 2 8
zabor 816 2192 105 2 8
fre 1036 2180 147 179 179
tree 1048 2200 43 0 179
fre 1084 2188 147 179 179
fre 1180 2180 230 179 179
fre 1236 2188 128 179 179
fre 1228 2204 128 179 179
lay 1320 2184 101 0 179
tree 1560 2200 8 0 0
tree 1560 2184 12 0 0
tree 1752 2200 5 0 0
tree 1736 2184 13 0 0
fre 1788 2180 136 179 179
fre 1892 2180 138 179 179
fre 1940 2196 143 179 179
fre 2108 2188 128 179 179
stand 2168 2200 0 0 179
stand 2184 2184 6 0 179
stand 2216 2184 0 0 179
stand 2280 2184 73 0 179
lay 2312 2200 67 0 179
fre 2428 2180 147 179 179
fre 2476 2196 234 179 179
fre 2524 2180 147 179 179
fre 2516 2180 138 179 179
fre 2652 2180 8 0 0
tree 2648 2200 18 0 0
tree 2680 2200 8 0 0
tree 2680 2184 5 0 0
tree 2664 2200 16 0 0
tree 2712 2200 10 0 0
tree 2728 2184 6 0 0
fre 2732 2188 138 179 179
tree 2872 2184 12 0 0
tree 2872 2200 5 0 0
tree 2936 2200 2 0 0
tree 2920 2200 8 0 0
tree 3016 2200 12 0 0
tree 3016 2184 10 0 0
fre 3052 2196 138 179 179
fre 3124 2204 8 0 0
lay 3112 2200 14 0 0
lay 3144 2200 18 0 179
fre 3196 2196 138 179 179
fre 3220 2188 128 179 179
stand 3224 2184 0 0 179
stand 3224 2200 39 0 179
fre 3244 2196 131 179 179
fre 3252 2188 134 179 179
fre 3236 2204 136 179 179
fre 3236 2196 163 179 179
tree 3240 2200 0 0 179
stand 3256 2184 26 0 179
stand 3240 2184 33 0 179
fre 3284 2188 143 179 179
fre 3316 2180 134 179 179
stand 3320 2200 0 0 179
lay 3352 2200 13 0 179
stand 3368 2184 0 0 179
fre 3404 2180 110 179 179
lay 3480 2184 101 0 179
stand 3672 2184 74 0 179
stand 3672 2200 74 0 179
zabor 3696 2192 105 2 8
stand 3800 2184 0 0 179
tree 3800 2200 45 0 179
tree 3816 2200 47 0 179
tree 3912 2200 44 0 179
tree 3944 2184 31 0 179
fre 3948 2188 160 179 179
fre 3988 2180 163 179 179
fre 140 2228 160 179 179
zabor 176 2224 105 2 8
fre 316 2236 160 179 179
zabor 304 2224 105 2 8
tree 328 2216 43 0 179
zabor 432 2224 105 2 8
zabor 560 2224 105 2 8
tree 632 2232 44 0 179
fre 652 2212 161 179 179
zabor 688 2224 104 2 8
zabor 816 2224 104 2 8
trop 828 2228 13 179 179
trop 804 2212 13 179 179
fre 836 2228 160 179 179
fre 916 2220 160 179 179
tree 952 2232 45 0 179
tree 968 2232 50 0 179
fre 1052 2228 161 179 179
tree 1032 2216 46 0 179
tree 1032 2232 47 0 179
dom 1088 2208 71 0 179
fre 1148 2212 128 179 179
fre 1180 2228 128 179 179
stand 1240 2216 103 0 179
dom 1216 2208 15 0 179
fre 1228 2212 128 179 179
trop 1252 2212 65 179 179
trop 1324 2236 108 179 179
fre 1372 2220 99 179 179
lay 1368 2232 13 0 0
fre 1468 2220 8 0 0
fre 1484 2228 8 0 0
fre 1500 2228 8 0 0
fre 1492 2228 8 0 0
tree 1512 2232 9 0 0
tree 1528 2216 10 0 0
tree 1560 2216 25 0 179
tree 1544 2216 2 0 0
tree 1752 2232 11 0 0
tree 1736 2232 5 0 0
fre 1732 2228 138 179 179
tree 1784 2216 4 0 0
tree 1768 2216 6 0 0
lay 1768 2232 94 0 179
dom 1792 2208 78 0 179
fre 1884 2220 143 179 179
fre 1900 2236 136 179 179
fre 1948 2212 145 179 179
fre 1956 2228 128 179 179
fre 2012 2212 110 179 179
dom 2016 2208 2 0 179
fre 2028 2220 128 179 179
tree 2104 2232 1 0 179
tree 2088 2232 20 0 179
tree 2136 2232 13 0 179
tree 2120 2232 0 0 179
tree 2136 2216 3 0 179
stand 2184 2216 73 0 179
lay 2200 2216 71 0 179
fre 2300 2212 234 179 179
fre 2300 2220 233 179 179
fre 2372 2228 233 179 179
fre 2492 2220 145 179 179
dom 2528 2208 60 0 179
stand 2584 2216 0 0 179
fre 2612 2236 209 179 179
lay 2632 2216 3 0 0
tree 2680 2216 15 0 0
tree 2664 2216 15 0 0
tree 2664 2232 11 0 0
tree 2696 2232 13 0 0
tree 2696 2216 11 0 0
fre 2748 2220 8 0 0
lay 2728 2216 8 0 0
dom 2720 2208 78 0 179
fre 2812 2228 138 179 179
tree 2840 2232 17 0 0
tree 2824 2232 8 0 0
tree 2872 2232 17 0 0
tree 2952 2232 14 0 0
tree 2952 2216 2 0 0
dom 3008 2208 78 0 179
fre 3124 2228 138 179 179
fre 3220 2236 143 179 179
fre 3252 2212 150 179 179
fre 3260 2212 97 179 179
lay 3256 2232 3 0 179
stand 3272 2216 73 0 179
fre 3332 2228 143 179 179
fre 3348 2236 163 179 179
lay 3336 2232 1 0 179
fre 3364 2236 163 179 179
fre 3460 2236 135 179 179
tree 3512 2232 33 0 179
tree 3544 2216 47 0 179
tree 3528 2232 45 0 179
tree 3528 2216 43 0 179
tree 3544 2232 46 0 179
fre 3596 2228 160 179 179
stand 3672 2216 74 0 179
stand 3672 2232 74 0 179
zabor 3696 2224 104 2 8
tree 3784 2232 44 0 179
stand 3816 2216 0 0 179
fre 3836 2236 150 179 179
fre 3868 2236 142 179 179
stand 3848 2232 5 0 179
stand 3896 2216 5 0 179
stand 3928 2232 0 0 179
fre 3956 2228 161 179 179
fre 3948 2212 163 179 179
fre 228 2260 160 179 179
fre 364 2244 160 179 179
fre 444 2252 160 179 179
tree 616 2248 45 0 179
fre 732 2268 160 179 179
fre 884 2252 234 179 179
fre 1212 2260 145 179 179
fre 1212 2268 128 179 179
fre 1220 2260 128 179 179
tree 1400 2264 20 0 0
tree 1384 2248 19 0 0
fre 1420 2252 138 179 179
fre 1484 2244 145 179 179
fre 1588 2260 142 179 179
lay 1656 2264 8 0 0
tree 1848 2264 20 0 0
tree 1832 2264 15 0 0
fre 1836 2244 138 179 179
fre 1940 2260 143 179 179
dom 2272 2240 56 0 179
fre 2588 2252 209 179 179
fre 2596 2244 136 179 179
fre 2628 2244 209 179 179
tree 2680 2248 1 0 0
tree 2664 2264 18 0 0
tree 2664 2248 20 0 0
tree 2696 2264 3 0 0
tree 2760 2264 2 0 0
tree 2776 2264 18 0 0
tree 2872 2248 9 0 0
tree 2856 2248 5 0 0
tree 2968 2248 3 0 0
tree 3000 2248 2 0 179
tree 2984 2264 18 0 0
tree 3128 2248 28 0 179
tree 3112 2248 18 0 179
fre 3196 2244 136 179 179
fre 3220 2252 112 179 179
lay 3224 2248 100 0 179
fre 3324 2268 111 179 179
tree 3512 2248 48 0 179
tree 3512 2264 50 0 179
fre 3524 2260 140 179 179
tree 3544 2264 45 0 179
fre 3620 2244 161 179 179
stand 3672 2248 74 0 179
stand 3672 2264 74 0 179
zabor 3696 2256 105 2 8
fre 3740 2260 157 179 179
tree 3816 2264 46 0 179
tree 3832 2248 50 0 179
fre 3820 2252 150 179 179
fre 3860 2244 150 179 179
tree 3896 2248 49 0 179
tree 3880 2248 46 0 179
tree 3928 2264 43 0 179
stand 3960 2264 5 0 179
fre 3940 2244 150 179 179
fre 3948 2244 150 179 179
fre 3956 2268 160 179 179
fre 260 2300 234 179 179
fre 260 2292 160 179 179
fre 300 2284 160 179 179
fre 292 2284 154 179 179
fre 348 2284 160 179 179
fre 540 2300 161 179 179
fre 652 2276 160 179 179
fre 708 2284 160 179 179
fre 852 2284 161 179 179
fre 916 2300 234 179 179
fre 1004 2292 161 179 179
fre 1116 2276 234 179 179
tree 1144 2296 49 0 179
fre 1196 2276 147 179 179
fre 1188 2276 147 179 179
fre 1380 2292 8 0 0
fre 1412 2284 8 0 0
fre 1444 2300 8 0 0
tree 1496 2280 3 0 0
tree 1480 2280 9 0 0
fre 1644 2284 138 179 179
fre 1692 2276 145 179 179
fre 1676 2292 138 179 179
tree 1752 2296 4 0 0
tree 1752 2280 8 0 0
tree 1736 2280 11 0 0
tree 1768 2296 12 0 0
tree 1880 2280 19 0 0
tree 1864 2280 17 0 0
fre 1892 2300 8 0 0
fre 2140 2276 138 179 179
fre 2476 2300 138 179 179
stand 2520 2296 113 0 179
tree 2504 2280 31 0 179
tree 2504 2296 30 0 179
fre 2564 2276 138 179 179
tree 2680 2280 20 0 0
tree 2696 2280 11 0 0
tree 2712 2296 18 0 0
tree 2696 2296 7 0 0
tree 2984 2296 20 0 179
tree 3000 2296 28 0 179
fre 3012 2284 142 179 179
fre 3156 2284 112 179 179
fre 3196 2292 112 179 179
lay 3256 2280 75 0 179
fre 3284 2292 136 179 179
lay 3320 2296 72 0 179
fre 3452 2300 147 179 179
fre 3508 2300 143 179 179
tree 3512 2280 43 0 179
lay 3576 2296 8 0 179
fre 3588 2276 150 179 179
dom 3616 2272 26 2 179
stand 3672 2280 74 0 179
stand 3672 2296 74 0 179
zabor 3696 2288 105 2 8
stand 3800 2280 0 0 179
tree 3800 2296 45 0 179
tree 3816 2296 47 0 179
tree 3912 2296 44 0 179
tree 3944 2280 31 0 179
fre 268 2308 160 179 179
fre 292 2324 160 179 179
fre 316 2316 149 179 179
stand 776 2328 3 0 179
dom 960 2304 67 0 179
fre 1116 2316 234 179 179
dom 1088 2304 72 0 179
fre 1404 2308 8 0 0
tree 1400 2328 18 0 0
tree 1432 2328 38 0 179
tree 1416 2328 16 0 0
fre 1484 2316 138 179 179
dom 1472 2304 78 0 179
tree 1560 2328 46 0 179
tree 1544 2328 9 0 0
tree 1624 2312 12 0 0
tree 1624 2328 5 0 0
tree 1688 2328 2 0 0
tree 1672 2328 8 0 0
tree 1784 2328 43 0 179
tree 1768 2312 10 0 0
fre 1804 2324 138 179 179
fre 1876 2332 8 0 0
lay 1864 2328 14 0 0
fre 1948 2324 138 179 179
fre 2004 2324 140 179 179
dom 2080 2304 78 0 179
fre 2132 2308 147 179 179
dom 2176 2304 66 0 179
stand 2232 2328 34 0 179
fre 2300 2308 234 179 179
dom 2272 2304 107 0 179
fre 2396 2324 145 179 179
fre 2404 2316 147 179 179
fre 2420 2308 234 179 179
fre 2532 2308 150 179 179
fre 2588 2324 128 179 179
dom 2624 2304 7 0 179
fre 2684 2332 138 179 179
tree 2712 2312 11 0 0
tree 2696 2312 14 0 0
fre 2788 2332 138 179 179
fre 2908 2308 142 179 179
fre 3068 2332 138 179 179
fre 3220 2324 230 179 179
fre 3212 2324 112 179 179
lay 3208 2312 101 0 179
fre 3252 2316 99 179 179
fre 3268 2316 143 179 179
fre 3404 2308 136 179 179
fre 3548 2324 140 179 179
fre 3668 2316 160 179 179
stand 3672 2312 74 0 179
stand 3672 2328 74 0 179
zabor 3696 2320 105 2 8
tree 3784 2328 44 0 179
fre 3868 2332 142 179 179
stand 3928 2328 0 0 179
fre 132 2356 160 179 179
fre 276 2356 160 179 179
fre 276 2340 160 179 179
fre 340 2348 160 179 179
trop 412 2348 65 179 179
fre 644 2356 160 179 179
fre 676 2348 160 179 179
zabor 848 2352 104 2 8
stand 856 2344 77 0 179
stand 856 2360 79 0 179
stand 872 2360 87 0 179
stand 888 2360 87 0 179
fre 908 2364 161 179 179
stand 904 2360 87 0 179
stand 920 2360 87 0 179
stand 936 2360 87 0 179
stand 952 2360 87 0 179
stand 968 2360 87 0 179
stand 984 2360 87 0 179
stand 1000 2360 87 0 179
stand 1016 2360 87 0 179
fre 1052 2356 161 179 179
stand 1032 2360 87 0 179
stand 1048 2360 87 0 179
stand 1064 2360 87 0 179
stand 1080 2360 87 0 179
stand 1096 2360 87 0 179
stand 1112 2360 87 0 179
stand 1128 2360 87 0 179
stand 1144 2360 87 0 179
stand 1160 2360 87 0 179
stand 1176 2360 87 0 179
fre 1196 2340 147 179 179
fre 1188 2340 234 179 179
stand 1208 2360 84 0 179
stand 1192 2360 87 0 179
stand 1208 2344 77 0 179
zabor 1232 2352 104 2 8
fre 1220 2364 234 179 179
trop 1300 2364 123 179 179
trop 1316 2340 108 179 179
stand 1336 2344 0 0 179
lay 1384 2344 3 0 0
tree 1432 2344 15 0 0
tree 1416 2344 15 0 0
tree 1416 2360 11 0 0
tree 1496 2344 33 0 179
fre 1500 2348 8 0 0
lay 1480 2344 8 0 0
fre 1564 2356 138 179 179
tree 1592 2360 10 0 179
tree 1576 2360 8 0 0
tree 1624 2360 17 0 0
tree 1704 2360 14 0 0
tree 1704 2344 2 0 0
fre 1876 2356 138 179 179
fre 1996 2340 147 179 179
fre 2060 2348 230 179 179
fre 2068 2348 128 179 179
tree 2056 2360 46 0 179
tree 2072 2360 50 0 179
fre 2164 2348 230 179 179
fre 2244 2340 145 179 179
fre 2276 2364 138 179 179
stand 2296 2344 2 0 179
fre 2332 2340 220 179 179
fre 2644 2348 128 179 179
fre 2668 2340 209 179 179
fre 2748 2356 147 179 179
fre 2740 2364 147 179 179
fre 2764 2340 8 0 0
tree 2808 2344 10 0 0
tree 2792 2360 5 0 179
tree 2792 2344 4 0 179
tree 2824 2344 17 0 0
tree 2840 2360 10 0 0
tree 2840 2344 2 0 0
fre 2876 2340 138 179 179
lay 2904 2360 8 0 0
tree 2904 2360 7 0 0
fre 2924 2364 230 179 179
tree 3032 2344 28 0 179
tree 3032 2360 42 0 179
fre 3116 2364 147 179 179
fre 3188 2364 230 179 179
fre 3172 2364 230 179 179
fre 3324 2348 230 179 179
tree 3384 2344 45 0 179
fre 3364 2364 136 179 179
fre 3436 2364 112 179 179
fre 3444 2364 138 179 179
lay 3432 2344 100 0 179
dom 3424 2336 1 1 179
fre 3468 2364 140 179 179
tree 3544 2360 17 0 179
tree 3528 2360 0 0 179
tree 3576 2360 30 0 179
tree 3560 2344 32 0 179
fre 3596 2364 150 179 179
fre 3676 2356 161 179 179
stand 3672 2344 74 0 179
stand 3672 2360 74 0 179
zabor 3696 2352 105 2 8
tree 3784 2360 49 0 179
stand 3816 2344 0 0 179
fre 3836 2364 150 179 179
stand 3848 2360 5 0 179
tree 3896 2344 49 0 179
stand 3896 2344 5 0 179
stand 3960 2360 5 0 179
fre 3940 2340 150 179 179
fre 220 2396 160 179 179
fre 476 2380 161 179 179
tree 504 2392 46 0 179
fre 540 2380 160 179 179
fre 612 2372 157 179 179
fre 716 2380 160 179 179
zabor 848 2384 104 2 8
zabor 880 2384 104 2 8
zabor 912 2384 105 2 8
zabor 944 2384 104 2 8
zabor 976 2384 105 2 8
zabor 1008 2384 104 2 8
zabor 1040 2384 105 2 8
zabor 1072 2384 104 2 8
zabor 1104 2384 104 2 8
zabor 1136 2384 105 2 8
zabor 1168 2384 104 2 8
zabor 1200 2384 104 2 8
zabor 1232 2384 105 2 8
trop 1276 2396 96 179 179
trop 1308 2380 108 179 179
trop 1316 2380 123 179 179
stand 1336 2392 95 0 179
dom 1344 2368 1 1 179
fre 1380 2372 209 179 179
tree 1432 2376 1 0 0
tree 1416 2392 18 0 0
tree 1416 2376 20 0 0
tree 1448 2392 3 0 0
tree 1512 2392 50 0 179
tree 1528 2392 18 0 0
fre 1588 2396 145 179 179
tree 1624 2376 7 0 179
tree 1608 2376 5 0 0
fre 1636 2396 144 179 179
fre 1684 2372 144 179 179
tree 1704 2392 36 0 179
tree 1720 2376 3 0 0
tree 1880 2376 1 0 0
fre 2004 2372 143 179 179
tree 2040 2392 28 0 179
tree 2024 2392 39 0 179
tree 2072 2392 31 0 179
tree 2056 2392 43 0 179
fre 2132 2372 230 179 179
fre 2204 2380 145 179 179
dom 2272 2368 87 0 179
trop 2340 2380 65 179 179
fre 2452 2396 138 179 179
fre 2532 2388 138 179 179
trop 2580 2372 65 179 179
fre 2612 2388 145 179 179
fre 2660 2372 147 179 179
fre 2708 2388 147 179 179
fre 2732 2396 147 179 179
fre 2732 2380 145 179 179
fre 2788 2396 230 179 179
fre 2820 2396 230 179 179
fre 2980 2380 230 179 179
fre 3116 2396 147 179 179
dom 3168 2368 67 0 179
fre 3220 2396 147 179 179
fre 3228 2380 163 179 179
lay 3224 2376 101 0 179
fre 3260 2380 230 179 179
fre 3300 2380 163 179 179
fre 3348 2388 147 179 179
fre 3412 2396 163 179 179
fre 3460 2396 143 179 179
fre 3476 2388 138 179 179
stand 3672 2376 74 0 179
stand 3672 2392 74 0 179
zabor 3696 2384 105 2 8
fre 3756 2372 159 179 179
tree 3816 2392 46 0 179
tree 3832 2376 50 0 179
fre 3820 2380 150 179 179
tree 3816 2376 23 0 179
fre 3860 2372 150 179 179
tree 3880 2376 46 0 179
tree 3928 2392 43 0 179
fre 3948 2372 150 179 179
fre 364 2428 160 179 179
fre 476 2428 160 179 179
tree 504 2408 45 0 179
fre 540 2412 160 179 179
tree 568 2408 47 0 179
fre 748 2404 160 179 179
stand 872 2424 66 0 179
zabor 912 2416 105 2 8
stand 952 2424 89 0 179
fre 980 2404 161 179 179
stand 1000 2424 66 0 179
zabor 1040 2416 105 2 8
stand 1080 2424 105 0 179
fre 1148 2404 234 179 179
zabor 1168 2416 104 2 8
stand 1208 2424 35 0 179
stand 1208 2408 94 0 179
stand 1240 2408 104 0 179
stand 1224 2424 35 0 179
trop 1276 2428 96 179 179
trop 1316 2412 123 179 179
trop 1316 2420 108 179 179
fre 1324 2420 99 179 179
stand 1320 2408 104 0 179
tree 1432 2408 20 0 0
tree 1448 2408 11 0 0
tree 1464 2424 18 0 0
tree 1448 2424 7 0 0
tree 1512 2408 47 0 179
fre 1740 2412 144 179 179
fre 1764 2412 142 179 179
fre 1916 2428 140 179 179
fre 1924 2428 143 179 179
fre 2148 2420 145 179 179
fre 2196 2420 147 179 179
fre 2372 2412 138 179 179
fre 2436 2412 148 179 179
fre 2468 2428 147 179 179
fre 2492 2412 138 179 179
fre 2484 2404 149 179 179
tree 2520 2408 6 0 179
tree 2520 2424 2 0 179
fre 2532 2428 145 179 179
fre 2580 2412 147 179 179
fre 2580 2420 147 179 179
dom 2560 2400 67 0 179
fre 2612 2404 230 179 179
fre 2708 2420 147 179 179
fre 2732 2404 147 179 179
fre 2764 2420 147 179 179
fre 2860 2412 147 179 179
fre 2868 2412 230 179 179
fre 2900 2428 147 179 179
fre 2932 2428 147 179 179
fre 2932 2420 233 179 179
dom 2912 2400 71 0 179
fre 2948 2412 147 179 179
fre 3052 2412 147 179 179
fre 3212 2412 147 179 179
fre 3252 2420 230 179 179
fre 3236 2420 163 179 179
fre 3292 2412 147 179 179
fre 3276 2404 143 179 179
fre 3452 2412 112 179 179
stand 3672 2408 74 0 179
stand 3672 2424 74 0 179
zabor 3696 2416 104 2 8
stand 3800 2408 0 0 179
tree 3800 2424 45 0 179
tree 3832 2408 18 0 179
tree 3816 2424 47 0 179
dom 3840 2400 79 0 179
tree 3912 2424 44 0 179
tree 3944 2408 31 0 179
fre 268 2452 160 179 179
fre 348 2444 160 179 179
fre 332 2436 160 179 179
tree 456 2456 47 0 179
tree 472 2440 44 0 179
fre 596 2460 160 179 179
fre 772 2460 157 179 179
stand 920 2456 104 0 179
stand 936 2440 65 0 179
stand 1064 2456 65 0 179
stand 1112 2440 89 0 179
stand 1160 2440 3 0 179
fre 1244 2460 234 179 179
trop 1260 2460 118 179 179
trop 1324 2444 123 179 179
fre 1380 2444 147 179 179
fre 1428 2460 145 179 179
fre 1436 2460 138 179 179
tree 1464 2440 11 0 0
tree 1448 2440 14 0 0
fre 1476 2452 145 179 179
fre 1540 2460 138 179 179
fre 1660 2436 142 179 179
fre 1708 2452 138 179 179
fre 1764 2460 144 179 179
fre 1820 2460 138 179 179
fre 1844 2444 138 179 179
lay 1864 2456 8 0 0
tree 1960 2440 44 0 179
tree 1976 2440 2 0 179
fre 2028 2436 147 179 179
dom 2048 2432 67 0 179
fre 2108 2436 147 179 179
fre 2212 2460 147 179 179
fre 2316 2460 147 179 179
fre 2308 2452 145 179 179
fre 2436 2452 145 179 179
dom 2432 2432 65 0 179
tree 2520 2456 17 0 179
tree 2504 2456 22 0 179
fre 2572 2460 147 179 179
fre 2708 2460 233 179 179
fre 2772 2452 232 179 179
fre 2828 2444 147 179 179
fre 2972 2436 230 179 179
fre 2996 2444 147 179 179
tree 3128 2456 10 0 179
fre 3180 2444 147 179 179
fre 3172 2460 233 179 179
fre 3228 2436 147 179 179
fre 3380 2452 163 179 179
dom 3392 2432 26 1 179
fre 3460 2436 112 179 179
fre 3556 2444 150 179 179
fre 3572 2452 157 179 179
stand 3672 2440 74 0 179
stand 3672 2456 74 0 179
zabor 3696 2448 104 2 8
tree 3800 2440 32 0 179
tree 3784 2456 44 0 179
fre 3796 2444 158 179 179
fre 3868 2460 142 179 179
tree 3880 2440 44 0 179
stand 3928 2456 0 0 179
fre 188 2476 160 179 179
fre 388 2492 160 179 179
fre 412 2492 160 179 179
fre 404 2476 160 179 179
fre 420 2484 160 179 179
fre 524 2476 157 179 179
fre 684 2468 160 179 179
fre 836 2492 160 179 179
fre 1028 2492 234 179 179
fre 1060 2468 234 179 179
fre 1140 2476 234 179 179
fre 1220 2484 234 179 179
trop 1268 2468 117 179 179
trop 1276 2468 103 179 179
trop 1308 2476 108 179 179
fre 1388 2476 147 179 179
fre 1420 2468 209 179 179
fre 1500 2484 8 0 0
fre 1516 2468 8 0 0
tree 1544 2488 43 0 179
tree 1560 2472 10 0 0
fre 1628 2468 138 179 179
tree 1640 2488 38 0 179
lay 1656 2488 8 0 0
tree 1656 2488 7 0 0
fre 1668 2492 144 179 179
fre 1724 2468 144 179 179
fre 1708 2484 230 179 179
fre 1756 2492 140 179 179
dom 1728 2464 9 1 179
fre 1948 2484 230 179 179
stand 1944 2488 72 0 179
stand 1944 2472 94 0 179
stand 1928 2488 95 0 179
dom 1920 2464 127 0 179
fre 1980 2476 230 179 179
fre 2004 2468 230 179 179
dom 2240 2464 104 0 179
fre 2284 2476 147 179 179
tree 2328 2488 4 0 179
tree 2312 2488 0 0 179
tree 2360 2488 0 0 179
tree 2344 2488 26 0 179
tree 2392 2472 2 0 179
tree 2376 2488 30 0 179
fre 2628 2476 233 179 179
zabor 2736 2480 105 2 8
stand 2744 2488 83 0 179
stand 2744 2472 75 0 179
stand 2760 2488 71 0 179
stand 2776 2488 71 0 179
stand 2792 2488 71 0 179
stand 2808 2488 71 0 179
fre 2820 2476 233 179 179
stand 2824 2488 71 0 179
stand 2840 2488 71 0 179
stand 2856 2488 71 0 179
stand 2872 2488 71 0 179
fre 2892 2476 233 179 179
stand 2888 2488 71 0 179
stand 2904 2488 71 0 179
stand 2920 2488 71 0 179
stand 2936 2488 71 0 179
stand 2952 2488 71 0 179
stand 2968 2488 71 0 179
fre 3004 2468 233 179 179
stand 2984 2488 71 0 179
stand 3000 2488 71 0 179
stand 3016 2488 71 0 179
stand 3032 2488 71 0 179
fre 3068 2492 233 179 179
stand 3048 2488 71 0 179
stand 3064 2488 71 0 179
stand 3080 2488 71 0 179
stand 3096 2488 71 0 179
stand 3128 2488 84 0 179
stand 3112 2488 71 0 179
stand 3128 2472 74 0 179
zabor 3152 2480 104 2 8
zabor 3248 2480 104 2 8
stand 3256 2488 79 0 179
stand 3256 2472 77 0 179
stand 3272 2488 71 0 179
stand 3288 2488 71 0 179
fre 3316 2476 233 179 179
stand 3304 2488 71 0 179
stand 3320 2488 71 0 179
fre 3356 2476 233 179 179
stand 3336 2488 71 0 179
stand 3352 2488 71 0 179
fre 3388 2468 233 179 179
stand 3368 2488 71 0 179
stand 3384 2488 71 0 179
stand 3400 2488 71 0 179
stand 3416 2488 71 0 179
fre 3452 2484 163 179 179
stand 3432 2488 71 0 179
stand 3448 2488 71 0 179
stand 3464 2488 71 0 179
stand 3480 2488 71 0 179
stand 3496 2488 71 0 179
stand 3512 2488 71 0 179
stand 3528 2488 71 0 179
stand 3544 2488 84 0 179
stand 3544 2472 77 0 179
dom 3520 2464 78 0 179
zabor 3568 2480 105 2 8
stand 3624 2488 79 0 179
stand 3640 2488 67 0 179
stand 3624 2472 75 0 179
stand 3672 2488 84 0 179
stand 3656 2488 87 0 179
stand 3672 2472 74 0 179
zabor 3696 2480 104 2 8
fre 3796 2484 163 179 179
tree 3880 2472 43 0 179
stand 3960 2488 5 0 179
fre 3940 2468 150 179 179
fre 396 2516 160 179 179
fre 396 2500 160 179 179
fre 420 2500 149 179 179
fre 1484 2508 230 179 179
fre 1636 2516 128 179 179
fre 1708 2500 144 179 179
fre 1780 2500 145 179 179
fre 1772 2516 144 179 179
fre 1852 2508 140 179 179
fre 1908 2500 233 179 179
fre 1956 2508 147 179 179
fre 1956 2516 128 179 179
fre 2004 2516 234 179 179
fre 2092 2524 234 179 179
fre 2324 2500 234 179 179
fre 2372 2500 147 179 179
tree 2408 2504 24 0 179
fre 2404 2500 147 179 179
fre 2452 2516 234 179 179
fre 2468 2508 147 179 179
fre 2508 2524 233 179 179
fre 2564 2516 233 179 179
zabor 2736 2512 105 2 8
zabor 2768 2512 105 2 8
fre 2772 2500 233 179 179
zabor 2800 2512 104 2 8
fre 2788 2524 232 179 179
zabor 2832 2512 105 2 8
fre 2844 2524 232 179 179
zabor 2864 2512 105 2 8
zabor 2896 2512 104 2 8
zabor 2928 2512 105 2 8
zabor 2960 2512 104 2 8
zabor 2992 2512 105 2 8
zabor 3024 2512 105 2 8
zabor 3056 2512 105 2 8
zabor 3088 2512 105 2 8
zabor 3120 2512 104 2 8
zabor 3152 2512 105 2 8
fre 3172 2516 233 179 179
zabor 3248 2512 104 2 8
zabor 3280 2512 105 2 8
zabor 3312 2512 104 2 8
zabor 3344 2512 104 2 8
zabor 3376 2512 105 2 8
zabor 3408 2512 104 2 8
zabor 3440 2512 104 2 8
zabor 3472 2512 105 2 8
fre 3476 2524 161 179 179
zabor 3504 2512 104 2 8
fre 3500 2516 157 179 179
zabor 3536 2512 105 2 8
zabor 3568 2512 104 2 8
fre 3556 2508 163 179 179
fre 3644 2500 163 179 179
zabor 3632 2512 104 2 8
zabor 3664 2512 105 2 8
zabor 3696 2512 105 2 8
tree 3896 2504 47 0 179
tree 3896 2520 46 0 179
fre 132 2548 160 179 179
fre 212 2532 160 179 179
fre 380 2532 160 179 179
fre 412 2532 160 179 179
fre 812 2532 157 179 179
fre 900 2532 160 179 179
dom 1408 2528 26 0 179
fre 1468 2556 147 179 179
fre 1516 2540 142 179 179
fre 1532 2556 230 179 179
fre 1700 2532 144 179 179
fre 1748 2548 144 179 179
fre 1740 2556 230 179 179
fre 1780 2532 144 179 179
fre 1772 2548 128 179 179
fre 2164 2540 234 179 179
fre 2708 2540 232 179 179
fre 2780 2548 232 179 179
dom 3136 2528 87 0 179
dom 3392 2528 78 0 179
tree 3576 2536 43 0 179
tree 3560 2552 47 0 179
dom 3616 2528 87 0 179
stand 3656 2536 3 0 179
fre 3692 2532 158 179 179
stand 3768 2552 95 0 179
tree 3752 2552 22 0 179
tree 3768 2536 43 0 179
tree 3800 2552 13 0 179
tree 3800 2536 47 0 179
fre 3812 2540 161 179 179
fre 3868 2540 163 179 179
fre 3868 2556 163 179 179
fre 3900 2532 161 179 179
fre 236 2572 160 179 179
fre 260 2588 160 179 179
fre 324 2588 160 179 179
fre 340 2572 160 179 179
fre 324 2572 156 179 179
fre 396 2572 160 179 179
fre 444 2580 160 179 179
fre 452 2572 160 179 179
fre 540 2572 233 179 179
fre 564 2580 233 179 179
fre 644 2564 149 179 179
fre 732 2572 233 179 179
fre 756 2580 233 179 179
fre 900 2588 157 179 179
fre 972 2588 157 179 179
fre 1060 2580 149 179 179
fre 1148 2572 149 179 179
fre 1188 2580 234 179 179
zabor 1328 2576 104 2 8
stand 1336 2584 79 0 179
stand 1336 2568 77 0 179
fre 1364 2564 234 179 179
stand 1368 2584 71 0 179
stand 1352 2584 71 0 179
stand 1400 2584 71 0 179
stand 1384 2584 71 0 179
stand 1432 2584 71 0 179
stand 1416 2584 71 0 179
stand 1464 2584 71 0 179
stand 1448 2584 71 0 179
stand 1480 2584 71 0 179
stand 1496 2584 71 0 179
stand 1528 2584 71 0 179
stand 1512 2584 71 0 179
fre 1556 2588 138 179 179
fre 1564 2564 230 179 179
stand 1560 2584 71 0 179
stand 1544 2584 71 0 179
stand 1592 2584 71 0 179
stand 1576 2584 71 0 179
stand 1624 2584 71 0 179
stand 1608 2584 71 0 179
fre 1652 2588 230 179 179
stand 1656 2584 71 0 179
stand 1640 2584 71 0 179
stand 1688 2568 74 0 179
stand 1688 2584 84 0 179
zabor 1680 2576 104 2 8
stand 1672 2584 71 0 179
fre 1716 2588 145 179 179
stand 1768 2568 77 0 179
stand 1768 2584 79 0 179
zabor 1776 2576 105 2 8
fre 1772 2588 147 179 179
fre 1780 2580 230 179 179
stand 1784 2584 71 0 179
stand 1800 2584 71 0 179
stand 1816 2584 71 0 179
fre 1844 2572 145 179 179
fre 1844 2588 230 179 179
fre 1828 2580 128 179 179
stand 1832 2584 71 0 179
stand 1848 2584 71 0 179
fre 1860 2580 145 179 179
stand 1880 2584 71 0 179
stand 1864 2584 71 0 179
stand 1912 2584 71 0 179
stand 1896 2584 71 0 179
stand 1944 2584 71 0 179
stand 1928 2584 71 0 179
stand 1976 2584 71 0 179
stand 1960 2584 71 0 179
stand 1992 2584 71 0 179
stand 2008 2584 71 0 179
stand 2040 2584 71 0 179
stand 2024 2584 71 0 179
stand 2056 2584 71 0 179
stand 2072 2584 71 0 179
dom 2048 2560 79 0 179
stand 2088 2584 71 0 179
stand 2104 2584 84 0 179
stand 2104 2568 77 0 179
zabor 2128 2576 105 2 8
zabor 2224 2576 105 2 8
stand 2232 2584 79 0 179
stand 2232 2568 77 0 179
stand 2248 2584 71 0 179
stand 2264 2584 71 0 179
fre 2284 2588 234 179 179
stand 2280 2584 71 0 179
stand 2296 2584 71 0 179
stand 2312 2584 71 0 179
stand 2328 2584 71 0 179
stand 2344 2584 71 0 179
stand 2360 2584 71 0 179
stand 2376 2584 71 0 179
stand 2392 2584 71 0 179
fre 2428 2580 234 179 179
stand 2408 2584 71 0 179
stand 2424 2584 71 0 179
stand 2440 2584 71 0 179
stand 2456 2584 71 0 179
stand 2472 2584 71 0 179
stand 2488 2584 71 0 179
stand 2504 2584 71 0 179
stand 2520 2584 71 0 179
stand 2552 2584 84 0 179
stand 2536 2584 71 0 179
stand 2552 2568 75 0 179
zabor 2576 2576 105 2 8
zabor 2736 2576 105 2 8
fre 2836 2588 232 179 179
fre 2820 2580 232 179 179
zabor 2864 2576 104 2 8
fre 2884 2588 233 179 179
fre 2900 2580 232 179 179
fre 2940 2588 232 179 179
zabor 2992 2576 104 2 8
fre 3116 2580 233 179 179
fre 3340 2572 233 179 179
fre 3388 2588 233 179 179
fre 3532 2580 161 179 179
fre 3732 2564 163 179 179
fre 3796 2564 163 179 179
fre 156 2596 160 179 179
fre 308 2596 160 179 179
fre 316 2604 160 179 179
fre 356 2612 160 179 179
fre 388 2604 154 179 179
fre 396 2596 149 179 179
fre 468 2604 160 179 179
fre 500 2620 160 179 179
fre 516 2612 233 179 179
zabor 560 2608 105 2 8
zabor 592 2608 105 2 8
fre 620 2596 233 179 179
zabor 624 2608 104 2 8
zabor 656 2608 105 2 8
fre 708 2612 233 179 179
fre 812 2596 233 179 179
trop 964 2612 65 179 179
tree 1176 2600 46 0 179
trop 1244 2604 65 179 179
fre 1252 2604 99 179 179
zabor 1328 2608 105 2 8
zabor 1360 2608 104 2 8
dom 1344 2592 78 0 179
zabor 1392 2608 104 2 8
zabor 1424 2608 105 2 8
zabor 1456 2608 105 2 8
dom 1440 2592 78 0 179
zabor 1488 2608 105 2 8
fre 1516 2620 147 179 179
fre 1524 2596 145 179 179
zabor 1520 2608 105 2 8
zabor 1552 2608 105 2 8
zabor 1584 2608 105 2 8
fre 1604 2620 147 179 179
zabor 1616 2608 104 2 8
zabor 1648 2608 104 2 8
dom 1632 2592 78 0 179
zabor 1680 2608 104 2 8
zabor 1776 2608 105 2 8
zabor 1808 2608 105 2 8
zabor 1840 2608 105 2 8
fre 1868 2620 147 179 179
zabor 1872 2608 105 2 8
zabor 1904 2608 105 2 8
fre 1948 2620 233 179 179
zabor 1936 2608 105 2 8
zabor 1968 2608 104 2 8
zabor 2000 2608 105 2 8
zabor 2032 2608 104 2 8
zabor 2064 2608 105 2 8
zabor 2096 2608 104 2 8
zabor 2128 2608 104 2 8
zabor 2224 2608 105 2 8
zabor 2256 2608 104 2 8
fre 2252 2612 233 179 179
zabor 2288 2608 104 2 8
zabor 2320 2608 104 2 8
fre 2324 2604 233 179 179
zabor 2352 2608 104 2 8
zabor 2384 2608 104 2 8
zabor 2416 2608 105 2 8
zabor 2448 2608 105 2 8
fre 2436 2596 233 179 179
zabor 2480 2608 104 2 8
zabor 2512 2608 105 2 8
zabor 2544 2608 105 2 8
zabor 2576 2608 104 2 8
fre 2676 2620 233 179 179
zabor 2736 2608 104 2 8
fre 2732 2620 233 179 179
zabor 2768 2608 104 2 8
zabor 2800 2608 104 2 8
zabor 2832 2608 105 2 8
zabor 2864 2608 105 2 8
zabor 2896 2608 104 2 8
zabor 2928 2608 104 2 8
fre 2924 2612 232 179 179
zabor 2960 2608 105 2 8
fre 2964 2620 233 179 179
zabor 2992 2608 104 2 8
stand 3064 2616 104 0 179
zabor 3120 2608 105 2 8
zabor 3152 2608 104 2 8
fre 3156 2604 233 179 179
zabor 3248 2608 105 2 8
zabor 3280 2608 104 2 8
fre 3268 2604 231 179 179
stand 3336 2616 104 0 179
tree 3384 2600 50 0 179
tree 3368 2616 45 0 179
stand 3432 2616 65 0 179
fre 3620 2604 161 179 179
stand 3640 2616 69 0 179
fre 3652 2620 161 179 179
stand 3720 2616 69 0 179
fre 252 2652 157 179 179
fre 340 2644 157 179 179
fre 508 2644 233 179 179
fre 532 2628 154 179 179
fre 540 2644 233 179 179
fre 548 2644 233 179 179
fre 604 2628 233 179 179
fre 636 2652 233 179 179
fre 652 2652 149 179 179
fre 652 2636 233 179 179
zabor 656 2640 104 2 8
fre 676 2636 233 179 179
fre 700 2644 233 179 179
fre 732 2644 233 179 179
fre 740 2644 233 179 179
fre 796 2628 233 179 179
fre 828 2652 233 179 179
fre 844 2636 233 179 179
fre 884 2652 149 179 179
fre 868 2636 233 179 179
fre 924 2636 233 179 179
fre 948 2644 233 179 179
fre 1060 2636 157 179 179
fre 1284 2644 148 179 179
fre 1476 2652 234 179 179
dom 1504 2624 78 0 179
fre 1556 2652 149 179 179
fre 1580 2652 147 179 179
fre 1612 2636 145 179 179
fre 1652 2652 234 179 179
fre 1708 2628 147 179 179
fre 1836 2636 234 179 179
dom 1856 2624 87 0 179
fre 2020 2644 233 179 179
tree 2088 2648 1 0 179
tree 2104 2648 2 0 179
tree 2104 2632 47 0 179
fre 2588 2644 233 179 179
fre 2636 2644 233 179 179
fre 2828 2636 232 179 179
zabor 2864 2640 105 2 8
fre 3052 2644 233 179 179
stand 3048 2632 65 0 179
stand 3112 2632 105 0 179
zabor 3152 2640 104 2 8
zabor 3184 2640 105 2 8
zabor 3216 2640 105 2 8
zabor 3248 2640 105 2 8
stand 3288 2632 105 0 179
fre 3308 2628 233 179 179
tree 3400 2632 44 0 179
stand 3416 2632 66 0 179
fre 3444 2652 161 179 179
stand 3624 2648 65 0 179
stand 3640 2632 83 0 179
stand 3672 2632 71 0 179
stand 3656 2632 71 0 179
stand 3704 2632 71 0 179
stand 3688 2632 71 0 179
stand 3720 2632 84 0 179
stand 3768 2648 65 0 179
fre 3868 2636 161 179 179
fre 116 2676 160 179 179
fre 196 2660 160 179 179
fre 324 2660 160 179 179
fre 404 2676 157 179 179
zabor 496 2672 65 1 8
fre 500 2684 233 179 179
zabor 528 2672 64 1 8
stand 520 2680 70 0 179
stand 536 2680 76 0 179
zabor 560 2672 65 1 8
stand 552 2680 76 0 179
stand 568 2680 82 0 179
zabor 592 2672 66 1 8
fre 596 2668 233 179 179
fre 596 2684 231 179 179
fre 636 2676 233 179 179
fre 660 2684 233 179 179
zabor 656 2672 104 2 8
fre 692 2684 233 179 179
zabor 688 2672 105 2 8
fre 788 2668 233 179 179
fre 788 2684 231 179 179
fre 828 2676 233 179 179
fre 852 2684 233 179 179
fre 900 2676 233 179 179
fre 1004 2660 233 179 179
fre 1076 2676 160 179 179
fre 1276 2660 234 179 179
fre 1364 2676 234 179 179
fre 1484 2660 147 179 179
fre 1596 2660 147 179 179
fre 1748 2684 234 179 179
stand 1848 2680 66 0 179
tree 2072 2664 44 0 179
tree 2104 2664 12 0 179
tree 2088 2664 21 0 179
fre 2116 2668 234 179 179
fre 2492 2676 233 179 179
fre 2468 2668 231 179 179
fre 2612 2676 231 179 179
fre 2852 2660 232 179 179
fre 2972 2660 233 179 179
fre 3028 2668 233 179 179
fre 3012 2668 233 179 179
fre 3140 2660 233 179 179
stand 3144 2680 65 0 179
stand 3176 2680 3 0 179
stand 3224 2664 66 0 179
stand 3256 2680 65 0 179
stand 3288 2664 65 0 179
stand 3560 2664 3 0 179
stand 3608 2680 105 0 179
tree 3624 2664 47 0 179
stand 3640 2664 65 0 179
stand 3704 2664 66 0 179
stand 3688 2680 65 0 179
fre 3740 2676 161 179 179
stand 3784 2680 105 0 179
stand 3800 2664 66 0 179
fre 3804 2676 161 179 179
fre 3884 2676 161 179 179
fre 3948 2660 161 179 179
fre 348 2708 234 179 179
stand 568 2712 74 0 179
stand 568 2696 74 0 179
zabor 592 2704 65 1 8
fre 580 2716 233 179 179
fre 612 2708 233 179 179
fre 660 2716 233 179 179
zabor 656 2704 105 2 8
fre 684 2708 233 179 179
fre 772 2716 233 179 179
fre 804 2708 233 179 179
fre 852 2716 233 179 179
fre 876 2708 233 179 179
fre 892 2708 233 179 179
fre 924 2708 233 179 179
fre 932 2708 233 179 179
fre 964 2700 149 179 179
fre 988 2692 233 179 179
fre 1020 2716 233 179 179
fre 1036 2700 233 179 179
fre 1060 2700 233 179 179
zabor 1168 2704 104 2 8
zabor 1200 2704 105 2 8
zabor 1328 2704 105 2 8
zabor 1360 2704 104 2 8
fre 1380 2716 154 179 179
stand 1448 2712 66 0 179
tree 1480 2696 47 0 179
tree 1592 2696 47 0 179
tree 1576 2696 46 0 179
stand 1624 2712 105 0 179
stand 1848 2696 65 0 179
fre 1924 2692 234 179 179
stand 2040 2712 65 0 179
fre 2228 2700 232 179 179
fre 2340 2700 233 179 179
fre 2404 2700 233 179 179
stand 2552 2696 3 0 179
fre 2692 2692 233 179 179
stand 2728 2696 65 0 179
fre 2740 2700 233 179 179
stand 2760 2696 66 0 179
fre 2836 2716 232 179 179
fre 2828 2708 232 179 179
fre 2884 2700 233 179 179
stand 3224 2712 105 0 179
fre 3292 2692 149 179 179
fre 3468 2700 233 179 179
fre 3508 2700 233 179 179
stand 3784 2712 104 0 179
fre 268 2740 160 179 179
fre 460 2740 157 179 179
dom 512 2720 66 0 179
stand 568 2744 74 0 179
stand 568 2728 74 0 179
zabor 592 2736 66 1 8
zabor 656 2736 105 2 8
fre 684 2732 233 179 179
fre 876 2732 233 179 179
fre 884 2748 233 179 179
fre 980 2732 233 179 179
fre 980 2748 231 179 179
fre 1020 2740 233 179 179
fre 1044 2748 233 179 179
tree 1144 2728 5 0 179
tree 1144 2744 37 0 179
fre 1156 2732 149 179 179
fre 1172 2740 234 179 179
tree 1160 2728 30 0 179
tree 1176 2744 44 0 179
zabor 1200 2736 104 2 8
zabor 1328 2736 104 2 8
stand 1368 2744 105 0 179
stand 1416 2728 3 0 179
fre 1444 2732 234 179 179
tree 1496 2728 17 0 179
tree 1480 2744 49 0 179
tree 1528 2728 44 0 179
tree 1512 2728 45 0 179
tree 1576 2728 50 0 179
stand 1576 2744 66 0 179
stand 1592 2728 104 0 179
stand 1672 2728 65 0 179
stand 1720 2728 65 0 179
stand 1704 2744 104 0 179
stand 1832 2744 66 0 179
stand 1880 2728 65 0 179
stand 1976 2728 66 0 179
tree 1992 2744 17 0 179
fre 2004 2732 234 179 179
stand 2008 2744 65 0 179
zabor 2128 2736 105 2 8
zabor 2224 2736 105 2 8
fre 2292 2732 234 179 179
stand 2584 2744 104 0 179
tree 2728 2728 46 0 179
stand 2744 2728 95 0 179
stand 2728 2744 104 0 179
fre 2908 2732 232 179 179
fre 3236 2724 233 179 179
stand 3384 2744 65 0 179
fre 3420 2732 233 179 179
fre 3564 2748 233 179 179
fre 3556 2748 233 179 179
stand 3672 2744 65 0 179
fre 3668 2740 233 179 179
stand 3688 2728 65 0 179
fre 3828 2740 161 179 179
fre 316 2772 160 179 179
fre 292 2756 160 179 179
fre 316 2780 234 179 179
stand 568 2776 74 0 179
stand 568 2760 74 0 179
zabor 592 2768 65 1 8
fre 612 2780 233 179 179
fre 668 2780 233 179 179
fre 708 2772 233 179 179
fre 804 2780 233 179 179
fre 860 2780 233 179 179
fre 900 2772 233 179 179
fre 964 2780 233 179 179
fre 996 2772 233 179 179
fre 1044 2780 233 179 179
fre 1068 2772 233 179 179
fre 1116 2772 160 179 179
tree 1160 2760 31 0 179
fre 1188 2772 160 179 179
zabor 1200 2768 105 2 8
fre 1252 2756 234 179 179
zabor 1328 2768 105 2 8
stand 1480 2776 89 0 179
stand 1512 2760 104 0 179
fre 1556 2764 232 179 179
fre 1668 2764 233 179 179
fre 1732 2764 233 179 179
fre 1868 2764 234 179 179
stand 1864 2760 89 0 179
tree 1912 2760 2 0 179
tree 1896 2760 1 0 179
stand 1944 2760 3 0 179
tree 1976 2760 4 0 179
stand 2008 2776 66 0 179
stand 2088 2760 105 0 179
fre 2132 2756 232 179 179
zabor 2128 2768 104 2 8
zabor 2224 2768 104 2 8
fre 2276 2780 232 179 179
fre 2372 2764 233 179 179
fre 2532 2780 231 179 179
fre 2820 2764 234 179 179
tree 2840 2776 13 0 179
tree 3080 2776 47 0 179
fre 3108 2772 233 179 179
fre 3188 2772 233 179 179
stand 3336 2760 66 0 179
fre 3340 2756 233 179 179
stand 3416 2760 66 0 179
fre 3532 2764 233 179 179
fre 3604 2764 233 179 179
fre 3620 2780 233 179 179
fre 3692 2772 233 179 179
fre 3748 2764 233 179 179
fre 108 2804 160 179 179
fre 212 2788 160 179 179
zabor 432 2800 64 1 8
stand 456 2808 69 0 179
fre 532 2796 234 179 179
stand 568 2808 74 0 179
stand 568 2792 74 0 179
zabor 592 2800 65 1 8
fre 588 2796 231 179 179
fre 636 2796 233 179 179
fre 644 2804 233 179 179
fre 796 2788 233 179 179
fre 780 2796 231 179 179
fre 828 2796 233 179 179
fre 836 2804 233 179 179
fre 988 2788 233 179 179
fre 1068 2796 233 179 179
fre 1276 2796 148 179 179
fre 1332 2796 234 179 179
tree 1352 2808 44 0 179
fre 1620 2796 234 179 179
stand 1896 2792 105 0 179
fre 1964 2804 234 179 179
zabor 2064 2800 105 2 8
fre 2092 2796 232 179 179
zabor 2096 2800 105 2 8
zabor 2128 2800 105 2 8
fre 2180 2804 232 179 179
zabor 2224 2800 104 2 8
zabor 2256 2800 105 2 8
zabor 2288 2800 105 2 8
tree 2392 2792 26 0 179
tree 2376 2792 12 0 179
tree 2440 2808 44 0 179
tree 2456 2808 14 0 179
dom 2432 2784 87 0 179
tree 2504 2808 44 0 179
fre 2500 2796 234 179 179
fre 2628 2788 234 179 179
fre 2932 2796 232 179 179
fre 3044 2796 233 179 179
fre 3108 2796 233 179 179
fre 3188 2804 233 179 179
fre 3324 2812 233 179 179
fre 3364 2788 233 179 179
stand 3432 2792 65 0 179
fre 3436 2812 233 179 179
stand 3512 2792 65 0 179
stand 3496 2808 65 0 179
stand 3592 2808 65 0 179
stand 3656 2808 65 0 179
fre 3908 2788 161 179 179
fre 188 2836 160 179 179
tree 200 2840 49 0 179
stand 232 2824 0 0 179
fre 252 2844 150 179 179
stand 264 2840 5 0 179
stand 312 2824 5 0 179
fre 380 2828 160 179 179
fre 412 2844 160 179 179
zabor 432 2832 66 1 8
fre 420 2836 234 179 179
stand 456 2824 77 0 179
stand 456 2840 77 0 179
lay 536 2840 96 0 179
dom 512 2816 65 0 179
stand 568 2840 74 0 179
stand 568 2824 74 0 179
zabor 592 2832 64 1 8
fre 596 2836 233 179 179
fre 612 2820 233 179 179
fre 668 2828 233 179 179
zabor 656 2832 105 2 8
fre 732 2844 233 179 179
fre 724 2836 233 179 179
fre 756 2836 233 179 179
fre 756 2820 233 179 179
fre 788 2820 231 179 179
fre 804 2820 233 179 179
fre 860 2836 233 179 179
fre 844 2820 233 179 179
fre 916 2836 233 179 179
fre 948 2820 233 179 179
fre 996 2844 233 179 179
fre 1052 2844 233 179 179
fre 1092 2836 233 179 179
tree 1144 2840 18 0 179
tree 1160 2840 48 0 179
tree 1160 2824 20 0 179
zabor 1200 2832 104 2 8
fre 1308 2844 154 179 179
tree 1336 2840 48 0 179
zabor 1328 2832 105 2 8
tree 1368 2840 49 0 179
fre 1460 2820 232 179 179
fre 1604 2844 232 179 179
fre 1700 2828 233 179 179
fre 2196 2836 232 179 179
fre 2340 2828 234 179 179
tree 2472 2840 6 0 179
fre 2708 2828 234 179 179
fre 2996 2828 234 179 179
fre 3276 2820 233 179 179
fre 3444 2820 233 179 179
fre 3548 2844 233 179 179
stand 3640 2824 66 0 179
tree 3752 2824 46 0 179
fre 3772 2844 233 179 179
fre 236 2860 150 179 179
fre 236 2868 150 179 179
fre 276 2852 150 179 179
fre 364 2852 150 179 179
dom 384 2848 113 0 179
zabor 432 2864 65 1 8
stand 456 2856 77 0 179
stand 456 2872 79 0 179
stand 472 2872 71 0 179
stand 488 2872 71 0 179
stand 504 2872 71 0 179
fre 484 2876 160 179 179
stand 520 2872 87 0 179
stand 536 2872 87 0 179
fre 516 2876 234 179 179
stand 568 2856 74 0 179
stand 552 2872 87 0 179
stand 568 2872 84 0 179
zabor 592 2864 64 1 8
fre 628 2876 234 179 179
fre 628 2860 233 179 179
zabor 656 2864 104 2 8
fre 676 2868 233 179 179
fre 724 2860 233 179 179
fre 708 2852 233 179 179
tree 744 2872 46 0 179
fre 780 2852 233 179 179
fre 780 2860 233 179 179
fre 828 2860 233 179 179
fre 812 2852 233 179 179
fre 820 2860 233 179 179
fre 868 2868 233 179 179
fre 972 2860 231 179 179
fre 1020 2860 233 179 179
fre 1028 2868 233 179 179
tree 1144 2856 0 0 179
fre 1180 2852 233 179 179
tree 1160 2856 8 0 179
zabor 1200 2864 104 2 8
fre 1292 2868 234 179 179
fre 1340 2876 148 179 179
zabor 1328 2864 105 2 8
fre 1420 2860 232 179 179
fre 1508 2868 232 179 179
tree 1720 2856 44 0 179
tree 1704 2856 45 0 179
tree 1768 2872 44 0 179
tree 1784 2856 46 0 179
fre 1828 2860 234 179 179
fre 2012 2860 234 179 179
fre 2108 2860 232 179 179
tree 2456 2856 50 0 179
tree 2440 2856 8 0 179
tree 2456 2872 30 0 179
fre 2836 2852 232 179 179
fre 2980 2876 232 179 179
fre 3076 2860 233 179 179
fre 3180 2860 233 179 179
tree 3464 2856 46 0 179
fre 3612 2852 233 179 179
fre 3588 2876 233 179 179
fre 3700 2860 233 179 179
fre 3908 2876 161 179 179
stand 216 2888 0 0 179
fre 212 2908 230 179 179
fre 236 2900 230 179 179
tree 328 2904 49 0 179
tree 344 2904 14 0 179
stand 360 2888 0 0 179
fre 380 2908 150 179 179
stand 392 2904 5 0 179
zabor 432 2896 66 1 8
zabor 464 2896 64 1 8
zabor 496 2896 64 1 8
fre 484 2892 234 179 179
zabor 528 2896 64 1 8
dom 512 2880 79 0 179
zabor 560 2896 65 1 8
zabor 592 2896 65 1 8
zabor 656 2896 105 2 8
zabor 688 2896 105 2 8
fre 996 2884 233 179 179
fre 1108 2900 233 179 179
fre 1140 2884 233 179 179
zabor 1168 2896 104 2 8
zabor 1200 2896 104 2 8
zabor 1328 2896 104 2 8
zabor 1360 2896 104 2 8
fre 1524 2900 232 179 179
fre 1668 2892 234 179 179
fre 1916 2892 234 179 179
tree 2056 2888 46 0 179
fre 2132 2900 232 179 179
fre 2116 2884 232 179 179
fre 2236 2900 232 179 179
fre 2276 2884 232 179 179
fre 2332 2908 232 179 179
fre 2420 2892 234 179 179
fre 2436 2892 158 179 179
fre 2548 2884 234 179 179
fre 2668 2900 234 179 179
fre 2796 2892 232 179 179
fre 2884 2900 232 179 179
zabor 3088 2896 105 2 8
tree 3080 2888 45 0 179
tree 3144 2904 44 0 179
fre 3204 2892 234 179 179
fre 3260 2892 233 179 179
fre 3300 2908 233 179 179
fre 3540 2900 233 179 179
fre 3604 2892 233 179 179
fre 3700 2900 233 179 179
fre 3804 2900 161 179 179
fre 3908 2892 161 179 179
tree 200 2936 44 0 179
fre 196 2940 230 179 179
fre 236 2924 150 179 179
fre 284 2940 142 179 179
fre 308 2932 149 179 179
tree 312 2920 17 0 179
stand 344 2936 0 0 179
tree 360 2936 46 0 179
tree 376 2920 50 0 179
fre 364 2924 150 179 179
fre 404 2916 150 179 179
fre 396 2916 230 179 179
tree 424 2920 46 0 179
tree 424 2936 4 0 179
fre 492 2916 150 179 179
fre 644 2924 233 179 179
zabor 656 2928 105 2 8
fre 732 2916 233 179 179
fre 740 2924 233 179 179
fre 772 2916 233 179 179
tree 808 2920 45 0 179
fre 836 2924 233 179 179
fre 1012 2924 233 179 179
fre 1060 2932 233 179 179
tree 1096 2920 36 0 179
stand 1128 2936 0 0 179
stand 1192 2920 104 0 179
fre 1284 2940 154 179 179
fre 1340 2924 234 179 179
stand 1320 2920 104 0 179
fre 1436 2924 232 179 179
tree 1784 2920 50 0 179
tree 1784 2936 47 0 179
fre 2084 2940 232 179 179
stand 2296 2936 86 0 179
zabor 2288 2928 66 1 8
stand 2312 2936 76 0 179
stand 2328 2936 76 0 179
zabor 2320 2928 66 1 8
stand 2344 2936 76 0 179
stand 2360 2936 76 0 179
zabor 2352 2928 64 1 8
stand 2376 2936 76 0 179
stand 2392 2936 76 0 179
zabor 2384 2928 65 1 8
stand 2408 2936 76 0 179
stand 2424 2936 76 0 179
zabor 2416 2928 64 1 8
stand 2456 2936 78 0 179
stand 2440 2936 76 0 179
zabor 2448 2928 65 1 8
fre 2444 2932 160 179 179
zabor 2480 2928 65 1 8
zabor 2576 2928 66 1 8
stand 2600 2936 78 0 179
stand 2616 2936 76 0 179
zabor 2608 2928 66 1 8
stand 2648 2936 76 0 179
stand 2632 2936 76 0 179
zabor 2640 2928 66 1 8
stand 2680 2936 76 0 179
stand 2664 2936 76 0 179
zabor 2672 2928 66 1 8
stand 2712 2936 76 0 179
stand 2696 2936 76 0 179
zabor 2704 2928 65 1 8
stand 2744 2936 70 1 179
stand 2728 2936 76 0 179
zabor 2736 2928 65 1 8
stand 2760 2936 70 1 179
zabor 2768 2928 74 1 9
fre 2900 2932 232 179 179
fre 3068 2924 149 179 179
fre 3044 2924 234 179 179
fre 3204 2932 233 179 179
fre 3364 2932 233 179 179
fre 3436 2932 233 179 179
fre 3484 2924 233 179 179
fre 3492 2932 233 179 179
fre 3532 2924 233 179 179
fre 3540 2916 233 179 179
fre 3564 2940 233 179 179
fre 3628 2916 233 179 179
fre 3676 2916 233 179 179
tree 216 2968 50 0 179
lay 280 2952 71 0 179
tree 312 2952 49 0 179
fre 292 2956 150 179 179
tree 312 2968 18 0 179
stand 344 2952 0 0 179
fre 332 2964 149 179 179
tree 328 2968 17 0 179
tree 360 2968 47 0 179
stand 376 2968 5 0 179
fre 356 2948 150 179 179
tree 360 2952 26 0 179
fre 452 2956 230 179 179
zabor 560 2960 104 2 8
fre 604 2956 234 179 179
zabor 592 2960 105 2 8
zabor 624 2960 105 2 8
zabor 656 2960 104 2 8
fre 700 2948 234 179 179
tree 744 2968 44 0 179
fre 756 2956 233 179 179
tree 792 2968 47 0 179
fre 820 2956 233 179 179
fre 852 2948 233 179 179
fre 844 2964 233 179 179
tree 1064 2952 20 0 179
tree 1080 2952 0 0 179
dom 1056 2944 78 0 179
tree 1096 2952 8 0 179
fre 1348 2956 148 179 179
tree 1352 2968 1 0 179
tree 1384 2952 46 0 179
tree 1400 2952 47 0 179
fre 1444 2948 232 179 179
fre 1564 2964 232 179 179
fre 1604 2948 232 179 179
fre 1660 2972 232 179 179
fre 1692 2948 209 179 179
fre 1748 2964 149 179 179
fre 1748 2956 234 179 179
fre 1876 2948 234 179 179
fre 2148 2956 232 179 179
zabor 2288 2960 66 1 8
stand 2296 2952 75 0 179
stand 2296 2968 75 0 179
fre 2396 2972 234 179 179
zabor 2480 2960 64 1 8
zabor 2576 2960 64 1 8
fre 2716 2956 234 179 179
stand 2744 2952 70 1 179
stand 2744 2968 74 0 179
stand 2760 2952 70 1 179
zabor 2768 2960 65 1 8
fre 2812 2956 232 179 179
tree 3160 2952 50 0 179
fre 3356 2948 233 179 179
fre 3556 2964 233 179 179
fre 3628 2948 233 179 179
fre 3716 2956 233 179 179
fre 3900 2972 234 179 179
tree 232 3000 49 0 179
tree 248 3000 19 0 179
stand 264 2984 0 0 179
fre 284 3004 150 179 179
fre 260 2988 150 179 179
stand 296 3000 5 0 179
stand 344 2984 5 0 179
fre 372 2996 149 179 179
fre 412 3004 142 179 179
stand 472 3000 0 0 179
tree 568 2984 44 0 179
tree 552 3000 46 0 179
tree 552 2984 47 0 179
fre 812 2988 233 179 179
fre 900 2980 233 179 179
tree 1032 3000 26 0 179
tree 1064 3000 46 0 179
fre 1236 2996 149 179 179
fre 1300 2980 154 179 179
tree 1352 2984 44 0 179
fre 1412 3004 232 179 179
fre 1940 2988 234 179 179
fre 2092 2988 232 179 179
fre 2228 2996 232 179 179
zabor 2288 2992 65 1 8
fre 2292 2980 232 179 179
stand 2296 2984 75 0 179
stand 2296 3000 75 0 179
dom 2336 2976 67 0 179
fre 2388 2988 232 179 179
dom 2400 2976 66 0 179
fre 2620 2988 234 179 179
dom 2688 2976 67 0 179
stand 2744 2984 74 0 179
stand 2744 3000 74 0 179
zabor 2768 2992 64 1 8
tree 2760 2984 46 0 179
fre 2836 2996 232 179 179
fre 2820 2980 232 179 179
fre 2940 2996 232 179 179
fre 2980 2980 232 179 179
fre 3036 3004 232 179 179
fre 3124 2988 234 179 179
fre 3148 2996 161 179 179
fre 3252 2980 234 179 179
fre 3324 3004 233 179 179
fre 3332 2988 233 179 179
fre 3524 2988 233 179 179
fre 3556 2988 233 179 179
fre 3644 3004 233 179 179
tree 264 3032 46 0 179
tree 280 3016 50 0 179
fre 268 3020 150 179 179
fre 308 3012 150 179 179
tree 328 3016 46 0 179
tree 328 3032 28 0 179
fre 396 3012 150 179 179
stand 504 3032 5 0 179
fre 484 3012 150 179 179
fre 500 3020 230 179 179
fre 724 3036 233 179 179
fre 772 3036 233 179 179
fre 836 3036 231 179 179
fre 892 3012 233 179 179
fre 988 3020 233 179 179
tree 1016 3016 15 0 179
fre 1012 3028 233 179 179
tree 1032 3016 19 0 179
fre 1156 3020 149 179 179
stand 1368 3032 5 0 179
stand 1400 3016 0 0 179
stand 1464 3016 0 0 179
fre 1476 3020 232 179 179
fre 1724 3036 234 179 179
fre 1940 3036 150 179 179
fre 2036 3012 232 179 179
fre 2068 3012 234 179 179
fre 2060 3036 234 179 179
zabor 2288 3024 64 1 8
fre 2300 3020 232 179 179
stand 2296 3016 75 0 179
stand 2296 3032 83 0 179
fre 2460 3028 234 179 179
fre 2484 3028 160 179 179
stand 2744 3016 74 0 179
stand 2744 3032 84 0 179
zabor 2768 3024 64 1 8
fre 2788 3036 232 179 179
fre 3188 3012 233 179 179
fre 3220 3036 233 179 179
fre 3276 3012 233 179 179
fre 3580 3012 233 179 179
tree 3608 3016 9 0 179
fre 3692 3036 233 179 179
fre 3812 3012 234 179 179
fre 3820 3036 233 179 179
stand 152 3064 89 0 179
fre 172 3068 234 179 179
stand 248 3048 0 0 179
tree 248 3064 45 0 179
tree 264 3064 47 0 179
fre 580 3044 234 179 179
fre 660 3052 233 179 179
fre 772 3068 233 179 179
fre 884 3052 233 179 179
fre 964 3060 233 179 179
tree 1016 3048 11 0 179
fre 1068 3044 233 179 179
tree 1400 3048 47 0 179
tree 1384 3064 16 0 179
tree 1384 3048 37 0 179
tree 1432 3048 46 0 179
fre 1420 3052 232 179 179
fre 1556 3060 232 179 179
fre 1620 3044 232 179 179
fre 1716 3052 232 179 179
fre 1812 3068 234 179 179
fre 2004 3068 232 179 179
tree 2088 3048 44 0 179
tree 2104 3048 45 0 179
fre 2116 3060 232 179 179
fre 2132 3068 160 179 179
fre 2308 3068 160 179 179
stand 2344 3048 39 0 179
stand 2344 3064 18 0 179
fre 2444 3068 160 179 179
fre 2468 3052 231 179 179
stand 2552 3048 94 0 179
stand 2552 3064 72 0 179
stand 2536 3048 13 0 179
stand 2680 3064 99 0 179
fre 2852 3052 232 179 179
fre 3100 3068 234 179 179
fre 3364 3060 233 179 179
fre 3452 3060 233 179 179
fre 3444 3044 233 179 179
fre 3516 3052 233 179 179
fre 3524 3052 233 179 179
fre 3604 3052 233 179 179
fre 3740 3044 233 179 179
fre 3988 3052 234 179 179
tree 232 3096 44 0 179
stand 264 3080 0 0 179
fre 284 3100 150 179 179
fre 316 3100 142 179 179
stand 296 3096 5 0 179
stand 344 3080 5 0 179
tree 328 3096 49 0 179
stand 376 3096 0 0 179
stand 360 3080 0 0 179
fre 380 3100 150 179 179
stand 392 3096 5 0 179
stand 440 3080 5 0 179
fre 444 3092 149 179 179
fre 644 3092 234 179 179
fre 700 3084 233 179 179
fre 764 3084 233 179 179
fre 812 3084 233 179 179
fre 820 3076 233 179 179
fre 860 3100 233 179 179
fre 956 3092 233 179 179
fre 988 3092 233 179 179
tree 1016 3096 23 0 179
fre 996 3092 233 179 179
fre 1052 3076 233 179 179
fre 1084 3100 233 179 179
fre 1100 3084 233 179 179
fre 1124 3084 233 179 179
fre 1260 3092 148 179 179
fre 1364 3076 232 179 179
stand 1400 3080 5 0 179
fre 1396 3076 234 179 179
fre 1388 3100 234 179 179
fre 1380 3084 160 179 179
tree 1496 3080 32 0 179
fre 1484 3092 160 179 179
stand 1512 3096 5 0 179
fre 1524 3076 160 179 179
stand 1544 3080 0 0 179
fre 1588 3092 160 179 179
fre 1628 3084 232 179 179
fre 1652 3092 150 179 179
fre 1788 3092 234 179 179
fre 1812 3084 149 179 179
fre 1876 3076 233 179 179
fre 2148 3100 158 179 179
fre 2236 3092 160 179 179
stand 2328 3080 33 0 179
stand 2392 3096 13 0 179
fre 2532 3076 160 179 179
stand 2552 3080 95 0 179
stand 2536 3080 35 0 179
fre 2644 3084 234 179 179
dom 2624 3072 56 1 179
fre 2796 3084 232 179 179
fre 2932 3092 232 179 179
fre 2996 3076 232 179 179
fre 3092 3084 232 179 179
fre 3180 3084 233 179 179
fre 3228 3100 233 179 179
fre 3324 3100 231 179 179
fre 3388 3092 233 179 179
fre 3444 3084 234 179 179
fre 3620 3092 231 179 179
fre 3628 3084 233 179 179
fre 3716 3076 233 179 179
fre 3788 3076 233 179 179
fre 3876 3076 233 179 179
fre 3972 3084 234 179 179
tree 264 3128 46 0 179
tree 280 3112 50 0 179
fre 268 3116 150 179 179
fre 308 3108 150 179 179
tree 344 3112 49 0 179
tree 328 3112 46 0 179
tree 360 3128 46 0 179
fre 364 3116 150 179 179
stand 408 3128 5 0 179
fre 388 3108 150 179 179
fre 396 3108 150 179 179
fre 404 3108 150 179 179
tree 424 3112 46 0 179
fre 468 3132 230 179 179
fre 492 3108 150 179 179
fre 852 3132 233 179 179
fre 908 3108 233 179 179
fre 908 3124 233 179 179
fre 948 3132 233 179 179
fre 1044 3116 233 179 179
fre 1044 3132 231 179 179
fre 1084 3124 233 179 179
fre 1108 3132 233 179 179
tree 1128 3112 2 0 179
tree 1160 3128 31 0 179
fre 1332 3124 148 179 179
fre 1332 3132 232 179 179
fre 1348 3124 12 179 179
fre 1420 3124 234 179 179
fre 1620 3132 234 179 179
fre 1628 3108 161 179 179
lay 1656 3128 84 0 179
lay 1688 3128 80 0 179
tree 1720 3112 13 0 179
lay 1704 3112 83 0 179
fre 1796 3124 209 179 179
fre 1884 3108 233 179 179
fre 2140 3124 160 179 179
fre 2212 3124 234 179 179
stand 2360 3128 95 0 179
stand 2376 3112 94 0 179
stand 2392 3128 35 0 179
stand 2376 3128 35 0 179
stand 2408 3112 72 0 179
fre 2412 3132 158 179 179
stand 2456 3112 15 0 179
fre 2644 3132 150 179 179
fre 2740 3108 232 179 179
fre 2772 3108 234 179 179
fre 2764 3132 234 179 179
fre 3004 3116 232 179 179
fre 3164 3124 234 179 179
tree 3208 3128 45 0 179
fre 3644 3116 233 179 179
fre 3628 3108 233 179 179
fre 3620 3124 233 179 179
fre 3828 3108 233 179 179
fre 3860 3132 233 179 179
fre 196 3148 234 179 179
stand 248 3144 0 0 179
tree 248 3160 45 0 179
tree 264 3160 47 0 179
stand 344 3144 0 0 179
fre 412 3164 149 179 179
fre 396 3156 154 179 179
fre 796 3156 233 179 179
fre 804 3148 233 179 179
fre 924 3164 233 179 179
fre 1028 3164 233 179 179
fre 1060 3156 233 179 179
fre 1108 3164 233 179 179
tree 1144 3144 14 0 179
fre 1132 3156 233 179 179
stand 1176 3144 0 0 179
fre 1308 3156 154 179 179
fre 1332 3156 12 179 179
trop 1444 3156 73 179 179
fre 1484 3164 148 179 179
fre 1500 3140 234 179 179
fre 1508 3140 209 179 179
fre 1684 3156 150 179 179
fre 1740 3164 150 179 179
fre 1788 3164 234 179 179
fre 1852 3164 233 179 179
fre 2100 3148 234 179 179
dom 2208 3136 78 0 179
fre 2708 3164 232 179 179
fre 2820 3156 232 179 179
fre 3148 3140 233 179 179
fre 3420 3156 233 179 179
fre 3740 3164 233 179 179
fre 3780 3148 233 179 179
fre 3812 3140 233 179 179
tree 232 3192 44 0 179
fre 316 3196 142 179 179
fre 300 3188 148 179 179
fre 292 3180 230 179 179
tree 328 3192 44 0 179
tree 344 3176 14 0 179
stand 376 3192 0 0 179
fre 412 3196 142 179 179
stand 472 3192 0 0 179
fre 548 3180 234 179 179
fre 740 3188 233 179 179
fre 780 3196 233 179 179
fre 860 3172 233 179 179
tree 888 3176 6 0 179
fre 972 3196 233 179 179
tree 1144 3176 2 0 179
fre 1132 3180 233 179 179
stand 1160 3192 5 0 179
fre 1356 3188 148 179 179
trop 1484 3180 73 179 179
vor 1548 3180 115 179 179
vor 1572 3172 116 179 179
fre 1612 3188 150 179 179
lay 1608 3192 8 0 179
fre 1708 3196 87 179 179
vor 1716 3188 113 179 179
fre 1828 3172 233 179 179
tree 1896 3192 49 0 179
stand 1928 3176 0 0 179
fre 1948 3196 150 179 179
fre 1924 3180 233 179 179
stand 1960 3192 5 0 179
fre 1972 3180 233 179 179
stand 2008 3176 5 0 179
fre 2020 3196 160 179 179
fre 2100 3172 234 179 179
tree 2264 3176 48 0 179
zabor 2288 3184 65 1 8
stand 2296 3192 77 0 179
stand 2296 3176 85 0 179
fre 2428 3172 230 179 179
stand 2744 3192 77 0 179
stand 2744 3176 82 0 179
zabor 2768 3184 65 1 8
fre 3044 3196 158 179 179
fre 3204 3180 233 179 179
fre 3444 3196 234 179 179
fre 3556 3172 233 179 179
fre 3644 3196 233 179 179
fre 3684 3188 233 179 179
fre 3700 3188 233 179 179
fre 316 3204 148 179 179
stand 408 3224 5 0 179
fre 388 3204 150 179 179
stand 504 3224 5 0 179
fre 484 3204 150 179 179
fre 668 3212 234 179 179
fre 732 3220 233 179 179
fre 796 3212 233 179 179
fre 804 3212 233 179 179
fre 884 3212 233 179 179
fre 868 3212 231 179 179
fre 900 3204 233 179 179
fre 924 3204 233 179 179
fre 972 3212 233 179 179
fre 1060 3228 233 179 179
fre 1116 3228 233 179 179
tree 1144 3208 18 0 179
trop 1468 3212 73 179 179
trop 1516 3220 95 179 179
fre 1564 3220 87 179 179
lay 1624 3208 9 0 179
fre 1652 3220 84 179 179
fre 1660 3220 209 179 179
fre 1684 3212 234 179 179
lay 1784 3208 85 0 179
tree 1928 3224 46 0 179
tree 1944 3208 50 0 179
fre 1932 3212 150 179 179
fre 1972 3204 150 179 179
tree 1992 3208 46 0 179
fre 2012 3228 234 179 179
tree 2040 3224 43 0 179
fre 2060 3204 150 179 179
tree 2200 3208 50 0 179
fre 2188 3220 232 179 179
tree 2200 3224 24 0 179
zabor 2288 3216 65 1 8
stand 2296 3208 77 0 179
stand 2296 3224 77 0 179
dom 2400 3200 104 0 179
fre 2476 3220 234 179 179
fre 2588 3212 234 179 179
dom 2624 3200 26 1 179
stand 2744 3208 77 0 179
stand 2744 3224 77 0 179
zabor 2768 3216 65 1 8
lay 2856 3208 96 0 179
fre 2884 3220 158 179 179
fre 2924 3204 158 179 179
fre 3308 3212 233 179 179
fre 3348 3212 233 179 179
fre 3492 3204 233 179 179
fre 3564 3204 233 179 179
fre 3612 3212 233 179 179
fre 3596 3204 233 179 179
fre 3708 3220 233 179 179
fre 3724 3220 233 179 179
fre 3828 3228 233 179 179
fre 3900 3212 233 179 179
fre 3900 3220 233 179 179
fre 3948 3212 233 179 179
fre 3988 3212 233 179 179
fre 340 3236 149 179 179
fre 420 3260 154 179 179
fre 724 3244 234 179 179
fre 820 3244 233 179 179
fre 900 3252 231 179 179
fre 908 3244 233 179 179
fre 996 3236 233 179 179
fre 1036 3244 231 179 179
fre 1084 3244 233 179 179
trop 1308 3252 95 179 179
trop 1292 3236 95 179 179
trop 1324 3260 95 179 179
trop 1388 3236 95 179 179
trop 1444 3252 95 179 179
trop 1556 3244 95 179 179
vor 1660 3260 48 179 179
fre 1716 3260 150 179 179
fre 1740 3236 150 179 179
tree 1832 3256 49 0 179
tree 1880 3240 24 0 179
tree 1864 3256 49 0 179
stand 1864 3240 0 0 179
fre 1884 3260 150 179 179
dom 1888 3232 78 0 179
stand 1912 3240 0 0 179
stand 1896 3240 0 0 179
fre 1916 3260 150 179 179
stand 1896 3256 5 0 179
stand 1928 3256 5 0 179
stand 1944 3240 5 0 179
stand 1976 3240 5 0 179
tree 2024 3256 44 0 179
tree 2056 3240 31 0 179
fre 2252 3252 149 179 179
zabor 2288 3248 65 1 8
stand 2296 3256 79 0 179
stand 2296 3240 77 0 179
stand 2312 3256 71 0 179
stand 2328 3256 71 0 179
fre 2324 3252 148 179 179
stand 2360 3256 67 0 179
stand 2344 3256 67 0 179
stand 2392 3256 67 0 179
stand 2376 3256 67 0 179
stand 2424 3256 67 0 179
stand 2408 3256 67 0 179
fre 2428 3260 98 179 179
stand 2456 3256 67 0 179
stand 2440 3256 67 0 179
zabor 2480 3248 65 1 8
fre 2516 3260 234 179 179
fre 2532 3260 234 179 179
zabor 2576 3248 66 1 8
stand 2616 3256 71 0 179
stand 2600 3256 71 0 179
fre 2612 3252 234 179 179
stand 2648 3256 70 1 179
stand 2632 3256 71 0 179
fre 2652 3244 234 179 179
stand 2664 3240 70 1 179
stand 2680 3256 70 1 179
stand 2664 3256 71 0 179
stand 2712 3256 71 0 179
stand 2696 3256 71 0 179
stand 2744 3256 84 0 179
stand 2744 3240 77 0 179
stand 2728 3256 71 0 179
zabor 2768 3248 66 1 8
stand 2856 3240 59 0 179
lay 2888 3256 96 0 179
dom 2880 3232 78 0 179
fre 2972 3236 158 179 179
fre 3076 3236 233 179 179
fre 3140 3252 149 179 179
fre 3260 3244 233 179 179
fre 3404 3260 233 179 179
fre 3396 3260 233 179 179
fre 3508 3252 233 179 179
fre 3540 3252 233 179 179
fre 172 3292 149 179 179
fre 212 3284 234 179 179
fre 204 3284 232 179 179
stand 248 3272 89 0 179
fre 428 3292 150 179 179
fre 436 3284 230 179 179
fre 612 3268 234 179 179
fre 900 3284 233 179 179
fre 924 3284 135 179 179
fre 1060 3268 233 179 179
fre 1220 3276 148 179 179
trop 1340 3276 95 179 179
trop 1340 3268 95 179 179
fre 1316 3292 150 179 179
trop 1364 3276 73 179 179
trop 1412 3276 95 179 179
trop 1468 3276 95 179 179
trop 1580 3276 95 179 179
trop 1636 3276 95 179 179
fre 1740 3292 161 179 179
tree 1880 3288 4 0 179
tree 1864 3288 46 0 179
tree 1880 3272 50 0 179
fre 1868 3276 150 179 179
tree 1896 3288 44 0 179
fre 1900 3276 150 179 179
fre 1908 3268 150 179 179
fre 1940 3268 150 179 179
fre 1980 3292 142 179 179
tree 1960 3272 46 0 179
tree 1976 3288 43 0 179
tree 2008 3288 43 0 179
fre 1996 3268 150 179 179
stand 2040 3288 0 0 179
fre 2028 3268 150 179 179
fre 2124 3292 232 179 179
zabor 2288 3280 64 1 8
zabor 2320 3280 64 1 8
zabor 2352 3280 65 1 8
fre 2356 3268 209 179 179
zabor 2384 3280 65 1 8
zabor 2416 3280 66 1 8
lay 2424 3288 100 0 179
zabor 2448 3280 64 1 8
zabor 2480 3280 64 1 8
zabor 2576 3280 66 1 8
zabor 2608 3280 66 1 8
zabor 2640 3280 64 1 8
stand 2664 3272 70 1 179
zabor 2672 3280 74 1 9
zabor 2704 3280 64 1 8
zabor 2736 3280 65 1 8
zabor 2768 3280 66 1 8
fre 2764 3284 234 179 179
fre 2876 3276 234 179 179
fre 3004 3292 158 179 179
fre 3028 3284 233 179 179
fre 3180 3268 233 179 179
fre 3372 3276 233 179 179
fre 3444 3276 233 179 179
fre 3460 3292 233 179 179
fre 3532 3284 233 179 179
fre 3596 3284 233 179 179
fre 3588 3276 233 179 179
fre 3740 3268 233 179 179
fre 3772 3276 233 179 179
fre 308 3316 149 179 179
fre 348 3316 232 179 179
tree 456 3320 14 0 179
fre 692 3308 234 179 179
dom 896 3296 7 0 179
fre 924 3308 130 179 179
tree 1336 3304 46 0 179
fre 1324 3308 149 179 179
tree 1352 3304 9 0 179
fre 1372 3316 87 179 179
trop 1412 3300 73 179 179
fre 1428 3316 87 179 179
trop 1468 3308 95 179 179
trop 1564 3300 95 179 179
fre 1692 3308 230 179 179
vor 1668 3324 115 179 179
fre 1748 3300 84 179 179
fre 1772 3300 39 179 179
stand 1848 3304 0 0 179
tree 1848 3320 45 0 179
stand 1880 3304 0 0 179
tree 1880 3320 45 0 179
tree 1864 3320 47 0 179
tree 1960 3320 44 0 179
tree 2008 3304 49 0 179
tree 1992 3320 44 0 179
tree 1992 3304 31 0 179
tree 2024 3304 31 0 179
stand 2072 3320 5 0 179
fre 2052 3300 150 179 179
stand 2312 3320 105 0 179
fre 2324 3316 149 179 179
stand 2360 3320 66 0 179
stand 2408 3320 105 0 179
fre 2484 3316 148 179 179
stand 2648 3320 105 0 179
stand 2696 3320 66 0 179
stand 2744 3320 105 0 179
fre 2804 3324 234 179 179
fre 2820 3324 234 179 179
tree 2872 3320 47 0 179
tree 2872 3304 46 0 179
fre 2900 3316 234 179 179
fre 2884 3300 158 179 179
fre 2940 3308 234 179 179
fre 3028 3316 233 179 179
fre 3164 3324 233 179 179
fre 3204 3300 233 179 179
fre 3276 3324 233 179 179
fre 3676 3308 233 179 179
fre 3700 3308 233 179 179
fre 3788 3308 233 179 179
tree 3896 3320 47 0 179
tree 3928 3304 45 0 179
fre 3948 3316 233 179 179
fre 276 3356 44 179 179
tree 360 3352 49 0 179
fre 364 3356 150 179 179
stand 392 3336 0 0 179
fre 412 3356 150 179 179
stand 424 3352 5 0 179
stand 472 3336 5 0 179
fre 724 3356 234 179 179
tree 792 3352 28 0 179
tree 776 3352 32 0 179
fre 836 3332 233 179 179
fre 916 3340 131 179 179
fre 980 3356 133 179 179
fre 1012 3356 132 179 179
tree 1048 3336 3 0 179
tree 1032 3336 50 0 179
fre 1044 3340 140 179 179
fre 1332 3340 87 179 179
fre 1340 3348 161 179 179
fre 1348 3340 149 179 179
lay 1384 3336 17 0 179
lay 1464 3352 18 0 179
fre 1508 3356 150 179 179
lay 1576 3352 12 0 179
vor 1604 3356 115 179 179
fre 1676 3356 148 179 179
fre 1676 3332 87 179 179
fre 1676 3348 87 179 179
vor 1756 3332 116 179 179
fre 1916 3356 142 179 179
fre 1892 3332 234 179 179
fre 1948 3356 142 179 179
stand 1976 3352 0 0 179
stand 2008 3352 0 0 179
tree 2200 3336 50 0 179
tree 2184 3336 46 0 179
fre 2260 3356 209 179 179
fre 2324 3340 149 179 179
fre 2372 3348 149 179 179
stand 2488 3336 3 0 179
tree 2856 3336 13 0 179
tree 2888 3352 43 0 179
tree 2920 3336 45 0 179
fre 3116 3332 233 179 179
fre 3284 3332 233 179 179
fre 3388 3356 233 179 179
fre 3604 3332 233 179 179
tree 3592 3336 46 0 179
fre 3612 3356 233 179 179
fre 3636 3348 233 179 179
fre 3836 3340 233 179 179
fre 236 3372 161 179 179
fre 276 3388 48 179 179
tree 392 3384 46 0 179
tree 408 3368 50 0 179
fre 396 3372 150 179 179
fre 436 3364 150 179 179
fre 428 3380 230 179 179
tree 456 3368 46 0 179
fre 452 3364 154 179 179
tree 504 3384 43 0 179
tree 488 3368 13 0 179
fre 500 3364 149 179 179
fre 500 3388 230 179 179
fre 524 3364 150 179 179
stand 632 3384 65 0 179
fre 652 3380 234 179 179
tree 760 3384 45 0 179
tree 776 3384 4 0 179
fre 772 3364 233 179 179
stand 808 3384 0 0 179
fre 804 3372 140 179 179
fre 844 3364 233 179 179
fre 876 3364 233 179 179
fre 988 3380 233 179 179
fre 1004 3380 145 179 179
tree 1048 3368 15 0 179
fre 1124 3372 148 179 179
fre 1212 3380 148 179 179
fre 1308 3380 157 179 179
dom 1312 3360 25 2 179
fre 1324 3364 160 179 179
fre 1404 3388 209 179 179
fre 1404 3364 230 179 179
fre 1420 3380 234 179 179
fre 1508 3388 209 179 179
lay 1544 3368 79 0 179
fre 1572 3372 150 179 179
fre 1580 3372 150 179 179
vor 1612 3380 116 179 179
fre 1676 3388 150 179 179
lay 1672 3368 77 0 179
lay 1688 3368 78 0 179
fre 1708 3372 230 179 179
vor 1756 3364 114 179 179
fre 1820 3364 233 179 179
fre 1924 3372 130 179 179
tree 1944 3368 49 0 179
tree 1992 3384 49 0 179
stand 2008 3384 5 0 179
fre 1988 3364 150 179 179
stand 2024 3368 0 0 179
fre 2044 3388 150 179 179
stand 2040 3384 5 0 179
fre 2020 3364 150 179 179
stand 2056 3384 5 0 179
fre 2068 3372 234 179 179
stand 2104 3368 5 0 179
tree 2264 3384 47 0 179
tree 2264 3368 46 0 179
tree 2328 3384 47 0 179
fre 2380 3380 209 179 179
fre 2500 3388 233 179 179
fre 2636 3380 233 179 179
fre 2996 3380 158 179 179
fre 3020 3372 233 179 179
tree 3304 3368 46 0 179
fre 3452 3364 233 179 179
fre 3428 3388 233 179 179
fre 3524 3380 233 179 179
fre 3540 3372 233 179 179
fre 3628 3364 233 179 179
fre 3660 3388 231 179 179
fre 3676 3388 233 179 179
fre 3708 3372 233 179 179
fre 3684 3372 233 179 179
fre 3748 3380 233 179 179
fre 3804 3388 231 179 179
tree 3864 3368 45 0 179
fre 3892 3380 233 179 179
stand 312 3400 89 0 179
stand 376 3400 0 0 179
tree 376 3416 45 0 179
fre 380 3396 230 179 179
tree 392 3416 47 0 179
tree 488 3416 44 0 179
tree 504 3416 9 0 179
tree 520 3400 31 0 179
fre 564 3404 230 179 179
fre 820 3412 233 179 179
trop 860 3412 108 179 179
fre 1396 3420 157 179 179
fre 1412 3404 160 179 179
fre 1452 3396 160 179 179
dom 1472 3392 2 0 179
fre 1484 3396 160 179 179
fre 1500 3396 234 179 179
fre 1532 3404 160 179 179
fre 1556 3396 161 179 179
fre 1548 3404 154 179 179
fre 1580 3404 160 179 179
fre 1596 3396 161 179 179
fre 1700 3404 161 179 179
tree 1848 3400 19 0 179
fre 1868 3396 233 179 179
stand 1912 3400 38 0 179
tree 1944 3416 45 0 179
tree 2024 3416 46 0 179
tree 2040 3400 50 0 179
fre 2028 3404 150 179 179
fre 2068 3396 150 179 179
tree 2088 3400 46 0 179
tree 2136 3416 43 0 179
fre 2156 3396 150 179 179
tree 2296 3416 44 0 179
tree 2280 3416 45 0 179
tree 2328 3400 45 0 179
tree 2328 3416 49 0 179
fre 2404 3420 149 179 179
fre 2420 3420 209 179 179
fre 2484 3404 149 179 179
tree 2488 3400 50 0 179
fre 2508 3396 234 179 179
fre 2500 3420 233 179 179
fre 2556 3396 233 179 179
fre 2572 3412 233 179 179
fre 2748 3396 234 179 179
fre 3100 3404 233 179 179
fre 3140 3420 233 179 179
fre 3180 3404 233 179 179
fre 3228 3420 233 179 179
fre 3380 3412 233 179 179
fre 3716 3412 233 179 179
fre 3828 3412 233 179 179
trop 180 3452 72 179 179
trop 260 3452 72 179 179
fre 332 3428 149 179 179
tree 360 3448 44 0 179
fre 444 3452 142 179 179
fre 428 3444 150 179 179
stand 504 3448 0 0 179
fre 484 3436 230 179 179
fre 540 3436 149 179 179
stand 632 3448 65 0 179
stand 664 3432 65 0 179
fre 700 3436 234 179 179
stand 712 3448 66 0 179
tree 792 3432 31 0 179
fre 876 3444 233 179 179
stand 984 3448 5 0 179
fre 964 3436 140 179 179
fre 1084 3436 148 179 179
fre 1228 3428 233 179 179
fre 1500 3452 234 179 179
fre 1644 3444 234 179 179
fre 1740 3452 150 179 179
stand 1864 3448 5 0 179
tree 1880 3432 43 0 179
tree 1864 3448 17 0 179
fre 1908 3428 233 179 179
fre 1940 3452 233 179 179
stand 2008 3432 0 0 179
tree 2008 3448 45 0 179
tree 2024 3448 47 0 179
tree 2120 3448 44 0 179
fre 2132 3436 234 179 179
tree 2152 3432 31 0 179
fre 2276 3452 234 179 179
fre 2444 3444 233 179 179
fre 2612 3436 233 179 179
fre 2596 3428 233 179 179
fre 2660 3428 233 179 179
fre 2684 3436 233 179 179
fre 2788 3452 233 179 179
fre 2924 3444 233 179 179
fre 3044 3444 233 179 179
tree 3208 3448 45 0 179
fre 3204 3444 233 179 179
fre 3276 3444 233 179 179
fre 3332 3444 233 179 179
fre 3404 3452 233 179 179
fre 3468 3428 233 179 179
fre 3516 3428 233 179 179
zabor 3504 3440 105 2 8
zabor 3536 3440 105 2 8
fre 3708 3428 233 179 179
fre 3844 3444 233 179 179
fre 3988 3444 234 179 179
fre 196 3460 232 179 179
tree 408 3464 8 0 179
tree 472 3464 49 0 179
fre 452 3484 230 179 179
stand 536 3480 5 0 179
fre 516 3460 150 179 179
fre 564 3476 149 179 179
stand 632 3480 66 0 179
stand 744 3464 65 0 179
fre 756 3468 234 179 179
trop 836 3460 96 179 179
trop 860 3476 108 179 179
trop 844 3476 153 179 179
stand 920 3480 104 0 179
tree 952 3464 14 0 179
tree 984 3480 28 0 179
fre 1100 3460 148 179 179
fre 1116 3476 233 179 179
stand 1192 3464 65 0 179
fre 1212 3460 233 179 179
fre 1244 3484 233 179 179
fre 1260 3468 233 179 179
fre 1284 3468 233 179 179
fre 1348 3484 233 179 179
fre 1444 3484 209 179 179
fre 1484 3476 233 179 179
fre 1692 3484 234 179 179
fre 1700 3476 149 179 179
fre 1732 3468 209 179 179
fre 1860 3468 233 179 179
tree 1912 3464 43 0 179
fre 1892 3460 233 179 179
fre 1980 3460 233 179 179
tree 1992 3480 44 0 179
fre 2076 3484 142 179 179
stand 2136 3480 0 0 179
fre 2412 3460 233 179 179
fre 2516 3460 233 179 179
tree 2776 3464 50 0 179
tree 2760 3480 23 0 179
fre 2796 3460 234 179 179
fre 2788 3484 233 179 179
fre 2844 3460 233 179 179
fre 2860 3476 233 179 179
fre 3036 3460 234 179 179
fre 3148 3460 233 179 179
fre 3396 3476 233 179 179
zabor 3504 3472 105 2 8
fre 3740 3484 233 179 179
fre 3764 3460 233 179 179
fre 3876 3484 233 179 179
fre 3948 3476 234 179 179
trop 164 3500 72 179 179
trop 244 3492 72 179 179
fre 236 3516 234 179 179
trop 284 3508 72 179 179
fre 268 3508 234 179 179
fre 324 3508 234 179 179
fre 476 3508 150 179 179
tree 488 3512 15 0 179
stand 616 3496 89 0 179
stand 776 3496 89 0 179
fre 884 3492 233 179 179
stand 904 3496 66 0 179
stand 968 3496 66 0 179
fre 1100 3508 148 179 179
stand 1208 3512 65 0 179
fre 1204 3500 233 179 179
fre 1204 3516 231 179 179
fre 1244 3508 233 179 179
fre 1268 3516 233 179 179
tree 1336 3496 50 0 179
fre 1356 3492 234 179 179
fre 1348 3516 233 179 179
fre 1404 3492 233 179 179
dom 1408 3488 17 1 179
fre 1420 3508 233 179 179
fre 1596 3492 234 179 179
fre 1724 3500 234 179 179
stand 2040 3496 5 0 179
tree 2104 3496 49 0 179
fre 2132 3500 149 179 179
stand 2168 3512 5 0 179
fre 2148 3492 150 179 179
fre 2364 3516 234 179 179
fre 2428 3516 98 179 179
fre 2436 3508 234 179 179
fre 2476 3492 233 179 179
fre 2540 3508 233 179 179
fre 2732 3508 233 179 179
fre 2764 3508 234 179 179
fre 2900 3500 233 179 179
fre 2884 3492 233 179 179
fre 2948 3492 233 179 179
fre 2972 3500 233 179 179
fre 3164 3516 233 179 179
fre 3172 3500 233 179 179
fre 3396 3500 233 179 179
zabor 3472 3504 104 2 8
zabor 3504 3504 104 2 8
zabor 3568 3504 66 1 8
stand 3576 3512 85 0 179
fre 3556 3492 160 179 179
zabor 3600 3504 65 1 8
stand 3608 3512 76 0 179
stand 3592 3512 76 0 179
fre 3596 3516 160 179 179
zabor 3632 3504 65 1 8
stand 3624 3512 76 0 179
stand 3640 3512 76 0 179
zabor 3728 3504 65 1 8
stand 3736 3512 76 0 179
stand 3720 3512 76 0 179
zabor 3760 3504 66 1 8
stand 3768 3512 82 0 179
stand 3752 3512 76 0 179
zabor 3792 3504 66 1 8
dom 3808 3488 78 0 179
trop 196 3548 72 179 179
trop 268 3532 72 179 179
fre 444 3540 149 179 179
stand 424 3528 89 0 179
fre 540 3532 230 179 179
stand 536 3544 81 0 179
tree 552 3528 10 0 179
fre 628 3540 234 179 179
trop 668 3532 72 179 179
fre 804 3540 233 179 179
stand 888 3544 3 0 179
fre 908 3524 233 179 179
fre 940 3548 231 179 179
fre 964 3532 233 179 179
stand 968 3544 105 0 179
fre 1188 3548 233 179 179
fre 1220 3540 233 179 179
stand 1224 3544 105 0 179
fre 1268 3548 233 179 179
stand 1288 3544 65 0 179
fre 1292 3540 233 179 179
fre 1460 3532 233 179 179
fre 1444 3524 233 179 179
fre 1508 3524 233 179 179
fre 1532 3532 233 179 179
fre 1804 3540 234 179 179
fre 1908 3548 233 179 179
fre 1980 3532 233 179 179
fre 1980 3540 233 179 179
fre 2028 3532 233 179 179
fre 2068 3532 233 179 179
fre 2180 3540 234 179 179
fre 2236 3540 149 179 179
fre 2268 3524 149 179 179
fre 2572 3540 233 179 179
fre 2652 3532 233 179 179
fre 2700 3524 233 179 179
fre 2804 3524 233 179 179
fre 3028 3524 233 179 179
fre 3060 3548 233 179 179
fre 3116 3524 233 179 179
fre 3308 3532 233 179 179
fre 3348 3532 233 179 179
fre 3420 3524 233 179 179
zabor 3504 3536 104 2 8
zabor 3568 3536 64 1 8
stand 3576 3528 75 0 179
stand 3576 3544 75 0 179
stand 3768 3528 68 0 179
stand 3768 3544 68 0 179
zabor 3792 3536 74 1 9
tree 3864 3544 46 0 179
trop 196 3580 72 179 179
trop 300 3564 74 179 179
fre 404 3556 234 179 179
trop 620 3564 72 179 179
fre 740 3556 234 179 179
fre 1260 3556 233 179 179
fre 1292 3564 233 179 179
fre 1364 3556 233 179 179
stand 1544 3576 65 0 179
fre 1620 3564 149 179 179
fre 1628 3564 209 179 179
fre 1828 3564 234 179 179
tree 1944 3576 33 0 179
tree 1976 3576 30 0 179
fre 2596 3564 233 179 179
fre 2724 3572 234 179 179
fre 2764 3556 233 179 179
fre 2828 3572 233 179 179
fre 3052 3572 234 179 179
fre 3076 3556 233 179 179
fre 3204 3572 233 179 179
fre 3260 3564 233 179 179
fre 3284 3556 233 179 179
fre 3404 3580 233 179 179
fre 3396 3580 233 179 179
fre 3508 3572 233 179 179
zabor 3568 3568 65 1 8
stand 3576 3560 75 0 179
stand 3576 3576 75 0 179
lay 3640 3576 96 0 179
dom 3616 3552 67 0 179
dom 3712 3552 65 0 179
stand 3768 3560 68 0 179
stand 3768 3576 68 0 179
zabor 3792 3568 64 1 8
fre 284 3604 234 179 179
trop 340 3604 72 179 179
fre 500 3604 149 179 179
fre 572 3612 150 179 179
fre 628 3612 150 179 179
trop 644 3604 72 179 179
trop 652 3612 72 179 179
fre 732 3612 234 179 179
fre 756 3604 234 179 179
fre 1028 3612 150 179 179
fre 1132 3604 148 179 179
fre 1220 3612 233 179 179
fre 1276 3612 233 179 179
fre 1284 3604 234 179 179
fre 1316 3604 233 179 179
fre 1324 3588 233 179 179
fre 1388 3604 233 179 179
stand 1576 3592 66 0 179
fre 1612 3604 234 179 179
fre 1676 3604 149 179 179
tree 1928 3608 14 0 179
tree 1928 3592 48 0 179
fre 1924 3596 234 179 179
stand 1976 3608 5 0 179
tree 1960 3608 49 0 179
fre 2324 3612 149 179 179
fre 2516 3596 233 179 179
fre 2540 3588 233 179 179
tree 2632 3592 47 0 179
fre 2756 3588 234 179 179
fre 2860 3604 233 179 179
fre 2940 3596 233 179 179
fre 3028 3604 233 179 179
fre 3164 3612 231 179 179
fre 3180 3588 233 179 179
fre 3228 3604 233 179 179
fre 3372 3596 233 179 179
fre 3444 3596 233 179 179
fre 3460 3612 233 179 179
zabor 3504 3600 104 2 8
fre 3532 3604 233 179 179
zabor 3568 3600 66 1 8
stand 3576 3592 75 0 179
stand 3576 3608 83 0 179
stand 3608 3608 71 0 179
stand 3592 3608 71 0 179
fre 3588 3596 233 179 179
stand 3624 3608 71 0 179
stand 3640 3608 71 0 179
stand 3672 3608 71 0 179
stand 3656 3608 71 0 179
fre 3652 3604 232 179 179
fre 3676 3588 232 179 179
stand 3704 3608 71 0 179
stand 3688 3608 71 0 179
stand 3736 3608 71 0 179
stand 3720 3608 71 0 179
stand 3768 3592 68 0 179
stand 3752 3608 71 0 179
stand 3768 3608 84 0 179
zabor 3792 3600 66 1 8
tree 3880 3592 47 0 179
fre 3884 3596 234 179 179
trop 308 3628 72 179 179
fre 308 3636 234 179 179
trop 364 3620 73 179 179
tree 504 3624 8 0 179
tree 504 3640 47 0 179
fre 492 3636 234 179 179
fre 812 3636 234 179 179
fre 892 3628 233 179 179
fre 1196 3628 231 179 179
fre 1244 3628 233 179 179
fre 1252 3636 233 179 179
fre 1404 3620 233 179 179
fre 1420 3636 233 179 179
fre 1500 3628 233 179 179
stand 1528 3640 104 0 179
stand 1608 3640 104 0 179
stand 1752 3640 104 0 179
fre 1732 3620 234 179 179
stand 1784 3640 65 0 179
stand 1800 3624 66 0 179
tree 1944 3624 43 0 179
fre 2036 3628 232 179 179
fre 2148 3628 233 179 179
fre 2212 3628 233 179 179
fre 2436 3628 234 179 179
fre 2516 3620 234 179 179
tree 2600 3624 46 0 179
fre 2732 3620 234 179 179
fre 2724 3636 234 179 179
fre 2884 3628 233 179 179
fre 3028 3636 233 179 179
fre 3164 3644 233 179 179
fre 3204 3620 233 179 179
fre 3276 3644 233 179 179
zabor 3472 3632 104 2 8
zabor 3504 3632 104 2 8
zabor 3568 3632 74 1 9
zabor 3600 3632 66 1 8
zabor 3632 3632 66 1 8
zabor 3664 3632 65 1 8
fre 3668 3628 232 179 179
zabor 3696 3632 64 1 8
zabor 3728 3632 65 1 8
zabor 3760 3632 66 1 8
zabor 3792 3632 64 1 8
tree 3784 3640 49 0 179
fre 3804 3628 232 179 179
stand 3816 3624 0 0 179
fre 3836 3644 150 179 179
stand 3848 3640 5 0 179
stand 3896 3624 5 0 179
fre 3884 3636 148 179 179
fre 3900 3636 230 179 179
fre 3924 3628 230 179 179
fre 3908 3628 230 179 179
trop 396 3660 72 179 179
fre 404 3676 234 179 179
trop 428 3676 73 179 179
fre 540 3668 150 179 179
fre 636 3660 234 179 179
fre 812 3668 233 179 179
fre 924 3676 234 179 179
fre 1220 3652 233 179 179
fre 1332 3668 233 179 179
fre 1364 3652 233 179 179
fre 1444 3660 233 179 179
stand 1512 3656 65 0 179
stand 1768 3672 65 0 179
fre 1812 3660 234 179 179
stand 1864 3672 65 0 179
fre 2100 3660 234 179 179
fre 2444 3676 233 179 179
fre 2444 3652 234 179 179
fre 2508 3668 233 179 179
fre 2500 3676 233 179 179
tree 2536 3672 43 0 179
tree 2616 3672 47 0 179
fre 2596 3652 233 179 179
fre 2804 3660 233 179 179
fre 2828 3652 233 179 179
tree 2872 3656 8 0 179
fre 3044 3652 234 179 179
fre 3116 3652 233 179 179
fre 3284 3652 233 179 179
fre 3388 3676 233 179 179
fre 3476 3676 234 179 179
zabor 3504 3664 104 2 8
fre 3612 3676 233 179 179
tree 3592 3672 50 0 179
tree 3608 3656 47 0 179
tree 3656 3672 49 0 179
fre 3652 3676 230 179 179
stand 3688 3656 0 0 179
fre 3708 3676 150 179 179
stand 3720 3672 5 0 179
fre 3716 3676 232 179 179
stand 3768 3656 5 0 179
fre 3756 3652 232 179 179
fre 3780 3652 230 179 179
tree 3816 3672 46 0 179
tree 3832 3656 50 0 179
fre 3820 3660 150 179 179
fre 3860 3652 150 179 179
tree 3880 3656 46 0 179
fre 3900 3652 148 179 179
tree 3928 3672 43 0 179
fre 3948 3652 150 179 179
trop 468 3684 72 179 179
trop 484 3708 72 179 179
fre 692 3700 234 179 179
fre 1020 3692 150 179 179
fre 1236 3692 233 179 179
fre 1284 3700 233 179 179
fre 1364 3692 233 179 179
fre 1388 3684 233 179 179
tree 1480 3688 47 0 179
fre 1604 3684 234 179 179
fre 1652 3684 234 179 179
stand 1848 3688 104 0 179
fre 1940 3684 232 179 179
fre 2084 3708 232 179 179
fre 2180 3692 233 179 179
fre 2660 3700 234 179 179
fre 2748 3700 234 179 179
fre 2724 3692 234 179 179
fre 2804 3684 234 179 179
fre 3020 3684 234 179 179
fre 3012 3700 234 179 179
fre 3020 3692 233 179 179
tree 3304 3688 46 0 179
fre 3452 3684 233 179 179
fre 3428 3708 233 179 179
zabor 3504 3696 104 2 8
fre 3540 3692 233 179 179
zabor 3536 3696 104 2 8
fre 3572 3708 230 179 179
fre 3588 3700 230 179 179
fre 3628 3692 232 179 179
tree 3688 3704 46 0 179
tree 3704 3688 50 0 179
fre 3692 3692 150 179 179
fre 3732 3684 150 179 179
tree 3720 3704 49 0 179
fre 3716 3700 230 179 179
tree 3752 3688 46 0 179
stand 3752 3688 0 0 179
fre 3772 3708 150 179 179
stand 3800 3688 0 0 179
stand 3784 3704 5 0 179
fre 3804 3692 232 179 179
fre 3820 3684 150 179 179
stand 3832 3688 5 0 179
tree 3912 3704 44 0 179
fre 3908 3692 234 179 179
tree 3944 3688 31 0 179
fre 236 3724 234 179 179
tree 328 3720 47 0 179
trop 468 3724 72 179 179
trop 508 3732 72 179 179
trop 580 3716 72 179 179
fre 580 3740 234 179 179
fre 748 3724 234 179 179
fre 1068 3716 150 179 179
fre 1116 3724 233 179 179
fre 1140 3732 233 179 179
dom 1280 3712 68 0 179
fre 1284 3724 234 179 179
fre 1364 3716 234 179 179
tree 1448 3720 46 0 179
fre 1580 3716 234 179 179
fre 1572 3732 234 179 179
fre 1676 3732 149 179 179
fre 1772 3732 234 179 179
stand 1896 3736 66 0 179
fre 1900 3724 232 179 179
fre 1988 3732 232 179 179
tree 2184 3720 45 0 179
tree 2248 3736 44 0 179
fre 2308 3724 234 179 179
fre 2468 3724 233 179 179
fre 2532 3724 233 179 179
tree 2600 3720 45 0 179
fre 2732 3740 233 179 179
fre 2732 3716 234 179 179
fre 2796 3732 233 179 179
fre 2788 3740 233 179 179
tree 2824 3736 43 0 179
fre 2884 3716 233 179 179
fre 3100 3724 233 179 179
fre 3140 3740 233 179 179
fre 3380 3732 233 179 179
fre 3540 3740 234 179 179
fre 3596 3732 232 179 179
fre 3596 3716 230 179 179
stand 3672 3720 0 0 179
tree 3672 3736 45 0 179
fre 3668 3740 232 179 179
fre 3652 3740 232 179 179
tree 3688 3736 47 0 179
tree 3752 3736 46 0 179
tree 3768 3720 50 0 179
fre 3756 3724 150 179 179
tree 3784 3736 44 0 179
fre 3796 3716 150 179 179
fre 3868 3740 142 179 179
tree 3864 3736 43 0 179
tree 3864 3720 19 0 179
fre 3884 3716 150 179 179
stand 3928 3736 0 0 179
fre 3948 3724 234 179 179
tree 248 3752 9 0 179
tree 360 3768 46 0 179
trop 484 3748 73 179 179
fre 484 3756 234 179 179
trop 604 3756 72 179 179
fre 628 3764 234 179 179
fre 644 3748 234 179 179
trop 756 3764 72 179 179
fre 772 3756 148 179 179
trop 772 3772 72 179 179
fre 820 3772 234 179 179
fre 1196 3748 233 179 179
trop 1236 3748 96 179 179
fre 1292 3772 233 179 179
fre 1292 3748 234 179 179
lay 1320 3752 96 0 179
stand 1336 3752 34 0 179
fre 1356 3764 233 179 179
fre 1348 3772 233 179 179
fre 1444 3748 233 179 179
fre 2004 3764 232 179 179
fre 2148 3756 234 179 179
fre 2420 3756 234 179 179
fre 2460 3756 234 179 179
fre 2748 3772 234 179 179
fre 2948 3764 234 179 179
fre 3036 3764 234 179 179
fre 3044 3764 233 179 179
fre 3204 3764 233 179 179
fre 3212 3748 233 179 179
fre 3276 3764 233 179 179
fre 3332 3764 233 179 179
fre 3404 3772 233 179 179
fre 3404 3764 233 179 179
fre 3452 3764 149 179 179
fre 3476 3772 150 179 179
fre 3468 3748 233 179 179
tree 3496 3768 49 0 179
fre 3516 3748 233 179 179
tree 3528 3768 49 0 179
stand 3528 3752 0 0 179
fre 3548 3772 150 179 179
stand 3560 3752 0 0 179
fre 3580 3772 150 179 179
stand 3560 3768 5 0 179
stand 3592 3768 5 0 179
stand 3608 3752 5 0 179
fre 3604 3756 234 179 179
stand 3640 3752 5 0 179
tree 3624 3768 49 0 179
fre 3636 3772 234 179 179
tree 3640 3752 4 0 179
tree 3656 3768 44 0 179
stand 3656 3752 0 0 179
fre 3676 3772 150 179 179
tree 3672 3768 17 0 179
stand 3688 3768 5 0 179
fre 3740 3772 142 179 179
stand 3736 3752 0 0 179
tree 3736 3768 45 0 179
tree 3752 3768 47 0 179
fre 3748 3772 232 179 179
stand 3800 3768 0 0 179
fre 3820 3748 232 179 179
tree 3848 3768 44 0 179
tree 3864 3752 23 0 179
tree 3896 3752 49 0 179
tree 3880 3752 31 0 179
stand 3960 3768 5 0 179
fre 3940 3748 150 179 179
fre 220 3796 234 179 179
tree 248 3784 10 0 179
tree 264 3784 47 0 179
fre 284 3780 147 179 179
tree 296 3784 1 0 179
fre 364 3804 147 179 179
trop 540 3780 72 179 179
trop 532 3796 72 179 179
trop 548 3780 72 179 179
trop 548 3796 72 179 179
trop 588 3796 72 179 179
fre 636 3804 234 179 179
fre 628 3788 234 179 179
trop 676 3796 72 179 179
trop 748 3796 72 179 179
fre 892 3796 150 179 179
fre 1004 3796 150 179 179
fre 1116 3796 233 179 179
fre 1124 3796 233 179 179
fre 1180 3780 233 179 179
fre 1212 3804 233 179 179
fre 1228 3788 233 179 179
fre 1252 3788 233 179 179
fre 1508 3796 234 179 179
fre 1596 3796 234 179 179
fre 1820 3788 234 179 179
fre 1916 3788 232 179 179
tree 2264 3784 50 0 179
fre 2500 3788 233 179 179
fre 2756 3788 233 179 179
fre 2820 3788 233 179 179
fre 3396 3796 233 179 179
tree 3528 3800 46 0 179
tree 3544 3784 50 0 179
fre 3532 3788 150 179 179
tree 3560 3800 46 0 179
tree 3576 3784 50 0 179
fre 3564 3788 150 179 179
fre 3572 3780 150 179 179
fre 3604 3780 150 179 179
tree 3592 3784 46 0 179
tree 3624 3784 46 0 179
tree 3640 3800 43 0 179
tree 3672 3800 43 0 179
fre 3660 3780 150 179 179
tree 3656 3800 46 0 179
tree 3672 3784 50 0 179
fre 3660 3788 150 179 179
fre 3692 3780 150 179 179
fre 3700 3780 150 179 179
tree 3720 3800 44 0 179
tree 3720 3784 46 0 179
fre 3732 3788 234 179 179
fre 3716 3780 232 179 179
tree 3768 3784 49 0 179
tree 3768 3800 43 0 179
fre 3804 3804 142 179 179
fre 3788 3780 150 179 179
stand 3832 3800 5 0 179
fre 3812 3780 150 179 179
stand 3864 3800 0 0 179
fre 3860 3780 232 179 179
fre 3852 3804 232 179 179
tree 3880 3800 45 0 179
tree 3896 3800 33 0 179
fre 3948 3804 150 179 179
fre 3988 3780 234 179 179
tree 232 3816 8 0 179
tree 280 3816 30 0 179
fre 332 3820 147 179 179
tree 392 3816 47 0 179
trop 556 3828 72 179 179
trop 556 3836 72 179 179
trop 556 3812 72 179 179
fre 596 3836 234 179 179
trop 636 3820 72 179 179
fre 756 3820 148 179 179
trop 756 3820 72 179 179
fre 972 3836 148 179 179
fre 1076 3836 233 179 179
fre 1172 3820 233 179 179
fre 1212 3828 233 179 179
fre 1236 3836 233 179 179
fre 1316 3820 233 179 179
fre 1380 3820 233 179 179
tree 1448 3816 45 0 179
fre 1724 3820 234 179 179
fre 1940 3828 232 179 179
fre 1924 3812 232 179 179
fre 2044 3828 232 179 179
fre 2084 3812 232 179 179
fre 2140 3836 232 179 179
fre 2228 3820 234 179 179
fre 2628 3820 234 179 179
fre 2708 3820 234 179 179
fre 2748 3820 234 179 179
fre 3036 3836 234 179 179
fre 3164 3836 233 179 179
fre 3172 3820 233 179 179
fre 3332 3828 233 179 179
fre 3396 3820 233 179 179
stand 3512 3816 0 0 179
stand 3544 3816 0 0 179
tree 3544 3832 45 0 179
tree 3528 3832 47 0 179
tree 3560 3832 47 0 179
tree 3624 3832 44 0 179
stand 3640 3816 0 0 179
tree 3640 3832 45 0 179
tree 3656 3832 44 0 179
tree 3656 3816 31 0 179
tree 3688 3816 31 0 179
tree 3752 3832 44 0 179
tree 3784 3816 31 0 179
tree 3880 3832 49 0 179
stand 3896 3832 5 0 179
fre 3876 3812 150 179 179
tree 3880 3816 26 0 179
stand 3912 3816 0 0 179
fre 3932 3836 150 179 179
stand 3944 3832 5 0 179
stand 3992 3816 5 0 179
fre 3988 3836 234 179 179
tree 344 3848 47 0 179
trop 508 3860 72 179 179
trop 540 3860 72 179 179
trop 532 3852 72 179 179
trop 572 3860 72 179 179
fre 556 3852 234 179 179
trop 604 3844 72 179 179
fre 604 3868 234 179 179
fre 732 3844 234 179 179
trop 740 3844 72 179 179
trop 756 3844 72 179 179
fre 812 3868 234 179 179
fre 1156 3868 233 179 179
fre 1188 3860 233 179 179
fre 1236 3868 233 179 179
fre 1260 3860 233 179 179
fre 1268 3852 234 179 179
fre 1308 3852 234 179 179
fre 1596 3868 234 179 179
fre 1892 3868 232 179 179
fre 2484 3852 234 179 179
fre 2468 3852 234 179 179
tree 2712 3864 12 0 179
fre 2788 3852 233 179 179
fre 3028 3844 233 179 179
fre 3060 3868 233 179 179
fre 3116 3844 233 179 179
fre 3420 3844 233 179 179
tree 3496 3864 44 0 179
tree 3528 3864 44 0 179
fre 3540 3860 234 179 179
fre 3580 3868 142 179 179
fre 3556 3852 234 179 179
fre 3612 3868 142 179 179
stand 3640 3864 0 0 179
tree 3624 3864 44 0 179
stand 3672 3864 0 0 179
fre 3708 3868 142 179 179
stand 3768 3864 0 0 179
tree 3784 3864 49 0 179
stand 3816 3848 0 0 179
fre 3836 3868 150 179 179
stand 3848 3864 5 0 179
stand 3896 3848 5 0 179
fre 3892 3844 234 179 179
tree 3912 3864 46 0 179
tree 3928 3848 50 0 179
fre 3916 3852 150 179 179
fre 3956 3844 150 179 179
tree 3976 3848 46 0 179
fre 236 3900 147 179 179
tree 264 3896 47 0 179
fre 308 3876 147 179 179
tree 328 3896 46 0 179
fre 324 3892 147 179 179
trop 540 3900 72 179 179
trop 588 3884 72 179 179
trop 596 3900 72 179 179
trop 644 3884 72 179 179
fre 660 3892 234 179 179
trop 804 3876 72 179 179
fre 844 3884 148 179 179
fre 1012 3884 148 179 179
trop 1196 3892 72 179 179
fre 1260 3884 233 179 179
fre 1348 3884 233 179 179
fre 1644 3892 149 179 179
fre 1956 3884 232 179 179
fre 2204 3900 234 179 179
tree 2792 3880 45 0 179
tree 2856 3896 44 0 179
tree 2856 3880 6 0 179
fre 2916 3884 234 179 179
fre 3204 3892 233 179 179
fre 3284 3876 233 179 179
fre 3460 3876 234 179 179
fre 3508 3876 230 179 179
tree 3608 3880 49 0 179
tree 3640 3880 49 0 179
tree 3656 3896 49 0 179
stand 3672 3896 5 0 179
fre 3652 3876 150 179 179
fre 3676 3884 234 179 179
stand 3688 3880 0 0 179
fre 3708 3900 150 179 179
stand 3704 3896 5 0 179
fre 3684 3876 150 179 179
stand 3720 3896 5 0 179
tree 3736 3880 49 0 179
stand 3768 3880 5 0 179
stand 3800 3896 5 0 179
fre 3780 3876 150 179 179
fre 3804 3876 234 179 179
tree 3816 3896 46 0 179
tree 3832 3880 50 0 179
fre 3820 3884 150 179 179
fre 3860 3876 150 179 179
tree 3880 3880 46 0 179
stand 3896 3880 0 0 179
tree 3896 3896 45 0 179
tree 3928 3896 43 0 179
tree 3912 3896 47 0 179
fre 3916 3876 149 179 179
fre 3948 3876 150 179 179
fre 436 3924 209 179 179
trop 508 3916 72 179 179
trop 532 3932 72 179 179
trop 612 3932 72 179 179
trop 972 3908 116 179 179
trop 980 3924 153 179 179
fre 1020 3916 233 179 179
trop 996 3908 94 179 179
fre 1044 3924 233 179 179
fre 1188 3932 233 179 179
fre 1244 3932 233 179 179
fre 1284 3924 233 179 179
tree 1416 3928 44 0 179
fre 1476 3916 234 179 179
fre 1748 3916 234 179 179
fre 1900 3916 232 179 179
fre 2036 3924 232 179 179
fre 2100 3908 232 179 179
fre 2196 3916 232 179 179
fre 2772 3916 234 179 179
fre 2756 3916 234 179 179
fre 2900 3932 149 179 179
fre 3164 3932 231 179 179
fre 3228 3924 233 179 179
tree 3624 3928 49 0 179
stand 3656 3912 0 0 179
fre 3676 3932 150 179 179
tree 3688 3928 46 0 179
tree 3704 3912 50 0 179
fre 3692 3916 150 179 179
stand 3688 3928 5 0 179
fre 3732 3908 150 179 179
stand 3736 3912 5 0 179
tree 3752 3912 46 0 179
stand 3800 3912 0 0 179
tree 3800 3928 45 0 179
tree 3816 3928 47 0 179
fre 3820 3908 150 179 179
tree 3880 3928 44 0 179
tree 3912 3928 44 0 179
tree 3944 3912 31 0 179
fre 3964 3932 142 179 179
fre 508 3956 210 179 179
trop 516 3964 72 179 179
trop 540 3956 72 179 179
trop 548 3964 72 179 179
fre 564 3940 209 179 179
trop 620 3956 72 179 179
fre 724 3940 234 179 179
trop 796 3948 72 179 179
fre 860 3948 233 179 179
fre 884 3956 233 179 179
fre 1004 3948 148 179 179
trop 1068 3964 72 179 179
fre 1220 3956 233 179 179
fre 1332 3948 234 179 179
fre 1316 3948 234 179 179
fre 1372 3940 233 179 179
tree 1560 3960 12 0 179
tree 1576 3960 10 0 179
fre 1748 3964 150 179 179
fre 1844 3940 232 179 179
fre 1876 3940 234 179 179
fre 1868 3964 234 179 179
fre 2108 3948 232 179 179
fre 2268 3956 234 179 179
fre 2380 3964 233 179 179
fre 2556 3956 233 179 179
fre 2540 3964 233 179 179
fre 2628 3956 233 179 179
fre 3340 3948 149 179 179
fre 3620 3940 234 179 179
stand 3672 3944 0 0 179
tree 3672 3960 45 0 179
tree 3656 3960 46 0 179
tree 3672 3944 50 0 179
fre 3660 3948 150 179 179
tree 3688 3960 47 0 179
fre 3700 3940 150 179 179
tree 3720 3944 46 0 179
tree 3768 3960 43 0 179
tree 3784 3960 44 0 179
fre 3788 3940 150 179 179
tree 3816 3944 31 0 179
fre 3868 3964 142 179 179
fre 3852 3956 234 179 179
tree 3896 3960 11 0 179
stand 3928 3960 0 0 179
trop 500 3972 72 179 179
trop 556 3972 72 179 179
fre 596 3996 234 179 179
trop 636 3980 72 179 179
trop 724 3980 72 179 179
trop 972 3972 72 179 179
fre 1812 3996 232 179 179
fre 1924 3988 232 179 179
fre 2444 3972 233 179 179
fre 2492 3972 233 179 179
fre 2820 3996 233 179 179
fre 2948 3996 233 179 179
stand 3640 3976 0 0 179
tree 3640 3992 45 0 179
tree 3656 3992 44 0 179
fre 3700 3980 234 179 179
fre 3740 3996 142 179 179
tree 3752 3992 44 0 179
stand 3800 3992 0 0 179
tree 3784 3976 31 0 179
tree 3896 3976 49 0 179
fre 3900 3988 234 179 179
